[2025-08-13T03:24:49.683+0000] {processor.py:157} INFO - Started process (PID=4761) to work on /workspaces/hands-on-introduction-data-engineering-4395021/airflow_env/lib/python3.10/site-packages/airflow/example_dags/example_subdag_operator.py
[2025-08-13T03:24:49.684+0000] {processor.py:826} INFO - Processing file /workspaces/hands-on-introduction-data-engineering-4395021/airflow_env/lib/python3.10/site-packages/airflow/example_dags/example_subdag_operator.py for tasks to queue
[2025-08-13T03:24:49.685+0000] {logging_mixin.py:150} INFO - [2025-08-13T03:24:49.684+0000] {dagbag.py:541} INFO - Filling up the DagBag from /workspaces/hands-on-introduction-data-engineering-4395021/airflow_env/lib/python3.10/site-packages/airflow/example_dags/example_subdag_operator.py
[2025-08-13T03:24:49.700+0000] {processor.py:836} INFO - DAG(s) dict_keys(['example_subdag_operator.section-1', 'example_subdag_operator.section-2', 'example_subdag_operator']) retrieved from /workspaces/hands-on-introduction-data-engineering-4395021/airflow_env/lib/python3.10/site-packages/airflow/example_dags/example_subdag_operator.py
[2025-08-13T03:24:49.817+0000] {logging_mixin.py:150} INFO - [2025-08-13T03:24:49.817+0000] {manager.py:504} INFO - Created Permission View: can read on DAG:example_subdag_operator
[2025-08-13T03:24:49.826+0000] {logging_mixin.py:150} INFO - [2025-08-13T03:24:49.826+0000] {manager.py:504} INFO - Created Permission View: can edit on DAG:example_subdag_operator
[2025-08-13T03:24:49.832+0000] {logging_mixin.py:150} INFO - [2025-08-13T03:24:49.832+0000] {manager.py:504} INFO - Created Permission View: can delete on DAG:example_subdag_operator
[2025-08-13T03:24:49.839+0000] {logging_mixin.py:150} INFO - [2025-08-13T03:24:49.839+0000] {dag.py:2742} INFO - Sync 3 DAGs
[2025-08-13T03:24:49.846+0000] {logging_mixin.py:150} INFO - [2025-08-13T03:24:49.846+0000] {dag.py:2763} INFO - Creating ORM DAG for example_subdag_operator
[2025-08-13T03:24:49.846+0000] {logging_mixin.py:150} INFO - [2025-08-13T03:24:49.846+0000] {dag.py:2763} INFO - Creating ORM DAG for example_subdag_operator.section-2
[2025-08-13T03:24:49.847+0000] {logging_mixin.py:150} INFO - [2025-08-13T03:24:49.847+0000] {dag.py:2763} INFO - Creating ORM DAG for example_subdag_operator.section-1
[2025-08-13T03:24:49.853+0000] {logging_mixin.py:150} INFO - [2025-08-13T03:24:49.853+0000] {dag.py:3504} INFO - Setting next_dagrun for example_subdag_operator to 2022-01-01T00:00:00+00:00, run_after=2022-01-01T00:00:00+00:00
[2025-08-13T03:24:49.853+0000] {logging_mixin.py:150} INFO - [2025-08-13T03:24:49.853+0000] {dag.py:3504} INFO - Setting next_dagrun for example_subdag_operator.section-1 to None, run_after=None
[2025-08-13T03:24:49.854+0000] {logging_mixin.py:150} INFO - [2025-08-13T03:24:49.854+0000] {dag.py:3504} INFO - Setting next_dagrun for example_subdag_operator.section-2 to None, run_after=None
[2025-08-13T03:24:49.859+0000] {logging_mixin.py:150} INFO - [2025-08-13T03:24:49.859+0000] {dag.py:2742} INFO - Sync 2 DAGs
[2025-08-13T03:24:49.863+0000] {logging_mixin.py:150} INFO - [2025-08-13T03:24:49.863+0000] {dag.py:3504} INFO - Setting next_dagrun for example_subdag_operator.section-1 to None, run_after=None
[2025-08-13T03:24:49.864+0000] {logging_mixin.py:150} INFO - [2025-08-13T03:24:49.864+0000] {dag.py:3504} INFO - Setting next_dagrun for example_subdag_operator.section-2 to None, run_after=None
[2025-08-13T03:24:49.878+0000] {processor.py:179} INFO - Processing /workspaces/hands-on-introduction-data-engineering-4395021/airflow_env/lib/python3.10/site-packages/airflow/example_dags/example_subdag_operator.py took 0.196 seconds
[2025-08-13T03:25:37.557+0000] {processor.py:157} INFO - Started process (PID=5132) to work on /workspaces/hands-on-introduction-data-engineering-4395021/airflow_env/lib/python3.10/site-packages/airflow/example_dags/example_subdag_operator.py
[2025-08-13T03:25:37.557+0000] {processor.py:826} INFO - Processing file /workspaces/hands-on-introduction-data-engineering-4395021/airflow_env/lib/python3.10/site-packages/airflow/example_dags/example_subdag_operator.py for tasks to queue
[2025-08-13T03:25:37.558+0000] {logging_mixin.py:150} INFO - [2025-08-13T03:25:37.558+0000] {dagbag.py:541} INFO - Filling up the DagBag from /workspaces/hands-on-introduction-data-engineering-4395021/airflow_env/lib/python3.10/site-packages/airflow/example_dags/example_subdag_operator.py
[2025-08-13T03:25:37.572+0000] {processor.py:836} INFO - DAG(s) dict_keys(['example_subdag_operator.section-1', 'example_subdag_operator.section-2', 'example_subdag_operator']) retrieved from /workspaces/hands-on-introduction-data-engineering-4395021/airflow_env/lib/python3.10/site-packages/airflow/example_dags/example_subdag_operator.py
[2025-08-13T03:25:37.584+0000] {logging_mixin.py:150} INFO - [2025-08-13T03:25:37.584+0000] {dag.py:2742} INFO - Sync 3 DAGs
[2025-08-13T03:25:37.598+0000] {logging_mixin.py:150} INFO - [2025-08-13T03:25:37.597+0000] {dag.py:3504} INFO - Setting next_dagrun for example_subdag_operator to 2022-01-01T00:00:00+00:00, run_after=2022-01-01T00:00:00+00:00
[2025-08-13T03:25:37.600+0000] {logging_mixin.py:150} INFO - [2025-08-13T03:25:37.599+0000] {dag.py:3504} INFO - Setting next_dagrun for example_subdag_operator.section-1 to None, run_after=None
[2025-08-13T03:25:37.600+0000] {logging_mixin.py:150} INFO - [2025-08-13T03:25:37.600+0000] {dag.py:3504} INFO - Setting next_dagrun for example_subdag_operator.section-2 to None, run_after=None
[2025-08-13T03:25:37.604+0000] {logging_mixin.py:150} INFO - [2025-08-13T03:25:37.604+0000] {dag.py:2742} INFO - Sync 2 DAGs
[2025-08-13T03:25:37.607+0000] {logging_mixin.py:150} INFO - [2025-08-13T03:25:37.607+0000] {dag.py:3504} INFO - Setting next_dagrun for example_subdag_operator.section-1 to None, run_after=None
[2025-08-13T03:25:37.607+0000] {logging_mixin.py:150} INFO - [2025-08-13T03:25:37.607+0000] {dag.py:3504} INFO - Setting next_dagrun for example_subdag_operator.section-2 to None, run_after=None
[2025-08-13T03:25:37.618+0000] {processor.py:179} INFO - Processing /workspaces/hands-on-introduction-data-engineering-4395021/airflow_env/lib/python3.10/site-packages/airflow/example_dags/example_subdag_operator.py took 0.063 seconds
[2025-08-13T03:26:22.198+0000] {processor.py:157} INFO - Started process (PID=5433) to work on /workspaces/hands-on-introduction-data-engineering-4395021/airflow_env/lib/python3.10/site-packages/airflow/example_dags/example_subdag_operator.py
[2025-08-13T03:26:22.199+0000] {processor.py:826} INFO - Processing file /workspaces/hands-on-introduction-data-engineering-4395021/airflow_env/lib/python3.10/site-packages/airflow/example_dags/example_subdag_operator.py for tasks to queue
[2025-08-13T03:26:22.199+0000] {logging_mixin.py:150} INFO - [2025-08-13T03:26:22.199+0000] {dagbag.py:541} INFO - Filling up the DagBag from /workspaces/hands-on-introduction-data-engineering-4395021/airflow_env/lib/python3.10/site-packages/airflow/example_dags/example_subdag_operator.py
[2025-08-13T03:26:22.213+0000] {processor.py:836} INFO - DAG(s) dict_keys(['example_subdag_operator.section-1', 'example_subdag_operator.section-2', 'example_subdag_operator']) retrieved from /workspaces/hands-on-introduction-data-engineering-4395021/airflow_env/lib/python3.10/site-packages/airflow/example_dags/example_subdag_operator.py
[2025-08-13T03:26:22.224+0000] {logging_mixin.py:150} INFO - [2025-08-13T03:26:22.224+0000] {dag.py:2742} INFO - Sync 3 DAGs
[2025-08-13T03:26:22.238+0000] {logging_mixin.py:150} INFO - [2025-08-13T03:26:22.238+0000] {dag.py:3504} INFO - Setting next_dagrun for example_subdag_operator to 2022-01-01T00:00:00+00:00, run_after=2022-01-01T00:00:00+00:00
[2025-08-13T03:26:22.240+0000] {logging_mixin.py:150} INFO - [2025-08-13T03:26:22.240+0000] {dag.py:3504} INFO - Setting next_dagrun for example_subdag_operator.section-1 to None, run_after=None
[2025-08-13T03:26:22.241+0000] {logging_mixin.py:150} INFO - [2025-08-13T03:26:22.241+0000] {dag.py:3504} INFO - Setting next_dagrun for example_subdag_operator.section-2 to None, run_after=None
[2025-08-13T03:26:22.245+0000] {logging_mixin.py:150} INFO - [2025-08-13T03:26:22.245+0000] {dag.py:2742} INFO - Sync 2 DAGs
[2025-08-13T03:26:22.248+0000] {logging_mixin.py:150} INFO - [2025-08-13T03:26:22.248+0000] {dag.py:3504} INFO - Setting next_dagrun for example_subdag_operator.section-1 to None, run_after=None
[2025-08-13T03:26:22.248+0000] {logging_mixin.py:150} INFO - [2025-08-13T03:26:22.248+0000] {dag.py:3504} INFO - Setting next_dagrun for example_subdag_operator.section-2 to None, run_after=None
[2025-08-13T03:26:22.259+0000] {processor.py:179} INFO - Processing /workspaces/hands-on-introduction-data-engineering-4395021/airflow_env/lib/python3.10/site-packages/airflow/example_dags/example_subdag_operator.py took 0.063 seconds
[2025-08-13T03:27:07.499+0000] {processor.py:157} INFO - Started process (PID=5734) to work on /workspaces/hands-on-introduction-data-engineering-4395021/airflow_env/lib/python3.10/site-packages/airflow/example_dags/example_subdag_operator.py
[2025-08-13T03:27:07.499+0000] {processor.py:826} INFO - Processing file /workspaces/hands-on-introduction-data-engineering-4395021/airflow_env/lib/python3.10/site-packages/airflow/example_dags/example_subdag_operator.py for tasks to queue
[2025-08-13T03:27:07.500+0000] {logging_mixin.py:150} INFO - [2025-08-13T03:27:07.500+0000] {dagbag.py:541} INFO - Filling up the DagBag from /workspaces/hands-on-introduction-data-engineering-4395021/airflow_env/lib/python3.10/site-packages/airflow/example_dags/example_subdag_operator.py
[2025-08-13T03:27:07.514+0000] {processor.py:836} INFO - DAG(s) dict_keys(['example_subdag_operator.section-1', 'example_subdag_operator.section-2', 'example_subdag_operator']) retrieved from /workspaces/hands-on-introduction-data-engineering-4395021/airflow_env/lib/python3.10/site-packages/airflow/example_dags/example_subdag_operator.py
[2025-08-13T03:27:07.525+0000] {logging_mixin.py:150} INFO - [2025-08-13T03:27:07.525+0000] {dag.py:2742} INFO - Sync 3 DAGs
[2025-08-13T03:27:07.539+0000] {logging_mixin.py:150} INFO - [2025-08-13T03:27:07.539+0000] {dag.py:3504} INFO - Setting next_dagrun for example_subdag_operator to 2022-01-01T00:00:00+00:00, run_after=2022-01-01T00:00:00+00:00
[2025-08-13T03:27:07.541+0000] {logging_mixin.py:150} INFO - [2025-08-13T03:27:07.541+0000] {dag.py:3504} INFO - Setting next_dagrun for example_subdag_operator.section-1 to None, run_after=None
[2025-08-13T03:27:07.541+0000] {logging_mixin.py:150} INFO - [2025-08-13T03:27:07.541+0000] {dag.py:3504} INFO - Setting next_dagrun for example_subdag_operator.section-2 to None, run_after=None
[2025-08-13T03:27:07.545+0000] {logging_mixin.py:150} INFO - [2025-08-13T03:27:07.545+0000] {dag.py:2742} INFO - Sync 2 DAGs
[2025-08-13T03:27:07.548+0000] {logging_mixin.py:150} INFO - [2025-08-13T03:27:07.548+0000] {dag.py:3504} INFO - Setting next_dagrun for example_subdag_operator.section-1 to None, run_after=None
[2025-08-13T03:27:07.548+0000] {logging_mixin.py:150} INFO - [2025-08-13T03:27:07.548+0000] {dag.py:3504} INFO - Setting next_dagrun for example_subdag_operator.section-2 to None, run_after=None
[2025-08-13T03:27:07.559+0000] {processor.py:179} INFO - Processing /workspaces/hands-on-introduction-data-engineering-4395021/airflow_env/lib/python3.10/site-packages/airflow/example_dags/example_subdag_operator.py took 0.063 seconds
[2025-08-13T03:27:56.962+0000] {processor.py:157} INFO - Started process (PID=6159) to work on /workspaces/hands-on-introduction-data-engineering-4395021/airflow_env/lib/python3.10/site-packages/airflow/example_dags/example_subdag_operator.py
[2025-08-13T03:27:56.962+0000] {processor.py:826} INFO - Processing file /workspaces/hands-on-introduction-data-engineering-4395021/airflow_env/lib/python3.10/site-packages/airflow/example_dags/example_subdag_operator.py for tasks to queue
[2025-08-13T03:27:56.963+0000] {logging_mixin.py:150} INFO - [2025-08-13T03:27:56.963+0000] {dagbag.py:541} INFO - Filling up the DagBag from /workspaces/hands-on-introduction-data-engineering-4395021/airflow_env/lib/python3.10/site-packages/airflow/example_dags/example_subdag_operator.py
[2025-08-13T03:27:56.977+0000] {processor.py:836} INFO - DAG(s) dict_keys(['example_subdag_operator.section-1', 'example_subdag_operator.section-2', 'example_subdag_operator']) retrieved from /workspaces/hands-on-introduction-data-engineering-4395021/airflow_env/lib/python3.10/site-packages/airflow/example_dags/example_subdag_operator.py
[2025-08-13T03:27:56.988+0000] {logging_mixin.py:150} INFO - [2025-08-13T03:27:56.988+0000] {dag.py:2742} INFO - Sync 3 DAGs
[2025-08-13T03:27:57.002+0000] {logging_mixin.py:150} INFO - [2025-08-13T03:27:57.002+0000] {dag.py:3504} INFO - Setting next_dagrun for example_subdag_operator to 2022-01-01T00:00:00+00:00, run_after=2022-01-01T00:00:00+00:00
[2025-08-13T03:27:57.004+0000] {logging_mixin.py:150} INFO - [2025-08-13T03:27:57.004+0000] {dag.py:3504} INFO - Setting next_dagrun for example_subdag_operator.section-1 to None, run_after=None
[2025-08-13T03:27:57.005+0000] {logging_mixin.py:150} INFO - [2025-08-13T03:27:57.005+0000] {dag.py:3504} INFO - Setting next_dagrun for example_subdag_operator.section-2 to None, run_after=None
[2025-08-13T03:27:57.009+0000] {logging_mixin.py:150} INFO - [2025-08-13T03:27:57.009+0000] {dag.py:2742} INFO - Sync 2 DAGs
[2025-08-13T03:27:57.012+0000] {logging_mixin.py:150} INFO - [2025-08-13T03:27:57.012+0000] {dag.py:3504} INFO - Setting next_dagrun for example_subdag_operator.section-1 to None, run_after=None
[2025-08-13T03:27:57.012+0000] {logging_mixin.py:150} INFO - [2025-08-13T03:27:57.012+0000] {dag.py:3504} INFO - Setting next_dagrun for example_subdag_operator.section-2 to None, run_after=None
[2025-08-13T03:27:57.023+0000] {processor.py:179} INFO - Processing /workspaces/hands-on-introduction-data-engineering-4395021/airflow_env/lib/python3.10/site-packages/airflow/example_dags/example_subdag_operator.py took 0.063 seconds
[2025-08-13T03:28:40.775+0000] {processor.py:157} INFO - Started process (PID=6498) to work on /workspaces/hands-on-introduction-data-engineering-4395021/airflow_env/lib/python3.10/site-packages/airflow/example_dags/example_subdag_operator.py
[2025-08-13T03:28:40.775+0000] {processor.py:826} INFO - Processing file /workspaces/hands-on-introduction-data-engineering-4395021/airflow_env/lib/python3.10/site-packages/airflow/example_dags/example_subdag_operator.py for tasks to queue
[2025-08-13T03:28:40.776+0000] {logging_mixin.py:150} INFO - [2025-08-13T03:28:40.776+0000] {dagbag.py:541} INFO - Filling up the DagBag from /workspaces/hands-on-introduction-data-engineering-4395021/airflow_env/lib/python3.10/site-packages/airflow/example_dags/example_subdag_operator.py
[2025-08-13T03:28:40.790+0000] {processor.py:836} INFO - DAG(s) dict_keys(['example_subdag_operator.section-1', 'example_subdag_operator.section-2', 'example_subdag_operator']) retrieved from /workspaces/hands-on-introduction-data-engineering-4395021/airflow_env/lib/python3.10/site-packages/airflow/example_dags/example_subdag_operator.py
[2025-08-13T03:28:40.801+0000] {logging_mixin.py:150} INFO - [2025-08-13T03:28:40.801+0000] {dag.py:2742} INFO - Sync 3 DAGs
[2025-08-13T03:28:40.815+0000] {logging_mixin.py:150} INFO - [2025-08-13T03:28:40.815+0000] {dag.py:3504} INFO - Setting next_dagrun for example_subdag_operator to 2022-01-01T00:00:00+00:00, run_after=2022-01-01T00:00:00+00:00
[2025-08-13T03:28:40.817+0000] {logging_mixin.py:150} INFO - [2025-08-13T03:28:40.817+0000] {dag.py:3504} INFO - Setting next_dagrun for example_subdag_operator.section-1 to None, run_after=None
[2025-08-13T03:28:40.818+0000] {logging_mixin.py:150} INFO - [2025-08-13T03:28:40.818+0000] {dag.py:3504} INFO - Setting next_dagrun for example_subdag_operator.section-2 to None, run_after=None
[2025-08-13T03:28:40.823+0000] {logging_mixin.py:150} INFO - [2025-08-13T03:28:40.823+0000] {dag.py:2742} INFO - Sync 2 DAGs
[2025-08-13T03:28:40.826+0000] {logging_mixin.py:150} INFO - [2025-08-13T03:28:40.826+0000] {dag.py:3504} INFO - Setting next_dagrun for example_subdag_operator.section-1 to None, run_after=None
[2025-08-13T03:28:40.827+0000] {logging_mixin.py:150} INFO - [2025-08-13T03:28:40.827+0000] {dag.py:3504} INFO - Setting next_dagrun for example_subdag_operator.section-2 to None, run_after=None
[2025-08-13T03:28:40.838+0000] {processor.py:179} INFO - Processing /workspaces/hands-on-introduction-data-engineering-4395021/airflow_env/lib/python3.10/site-packages/airflow/example_dags/example_subdag_operator.py took 0.065 seconds
[2025-08-13T03:29:25.908+0000] {processor.py:157} INFO - Started process (PID=6928) to work on /workspaces/hands-on-introduction-data-engineering-4395021/airflow_env/lib/python3.10/site-packages/airflow/example_dags/example_subdag_operator.py
[2025-08-13T03:29:25.909+0000] {processor.py:826} INFO - Processing file /workspaces/hands-on-introduction-data-engineering-4395021/airflow_env/lib/python3.10/site-packages/airflow/example_dags/example_subdag_operator.py for tasks to queue
[2025-08-13T03:29:25.910+0000] {logging_mixin.py:150} INFO - [2025-08-13T03:29:25.909+0000] {dagbag.py:541} INFO - Filling up the DagBag from /workspaces/hands-on-introduction-data-engineering-4395021/airflow_env/lib/python3.10/site-packages/airflow/example_dags/example_subdag_operator.py
[2025-08-13T03:29:25.929+0000] {processor.py:836} INFO - DAG(s) dict_keys(['example_subdag_operator.section-1', 'example_subdag_operator.section-2', 'example_subdag_operator']) retrieved from /workspaces/hands-on-introduction-data-engineering-4395021/airflow_env/lib/python3.10/site-packages/airflow/example_dags/example_subdag_operator.py
[2025-08-13T03:29:25.940+0000] {logging_mixin.py:150} INFO - [2025-08-13T03:29:25.940+0000] {dag.py:2742} INFO - Sync 3 DAGs
[2025-08-13T03:29:25.954+0000] {logging_mixin.py:150} INFO - [2025-08-13T03:29:25.954+0000] {dag.py:3504} INFO - Setting next_dagrun for example_subdag_operator to 2022-01-01T00:00:00+00:00, run_after=2022-01-01T00:00:00+00:00
[2025-08-13T03:29:25.956+0000] {logging_mixin.py:150} INFO - [2025-08-13T03:29:25.956+0000] {dag.py:3504} INFO - Setting next_dagrun for example_subdag_operator.section-1 to None, run_after=None
[2025-08-13T03:29:25.957+0000] {logging_mixin.py:150} INFO - [2025-08-13T03:29:25.957+0000] {dag.py:3504} INFO - Setting next_dagrun for example_subdag_operator.section-2 to None, run_after=None
[2025-08-13T03:29:25.961+0000] {logging_mixin.py:150} INFO - [2025-08-13T03:29:25.961+0000] {dag.py:2742} INFO - Sync 2 DAGs
[2025-08-13T03:29:25.964+0000] {logging_mixin.py:150} INFO - [2025-08-13T03:29:25.964+0000] {dag.py:3504} INFO - Setting next_dagrun for example_subdag_operator.section-1 to None, run_after=None
[2025-08-13T03:29:25.964+0000] {logging_mixin.py:150} INFO - [2025-08-13T03:29:25.964+0000] {dag.py:3504} INFO - Setting next_dagrun for example_subdag_operator.section-2 to None, run_after=None
[2025-08-13T03:29:25.975+0000] {processor.py:179} INFO - Processing /workspaces/hands-on-introduction-data-engineering-4395021/airflow_env/lib/python3.10/site-packages/airflow/example_dags/example_subdag_operator.py took 0.070 seconds
[2025-08-13T03:30:08.124+0000] {processor.py:157} INFO - Started process (PID=7356) to work on /workspaces/hands-on-introduction-data-engineering-4395021/airflow_env/lib/python3.10/site-packages/airflow/example_dags/example_subdag_operator.py
[2025-08-13T03:30:08.125+0000] {processor.py:826} INFO - Processing file /workspaces/hands-on-introduction-data-engineering-4395021/airflow_env/lib/python3.10/site-packages/airflow/example_dags/example_subdag_operator.py for tasks to queue
[2025-08-13T03:30:08.125+0000] {logging_mixin.py:150} INFO - [2025-08-13T03:30:08.125+0000] {dagbag.py:541} INFO - Filling up the DagBag from /workspaces/hands-on-introduction-data-engineering-4395021/airflow_env/lib/python3.10/site-packages/airflow/example_dags/example_subdag_operator.py
[2025-08-13T03:30:08.139+0000] {processor.py:836} INFO - DAG(s) dict_keys(['example_subdag_operator.section-1', 'example_subdag_operator.section-2', 'example_subdag_operator']) retrieved from /workspaces/hands-on-introduction-data-engineering-4395021/airflow_env/lib/python3.10/site-packages/airflow/example_dags/example_subdag_operator.py
[2025-08-13T03:30:08.150+0000] {logging_mixin.py:150} INFO - [2025-08-13T03:30:08.150+0000] {dag.py:2742} INFO - Sync 3 DAGs
[2025-08-13T03:30:08.163+0000] {logging_mixin.py:150} INFO - [2025-08-13T03:30:08.163+0000] {dag.py:3504} INFO - Setting next_dagrun for example_subdag_operator to 2022-01-01T00:00:00+00:00, run_after=2022-01-01T00:00:00+00:00
[2025-08-13T03:30:08.166+0000] {logging_mixin.py:150} INFO - [2025-08-13T03:30:08.166+0000] {dag.py:3504} INFO - Setting next_dagrun for example_subdag_operator.section-1 to None, run_after=None
[2025-08-13T03:30:08.167+0000] {logging_mixin.py:150} INFO - [2025-08-13T03:30:08.167+0000] {dag.py:3504} INFO - Setting next_dagrun for example_subdag_operator.section-2 to None, run_after=None
[2025-08-13T03:30:08.171+0000] {logging_mixin.py:150} INFO - [2025-08-13T03:30:08.171+0000] {dag.py:2742} INFO - Sync 2 DAGs
[2025-08-13T03:30:08.174+0000] {logging_mixin.py:150} INFO - [2025-08-13T03:30:08.173+0000] {dag.py:3504} INFO - Setting next_dagrun for example_subdag_operator.section-1 to None, run_after=None
[2025-08-13T03:30:08.174+0000] {logging_mixin.py:150} INFO - [2025-08-13T03:30:08.174+0000] {dag.py:3504} INFO - Setting next_dagrun for example_subdag_operator.section-2 to None, run_after=None
[2025-08-13T03:30:08.184+0000] {processor.py:179} INFO - Processing /workspaces/hands-on-introduction-data-engineering-4395021/airflow_env/lib/python3.10/site-packages/airflow/example_dags/example_subdag_operator.py took 0.062 seconds
[2025-08-13T03:30:49.106+0000] {processor.py:157} INFO - Started process (PID=7632) to work on /workspaces/hands-on-introduction-data-engineering-4395021/airflow_env/lib/python3.10/site-packages/airflow/example_dags/example_subdag_operator.py
[2025-08-13T03:30:49.107+0000] {processor.py:826} INFO - Processing file /workspaces/hands-on-introduction-data-engineering-4395021/airflow_env/lib/python3.10/site-packages/airflow/example_dags/example_subdag_operator.py for tasks to queue
[2025-08-13T03:30:49.108+0000] {logging_mixin.py:150} INFO - [2025-08-13T03:30:49.107+0000] {dagbag.py:541} INFO - Filling up the DagBag from /workspaces/hands-on-introduction-data-engineering-4395021/airflow_env/lib/python3.10/site-packages/airflow/example_dags/example_subdag_operator.py
[2025-08-13T03:30:49.124+0000] {processor.py:836} INFO - DAG(s) dict_keys(['example_subdag_operator.section-1', 'example_subdag_operator.section-2', 'example_subdag_operator']) retrieved from /workspaces/hands-on-introduction-data-engineering-4395021/airflow_env/lib/python3.10/site-packages/airflow/example_dags/example_subdag_operator.py
[2025-08-13T03:30:49.162+0000] {logging_mixin.py:150} INFO - [2025-08-13T03:30:49.161+0000] {dag.py:2742} INFO - Sync 3 DAGs
[2025-08-13T03:30:49.184+0000] {logging_mixin.py:150} INFO - [2025-08-13T03:30:49.183+0000] {dag.py:3504} INFO - Setting next_dagrun for example_subdag_operator to 2022-01-01T00:00:00+00:00, run_after=2022-01-01T00:00:00+00:00
[2025-08-13T03:30:49.186+0000] {logging_mixin.py:150} INFO - [2025-08-13T03:30:49.186+0000] {dag.py:3504} INFO - Setting next_dagrun for example_subdag_operator.section-1 to None, run_after=None
[2025-08-13T03:30:49.187+0000] {logging_mixin.py:150} INFO - [2025-08-13T03:30:49.187+0000] {dag.py:3504} INFO - Setting next_dagrun for example_subdag_operator.section-2 to None, run_after=None
[2025-08-13T03:30:49.193+0000] {logging_mixin.py:150} INFO - [2025-08-13T03:30:49.193+0000] {dag.py:2742} INFO - Sync 2 DAGs
[2025-08-13T03:30:49.196+0000] {logging_mixin.py:150} INFO - [2025-08-13T03:30:49.196+0000] {dag.py:3504} INFO - Setting next_dagrun for example_subdag_operator.section-1 to None, run_after=None
[2025-08-13T03:30:49.196+0000] {logging_mixin.py:150} INFO - [2025-08-13T03:30:49.196+0000] {dag.py:3504} INFO - Setting next_dagrun for example_subdag_operator.section-2 to None, run_after=None
[2025-08-13T03:30:49.206+0000] {processor.py:179} INFO - Processing /workspaces/hands-on-introduction-data-engineering-4395021/airflow_env/lib/python3.10/site-packages/airflow/example_dags/example_subdag_operator.py took 0.102 seconds
[2025-08-13T03:31:30.831+0000] {processor.py:157} INFO - Started process (PID=7909) to work on /workspaces/hands-on-introduction-data-engineering-4395021/airflow_env/lib/python3.10/site-packages/airflow/example_dags/example_subdag_operator.py
[2025-08-13T03:31:30.831+0000] {processor.py:826} INFO - Processing file /workspaces/hands-on-introduction-data-engineering-4395021/airflow_env/lib/python3.10/site-packages/airflow/example_dags/example_subdag_operator.py for tasks to queue
[2025-08-13T03:31:30.832+0000] {logging_mixin.py:150} INFO - [2025-08-13T03:31:30.832+0000] {dagbag.py:541} INFO - Filling up the DagBag from /workspaces/hands-on-introduction-data-engineering-4395021/airflow_env/lib/python3.10/site-packages/airflow/example_dags/example_subdag_operator.py
[2025-08-13T03:31:30.846+0000] {processor.py:836} INFO - DAG(s) dict_keys(['example_subdag_operator.section-1', 'example_subdag_operator.section-2', 'example_subdag_operator']) retrieved from /workspaces/hands-on-introduction-data-engineering-4395021/airflow_env/lib/python3.10/site-packages/airflow/example_dags/example_subdag_operator.py
[2025-08-13T03:31:30.857+0000] {logging_mixin.py:150} INFO - [2025-08-13T03:31:30.857+0000] {dag.py:2742} INFO - Sync 3 DAGs
[2025-08-13T03:31:30.872+0000] {logging_mixin.py:150} INFO - [2025-08-13T03:31:30.871+0000] {dag.py:3504} INFO - Setting next_dagrun for example_subdag_operator to 2022-01-01T00:00:00+00:00, run_after=2022-01-01T00:00:00+00:00
[2025-08-13T03:31:30.874+0000] {logging_mixin.py:150} INFO - [2025-08-13T03:31:30.873+0000] {dag.py:3504} INFO - Setting next_dagrun for example_subdag_operator.section-1 to None, run_after=None
[2025-08-13T03:31:30.874+0000] {logging_mixin.py:150} INFO - [2025-08-13T03:31:30.874+0000] {dag.py:3504} INFO - Setting next_dagrun for example_subdag_operator.section-2 to None, run_after=None
[2025-08-13T03:31:30.878+0000] {logging_mixin.py:150} INFO - [2025-08-13T03:31:30.878+0000] {dag.py:2742} INFO - Sync 2 DAGs
[2025-08-13T03:31:30.881+0000] {logging_mixin.py:150} INFO - [2025-08-13T03:31:30.881+0000] {dag.py:3504} INFO - Setting next_dagrun for example_subdag_operator.section-1 to None, run_after=None
[2025-08-13T03:31:30.881+0000] {logging_mixin.py:150} INFO - [2025-08-13T03:31:30.881+0000] {dag.py:3504} INFO - Setting next_dagrun for example_subdag_operator.section-2 to None, run_after=None
[2025-08-13T03:31:30.892+0000] {processor.py:179} INFO - Processing /workspaces/hands-on-introduction-data-engineering-4395021/airflow_env/lib/python3.10/site-packages/airflow/example_dags/example_subdag_operator.py took 0.063 seconds
[2025-08-13T03:32:17.253+0000] {processor.py:157} INFO - Started process (PID=8225) to work on /workspaces/hands-on-introduction-data-engineering-4395021/airflow_env/lib/python3.10/site-packages/airflow/example_dags/example_subdag_operator.py
[2025-08-13T03:32:17.253+0000] {processor.py:826} INFO - Processing file /workspaces/hands-on-introduction-data-engineering-4395021/airflow_env/lib/python3.10/site-packages/airflow/example_dags/example_subdag_operator.py for tasks to queue
[2025-08-13T03:32:17.254+0000] {logging_mixin.py:150} INFO - [2025-08-13T03:32:17.254+0000] {dagbag.py:541} INFO - Filling up the DagBag from /workspaces/hands-on-introduction-data-engineering-4395021/airflow_env/lib/python3.10/site-packages/airflow/example_dags/example_subdag_operator.py
[2025-08-13T03:32:17.268+0000] {processor.py:836} INFO - DAG(s) dict_keys(['example_subdag_operator.section-1', 'example_subdag_operator.section-2', 'example_subdag_operator']) retrieved from /workspaces/hands-on-introduction-data-engineering-4395021/airflow_env/lib/python3.10/site-packages/airflow/example_dags/example_subdag_operator.py
[2025-08-13T03:32:17.279+0000] {logging_mixin.py:150} INFO - [2025-08-13T03:32:17.279+0000] {dag.py:2742} INFO - Sync 3 DAGs
[2025-08-13T03:32:17.294+0000] {logging_mixin.py:150} INFO - [2025-08-13T03:32:17.294+0000] {dag.py:3504} INFO - Setting next_dagrun for example_subdag_operator to 2022-01-01T00:00:00+00:00, run_after=2022-01-01T00:00:00+00:00
[2025-08-13T03:32:17.296+0000] {logging_mixin.py:150} INFO - [2025-08-13T03:32:17.296+0000] {dag.py:3504} INFO - Setting next_dagrun for example_subdag_operator.section-1 to None, run_after=None
[2025-08-13T03:32:17.297+0000] {logging_mixin.py:150} INFO - [2025-08-13T03:32:17.297+0000] {dag.py:3504} INFO - Setting next_dagrun for example_subdag_operator.section-2 to None, run_after=None
[2025-08-13T03:32:17.301+0000] {logging_mixin.py:150} INFO - [2025-08-13T03:32:17.301+0000] {dag.py:2742} INFO - Sync 2 DAGs
[2025-08-13T03:32:17.304+0000] {logging_mixin.py:150} INFO - [2025-08-13T03:32:17.303+0000] {dag.py:3504} INFO - Setting next_dagrun for example_subdag_operator.section-1 to None, run_after=None
[2025-08-13T03:32:17.304+0000] {logging_mixin.py:150} INFO - [2025-08-13T03:32:17.304+0000] {dag.py:3504} INFO - Setting next_dagrun for example_subdag_operator.section-2 to None, run_after=None
[2025-08-13T03:32:17.314+0000] {processor.py:179} INFO - Processing /workspaces/hands-on-introduction-data-engineering-4395021/airflow_env/lib/python3.10/site-packages/airflow/example_dags/example_subdag_operator.py took 0.063 seconds
[2025-08-13T03:33:03.431+0000] {processor.py:157} INFO - Started process (PID=8529) to work on /workspaces/hands-on-introduction-data-engineering-4395021/airflow_env/lib/python3.10/site-packages/airflow/example_dags/example_subdag_operator.py
[2025-08-13T03:33:03.432+0000] {processor.py:826} INFO - Processing file /workspaces/hands-on-introduction-data-engineering-4395021/airflow_env/lib/python3.10/site-packages/airflow/example_dags/example_subdag_operator.py for tasks to queue
[2025-08-13T03:33:03.433+0000] {logging_mixin.py:150} INFO - [2025-08-13T03:33:03.433+0000] {dagbag.py:541} INFO - Filling up the DagBag from /workspaces/hands-on-introduction-data-engineering-4395021/airflow_env/lib/python3.10/site-packages/airflow/example_dags/example_subdag_operator.py
[2025-08-13T03:33:03.447+0000] {processor.py:836} INFO - DAG(s) dict_keys(['example_subdag_operator.section-1', 'example_subdag_operator.section-2', 'example_subdag_operator']) retrieved from /workspaces/hands-on-introduction-data-engineering-4395021/airflow_env/lib/python3.10/site-packages/airflow/example_dags/example_subdag_operator.py
[2025-08-13T03:33:03.459+0000] {logging_mixin.py:150} INFO - [2025-08-13T03:33:03.459+0000] {dag.py:2742} INFO - Sync 3 DAGs
[2025-08-13T03:33:03.473+0000] {logging_mixin.py:150} INFO - [2025-08-13T03:33:03.473+0000] {dag.py:3504} INFO - Setting next_dagrun for example_subdag_operator to 2022-01-01T00:00:00+00:00, run_after=2022-01-01T00:00:00+00:00
[2025-08-13T03:33:03.475+0000] {logging_mixin.py:150} INFO - [2025-08-13T03:33:03.475+0000] {dag.py:3504} INFO - Setting next_dagrun for example_subdag_operator.section-1 to None, run_after=None
[2025-08-13T03:33:03.476+0000] {logging_mixin.py:150} INFO - [2025-08-13T03:33:03.476+0000] {dag.py:3504} INFO - Setting next_dagrun for example_subdag_operator.section-2 to None, run_after=None
[2025-08-13T03:33:03.480+0000] {logging_mixin.py:150} INFO - [2025-08-13T03:33:03.480+0000] {dag.py:2742} INFO - Sync 2 DAGs
[2025-08-13T03:33:03.483+0000] {logging_mixin.py:150} INFO - [2025-08-13T03:33:03.483+0000] {dag.py:3504} INFO - Setting next_dagrun for example_subdag_operator.section-1 to None, run_after=None
[2025-08-13T03:33:03.483+0000] {logging_mixin.py:150} INFO - [2025-08-13T03:33:03.483+0000] {dag.py:3504} INFO - Setting next_dagrun for example_subdag_operator.section-2 to None, run_after=None
[2025-08-13T03:33:03.493+0000] {processor.py:179} INFO - Processing /workspaces/hands-on-introduction-data-engineering-4395021/airflow_env/lib/python3.10/site-packages/airflow/example_dags/example_subdag_operator.py took 0.064 seconds
[2025-08-13T03:33:46.823+0000] {processor.py:157} INFO - Started process (PID=8816) to work on /workspaces/hands-on-introduction-data-engineering-4395021/airflow_env/lib/python3.10/site-packages/airflow/example_dags/example_subdag_operator.py
[2025-08-13T03:33:46.824+0000] {processor.py:826} INFO - Processing file /workspaces/hands-on-introduction-data-engineering-4395021/airflow_env/lib/python3.10/site-packages/airflow/example_dags/example_subdag_operator.py for tasks to queue
[2025-08-13T03:33:46.825+0000] {logging_mixin.py:150} INFO - [2025-08-13T03:33:46.824+0000] {dagbag.py:541} INFO - Filling up the DagBag from /workspaces/hands-on-introduction-data-engineering-4395021/airflow_env/lib/python3.10/site-packages/airflow/example_dags/example_subdag_operator.py
[2025-08-13T03:33:46.839+0000] {processor.py:836} INFO - DAG(s) dict_keys(['example_subdag_operator.section-1', 'example_subdag_operator.section-2', 'example_subdag_operator']) retrieved from /workspaces/hands-on-introduction-data-engineering-4395021/airflow_env/lib/python3.10/site-packages/airflow/example_dags/example_subdag_operator.py
[2025-08-13T03:33:46.850+0000] {logging_mixin.py:150} INFO - [2025-08-13T03:33:46.850+0000] {dag.py:2742} INFO - Sync 3 DAGs
[2025-08-13T03:33:46.864+0000] {logging_mixin.py:150} INFO - [2025-08-13T03:33:46.864+0000] {dag.py:3504} INFO - Setting next_dagrun for example_subdag_operator to 2022-01-01T00:00:00+00:00, run_after=2022-01-01T00:00:00+00:00
[2025-08-13T03:33:46.867+0000] {logging_mixin.py:150} INFO - [2025-08-13T03:33:46.867+0000] {dag.py:3504} INFO - Setting next_dagrun for example_subdag_operator.section-1 to None, run_after=None
[2025-08-13T03:33:46.867+0000] {logging_mixin.py:150} INFO - [2025-08-13T03:33:46.867+0000] {dag.py:3504} INFO - Setting next_dagrun for example_subdag_operator.section-2 to None, run_after=None
[2025-08-13T03:33:46.872+0000] {logging_mixin.py:150} INFO - [2025-08-13T03:33:46.871+0000] {dag.py:2742} INFO - Sync 2 DAGs
[2025-08-13T03:33:46.874+0000] {logging_mixin.py:150} INFO - [2025-08-13T03:33:46.874+0000] {dag.py:3504} INFO - Setting next_dagrun for example_subdag_operator.section-1 to None, run_after=None
[2025-08-13T03:33:46.875+0000] {logging_mixin.py:150} INFO - [2025-08-13T03:33:46.875+0000] {dag.py:3504} INFO - Setting next_dagrun for example_subdag_operator.section-2 to None, run_after=None
[2025-08-13T03:33:46.886+0000] {processor.py:179} INFO - Processing /workspaces/hands-on-introduction-data-engineering-4395021/airflow_env/lib/python3.10/site-packages/airflow/example_dags/example_subdag_operator.py took 0.064 seconds
[2025-08-13T03:34:31.909+0000] {processor.py:157} INFO - Started process (PID=9116) to work on /workspaces/hands-on-introduction-data-engineering-4395021/airflow_env/lib/python3.10/site-packages/airflow/example_dags/example_subdag_operator.py
[2025-08-13T03:34:31.910+0000] {processor.py:826} INFO - Processing file /workspaces/hands-on-introduction-data-engineering-4395021/airflow_env/lib/python3.10/site-packages/airflow/example_dags/example_subdag_operator.py for tasks to queue
[2025-08-13T03:34:31.910+0000] {logging_mixin.py:150} INFO - [2025-08-13T03:34:31.910+0000] {dagbag.py:541} INFO - Filling up the DagBag from /workspaces/hands-on-introduction-data-engineering-4395021/airflow_env/lib/python3.10/site-packages/airflow/example_dags/example_subdag_operator.py
[2025-08-13T03:34:31.925+0000] {processor.py:836} INFO - DAG(s) dict_keys(['example_subdag_operator.section-1', 'example_subdag_operator.section-2', 'example_subdag_operator']) retrieved from /workspaces/hands-on-introduction-data-engineering-4395021/airflow_env/lib/python3.10/site-packages/airflow/example_dags/example_subdag_operator.py
[2025-08-13T03:34:31.937+0000] {logging_mixin.py:150} INFO - [2025-08-13T03:34:31.937+0000] {dag.py:2742} INFO - Sync 3 DAGs
[2025-08-13T03:34:31.951+0000] {logging_mixin.py:150} INFO - [2025-08-13T03:34:31.951+0000] {dag.py:3504} INFO - Setting next_dagrun for example_subdag_operator to 2022-01-01T00:00:00+00:00, run_after=2022-01-01T00:00:00+00:00
[2025-08-13T03:34:31.953+0000] {logging_mixin.py:150} INFO - [2025-08-13T03:34:31.953+0000] {dag.py:3504} INFO - Setting next_dagrun for example_subdag_operator.section-1 to None, run_after=None
[2025-08-13T03:34:31.954+0000] {logging_mixin.py:150} INFO - [2025-08-13T03:34:31.954+0000] {dag.py:3504} INFO - Setting next_dagrun for example_subdag_operator.section-2 to None, run_after=None
[2025-08-13T03:34:31.958+0000] {logging_mixin.py:150} INFO - [2025-08-13T03:34:31.958+0000] {dag.py:2742} INFO - Sync 2 DAGs
[2025-08-13T03:34:31.961+0000] {logging_mixin.py:150} INFO - [2025-08-13T03:34:31.961+0000] {dag.py:3504} INFO - Setting next_dagrun for example_subdag_operator.section-1 to None, run_after=None
[2025-08-13T03:34:31.961+0000] {logging_mixin.py:150} INFO - [2025-08-13T03:34:31.961+0000] {dag.py:3504} INFO - Setting next_dagrun for example_subdag_operator.section-2 to None, run_after=None
[2025-08-13T03:34:31.972+0000] {processor.py:179} INFO - Processing /workspaces/hands-on-introduction-data-engineering-4395021/airflow_env/lib/python3.10/site-packages/airflow/example_dags/example_subdag_operator.py took 0.065 seconds
[2025-08-13T03:35:19.278+0000] {processor.py:157} INFO - Started process (PID=9489) to work on /workspaces/hands-on-introduction-data-engineering-4395021/airflow_env/lib/python3.10/site-packages/airflow/example_dags/example_subdag_operator.py
[2025-08-13T03:35:19.279+0000] {processor.py:826} INFO - Processing file /workspaces/hands-on-introduction-data-engineering-4395021/airflow_env/lib/python3.10/site-packages/airflow/example_dags/example_subdag_operator.py for tasks to queue
[2025-08-13T03:35:19.280+0000] {logging_mixin.py:150} INFO - [2025-08-13T03:35:19.279+0000] {dagbag.py:541} INFO - Filling up the DagBag from /workspaces/hands-on-introduction-data-engineering-4395021/airflow_env/lib/python3.10/site-packages/airflow/example_dags/example_subdag_operator.py
[2025-08-13T03:35:19.294+0000] {processor.py:836} INFO - DAG(s) dict_keys(['example_subdag_operator.section-1', 'example_subdag_operator.section-2', 'example_subdag_operator']) retrieved from /workspaces/hands-on-introduction-data-engineering-4395021/airflow_env/lib/python3.10/site-packages/airflow/example_dags/example_subdag_operator.py
[2025-08-13T03:35:19.305+0000] {logging_mixin.py:150} INFO - [2025-08-13T03:35:19.305+0000] {dag.py:2742} INFO - Sync 3 DAGs
[2025-08-13T03:35:19.320+0000] {logging_mixin.py:150} INFO - [2025-08-13T03:35:19.320+0000] {dag.py:3504} INFO - Setting next_dagrun for example_subdag_operator to 2022-01-01T00:00:00+00:00, run_after=2022-01-01T00:00:00+00:00
[2025-08-13T03:35:19.322+0000] {logging_mixin.py:150} INFO - [2025-08-13T03:35:19.322+0000] {dag.py:3504} INFO - Setting next_dagrun for example_subdag_operator.section-1 to None, run_after=None
[2025-08-13T03:35:19.323+0000] {logging_mixin.py:150} INFO - [2025-08-13T03:35:19.323+0000] {dag.py:3504} INFO - Setting next_dagrun for example_subdag_operator.section-2 to None, run_after=None
[2025-08-13T03:35:19.327+0000] {logging_mixin.py:150} INFO - [2025-08-13T03:35:19.327+0000] {dag.py:2742} INFO - Sync 2 DAGs
[2025-08-13T03:35:19.330+0000] {logging_mixin.py:150} INFO - [2025-08-13T03:35:19.330+0000] {dag.py:3504} INFO - Setting next_dagrun for example_subdag_operator.section-1 to None, run_after=None
[2025-08-13T03:35:19.330+0000] {logging_mixin.py:150} INFO - [2025-08-13T03:35:19.330+0000] {dag.py:3504} INFO - Setting next_dagrun for example_subdag_operator.section-2 to None, run_after=None
[2025-08-13T03:35:19.341+0000] {processor.py:179} INFO - Processing /workspaces/hands-on-introduction-data-engineering-4395021/airflow_env/lib/python3.10/site-packages/airflow/example_dags/example_subdag_operator.py took 0.065 seconds
[2025-08-13T03:36:04.463+0000] {processor.py:157} INFO - Started process (PID=9954) to work on /workspaces/hands-on-introduction-data-engineering-4395021/airflow_env/lib/python3.10/site-packages/airflow/example_dags/example_subdag_operator.py
[2025-08-13T03:36:04.464+0000] {processor.py:826} INFO - Processing file /workspaces/hands-on-introduction-data-engineering-4395021/airflow_env/lib/python3.10/site-packages/airflow/example_dags/example_subdag_operator.py for tasks to queue
[2025-08-13T03:36:04.465+0000] {logging_mixin.py:150} INFO - [2025-08-13T03:36:04.464+0000] {dagbag.py:541} INFO - Filling up the DagBag from /workspaces/hands-on-introduction-data-engineering-4395021/airflow_env/lib/python3.10/site-packages/airflow/example_dags/example_subdag_operator.py
[2025-08-13T03:36:04.479+0000] {processor.py:836} INFO - DAG(s) dict_keys(['example_subdag_operator.section-1', 'example_subdag_operator.section-2', 'example_subdag_operator']) retrieved from /workspaces/hands-on-introduction-data-engineering-4395021/airflow_env/lib/python3.10/site-packages/airflow/example_dags/example_subdag_operator.py
[2025-08-13T03:36:04.490+0000] {logging_mixin.py:150} INFO - [2025-08-13T03:36:04.490+0000] {dag.py:2742} INFO - Sync 3 DAGs
[2025-08-13T03:36:04.504+0000] {logging_mixin.py:150} INFO - [2025-08-13T03:36:04.504+0000] {dag.py:3504} INFO - Setting next_dagrun for example_subdag_operator to 2022-01-01T00:00:00+00:00, run_after=2022-01-01T00:00:00+00:00
[2025-08-13T03:36:04.506+0000] {logging_mixin.py:150} INFO - [2025-08-13T03:36:04.506+0000] {dag.py:3504} INFO - Setting next_dagrun for example_subdag_operator.section-1 to None, run_after=None
[2025-08-13T03:36:04.506+0000] {logging_mixin.py:150} INFO - [2025-08-13T03:36:04.506+0000] {dag.py:3504} INFO - Setting next_dagrun for example_subdag_operator.section-2 to None, run_after=None
[2025-08-13T03:36:04.511+0000] {logging_mixin.py:150} INFO - [2025-08-13T03:36:04.511+0000] {dag.py:2742} INFO - Sync 2 DAGs
[2025-08-13T03:36:04.513+0000] {logging_mixin.py:150} INFO - [2025-08-13T03:36:04.513+0000] {dag.py:3504} INFO - Setting next_dagrun for example_subdag_operator.section-1 to None, run_after=None
[2025-08-13T03:36:04.514+0000] {logging_mixin.py:150} INFO - [2025-08-13T03:36:04.514+0000] {dag.py:3504} INFO - Setting next_dagrun for example_subdag_operator.section-2 to None, run_after=None
[2025-08-13T03:36:04.526+0000] {processor.py:179} INFO - Processing /workspaces/hands-on-introduction-data-engineering-4395021/airflow_env/lib/python3.10/site-packages/airflow/example_dags/example_subdag_operator.py took 0.065 seconds
[2025-08-13T03:36:46.594+0000] {processor.py:157} INFO - Started process (PID=10270) to work on /workspaces/hands-on-introduction-data-engineering-4395021/airflow_env/lib/python3.10/site-packages/airflow/example_dags/example_subdag_operator.py
[2025-08-13T03:36:46.595+0000] {processor.py:826} INFO - Processing file /workspaces/hands-on-introduction-data-engineering-4395021/airflow_env/lib/python3.10/site-packages/airflow/example_dags/example_subdag_operator.py for tasks to queue
[2025-08-13T03:36:46.595+0000] {logging_mixin.py:150} INFO - [2025-08-13T03:36:46.595+0000] {dagbag.py:541} INFO - Filling up the DagBag from /workspaces/hands-on-introduction-data-engineering-4395021/airflow_env/lib/python3.10/site-packages/airflow/example_dags/example_subdag_operator.py
[2025-08-13T03:36:46.610+0000] {processor.py:836} INFO - DAG(s) dict_keys(['example_subdag_operator.section-1', 'example_subdag_operator.section-2', 'example_subdag_operator']) retrieved from /workspaces/hands-on-introduction-data-engineering-4395021/airflow_env/lib/python3.10/site-packages/airflow/example_dags/example_subdag_operator.py
[2025-08-13T03:36:46.621+0000] {logging_mixin.py:150} INFO - [2025-08-13T03:36:46.621+0000] {dag.py:2742} INFO - Sync 3 DAGs
[2025-08-13T03:36:46.638+0000] {logging_mixin.py:150} INFO - [2025-08-13T03:36:46.638+0000] {dag.py:3504} INFO - Setting next_dagrun for example_subdag_operator to 2022-01-01T00:00:00+00:00, run_after=2022-01-01T00:00:00+00:00
[2025-08-13T03:36:46.641+0000] {logging_mixin.py:150} INFO - [2025-08-13T03:36:46.641+0000] {dag.py:3504} INFO - Setting next_dagrun for example_subdag_operator.section-1 to None, run_after=None
[2025-08-13T03:36:46.641+0000] {logging_mixin.py:150} INFO - [2025-08-13T03:36:46.641+0000] {dag.py:3504} INFO - Setting next_dagrun for example_subdag_operator.section-2 to None, run_after=None
[2025-08-13T03:36:46.646+0000] {logging_mixin.py:150} INFO - [2025-08-13T03:36:46.646+0000] {dag.py:2742} INFO - Sync 2 DAGs
[2025-08-13T03:36:46.648+0000] {logging_mixin.py:150} INFO - [2025-08-13T03:36:46.648+0000] {dag.py:3504} INFO - Setting next_dagrun for example_subdag_operator.section-1 to None, run_after=None
[2025-08-13T03:36:46.649+0000] {logging_mixin.py:150} INFO - [2025-08-13T03:36:46.649+0000] {dag.py:3504} INFO - Setting next_dagrun for example_subdag_operator.section-2 to None, run_after=None
[2025-08-13T03:36:46.659+0000] {processor.py:179} INFO - Processing /workspaces/hands-on-introduction-data-engineering-4395021/airflow_env/lib/python3.10/site-packages/airflow/example_dags/example_subdag_operator.py took 0.067 seconds
[2025-08-13T03:37:30.412+0000] {processor.py:157} INFO - Started process (PID=10691) to work on /workspaces/hands-on-introduction-data-engineering-4395021/airflow_env/lib/python3.10/site-packages/airflow/example_dags/example_subdag_operator.py
[2025-08-13T03:37:30.413+0000] {processor.py:826} INFO - Processing file /workspaces/hands-on-introduction-data-engineering-4395021/airflow_env/lib/python3.10/site-packages/airflow/example_dags/example_subdag_operator.py for tasks to queue
[2025-08-13T03:37:30.414+0000] {logging_mixin.py:150} INFO - [2025-08-13T03:37:30.414+0000] {dagbag.py:541} INFO - Filling up the DagBag from /workspaces/hands-on-introduction-data-engineering-4395021/airflow_env/lib/python3.10/site-packages/airflow/example_dags/example_subdag_operator.py
[2025-08-13T03:37:30.456+0000] {processor.py:836} INFO - DAG(s) dict_keys(['example_subdag_operator.section-1', 'example_subdag_operator.section-2', 'example_subdag_operator']) retrieved from /workspaces/hands-on-introduction-data-engineering-4395021/airflow_env/lib/python3.10/site-packages/airflow/example_dags/example_subdag_operator.py
[2025-08-13T03:37:30.475+0000] {logging_mixin.py:150} INFO - [2025-08-13T03:37:30.475+0000] {dag.py:2742} INFO - Sync 3 DAGs
[2025-08-13T03:37:30.496+0000] {logging_mixin.py:150} INFO - [2025-08-13T03:37:30.496+0000] {dag.py:3504} INFO - Setting next_dagrun for example_subdag_operator to 2022-01-01T00:00:00+00:00, run_after=2022-01-01T00:00:00+00:00
[2025-08-13T03:37:30.501+0000] {logging_mixin.py:150} INFO - [2025-08-13T03:37:30.500+0000] {dag.py:3504} INFO - Setting next_dagrun for example_subdag_operator.section-1 to None, run_after=None
[2025-08-13T03:37:30.501+0000] {logging_mixin.py:150} INFO - [2025-08-13T03:37:30.501+0000] {dag.py:3504} INFO - Setting next_dagrun for example_subdag_operator.section-2 to None, run_after=None
[2025-08-13T03:37:30.508+0000] {logging_mixin.py:150} INFO - [2025-08-13T03:37:30.507+0000] {dag.py:2742} INFO - Sync 2 DAGs
[2025-08-13T03:37:30.512+0000] {logging_mixin.py:150} INFO - [2025-08-13T03:37:30.512+0000] {dag.py:3504} INFO - Setting next_dagrun for example_subdag_operator.section-1 to None, run_after=None
[2025-08-13T03:37:30.512+0000] {logging_mixin.py:150} INFO - [2025-08-13T03:37:30.512+0000] {dag.py:3504} INFO - Setting next_dagrun for example_subdag_operator.section-2 to None, run_after=None
[2025-08-13T03:37:30.526+0000] {processor.py:179} INFO - Processing /workspaces/hands-on-introduction-data-engineering-4395021/airflow_env/lib/python3.10/site-packages/airflow/example_dags/example_subdag_operator.py took 0.118 seconds
[2025-08-13T03:38:13.142+0000] {processor.py:157} INFO - Started process (PID=11025) to work on /workspaces/hands-on-introduction-data-engineering-4395021/airflow_env/lib/python3.10/site-packages/airflow/example_dags/example_subdag_operator.py
[2025-08-13T03:38:13.142+0000] {processor.py:826} INFO - Processing file /workspaces/hands-on-introduction-data-engineering-4395021/airflow_env/lib/python3.10/site-packages/airflow/example_dags/example_subdag_operator.py for tasks to queue
[2025-08-13T03:38:13.143+0000] {logging_mixin.py:150} INFO - [2025-08-13T03:38:13.143+0000] {dagbag.py:541} INFO - Filling up the DagBag from /workspaces/hands-on-introduction-data-engineering-4395021/airflow_env/lib/python3.10/site-packages/airflow/example_dags/example_subdag_operator.py
[2025-08-13T03:38:13.157+0000] {processor.py:836} INFO - DAG(s) dict_keys(['example_subdag_operator.section-1', 'example_subdag_operator.section-2', 'example_subdag_operator']) retrieved from /workspaces/hands-on-introduction-data-engineering-4395021/airflow_env/lib/python3.10/site-packages/airflow/example_dags/example_subdag_operator.py
[2025-08-13T03:38:13.168+0000] {logging_mixin.py:150} INFO - [2025-08-13T03:38:13.167+0000] {dag.py:2742} INFO - Sync 3 DAGs
[2025-08-13T03:38:13.181+0000] {logging_mixin.py:150} INFO - [2025-08-13T03:38:13.181+0000] {dag.py:3504} INFO - Setting next_dagrun for example_subdag_operator to 2022-01-01T00:00:00+00:00, run_after=2022-01-01T00:00:00+00:00
[2025-08-13T03:38:13.183+0000] {logging_mixin.py:150} INFO - [2025-08-13T03:38:13.183+0000] {dag.py:3504} INFO - Setting next_dagrun for example_subdag_operator.section-1 to None, run_after=None
[2025-08-13T03:38:13.184+0000] {logging_mixin.py:150} INFO - [2025-08-13T03:38:13.184+0000] {dag.py:3504} INFO - Setting next_dagrun for example_subdag_operator.section-2 to None, run_after=None
[2025-08-13T03:38:13.188+0000] {logging_mixin.py:150} INFO - [2025-08-13T03:38:13.188+0000] {dag.py:2742} INFO - Sync 2 DAGs
[2025-08-13T03:38:13.190+0000] {logging_mixin.py:150} INFO - [2025-08-13T03:38:13.190+0000] {dag.py:3504} INFO - Setting next_dagrun for example_subdag_operator.section-1 to None, run_after=None
[2025-08-13T03:38:13.191+0000] {logging_mixin.py:150} INFO - [2025-08-13T03:38:13.191+0000] {dag.py:3504} INFO - Setting next_dagrun for example_subdag_operator.section-2 to None, run_after=None
[2025-08-13T03:38:13.201+0000] {processor.py:179} INFO - Processing /workspaces/hands-on-introduction-data-engineering-4395021/airflow_env/lib/python3.10/site-packages/airflow/example_dags/example_subdag_operator.py took 0.062 seconds
[2025-08-13T10:25:42.688+0000] {processor.py:157} INFO - Started process (PID=2316) to work on /workspaces/hands-on-introduction-data-engineering-4395021/airflow_env/lib/python3.10/site-packages/airflow/example_dags/example_subdag_operator.py
[2025-08-13T10:25:42.689+0000] {processor.py:826} INFO - Processing file /workspaces/hands-on-introduction-data-engineering-4395021/airflow_env/lib/python3.10/site-packages/airflow/example_dags/example_subdag_operator.py for tasks to queue
[2025-08-13T10:25:42.690+0000] {logging_mixin.py:150} INFO - [2025-08-13T10:25:42.690+0000] {dagbag.py:541} INFO - Filling up the DagBag from /workspaces/hands-on-introduction-data-engineering-4395021/airflow_env/lib/python3.10/site-packages/airflow/example_dags/example_subdag_operator.py
[2025-08-13T10:25:42.705+0000] {processor.py:836} INFO - DAG(s) dict_keys(['example_subdag_operator.section-1', 'example_subdag_operator.section-2', 'example_subdag_operator']) retrieved from /workspaces/hands-on-introduction-data-engineering-4395021/airflow_env/lib/python3.10/site-packages/airflow/example_dags/example_subdag_operator.py
[2025-08-13T10:25:42.717+0000] {logging_mixin.py:150} INFO - [2025-08-13T10:25:42.717+0000] {dag.py:2742} INFO - Sync 3 DAGs
[2025-08-13T10:25:42.730+0000] {logging_mixin.py:150} INFO - [2025-08-13T10:25:42.730+0000] {dag.py:3504} INFO - Setting next_dagrun for example_subdag_operator to 2022-01-01T00:00:00+00:00, run_after=2022-01-01T00:00:00+00:00
[2025-08-13T10:25:42.733+0000] {logging_mixin.py:150} INFO - [2025-08-13T10:25:42.732+0000] {dag.py:3504} INFO - Setting next_dagrun for example_subdag_operator.section-1 to None, run_after=None
[2025-08-13T10:25:42.733+0000] {logging_mixin.py:150} INFO - [2025-08-13T10:25:42.733+0000] {dag.py:3504} INFO - Setting next_dagrun for example_subdag_operator.section-2 to None, run_after=None
[2025-08-13T10:25:42.738+0000] {logging_mixin.py:150} INFO - [2025-08-13T10:25:42.737+0000] {dag.py:2742} INFO - Sync 2 DAGs
[2025-08-13T10:25:42.740+0000] {logging_mixin.py:150} INFO - [2025-08-13T10:25:42.740+0000] {dag.py:3504} INFO - Setting next_dagrun for example_subdag_operator.section-1 to None, run_after=None
[2025-08-13T10:25:42.741+0000] {logging_mixin.py:150} INFO - [2025-08-13T10:25:42.741+0000] {dag.py:3504} INFO - Setting next_dagrun for example_subdag_operator.section-2 to None, run_after=None
[2025-08-13T10:25:42.751+0000] {processor.py:179} INFO - Processing /workspaces/hands-on-introduction-data-engineering-4395021/airflow_env/lib/python3.10/site-packages/airflow/example_dags/example_subdag_operator.py took 0.065 seconds
[2025-08-13T10:26:26.278+0000] {processor.py:157} INFO - Started process (PID=2680) to work on /workspaces/hands-on-introduction-data-engineering-4395021/airflow_env/lib/python3.10/site-packages/airflow/example_dags/example_subdag_operator.py
[2025-08-13T10:26:26.279+0000] {processor.py:826} INFO - Processing file /workspaces/hands-on-introduction-data-engineering-4395021/airflow_env/lib/python3.10/site-packages/airflow/example_dags/example_subdag_operator.py for tasks to queue
[2025-08-13T10:26:26.280+0000] {logging_mixin.py:150} INFO - [2025-08-13T10:26:26.279+0000] {dagbag.py:541} INFO - Filling up the DagBag from /workspaces/hands-on-introduction-data-engineering-4395021/airflow_env/lib/python3.10/site-packages/airflow/example_dags/example_subdag_operator.py
[2025-08-13T10:26:26.300+0000] {processor.py:836} INFO - DAG(s) dict_keys(['example_subdag_operator.section-1', 'example_subdag_operator.section-2', 'example_subdag_operator']) retrieved from /workspaces/hands-on-introduction-data-engineering-4395021/airflow_env/lib/python3.10/site-packages/airflow/example_dags/example_subdag_operator.py
[2025-08-13T10:26:26.317+0000] {logging_mixin.py:150} INFO - [2025-08-13T10:26:26.316+0000] {dag.py:2742} INFO - Sync 3 DAGs
[2025-08-13T10:26:26.337+0000] {logging_mixin.py:150} INFO - [2025-08-13T10:26:26.337+0000] {dag.py:3504} INFO - Setting next_dagrun for example_subdag_operator to 2022-01-01T00:00:00+00:00, run_after=2022-01-01T00:00:00+00:00
[2025-08-13T10:26:26.341+0000] {logging_mixin.py:150} INFO - [2025-08-13T10:26:26.340+0000] {dag.py:3504} INFO - Setting next_dagrun for example_subdag_operator.section-1 to None, run_after=None
[2025-08-13T10:26:26.342+0000] {logging_mixin.py:150} INFO - [2025-08-13T10:26:26.342+0000] {dag.py:3504} INFO - Setting next_dagrun for example_subdag_operator.section-2 to None, run_after=None
[2025-08-13T10:26:26.348+0000] {logging_mixin.py:150} INFO - [2025-08-13T10:26:26.348+0000] {dag.py:2742} INFO - Sync 2 DAGs
[2025-08-13T10:26:26.352+0000] {logging_mixin.py:150} INFO - [2025-08-13T10:26:26.352+0000] {dag.py:3504} INFO - Setting next_dagrun for example_subdag_operator.section-1 to None, run_after=None
[2025-08-13T10:26:26.353+0000] {logging_mixin.py:150} INFO - [2025-08-13T10:26:26.353+0000] {dag.py:3504} INFO - Setting next_dagrun for example_subdag_operator.section-2 to None, run_after=None
[2025-08-13T10:26:26.379+0000] {processor.py:179} INFO - Processing /workspaces/hands-on-introduction-data-engineering-4395021/airflow_env/lib/python3.10/site-packages/airflow/example_dags/example_subdag_operator.py took 0.105 seconds
[2025-08-13T10:27:10.325+0000] {processor.py:157} INFO - Started process (PID=2972) to work on /workspaces/hands-on-introduction-data-engineering-4395021/airflow_env/lib/python3.10/site-packages/airflow/example_dags/example_subdag_operator.py
[2025-08-13T10:27:10.326+0000] {processor.py:826} INFO - Processing file /workspaces/hands-on-introduction-data-engineering-4395021/airflow_env/lib/python3.10/site-packages/airflow/example_dags/example_subdag_operator.py for tasks to queue
[2025-08-13T10:27:10.326+0000] {logging_mixin.py:150} INFO - [2025-08-13T10:27:10.326+0000] {dagbag.py:541} INFO - Filling up the DagBag from /workspaces/hands-on-introduction-data-engineering-4395021/airflow_env/lib/python3.10/site-packages/airflow/example_dags/example_subdag_operator.py
[2025-08-13T10:27:10.341+0000] {processor.py:836} INFO - DAG(s) dict_keys(['example_subdag_operator.section-1', 'example_subdag_operator.section-2', 'example_subdag_operator']) retrieved from /workspaces/hands-on-introduction-data-engineering-4395021/airflow_env/lib/python3.10/site-packages/airflow/example_dags/example_subdag_operator.py
[2025-08-13T10:27:10.354+0000] {logging_mixin.py:150} INFO - [2025-08-13T10:27:10.354+0000] {dag.py:2742} INFO - Sync 3 DAGs
[2025-08-13T10:27:10.369+0000] {logging_mixin.py:150} INFO - [2025-08-13T10:27:10.369+0000] {dag.py:3504} INFO - Setting next_dagrun for example_subdag_operator to 2022-01-01T00:00:00+00:00, run_after=2022-01-01T00:00:00+00:00
[2025-08-13T10:27:10.372+0000] {logging_mixin.py:150} INFO - [2025-08-13T10:27:10.372+0000] {dag.py:3504} INFO - Setting next_dagrun for example_subdag_operator.section-1 to None, run_after=None
[2025-08-13T10:27:10.373+0000] {logging_mixin.py:150} INFO - [2025-08-13T10:27:10.372+0000] {dag.py:3504} INFO - Setting next_dagrun for example_subdag_operator.section-2 to None, run_after=None
[2025-08-13T10:27:10.377+0000] {logging_mixin.py:150} INFO - [2025-08-13T10:27:10.377+0000] {dag.py:2742} INFO - Sync 2 DAGs
[2025-08-13T10:27:10.380+0000] {logging_mixin.py:150} INFO - [2025-08-13T10:27:10.380+0000] {dag.py:3504} INFO - Setting next_dagrun for example_subdag_operator.section-1 to None, run_after=None
[2025-08-13T10:27:10.380+0000] {logging_mixin.py:150} INFO - [2025-08-13T10:27:10.380+0000] {dag.py:3504} INFO - Setting next_dagrun for example_subdag_operator.section-2 to None, run_after=None
[2025-08-13T10:27:10.392+0000] {processor.py:179} INFO - Processing /workspaces/hands-on-introduction-data-engineering-4395021/airflow_env/lib/python3.10/site-packages/airflow/example_dags/example_subdag_operator.py took 0.069 seconds
[2025-08-13T10:27:53.631+0000] {processor.py:157} INFO - Started process (PID=3359) to work on /workspaces/hands-on-introduction-data-engineering-4395021/airflow_env/lib/python3.10/site-packages/airflow/example_dags/example_subdag_operator.py
[2025-08-13T10:27:53.632+0000] {processor.py:826} INFO - Processing file /workspaces/hands-on-introduction-data-engineering-4395021/airflow_env/lib/python3.10/site-packages/airflow/example_dags/example_subdag_operator.py for tasks to queue
[2025-08-13T10:27:53.633+0000] {logging_mixin.py:150} INFO - [2025-08-13T10:27:53.633+0000] {dagbag.py:541} INFO - Filling up the DagBag from /workspaces/hands-on-introduction-data-engineering-4395021/airflow_env/lib/python3.10/site-packages/airflow/example_dags/example_subdag_operator.py
[2025-08-13T10:27:53.648+0000] {processor.py:836} INFO - DAG(s) dict_keys(['example_subdag_operator.section-1', 'example_subdag_operator.section-2', 'example_subdag_operator']) retrieved from /workspaces/hands-on-introduction-data-engineering-4395021/airflow_env/lib/python3.10/site-packages/airflow/example_dags/example_subdag_operator.py
[2025-08-13T10:27:53.659+0000] {logging_mixin.py:150} INFO - [2025-08-13T10:27:53.659+0000] {dag.py:2742} INFO - Sync 3 DAGs
[2025-08-13T10:27:53.673+0000] {logging_mixin.py:150} INFO - [2025-08-13T10:27:53.673+0000] {dag.py:3504} INFO - Setting next_dagrun for example_subdag_operator to 2022-01-01T00:00:00+00:00, run_after=2022-01-01T00:00:00+00:00
[2025-08-13T10:27:53.675+0000] {logging_mixin.py:150} INFO - [2025-08-13T10:27:53.675+0000] {dag.py:3504} INFO - Setting next_dagrun for example_subdag_operator.section-1 to None, run_after=None
[2025-08-13T10:27:53.675+0000] {logging_mixin.py:150} INFO - [2025-08-13T10:27:53.675+0000] {dag.py:3504} INFO - Setting next_dagrun for example_subdag_operator.section-2 to None, run_after=None
[2025-08-13T10:27:53.680+0000] {logging_mixin.py:150} INFO - [2025-08-13T10:27:53.679+0000] {dag.py:2742} INFO - Sync 2 DAGs
[2025-08-13T10:27:53.682+0000] {logging_mixin.py:150} INFO - [2025-08-13T10:27:53.682+0000] {dag.py:3504} INFO - Setting next_dagrun for example_subdag_operator.section-1 to None, run_after=None
[2025-08-13T10:27:53.683+0000] {logging_mixin.py:150} INFO - [2025-08-13T10:27:53.683+0000] {dag.py:3504} INFO - Setting next_dagrun for example_subdag_operator.section-2 to None, run_after=None
[2025-08-13T10:27:53.693+0000] {processor.py:179} INFO - Processing /workspaces/hands-on-introduction-data-engineering-4395021/airflow_env/lib/python3.10/site-packages/airflow/example_dags/example_subdag_operator.py took 0.065 seconds
[2025-08-13T10:28:37.526+0000] {processor.py:157} INFO - Started process (PID=3709) to work on /workspaces/hands-on-introduction-data-engineering-4395021/airflow_env/lib/python3.10/site-packages/airflow/example_dags/example_subdag_operator.py
[2025-08-13T10:28:37.526+0000] {processor.py:826} INFO - Processing file /workspaces/hands-on-introduction-data-engineering-4395021/airflow_env/lib/python3.10/site-packages/airflow/example_dags/example_subdag_operator.py for tasks to queue
[2025-08-13T10:28:37.527+0000] {logging_mixin.py:150} INFO - [2025-08-13T10:28:37.527+0000] {dagbag.py:541} INFO - Filling up the DagBag from /workspaces/hands-on-introduction-data-engineering-4395021/airflow_env/lib/python3.10/site-packages/airflow/example_dags/example_subdag_operator.py
[2025-08-13T10:28:37.541+0000] {processor.py:836} INFO - DAG(s) dict_keys(['example_subdag_operator.section-1', 'example_subdag_operator.section-2', 'example_subdag_operator']) retrieved from /workspaces/hands-on-introduction-data-engineering-4395021/airflow_env/lib/python3.10/site-packages/airflow/example_dags/example_subdag_operator.py
[2025-08-13T10:28:37.552+0000] {logging_mixin.py:150} INFO - [2025-08-13T10:28:37.551+0000] {dag.py:2742} INFO - Sync 3 DAGs
[2025-08-13T10:28:37.566+0000] {logging_mixin.py:150} INFO - [2025-08-13T10:28:37.566+0000] {dag.py:3504} INFO - Setting next_dagrun for example_subdag_operator to 2022-01-01T00:00:00+00:00, run_after=2022-01-01T00:00:00+00:00
[2025-08-13T10:28:37.568+0000] {logging_mixin.py:150} INFO - [2025-08-13T10:28:37.568+0000] {dag.py:3504} INFO - Setting next_dagrun for example_subdag_operator.section-1 to None, run_after=None
[2025-08-13T10:28:37.569+0000] {logging_mixin.py:150} INFO - [2025-08-13T10:28:37.569+0000] {dag.py:3504} INFO - Setting next_dagrun for example_subdag_operator.section-2 to None, run_after=None
[2025-08-13T10:28:37.573+0000] {logging_mixin.py:150} INFO - [2025-08-13T10:28:37.573+0000] {dag.py:2742} INFO - Sync 2 DAGs
[2025-08-13T10:28:37.576+0000] {logging_mixin.py:150} INFO - [2025-08-13T10:28:37.576+0000] {dag.py:3504} INFO - Setting next_dagrun for example_subdag_operator.section-1 to None, run_after=None
[2025-08-13T10:28:37.576+0000] {logging_mixin.py:150} INFO - [2025-08-13T10:28:37.576+0000] {dag.py:3504} INFO - Setting next_dagrun for example_subdag_operator.section-2 to None, run_after=None
[2025-08-13T10:28:37.587+0000] {processor.py:179} INFO - Processing /workspaces/hands-on-introduction-data-engineering-4395021/airflow_env/lib/python3.10/site-packages/airflow/example_dags/example_subdag_operator.py took 0.063 seconds
[2025-08-13T10:29:21.588+0000] {processor.py:157} INFO - Started process (PID=4086) to work on /workspaces/hands-on-introduction-data-engineering-4395021/airflow_env/lib/python3.10/site-packages/airflow/example_dags/example_subdag_operator.py
[2025-08-13T10:29:21.588+0000] {processor.py:826} INFO - Processing file /workspaces/hands-on-introduction-data-engineering-4395021/airflow_env/lib/python3.10/site-packages/airflow/example_dags/example_subdag_operator.py for tasks to queue
[2025-08-13T10:29:21.589+0000] {logging_mixin.py:150} INFO - [2025-08-13T10:29:21.589+0000] {dagbag.py:541} INFO - Filling up the DagBag from /workspaces/hands-on-introduction-data-engineering-4395021/airflow_env/lib/python3.10/site-packages/airflow/example_dags/example_subdag_operator.py
[2025-08-13T10:29:21.603+0000] {processor.py:836} INFO - DAG(s) dict_keys(['example_subdag_operator.section-1', 'example_subdag_operator.section-2', 'example_subdag_operator']) retrieved from /workspaces/hands-on-introduction-data-engineering-4395021/airflow_env/lib/python3.10/site-packages/airflow/example_dags/example_subdag_operator.py
[2025-08-13T10:29:21.614+0000] {logging_mixin.py:150} INFO - [2025-08-13T10:29:21.614+0000] {dag.py:2742} INFO - Sync 3 DAGs
[2025-08-13T10:29:21.627+0000] {logging_mixin.py:150} INFO - [2025-08-13T10:29:21.627+0000] {dag.py:3504} INFO - Setting next_dagrun for example_subdag_operator to 2022-01-01T00:00:00+00:00, run_after=2022-01-01T00:00:00+00:00
[2025-08-13T10:29:21.629+0000] {logging_mixin.py:150} INFO - [2025-08-13T10:29:21.629+0000] {dag.py:3504} INFO - Setting next_dagrun for example_subdag_operator.section-1 to None, run_after=None
[2025-08-13T10:29:21.632+0000] {logging_mixin.py:150} INFO - [2025-08-13T10:29:21.632+0000] {dag.py:3504} INFO - Setting next_dagrun for example_subdag_operator.section-2 to None, run_after=None
[2025-08-13T10:29:21.639+0000] {logging_mixin.py:150} INFO - [2025-08-13T10:29:21.639+0000] {dag.py:2742} INFO - Sync 2 DAGs
[2025-08-13T10:29:21.645+0000] {logging_mixin.py:150} INFO - [2025-08-13T10:29:21.645+0000] {dag.py:3504} INFO - Setting next_dagrun for example_subdag_operator.section-1 to None, run_after=None
[2025-08-13T10:29:21.645+0000] {logging_mixin.py:150} INFO - [2025-08-13T10:29:21.645+0000] {dag.py:3504} INFO - Setting next_dagrun for example_subdag_operator.section-2 to None, run_after=None
[2025-08-13T10:29:21.662+0000] {processor.py:179} INFO - Processing /workspaces/hands-on-introduction-data-engineering-4395021/airflow_env/lib/python3.10/site-packages/airflow/example_dags/example_subdag_operator.py took 0.077 seconds
[2025-08-13T10:30:06.072+0000] {processor.py:157} INFO - Started process (PID=4381) to work on /workspaces/hands-on-introduction-data-engineering-4395021/airflow_env/lib/python3.10/site-packages/airflow/example_dags/example_subdag_operator.py
[2025-08-13T10:30:06.073+0000] {processor.py:826} INFO - Processing file /workspaces/hands-on-introduction-data-engineering-4395021/airflow_env/lib/python3.10/site-packages/airflow/example_dags/example_subdag_operator.py for tasks to queue
[2025-08-13T10:30:06.073+0000] {logging_mixin.py:150} INFO - [2025-08-13T10:30:06.073+0000] {dagbag.py:541} INFO - Filling up the DagBag from /workspaces/hands-on-introduction-data-engineering-4395021/airflow_env/lib/python3.10/site-packages/airflow/example_dags/example_subdag_operator.py
[2025-08-13T10:30:06.087+0000] {processor.py:836} INFO - DAG(s) dict_keys(['example_subdag_operator.section-1', 'example_subdag_operator.section-2', 'example_subdag_operator']) retrieved from /workspaces/hands-on-introduction-data-engineering-4395021/airflow_env/lib/python3.10/site-packages/airflow/example_dags/example_subdag_operator.py
[2025-08-13T10:30:06.099+0000] {logging_mixin.py:150} INFO - [2025-08-13T10:30:06.099+0000] {dag.py:2742} INFO - Sync 3 DAGs
[2025-08-13T10:30:06.113+0000] {logging_mixin.py:150} INFO - [2025-08-13T10:30:06.113+0000] {dag.py:3504} INFO - Setting next_dagrun for example_subdag_operator to 2022-01-01T00:00:00+00:00, run_after=2022-01-01T00:00:00+00:00
[2025-08-13T10:30:06.115+0000] {logging_mixin.py:150} INFO - [2025-08-13T10:30:06.115+0000] {dag.py:3504} INFO - Setting next_dagrun for example_subdag_operator.section-1 to None, run_after=None
[2025-08-13T10:30:06.116+0000] {logging_mixin.py:150} INFO - [2025-08-13T10:30:06.116+0000] {dag.py:3504} INFO - Setting next_dagrun for example_subdag_operator.section-2 to None, run_after=None
[2025-08-13T10:30:06.120+0000] {logging_mixin.py:150} INFO - [2025-08-13T10:30:06.120+0000] {dag.py:2742} INFO - Sync 2 DAGs
[2025-08-13T10:30:06.123+0000] {logging_mixin.py:150} INFO - [2025-08-13T10:30:06.123+0000] {dag.py:3504} INFO - Setting next_dagrun for example_subdag_operator.section-1 to None, run_after=None
[2025-08-13T10:30:06.123+0000] {logging_mixin.py:150} INFO - [2025-08-13T10:30:06.123+0000] {dag.py:3504} INFO - Setting next_dagrun for example_subdag_operator.section-2 to None, run_after=None
[2025-08-13T10:30:06.133+0000] {processor.py:179} INFO - Processing /workspaces/hands-on-introduction-data-engineering-4395021/airflow_env/lib/python3.10/site-packages/airflow/example_dags/example_subdag_operator.py took 0.063 seconds
[2025-08-13T10:30:50.534+0000] {processor.py:157} INFO - Started process (PID=4679) to work on /workspaces/hands-on-introduction-data-engineering-4395021/airflow_env/lib/python3.10/site-packages/airflow/example_dags/example_subdag_operator.py
[2025-08-13T10:30:50.535+0000] {processor.py:826} INFO - Processing file /workspaces/hands-on-introduction-data-engineering-4395021/airflow_env/lib/python3.10/site-packages/airflow/example_dags/example_subdag_operator.py for tasks to queue
[2025-08-13T10:30:50.536+0000] {logging_mixin.py:150} INFO - [2025-08-13T10:30:50.535+0000] {dagbag.py:541} INFO - Filling up the DagBag from /workspaces/hands-on-introduction-data-engineering-4395021/airflow_env/lib/python3.10/site-packages/airflow/example_dags/example_subdag_operator.py
[2025-08-13T10:30:50.550+0000] {processor.py:836} INFO - DAG(s) dict_keys(['example_subdag_operator.section-1', 'example_subdag_operator.section-2', 'example_subdag_operator']) retrieved from /workspaces/hands-on-introduction-data-engineering-4395021/airflow_env/lib/python3.10/site-packages/airflow/example_dags/example_subdag_operator.py
[2025-08-13T10:30:50.560+0000] {logging_mixin.py:150} INFO - [2025-08-13T10:30:50.560+0000] {dag.py:2742} INFO - Sync 3 DAGs
[2025-08-13T10:30:50.574+0000] {logging_mixin.py:150} INFO - [2025-08-13T10:30:50.574+0000] {dag.py:3504} INFO - Setting next_dagrun for example_subdag_operator to 2022-01-01T00:00:00+00:00, run_after=2022-01-01T00:00:00+00:00
[2025-08-13T10:30:50.576+0000] {logging_mixin.py:150} INFO - [2025-08-13T10:30:50.576+0000] {dag.py:3504} INFO - Setting next_dagrun for example_subdag_operator.section-1 to None, run_after=None
[2025-08-13T10:30:50.577+0000] {logging_mixin.py:150} INFO - [2025-08-13T10:30:50.577+0000] {dag.py:3504} INFO - Setting next_dagrun for example_subdag_operator.section-2 to None, run_after=None
[2025-08-13T10:30:50.581+0000] {logging_mixin.py:150} INFO - [2025-08-13T10:30:50.581+0000] {dag.py:2742} INFO - Sync 2 DAGs
[2025-08-13T10:30:50.584+0000] {logging_mixin.py:150} INFO - [2025-08-13T10:30:50.583+0000] {dag.py:3504} INFO - Setting next_dagrun for example_subdag_operator.section-1 to None, run_after=None
[2025-08-13T10:30:50.584+0000] {logging_mixin.py:150} INFO - [2025-08-13T10:30:50.584+0000] {dag.py:3504} INFO - Setting next_dagrun for example_subdag_operator.section-2 to None, run_after=None
[2025-08-13T10:30:50.594+0000] {processor.py:179} INFO - Processing /workspaces/hands-on-introduction-data-engineering-4395021/airflow_env/lib/python3.10/site-packages/airflow/example_dags/example_subdag_operator.py took 0.062 seconds
[2025-08-13T10:31:34.464+0000] {processor.py:157} INFO - Started process (PID=4996) to work on /workspaces/hands-on-introduction-data-engineering-4395021/airflow_env/lib/python3.10/site-packages/airflow/example_dags/example_subdag_operator.py
[2025-08-13T10:31:34.465+0000] {processor.py:826} INFO - Processing file /workspaces/hands-on-introduction-data-engineering-4395021/airflow_env/lib/python3.10/site-packages/airflow/example_dags/example_subdag_operator.py for tasks to queue
[2025-08-13T10:31:34.465+0000] {logging_mixin.py:150} INFO - [2025-08-13T10:31:34.465+0000] {dagbag.py:541} INFO - Filling up the DagBag from /workspaces/hands-on-introduction-data-engineering-4395021/airflow_env/lib/python3.10/site-packages/airflow/example_dags/example_subdag_operator.py
[2025-08-13T10:31:34.480+0000] {processor.py:836} INFO - DAG(s) dict_keys(['example_subdag_operator.section-1', 'example_subdag_operator.section-2', 'example_subdag_operator']) retrieved from /workspaces/hands-on-introduction-data-engineering-4395021/airflow_env/lib/python3.10/site-packages/airflow/example_dags/example_subdag_operator.py
[2025-08-13T10:31:34.490+0000] {logging_mixin.py:150} INFO - [2025-08-13T10:31:34.490+0000] {dag.py:2742} INFO - Sync 3 DAGs
[2025-08-13T10:31:34.504+0000] {logging_mixin.py:150} INFO - [2025-08-13T10:31:34.504+0000] {dag.py:3504} INFO - Setting next_dagrun for example_subdag_operator to 2022-01-01T00:00:00+00:00, run_after=2022-01-01T00:00:00+00:00
[2025-08-13T10:31:34.506+0000] {logging_mixin.py:150} INFO - [2025-08-13T10:31:34.506+0000] {dag.py:3504} INFO - Setting next_dagrun for example_subdag_operator.section-1 to None, run_after=None
[2025-08-13T10:31:34.507+0000] {logging_mixin.py:150} INFO - [2025-08-13T10:31:34.507+0000] {dag.py:3504} INFO - Setting next_dagrun for example_subdag_operator.section-2 to None, run_after=None
[2025-08-13T10:31:34.511+0000] {logging_mixin.py:150} INFO - [2025-08-13T10:31:34.511+0000] {dag.py:2742} INFO - Sync 2 DAGs
[2025-08-13T10:31:34.514+0000] {logging_mixin.py:150} INFO - [2025-08-13T10:31:34.514+0000] {dag.py:3504} INFO - Setting next_dagrun for example_subdag_operator.section-1 to None, run_after=None
[2025-08-13T10:31:34.514+0000] {logging_mixin.py:150} INFO - [2025-08-13T10:31:34.514+0000] {dag.py:3504} INFO - Setting next_dagrun for example_subdag_operator.section-2 to None, run_after=None
[2025-08-13T10:31:34.525+0000] {processor.py:179} INFO - Processing /workspaces/hands-on-introduction-data-engineering-4395021/airflow_env/lib/python3.10/site-packages/airflow/example_dags/example_subdag_operator.py took 0.063 seconds
[2025-08-13T10:32:18.460+0000] {processor.py:157} INFO - Started process (PID=5289) to work on /workspaces/hands-on-introduction-data-engineering-4395021/airflow_env/lib/python3.10/site-packages/airflow/example_dags/example_subdag_operator.py
[2025-08-13T10:32:18.460+0000] {processor.py:826} INFO - Processing file /workspaces/hands-on-introduction-data-engineering-4395021/airflow_env/lib/python3.10/site-packages/airflow/example_dags/example_subdag_operator.py for tasks to queue
[2025-08-13T10:32:18.461+0000] {logging_mixin.py:150} INFO - [2025-08-13T10:32:18.461+0000] {dagbag.py:541} INFO - Filling up the DagBag from /workspaces/hands-on-introduction-data-engineering-4395021/airflow_env/lib/python3.10/site-packages/airflow/example_dags/example_subdag_operator.py
[2025-08-13T10:32:18.475+0000] {processor.py:836} INFO - DAG(s) dict_keys(['example_subdag_operator.section-1', 'example_subdag_operator.section-2', 'example_subdag_operator']) retrieved from /workspaces/hands-on-introduction-data-engineering-4395021/airflow_env/lib/python3.10/site-packages/airflow/example_dags/example_subdag_operator.py
[2025-08-13T10:32:18.486+0000] {logging_mixin.py:150} INFO - [2025-08-13T10:32:18.486+0000] {dag.py:2742} INFO - Sync 3 DAGs
[2025-08-13T10:32:18.499+0000] {logging_mixin.py:150} INFO - [2025-08-13T10:32:18.499+0000] {dag.py:3504} INFO - Setting next_dagrun for example_subdag_operator to 2022-01-01T00:00:00+00:00, run_after=2022-01-01T00:00:00+00:00
[2025-08-13T10:32:18.502+0000] {logging_mixin.py:150} INFO - [2025-08-13T10:32:18.501+0000] {dag.py:3504} INFO - Setting next_dagrun for example_subdag_operator.section-1 to None, run_after=None
[2025-08-13T10:32:18.502+0000] {logging_mixin.py:150} INFO - [2025-08-13T10:32:18.502+0000] {dag.py:3504} INFO - Setting next_dagrun for example_subdag_operator.section-2 to None, run_after=None
[2025-08-13T10:32:18.507+0000] {logging_mixin.py:150} INFO - [2025-08-13T10:32:18.507+0000] {dag.py:2742} INFO - Sync 2 DAGs
[2025-08-13T10:32:18.510+0000] {logging_mixin.py:150} INFO - [2025-08-13T10:32:18.510+0000] {dag.py:3504} INFO - Setting next_dagrun for example_subdag_operator.section-1 to None, run_after=None
[2025-08-13T10:32:18.510+0000] {logging_mixin.py:150} INFO - [2025-08-13T10:32:18.510+0000] {dag.py:3504} INFO - Setting next_dagrun for example_subdag_operator.section-2 to None, run_after=None
[2025-08-13T10:32:18.520+0000] {processor.py:179} INFO - Processing /workspaces/hands-on-introduction-data-engineering-4395021/airflow_env/lib/python3.10/site-packages/airflow/example_dags/example_subdag_operator.py took 0.063 seconds
[2025-08-13T10:33:04.532+0000] {processor.py:157} INFO - Started process (PID=5651) to work on /workspaces/hands-on-introduction-data-engineering-4395021/airflow_env/lib/python3.10/site-packages/airflow/example_dags/example_subdag_operator.py
[2025-08-13T10:33:04.532+0000] {processor.py:826} INFO - Processing file /workspaces/hands-on-introduction-data-engineering-4395021/airflow_env/lib/python3.10/site-packages/airflow/example_dags/example_subdag_operator.py for tasks to queue
[2025-08-13T10:33:04.533+0000] {logging_mixin.py:150} INFO - [2025-08-13T10:33:04.533+0000] {dagbag.py:541} INFO - Filling up the DagBag from /workspaces/hands-on-introduction-data-engineering-4395021/airflow_env/lib/python3.10/site-packages/airflow/example_dags/example_subdag_operator.py
[2025-08-13T10:33:04.547+0000] {processor.py:836} INFO - DAG(s) dict_keys(['example_subdag_operator.section-1', 'example_subdag_operator.section-2', 'example_subdag_operator']) retrieved from /workspaces/hands-on-introduction-data-engineering-4395021/airflow_env/lib/python3.10/site-packages/airflow/example_dags/example_subdag_operator.py
[2025-08-13T10:33:04.558+0000] {logging_mixin.py:150} INFO - [2025-08-13T10:33:04.558+0000] {dag.py:2742} INFO - Sync 3 DAGs
[2025-08-13T10:33:04.571+0000] {logging_mixin.py:150} INFO - [2025-08-13T10:33:04.571+0000] {dag.py:3504} INFO - Setting next_dagrun for example_subdag_operator to 2022-01-01T00:00:00+00:00, run_after=2022-01-01T00:00:00+00:00
[2025-08-13T10:33:04.573+0000] {logging_mixin.py:150} INFO - [2025-08-13T10:33:04.573+0000] {dag.py:3504} INFO - Setting next_dagrun for example_subdag_operator.section-1 to None, run_after=None
[2025-08-13T10:33:04.574+0000] {logging_mixin.py:150} INFO - [2025-08-13T10:33:04.574+0000] {dag.py:3504} INFO - Setting next_dagrun for example_subdag_operator.section-2 to None, run_after=None
[2025-08-13T10:33:04.578+0000] {logging_mixin.py:150} INFO - [2025-08-13T10:33:04.578+0000] {dag.py:2742} INFO - Sync 2 DAGs
[2025-08-13T10:33:04.580+0000] {logging_mixin.py:150} INFO - [2025-08-13T10:33:04.580+0000] {dag.py:3504} INFO - Setting next_dagrun for example_subdag_operator.section-1 to None, run_after=None
[2025-08-13T10:33:04.581+0000] {logging_mixin.py:150} INFO - [2025-08-13T10:33:04.581+0000] {dag.py:3504} INFO - Setting next_dagrun for example_subdag_operator.section-2 to None, run_after=None
[2025-08-13T10:33:04.592+0000] {processor.py:179} INFO - Processing /workspaces/hands-on-introduction-data-engineering-4395021/airflow_env/lib/python3.10/site-packages/airflow/example_dags/example_subdag_operator.py took 0.062 seconds
[2025-08-13T10:33:48.222+0000] {processor.py:157} INFO - Started process (PID=6063) to work on /workspaces/hands-on-introduction-data-engineering-4395021/airflow_env/lib/python3.10/site-packages/airflow/example_dags/example_subdag_operator.py
[2025-08-13T10:33:48.222+0000] {processor.py:826} INFO - Processing file /workspaces/hands-on-introduction-data-engineering-4395021/airflow_env/lib/python3.10/site-packages/airflow/example_dags/example_subdag_operator.py for tasks to queue
[2025-08-13T10:33:48.223+0000] {logging_mixin.py:150} INFO - [2025-08-13T10:33:48.223+0000] {dagbag.py:541} INFO - Filling up the DagBag from /workspaces/hands-on-introduction-data-engineering-4395021/airflow_env/lib/python3.10/site-packages/airflow/example_dags/example_subdag_operator.py
[2025-08-13T10:33:48.238+0000] {processor.py:836} INFO - DAG(s) dict_keys(['example_subdag_operator.section-1', 'example_subdag_operator.section-2', 'example_subdag_operator']) retrieved from /workspaces/hands-on-introduction-data-engineering-4395021/airflow_env/lib/python3.10/site-packages/airflow/example_dags/example_subdag_operator.py
[2025-08-13T10:33:48.249+0000] {logging_mixin.py:150} INFO - [2025-08-13T10:33:48.249+0000] {dag.py:2742} INFO - Sync 3 DAGs
[2025-08-13T10:33:48.263+0000] {logging_mixin.py:150} INFO - [2025-08-13T10:33:48.263+0000] {dag.py:3504} INFO - Setting next_dagrun for example_subdag_operator to 2022-01-01T00:00:00+00:00, run_after=2022-01-01T00:00:00+00:00
[2025-08-13T10:33:48.266+0000] {logging_mixin.py:150} INFO - [2025-08-13T10:33:48.265+0000] {dag.py:3504} INFO - Setting next_dagrun for example_subdag_operator.section-1 to None, run_after=None
[2025-08-13T10:33:48.266+0000] {logging_mixin.py:150} INFO - [2025-08-13T10:33:48.266+0000] {dag.py:3504} INFO - Setting next_dagrun for example_subdag_operator.section-2 to None, run_after=None
[2025-08-13T10:33:48.270+0000] {logging_mixin.py:150} INFO - [2025-08-13T10:33:48.270+0000] {dag.py:2742} INFO - Sync 2 DAGs
[2025-08-13T10:33:48.273+0000] {logging_mixin.py:150} INFO - [2025-08-13T10:33:48.273+0000] {dag.py:3504} INFO - Setting next_dagrun for example_subdag_operator.section-1 to None, run_after=None
[2025-08-13T10:33:48.274+0000] {logging_mixin.py:150} INFO - [2025-08-13T10:33:48.273+0000] {dag.py:3504} INFO - Setting next_dagrun for example_subdag_operator.section-2 to None, run_after=None
[2025-08-13T10:33:48.284+0000] {processor.py:179} INFO - Processing /workspaces/hands-on-introduction-data-engineering-4395021/airflow_env/lib/python3.10/site-packages/airflow/example_dags/example_subdag_operator.py took 0.065 seconds
[2025-08-13T10:34:32.180+0000] {processor.py:157} INFO - Started process (PID=6401) to work on /workspaces/hands-on-introduction-data-engineering-4395021/airflow_env/lib/python3.10/site-packages/airflow/example_dags/example_subdag_operator.py
[2025-08-13T10:34:32.181+0000] {processor.py:826} INFO - Processing file /workspaces/hands-on-introduction-data-engineering-4395021/airflow_env/lib/python3.10/site-packages/airflow/example_dags/example_subdag_operator.py for tasks to queue
[2025-08-13T10:34:32.181+0000] {logging_mixin.py:150} INFO - [2025-08-13T10:34:32.181+0000] {dagbag.py:541} INFO - Filling up the DagBag from /workspaces/hands-on-introduction-data-engineering-4395021/airflow_env/lib/python3.10/site-packages/airflow/example_dags/example_subdag_operator.py
[2025-08-13T10:34:32.195+0000] {processor.py:836} INFO - DAG(s) dict_keys(['example_subdag_operator.section-1', 'example_subdag_operator.section-2', 'example_subdag_operator']) retrieved from /workspaces/hands-on-introduction-data-engineering-4395021/airflow_env/lib/python3.10/site-packages/airflow/example_dags/example_subdag_operator.py
[2025-08-13T10:34:32.206+0000] {logging_mixin.py:150} INFO - [2025-08-13T10:34:32.206+0000] {dag.py:2742} INFO - Sync 3 DAGs
[2025-08-13T10:34:32.219+0000] {logging_mixin.py:150} INFO - [2025-08-13T10:34:32.219+0000] {dag.py:3504} INFO - Setting next_dagrun for example_subdag_operator to 2022-01-01T00:00:00+00:00, run_after=2022-01-01T00:00:00+00:00
[2025-08-13T10:34:32.221+0000] {logging_mixin.py:150} INFO - [2025-08-13T10:34:32.221+0000] {dag.py:3504} INFO - Setting next_dagrun for example_subdag_operator.section-1 to None, run_after=None
[2025-08-13T10:34:32.222+0000] {logging_mixin.py:150} INFO - [2025-08-13T10:34:32.222+0000] {dag.py:3504} INFO - Setting next_dagrun for example_subdag_operator.section-2 to None, run_after=None
[2025-08-13T10:34:32.226+0000] {logging_mixin.py:150} INFO - [2025-08-13T10:34:32.226+0000] {dag.py:2742} INFO - Sync 2 DAGs
[2025-08-13T10:34:32.229+0000] {logging_mixin.py:150} INFO - [2025-08-13T10:34:32.229+0000] {dag.py:3504} INFO - Setting next_dagrun for example_subdag_operator.section-1 to None, run_after=None
[2025-08-13T10:34:32.229+0000] {logging_mixin.py:150} INFO - [2025-08-13T10:34:32.229+0000] {dag.py:3504} INFO - Setting next_dagrun for example_subdag_operator.section-2 to None, run_after=None
[2025-08-13T10:34:32.239+0000] {processor.py:179} INFO - Processing /workspaces/hands-on-introduction-data-engineering-4395021/airflow_env/lib/python3.10/site-packages/airflow/example_dags/example_subdag_operator.py took 0.061 seconds
[2025-08-13T10:35:18.489+0000] {processor.py:157} INFO - Started process (PID=6775) to work on /workspaces/hands-on-introduction-data-engineering-4395021/airflow_env/lib/python3.10/site-packages/airflow/example_dags/example_subdag_operator.py
[2025-08-13T10:35:18.489+0000] {processor.py:826} INFO - Processing file /workspaces/hands-on-introduction-data-engineering-4395021/airflow_env/lib/python3.10/site-packages/airflow/example_dags/example_subdag_operator.py for tasks to queue
[2025-08-13T10:35:18.490+0000] {logging_mixin.py:150} INFO - [2025-08-13T10:35:18.490+0000] {dagbag.py:541} INFO - Filling up the DagBag from /workspaces/hands-on-introduction-data-engineering-4395021/airflow_env/lib/python3.10/site-packages/airflow/example_dags/example_subdag_operator.py
[2025-08-13T10:35:18.504+0000] {processor.py:836} INFO - DAG(s) dict_keys(['example_subdag_operator.section-1', 'example_subdag_operator.section-2', 'example_subdag_operator']) retrieved from /workspaces/hands-on-introduction-data-engineering-4395021/airflow_env/lib/python3.10/site-packages/airflow/example_dags/example_subdag_operator.py
[2025-08-13T10:35:18.515+0000] {logging_mixin.py:150} INFO - [2025-08-13T10:35:18.515+0000] {dag.py:2742} INFO - Sync 3 DAGs
[2025-08-13T10:35:18.529+0000] {logging_mixin.py:150} INFO - [2025-08-13T10:35:18.529+0000] {dag.py:3504} INFO - Setting next_dagrun for example_subdag_operator to 2022-01-01T00:00:00+00:00, run_after=2022-01-01T00:00:00+00:00
[2025-08-13T10:35:18.531+0000] {logging_mixin.py:150} INFO - [2025-08-13T10:35:18.531+0000] {dag.py:3504} INFO - Setting next_dagrun for example_subdag_operator.section-1 to None, run_after=None
[2025-08-13T10:35:18.532+0000] {logging_mixin.py:150} INFO - [2025-08-13T10:35:18.532+0000] {dag.py:3504} INFO - Setting next_dagrun for example_subdag_operator.section-2 to None, run_after=None
[2025-08-13T10:35:18.536+0000] {logging_mixin.py:150} INFO - [2025-08-13T10:35:18.536+0000] {dag.py:2742} INFO - Sync 2 DAGs
[2025-08-13T10:35:18.539+0000] {logging_mixin.py:150} INFO - [2025-08-13T10:35:18.538+0000] {dag.py:3504} INFO - Setting next_dagrun for example_subdag_operator.section-1 to None, run_after=None
[2025-08-13T10:35:18.539+0000] {logging_mixin.py:150} INFO - [2025-08-13T10:35:18.539+0000] {dag.py:3504} INFO - Setting next_dagrun for example_subdag_operator.section-2 to None, run_after=None
[2025-08-13T10:35:18.550+0000] {processor.py:179} INFO - Processing /workspaces/hands-on-introduction-data-engineering-4395021/airflow_env/lib/python3.10/site-packages/airflow/example_dags/example_subdag_operator.py took 0.063 seconds
[2025-08-13T10:36:00.643+0000] {processor.py:157} INFO - Started process (PID=7062) to work on /workspaces/hands-on-introduction-data-engineering-4395021/airflow_env/lib/python3.10/site-packages/airflow/example_dags/example_subdag_operator.py
[2025-08-13T10:36:00.643+0000] {processor.py:826} INFO - Processing file /workspaces/hands-on-introduction-data-engineering-4395021/airflow_env/lib/python3.10/site-packages/airflow/example_dags/example_subdag_operator.py for tasks to queue
[2025-08-13T10:36:00.644+0000] {logging_mixin.py:150} INFO - [2025-08-13T10:36:00.644+0000] {dagbag.py:541} INFO - Filling up the DagBag from /workspaces/hands-on-introduction-data-engineering-4395021/airflow_env/lib/python3.10/site-packages/airflow/example_dags/example_subdag_operator.py
[2025-08-13T10:36:00.658+0000] {processor.py:836} INFO - DAG(s) dict_keys(['example_subdag_operator.section-1', 'example_subdag_operator.section-2', 'example_subdag_operator']) retrieved from /workspaces/hands-on-introduction-data-engineering-4395021/airflow_env/lib/python3.10/site-packages/airflow/example_dags/example_subdag_operator.py
[2025-08-13T10:36:00.670+0000] {logging_mixin.py:150} INFO - [2025-08-13T10:36:00.670+0000] {dag.py:2742} INFO - Sync 3 DAGs
[2025-08-13T10:36:00.684+0000] {logging_mixin.py:150} INFO - [2025-08-13T10:36:00.684+0000] {dag.py:3504} INFO - Setting next_dagrun for example_subdag_operator to 2022-01-01T00:00:00+00:00, run_after=2022-01-01T00:00:00+00:00
[2025-08-13T10:36:00.686+0000] {logging_mixin.py:150} INFO - [2025-08-13T10:36:00.686+0000] {dag.py:3504} INFO - Setting next_dagrun for example_subdag_operator.section-1 to None, run_after=None
[2025-08-13T10:36:00.687+0000] {logging_mixin.py:150} INFO - [2025-08-13T10:36:00.687+0000] {dag.py:3504} INFO - Setting next_dagrun for example_subdag_operator.section-2 to None, run_after=None
[2025-08-13T10:36:00.691+0000] {logging_mixin.py:150} INFO - [2025-08-13T10:36:00.691+0000] {dag.py:2742} INFO - Sync 2 DAGs
[2025-08-13T10:36:00.695+0000] {logging_mixin.py:150} INFO - [2025-08-13T10:36:00.694+0000] {dag.py:3504} INFO - Setting next_dagrun for example_subdag_operator.section-1 to None, run_after=None
[2025-08-13T10:36:00.695+0000] {logging_mixin.py:150} INFO - [2025-08-13T10:36:00.695+0000] {dag.py:3504} INFO - Setting next_dagrun for example_subdag_operator.section-2 to None, run_after=None
[2025-08-13T10:36:00.706+0000] {processor.py:179} INFO - Processing /workspaces/hands-on-introduction-data-engineering-4395021/airflow_env/lib/python3.10/site-packages/airflow/example_dags/example_subdag_operator.py took 0.065 seconds
[2025-08-13T10:36:45.765+0000] {processor.py:157} INFO - Started process (PID=7363) to work on /workspaces/hands-on-introduction-data-engineering-4395021/airflow_env/lib/python3.10/site-packages/airflow/example_dags/example_subdag_operator.py
[2025-08-13T10:36:45.766+0000] {processor.py:826} INFO - Processing file /workspaces/hands-on-introduction-data-engineering-4395021/airflow_env/lib/python3.10/site-packages/airflow/example_dags/example_subdag_operator.py for tasks to queue
[2025-08-13T10:36:45.766+0000] {logging_mixin.py:150} INFO - [2025-08-13T10:36:45.766+0000] {dagbag.py:541} INFO - Filling up the DagBag from /workspaces/hands-on-introduction-data-engineering-4395021/airflow_env/lib/python3.10/site-packages/airflow/example_dags/example_subdag_operator.py
[2025-08-13T10:36:45.781+0000] {processor.py:836} INFO - DAG(s) dict_keys(['example_subdag_operator.section-1', 'example_subdag_operator.section-2', 'example_subdag_operator']) retrieved from /workspaces/hands-on-introduction-data-engineering-4395021/airflow_env/lib/python3.10/site-packages/airflow/example_dags/example_subdag_operator.py
[2025-08-13T10:36:45.793+0000] {logging_mixin.py:150} INFO - [2025-08-13T10:36:45.793+0000] {dag.py:2742} INFO - Sync 3 DAGs
[2025-08-13T10:36:45.807+0000] {logging_mixin.py:150} INFO - [2025-08-13T10:36:45.807+0000] {dag.py:3504} INFO - Setting next_dagrun for example_subdag_operator to 2022-01-01T00:00:00+00:00, run_after=2022-01-01T00:00:00+00:00
[2025-08-13T10:36:45.809+0000] {logging_mixin.py:150} INFO - [2025-08-13T10:36:45.809+0000] {dag.py:3504} INFO - Setting next_dagrun for example_subdag_operator.section-1 to None, run_after=None
[2025-08-13T10:36:45.810+0000] {logging_mixin.py:150} INFO - [2025-08-13T10:36:45.810+0000] {dag.py:3504} INFO - Setting next_dagrun for example_subdag_operator.section-2 to None, run_after=None
[2025-08-13T10:36:45.814+0000] {logging_mixin.py:150} INFO - [2025-08-13T10:36:45.814+0000] {dag.py:2742} INFO - Sync 2 DAGs
[2025-08-13T10:36:45.817+0000] {logging_mixin.py:150} INFO - [2025-08-13T10:36:45.817+0000] {dag.py:3504} INFO - Setting next_dagrun for example_subdag_operator.section-1 to None, run_after=None
[2025-08-13T10:36:45.818+0000] {logging_mixin.py:150} INFO - [2025-08-13T10:36:45.817+0000] {dag.py:3504} INFO - Setting next_dagrun for example_subdag_operator.section-2 to None, run_after=None
[2025-08-13T10:36:45.828+0000] {processor.py:179} INFO - Processing /workspaces/hands-on-introduction-data-engineering-4395021/airflow_env/lib/python3.10/site-packages/airflow/example_dags/example_subdag_operator.py took 0.065 seconds
[2025-08-13T10:37:28.368+0000] {processor.py:157} INFO - Started process (PID=7649) to work on /workspaces/hands-on-introduction-data-engineering-4395021/airflow_env/lib/python3.10/site-packages/airflow/example_dags/example_subdag_operator.py
[2025-08-13T10:37:28.369+0000] {processor.py:826} INFO - Processing file /workspaces/hands-on-introduction-data-engineering-4395021/airflow_env/lib/python3.10/site-packages/airflow/example_dags/example_subdag_operator.py for tasks to queue
[2025-08-13T10:37:28.370+0000] {logging_mixin.py:150} INFO - [2025-08-13T10:37:28.370+0000] {dagbag.py:541} INFO - Filling up the DagBag from /workspaces/hands-on-introduction-data-engineering-4395021/airflow_env/lib/python3.10/site-packages/airflow/example_dags/example_subdag_operator.py
[2025-08-13T10:37:28.384+0000] {processor.py:836} INFO - DAG(s) dict_keys(['example_subdag_operator.section-1', 'example_subdag_operator.section-2', 'example_subdag_operator']) retrieved from /workspaces/hands-on-introduction-data-engineering-4395021/airflow_env/lib/python3.10/site-packages/airflow/example_dags/example_subdag_operator.py
[2025-08-13T10:37:28.395+0000] {logging_mixin.py:150} INFO - [2025-08-13T10:37:28.395+0000] {dag.py:2742} INFO - Sync 3 DAGs
[2025-08-13T10:37:28.409+0000] {logging_mixin.py:150} INFO - [2025-08-13T10:37:28.409+0000] {dag.py:3504} INFO - Setting next_dagrun for example_subdag_operator to 2022-01-01T00:00:00+00:00, run_after=2022-01-01T00:00:00+00:00
[2025-08-13T10:37:28.411+0000] {logging_mixin.py:150} INFO - [2025-08-13T10:37:28.411+0000] {dag.py:3504} INFO - Setting next_dagrun for example_subdag_operator.section-1 to None, run_after=None
[2025-08-13T10:37:28.412+0000] {logging_mixin.py:150} INFO - [2025-08-13T10:37:28.412+0000] {dag.py:3504} INFO - Setting next_dagrun for example_subdag_operator.section-2 to None, run_after=None
[2025-08-13T10:37:28.417+0000] {logging_mixin.py:150} INFO - [2025-08-13T10:37:28.416+0000] {dag.py:2742} INFO - Sync 2 DAGs
[2025-08-13T10:37:28.419+0000] {logging_mixin.py:150} INFO - [2025-08-13T10:37:28.419+0000] {dag.py:3504} INFO - Setting next_dagrun for example_subdag_operator.section-1 to None, run_after=None
[2025-08-13T10:37:28.420+0000] {logging_mixin.py:150} INFO - [2025-08-13T10:37:28.420+0000] {dag.py:3504} INFO - Setting next_dagrun for example_subdag_operator.section-2 to None, run_after=None
[2025-08-13T10:37:28.430+0000] {processor.py:179} INFO - Processing /workspaces/hands-on-introduction-data-engineering-4395021/airflow_env/lib/python3.10/site-packages/airflow/example_dags/example_subdag_operator.py took 0.064 seconds
[2025-08-13T10:38:06.557+0000] {processor.py:157} INFO - Started process (PID=7937) to work on /workspaces/hands-on-introduction-data-engineering-4395021/airflow_env/lib/python3.10/site-packages/airflow/example_dags/example_subdag_operator.py
[2025-08-13T10:38:06.558+0000] {processor.py:826} INFO - Processing file /workspaces/hands-on-introduction-data-engineering-4395021/airflow_env/lib/python3.10/site-packages/airflow/example_dags/example_subdag_operator.py for tasks to queue
[2025-08-13T10:38:06.559+0000] {logging_mixin.py:150} INFO - [2025-08-13T10:38:06.559+0000] {dagbag.py:541} INFO - Filling up the DagBag from /workspaces/hands-on-introduction-data-engineering-4395021/airflow_env/lib/python3.10/site-packages/airflow/example_dags/example_subdag_operator.py
[2025-08-13T10:38:06.580+0000] {processor.py:836} INFO - DAG(s) dict_keys(['example_subdag_operator.section-1', 'example_subdag_operator.section-2', 'example_subdag_operator']) retrieved from /workspaces/hands-on-introduction-data-engineering-4395021/airflow_env/lib/python3.10/site-packages/airflow/example_dags/example_subdag_operator.py
[2025-08-13T10:38:06.597+0000] {logging_mixin.py:150} INFO - [2025-08-13T10:38:06.596+0000] {dag.py:2742} INFO - Sync 3 DAGs
[2025-08-13T10:38:06.613+0000] {logging_mixin.py:150} INFO - [2025-08-13T10:38:06.613+0000] {dag.py:3504} INFO - Setting next_dagrun for example_subdag_operator to 2022-01-01T00:00:00+00:00, run_after=2022-01-01T00:00:00+00:00
[2025-08-13T10:38:06.616+0000] {logging_mixin.py:150} INFO - [2025-08-13T10:38:06.615+0000] {dag.py:3504} INFO - Setting next_dagrun for example_subdag_operator.section-1 to None, run_after=None
[2025-08-13T10:38:06.616+0000] {logging_mixin.py:150} INFO - [2025-08-13T10:38:06.616+0000] {dag.py:3504} INFO - Setting next_dagrun for example_subdag_operator.section-2 to None, run_after=None
[2025-08-13T10:38:06.620+0000] {logging_mixin.py:150} INFO - [2025-08-13T10:38:06.620+0000] {dag.py:2742} INFO - Sync 2 DAGs
[2025-08-13T10:38:06.623+0000] {logging_mixin.py:150} INFO - [2025-08-13T10:38:06.623+0000] {dag.py:3504} INFO - Setting next_dagrun for example_subdag_operator.section-1 to None, run_after=None
[2025-08-13T10:38:06.623+0000] {logging_mixin.py:150} INFO - [2025-08-13T10:38:06.623+0000] {dag.py:3504} INFO - Setting next_dagrun for example_subdag_operator.section-2 to None, run_after=None
[2025-08-13T10:38:06.635+0000] {processor.py:179} INFO - Processing /workspaces/hands-on-introduction-data-engineering-4395021/airflow_env/lib/python3.10/site-packages/airflow/example_dags/example_subdag_operator.py took 0.080 seconds
[2025-08-13T10:38:50.825+0000] {processor.py:157} INFO - Started process (PID=8242) to work on /workspaces/hands-on-introduction-data-engineering-4395021/airflow_env/lib/python3.10/site-packages/airflow/example_dags/example_subdag_operator.py
[2025-08-13T10:38:50.826+0000] {processor.py:826} INFO - Processing file /workspaces/hands-on-introduction-data-engineering-4395021/airflow_env/lib/python3.10/site-packages/airflow/example_dags/example_subdag_operator.py for tasks to queue
[2025-08-13T10:38:50.827+0000] {logging_mixin.py:150} INFO - [2025-08-13T10:38:50.826+0000] {dagbag.py:541} INFO - Filling up the DagBag from /workspaces/hands-on-introduction-data-engineering-4395021/airflow_env/lib/python3.10/site-packages/airflow/example_dags/example_subdag_operator.py
[2025-08-13T10:38:50.841+0000] {processor.py:836} INFO - DAG(s) dict_keys(['example_subdag_operator.section-1', 'example_subdag_operator.section-2', 'example_subdag_operator']) retrieved from /workspaces/hands-on-introduction-data-engineering-4395021/airflow_env/lib/python3.10/site-packages/airflow/example_dags/example_subdag_operator.py
[2025-08-13T10:38:50.852+0000] {logging_mixin.py:150} INFO - [2025-08-13T10:38:50.852+0000] {dag.py:2742} INFO - Sync 3 DAGs
[2025-08-13T10:38:50.865+0000] {logging_mixin.py:150} INFO - [2025-08-13T10:38:50.865+0000] {dag.py:3504} INFO - Setting next_dagrun for example_subdag_operator to 2022-01-01T00:00:00+00:00, run_after=2022-01-01T00:00:00+00:00
[2025-08-13T10:38:50.868+0000] {logging_mixin.py:150} INFO - [2025-08-13T10:38:50.868+0000] {dag.py:3504} INFO - Setting next_dagrun for example_subdag_operator.section-1 to None, run_after=None
[2025-08-13T10:38:50.868+0000] {logging_mixin.py:150} INFO - [2025-08-13T10:38:50.868+0000] {dag.py:3504} INFO - Setting next_dagrun for example_subdag_operator.section-2 to None, run_after=None
[2025-08-13T10:38:50.873+0000] {logging_mixin.py:150} INFO - [2025-08-13T10:38:50.873+0000] {dag.py:2742} INFO - Sync 2 DAGs
[2025-08-13T10:38:50.876+0000] {logging_mixin.py:150} INFO - [2025-08-13T10:38:50.875+0000] {dag.py:3504} INFO - Setting next_dagrun for example_subdag_operator.section-1 to None, run_after=None
[2025-08-13T10:38:50.876+0000] {logging_mixin.py:150} INFO - [2025-08-13T10:38:50.876+0000] {dag.py:3504} INFO - Setting next_dagrun for example_subdag_operator.section-2 to None, run_after=None
[2025-08-13T10:38:50.886+0000] {processor.py:179} INFO - Processing /workspaces/hands-on-introduction-data-engineering-4395021/airflow_env/lib/python3.10/site-packages/airflow/example_dags/example_subdag_operator.py took 0.063 seconds
[2025-08-13T10:39:35.563+0000] {processor.py:157} INFO - Started process (PID=8541) to work on /workspaces/hands-on-introduction-data-engineering-4395021/airflow_env/lib/python3.10/site-packages/airflow/example_dags/example_subdag_operator.py
[2025-08-13T10:39:35.564+0000] {processor.py:826} INFO - Processing file /workspaces/hands-on-introduction-data-engineering-4395021/airflow_env/lib/python3.10/site-packages/airflow/example_dags/example_subdag_operator.py for tasks to queue
[2025-08-13T10:39:35.564+0000] {logging_mixin.py:150} INFO - [2025-08-13T10:39:35.564+0000] {dagbag.py:541} INFO - Filling up the DagBag from /workspaces/hands-on-introduction-data-engineering-4395021/airflow_env/lib/python3.10/site-packages/airflow/example_dags/example_subdag_operator.py
[2025-08-13T10:39:35.578+0000] {processor.py:836} INFO - DAG(s) dict_keys(['example_subdag_operator.section-1', 'example_subdag_operator.section-2', 'example_subdag_operator']) retrieved from /workspaces/hands-on-introduction-data-engineering-4395021/airflow_env/lib/python3.10/site-packages/airflow/example_dags/example_subdag_operator.py
[2025-08-13T10:39:35.590+0000] {logging_mixin.py:150} INFO - [2025-08-13T10:39:35.590+0000] {dag.py:2742} INFO - Sync 3 DAGs
[2025-08-13T10:39:35.604+0000] {logging_mixin.py:150} INFO - [2025-08-13T10:39:35.604+0000] {dag.py:3504} INFO - Setting next_dagrun for example_subdag_operator to 2022-01-01T00:00:00+00:00, run_after=2022-01-01T00:00:00+00:00
[2025-08-13T10:39:35.606+0000] {logging_mixin.py:150} INFO - [2025-08-13T10:39:35.606+0000] {dag.py:3504} INFO - Setting next_dagrun for example_subdag_operator.section-1 to None, run_after=None
[2025-08-13T10:39:35.607+0000] {logging_mixin.py:150} INFO - [2025-08-13T10:39:35.607+0000] {dag.py:3504} INFO - Setting next_dagrun for example_subdag_operator.section-2 to None, run_after=None
[2025-08-13T10:39:35.611+0000] {logging_mixin.py:150} INFO - [2025-08-13T10:39:35.611+0000] {dag.py:2742} INFO - Sync 2 DAGs
[2025-08-13T10:39:35.614+0000] {logging_mixin.py:150} INFO - [2025-08-13T10:39:35.614+0000] {dag.py:3504} INFO - Setting next_dagrun for example_subdag_operator.section-1 to None, run_after=None
[2025-08-13T10:39:35.614+0000] {logging_mixin.py:150} INFO - [2025-08-13T10:39:35.614+0000] {dag.py:3504} INFO - Setting next_dagrun for example_subdag_operator.section-2 to None, run_after=None
[2025-08-13T10:39:35.626+0000] {processor.py:179} INFO - Processing /workspaces/hands-on-introduction-data-engineering-4395021/airflow_env/lib/python3.10/site-packages/airflow/example_dags/example_subdag_operator.py took 0.065 seconds
[2025-08-13T10:40:20.370+0000] {processor.py:157} INFO - Started process (PID=8842) to work on /workspaces/hands-on-introduction-data-engineering-4395021/airflow_env/lib/python3.10/site-packages/airflow/example_dags/example_subdag_operator.py
[2025-08-13T10:40:20.370+0000] {processor.py:826} INFO - Processing file /workspaces/hands-on-introduction-data-engineering-4395021/airflow_env/lib/python3.10/site-packages/airflow/example_dags/example_subdag_operator.py for tasks to queue
[2025-08-13T10:40:20.371+0000] {logging_mixin.py:150} INFO - [2025-08-13T10:40:20.371+0000] {dagbag.py:541} INFO - Filling up the DagBag from /workspaces/hands-on-introduction-data-engineering-4395021/airflow_env/lib/python3.10/site-packages/airflow/example_dags/example_subdag_operator.py
[2025-08-13T10:40:20.385+0000] {processor.py:836} INFO - DAG(s) dict_keys(['example_subdag_operator.section-1', 'example_subdag_operator.section-2', 'example_subdag_operator']) retrieved from /workspaces/hands-on-introduction-data-engineering-4395021/airflow_env/lib/python3.10/site-packages/airflow/example_dags/example_subdag_operator.py
[2025-08-13T10:40:20.396+0000] {logging_mixin.py:150} INFO - [2025-08-13T10:40:20.396+0000] {dag.py:2742} INFO - Sync 3 DAGs
[2025-08-13T10:40:20.409+0000] {logging_mixin.py:150} INFO - [2025-08-13T10:40:20.409+0000] {dag.py:3504} INFO - Setting next_dagrun for example_subdag_operator to 2022-01-01T00:00:00+00:00, run_after=2022-01-01T00:00:00+00:00
[2025-08-13T10:40:20.411+0000] {logging_mixin.py:150} INFO - [2025-08-13T10:40:20.411+0000] {dag.py:3504} INFO - Setting next_dagrun for example_subdag_operator.section-1 to None, run_after=None
[2025-08-13T10:40:20.412+0000] {logging_mixin.py:150} INFO - [2025-08-13T10:40:20.412+0000] {dag.py:3504} INFO - Setting next_dagrun for example_subdag_operator.section-2 to None, run_after=None
[2025-08-13T10:40:20.417+0000] {logging_mixin.py:150} INFO - [2025-08-13T10:40:20.417+0000] {dag.py:2742} INFO - Sync 2 DAGs
[2025-08-13T10:40:20.420+0000] {logging_mixin.py:150} INFO - [2025-08-13T10:40:20.420+0000] {dag.py:3504} INFO - Setting next_dagrun for example_subdag_operator.section-1 to None, run_after=None
[2025-08-13T10:40:20.420+0000] {logging_mixin.py:150} INFO - [2025-08-13T10:40:20.420+0000] {dag.py:3504} INFO - Setting next_dagrun for example_subdag_operator.section-2 to None, run_after=None
[2025-08-13T10:40:20.432+0000] {processor.py:179} INFO - Processing /workspaces/hands-on-introduction-data-engineering-4395021/airflow_env/lib/python3.10/site-packages/airflow/example_dags/example_subdag_operator.py took 0.064 seconds
[2025-08-13T10:41:02.786+0000] {processor.py:157} INFO - Started process (PID=9191) to work on /workspaces/hands-on-introduction-data-engineering-4395021/airflow_env/lib/python3.10/site-packages/airflow/example_dags/example_subdag_operator.py
[2025-08-13T10:41:02.787+0000] {processor.py:826} INFO - Processing file /workspaces/hands-on-introduction-data-engineering-4395021/airflow_env/lib/python3.10/site-packages/airflow/example_dags/example_subdag_operator.py for tasks to queue
[2025-08-13T10:41:02.788+0000] {logging_mixin.py:150} INFO - [2025-08-13T10:41:02.787+0000] {dagbag.py:541} INFO - Filling up the DagBag from /workspaces/hands-on-introduction-data-engineering-4395021/airflow_env/lib/python3.10/site-packages/airflow/example_dags/example_subdag_operator.py
[2025-08-13T10:41:02.802+0000] {processor.py:836} INFO - DAG(s) dict_keys(['example_subdag_operator.section-1', 'example_subdag_operator.section-2', 'example_subdag_operator']) retrieved from /workspaces/hands-on-introduction-data-engineering-4395021/airflow_env/lib/python3.10/site-packages/airflow/example_dags/example_subdag_operator.py
[2025-08-13T10:41:02.813+0000] {logging_mixin.py:150} INFO - [2025-08-13T10:41:02.813+0000] {dag.py:2742} INFO - Sync 3 DAGs
[2025-08-13T10:41:02.826+0000] {logging_mixin.py:150} INFO - [2025-08-13T10:41:02.826+0000] {dag.py:3504} INFO - Setting next_dagrun for example_subdag_operator to 2022-01-01T00:00:00+00:00, run_after=2022-01-01T00:00:00+00:00
[2025-08-13T10:41:02.828+0000] {logging_mixin.py:150} INFO - [2025-08-13T10:41:02.828+0000] {dag.py:3504} INFO - Setting next_dagrun for example_subdag_operator.section-1 to None, run_after=None
[2025-08-13T10:41:02.829+0000] {logging_mixin.py:150} INFO - [2025-08-13T10:41:02.829+0000] {dag.py:3504} INFO - Setting next_dagrun for example_subdag_operator.section-2 to None, run_after=None
[2025-08-13T10:41:02.834+0000] {logging_mixin.py:150} INFO - [2025-08-13T10:41:02.834+0000] {dag.py:2742} INFO - Sync 2 DAGs
[2025-08-13T10:41:02.837+0000] {logging_mixin.py:150} INFO - [2025-08-13T10:41:02.836+0000] {dag.py:3504} INFO - Setting next_dagrun for example_subdag_operator.section-1 to None, run_after=None
[2025-08-13T10:41:02.837+0000] {logging_mixin.py:150} INFO - [2025-08-13T10:41:02.837+0000] {dag.py:3504} INFO - Setting next_dagrun for example_subdag_operator.section-2 to None, run_after=None
[2025-08-13T10:41:02.847+0000] {processor.py:179} INFO - Processing /workspaces/hands-on-introduction-data-engineering-4395021/airflow_env/lib/python3.10/site-packages/airflow/example_dags/example_subdag_operator.py took 0.063 seconds
