[2025-08-14T09:39:14.565+0000] {processor.py:157} INFO - Started process (PID=3557) to work on /home/vscode/.local/lib/python3.10/site-packages/airflow/example_dags/example_trigger_controller_dag.py
[2025-08-14T09:39:14.566+0000] {processor.py:826} INFO - Processing file /home/vscode/.local/lib/python3.10/site-packages/airflow/example_dags/example_trigger_controller_dag.py for tasks to queue
[2025-08-14T09:39:14.566+0000] {logging_mixin.py:150} INFO - [2025-08-14T09:39:14.566+0000] {dagbag.py:541} INFO - Filling up the DagBag from /home/vscode/.local/lib/python3.10/site-packages/airflow/example_dags/example_trigger_controller_dag.py
[2025-08-14T09:39:14.571+0000] {processor.py:836} INFO - DAG(s) dict_keys(['example_trigger_controller_dag']) retrieved from /home/vscode/.local/lib/python3.10/site-packages/airflow/example_dags/example_trigger_controller_dag.py
[2025-08-14T09:39:14.660+0000] {logging_mixin.py:150} INFO - [2025-08-14T09:39:14.659+0000] {manager.py:504} INFO - Created Permission View: can edit on DAG:example_trigger_controller_dag
[2025-08-14T09:39:14.668+0000] {logging_mixin.py:150} INFO - [2025-08-14T09:39:14.668+0000] {manager.py:504} INFO - Created Permission View: can read on DAG:example_trigger_controller_dag
[2025-08-14T09:39:14.675+0000] {logging_mixin.py:150} INFO - [2025-08-14T09:39:14.675+0000] {manager.py:504} INFO - Created Permission View: can delete on DAG:example_trigger_controller_dag
[2025-08-14T09:39:14.683+0000] {logging_mixin.py:150} INFO - [2025-08-14T09:39:14.683+0000] {dag.py:2742} INFO - Sync 1 DAGs
[2025-08-14T09:39:14.691+0000] {logging_mixin.py:150} INFO - [2025-08-14T09:39:14.691+0000] {dag.py:2763} INFO - Creating ORM DAG for example_trigger_controller_dag
[2025-08-14T09:39:14.698+0000] {logging_mixin.py:150} INFO - [2025-08-14T09:39:14.698+0000] {dag.py:3504} INFO - Setting next_dagrun for example_trigger_controller_dag to 2021-01-01T00:00:00+00:00, run_after=2021-01-01T00:00:00+00:00
[2025-08-14T09:39:14.714+0000] {processor.py:179} INFO - Processing /home/vscode/.local/lib/python3.10/site-packages/airflow/example_dags/example_trigger_controller_dag.py took 0.151 seconds
[2025-08-14T09:40:03.857+0000] {processor.py:157} INFO - Started process (PID=3894) to work on /home/vscode/.local/lib/python3.10/site-packages/airflow/example_dags/example_trigger_controller_dag.py
[2025-08-14T09:40:03.858+0000] {processor.py:826} INFO - Processing file /home/vscode/.local/lib/python3.10/site-packages/airflow/example_dags/example_trigger_controller_dag.py for tasks to queue
[2025-08-14T09:40:03.859+0000] {logging_mixin.py:150} INFO - [2025-08-14T09:40:03.858+0000] {dagbag.py:541} INFO - Filling up the DagBag from /home/vscode/.local/lib/python3.10/site-packages/airflow/example_dags/example_trigger_controller_dag.py
[2025-08-14T09:40:03.863+0000] {processor.py:836} INFO - DAG(s) dict_keys(['example_trigger_controller_dag']) retrieved from /home/vscode/.local/lib/python3.10/site-packages/airflow/example_dags/example_trigger_controller_dag.py
[2025-08-14T09:40:03.887+0000] {logging_mixin.py:150} INFO - [2025-08-14T09:40:03.887+0000] {dag.py:2742} INFO - Sync 1 DAGs
[2025-08-14T09:40:03.910+0000] {logging_mixin.py:150} INFO - [2025-08-14T09:40:03.910+0000] {dag.py:3504} INFO - Setting next_dagrun for example_trigger_controller_dag to 2021-01-01T00:00:00+00:00, run_after=2021-01-01T00:00:00+00:00
[2025-08-14T09:40:03.936+0000] {processor.py:179} INFO - Processing /home/vscode/.local/lib/python3.10/site-packages/airflow/example_dags/example_trigger_controller_dag.py took 0.080 seconds
[2025-08-14T09:40:47.898+0000] {processor.py:157} INFO - Started process (PID=4193) to work on /home/vscode/.local/lib/python3.10/site-packages/airflow/example_dags/example_trigger_controller_dag.py
[2025-08-14T09:40:47.899+0000] {processor.py:826} INFO - Processing file /home/vscode/.local/lib/python3.10/site-packages/airflow/example_dags/example_trigger_controller_dag.py for tasks to queue
[2025-08-14T09:40:47.900+0000] {logging_mixin.py:150} INFO - [2025-08-14T09:40:47.899+0000] {dagbag.py:541} INFO - Filling up the DagBag from /home/vscode/.local/lib/python3.10/site-packages/airflow/example_dags/example_trigger_controller_dag.py
[2025-08-14T09:40:47.903+0000] {processor.py:836} INFO - DAG(s) dict_keys(['example_trigger_controller_dag']) retrieved from /home/vscode/.local/lib/python3.10/site-packages/airflow/example_dags/example_trigger_controller_dag.py
[2025-08-14T09:40:47.915+0000] {logging_mixin.py:150} INFO - [2025-08-14T09:40:47.915+0000] {dag.py:2742} INFO - Sync 1 DAGs
[2025-08-14T09:40:47.929+0000] {logging_mixin.py:150} INFO - [2025-08-14T09:40:47.929+0000] {dag.py:3504} INFO - Setting next_dagrun for example_trigger_controller_dag to 2021-01-01T00:00:00+00:00, run_after=2021-01-01T00:00:00+00:00
[2025-08-14T09:40:47.944+0000] {processor.py:179} INFO - Processing /home/vscode/.local/lib/python3.10/site-packages/airflow/example_dags/example_trigger_controller_dag.py took 0.047 seconds
[2025-08-14T09:41:32.353+0000] {processor.py:157} INFO - Started process (PID=4521) to work on /home/vscode/.local/lib/python3.10/site-packages/airflow/example_dags/example_trigger_controller_dag.py
[2025-08-14T09:41:32.354+0000] {processor.py:826} INFO - Processing file /home/vscode/.local/lib/python3.10/site-packages/airflow/example_dags/example_trigger_controller_dag.py for tasks to queue
[2025-08-14T09:41:32.355+0000] {logging_mixin.py:150} INFO - [2025-08-14T09:41:32.354+0000] {dagbag.py:541} INFO - Filling up the DagBag from /home/vscode/.local/lib/python3.10/site-packages/airflow/example_dags/example_trigger_controller_dag.py
[2025-08-14T09:41:32.358+0000] {processor.py:836} INFO - DAG(s) dict_keys(['example_trigger_controller_dag']) retrieved from /home/vscode/.local/lib/python3.10/site-packages/airflow/example_dags/example_trigger_controller_dag.py
[2025-08-14T09:41:32.369+0000] {logging_mixin.py:150} INFO - [2025-08-14T09:41:32.369+0000] {dag.py:2742} INFO - Sync 1 DAGs
[2025-08-14T09:41:32.383+0000] {logging_mixin.py:150} INFO - [2025-08-14T09:41:32.383+0000] {dag.py:3504} INFO - Setting next_dagrun for example_trigger_controller_dag to 2021-01-01T00:00:00+00:00, run_after=2021-01-01T00:00:00+00:00
[2025-08-14T09:41:32.398+0000] {processor.py:179} INFO - Processing /home/vscode/.local/lib/python3.10/site-packages/airflow/example_dags/example_trigger_controller_dag.py took 0.047 seconds
[2025-08-14T09:42:16.759+0000] {processor.py:157} INFO - Started process (PID=4843) to work on /home/vscode/.local/lib/python3.10/site-packages/airflow/example_dags/example_trigger_controller_dag.py
[2025-08-14T09:42:16.760+0000] {processor.py:826} INFO - Processing file /home/vscode/.local/lib/python3.10/site-packages/airflow/example_dags/example_trigger_controller_dag.py for tasks to queue
[2025-08-14T09:42:16.761+0000] {logging_mixin.py:150} INFO - [2025-08-14T09:42:16.760+0000] {dagbag.py:541} INFO - Filling up the DagBag from /home/vscode/.local/lib/python3.10/site-packages/airflow/example_dags/example_trigger_controller_dag.py
[2025-08-14T09:42:16.764+0000] {processor.py:836} INFO - DAG(s) dict_keys(['example_trigger_controller_dag']) retrieved from /home/vscode/.local/lib/python3.10/site-packages/airflow/example_dags/example_trigger_controller_dag.py
[2025-08-14T09:42:16.776+0000] {logging_mixin.py:150} INFO - [2025-08-14T09:42:16.775+0000] {dag.py:2742} INFO - Sync 1 DAGs
[2025-08-14T09:42:16.789+0000] {logging_mixin.py:150} INFO - [2025-08-14T09:42:16.789+0000] {dag.py:3504} INFO - Setting next_dagrun for example_trigger_controller_dag to 2021-01-01T00:00:00+00:00, run_after=2021-01-01T00:00:00+00:00
[2025-08-14T09:42:16.805+0000] {processor.py:179} INFO - Processing /home/vscode/.local/lib/python3.10/site-packages/airflow/example_dags/example_trigger_controller_dag.py took 0.047 seconds
[2025-08-14T09:43:02.005+0000] {processor.py:157} INFO - Started process (PID=5160) to work on /home/vscode/.local/lib/python3.10/site-packages/airflow/example_dags/example_trigger_controller_dag.py
[2025-08-14T09:43:02.005+0000] {processor.py:826} INFO - Processing file /home/vscode/.local/lib/python3.10/site-packages/airflow/example_dags/example_trigger_controller_dag.py for tasks to queue
[2025-08-14T09:43:02.006+0000] {logging_mixin.py:150} INFO - [2025-08-14T09:43:02.006+0000] {dagbag.py:541} INFO - Filling up the DagBag from /home/vscode/.local/lib/python3.10/site-packages/airflow/example_dags/example_trigger_controller_dag.py
[2025-08-14T09:43:02.009+0000] {processor.py:836} INFO - DAG(s) dict_keys(['example_trigger_controller_dag']) retrieved from /home/vscode/.local/lib/python3.10/site-packages/airflow/example_dags/example_trigger_controller_dag.py
[2025-08-14T09:43:02.020+0000] {logging_mixin.py:150} INFO - [2025-08-14T09:43:02.020+0000] {dag.py:2742} INFO - Sync 1 DAGs
[2025-08-14T09:43:02.034+0000] {logging_mixin.py:150} INFO - [2025-08-14T09:43:02.034+0000] {dag.py:3504} INFO - Setting next_dagrun for example_trigger_controller_dag to 2021-01-01T00:00:00+00:00, run_after=2021-01-01T00:00:00+00:00
[2025-08-14T09:43:02.050+0000] {processor.py:179} INFO - Processing /home/vscode/.local/lib/python3.10/site-packages/airflow/example_dags/example_trigger_controller_dag.py took 0.047 seconds
[2025-08-14T09:43:47.852+0000] {processor.py:157} INFO - Started process (PID=5498) to work on /home/vscode/.local/lib/python3.10/site-packages/airflow/example_dags/example_trigger_controller_dag.py
[2025-08-14T09:43:47.852+0000] {processor.py:826} INFO - Processing file /home/vscode/.local/lib/python3.10/site-packages/airflow/example_dags/example_trigger_controller_dag.py for tasks to queue
[2025-08-14T09:43:47.853+0000] {logging_mixin.py:150} INFO - [2025-08-14T09:43:47.853+0000] {dagbag.py:541} INFO - Filling up the DagBag from /home/vscode/.local/lib/python3.10/site-packages/airflow/example_dags/example_trigger_controller_dag.py
[2025-08-14T09:43:47.857+0000] {processor.py:836} INFO - DAG(s) dict_keys(['example_trigger_controller_dag']) retrieved from /home/vscode/.local/lib/python3.10/site-packages/airflow/example_dags/example_trigger_controller_dag.py
[2025-08-14T09:43:47.869+0000] {logging_mixin.py:150} INFO - [2025-08-14T09:43:47.869+0000] {dag.py:2742} INFO - Sync 1 DAGs
[2025-08-14T09:43:47.884+0000] {logging_mixin.py:150} INFO - [2025-08-14T09:43:47.884+0000] {dag.py:3504} INFO - Setting next_dagrun for example_trigger_controller_dag to 2021-01-01T00:00:00+00:00, run_after=2021-01-01T00:00:00+00:00
[2025-08-14T09:43:47.899+0000] {processor.py:179} INFO - Processing /home/vscode/.local/lib/python3.10/site-packages/airflow/example_dags/example_trigger_controller_dag.py took 0.050 seconds
[2025-08-14T09:44:30.536+0000] {processor.py:157} INFO - Started process (PID=5820) to work on /home/vscode/.local/lib/python3.10/site-packages/airflow/example_dags/example_trigger_controller_dag.py
[2025-08-14T09:44:30.536+0000] {processor.py:826} INFO - Processing file /home/vscode/.local/lib/python3.10/site-packages/airflow/example_dags/example_trigger_controller_dag.py for tasks to queue
[2025-08-14T09:44:30.537+0000] {logging_mixin.py:150} INFO - [2025-08-14T09:44:30.537+0000] {dagbag.py:541} INFO - Filling up the DagBag from /home/vscode/.local/lib/python3.10/site-packages/airflow/example_dags/example_trigger_controller_dag.py
[2025-08-14T09:44:30.541+0000] {processor.py:836} INFO - DAG(s) dict_keys(['example_trigger_controller_dag']) retrieved from /home/vscode/.local/lib/python3.10/site-packages/airflow/example_dags/example_trigger_controller_dag.py
[2025-08-14T09:44:30.552+0000] {logging_mixin.py:150} INFO - [2025-08-14T09:44:30.552+0000] {dag.py:2742} INFO - Sync 1 DAGs
[2025-08-14T09:44:30.566+0000] {logging_mixin.py:150} INFO - [2025-08-14T09:44:30.566+0000] {dag.py:3504} INFO - Setting next_dagrun for example_trigger_controller_dag to 2021-01-01T00:00:00+00:00, run_after=2021-01-01T00:00:00+00:00
[2025-08-14T09:44:30.582+0000] {processor.py:179} INFO - Processing /home/vscode/.local/lib/python3.10/site-packages/airflow/example_dags/example_trigger_controller_dag.py took 0.048 seconds
[2025-08-14T09:45:11.672+0000] {processor.py:157} INFO - Started process (PID=6132) to work on /home/vscode/.local/lib/python3.10/site-packages/airflow/example_dags/example_trigger_controller_dag.py
[2025-08-14T09:45:11.673+0000] {processor.py:826} INFO - Processing file /home/vscode/.local/lib/python3.10/site-packages/airflow/example_dags/example_trigger_controller_dag.py for tasks to queue
[2025-08-14T09:45:11.674+0000] {logging_mixin.py:150} INFO - [2025-08-14T09:45:11.673+0000] {dagbag.py:541} INFO - Filling up the DagBag from /home/vscode/.local/lib/python3.10/site-packages/airflow/example_dags/example_trigger_controller_dag.py
[2025-08-14T09:45:11.677+0000] {processor.py:836} INFO - DAG(s) dict_keys(['example_trigger_controller_dag']) retrieved from /home/vscode/.local/lib/python3.10/site-packages/airflow/example_dags/example_trigger_controller_dag.py
[2025-08-14T09:45:11.689+0000] {logging_mixin.py:150} INFO - [2025-08-14T09:45:11.688+0000] {dag.py:2742} INFO - Sync 1 DAGs
[2025-08-14T09:45:11.702+0000] {logging_mixin.py:150} INFO - [2025-08-14T09:45:11.702+0000] {dag.py:3504} INFO - Setting next_dagrun for example_trigger_controller_dag to 2021-01-01T00:00:00+00:00, run_after=2021-01-01T00:00:00+00:00
[2025-08-14T09:45:11.718+0000] {processor.py:179} INFO - Processing /home/vscode/.local/lib/python3.10/site-packages/airflow/example_dags/example_trigger_controller_dag.py took 0.047 seconds
[2025-08-14T09:45:57.212+0000] {processor.py:157} INFO - Started process (PID=6438) to work on /home/vscode/.local/lib/python3.10/site-packages/airflow/example_dags/example_trigger_controller_dag.py
[2025-08-14T09:45:57.212+0000] {processor.py:826} INFO - Processing file /home/vscode/.local/lib/python3.10/site-packages/airflow/example_dags/example_trigger_controller_dag.py for tasks to queue
[2025-08-14T09:45:57.213+0000] {logging_mixin.py:150} INFO - [2025-08-14T09:45:57.213+0000] {dagbag.py:541} INFO - Filling up the DagBag from /home/vscode/.local/lib/python3.10/site-packages/airflow/example_dags/example_trigger_controller_dag.py
[2025-08-14T09:45:57.216+0000] {processor.py:836} INFO - DAG(s) dict_keys(['example_trigger_controller_dag']) retrieved from /home/vscode/.local/lib/python3.10/site-packages/airflow/example_dags/example_trigger_controller_dag.py
[2025-08-14T09:45:57.228+0000] {logging_mixin.py:150} INFO - [2025-08-14T09:45:57.228+0000] {dag.py:2742} INFO - Sync 1 DAGs
[2025-08-14T09:45:57.244+0000] {logging_mixin.py:150} INFO - [2025-08-14T09:45:57.244+0000] {dag.py:3504} INFO - Setting next_dagrun for example_trigger_controller_dag to 2021-01-01T00:00:00+00:00, run_after=2021-01-01T00:00:00+00:00
[2025-08-14T09:45:57.259+0000] {processor.py:179} INFO - Processing /home/vscode/.local/lib/python3.10/site-packages/airflow/example_dags/example_trigger_controller_dag.py took 0.050 seconds
[2025-08-14T09:46:41.904+0000] {processor.py:157} INFO - Started process (PID=6743) to work on /home/vscode/.local/lib/python3.10/site-packages/airflow/example_dags/example_trigger_controller_dag.py
[2025-08-14T09:46:41.904+0000] {processor.py:826} INFO - Processing file /home/vscode/.local/lib/python3.10/site-packages/airflow/example_dags/example_trigger_controller_dag.py for tasks to queue
[2025-08-14T09:46:41.905+0000] {logging_mixin.py:150} INFO - [2025-08-14T09:46:41.905+0000] {dagbag.py:541} INFO - Filling up the DagBag from /home/vscode/.local/lib/python3.10/site-packages/airflow/example_dags/example_trigger_controller_dag.py
[2025-08-14T09:46:41.909+0000] {processor.py:836} INFO - DAG(s) dict_keys(['example_trigger_controller_dag']) retrieved from /home/vscode/.local/lib/python3.10/site-packages/airflow/example_dags/example_trigger_controller_dag.py
[2025-08-14T09:46:41.920+0000] {logging_mixin.py:150} INFO - [2025-08-14T09:46:41.920+0000] {dag.py:2742} INFO - Sync 1 DAGs
[2025-08-14T09:46:41.935+0000] {logging_mixin.py:150} INFO - [2025-08-14T09:46:41.935+0000] {dag.py:3504} INFO - Setting next_dagrun for example_trigger_controller_dag to 2021-01-01T00:00:00+00:00, run_after=2021-01-01T00:00:00+00:00
[2025-08-14T09:46:41.950+0000] {processor.py:179} INFO - Processing /home/vscode/.local/lib/python3.10/site-packages/airflow/example_dags/example_trigger_controller_dag.py took 0.049 seconds
[2025-08-14T09:47:28.414+0000] {processor.py:157} INFO - Started process (PID=7043) to work on /home/vscode/.local/lib/python3.10/site-packages/airflow/example_dags/example_trigger_controller_dag.py
[2025-08-14T09:47:28.415+0000] {processor.py:826} INFO - Processing file /home/vscode/.local/lib/python3.10/site-packages/airflow/example_dags/example_trigger_controller_dag.py for tasks to queue
[2025-08-14T09:47:28.415+0000] {logging_mixin.py:150} INFO - [2025-08-14T09:47:28.415+0000] {dagbag.py:541} INFO - Filling up the DagBag from /home/vscode/.local/lib/python3.10/site-packages/airflow/example_dags/example_trigger_controller_dag.py
[2025-08-14T09:47:28.418+0000] {processor.py:836} INFO - DAG(s) dict_keys(['example_trigger_controller_dag']) retrieved from /home/vscode/.local/lib/python3.10/site-packages/airflow/example_dags/example_trigger_controller_dag.py
[2025-08-14T09:47:28.430+0000] {logging_mixin.py:150} INFO - [2025-08-14T09:47:28.430+0000] {dag.py:2742} INFO - Sync 1 DAGs
[2025-08-14T09:47:28.444+0000] {logging_mixin.py:150} INFO - [2025-08-14T09:47:28.444+0000] {dag.py:3504} INFO - Setting next_dagrun for example_trigger_controller_dag to 2021-01-01T00:00:00+00:00, run_after=2021-01-01T00:00:00+00:00
[2025-08-14T09:47:28.461+0000] {processor.py:179} INFO - Processing /home/vscode/.local/lib/python3.10/site-packages/airflow/example_dags/example_trigger_controller_dag.py took 0.048 seconds
[2025-08-14T09:48:16.779+0000] {processor.py:157} INFO - Started process (PID=7392) to work on /home/vscode/.local/lib/python3.10/site-packages/airflow/example_dags/example_trigger_controller_dag.py
[2025-08-14T09:48:16.779+0000] {processor.py:826} INFO - Processing file /home/vscode/.local/lib/python3.10/site-packages/airflow/example_dags/example_trigger_controller_dag.py for tasks to queue
[2025-08-14T09:48:16.780+0000] {logging_mixin.py:150} INFO - [2025-08-14T09:48:16.780+0000] {dagbag.py:541} INFO - Filling up the DagBag from /home/vscode/.local/lib/python3.10/site-packages/airflow/example_dags/example_trigger_controller_dag.py
[2025-08-14T09:48:16.783+0000] {processor.py:836} INFO - DAG(s) dict_keys(['example_trigger_controller_dag']) retrieved from /home/vscode/.local/lib/python3.10/site-packages/airflow/example_dags/example_trigger_controller_dag.py
[2025-08-14T09:48:16.796+0000] {logging_mixin.py:150} INFO - [2025-08-14T09:48:16.796+0000] {dag.py:2742} INFO - Sync 1 DAGs
[2025-08-14T09:48:16.811+0000] {logging_mixin.py:150} INFO - [2025-08-14T09:48:16.811+0000] {dag.py:3504} INFO - Setting next_dagrun for example_trigger_controller_dag to 2021-01-01T00:00:00+00:00, run_after=2021-01-01T00:00:00+00:00
[2025-08-14T09:48:16.828+0000] {processor.py:179} INFO - Processing /home/vscode/.local/lib/python3.10/site-packages/airflow/example_dags/example_trigger_controller_dag.py took 0.051 seconds
[2025-08-14T09:49:02.408+0000] {processor.py:157} INFO - Started process (PID=7738) to work on /home/vscode/.local/lib/python3.10/site-packages/airflow/example_dags/example_trigger_controller_dag.py
[2025-08-14T09:49:02.409+0000] {processor.py:826} INFO - Processing file /home/vscode/.local/lib/python3.10/site-packages/airflow/example_dags/example_trigger_controller_dag.py for tasks to queue
[2025-08-14T09:49:02.409+0000] {logging_mixin.py:150} INFO - [2025-08-14T09:49:02.409+0000] {dagbag.py:541} INFO - Filling up the DagBag from /home/vscode/.local/lib/python3.10/site-packages/airflow/example_dags/example_trigger_controller_dag.py
[2025-08-14T09:49:02.413+0000] {processor.py:836} INFO - DAG(s) dict_keys(['example_trigger_controller_dag']) retrieved from /home/vscode/.local/lib/python3.10/site-packages/airflow/example_dags/example_trigger_controller_dag.py
[2025-08-14T09:49:02.425+0000] {logging_mixin.py:150} INFO - [2025-08-14T09:49:02.425+0000] {dag.py:2742} INFO - Sync 1 DAGs
[2025-08-14T09:49:02.440+0000] {logging_mixin.py:150} INFO - [2025-08-14T09:49:02.440+0000] {dag.py:3504} INFO - Setting next_dagrun for example_trigger_controller_dag to 2021-01-01T00:00:00+00:00, run_after=2021-01-01T00:00:00+00:00
[2025-08-14T09:49:02.456+0000] {processor.py:179} INFO - Processing /home/vscode/.local/lib/python3.10/site-packages/airflow/example_dags/example_trigger_controller_dag.py took 0.050 seconds
[2025-08-14T09:49:49.106+0000] {processor.py:157} INFO - Started process (PID=8081) to work on /home/vscode/.local/lib/python3.10/site-packages/airflow/example_dags/example_trigger_controller_dag.py
[2025-08-14T09:49:49.106+0000] {processor.py:826} INFO - Processing file /home/vscode/.local/lib/python3.10/site-packages/airflow/example_dags/example_trigger_controller_dag.py for tasks to queue
[2025-08-14T09:49:49.107+0000] {logging_mixin.py:150} INFO - [2025-08-14T09:49:49.107+0000] {dagbag.py:541} INFO - Filling up the DagBag from /home/vscode/.local/lib/python3.10/site-packages/airflow/example_dags/example_trigger_controller_dag.py
[2025-08-14T09:49:49.110+0000] {processor.py:836} INFO - DAG(s) dict_keys(['example_trigger_controller_dag']) retrieved from /home/vscode/.local/lib/python3.10/site-packages/airflow/example_dags/example_trigger_controller_dag.py
[2025-08-14T09:49:49.122+0000] {logging_mixin.py:150} INFO - [2025-08-14T09:49:49.121+0000] {dag.py:2742} INFO - Sync 1 DAGs
[2025-08-14T09:49:49.135+0000] {logging_mixin.py:150} INFO - [2025-08-14T09:49:49.135+0000] {dag.py:3504} INFO - Setting next_dagrun for example_trigger_controller_dag to 2021-01-01T00:00:00+00:00, run_after=2021-01-01T00:00:00+00:00
[2025-08-14T09:49:49.150+0000] {processor.py:179} INFO - Processing /home/vscode/.local/lib/python3.10/site-packages/airflow/example_dags/example_trigger_controller_dag.py took 0.046 seconds
[2025-08-14T09:50:31.935+0000] {processor.py:157} INFO - Started process (PID=8401) to work on /home/vscode/.local/lib/python3.10/site-packages/airflow/example_dags/example_trigger_controller_dag.py
[2025-08-14T09:50:31.936+0000] {processor.py:826} INFO - Processing file /home/vscode/.local/lib/python3.10/site-packages/airflow/example_dags/example_trigger_controller_dag.py for tasks to queue
[2025-08-14T09:50:31.937+0000] {logging_mixin.py:150} INFO - [2025-08-14T09:50:31.936+0000] {dagbag.py:541} INFO - Filling up the DagBag from /home/vscode/.local/lib/python3.10/site-packages/airflow/example_dags/example_trigger_controller_dag.py
[2025-08-14T09:50:31.940+0000] {processor.py:836} INFO - DAG(s) dict_keys(['example_trigger_controller_dag']) retrieved from /home/vscode/.local/lib/python3.10/site-packages/airflow/example_dags/example_trigger_controller_dag.py
[2025-08-14T09:50:31.952+0000] {logging_mixin.py:150} INFO - [2025-08-14T09:50:31.952+0000] {dag.py:2742} INFO - Sync 1 DAGs
[2025-08-14T09:50:31.967+0000] {logging_mixin.py:150} INFO - [2025-08-14T09:50:31.967+0000] {dag.py:3504} INFO - Setting next_dagrun for example_trigger_controller_dag to 2021-01-01T00:00:00+00:00, run_after=2021-01-01T00:00:00+00:00
[2025-08-14T09:50:31.982+0000] {processor.py:179} INFO - Processing /home/vscode/.local/lib/python3.10/site-packages/airflow/example_dags/example_trigger_controller_dag.py took 0.049 seconds
[2025-08-14T09:51:15.304+0000] {processor.py:157} INFO - Started process (PID=8729) to work on /home/vscode/.local/lib/python3.10/site-packages/airflow/example_dags/example_trigger_controller_dag.py
[2025-08-14T09:51:15.304+0000] {processor.py:826} INFO - Processing file /home/vscode/.local/lib/python3.10/site-packages/airflow/example_dags/example_trigger_controller_dag.py for tasks to queue
[2025-08-14T09:51:15.305+0000] {logging_mixin.py:150} INFO - [2025-08-14T09:51:15.305+0000] {dagbag.py:541} INFO - Filling up the DagBag from /home/vscode/.local/lib/python3.10/site-packages/airflow/example_dags/example_trigger_controller_dag.py
[2025-08-14T09:51:15.308+0000] {processor.py:836} INFO - DAG(s) dict_keys(['example_trigger_controller_dag']) retrieved from /home/vscode/.local/lib/python3.10/site-packages/airflow/example_dags/example_trigger_controller_dag.py
[2025-08-14T09:51:15.320+0000] {logging_mixin.py:150} INFO - [2025-08-14T09:51:15.320+0000] {dag.py:2742} INFO - Sync 1 DAGs
[2025-08-14T09:51:15.333+0000] {logging_mixin.py:150} INFO - [2025-08-14T09:51:15.333+0000] {dag.py:3504} INFO - Setting next_dagrun for example_trigger_controller_dag to 2021-01-01T00:00:00+00:00, run_after=2021-01-01T00:00:00+00:00
[2025-08-14T09:51:15.348+0000] {processor.py:179} INFO - Processing /home/vscode/.local/lib/python3.10/site-packages/airflow/example_dags/example_trigger_controller_dag.py took 0.046 seconds
[2025-08-14T09:52:04.607+0000] {processor.py:157} INFO - Started process (PID=9069) to work on /home/vscode/.local/lib/python3.10/site-packages/airflow/example_dags/example_trigger_controller_dag.py
[2025-08-14T09:52:04.608+0000] {processor.py:826} INFO - Processing file /home/vscode/.local/lib/python3.10/site-packages/airflow/example_dags/example_trigger_controller_dag.py for tasks to queue
[2025-08-14T09:52:04.609+0000] {logging_mixin.py:150} INFO - [2025-08-14T09:52:04.608+0000] {dagbag.py:541} INFO - Filling up the DagBag from /home/vscode/.local/lib/python3.10/site-packages/airflow/example_dags/example_trigger_controller_dag.py
[2025-08-14T09:52:04.612+0000] {processor.py:836} INFO - DAG(s) dict_keys(['example_trigger_controller_dag']) retrieved from /home/vscode/.local/lib/python3.10/site-packages/airflow/example_dags/example_trigger_controller_dag.py
[2025-08-14T09:52:04.623+0000] {logging_mixin.py:150} INFO - [2025-08-14T09:52:04.623+0000] {dag.py:2742} INFO - Sync 1 DAGs
[2025-08-14T09:52:04.637+0000] {logging_mixin.py:150} INFO - [2025-08-14T09:52:04.636+0000] {dag.py:3504} INFO - Setting next_dagrun for example_trigger_controller_dag to 2021-01-01T00:00:00+00:00, run_after=2021-01-01T00:00:00+00:00
[2025-08-14T09:52:04.652+0000] {processor.py:179} INFO - Processing /home/vscode/.local/lib/python3.10/site-packages/airflow/example_dags/example_trigger_controller_dag.py took 0.046 seconds
[2025-08-14T09:52:51.517+0000] {processor.py:157} INFO - Started process (PID=9380) to work on /home/vscode/.local/lib/python3.10/site-packages/airflow/example_dags/example_trigger_controller_dag.py
[2025-08-14T09:52:51.517+0000] {processor.py:826} INFO - Processing file /home/vscode/.local/lib/python3.10/site-packages/airflow/example_dags/example_trigger_controller_dag.py for tasks to queue
[2025-08-14T09:52:51.518+0000] {logging_mixin.py:150} INFO - [2025-08-14T09:52:51.518+0000] {dagbag.py:541} INFO - Filling up the DagBag from /home/vscode/.local/lib/python3.10/site-packages/airflow/example_dags/example_trigger_controller_dag.py
[2025-08-14T09:52:51.521+0000] {processor.py:836} INFO - DAG(s) dict_keys(['example_trigger_controller_dag']) retrieved from /home/vscode/.local/lib/python3.10/site-packages/airflow/example_dags/example_trigger_controller_dag.py
[2025-08-14T09:52:51.532+0000] {logging_mixin.py:150} INFO - [2025-08-14T09:52:51.532+0000] {dag.py:2742} INFO - Sync 1 DAGs
[2025-08-14T09:52:51.546+0000] {logging_mixin.py:150} INFO - [2025-08-14T09:52:51.546+0000] {dag.py:3504} INFO - Setting next_dagrun for example_trigger_controller_dag to 2021-01-01T00:00:00+00:00, run_after=2021-01-01T00:00:00+00:00
[2025-08-14T09:52:51.565+0000] {processor.py:179} INFO - Processing /home/vscode/.local/lib/python3.10/site-packages/airflow/example_dags/example_trigger_controller_dag.py took 0.050 seconds
[2025-08-14T09:53:40.585+0000] {processor.py:157} INFO - Started process (PID=9707) to work on /home/vscode/.local/lib/python3.10/site-packages/airflow/example_dags/example_trigger_controller_dag.py
[2025-08-14T09:53:40.586+0000] {processor.py:826} INFO - Processing file /home/vscode/.local/lib/python3.10/site-packages/airflow/example_dags/example_trigger_controller_dag.py for tasks to queue
[2025-08-14T09:53:40.586+0000] {logging_mixin.py:150} INFO - [2025-08-14T09:53:40.586+0000] {dagbag.py:541} INFO - Filling up the DagBag from /home/vscode/.local/lib/python3.10/site-packages/airflow/example_dags/example_trigger_controller_dag.py
[2025-08-14T09:53:40.589+0000] {processor.py:836} INFO - DAG(s) dict_keys(['example_trigger_controller_dag']) retrieved from /home/vscode/.local/lib/python3.10/site-packages/airflow/example_dags/example_trigger_controller_dag.py
[2025-08-14T09:53:40.601+0000] {logging_mixin.py:150} INFO - [2025-08-14T09:53:40.601+0000] {dag.py:2742} INFO - Sync 1 DAGs
[2025-08-14T09:53:40.615+0000] {logging_mixin.py:150} INFO - [2025-08-14T09:53:40.614+0000] {dag.py:3504} INFO - Setting next_dagrun for example_trigger_controller_dag to 2021-01-01T00:00:00+00:00, run_after=2021-01-01T00:00:00+00:00
[2025-08-14T09:53:40.630+0000] {processor.py:179} INFO - Processing /home/vscode/.local/lib/python3.10/site-packages/airflow/example_dags/example_trigger_controller_dag.py took 0.047 seconds
[2025-08-14T09:54:23.749+0000] {processor.py:157} INFO - Started process (PID=9995) to work on /home/vscode/.local/lib/python3.10/site-packages/airflow/example_dags/example_trigger_controller_dag.py
[2025-08-14T09:54:23.749+0000] {processor.py:826} INFO - Processing file /home/vscode/.local/lib/python3.10/site-packages/airflow/example_dags/example_trigger_controller_dag.py for tasks to queue
[2025-08-14T09:54:23.750+0000] {logging_mixin.py:150} INFO - [2025-08-14T09:54:23.750+0000] {dagbag.py:541} INFO - Filling up the DagBag from /home/vscode/.local/lib/python3.10/site-packages/airflow/example_dags/example_trigger_controller_dag.py
[2025-08-14T09:54:23.753+0000] {processor.py:836} INFO - DAG(s) dict_keys(['example_trigger_controller_dag']) retrieved from /home/vscode/.local/lib/python3.10/site-packages/airflow/example_dags/example_trigger_controller_dag.py
[2025-08-14T09:54:23.765+0000] {logging_mixin.py:150} INFO - [2025-08-14T09:54:23.765+0000] {dag.py:2742} INFO - Sync 1 DAGs
[2025-08-14T09:54:23.779+0000] {logging_mixin.py:150} INFO - [2025-08-14T09:54:23.779+0000] {dag.py:3504} INFO - Setting next_dagrun for example_trigger_controller_dag to 2021-01-01T00:00:00+00:00, run_after=2021-01-01T00:00:00+00:00
[2025-08-14T09:54:23.795+0000] {processor.py:179} INFO - Processing /home/vscode/.local/lib/python3.10/site-packages/airflow/example_dags/example_trigger_controller_dag.py took 0.049 seconds
[2025-08-14T09:55:11.762+0000] {processor.py:157} INFO - Started process (PID=10315) to work on /home/vscode/.local/lib/python3.10/site-packages/airflow/example_dags/example_trigger_controller_dag.py
[2025-08-14T09:55:11.762+0000] {processor.py:826} INFO - Processing file /home/vscode/.local/lib/python3.10/site-packages/airflow/example_dags/example_trigger_controller_dag.py for tasks to queue
[2025-08-14T09:55:11.763+0000] {logging_mixin.py:150} INFO - [2025-08-14T09:55:11.763+0000] {dagbag.py:541} INFO - Filling up the DagBag from /home/vscode/.local/lib/python3.10/site-packages/airflow/example_dags/example_trigger_controller_dag.py
[2025-08-14T09:55:11.767+0000] {processor.py:836} INFO - DAG(s) dict_keys(['example_trigger_controller_dag']) retrieved from /home/vscode/.local/lib/python3.10/site-packages/airflow/example_dags/example_trigger_controller_dag.py
[2025-08-14T09:55:11.779+0000] {logging_mixin.py:150} INFO - [2025-08-14T09:55:11.779+0000] {dag.py:2742} INFO - Sync 1 DAGs
[2025-08-14T09:55:11.796+0000] {logging_mixin.py:150} INFO - [2025-08-14T09:55:11.796+0000] {dag.py:3504} INFO - Setting next_dagrun for example_trigger_controller_dag to 2021-01-01T00:00:00+00:00, run_after=2021-01-01T00:00:00+00:00
[2025-08-14T09:55:11.812+0000] {processor.py:179} INFO - Processing /home/vscode/.local/lib/python3.10/site-packages/airflow/example_dags/example_trigger_controller_dag.py took 0.053 seconds
[2025-08-14T09:55:56.037+0000] {processor.py:157} INFO - Started process (PID=10621) to work on /home/vscode/.local/lib/python3.10/site-packages/airflow/example_dags/example_trigger_controller_dag.py
[2025-08-14T09:55:56.037+0000] {processor.py:826} INFO - Processing file /home/vscode/.local/lib/python3.10/site-packages/airflow/example_dags/example_trigger_controller_dag.py for tasks to queue
[2025-08-14T09:55:56.038+0000] {logging_mixin.py:150} INFO - [2025-08-14T09:55:56.038+0000] {dagbag.py:541} INFO - Filling up the DagBag from /home/vscode/.local/lib/python3.10/site-packages/airflow/example_dags/example_trigger_controller_dag.py
[2025-08-14T09:55:56.041+0000] {processor.py:836} INFO - DAG(s) dict_keys(['example_trigger_controller_dag']) retrieved from /home/vscode/.local/lib/python3.10/site-packages/airflow/example_dags/example_trigger_controller_dag.py
[2025-08-14T09:55:56.053+0000] {logging_mixin.py:150} INFO - [2025-08-14T09:55:56.053+0000] {dag.py:2742} INFO - Sync 1 DAGs
[2025-08-14T09:55:56.067+0000] {logging_mixin.py:150} INFO - [2025-08-14T09:55:56.067+0000] {dag.py:3504} INFO - Setting next_dagrun for example_trigger_controller_dag to 2021-01-01T00:00:00+00:00, run_after=2021-01-01T00:00:00+00:00
[2025-08-14T09:55:56.083+0000] {processor.py:179} INFO - Processing /home/vscode/.local/lib/python3.10/site-packages/airflow/example_dags/example_trigger_controller_dag.py took 0.049 seconds
[2025-08-14T09:56:41.442+0000] {processor.py:157} INFO - Started process (PID=10977) to work on /home/vscode/.local/lib/python3.10/site-packages/airflow/example_dags/example_trigger_controller_dag.py
[2025-08-14T09:56:41.442+0000] {processor.py:826} INFO - Processing file /home/vscode/.local/lib/python3.10/site-packages/airflow/example_dags/example_trigger_controller_dag.py for tasks to queue
[2025-08-14T09:56:41.443+0000] {logging_mixin.py:150} INFO - [2025-08-14T09:56:41.442+0000] {dagbag.py:541} INFO - Filling up the DagBag from /home/vscode/.local/lib/python3.10/site-packages/airflow/example_dags/example_trigger_controller_dag.py
[2025-08-14T09:56:41.446+0000] {processor.py:836} INFO - DAG(s) dict_keys(['example_trigger_controller_dag']) retrieved from /home/vscode/.local/lib/python3.10/site-packages/airflow/example_dags/example_trigger_controller_dag.py
[2025-08-14T09:56:41.458+0000] {logging_mixin.py:150} INFO - [2025-08-14T09:56:41.457+0000] {dag.py:2742} INFO - Sync 1 DAGs
[2025-08-14T09:56:41.471+0000] {logging_mixin.py:150} INFO - [2025-08-14T09:56:41.471+0000] {dag.py:3504} INFO - Setting next_dagrun for example_trigger_controller_dag to 2021-01-01T00:00:00+00:00, run_after=2021-01-01T00:00:00+00:00
[2025-08-14T09:56:41.487+0000] {processor.py:179} INFO - Processing /home/vscode/.local/lib/python3.10/site-packages/airflow/example_dags/example_trigger_controller_dag.py took 0.047 seconds
[2025-08-14T09:57:30.258+0000] {processor.py:157} INFO - Started process (PID=11394) to work on /home/vscode/.local/lib/python3.10/site-packages/airflow/example_dags/example_trigger_controller_dag.py
[2025-08-14T09:57:30.258+0000] {processor.py:826} INFO - Processing file /home/vscode/.local/lib/python3.10/site-packages/airflow/example_dags/example_trigger_controller_dag.py for tasks to queue
[2025-08-14T09:57:30.259+0000] {logging_mixin.py:150} INFO - [2025-08-14T09:57:30.259+0000] {dagbag.py:541} INFO - Filling up the DagBag from /home/vscode/.local/lib/python3.10/site-packages/airflow/example_dags/example_trigger_controller_dag.py
[2025-08-14T09:57:30.262+0000] {processor.py:836} INFO - DAG(s) dict_keys(['example_trigger_controller_dag']) retrieved from /home/vscode/.local/lib/python3.10/site-packages/airflow/example_dags/example_trigger_controller_dag.py
[2025-08-14T09:57:30.280+0000] {logging_mixin.py:150} INFO - [2025-08-14T09:57:30.280+0000] {dag.py:2742} INFO - Sync 1 DAGs
[2025-08-14T09:57:30.302+0000] {logging_mixin.py:150} INFO - [2025-08-14T09:57:30.301+0000] {dag.py:3504} INFO - Setting next_dagrun for example_trigger_controller_dag to 2021-01-01T00:00:00+00:00, run_after=2021-01-01T00:00:00+00:00
[2025-08-14T09:57:30.318+0000] {processor.py:179} INFO - Processing /home/vscode/.local/lib/python3.10/site-packages/airflow/example_dags/example_trigger_controller_dag.py took 0.063 seconds
[2025-08-14T09:58:19.147+0000] {processor.py:157} INFO - Started process (PID=11720) to work on /home/vscode/.local/lib/python3.10/site-packages/airflow/example_dags/example_trigger_controller_dag.py
[2025-08-14T09:58:19.147+0000] {processor.py:826} INFO - Processing file /home/vscode/.local/lib/python3.10/site-packages/airflow/example_dags/example_trigger_controller_dag.py for tasks to queue
[2025-08-14T09:58:19.148+0000] {logging_mixin.py:150} INFO - [2025-08-14T09:58:19.148+0000] {dagbag.py:541} INFO - Filling up the DagBag from /home/vscode/.local/lib/python3.10/site-packages/airflow/example_dags/example_trigger_controller_dag.py
[2025-08-14T09:58:19.151+0000] {processor.py:836} INFO - DAG(s) dict_keys(['example_trigger_controller_dag']) retrieved from /home/vscode/.local/lib/python3.10/site-packages/airflow/example_dags/example_trigger_controller_dag.py
[2025-08-14T09:58:19.164+0000] {logging_mixin.py:150} INFO - [2025-08-14T09:58:19.164+0000] {dag.py:2742} INFO - Sync 1 DAGs
[2025-08-14T09:58:19.178+0000] {logging_mixin.py:150} INFO - [2025-08-14T09:58:19.178+0000] {dag.py:3504} INFO - Setting next_dagrun for example_trigger_controller_dag to 2021-01-01T00:00:00+00:00, run_after=2021-01-01T00:00:00+00:00
[2025-08-14T09:58:19.194+0000] {processor.py:179} INFO - Processing /home/vscode/.local/lib/python3.10/site-packages/airflow/example_dags/example_trigger_controller_dag.py took 0.049 seconds
[2025-08-14T10:05:52.268+0000] {processor.py:157} INFO - Started process (PID=15079) to work on /home/vscode/.local/lib/python3.10/site-packages/airflow/example_dags/example_trigger_controller_dag.py
[2025-08-14T10:05:52.269+0000] {processor.py:826} INFO - Processing file /home/vscode/.local/lib/python3.10/site-packages/airflow/example_dags/example_trigger_controller_dag.py for tasks to queue
[2025-08-14T10:05:52.269+0000] {logging_mixin.py:150} INFO - [2025-08-14T10:05:52.269+0000] {dagbag.py:541} INFO - Filling up the DagBag from /home/vscode/.local/lib/python3.10/site-packages/airflow/example_dags/example_trigger_controller_dag.py
[2025-08-14T10:05:52.274+0000] {processor.py:836} INFO - DAG(s) dict_keys(['example_trigger_controller_dag']) retrieved from /home/vscode/.local/lib/python3.10/site-packages/airflow/example_dags/example_trigger_controller_dag.py
[2025-08-14T10:05:52.286+0000] {logging_mixin.py:150} INFO - [2025-08-14T10:05:52.286+0000] {dag.py:2742} INFO - Sync 1 DAGs
[2025-08-14T10:05:52.301+0000] {logging_mixin.py:150} INFO - [2025-08-14T10:05:52.300+0000] {dag.py:3504} INFO - Setting next_dagrun for example_trigger_controller_dag to 2021-01-01T00:00:00+00:00, run_after=2021-01-01T00:00:00+00:00
[2025-08-14T10:05:52.315+0000] {processor.py:179} INFO - Processing /home/vscode/.local/lib/python3.10/site-packages/airflow/example_dags/example_trigger_controller_dag.py took 0.049 seconds
[2025-08-14T10:06:37.402+0000] {processor.py:157} INFO - Started process (PID=15378) to work on /home/vscode/.local/lib/python3.10/site-packages/airflow/example_dags/example_trigger_controller_dag.py
[2025-08-14T10:06:37.402+0000] {processor.py:826} INFO - Processing file /home/vscode/.local/lib/python3.10/site-packages/airflow/example_dags/example_trigger_controller_dag.py for tasks to queue
[2025-08-14T10:06:37.403+0000] {logging_mixin.py:150} INFO - [2025-08-14T10:06:37.403+0000] {dagbag.py:541} INFO - Filling up the DagBag from /home/vscode/.local/lib/python3.10/site-packages/airflow/example_dags/example_trigger_controller_dag.py
[2025-08-14T10:06:37.406+0000] {processor.py:836} INFO - DAG(s) dict_keys(['example_trigger_controller_dag']) retrieved from /home/vscode/.local/lib/python3.10/site-packages/airflow/example_dags/example_trigger_controller_dag.py
[2025-08-14T10:06:37.417+0000] {logging_mixin.py:150} INFO - [2025-08-14T10:06:37.417+0000] {dag.py:2742} INFO - Sync 1 DAGs
[2025-08-14T10:06:37.430+0000] {logging_mixin.py:150} INFO - [2025-08-14T10:06:37.430+0000] {dag.py:3504} INFO - Setting next_dagrun for example_trigger_controller_dag to 2021-01-01T00:00:00+00:00, run_after=2021-01-01T00:00:00+00:00
[2025-08-14T10:06:37.446+0000] {processor.py:179} INFO - Processing /home/vscode/.local/lib/python3.10/site-packages/airflow/example_dags/example_trigger_controller_dag.py took 0.047 seconds
[2025-08-14T10:07:22.313+0000] {processor.py:157} INFO - Started process (PID=15684) to work on /home/vscode/.local/lib/python3.10/site-packages/airflow/example_dags/example_trigger_controller_dag.py
[2025-08-14T10:07:22.314+0000] {processor.py:826} INFO - Processing file /home/vscode/.local/lib/python3.10/site-packages/airflow/example_dags/example_trigger_controller_dag.py for tasks to queue
[2025-08-14T10:07:22.314+0000] {logging_mixin.py:150} INFO - [2025-08-14T10:07:22.314+0000] {dagbag.py:541} INFO - Filling up the DagBag from /home/vscode/.local/lib/python3.10/site-packages/airflow/example_dags/example_trigger_controller_dag.py
[2025-08-14T10:07:22.318+0000] {processor.py:836} INFO - DAG(s) dict_keys(['example_trigger_controller_dag']) retrieved from /home/vscode/.local/lib/python3.10/site-packages/airflow/example_dags/example_trigger_controller_dag.py
[2025-08-14T10:07:22.334+0000] {logging_mixin.py:150} INFO - [2025-08-14T10:07:22.333+0000] {dag.py:2742} INFO - Sync 1 DAGs
[2025-08-14T10:07:22.368+0000] {logging_mixin.py:150} INFO - [2025-08-14T10:07:22.368+0000] {dag.py:3504} INFO - Setting next_dagrun for example_trigger_controller_dag to 2021-01-01T00:00:00+00:00, run_after=2021-01-01T00:00:00+00:00
[2025-08-14T10:07:22.385+0000] {processor.py:179} INFO - Processing /home/vscode/.local/lib/python3.10/site-packages/airflow/example_dags/example_trigger_controller_dag.py took 0.075 seconds
[2025-08-14T10:08:09.628+0000] {processor.py:157} INFO - Started process (PID=16066) to work on /home/vscode/.local/lib/python3.10/site-packages/airflow/example_dags/example_trigger_controller_dag.py
[2025-08-14T10:08:09.628+0000] {processor.py:826} INFO - Processing file /home/vscode/.local/lib/python3.10/site-packages/airflow/example_dags/example_trigger_controller_dag.py for tasks to queue
[2025-08-14T10:08:09.629+0000] {logging_mixin.py:150} INFO - [2025-08-14T10:08:09.629+0000] {dagbag.py:541} INFO - Filling up the DagBag from /home/vscode/.local/lib/python3.10/site-packages/airflow/example_dags/example_trigger_controller_dag.py
[2025-08-14T10:08:09.634+0000] {processor.py:836} INFO - DAG(s) dict_keys(['example_trigger_controller_dag']) retrieved from /home/vscode/.local/lib/python3.10/site-packages/airflow/example_dags/example_trigger_controller_dag.py
[2025-08-14T10:08:09.650+0000] {logging_mixin.py:150} INFO - [2025-08-14T10:08:09.650+0000] {dag.py:2742} INFO - Sync 1 DAGs
[2025-08-14T10:08:09.672+0000] {logging_mixin.py:150} INFO - [2025-08-14T10:08:09.672+0000] {dag.py:3504} INFO - Setting next_dagrun for example_trigger_controller_dag to 2021-01-01T00:00:00+00:00, run_after=2021-01-01T00:00:00+00:00
[2025-08-14T10:08:09.687+0000] {processor.py:179} INFO - Processing /home/vscode/.local/lib/python3.10/site-packages/airflow/example_dags/example_trigger_controller_dag.py took 0.062 seconds
[2025-08-14T10:08:56.405+0000] {processor.py:157} INFO - Started process (PID=16501) to work on /home/vscode/.local/lib/python3.10/site-packages/airflow/example_dags/example_trigger_controller_dag.py
[2025-08-14T10:08:56.405+0000] {processor.py:826} INFO - Processing file /home/vscode/.local/lib/python3.10/site-packages/airflow/example_dags/example_trigger_controller_dag.py for tasks to queue
[2025-08-14T10:08:56.406+0000] {logging_mixin.py:150} INFO - [2025-08-14T10:08:56.406+0000] {dagbag.py:541} INFO - Filling up the DagBag from /home/vscode/.local/lib/python3.10/site-packages/airflow/example_dags/example_trigger_controller_dag.py
[2025-08-14T10:08:56.409+0000] {processor.py:836} INFO - DAG(s) dict_keys(['example_trigger_controller_dag']) retrieved from /home/vscode/.local/lib/python3.10/site-packages/airflow/example_dags/example_trigger_controller_dag.py
[2025-08-14T10:08:56.415+0000] {logging_mixin.py:150} INFO - [2025-08-14T10:08:56.415+0000] {dag.py:2742} INFO - Sync 1 DAGs
[2025-08-14T10:08:56.430+0000] {logging_mixin.py:150} INFO - [2025-08-14T10:08:56.430+0000] {dag.py:3504} INFO - Setting next_dagrun for example_trigger_controller_dag to 2021-01-01T00:00:00+00:00, run_after=2021-01-01T00:00:00+00:00
[2025-08-14T10:08:56.446+0000] {processor.py:179} INFO - Processing /home/vscode/.local/lib/python3.10/site-packages/airflow/example_dags/example_trigger_controller_dag.py took 0.043 seconds
[2025-08-14T10:09:45.467+0000] {processor.py:157} INFO - Started process (PID=16872) to work on /home/vscode/.local/lib/python3.10/site-packages/airflow/example_dags/example_trigger_controller_dag.py
[2025-08-14T10:09:45.467+0000] {processor.py:826} INFO - Processing file /home/vscode/.local/lib/python3.10/site-packages/airflow/example_dags/example_trigger_controller_dag.py for tasks to queue
[2025-08-14T10:09:45.468+0000] {logging_mixin.py:150} INFO - [2025-08-14T10:09:45.468+0000] {dagbag.py:541} INFO - Filling up the DagBag from /home/vscode/.local/lib/python3.10/site-packages/airflow/example_dags/example_trigger_controller_dag.py
[2025-08-14T10:09:45.471+0000] {processor.py:836} INFO - DAG(s) dict_keys(['example_trigger_controller_dag']) retrieved from /home/vscode/.local/lib/python3.10/site-packages/airflow/example_dags/example_trigger_controller_dag.py
[2025-08-14T10:09:45.484+0000] {logging_mixin.py:150} INFO - [2025-08-14T10:09:45.484+0000] {dag.py:2742} INFO - Sync 1 DAGs
[2025-08-14T10:09:45.499+0000] {logging_mixin.py:150} INFO - [2025-08-14T10:09:45.499+0000] {dag.py:3504} INFO - Setting next_dagrun for example_trigger_controller_dag to 2021-01-01T00:00:00+00:00, run_after=2021-01-01T00:00:00+00:00
[2025-08-14T10:09:45.515+0000] {processor.py:179} INFO - Processing /home/vscode/.local/lib/python3.10/site-packages/airflow/example_dags/example_trigger_controller_dag.py took 0.051 seconds
[2025-08-14T10:10:29.791+0000] {processor.py:157} INFO - Started process (PID=17198) to work on /home/vscode/.local/lib/python3.10/site-packages/airflow/example_dags/example_trigger_controller_dag.py
[2025-08-14T10:10:29.791+0000] {processor.py:826} INFO - Processing file /home/vscode/.local/lib/python3.10/site-packages/airflow/example_dags/example_trigger_controller_dag.py for tasks to queue
[2025-08-14T10:10:29.792+0000] {logging_mixin.py:150} INFO - [2025-08-14T10:10:29.792+0000] {dagbag.py:541} INFO - Filling up the DagBag from /home/vscode/.local/lib/python3.10/site-packages/airflow/example_dags/example_trigger_controller_dag.py
[2025-08-14T10:10:29.795+0000] {processor.py:836} INFO - DAG(s) dict_keys(['example_trigger_controller_dag']) retrieved from /home/vscode/.local/lib/python3.10/site-packages/airflow/example_dags/example_trigger_controller_dag.py
[2025-08-14T10:10:29.806+0000] {logging_mixin.py:150} INFO - [2025-08-14T10:10:29.806+0000] {dag.py:2742} INFO - Sync 1 DAGs
[2025-08-14T10:10:29.820+0000] {logging_mixin.py:150} INFO - [2025-08-14T10:10:29.820+0000] {dag.py:3504} INFO - Setting next_dagrun for example_trigger_controller_dag to 2021-01-01T00:00:00+00:00, run_after=2021-01-01T00:00:00+00:00
[2025-08-14T10:10:29.834+0000] {processor.py:179} INFO - Processing /home/vscode/.local/lib/python3.10/site-packages/airflow/example_dags/example_trigger_controller_dag.py took 0.046 seconds
[2025-08-14T10:11:19.967+0000] {processor.py:157} INFO - Started process (PID=17566) to work on /home/vscode/.local/lib/python3.10/site-packages/airflow/example_dags/example_trigger_controller_dag.py
[2025-08-14T10:11:19.968+0000] {processor.py:826} INFO - Processing file /home/vscode/.local/lib/python3.10/site-packages/airflow/example_dags/example_trigger_controller_dag.py for tasks to queue
[2025-08-14T10:11:19.969+0000] {logging_mixin.py:150} INFO - [2025-08-14T10:11:19.968+0000] {dagbag.py:541} INFO - Filling up the DagBag from /home/vscode/.local/lib/python3.10/site-packages/airflow/example_dags/example_trigger_controller_dag.py
[2025-08-14T10:11:19.972+0000] {processor.py:836} INFO - DAG(s) dict_keys(['example_trigger_controller_dag']) retrieved from /home/vscode/.local/lib/python3.10/site-packages/airflow/example_dags/example_trigger_controller_dag.py
[2025-08-14T10:11:19.983+0000] {logging_mixin.py:150} INFO - [2025-08-14T10:11:19.983+0000] {dag.py:2742} INFO - Sync 1 DAGs
[2025-08-14T10:11:19.997+0000] {logging_mixin.py:150} INFO - [2025-08-14T10:11:19.997+0000] {dag.py:3504} INFO - Setting next_dagrun for example_trigger_controller_dag to 2021-01-01T00:00:00+00:00, run_after=2021-01-01T00:00:00+00:00
[2025-08-14T10:11:20.012+0000] {processor.py:179} INFO - Processing /home/vscode/.local/lib/python3.10/site-packages/airflow/example_dags/example_trigger_controller_dag.py took 0.047 seconds
[2025-08-14T10:12:04.517+0000] {processor.py:157} INFO - Started process (PID=17909) to work on /home/vscode/.local/lib/python3.10/site-packages/airflow/example_dags/example_trigger_controller_dag.py
[2025-08-14T10:12:04.517+0000] {processor.py:826} INFO - Processing file /home/vscode/.local/lib/python3.10/site-packages/airflow/example_dags/example_trigger_controller_dag.py for tasks to queue
[2025-08-14T10:12:04.518+0000] {logging_mixin.py:150} INFO - [2025-08-14T10:12:04.518+0000] {dagbag.py:541} INFO - Filling up the DagBag from /home/vscode/.local/lib/python3.10/site-packages/airflow/example_dags/example_trigger_controller_dag.py
[2025-08-14T10:12:04.521+0000] {processor.py:836} INFO - DAG(s) dict_keys(['example_trigger_controller_dag']) retrieved from /home/vscode/.local/lib/python3.10/site-packages/airflow/example_dags/example_trigger_controller_dag.py
[2025-08-14T10:12:04.533+0000] {logging_mixin.py:150} INFO - [2025-08-14T10:12:04.533+0000] {dag.py:2742} INFO - Sync 1 DAGs
[2025-08-14T10:12:04.554+0000] {logging_mixin.py:150} INFO - [2025-08-14T10:12:04.554+0000] {dag.py:3504} INFO - Setting next_dagrun for example_trigger_controller_dag to 2021-01-01T00:00:00+00:00, run_after=2021-01-01T00:00:00+00:00
[2025-08-14T10:12:04.577+0000] {processor.py:179} INFO - Processing /home/vscode/.local/lib/python3.10/site-packages/airflow/example_dags/example_trigger_controller_dag.py took 0.062 seconds
[2025-08-14T10:12:47.395+0000] {processor.py:157} INFO - Started process (PID=18225) to work on /home/vscode/.local/lib/python3.10/site-packages/airflow/example_dags/example_trigger_controller_dag.py
[2025-08-14T10:12:47.395+0000] {processor.py:826} INFO - Processing file /home/vscode/.local/lib/python3.10/site-packages/airflow/example_dags/example_trigger_controller_dag.py for tasks to queue
[2025-08-14T10:12:47.396+0000] {logging_mixin.py:150} INFO - [2025-08-14T10:12:47.396+0000] {dagbag.py:541} INFO - Filling up the DagBag from /home/vscode/.local/lib/python3.10/site-packages/airflow/example_dags/example_trigger_controller_dag.py
[2025-08-14T10:12:47.400+0000] {processor.py:836} INFO - DAG(s) dict_keys(['example_trigger_controller_dag']) retrieved from /home/vscode/.local/lib/python3.10/site-packages/airflow/example_dags/example_trigger_controller_dag.py
[2025-08-14T10:12:47.411+0000] {logging_mixin.py:150} INFO - [2025-08-14T10:12:47.411+0000] {dag.py:2742} INFO - Sync 1 DAGs
[2025-08-14T10:12:47.425+0000] {logging_mixin.py:150} INFO - [2025-08-14T10:12:47.425+0000] {dag.py:3504} INFO - Setting next_dagrun for example_trigger_controller_dag to 2021-01-01T00:00:00+00:00, run_after=2021-01-01T00:00:00+00:00
[2025-08-14T10:12:47.440+0000] {processor.py:179} INFO - Processing /home/vscode/.local/lib/python3.10/site-packages/airflow/example_dags/example_trigger_controller_dag.py took 0.047 seconds
[2025-08-14T10:13:23.307+0000] {processor.py:157} INFO - Started process (PID=18498) to work on /home/vscode/.local/lib/python3.10/site-packages/airflow/example_dags/example_trigger_controller_dag.py
[2025-08-14T10:13:23.308+0000] {processor.py:826} INFO - Processing file /home/vscode/.local/lib/python3.10/site-packages/airflow/example_dags/example_trigger_controller_dag.py for tasks to queue
[2025-08-14T10:13:23.308+0000] {logging_mixin.py:150} INFO - [2025-08-14T10:13:23.308+0000] {dagbag.py:541} INFO - Filling up the DagBag from /home/vscode/.local/lib/python3.10/site-packages/airflow/example_dags/example_trigger_controller_dag.py
[2025-08-14T10:13:23.312+0000] {processor.py:836} INFO - DAG(s) dict_keys(['example_trigger_controller_dag']) retrieved from /home/vscode/.local/lib/python3.10/site-packages/airflow/example_dags/example_trigger_controller_dag.py
[2025-08-14T10:13:23.324+0000] {logging_mixin.py:150} INFO - [2025-08-14T10:13:23.324+0000] {dag.py:2742} INFO - Sync 1 DAGs
[2025-08-14T10:13:23.338+0000] {logging_mixin.py:150} INFO - [2025-08-14T10:13:23.338+0000] {dag.py:3504} INFO - Setting next_dagrun for example_trigger_controller_dag to 2021-01-01T00:00:00+00:00, run_after=2021-01-01T00:00:00+00:00
[2025-08-14T10:13:23.354+0000] {processor.py:179} INFO - Processing /home/vscode/.local/lib/python3.10/site-packages/airflow/example_dags/example_trigger_controller_dag.py took 0.049 seconds
[2025-08-14T10:14:07.724+0000] {processor.py:157} INFO - Started process (PID=18825) to work on /home/vscode/.local/lib/python3.10/site-packages/airflow/example_dags/example_trigger_controller_dag.py
[2025-08-14T10:14:07.725+0000] {processor.py:826} INFO - Processing file /home/vscode/.local/lib/python3.10/site-packages/airflow/example_dags/example_trigger_controller_dag.py for tasks to queue
[2025-08-14T10:14:07.725+0000] {logging_mixin.py:150} INFO - [2025-08-14T10:14:07.725+0000] {dagbag.py:541} INFO - Filling up the DagBag from /home/vscode/.local/lib/python3.10/site-packages/airflow/example_dags/example_trigger_controller_dag.py
[2025-08-14T10:14:07.729+0000] {processor.py:836} INFO - DAG(s) dict_keys(['example_trigger_controller_dag']) retrieved from /home/vscode/.local/lib/python3.10/site-packages/airflow/example_dags/example_trigger_controller_dag.py
[2025-08-14T10:14:07.741+0000] {logging_mixin.py:150} INFO - [2025-08-14T10:14:07.741+0000] {dag.py:2742} INFO - Sync 1 DAGs
[2025-08-14T10:14:07.757+0000] {logging_mixin.py:150} INFO - [2025-08-14T10:14:07.757+0000] {dag.py:3504} INFO - Setting next_dagrun for example_trigger_controller_dag to 2021-01-01T00:00:00+00:00, run_after=2021-01-01T00:00:00+00:00
[2025-08-14T10:14:07.773+0000] {processor.py:179} INFO - Processing /home/vscode/.local/lib/python3.10/site-packages/airflow/example_dags/example_trigger_controller_dag.py took 0.052 seconds
[2025-08-14T10:14:53.836+0000] {processor.py:157} INFO - Started process (PID=19175) to work on /home/vscode/.local/lib/python3.10/site-packages/airflow/example_dags/example_trigger_controller_dag.py
[2025-08-14T10:14:53.837+0000] {processor.py:826} INFO - Processing file /home/vscode/.local/lib/python3.10/site-packages/airflow/example_dags/example_trigger_controller_dag.py for tasks to queue
[2025-08-14T10:14:53.837+0000] {logging_mixin.py:150} INFO - [2025-08-14T10:14:53.837+0000] {dagbag.py:541} INFO - Filling up the DagBag from /home/vscode/.local/lib/python3.10/site-packages/airflow/example_dags/example_trigger_controller_dag.py
[2025-08-14T10:14:53.840+0000] {processor.py:836} INFO - DAG(s) dict_keys(['example_trigger_controller_dag']) retrieved from /home/vscode/.local/lib/python3.10/site-packages/airflow/example_dags/example_trigger_controller_dag.py
[2025-08-14T10:14:53.852+0000] {logging_mixin.py:150} INFO - [2025-08-14T10:14:53.852+0000] {dag.py:2742} INFO - Sync 1 DAGs
[2025-08-14T10:14:53.865+0000] {logging_mixin.py:150} INFO - [2025-08-14T10:14:53.865+0000] {dag.py:3504} INFO - Setting next_dagrun for example_trigger_controller_dag to 2021-01-01T00:00:00+00:00, run_after=2021-01-01T00:00:00+00:00
[2025-08-14T10:14:53.880+0000] {processor.py:179} INFO - Processing /home/vscode/.local/lib/python3.10/site-packages/airflow/example_dags/example_trigger_controller_dag.py took 0.046 seconds
[2025-08-14T10:15:36.654+0000] {processor.py:157} INFO - Started process (PID=19493) to work on /home/vscode/.local/lib/python3.10/site-packages/airflow/example_dags/example_trigger_controller_dag.py
[2025-08-14T10:15:36.655+0000] {processor.py:826} INFO - Processing file /home/vscode/.local/lib/python3.10/site-packages/airflow/example_dags/example_trigger_controller_dag.py for tasks to queue
[2025-08-14T10:15:36.656+0000] {logging_mixin.py:150} INFO - [2025-08-14T10:15:36.655+0000] {dagbag.py:541} INFO - Filling up the DagBag from /home/vscode/.local/lib/python3.10/site-packages/airflow/example_dags/example_trigger_controller_dag.py
[2025-08-14T10:15:36.659+0000] {processor.py:836} INFO - DAG(s) dict_keys(['example_trigger_controller_dag']) retrieved from /home/vscode/.local/lib/python3.10/site-packages/airflow/example_dags/example_trigger_controller_dag.py
[2025-08-14T10:15:36.670+0000] {logging_mixin.py:150} INFO - [2025-08-14T10:15:36.670+0000] {dag.py:2742} INFO - Sync 1 DAGs
[2025-08-14T10:15:36.684+0000] {logging_mixin.py:150} INFO - [2025-08-14T10:15:36.684+0000] {dag.py:3504} INFO - Setting next_dagrun for example_trigger_controller_dag to 2021-01-01T00:00:00+00:00, run_after=2021-01-01T00:00:00+00:00
[2025-08-14T10:15:36.699+0000] {processor.py:179} INFO - Processing /home/vscode/.local/lib/python3.10/site-packages/airflow/example_dags/example_trigger_controller_dag.py took 0.047 seconds
[2025-08-14T10:16:19.468+0000] {processor.py:157} INFO - Started process (PID=19814) to work on /home/vscode/.local/lib/python3.10/site-packages/airflow/example_dags/example_trigger_controller_dag.py
[2025-08-14T10:16:19.469+0000] {processor.py:826} INFO - Processing file /home/vscode/.local/lib/python3.10/site-packages/airflow/example_dags/example_trigger_controller_dag.py for tasks to queue
[2025-08-14T10:16:19.470+0000] {logging_mixin.py:150} INFO - [2025-08-14T10:16:19.469+0000] {dagbag.py:541} INFO - Filling up the DagBag from /home/vscode/.local/lib/python3.10/site-packages/airflow/example_dags/example_trigger_controller_dag.py
[2025-08-14T10:16:19.473+0000] {processor.py:836} INFO - DAG(s) dict_keys(['example_trigger_controller_dag']) retrieved from /home/vscode/.local/lib/python3.10/site-packages/airflow/example_dags/example_trigger_controller_dag.py
[2025-08-14T10:16:19.485+0000] {logging_mixin.py:150} INFO - [2025-08-14T10:16:19.485+0000] {dag.py:2742} INFO - Sync 1 DAGs
[2025-08-14T10:16:19.499+0000] {logging_mixin.py:150} INFO - [2025-08-14T10:16:19.499+0000] {dag.py:3504} INFO - Setting next_dagrun for example_trigger_controller_dag to 2021-01-01T00:00:00+00:00, run_after=2021-01-01T00:00:00+00:00
[2025-08-14T10:16:19.515+0000] {processor.py:179} INFO - Processing /home/vscode/.local/lib/python3.10/site-packages/airflow/example_dags/example_trigger_controller_dag.py took 0.049 seconds
[2025-08-14T10:16:52.150+0000] {processor.py:157} INFO - Started process (PID=20055) to work on /home/vscode/.local/lib/python3.10/site-packages/airflow/example_dags/example_trigger_controller_dag.py
[2025-08-14T10:16:52.151+0000] {processor.py:826} INFO - Processing file /home/vscode/.local/lib/python3.10/site-packages/airflow/example_dags/example_trigger_controller_dag.py for tasks to queue
[2025-08-14T10:16:52.152+0000] {logging_mixin.py:150} INFO - [2025-08-14T10:16:52.152+0000] {dagbag.py:541} INFO - Filling up the DagBag from /home/vscode/.local/lib/python3.10/site-packages/airflow/example_dags/example_trigger_controller_dag.py
[2025-08-14T10:16:52.156+0000] {processor.py:836} INFO - DAG(s) dict_keys(['example_trigger_controller_dag']) retrieved from /home/vscode/.local/lib/python3.10/site-packages/airflow/example_dags/example_trigger_controller_dag.py
[2025-08-14T10:16:52.173+0000] {logging_mixin.py:150} INFO - [2025-08-14T10:16:52.173+0000] {dag.py:2742} INFO - Sync 1 DAGs
[2025-08-14T10:16:52.190+0000] {logging_mixin.py:150} INFO - [2025-08-14T10:16:52.190+0000] {dag.py:3504} INFO - Setting next_dagrun for example_trigger_controller_dag to 2021-01-01T00:00:00+00:00, run_after=2021-01-01T00:00:00+00:00
[2025-08-14T10:16:52.205+0000] {processor.py:179} INFO - Processing /home/vscode/.local/lib/python3.10/site-packages/airflow/example_dags/example_trigger_controller_dag.py took 0.062 seconds
[2025-08-14T10:17:30.409+0000] {processor.py:157} INFO - Started process (PID=20337) to work on /home/vscode/.local/lib/python3.10/site-packages/airflow/example_dags/example_trigger_controller_dag.py
[2025-08-14T10:17:30.409+0000] {processor.py:826} INFO - Processing file /home/vscode/.local/lib/python3.10/site-packages/airflow/example_dags/example_trigger_controller_dag.py for tasks to queue
[2025-08-14T10:17:30.410+0000] {logging_mixin.py:150} INFO - [2025-08-14T10:17:30.410+0000] {dagbag.py:541} INFO - Filling up the DagBag from /home/vscode/.local/lib/python3.10/site-packages/airflow/example_dags/example_trigger_controller_dag.py
[2025-08-14T10:17:30.413+0000] {processor.py:836} INFO - DAG(s) dict_keys(['example_trigger_controller_dag']) retrieved from /home/vscode/.local/lib/python3.10/site-packages/airflow/example_dags/example_trigger_controller_dag.py
[2025-08-14T10:17:30.424+0000] {logging_mixin.py:150} INFO - [2025-08-14T10:17:30.424+0000] {dag.py:2742} INFO - Sync 1 DAGs
[2025-08-14T10:17:30.438+0000] {logging_mixin.py:150} INFO - [2025-08-14T10:17:30.438+0000] {dag.py:3504} INFO - Setting next_dagrun for example_trigger_controller_dag to 2021-01-01T00:00:00+00:00, run_after=2021-01-01T00:00:00+00:00
[2025-08-14T10:17:30.453+0000] {processor.py:179} INFO - Processing /home/vscode/.local/lib/python3.10/site-packages/airflow/example_dags/example_trigger_controller_dag.py took 0.047 seconds
[2025-08-14T10:18:16.038+0000] {processor.py:157} INFO - Started process (PID=20644) to work on /home/vscode/.local/lib/python3.10/site-packages/airflow/example_dags/example_trigger_controller_dag.py
[2025-08-14T10:18:16.039+0000] {processor.py:826} INFO - Processing file /home/vscode/.local/lib/python3.10/site-packages/airflow/example_dags/example_trigger_controller_dag.py for tasks to queue
[2025-08-14T10:18:16.040+0000] {logging_mixin.py:150} INFO - [2025-08-14T10:18:16.039+0000] {dagbag.py:541} INFO - Filling up the DagBag from /home/vscode/.local/lib/python3.10/site-packages/airflow/example_dags/example_trigger_controller_dag.py
[2025-08-14T10:18:16.043+0000] {processor.py:836} INFO - DAG(s) dict_keys(['example_trigger_controller_dag']) retrieved from /home/vscode/.local/lib/python3.10/site-packages/airflow/example_dags/example_trigger_controller_dag.py
[2025-08-14T10:18:16.055+0000] {logging_mixin.py:150} INFO - [2025-08-14T10:18:16.055+0000] {dag.py:2742} INFO - Sync 1 DAGs
[2025-08-14T10:18:16.074+0000] {logging_mixin.py:150} INFO - [2025-08-14T10:18:16.074+0000] {dag.py:3504} INFO - Setting next_dagrun for example_trigger_controller_dag to 2021-01-01T00:00:00+00:00, run_after=2021-01-01T00:00:00+00:00
[2025-08-14T10:18:16.098+0000] {processor.py:179} INFO - Processing /home/vscode/.local/lib/python3.10/site-packages/airflow/example_dags/example_trigger_controller_dag.py took 0.062 seconds
[2025-08-14T10:19:04.026+0000] {processor.py:157} INFO - Started process (PID=20968) to work on /home/vscode/.local/lib/python3.10/site-packages/airflow/example_dags/example_trigger_controller_dag.py
[2025-08-14T10:19:04.026+0000] {processor.py:826} INFO - Processing file /home/vscode/.local/lib/python3.10/site-packages/airflow/example_dags/example_trigger_controller_dag.py for tasks to queue
[2025-08-14T10:19:04.027+0000] {logging_mixin.py:150} INFO - [2025-08-14T10:19:04.027+0000] {dagbag.py:541} INFO - Filling up the DagBag from /home/vscode/.local/lib/python3.10/site-packages/airflow/example_dags/example_trigger_controller_dag.py
[2025-08-14T10:19:04.031+0000] {processor.py:836} INFO - DAG(s) dict_keys(['example_trigger_controller_dag']) retrieved from /home/vscode/.local/lib/python3.10/site-packages/airflow/example_dags/example_trigger_controller_dag.py
[2025-08-14T10:19:04.043+0000] {logging_mixin.py:150} INFO - [2025-08-14T10:19:04.042+0000] {dag.py:2742} INFO - Sync 1 DAGs
[2025-08-14T10:19:04.058+0000] {logging_mixin.py:150} INFO - [2025-08-14T10:19:04.058+0000] {dag.py:3504} INFO - Setting next_dagrun for example_trigger_controller_dag to 2021-01-01T00:00:00+00:00, run_after=2021-01-01T00:00:00+00:00
[2025-08-14T10:19:04.072+0000] {processor.py:179} INFO - Processing /home/vscode/.local/lib/python3.10/site-packages/airflow/example_dags/example_trigger_controller_dag.py took 0.049 seconds
[2025-08-14T10:19:50.793+0000] {processor.py:157} INFO - Started process (PID=21304) to work on /home/vscode/.local/lib/python3.10/site-packages/airflow/example_dags/example_trigger_controller_dag.py
[2025-08-14T10:19:50.794+0000] {processor.py:826} INFO - Processing file /home/vscode/.local/lib/python3.10/site-packages/airflow/example_dags/example_trigger_controller_dag.py for tasks to queue
[2025-08-14T10:19:50.795+0000] {logging_mixin.py:150} INFO - [2025-08-14T10:19:50.794+0000] {dagbag.py:541} INFO - Filling up the DagBag from /home/vscode/.local/lib/python3.10/site-packages/airflow/example_dags/example_trigger_controller_dag.py
[2025-08-14T10:19:50.798+0000] {processor.py:836} INFO - DAG(s) dict_keys(['example_trigger_controller_dag']) retrieved from /home/vscode/.local/lib/python3.10/site-packages/airflow/example_dags/example_trigger_controller_dag.py
[2025-08-14T10:19:50.811+0000] {logging_mixin.py:150} INFO - [2025-08-14T10:19:50.810+0000] {dag.py:2742} INFO - Sync 1 DAGs
[2025-08-14T10:19:50.833+0000] {logging_mixin.py:150} INFO - [2025-08-14T10:19:50.833+0000] {dag.py:3504} INFO - Setting next_dagrun for example_trigger_controller_dag to 2021-01-01T00:00:00+00:00, run_after=2021-01-01T00:00:00+00:00
[2025-08-14T10:19:50.858+0000] {processor.py:179} INFO - Processing /home/vscode/.local/lib/python3.10/site-packages/airflow/example_dags/example_trigger_controller_dag.py took 0.067 seconds
[2025-08-14T10:20:37.150+0000] {processor.py:157} INFO - Started process (PID=21643) to work on /home/vscode/.local/lib/python3.10/site-packages/airflow/example_dags/example_trigger_controller_dag.py
[2025-08-14T10:20:37.151+0000] {processor.py:826} INFO - Processing file /home/vscode/.local/lib/python3.10/site-packages/airflow/example_dags/example_trigger_controller_dag.py for tasks to queue
[2025-08-14T10:20:37.152+0000] {logging_mixin.py:150} INFO - [2025-08-14T10:20:37.151+0000] {dagbag.py:541} INFO - Filling up the DagBag from /home/vscode/.local/lib/python3.10/site-packages/airflow/example_dags/example_trigger_controller_dag.py
[2025-08-14T10:20:37.155+0000] {processor.py:836} INFO - DAG(s) dict_keys(['example_trigger_controller_dag']) retrieved from /home/vscode/.local/lib/python3.10/site-packages/airflow/example_dags/example_trigger_controller_dag.py
[2025-08-14T10:20:37.166+0000] {logging_mixin.py:150} INFO - [2025-08-14T10:20:37.166+0000] {dag.py:2742} INFO - Sync 1 DAGs
[2025-08-14T10:20:37.180+0000] {logging_mixin.py:150} INFO - [2025-08-14T10:20:37.180+0000] {dag.py:3504} INFO - Setting next_dagrun for example_trigger_controller_dag to 2021-01-01T00:00:00+00:00, run_after=2021-01-01T00:00:00+00:00
[2025-08-14T10:20:37.194+0000] {processor.py:179} INFO - Processing /home/vscode/.local/lib/python3.10/site-packages/airflow/example_dags/example_trigger_controller_dag.py took 0.047 seconds
[2025-08-14T10:21:25.254+0000] {processor.py:157} INFO - Started process (PID=21968) to work on /home/vscode/.local/lib/python3.10/site-packages/airflow/example_dags/example_trigger_controller_dag.py
[2025-08-14T10:21:25.254+0000] {processor.py:826} INFO - Processing file /home/vscode/.local/lib/python3.10/site-packages/airflow/example_dags/example_trigger_controller_dag.py for tasks to queue
[2025-08-14T10:21:25.255+0000] {logging_mixin.py:150} INFO - [2025-08-14T10:21:25.255+0000] {dagbag.py:541} INFO - Filling up the DagBag from /home/vscode/.local/lib/python3.10/site-packages/airflow/example_dags/example_trigger_controller_dag.py
[2025-08-14T10:21:25.258+0000] {processor.py:836} INFO - DAG(s) dict_keys(['example_trigger_controller_dag']) retrieved from /home/vscode/.local/lib/python3.10/site-packages/airflow/example_dags/example_trigger_controller_dag.py
[2025-08-14T10:21:25.270+0000] {logging_mixin.py:150} INFO - [2025-08-14T10:21:25.270+0000] {dag.py:2742} INFO - Sync 1 DAGs
[2025-08-14T10:21:25.283+0000] {logging_mixin.py:150} INFO - [2025-08-14T10:21:25.283+0000] {dag.py:3504} INFO - Setting next_dagrun for example_trigger_controller_dag to 2021-01-01T00:00:00+00:00, run_after=2021-01-01T00:00:00+00:00
[2025-08-14T10:21:25.299+0000] {processor.py:179} INFO - Processing /home/vscode/.local/lib/python3.10/site-packages/airflow/example_dags/example_trigger_controller_dag.py took 0.047 seconds
[2025-08-14T10:22:10.804+0000] {processor.py:157} INFO - Started process (PID=22266) to work on /home/vscode/.local/lib/python3.10/site-packages/airflow/example_dags/example_trigger_controller_dag.py
[2025-08-14T10:22:10.804+0000] {processor.py:826} INFO - Processing file /home/vscode/.local/lib/python3.10/site-packages/airflow/example_dags/example_trigger_controller_dag.py for tasks to queue
[2025-08-14T10:22:10.805+0000] {logging_mixin.py:150} INFO - [2025-08-14T10:22:10.805+0000] {dagbag.py:541} INFO - Filling up the DagBag from /home/vscode/.local/lib/python3.10/site-packages/airflow/example_dags/example_trigger_controller_dag.py
[2025-08-14T10:22:10.808+0000] {processor.py:836} INFO - DAG(s) dict_keys(['example_trigger_controller_dag']) retrieved from /home/vscode/.local/lib/python3.10/site-packages/airflow/example_dags/example_trigger_controller_dag.py
[2025-08-14T10:22:10.820+0000] {logging_mixin.py:150} INFO - [2025-08-14T10:22:10.820+0000] {dag.py:2742} INFO - Sync 1 DAGs
[2025-08-14T10:22:10.833+0000] {logging_mixin.py:150} INFO - [2025-08-14T10:22:10.833+0000] {dag.py:3504} INFO - Setting next_dagrun for example_trigger_controller_dag to 2021-01-01T00:00:00+00:00, run_after=2021-01-01T00:00:00+00:00
[2025-08-14T10:22:10.848+0000] {processor.py:179} INFO - Processing /home/vscode/.local/lib/python3.10/site-packages/airflow/example_dags/example_trigger_controller_dag.py took 0.047 seconds
[2025-08-14T10:22:45.073+0000] {processor.py:157} INFO - Started process (PID=22498) to work on /home/vscode/.local/lib/python3.10/site-packages/airflow/example_dags/example_trigger_controller_dag.py
[2025-08-14T10:22:45.074+0000] {processor.py:826} INFO - Processing file /home/vscode/.local/lib/python3.10/site-packages/airflow/example_dags/example_trigger_controller_dag.py for tasks to queue
[2025-08-14T10:22:45.074+0000] {logging_mixin.py:150} INFO - [2025-08-14T10:22:45.074+0000] {dagbag.py:541} INFO - Filling up the DagBag from /home/vscode/.local/lib/python3.10/site-packages/airflow/example_dags/example_trigger_controller_dag.py
[2025-08-14T10:22:45.078+0000] {processor.py:836} INFO - DAG(s) dict_keys(['example_trigger_controller_dag']) retrieved from /home/vscode/.local/lib/python3.10/site-packages/airflow/example_dags/example_trigger_controller_dag.py
[2025-08-14T10:22:45.089+0000] {logging_mixin.py:150} INFO - [2025-08-14T10:22:45.089+0000] {dag.py:2742} INFO - Sync 1 DAGs
[2025-08-14T10:22:45.103+0000] {logging_mixin.py:150} INFO - [2025-08-14T10:22:45.102+0000] {dag.py:3504} INFO - Setting next_dagrun for example_trigger_controller_dag to 2021-01-01T00:00:00+00:00, run_after=2021-01-01T00:00:00+00:00
[2025-08-14T10:22:45.118+0000] {processor.py:179} INFO - Processing /home/vscode/.local/lib/python3.10/site-packages/airflow/example_dags/example_trigger_controller_dag.py took 0.047 seconds
[2025-08-14T10:23:29.101+0000] {processor.py:157} INFO - Started process (PID=22791) to work on /home/vscode/.local/lib/python3.10/site-packages/airflow/example_dags/example_trigger_controller_dag.py
[2025-08-14T10:23:29.101+0000] {processor.py:826} INFO - Processing file /home/vscode/.local/lib/python3.10/site-packages/airflow/example_dags/example_trigger_controller_dag.py for tasks to queue
[2025-08-14T10:23:29.102+0000] {logging_mixin.py:150} INFO - [2025-08-14T10:23:29.102+0000] {dagbag.py:541} INFO - Filling up the DagBag from /home/vscode/.local/lib/python3.10/site-packages/airflow/example_dags/example_trigger_controller_dag.py
[2025-08-14T10:23:29.106+0000] {processor.py:836} INFO - DAG(s) dict_keys(['example_trigger_controller_dag']) retrieved from /home/vscode/.local/lib/python3.10/site-packages/airflow/example_dags/example_trigger_controller_dag.py
[2025-08-14T10:23:29.118+0000] {logging_mixin.py:150} INFO - [2025-08-14T10:23:29.118+0000] {dag.py:2742} INFO - Sync 1 DAGs
[2025-08-14T10:23:29.132+0000] {logging_mixin.py:150} INFO - [2025-08-14T10:23:29.132+0000] {dag.py:3504} INFO - Setting next_dagrun for example_trigger_controller_dag to 2021-01-01T00:00:00+00:00, run_after=2021-01-01T00:00:00+00:00
[2025-08-14T10:23:29.149+0000] {processor.py:179} INFO - Processing /home/vscode/.local/lib/python3.10/site-packages/airflow/example_dags/example_trigger_controller_dag.py took 0.051 seconds
[2025-08-14T10:24:15.076+0000] {processor.py:157} INFO - Started process (PID=23112) to work on /home/vscode/.local/lib/python3.10/site-packages/airflow/example_dags/example_trigger_controller_dag.py
[2025-08-14T10:24:15.077+0000] {processor.py:826} INFO - Processing file /home/vscode/.local/lib/python3.10/site-packages/airflow/example_dags/example_trigger_controller_dag.py for tasks to queue
[2025-08-14T10:24:15.078+0000] {logging_mixin.py:150} INFO - [2025-08-14T10:24:15.078+0000] {dagbag.py:541} INFO - Filling up the DagBag from /home/vscode/.local/lib/python3.10/site-packages/airflow/example_dags/example_trigger_controller_dag.py
[2025-08-14T10:24:15.081+0000] {processor.py:836} INFO - DAG(s) dict_keys(['example_trigger_controller_dag']) retrieved from /home/vscode/.local/lib/python3.10/site-packages/airflow/example_dags/example_trigger_controller_dag.py
[2025-08-14T10:24:15.093+0000] {logging_mixin.py:150} INFO - [2025-08-14T10:24:15.093+0000] {dag.py:2742} INFO - Sync 1 DAGs
[2025-08-14T10:24:15.107+0000] {logging_mixin.py:150} INFO - [2025-08-14T10:24:15.107+0000] {dag.py:3504} INFO - Setting next_dagrun for example_trigger_controller_dag to 2021-01-01T00:00:00+00:00, run_after=2021-01-01T00:00:00+00:00
[2025-08-14T10:24:15.123+0000] {processor.py:179} INFO - Processing /home/vscode/.local/lib/python3.10/site-packages/airflow/example_dags/example_trigger_controller_dag.py took 0.048 seconds
[2025-08-14T10:25:02.029+0000] {processor.py:157} INFO - Started process (PID=23446) to work on /home/vscode/.local/lib/python3.10/site-packages/airflow/example_dags/example_trigger_controller_dag.py
[2025-08-14T10:25:02.030+0000] {processor.py:826} INFO - Processing file /home/vscode/.local/lib/python3.10/site-packages/airflow/example_dags/example_trigger_controller_dag.py for tasks to queue
[2025-08-14T10:25:02.031+0000] {logging_mixin.py:150} INFO - [2025-08-14T10:25:02.030+0000] {dagbag.py:541} INFO - Filling up the DagBag from /home/vscode/.local/lib/python3.10/site-packages/airflow/example_dags/example_trigger_controller_dag.py
[2025-08-14T10:25:02.034+0000] {processor.py:836} INFO - DAG(s) dict_keys(['example_trigger_controller_dag']) retrieved from /home/vscode/.local/lib/python3.10/site-packages/airflow/example_dags/example_trigger_controller_dag.py
[2025-08-14T10:25:02.046+0000] {logging_mixin.py:150} INFO - [2025-08-14T10:25:02.046+0000] {dag.py:2742} INFO - Sync 1 DAGs
[2025-08-14T10:25:02.060+0000] {logging_mixin.py:150} INFO - [2025-08-14T10:25:02.060+0000] {dag.py:3504} INFO - Setting next_dagrun for example_trigger_controller_dag to 2021-01-01T00:00:00+00:00, run_after=2021-01-01T00:00:00+00:00
[2025-08-14T10:25:02.074+0000] {processor.py:179} INFO - Processing /home/vscode/.local/lib/python3.10/site-packages/airflow/example_dags/example_trigger_controller_dag.py took 0.047 seconds
[2025-08-14T10:25:45.757+0000] {processor.py:157} INFO - Started process (PID=23734) to work on /home/vscode/.local/lib/python3.10/site-packages/airflow/example_dags/example_trigger_controller_dag.py
[2025-08-14T10:25:45.757+0000] {processor.py:826} INFO - Processing file /home/vscode/.local/lib/python3.10/site-packages/airflow/example_dags/example_trigger_controller_dag.py for tasks to queue
[2025-08-14T10:25:45.758+0000] {logging_mixin.py:150} INFO - [2025-08-14T10:25:45.758+0000] {dagbag.py:541} INFO - Filling up the DagBag from /home/vscode/.local/lib/python3.10/site-packages/airflow/example_dags/example_trigger_controller_dag.py
[2025-08-14T10:25:45.763+0000] {processor.py:836} INFO - DAG(s) dict_keys(['example_trigger_controller_dag']) retrieved from /home/vscode/.local/lib/python3.10/site-packages/airflow/example_dags/example_trigger_controller_dag.py
[2025-08-14T10:25:45.777+0000] {logging_mixin.py:150} INFO - [2025-08-14T10:25:45.777+0000] {dag.py:2742} INFO - Sync 1 DAGs
[2025-08-14T10:25:45.793+0000] {logging_mixin.py:150} INFO - [2025-08-14T10:25:45.793+0000] {dag.py:3504} INFO - Setting next_dagrun for example_trigger_controller_dag to 2021-01-01T00:00:00+00:00, run_after=2021-01-01T00:00:00+00:00
[2025-08-14T10:25:45.809+0000] {processor.py:179} INFO - Processing /home/vscode/.local/lib/python3.10/site-packages/airflow/example_dags/example_trigger_controller_dag.py took 0.054 seconds
[2025-08-14T10:26:33.868+0000] {processor.py:157} INFO - Started process (PID=24064) to work on /home/vscode/.local/lib/python3.10/site-packages/airflow/example_dags/example_trigger_controller_dag.py
[2025-08-14T10:26:33.868+0000] {processor.py:826} INFO - Processing file /home/vscode/.local/lib/python3.10/site-packages/airflow/example_dags/example_trigger_controller_dag.py for tasks to queue
[2025-08-14T10:26:33.869+0000] {logging_mixin.py:150} INFO - [2025-08-14T10:26:33.869+0000] {dagbag.py:541} INFO - Filling up the DagBag from /home/vscode/.local/lib/python3.10/site-packages/airflow/example_dags/example_trigger_controller_dag.py
[2025-08-14T10:26:33.873+0000] {processor.py:836} INFO - DAG(s) dict_keys(['example_trigger_controller_dag']) retrieved from /home/vscode/.local/lib/python3.10/site-packages/airflow/example_dags/example_trigger_controller_dag.py
[2025-08-14T10:26:33.884+0000] {logging_mixin.py:150} INFO - [2025-08-14T10:26:33.884+0000] {dag.py:2742} INFO - Sync 1 DAGs
[2025-08-14T10:26:33.898+0000] {logging_mixin.py:150} INFO - [2025-08-14T10:26:33.898+0000] {dag.py:3504} INFO - Setting next_dagrun for example_trigger_controller_dag to 2021-01-01T00:00:00+00:00, run_after=2021-01-01T00:00:00+00:00
[2025-08-14T10:26:33.913+0000] {processor.py:179} INFO - Processing /home/vscode/.local/lib/python3.10/site-packages/airflow/example_dags/example_trigger_controller_dag.py took 0.048 seconds
[2025-08-14T10:27:20.726+0000] {processor.py:157} INFO - Started process (PID=24366) to work on /home/vscode/.local/lib/python3.10/site-packages/airflow/example_dags/example_trigger_controller_dag.py
[2025-08-14T10:27:20.726+0000] {processor.py:826} INFO - Processing file /home/vscode/.local/lib/python3.10/site-packages/airflow/example_dags/example_trigger_controller_dag.py for tasks to queue
[2025-08-14T10:27:20.727+0000] {logging_mixin.py:150} INFO - [2025-08-14T10:27:20.727+0000] {dagbag.py:541} INFO - Filling up the DagBag from /home/vscode/.local/lib/python3.10/site-packages/airflow/example_dags/example_trigger_controller_dag.py
[2025-08-14T10:27:20.730+0000] {processor.py:836} INFO - DAG(s) dict_keys(['example_trigger_controller_dag']) retrieved from /home/vscode/.local/lib/python3.10/site-packages/airflow/example_dags/example_trigger_controller_dag.py
[2025-08-14T10:27:20.742+0000] {logging_mixin.py:150} INFO - [2025-08-14T10:27:20.742+0000] {dag.py:2742} INFO - Sync 1 DAGs
[2025-08-14T10:27:20.756+0000] {logging_mixin.py:150} INFO - [2025-08-14T10:27:20.755+0000] {dag.py:3504} INFO - Setting next_dagrun for example_trigger_controller_dag to 2021-01-01T00:00:00+00:00, run_after=2021-01-01T00:00:00+00:00
[2025-08-14T10:27:20.771+0000] {processor.py:179} INFO - Processing /home/vscode/.local/lib/python3.10/site-packages/airflow/example_dags/example_trigger_controller_dag.py took 0.047 seconds
[2025-08-14T10:28:05.319+0000] {processor.py:157} INFO - Started process (PID=24667) to work on /home/vscode/.local/lib/python3.10/site-packages/airflow/example_dags/example_trigger_controller_dag.py
[2025-08-14T10:28:05.320+0000] {processor.py:826} INFO - Processing file /home/vscode/.local/lib/python3.10/site-packages/airflow/example_dags/example_trigger_controller_dag.py for tasks to queue
[2025-08-14T10:28:05.320+0000] {logging_mixin.py:150} INFO - [2025-08-14T10:28:05.320+0000] {dagbag.py:541} INFO - Filling up the DagBag from /home/vscode/.local/lib/python3.10/site-packages/airflow/example_dags/example_trigger_controller_dag.py
[2025-08-14T10:28:05.324+0000] {processor.py:836} INFO - DAG(s) dict_keys(['example_trigger_controller_dag']) retrieved from /home/vscode/.local/lib/python3.10/site-packages/airflow/example_dags/example_trigger_controller_dag.py
[2025-08-14T10:28:05.335+0000] {logging_mixin.py:150} INFO - [2025-08-14T10:28:05.335+0000] {dag.py:2742} INFO - Sync 1 DAGs
[2025-08-14T10:28:05.349+0000] {logging_mixin.py:150} INFO - [2025-08-14T10:28:05.349+0000] {dag.py:3504} INFO - Setting next_dagrun for example_trigger_controller_dag to 2021-01-01T00:00:00+00:00, run_after=2021-01-01T00:00:00+00:00
[2025-08-14T10:28:05.364+0000] {processor.py:179} INFO - Processing /home/vscode/.local/lib/python3.10/site-packages/airflow/example_dags/example_trigger_controller_dag.py took 0.047 seconds
[2025-08-14T10:28:53.270+0000] {processor.py:157} INFO - Started process (PID=24987) to work on /home/vscode/.local/lib/python3.10/site-packages/airflow/example_dags/example_trigger_controller_dag.py
[2025-08-14T10:28:53.270+0000] {processor.py:826} INFO - Processing file /home/vscode/.local/lib/python3.10/site-packages/airflow/example_dags/example_trigger_controller_dag.py for tasks to queue
[2025-08-14T10:28:53.271+0000] {logging_mixin.py:150} INFO - [2025-08-14T10:28:53.271+0000] {dagbag.py:541} INFO - Filling up the DagBag from /home/vscode/.local/lib/python3.10/site-packages/airflow/example_dags/example_trigger_controller_dag.py
[2025-08-14T10:28:53.275+0000] {processor.py:836} INFO - DAG(s) dict_keys(['example_trigger_controller_dag']) retrieved from /home/vscode/.local/lib/python3.10/site-packages/airflow/example_dags/example_trigger_controller_dag.py
[2025-08-14T10:28:53.287+0000] {logging_mixin.py:150} INFO - [2025-08-14T10:28:53.286+0000] {dag.py:2742} INFO - Sync 1 DAGs
[2025-08-14T10:28:53.301+0000] {logging_mixin.py:150} INFO - [2025-08-14T10:28:53.301+0000] {dag.py:3504} INFO - Setting next_dagrun for example_trigger_controller_dag to 2021-01-01T00:00:00+00:00, run_after=2021-01-01T00:00:00+00:00
[2025-08-14T10:28:53.318+0000] {processor.py:179} INFO - Processing /home/vscode/.local/lib/python3.10/site-packages/airflow/example_dags/example_trigger_controller_dag.py took 0.051 seconds
[2025-08-14T10:29:39.200+0000] {processor.py:157} INFO - Started process (PID=25297) to work on /home/vscode/.local/lib/python3.10/site-packages/airflow/example_dags/example_trigger_controller_dag.py
[2025-08-14T10:29:39.201+0000] {processor.py:826} INFO - Processing file /home/vscode/.local/lib/python3.10/site-packages/airflow/example_dags/example_trigger_controller_dag.py for tasks to queue
[2025-08-14T10:29:39.202+0000] {logging_mixin.py:150} INFO - [2025-08-14T10:29:39.201+0000] {dagbag.py:541} INFO - Filling up the DagBag from /home/vscode/.local/lib/python3.10/site-packages/airflow/example_dags/example_trigger_controller_dag.py
[2025-08-14T10:29:39.205+0000] {processor.py:836} INFO - DAG(s) dict_keys(['example_trigger_controller_dag']) retrieved from /home/vscode/.local/lib/python3.10/site-packages/airflow/example_dags/example_trigger_controller_dag.py
[2025-08-14T10:29:39.216+0000] {logging_mixin.py:150} INFO - [2025-08-14T10:29:39.216+0000] {dag.py:2742} INFO - Sync 1 DAGs
[2025-08-14T10:29:39.230+0000] {logging_mixin.py:150} INFO - [2025-08-14T10:29:39.230+0000] {dag.py:3504} INFO - Setting next_dagrun for example_trigger_controller_dag to 2021-01-01T00:00:00+00:00, run_after=2021-01-01T00:00:00+00:00
[2025-08-14T10:29:39.245+0000] {processor.py:179} INFO - Processing /home/vscode/.local/lib/python3.10/site-packages/airflow/example_dags/example_trigger_controller_dag.py took 0.046 seconds
[2025-08-14T10:30:25.891+0000] {processor.py:157} INFO - Started process (PID=25607) to work on /home/vscode/.local/lib/python3.10/site-packages/airflow/example_dags/example_trigger_controller_dag.py
[2025-08-14T10:30:25.892+0000] {processor.py:826} INFO - Processing file /home/vscode/.local/lib/python3.10/site-packages/airflow/example_dags/example_trigger_controller_dag.py for tasks to queue
[2025-08-14T10:30:25.893+0000] {logging_mixin.py:150} INFO - [2025-08-14T10:30:25.893+0000] {dagbag.py:541} INFO - Filling up the DagBag from /home/vscode/.local/lib/python3.10/site-packages/airflow/example_dags/example_trigger_controller_dag.py
[2025-08-14T10:30:25.898+0000] {processor.py:836} INFO - DAG(s) dict_keys(['example_trigger_controller_dag']) retrieved from /home/vscode/.local/lib/python3.10/site-packages/airflow/example_dags/example_trigger_controller_dag.py
[2025-08-14T10:30:25.916+0000] {logging_mixin.py:150} INFO - [2025-08-14T10:30:25.916+0000] {dag.py:2742} INFO - Sync 1 DAGs
[2025-08-14T10:30:25.936+0000] {logging_mixin.py:150} INFO - [2025-08-14T10:30:25.935+0000] {dag.py:3504} INFO - Setting next_dagrun for example_trigger_controller_dag to 2021-01-01T00:00:00+00:00, run_after=2021-01-01T00:00:00+00:00
[2025-08-14T10:30:25.951+0000] {processor.py:179} INFO - Processing /home/vscode/.local/lib/python3.10/site-packages/airflow/example_dags/example_trigger_controller_dag.py took 0.062 seconds
[2025-08-14T10:31:11.628+0000] {processor.py:157} INFO - Started process (PID=25914) to work on /home/vscode/.local/lib/python3.10/site-packages/airflow/example_dags/example_trigger_controller_dag.py
[2025-08-14T10:31:11.629+0000] {processor.py:826} INFO - Processing file /home/vscode/.local/lib/python3.10/site-packages/airflow/example_dags/example_trigger_controller_dag.py for tasks to queue
[2025-08-14T10:31:11.629+0000] {logging_mixin.py:150} INFO - [2025-08-14T10:31:11.629+0000] {dagbag.py:541} INFO - Filling up the DagBag from /home/vscode/.local/lib/python3.10/site-packages/airflow/example_dags/example_trigger_controller_dag.py
[2025-08-14T10:31:11.633+0000] {processor.py:836} INFO - DAG(s) dict_keys(['example_trigger_controller_dag']) retrieved from /home/vscode/.local/lib/python3.10/site-packages/airflow/example_dags/example_trigger_controller_dag.py
[2025-08-14T10:31:11.643+0000] {logging_mixin.py:150} INFO - [2025-08-14T10:31:11.643+0000] {dag.py:2742} INFO - Sync 1 DAGs
[2025-08-14T10:31:11.657+0000] {logging_mixin.py:150} INFO - [2025-08-14T10:31:11.657+0000] {dag.py:3504} INFO - Setting next_dagrun for example_trigger_controller_dag to 2021-01-01T00:00:00+00:00, run_after=2021-01-01T00:00:00+00:00
[2025-08-14T10:31:11.672+0000] {processor.py:179} INFO - Processing /home/vscode/.local/lib/python3.10/site-packages/airflow/example_dags/example_trigger_controller_dag.py took 0.045 seconds
[2025-08-14T10:31:55.721+0000] {processor.py:157} INFO - Started process (PID=26209) to work on /home/vscode/.local/lib/python3.10/site-packages/airflow/example_dags/example_trigger_controller_dag.py
[2025-08-14T10:31:55.722+0000] {processor.py:826} INFO - Processing file /home/vscode/.local/lib/python3.10/site-packages/airflow/example_dags/example_trigger_controller_dag.py for tasks to queue
[2025-08-14T10:31:55.722+0000] {logging_mixin.py:150} INFO - [2025-08-14T10:31:55.722+0000] {dagbag.py:541} INFO - Filling up the DagBag from /home/vscode/.local/lib/python3.10/site-packages/airflow/example_dags/example_trigger_controller_dag.py
[2025-08-14T10:31:55.726+0000] {processor.py:836} INFO - DAG(s) dict_keys(['example_trigger_controller_dag']) retrieved from /home/vscode/.local/lib/python3.10/site-packages/airflow/example_dags/example_trigger_controller_dag.py
[2025-08-14T10:31:55.737+0000] {logging_mixin.py:150} INFO - [2025-08-14T10:31:55.737+0000] {dag.py:2742} INFO - Sync 1 DAGs
[2025-08-14T10:31:55.750+0000] {logging_mixin.py:150} INFO - [2025-08-14T10:31:55.750+0000] {dag.py:3504} INFO - Setting next_dagrun for example_trigger_controller_dag to 2021-01-01T00:00:00+00:00, run_after=2021-01-01T00:00:00+00:00
[2025-08-14T10:31:55.767+0000] {processor.py:179} INFO - Processing /home/vscode/.local/lib/python3.10/site-packages/airflow/example_dags/example_trigger_controller_dag.py took 0.048 seconds
[2025-08-14T10:32:39.483+0000] {processor.py:157} INFO - Started process (PID=26503) to work on /home/vscode/.local/lib/python3.10/site-packages/airflow/example_dags/example_trigger_controller_dag.py
[2025-08-14T10:32:39.484+0000] {processor.py:826} INFO - Processing file /home/vscode/.local/lib/python3.10/site-packages/airflow/example_dags/example_trigger_controller_dag.py for tasks to queue
[2025-08-14T10:32:39.484+0000] {logging_mixin.py:150} INFO - [2025-08-14T10:32:39.484+0000] {dagbag.py:541} INFO - Filling up the DagBag from /home/vscode/.local/lib/python3.10/site-packages/airflow/example_dags/example_trigger_controller_dag.py
[2025-08-14T10:32:39.488+0000] {processor.py:836} INFO - DAG(s) dict_keys(['example_trigger_controller_dag']) retrieved from /home/vscode/.local/lib/python3.10/site-packages/airflow/example_dags/example_trigger_controller_dag.py
[2025-08-14T10:32:39.499+0000] {logging_mixin.py:150} INFO - [2025-08-14T10:32:39.499+0000] {dag.py:2742} INFO - Sync 1 DAGs
[2025-08-14T10:32:39.513+0000] {logging_mixin.py:150} INFO - [2025-08-14T10:32:39.513+0000] {dag.py:3504} INFO - Setting next_dagrun for example_trigger_controller_dag to 2021-01-01T00:00:00+00:00, run_after=2021-01-01T00:00:00+00:00
[2025-08-14T10:32:39.529+0000] {processor.py:179} INFO - Processing /home/vscode/.local/lib/python3.10/site-packages/airflow/example_dags/example_trigger_controller_dag.py took 0.048 seconds
[2025-08-14T10:33:21.745+0000] {processor.py:157} INFO - Started process (PID=26883) to work on /home/vscode/.local/lib/python3.10/site-packages/airflow/example_dags/example_trigger_controller_dag.py
[2025-08-14T10:33:21.746+0000] {processor.py:826} INFO - Processing file /home/vscode/.local/lib/python3.10/site-packages/airflow/example_dags/example_trigger_controller_dag.py for tasks to queue
[2025-08-14T10:33:21.747+0000] {logging_mixin.py:150} INFO - [2025-08-14T10:33:21.747+0000] {dagbag.py:541} INFO - Filling up the DagBag from /home/vscode/.local/lib/python3.10/site-packages/airflow/example_dags/example_trigger_controller_dag.py
[2025-08-14T10:33:21.752+0000] {processor.py:836} INFO - DAG(s) dict_keys(['example_trigger_controller_dag']) retrieved from /home/vscode/.local/lib/python3.10/site-packages/airflow/example_dags/example_trigger_controller_dag.py
[2025-08-14T10:33:21.764+0000] {logging_mixin.py:150} INFO - [2025-08-14T10:33:21.764+0000] {dag.py:2742} INFO - Sync 1 DAGs
[2025-08-14T10:33:21.778+0000] {logging_mixin.py:150} INFO - [2025-08-14T10:33:21.778+0000] {dag.py:3504} INFO - Setting next_dagrun for example_trigger_controller_dag to 2021-01-01T00:00:00+00:00, run_after=2021-01-01T00:00:00+00:00
[2025-08-14T10:33:21.793+0000] {processor.py:179} INFO - Processing /home/vscode/.local/lib/python3.10/site-packages/airflow/example_dags/example_trigger_controller_dag.py took 0.049 seconds
[2025-08-14T10:34:05.137+0000] {processor.py:157} INFO - Started process (PID=27197) to work on /home/vscode/.local/lib/python3.10/site-packages/airflow/example_dags/example_trigger_controller_dag.py
[2025-08-14T10:34:05.138+0000] {processor.py:826} INFO - Processing file /home/vscode/.local/lib/python3.10/site-packages/airflow/example_dags/example_trigger_controller_dag.py for tasks to queue
[2025-08-14T10:34:05.139+0000] {logging_mixin.py:150} INFO - [2025-08-14T10:34:05.138+0000] {dagbag.py:541} INFO - Filling up the DagBag from /home/vscode/.local/lib/python3.10/site-packages/airflow/example_dags/example_trigger_controller_dag.py
[2025-08-14T10:34:05.142+0000] {processor.py:836} INFO - DAG(s) dict_keys(['example_trigger_controller_dag']) retrieved from /home/vscode/.local/lib/python3.10/site-packages/airflow/example_dags/example_trigger_controller_dag.py
[2025-08-14T10:34:05.154+0000] {logging_mixin.py:150} INFO - [2025-08-14T10:34:05.154+0000] {dag.py:2742} INFO - Sync 1 DAGs
[2025-08-14T10:34:05.168+0000] {logging_mixin.py:150} INFO - [2025-08-14T10:34:05.168+0000] {dag.py:3504} INFO - Setting next_dagrun for example_trigger_controller_dag to 2021-01-01T00:00:00+00:00, run_after=2021-01-01T00:00:00+00:00
[2025-08-14T10:34:05.183+0000] {processor.py:179} INFO - Processing /home/vscode/.local/lib/python3.10/site-packages/airflow/example_dags/example_trigger_controller_dag.py took 0.048 seconds
[2025-08-14T10:34:53.541+0000] {processor.py:157} INFO - Started process (PID=27516) to work on /home/vscode/.local/lib/python3.10/site-packages/airflow/example_dags/example_trigger_controller_dag.py
[2025-08-14T10:34:53.542+0000] {processor.py:826} INFO - Processing file /home/vscode/.local/lib/python3.10/site-packages/airflow/example_dags/example_trigger_controller_dag.py for tasks to queue
[2025-08-14T10:34:53.542+0000] {logging_mixin.py:150} INFO - [2025-08-14T10:34:53.542+0000] {dagbag.py:541} INFO - Filling up the DagBag from /home/vscode/.local/lib/python3.10/site-packages/airflow/example_dags/example_trigger_controller_dag.py
[2025-08-14T10:34:53.545+0000] {processor.py:836} INFO - DAG(s) dict_keys(['example_trigger_controller_dag']) retrieved from /home/vscode/.local/lib/python3.10/site-packages/airflow/example_dags/example_trigger_controller_dag.py
[2025-08-14T10:34:53.557+0000] {logging_mixin.py:150} INFO - [2025-08-14T10:34:53.557+0000] {dag.py:2742} INFO - Sync 1 DAGs
[2025-08-14T10:34:53.570+0000] {logging_mixin.py:150} INFO - [2025-08-14T10:34:53.570+0000] {dag.py:3504} INFO - Setting next_dagrun for example_trigger_controller_dag to 2021-01-01T00:00:00+00:00, run_after=2021-01-01T00:00:00+00:00
[2025-08-14T10:34:53.585+0000] {processor.py:179} INFO - Processing /home/vscode/.local/lib/python3.10/site-packages/airflow/example_dags/example_trigger_controller_dag.py took 0.046 seconds
[2025-08-14T10:35:39.260+0000] {processor.py:157} INFO - Started process (PID=27819) to work on /home/vscode/.local/lib/python3.10/site-packages/airflow/example_dags/example_trigger_controller_dag.py
[2025-08-14T10:35:39.261+0000] {processor.py:826} INFO - Processing file /home/vscode/.local/lib/python3.10/site-packages/airflow/example_dags/example_trigger_controller_dag.py for tasks to queue
[2025-08-14T10:35:39.261+0000] {logging_mixin.py:150} INFO - [2025-08-14T10:35:39.261+0000] {dagbag.py:541} INFO - Filling up the DagBag from /home/vscode/.local/lib/python3.10/site-packages/airflow/example_dags/example_trigger_controller_dag.py
[2025-08-14T10:35:39.265+0000] {processor.py:836} INFO - DAG(s) dict_keys(['example_trigger_controller_dag']) retrieved from /home/vscode/.local/lib/python3.10/site-packages/airflow/example_dags/example_trigger_controller_dag.py
[2025-08-14T10:35:39.277+0000] {logging_mixin.py:150} INFO - [2025-08-14T10:35:39.276+0000] {dag.py:2742} INFO - Sync 1 DAGs
[2025-08-14T10:35:39.291+0000] {logging_mixin.py:150} INFO - [2025-08-14T10:35:39.291+0000] {dag.py:3504} INFO - Setting next_dagrun for example_trigger_controller_dag to 2021-01-01T00:00:00+00:00, run_after=2021-01-01T00:00:00+00:00
[2025-08-14T10:35:39.306+0000] {processor.py:179} INFO - Processing /home/vscode/.local/lib/python3.10/site-packages/airflow/example_dags/example_trigger_controller_dag.py took 0.048 seconds
[2025-08-14T10:36:25.507+0000] {processor.py:157} INFO - Started process (PID=28128) to work on /home/vscode/.local/lib/python3.10/site-packages/airflow/example_dags/example_trigger_controller_dag.py
[2025-08-14T10:36:25.507+0000] {processor.py:826} INFO - Processing file /home/vscode/.local/lib/python3.10/site-packages/airflow/example_dags/example_trigger_controller_dag.py for tasks to queue
[2025-08-14T10:36:25.508+0000] {logging_mixin.py:150} INFO - [2025-08-14T10:36:25.508+0000] {dagbag.py:541} INFO - Filling up the DagBag from /home/vscode/.local/lib/python3.10/site-packages/airflow/example_dags/example_trigger_controller_dag.py
[2025-08-14T10:36:25.511+0000] {processor.py:836} INFO - DAG(s) dict_keys(['example_trigger_controller_dag']) retrieved from /home/vscode/.local/lib/python3.10/site-packages/airflow/example_dags/example_trigger_controller_dag.py
[2025-08-14T10:36:25.522+0000] {logging_mixin.py:150} INFO - [2025-08-14T10:36:25.522+0000] {dag.py:2742} INFO - Sync 1 DAGs
[2025-08-14T10:36:25.536+0000] {logging_mixin.py:150} INFO - [2025-08-14T10:36:25.536+0000] {dag.py:3504} INFO - Setting next_dagrun for example_trigger_controller_dag to 2021-01-01T00:00:00+00:00, run_after=2021-01-01T00:00:00+00:00
[2025-08-14T10:36:25.551+0000] {processor.py:179} INFO - Processing /home/vscode/.local/lib/python3.10/site-packages/airflow/example_dags/example_trigger_controller_dag.py took 0.046 seconds
[2025-08-14T10:37:00.773+0000] {processor.py:157} INFO - Started process (PID=28356) to work on /home/vscode/.local/lib/python3.10/site-packages/airflow/example_dags/example_trigger_controller_dag.py
[2025-08-14T10:37:00.773+0000] {processor.py:826} INFO - Processing file /home/vscode/.local/lib/python3.10/site-packages/airflow/example_dags/example_trigger_controller_dag.py for tasks to queue
[2025-08-14T10:37:00.774+0000] {logging_mixin.py:150} INFO - [2025-08-14T10:37:00.774+0000] {dagbag.py:541} INFO - Filling up the DagBag from /home/vscode/.local/lib/python3.10/site-packages/airflow/example_dags/example_trigger_controller_dag.py
[2025-08-14T10:37:00.777+0000] {processor.py:836} INFO - DAG(s) dict_keys(['example_trigger_controller_dag']) retrieved from /home/vscode/.local/lib/python3.10/site-packages/airflow/example_dags/example_trigger_controller_dag.py
[2025-08-14T10:37:00.788+0000] {logging_mixin.py:150} INFO - [2025-08-14T10:37:00.788+0000] {dag.py:2742} INFO - Sync 1 DAGs
[2025-08-14T10:37:00.802+0000] {logging_mixin.py:150} INFO - [2025-08-14T10:37:00.802+0000] {dag.py:3504} INFO - Setting next_dagrun for example_trigger_controller_dag to 2021-01-01T00:00:00+00:00, run_after=2021-01-01T00:00:00+00:00
[2025-08-14T10:37:00.818+0000] {processor.py:179} INFO - Processing /home/vscode/.local/lib/python3.10/site-packages/airflow/example_dags/example_trigger_controller_dag.py took 0.047 seconds
[2025-08-14T10:37:45.466+0000] {processor.py:157} INFO - Started process (PID=28665) to work on /home/vscode/.local/lib/python3.10/site-packages/airflow/example_dags/example_trigger_controller_dag.py
[2025-08-14T10:37:45.467+0000] {processor.py:826} INFO - Processing file /home/vscode/.local/lib/python3.10/site-packages/airflow/example_dags/example_trigger_controller_dag.py for tasks to queue
[2025-08-14T10:37:45.468+0000] {logging_mixin.py:150} INFO - [2025-08-14T10:37:45.467+0000] {dagbag.py:541} INFO - Filling up the DagBag from /home/vscode/.local/lib/python3.10/site-packages/airflow/example_dags/example_trigger_controller_dag.py
[2025-08-14T10:37:45.471+0000] {processor.py:836} INFO - DAG(s) dict_keys(['example_trigger_controller_dag']) retrieved from /home/vscode/.local/lib/python3.10/site-packages/airflow/example_dags/example_trigger_controller_dag.py
[2025-08-14T10:37:45.483+0000] {logging_mixin.py:150} INFO - [2025-08-14T10:37:45.482+0000] {dag.py:2742} INFO - Sync 1 DAGs
[2025-08-14T10:37:45.497+0000] {logging_mixin.py:150} INFO - [2025-08-14T10:37:45.497+0000] {dag.py:3504} INFO - Setting next_dagrun for example_trigger_controller_dag to 2021-01-01T00:00:00+00:00, run_after=2021-01-01T00:00:00+00:00
[2025-08-14T10:37:45.512+0000] {processor.py:179} INFO - Processing /home/vscode/.local/lib/python3.10/site-packages/airflow/example_dags/example_trigger_controller_dag.py took 0.048 seconds
[2025-08-14T10:38:30.978+0000] {processor.py:157} INFO - Started process (PID=28962) to work on /home/vscode/.local/lib/python3.10/site-packages/airflow/example_dags/example_trigger_controller_dag.py
[2025-08-14T10:38:30.979+0000] {processor.py:826} INFO - Processing file /home/vscode/.local/lib/python3.10/site-packages/airflow/example_dags/example_trigger_controller_dag.py for tasks to queue
[2025-08-14T10:38:30.980+0000] {logging_mixin.py:150} INFO - [2025-08-14T10:38:30.979+0000] {dagbag.py:541} INFO - Filling up the DagBag from /home/vscode/.local/lib/python3.10/site-packages/airflow/example_dags/example_trigger_controller_dag.py
[2025-08-14T10:38:30.983+0000] {processor.py:836} INFO - DAG(s) dict_keys(['example_trigger_controller_dag']) retrieved from /home/vscode/.local/lib/python3.10/site-packages/airflow/example_dags/example_trigger_controller_dag.py
[2025-08-14T10:38:30.995+0000] {logging_mixin.py:150} INFO - [2025-08-14T10:38:30.995+0000] {dag.py:2742} INFO - Sync 1 DAGs
[2025-08-14T10:38:31.009+0000] {logging_mixin.py:150} INFO - [2025-08-14T10:38:31.009+0000] {dag.py:3504} INFO - Setting next_dagrun for example_trigger_controller_dag to 2021-01-01T00:00:00+00:00, run_after=2021-01-01T00:00:00+00:00
[2025-08-14T10:38:31.024+0000] {processor.py:179} INFO - Processing /home/vscode/.local/lib/python3.10/site-packages/airflow/example_dags/example_trigger_controller_dag.py took 0.048 seconds
[2025-08-14T10:39:20.222+0000] {processor.py:157} INFO - Started process (PID=29289) to work on /home/vscode/.local/lib/python3.10/site-packages/airflow/example_dags/example_trigger_controller_dag.py
[2025-08-14T10:39:20.223+0000] {processor.py:826} INFO - Processing file /home/vscode/.local/lib/python3.10/site-packages/airflow/example_dags/example_trigger_controller_dag.py for tasks to queue
[2025-08-14T10:39:20.224+0000] {logging_mixin.py:150} INFO - [2025-08-14T10:39:20.223+0000] {dagbag.py:541} INFO - Filling up the DagBag from /home/vscode/.local/lib/python3.10/site-packages/airflow/example_dags/example_trigger_controller_dag.py
[2025-08-14T10:39:20.228+0000] {processor.py:836} INFO - DAG(s) dict_keys(['example_trigger_controller_dag']) retrieved from /home/vscode/.local/lib/python3.10/site-packages/airflow/example_dags/example_trigger_controller_dag.py
[2025-08-14T10:39:20.246+0000] {logging_mixin.py:150} INFO - [2025-08-14T10:39:20.246+0000] {dag.py:2742} INFO - Sync 1 DAGs
[2025-08-14T10:39:20.261+0000] {logging_mixin.py:150} INFO - [2025-08-14T10:39:20.261+0000] {dag.py:3504} INFO - Setting next_dagrun for example_trigger_controller_dag to 2021-01-01T00:00:00+00:00, run_after=2021-01-01T00:00:00+00:00
[2025-08-14T10:39:20.277+0000] {processor.py:179} INFO - Processing /home/vscode/.local/lib/python3.10/site-packages/airflow/example_dags/example_trigger_controller_dag.py took 0.058 seconds
[2025-08-14T10:40:07.210+0000] {processor.py:157} INFO - Started process (PID=29606) to work on /home/vscode/.local/lib/python3.10/site-packages/airflow/example_dags/example_trigger_controller_dag.py
[2025-08-14T10:40:07.211+0000] {processor.py:826} INFO - Processing file /home/vscode/.local/lib/python3.10/site-packages/airflow/example_dags/example_trigger_controller_dag.py for tasks to queue
[2025-08-14T10:40:07.212+0000] {logging_mixin.py:150} INFO - [2025-08-14T10:40:07.211+0000] {dagbag.py:541} INFO - Filling up the DagBag from /home/vscode/.local/lib/python3.10/site-packages/airflow/example_dags/example_trigger_controller_dag.py
[2025-08-14T10:40:07.215+0000] {processor.py:836} INFO - DAG(s) dict_keys(['example_trigger_controller_dag']) retrieved from /home/vscode/.local/lib/python3.10/site-packages/airflow/example_dags/example_trigger_controller_dag.py
[2025-08-14T10:40:07.226+0000] {logging_mixin.py:150} INFO - [2025-08-14T10:40:07.226+0000] {dag.py:2742} INFO - Sync 1 DAGs
[2025-08-14T10:40:07.240+0000] {logging_mixin.py:150} INFO - [2025-08-14T10:40:07.240+0000] {dag.py:3504} INFO - Setting next_dagrun for example_trigger_controller_dag to 2021-01-01T00:00:00+00:00, run_after=2021-01-01T00:00:00+00:00
[2025-08-14T10:40:07.255+0000] {processor.py:179} INFO - Processing /home/vscode/.local/lib/python3.10/site-packages/airflow/example_dags/example_trigger_controller_dag.py took 0.047 seconds
[2025-08-14T10:40:54.978+0000] {processor.py:157} INFO - Started process (PID=29930) to work on /home/vscode/.local/lib/python3.10/site-packages/airflow/example_dags/example_trigger_controller_dag.py
[2025-08-14T10:40:54.979+0000] {processor.py:826} INFO - Processing file /home/vscode/.local/lib/python3.10/site-packages/airflow/example_dags/example_trigger_controller_dag.py for tasks to queue
[2025-08-14T10:40:54.979+0000] {logging_mixin.py:150} INFO - [2025-08-14T10:40:54.979+0000] {dagbag.py:541} INFO - Filling up the DagBag from /home/vscode/.local/lib/python3.10/site-packages/airflow/example_dags/example_trigger_controller_dag.py
[2025-08-14T10:40:54.982+0000] {processor.py:836} INFO - DAG(s) dict_keys(['example_trigger_controller_dag']) retrieved from /home/vscode/.local/lib/python3.10/site-packages/airflow/example_dags/example_trigger_controller_dag.py
[2025-08-14T10:40:54.994+0000] {logging_mixin.py:150} INFO - [2025-08-14T10:40:54.994+0000] {dag.py:2742} INFO - Sync 1 DAGs
[2025-08-14T10:40:55.008+0000] {logging_mixin.py:150} INFO - [2025-08-14T10:40:55.008+0000] {dag.py:3504} INFO - Setting next_dagrun for example_trigger_controller_dag to 2021-01-01T00:00:00+00:00, run_after=2021-01-01T00:00:00+00:00
[2025-08-14T10:40:55.025+0000] {processor.py:179} INFO - Processing /home/vscode/.local/lib/python3.10/site-packages/airflow/example_dags/example_trigger_controller_dag.py took 0.049 seconds
[2025-08-14T10:41:44.062+0000] {processor.py:157} INFO - Started process (PID=30256) to work on /home/vscode/.local/lib/python3.10/site-packages/airflow/example_dags/example_trigger_controller_dag.py
[2025-08-14T10:41:44.063+0000] {processor.py:826} INFO - Processing file /home/vscode/.local/lib/python3.10/site-packages/airflow/example_dags/example_trigger_controller_dag.py for tasks to queue
[2025-08-14T10:41:44.063+0000] {logging_mixin.py:150} INFO - [2025-08-14T10:41:44.063+0000] {dagbag.py:541} INFO - Filling up the DagBag from /home/vscode/.local/lib/python3.10/site-packages/airflow/example_dags/example_trigger_controller_dag.py
[2025-08-14T10:41:44.067+0000] {processor.py:836} INFO - DAG(s) dict_keys(['example_trigger_controller_dag']) retrieved from /home/vscode/.local/lib/python3.10/site-packages/airflow/example_dags/example_trigger_controller_dag.py
[2025-08-14T10:41:44.079+0000] {logging_mixin.py:150} INFO - [2025-08-14T10:41:44.079+0000] {dag.py:2742} INFO - Sync 1 DAGs
[2025-08-14T10:41:44.094+0000] {logging_mixin.py:150} INFO - [2025-08-14T10:41:44.093+0000] {dag.py:3504} INFO - Setting next_dagrun for example_trigger_controller_dag to 2021-01-01T00:00:00+00:00, run_after=2021-01-01T00:00:00+00:00
[2025-08-14T10:41:44.109+0000] {processor.py:179} INFO - Processing /home/vscode/.local/lib/python3.10/site-packages/airflow/example_dags/example_trigger_controller_dag.py took 0.049 seconds
[2025-08-14T10:42:32.444+0000] {processor.py:157} INFO - Started process (PID=30570) to work on /home/vscode/.local/lib/python3.10/site-packages/airflow/example_dags/example_trigger_controller_dag.py
[2025-08-14T10:42:32.445+0000] {processor.py:826} INFO - Processing file /home/vscode/.local/lib/python3.10/site-packages/airflow/example_dags/example_trigger_controller_dag.py for tasks to queue
[2025-08-14T10:42:32.445+0000] {logging_mixin.py:150} INFO - [2025-08-14T10:42:32.445+0000] {dagbag.py:541} INFO - Filling up the DagBag from /home/vscode/.local/lib/python3.10/site-packages/airflow/example_dags/example_trigger_controller_dag.py
[2025-08-14T10:42:32.449+0000] {processor.py:836} INFO - DAG(s) dict_keys(['example_trigger_controller_dag']) retrieved from /home/vscode/.local/lib/python3.10/site-packages/airflow/example_dags/example_trigger_controller_dag.py
[2025-08-14T10:42:32.461+0000] {logging_mixin.py:150} INFO - [2025-08-14T10:42:32.461+0000] {dag.py:2742} INFO - Sync 1 DAGs
[2025-08-14T10:42:32.479+0000] {logging_mixin.py:150} INFO - [2025-08-14T10:42:32.479+0000] {dag.py:3504} INFO - Setting next_dagrun for example_trigger_controller_dag to 2021-01-01T00:00:00+00:00, run_after=2021-01-01T00:00:00+00:00
[2025-08-14T10:42:32.495+0000] {processor.py:179} INFO - Processing /home/vscode/.local/lib/python3.10/site-packages/airflow/example_dags/example_trigger_controller_dag.py took 0.054 seconds
[2025-08-14T10:43:17.568+0000] {processor.py:157} INFO - Started process (PID=30872) to work on /home/vscode/.local/lib/python3.10/site-packages/airflow/example_dags/example_trigger_controller_dag.py
[2025-08-14T10:43:17.568+0000] {processor.py:826} INFO - Processing file /home/vscode/.local/lib/python3.10/site-packages/airflow/example_dags/example_trigger_controller_dag.py for tasks to queue
[2025-08-14T10:43:17.569+0000] {logging_mixin.py:150} INFO - [2025-08-14T10:43:17.569+0000] {dagbag.py:541} INFO - Filling up the DagBag from /home/vscode/.local/lib/python3.10/site-packages/airflow/example_dags/example_trigger_controller_dag.py
[2025-08-14T10:43:17.572+0000] {processor.py:836} INFO - DAG(s) dict_keys(['example_trigger_controller_dag']) retrieved from /home/vscode/.local/lib/python3.10/site-packages/airflow/example_dags/example_trigger_controller_dag.py
[2025-08-14T10:43:17.585+0000] {logging_mixin.py:150} INFO - [2025-08-14T10:43:17.585+0000] {dag.py:2742} INFO - Sync 1 DAGs
[2025-08-14T10:43:17.599+0000] {logging_mixin.py:150} INFO - [2025-08-14T10:43:17.599+0000] {dag.py:3504} INFO - Setting next_dagrun for example_trigger_controller_dag to 2021-01-01T00:00:00+00:00, run_after=2021-01-01T00:00:00+00:00
[2025-08-14T10:43:17.614+0000] {processor.py:179} INFO - Processing /home/vscode/.local/lib/python3.10/site-packages/airflow/example_dags/example_trigger_controller_dag.py took 0.049 seconds
[2025-08-14T10:43:52.214+0000] {processor.py:157} INFO - Started process (PID=31097) to work on /home/vscode/.local/lib/python3.10/site-packages/airflow/example_dags/example_trigger_controller_dag.py
[2025-08-14T10:43:52.215+0000] {processor.py:826} INFO - Processing file /home/vscode/.local/lib/python3.10/site-packages/airflow/example_dags/example_trigger_controller_dag.py for tasks to queue
[2025-08-14T10:43:52.216+0000] {logging_mixin.py:150} INFO - [2025-08-14T10:43:52.215+0000] {dagbag.py:541} INFO - Filling up the DagBag from /home/vscode/.local/lib/python3.10/site-packages/airflow/example_dags/example_trigger_controller_dag.py
[2025-08-14T10:43:52.220+0000] {processor.py:836} INFO - DAG(s) dict_keys(['example_trigger_controller_dag']) retrieved from /home/vscode/.local/lib/python3.10/site-packages/airflow/example_dags/example_trigger_controller_dag.py
[2025-08-14T10:43:52.233+0000] {logging_mixin.py:150} INFO - [2025-08-14T10:43:52.233+0000] {dag.py:2742} INFO - Sync 1 DAGs
[2025-08-14T10:43:52.247+0000] {logging_mixin.py:150} INFO - [2025-08-14T10:43:52.247+0000] {dag.py:3504} INFO - Setting next_dagrun for example_trigger_controller_dag to 2021-01-01T00:00:00+00:00, run_after=2021-01-01T00:00:00+00:00
[2025-08-14T10:43:52.263+0000] {processor.py:179} INFO - Processing /home/vscode/.local/lib/python3.10/site-packages/airflow/example_dags/example_trigger_controller_dag.py took 0.051 seconds
[2025-08-14T10:44:38.020+0000] {processor.py:157} INFO - Started process (PID=31412) to work on /home/vscode/.local/lib/python3.10/site-packages/airflow/example_dags/example_trigger_controller_dag.py
[2025-08-14T10:44:38.020+0000] {processor.py:826} INFO - Processing file /home/vscode/.local/lib/python3.10/site-packages/airflow/example_dags/example_trigger_controller_dag.py for tasks to queue
[2025-08-14T10:44:38.021+0000] {logging_mixin.py:150} INFO - [2025-08-14T10:44:38.021+0000] {dagbag.py:541} INFO - Filling up the DagBag from /home/vscode/.local/lib/python3.10/site-packages/airflow/example_dags/example_trigger_controller_dag.py
[2025-08-14T10:44:38.024+0000] {processor.py:836} INFO - DAG(s) dict_keys(['example_trigger_controller_dag']) retrieved from /home/vscode/.local/lib/python3.10/site-packages/airflow/example_dags/example_trigger_controller_dag.py
[2025-08-14T10:44:38.035+0000] {logging_mixin.py:150} INFO - [2025-08-14T10:44:38.035+0000] {dag.py:2742} INFO - Sync 1 DAGs
[2025-08-14T10:44:38.049+0000] {logging_mixin.py:150} INFO - [2025-08-14T10:44:38.049+0000] {dag.py:3504} INFO - Setting next_dagrun for example_trigger_controller_dag to 2021-01-01T00:00:00+00:00, run_after=2021-01-01T00:00:00+00:00
[2025-08-14T10:44:38.064+0000] {processor.py:179} INFO - Processing /home/vscode/.local/lib/python3.10/site-packages/airflow/example_dags/example_trigger_controller_dag.py took 0.047 seconds
[2025-08-14T10:45:25.932+0000] {processor.py:157} INFO - Started process (PID=31731) to work on /home/vscode/.local/lib/python3.10/site-packages/airflow/example_dags/example_trigger_controller_dag.py
[2025-08-14T10:45:25.932+0000] {processor.py:826} INFO - Processing file /home/vscode/.local/lib/python3.10/site-packages/airflow/example_dags/example_trigger_controller_dag.py for tasks to queue
[2025-08-14T10:45:25.933+0000] {logging_mixin.py:150} INFO - [2025-08-14T10:45:25.933+0000] {dagbag.py:541} INFO - Filling up the DagBag from /home/vscode/.local/lib/python3.10/site-packages/airflow/example_dags/example_trigger_controller_dag.py
[2025-08-14T10:45:25.936+0000] {processor.py:836} INFO - DAG(s) dict_keys(['example_trigger_controller_dag']) retrieved from /home/vscode/.local/lib/python3.10/site-packages/airflow/example_dags/example_trigger_controller_dag.py
[2025-08-14T10:45:25.948+0000] {logging_mixin.py:150} INFO - [2025-08-14T10:45:25.948+0000] {dag.py:2742} INFO - Sync 1 DAGs
[2025-08-14T10:45:25.963+0000] {logging_mixin.py:150} INFO - [2025-08-14T10:45:25.963+0000] {dag.py:3504} INFO - Setting next_dagrun for example_trigger_controller_dag to 2021-01-01T00:00:00+00:00, run_after=2021-01-01T00:00:00+00:00
[2025-08-14T10:45:25.992+0000] {processor.py:179} INFO - Processing /home/vscode/.local/lib/python3.10/site-packages/airflow/example_dags/example_trigger_controller_dag.py took 0.063 seconds
[2025-08-14T10:46:09.332+0000] {processor.py:157} INFO - Started process (PID=32019) to work on /home/vscode/.local/lib/python3.10/site-packages/airflow/example_dags/example_trigger_controller_dag.py
[2025-08-14T10:46:09.333+0000] {processor.py:826} INFO - Processing file /home/vscode/.local/lib/python3.10/site-packages/airflow/example_dags/example_trigger_controller_dag.py for tasks to queue
[2025-08-14T10:46:09.333+0000] {logging_mixin.py:150} INFO - [2025-08-14T10:46:09.333+0000] {dagbag.py:541} INFO - Filling up the DagBag from /home/vscode/.local/lib/python3.10/site-packages/airflow/example_dags/example_trigger_controller_dag.py
[2025-08-14T10:46:09.337+0000] {processor.py:836} INFO - DAG(s) dict_keys(['example_trigger_controller_dag']) retrieved from /home/vscode/.local/lib/python3.10/site-packages/airflow/example_dags/example_trigger_controller_dag.py
[2025-08-14T10:46:09.354+0000] {logging_mixin.py:150} INFO - [2025-08-14T10:46:09.354+0000] {dag.py:2742} INFO - Sync 1 DAGs
[2025-08-14T10:46:09.376+0000] {logging_mixin.py:150} INFO - [2025-08-14T10:46:09.375+0000] {dag.py:3504} INFO - Setting next_dagrun for example_trigger_controller_dag to 2021-01-01T00:00:00+00:00, run_after=2021-01-01T00:00:00+00:00
[2025-08-14T10:46:09.391+0000] {processor.py:179} INFO - Processing /home/vscode/.local/lib/python3.10/site-packages/airflow/example_dags/example_trigger_controller_dag.py took 0.061 seconds
[2025-08-14T10:46:58.465+0000] {processor.py:157} INFO - Started process (PID=32347) to work on /home/vscode/.local/lib/python3.10/site-packages/airflow/example_dags/example_trigger_controller_dag.py
[2025-08-14T10:46:58.465+0000] {processor.py:826} INFO - Processing file /home/vscode/.local/lib/python3.10/site-packages/airflow/example_dags/example_trigger_controller_dag.py for tasks to queue
[2025-08-14T10:46:58.466+0000] {logging_mixin.py:150} INFO - [2025-08-14T10:46:58.466+0000] {dagbag.py:541} INFO - Filling up the DagBag from /home/vscode/.local/lib/python3.10/site-packages/airflow/example_dags/example_trigger_controller_dag.py
[2025-08-14T10:46:58.469+0000] {processor.py:836} INFO - DAG(s) dict_keys(['example_trigger_controller_dag']) retrieved from /home/vscode/.local/lib/python3.10/site-packages/airflow/example_dags/example_trigger_controller_dag.py
[2025-08-14T10:46:58.481+0000] {logging_mixin.py:150} INFO - [2025-08-14T10:46:58.481+0000] {dag.py:2742} INFO - Sync 1 DAGs
[2025-08-14T10:46:58.495+0000] {logging_mixin.py:150} INFO - [2025-08-14T10:46:58.495+0000] {dag.py:3504} INFO - Setting next_dagrun for example_trigger_controller_dag to 2021-01-01T00:00:00+00:00, run_after=2021-01-01T00:00:00+00:00
[2025-08-14T10:46:58.510+0000] {processor.py:179} INFO - Processing /home/vscode/.local/lib/python3.10/site-packages/airflow/example_dags/example_trigger_controller_dag.py took 0.048 seconds
[2025-08-14T10:47:42.729+0000] {processor.py:157} INFO - Started process (PID=32641) to work on /home/vscode/.local/lib/python3.10/site-packages/airflow/example_dags/example_trigger_controller_dag.py
[2025-08-14T10:47:42.729+0000] {processor.py:826} INFO - Processing file /home/vscode/.local/lib/python3.10/site-packages/airflow/example_dags/example_trigger_controller_dag.py for tasks to queue
[2025-08-14T10:47:42.730+0000] {logging_mixin.py:150} INFO - [2025-08-14T10:47:42.730+0000] {dagbag.py:541} INFO - Filling up the DagBag from /home/vscode/.local/lib/python3.10/site-packages/airflow/example_dags/example_trigger_controller_dag.py
[2025-08-14T10:47:42.733+0000] {processor.py:836} INFO - DAG(s) dict_keys(['example_trigger_controller_dag']) retrieved from /home/vscode/.local/lib/python3.10/site-packages/airflow/example_dags/example_trigger_controller_dag.py
[2025-08-14T10:47:42.745+0000] {logging_mixin.py:150} INFO - [2025-08-14T10:47:42.745+0000] {dag.py:2742} INFO - Sync 1 DAGs
[2025-08-14T10:47:42.759+0000] {logging_mixin.py:150} INFO - [2025-08-14T10:47:42.759+0000] {dag.py:3504} INFO - Setting next_dagrun for example_trigger_controller_dag to 2021-01-01T00:00:00+00:00, run_after=2021-01-01T00:00:00+00:00
[2025-08-14T10:47:42.775+0000] {processor.py:179} INFO - Processing /home/vscode/.local/lib/python3.10/site-packages/airflow/example_dags/example_trigger_controller_dag.py took 0.049 seconds
[2025-08-14T10:48:22.706+0000] {processor.py:157} INFO - Started process (PID=32903) to work on /home/vscode/.local/lib/python3.10/site-packages/airflow/example_dags/example_trigger_controller_dag.py
[2025-08-14T10:48:22.706+0000] {processor.py:826} INFO - Processing file /home/vscode/.local/lib/python3.10/site-packages/airflow/example_dags/example_trigger_controller_dag.py for tasks to queue
[2025-08-14T10:48:22.707+0000] {logging_mixin.py:150} INFO - [2025-08-14T10:48:22.707+0000] {dagbag.py:541} INFO - Filling up the DagBag from /home/vscode/.local/lib/python3.10/site-packages/airflow/example_dags/example_trigger_controller_dag.py
[2025-08-14T10:48:22.711+0000] {processor.py:836} INFO - DAG(s) dict_keys(['example_trigger_controller_dag']) retrieved from /home/vscode/.local/lib/python3.10/site-packages/airflow/example_dags/example_trigger_controller_dag.py
[2025-08-14T10:48:22.722+0000] {logging_mixin.py:150} INFO - [2025-08-14T10:48:22.722+0000] {dag.py:2742} INFO - Sync 1 DAGs
[2025-08-14T10:48:22.737+0000] {logging_mixin.py:150} INFO - [2025-08-14T10:48:22.736+0000] {dag.py:3504} INFO - Setting next_dagrun for example_trigger_controller_dag to 2021-01-01T00:00:00+00:00, run_after=2021-01-01T00:00:00+00:00
[2025-08-14T10:48:22.751+0000] {processor.py:179} INFO - Processing /home/vscode/.local/lib/python3.10/site-packages/airflow/example_dags/example_trigger_controller_dag.py took 0.048 seconds
[2025-08-14T10:49:07.932+0000] {processor.py:157} INFO - Started process (PID=33206) to work on /home/vscode/.local/lib/python3.10/site-packages/airflow/example_dags/example_trigger_controller_dag.py
[2025-08-14T10:49:07.932+0000] {processor.py:826} INFO - Processing file /home/vscode/.local/lib/python3.10/site-packages/airflow/example_dags/example_trigger_controller_dag.py for tasks to queue
[2025-08-14T10:49:07.933+0000] {logging_mixin.py:150} INFO - [2025-08-14T10:49:07.933+0000] {dagbag.py:541} INFO - Filling up the DagBag from /home/vscode/.local/lib/python3.10/site-packages/airflow/example_dags/example_trigger_controller_dag.py
[2025-08-14T10:49:07.936+0000] {processor.py:836} INFO - DAG(s) dict_keys(['example_trigger_controller_dag']) retrieved from /home/vscode/.local/lib/python3.10/site-packages/airflow/example_dags/example_trigger_controller_dag.py
[2025-08-14T10:49:07.948+0000] {logging_mixin.py:150} INFO - [2025-08-14T10:49:07.948+0000] {dag.py:2742} INFO - Sync 1 DAGs
[2025-08-14T10:49:07.961+0000] {logging_mixin.py:150} INFO - [2025-08-14T10:49:07.961+0000] {dag.py:3504} INFO - Setting next_dagrun for example_trigger_controller_dag to 2021-01-01T00:00:00+00:00, run_after=2021-01-01T00:00:00+00:00
[2025-08-14T10:49:07.978+0000] {processor.py:179} INFO - Processing /home/vscode/.local/lib/python3.10/site-packages/airflow/example_dags/example_trigger_controller_dag.py took 0.049 seconds
[2025-08-14T10:49:54.087+0000] {processor.py:157} INFO - Started process (PID=33517) to work on /home/vscode/.local/lib/python3.10/site-packages/airflow/example_dags/example_trigger_controller_dag.py
[2025-08-14T10:49:54.088+0000] {processor.py:826} INFO - Processing file /home/vscode/.local/lib/python3.10/site-packages/airflow/example_dags/example_trigger_controller_dag.py for tasks to queue
[2025-08-14T10:49:54.089+0000] {logging_mixin.py:150} INFO - [2025-08-14T10:49:54.088+0000] {dagbag.py:541} INFO - Filling up the DagBag from /home/vscode/.local/lib/python3.10/site-packages/airflow/example_dags/example_trigger_controller_dag.py
[2025-08-14T10:49:54.092+0000] {processor.py:836} INFO - DAG(s) dict_keys(['example_trigger_controller_dag']) retrieved from /home/vscode/.local/lib/python3.10/site-packages/airflow/example_dags/example_trigger_controller_dag.py
[2025-08-14T10:49:54.104+0000] {logging_mixin.py:150} INFO - [2025-08-14T10:49:54.104+0000] {dag.py:2742} INFO - Sync 1 DAGs
[2025-08-14T10:49:54.119+0000] {logging_mixin.py:150} INFO - [2025-08-14T10:49:54.119+0000] {dag.py:3504} INFO - Setting next_dagrun for example_trigger_controller_dag to 2021-01-01T00:00:00+00:00, run_after=2021-01-01T00:00:00+00:00
[2025-08-14T10:49:54.135+0000] {processor.py:179} INFO - Processing /home/vscode/.local/lib/python3.10/site-packages/airflow/example_dags/example_trigger_controller_dag.py took 0.049 seconds
[2025-08-14T10:50:43.120+0000] {processor.py:157} INFO - Started process (PID=33843) to work on /home/vscode/.local/lib/python3.10/site-packages/airflow/example_dags/example_trigger_controller_dag.py
[2025-08-14T10:50:43.121+0000] {processor.py:826} INFO - Processing file /home/vscode/.local/lib/python3.10/site-packages/airflow/example_dags/example_trigger_controller_dag.py for tasks to queue
[2025-08-14T10:50:43.122+0000] {logging_mixin.py:150} INFO - [2025-08-14T10:50:43.121+0000] {dagbag.py:541} INFO - Filling up the DagBag from /home/vscode/.local/lib/python3.10/site-packages/airflow/example_dags/example_trigger_controller_dag.py
[2025-08-14T10:50:43.125+0000] {processor.py:836} INFO - DAG(s) dict_keys(['example_trigger_controller_dag']) retrieved from /home/vscode/.local/lib/python3.10/site-packages/airflow/example_dags/example_trigger_controller_dag.py
[2025-08-14T10:50:43.137+0000] {logging_mixin.py:150} INFO - [2025-08-14T10:50:43.136+0000] {dag.py:2742} INFO - Sync 1 DAGs
[2025-08-14T10:50:43.150+0000] {logging_mixin.py:150} INFO - [2025-08-14T10:50:43.150+0000] {dag.py:3504} INFO - Setting next_dagrun for example_trigger_controller_dag to 2021-01-01T00:00:00+00:00, run_after=2021-01-01T00:00:00+00:00
[2025-08-14T10:50:43.168+0000] {processor.py:179} INFO - Processing /home/vscode/.local/lib/python3.10/site-packages/airflow/example_dags/example_trigger_controller_dag.py took 0.050 seconds
[2025-08-14T10:51:29.415+0000] {processor.py:157} INFO - Started process (PID=34153) to work on /home/vscode/.local/lib/python3.10/site-packages/airflow/example_dags/example_trigger_controller_dag.py
[2025-08-14T10:51:29.416+0000] {processor.py:826} INFO - Processing file /home/vscode/.local/lib/python3.10/site-packages/airflow/example_dags/example_trigger_controller_dag.py for tasks to queue
[2025-08-14T10:51:29.416+0000] {logging_mixin.py:150} INFO - [2025-08-14T10:51:29.416+0000] {dagbag.py:541} INFO - Filling up the DagBag from /home/vscode/.local/lib/python3.10/site-packages/airflow/example_dags/example_trigger_controller_dag.py
[2025-08-14T10:51:29.420+0000] {processor.py:836} INFO - DAG(s) dict_keys(['example_trigger_controller_dag']) retrieved from /home/vscode/.local/lib/python3.10/site-packages/airflow/example_dags/example_trigger_controller_dag.py
[2025-08-14T10:51:29.433+0000] {logging_mixin.py:150} INFO - [2025-08-14T10:51:29.433+0000] {dag.py:2742} INFO - Sync 1 DAGs
[2025-08-14T10:51:29.447+0000] {logging_mixin.py:150} INFO - [2025-08-14T10:51:29.447+0000] {dag.py:3504} INFO - Setting next_dagrun for example_trigger_controller_dag to 2021-01-01T00:00:00+00:00, run_after=2021-01-01T00:00:00+00:00
[2025-08-14T10:51:29.463+0000] {processor.py:179} INFO - Processing /home/vscode/.local/lib/python3.10/site-packages/airflow/example_dags/example_trigger_controller_dag.py took 0.050 seconds
[2025-08-14T10:52:04.708+0000] {processor.py:157} INFO - Started process (PID=34387) to work on /home/vscode/.local/lib/python3.10/site-packages/airflow/example_dags/example_trigger_controller_dag.py
[2025-08-14T10:52:04.708+0000] {processor.py:826} INFO - Processing file /home/vscode/.local/lib/python3.10/site-packages/airflow/example_dags/example_trigger_controller_dag.py for tasks to queue
[2025-08-14T10:52:04.709+0000] {logging_mixin.py:150} INFO - [2025-08-14T10:52:04.709+0000] {dagbag.py:541} INFO - Filling up the DagBag from /home/vscode/.local/lib/python3.10/site-packages/airflow/example_dags/example_trigger_controller_dag.py
[2025-08-14T10:52:04.712+0000] {processor.py:836} INFO - DAG(s) dict_keys(['example_trigger_controller_dag']) retrieved from /home/vscode/.local/lib/python3.10/site-packages/airflow/example_dags/example_trigger_controller_dag.py
[2025-08-14T10:52:04.724+0000] {logging_mixin.py:150} INFO - [2025-08-14T10:52:04.724+0000] {dag.py:2742} INFO - Sync 1 DAGs
[2025-08-14T10:52:04.739+0000] {logging_mixin.py:150} INFO - [2025-08-14T10:52:04.739+0000] {dag.py:3504} INFO - Setting next_dagrun for example_trigger_controller_dag to 2021-01-01T00:00:00+00:00, run_after=2021-01-01T00:00:00+00:00
[2025-08-14T10:52:04.760+0000] {processor.py:179} INFO - Processing /home/vscode/.local/lib/python3.10/site-packages/airflow/example_dags/example_trigger_controller_dag.py took 0.054 seconds
[2025-08-14T10:52:50.868+0000] {processor.py:157} INFO - Started process (PID=34697) to work on /home/vscode/.local/lib/python3.10/site-packages/airflow/example_dags/example_trigger_controller_dag.py
[2025-08-14T10:52:50.869+0000] {processor.py:826} INFO - Processing file /home/vscode/.local/lib/python3.10/site-packages/airflow/example_dags/example_trigger_controller_dag.py for tasks to queue
[2025-08-14T10:52:50.869+0000] {logging_mixin.py:150} INFO - [2025-08-14T10:52:50.869+0000] {dagbag.py:541} INFO - Filling up the DagBag from /home/vscode/.local/lib/python3.10/site-packages/airflow/example_dags/example_trigger_controller_dag.py
[2025-08-14T10:52:50.873+0000] {processor.py:836} INFO - DAG(s) dict_keys(['example_trigger_controller_dag']) retrieved from /home/vscode/.local/lib/python3.10/site-packages/airflow/example_dags/example_trigger_controller_dag.py
[2025-08-14T10:52:50.885+0000] {logging_mixin.py:150} INFO - [2025-08-14T10:52:50.885+0000] {dag.py:2742} INFO - Sync 1 DAGs
[2025-08-14T10:52:50.899+0000] {logging_mixin.py:150} INFO - [2025-08-14T10:52:50.899+0000] {dag.py:3504} INFO - Setting next_dagrun for example_trigger_controller_dag to 2021-01-01T00:00:00+00:00, run_after=2021-01-01T00:00:00+00:00
[2025-08-14T10:52:50.914+0000] {processor.py:179} INFO - Processing /home/vscode/.local/lib/python3.10/site-packages/airflow/example_dags/example_trigger_controller_dag.py took 0.048 seconds
[2025-08-14T10:53:43.326+0000] {processor.py:157} INFO - Started process (PID=35852) to work on /home/vscode/.local/lib/python3.10/site-packages/airflow/example_dags/example_trigger_controller_dag.py
[2025-08-14T10:53:43.328+0000] {processor.py:826} INFO - Processing file /home/vscode/.local/lib/python3.10/site-packages/airflow/example_dags/example_trigger_controller_dag.py for tasks to queue
[2025-08-14T10:53:43.334+0000] {logging_mixin.py:150} INFO - [2025-08-14T10:53:43.333+0000] {dagbag.py:541} INFO - Filling up the DagBag from /home/vscode/.local/lib/python3.10/site-packages/airflow/example_dags/example_trigger_controller_dag.py
[2025-08-14T10:53:43.351+0000] {processor.py:836} INFO - DAG(s) dict_keys(['example_trigger_controller_dag']) retrieved from /home/vscode/.local/lib/python3.10/site-packages/airflow/example_dags/example_trigger_controller_dag.py
[2025-08-14T10:53:43.442+0000] {logging_mixin.py:150} INFO - [2025-08-14T10:53:43.442+0000] {dag.py:2742} INFO - Sync 1 DAGs
[2025-08-14T10:53:43.589+0000] {logging_mixin.py:150} INFO - [2025-08-14T10:53:43.585+0000] {dag.py:3504} INFO - Setting next_dagrun for example_trigger_controller_dag to 2021-01-01T00:00:00+00:00, run_after=2021-01-01T00:00:00+00:00
[2025-08-14T10:53:43.685+0000] {processor.py:179} INFO - Processing /home/vscode/.local/lib/python3.10/site-packages/airflow/example_dags/example_trigger_controller_dag.py took 0.380 seconds
[2025-08-14T10:54:25.106+0000] {processor.py:157} INFO - Started process (PID=36806) to work on /home/vscode/.local/lib/python3.10/site-packages/airflow/example_dags/example_trigger_controller_dag.py
[2025-08-14T10:54:25.106+0000] {processor.py:826} INFO - Processing file /home/vscode/.local/lib/python3.10/site-packages/airflow/example_dags/example_trigger_controller_dag.py for tasks to queue
[2025-08-14T10:54:25.107+0000] {logging_mixin.py:150} INFO - [2025-08-14T10:54:25.107+0000] {dagbag.py:541} INFO - Filling up the DagBag from /home/vscode/.local/lib/python3.10/site-packages/airflow/example_dags/example_trigger_controller_dag.py
[2025-08-14T10:54:25.111+0000] {processor.py:836} INFO - DAG(s) dict_keys(['example_trigger_controller_dag']) retrieved from /home/vscode/.local/lib/python3.10/site-packages/airflow/example_dags/example_trigger_controller_dag.py
[2025-08-14T10:54:25.127+0000] {logging_mixin.py:150} INFO - [2025-08-14T10:54:25.127+0000] {dag.py:2742} INFO - Sync 1 DAGs
[2025-08-14T10:54:25.142+0000] {logging_mixin.py:150} INFO - [2025-08-14T10:54:25.142+0000] {dag.py:3504} INFO - Setting next_dagrun for example_trigger_controller_dag to 2021-01-01T00:00:00+00:00, run_after=2021-01-01T00:00:00+00:00
[2025-08-14T10:54:25.161+0000] {processor.py:179} INFO - Processing /home/vscode/.local/lib/python3.10/site-packages/airflow/example_dags/example_trigger_controller_dag.py took 0.058 seconds
[2025-08-14T10:55:09.237+0000] {processor.py:157} INFO - Started process (PID=37412) to work on /home/vscode/.local/lib/python3.10/site-packages/airflow/example_dags/example_trigger_controller_dag.py
[2025-08-14T10:55:09.238+0000] {processor.py:826} INFO - Processing file /home/vscode/.local/lib/python3.10/site-packages/airflow/example_dags/example_trigger_controller_dag.py for tasks to queue
[2025-08-14T10:55:09.239+0000] {logging_mixin.py:150} INFO - [2025-08-14T10:55:09.238+0000] {dagbag.py:541} INFO - Filling up the DagBag from /home/vscode/.local/lib/python3.10/site-packages/airflow/example_dags/example_trigger_controller_dag.py
[2025-08-14T10:55:09.242+0000] {processor.py:836} INFO - DAG(s) dict_keys(['example_trigger_controller_dag']) retrieved from /home/vscode/.local/lib/python3.10/site-packages/airflow/example_dags/example_trigger_controller_dag.py
[2025-08-14T10:55:09.254+0000] {logging_mixin.py:150} INFO - [2025-08-14T10:55:09.254+0000] {dag.py:2742} INFO - Sync 1 DAGs
[2025-08-14T10:55:09.272+0000] {logging_mixin.py:150} INFO - [2025-08-14T10:55:09.272+0000] {dag.py:3504} INFO - Setting next_dagrun for example_trigger_controller_dag to 2021-01-01T00:00:00+00:00, run_after=2021-01-01T00:00:00+00:00
[2025-08-14T10:55:09.289+0000] {processor.py:179} INFO - Processing /home/vscode/.local/lib/python3.10/site-packages/airflow/example_dags/example_trigger_controller_dag.py took 0.053 seconds
[2025-08-14T10:55:55.871+0000] {processor.py:157} INFO - Started process (PID=37934) to work on /home/vscode/.local/lib/python3.10/site-packages/airflow/example_dags/example_trigger_controller_dag.py
[2025-08-14T10:55:55.872+0000] {processor.py:826} INFO - Processing file /home/vscode/.local/lib/python3.10/site-packages/airflow/example_dags/example_trigger_controller_dag.py for tasks to queue
[2025-08-14T10:55:55.872+0000] {logging_mixin.py:150} INFO - [2025-08-14T10:55:55.872+0000] {dagbag.py:541} INFO - Filling up the DagBag from /home/vscode/.local/lib/python3.10/site-packages/airflow/example_dags/example_trigger_controller_dag.py
[2025-08-14T10:55:55.876+0000] {processor.py:836} INFO - DAG(s) dict_keys(['example_trigger_controller_dag']) retrieved from /home/vscode/.local/lib/python3.10/site-packages/airflow/example_dags/example_trigger_controller_dag.py
[2025-08-14T10:55:55.887+0000] {logging_mixin.py:150} INFO - [2025-08-14T10:55:55.887+0000] {dag.py:2742} INFO - Sync 1 DAGs
[2025-08-14T10:55:55.900+0000] {logging_mixin.py:150} INFO - [2025-08-14T10:55:55.900+0000] {dag.py:3504} INFO - Setting next_dagrun for example_trigger_controller_dag to 2021-01-01T00:00:00+00:00, run_after=2021-01-01T00:00:00+00:00
[2025-08-14T10:55:55.916+0000] {processor.py:179} INFO - Processing /home/vscode/.local/lib/python3.10/site-packages/airflow/example_dags/example_trigger_controller_dag.py took 0.047 seconds
[2025-08-14T10:56:47.341+0000] {processor.py:157} INFO - Started process (PID=38424) to work on /home/vscode/.local/lib/python3.10/site-packages/airflow/example_dags/example_trigger_controller_dag.py
[2025-08-14T10:56:47.342+0000] {processor.py:826} INFO - Processing file /home/vscode/.local/lib/python3.10/site-packages/airflow/example_dags/example_trigger_controller_dag.py for tasks to queue
[2025-08-14T10:56:47.342+0000] {logging_mixin.py:150} INFO - [2025-08-14T10:56:47.342+0000] {dagbag.py:541} INFO - Filling up the DagBag from /home/vscode/.local/lib/python3.10/site-packages/airflow/example_dags/example_trigger_controller_dag.py
[2025-08-14T10:56:47.346+0000] {processor.py:836} INFO - DAG(s) dict_keys(['example_trigger_controller_dag']) retrieved from /home/vscode/.local/lib/python3.10/site-packages/airflow/example_dags/example_trigger_controller_dag.py
[2025-08-14T10:56:47.359+0000] {logging_mixin.py:150} INFO - [2025-08-14T10:56:47.359+0000] {dag.py:2742} INFO - Sync 1 DAGs
[2025-08-14T10:56:47.377+0000] {logging_mixin.py:150} INFO - [2025-08-14T10:56:47.377+0000] {dag.py:3504} INFO - Setting next_dagrun for example_trigger_controller_dag to 2021-01-01T00:00:00+00:00, run_after=2021-01-01T00:00:00+00:00
[2025-08-14T10:56:47.392+0000] {processor.py:179} INFO - Processing /home/vscode/.local/lib/python3.10/site-packages/airflow/example_dags/example_trigger_controller_dag.py took 0.053 seconds
[2025-08-14T10:57:33.474+0000] {processor.py:157} INFO - Started process (PID=38866) to work on /home/vscode/.local/lib/python3.10/site-packages/airflow/example_dags/example_trigger_controller_dag.py
[2025-08-14T10:57:33.475+0000] {processor.py:826} INFO - Processing file /home/vscode/.local/lib/python3.10/site-packages/airflow/example_dags/example_trigger_controller_dag.py for tasks to queue
[2025-08-14T10:57:33.475+0000] {logging_mixin.py:150} INFO - [2025-08-14T10:57:33.475+0000] {dagbag.py:541} INFO - Filling up the DagBag from /home/vscode/.local/lib/python3.10/site-packages/airflow/example_dags/example_trigger_controller_dag.py
[2025-08-14T10:57:33.479+0000] {processor.py:836} INFO - DAG(s) dict_keys(['example_trigger_controller_dag']) retrieved from /home/vscode/.local/lib/python3.10/site-packages/airflow/example_dags/example_trigger_controller_dag.py
[2025-08-14T10:57:33.491+0000] {logging_mixin.py:150} INFO - [2025-08-14T10:57:33.491+0000] {dag.py:2742} INFO - Sync 1 DAGs
[2025-08-14T10:57:33.505+0000] {logging_mixin.py:150} INFO - [2025-08-14T10:57:33.505+0000] {dag.py:3504} INFO - Setting next_dagrun for example_trigger_controller_dag to 2021-01-01T00:00:00+00:00, run_after=2021-01-01T00:00:00+00:00
[2025-08-14T10:57:33.521+0000] {processor.py:179} INFO - Processing /home/vscode/.local/lib/python3.10/site-packages/airflow/example_dags/example_trigger_controller_dag.py took 0.049 seconds
[2025-08-14T10:58:21.422+0000] {processor.py:157} INFO - Started process (PID=39323) to work on /home/vscode/.local/lib/python3.10/site-packages/airflow/example_dags/example_trigger_controller_dag.py
[2025-08-14T10:58:21.423+0000] {processor.py:826} INFO - Processing file /home/vscode/.local/lib/python3.10/site-packages/airflow/example_dags/example_trigger_controller_dag.py for tasks to queue
[2025-08-14T10:58:21.423+0000] {logging_mixin.py:150} INFO - [2025-08-14T10:58:21.423+0000] {dagbag.py:541} INFO - Filling up the DagBag from /home/vscode/.local/lib/python3.10/site-packages/airflow/example_dags/example_trigger_controller_dag.py
[2025-08-14T10:58:21.427+0000] {processor.py:836} INFO - DAG(s) dict_keys(['example_trigger_controller_dag']) retrieved from /home/vscode/.local/lib/python3.10/site-packages/airflow/example_dags/example_trigger_controller_dag.py
[2025-08-14T10:58:21.439+0000] {logging_mixin.py:150} INFO - [2025-08-14T10:58:21.439+0000] {dag.py:2742} INFO - Sync 1 DAGs
[2025-08-14T10:58:21.454+0000] {logging_mixin.py:150} INFO - [2025-08-14T10:58:21.453+0000] {dag.py:3504} INFO - Setting next_dagrun for example_trigger_controller_dag to 2021-01-01T00:00:00+00:00, run_after=2021-01-01T00:00:00+00:00
[2025-08-14T10:58:21.470+0000] {processor.py:179} INFO - Processing /home/vscode/.local/lib/python3.10/site-packages/airflow/example_dags/example_trigger_controller_dag.py took 0.050 seconds
[2025-08-14T10:59:05.954+0000] {processor.py:157} INFO - Started process (PID=39752) to work on /home/vscode/.local/lib/python3.10/site-packages/airflow/example_dags/example_trigger_controller_dag.py
[2025-08-14T10:59:05.955+0000] {processor.py:826} INFO - Processing file /home/vscode/.local/lib/python3.10/site-packages/airflow/example_dags/example_trigger_controller_dag.py for tasks to queue
[2025-08-14T10:59:05.955+0000] {logging_mixin.py:150} INFO - [2025-08-14T10:59:05.955+0000] {dagbag.py:541} INFO - Filling up the DagBag from /home/vscode/.local/lib/python3.10/site-packages/airflow/example_dags/example_trigger_controller_dag.py
[2025-08-14T10:59:05.959+0000] {processor.py:836} INFO - DAG(s) dict_keys(['example_trigger_controller_dag']) retrieved from /home/vscode/.local/lib/python3.10/site-packages/airflow/example_dags/example_trigger_controller_dag.py
[2025-08-14T10:59:05.971+0000] {logging_mixin.py:150} INFO - [2025-08-14T10:59:05.971+0000] {dag.py:2742} INFO - Sync 1 DAGs
[2025-08-14T10:59:05.986+0000] {logging_mixin.py:150} INFO - [2025-08-14T10:59:05.986+0000] {dag.py:3504} INFO - Setting next_dagrun for example_trigger_controller_dag to 2021-01-01T00:00:00+00:00, run_after=2021-01-01T00:00:00+00:00
[2025-08-14T10:59:06.002+0000] {processor.py:179} INFO - Processing /home/vscode/.local/lib/python3.10/site-packages/airflow/example_dags/example_trigger_controller_dag.py took 0.050 seconds
[2025-08-14T10:59:52.250+0000] {processor.py:157} INFO - Started process (PID=40196) to work on /home/vscode/.local/lib/python3.10/site-packages/airflow/example_dags/example_trigger_controller_dag.py
[2025-08-14T10:59:52.251+0000] {processor.py:826} INFO - Processing file /home/vscode/.local/lib/python3.10/site-packages/airflow/example_dags/example_trigger_controller_dag.py for tasks to queue
[2025-08-14T10:59:52.251+0000] {logging_mixin.py:150} INFO - [2025-08-14T10:59:52.251+0000] {dagbag.py:541} INFO - Filling up the DagBag from /home/vscode/.local/lib/python3.10/site-packages/airflow/example_dags/example_trigger_controller_dag.py
[2025-08-14T10:59:52.255+0000] {processor.py:836} INFO - DAG(s) dict_keys(['example_trigger_controller_dag']) retrieved from /home/vscode/.local/lib/python3.10/site-packages/airflow/example_dags/example_trigger_controller_dag.py
[2025-08-14T10:59:52.270+0000] {logging_mixin.py:150} INFO - [2025-08-14T10:59:52.270+0000] {dag.py:2742} INFO - Sync 1 DAGs
[2025-08-14T10:59:52.284+0000] {logging_mixin.py:150} INFO - [2025-08-14T10:59:52.284+0000] {dag.py:3504} INFO - Setting next_dagrun for example_trigger_controller_dag to 2021-01-01T00:00:00+00:00, run_after=2021-01-01T00:00:00+00:00
[2025-08-14T10:59:52.299+0000] {processor.py:179} INFO - Processing /home/vscode/.local/lib/python3.10/site-packages/airflow/example_dags/example_trigger_controller_dag.py took 0.051 seconds
[2025-08-14T11:00:38.446+0000] {processor.py:157} INFO - Started process (PID=40638) to work on /home/vscode/.local/lib/python3.10/site-packages/airflow/example_dags/example_trigger_controller_dag.py
[2025-08-14T11:00:38.446+0000] {processor.py:826} INFO - Processing file /home/vscode/.local/lib/python3.10/site-packages/airflow/example_dags/example_trigger_controller_dag.py for tasks to queue
[2025-08-14T11:00:38.447+0000] {logging_mixin.py:150} INFO - [2025-08-14T11:00:38.447+0000] {dagbag.py:541} INFO - Filling up the DagBag from /home/vscode/.local/lib/python3.10/site-packages/airflow/example_dags/example_trigger_controller_dag.py
[2025-08-14T11:00:38.451+0000] {processor.py:836} INFO - DAG(s) dict_keys(['example_trigger_controller_dag']) retrieved from /home/vscode/.local/lib/python3.10/site-packages/airflow/example_dags/example_trigger_controller_dag.py
[2025-08-14T11:00:38.462+0000] {logging_mixin.py:150} INFO - [2025-08-14T11:00:38.462+0000] {dag.py:2742} INFO - Sync 1 DAGs
[2025-08-14T11:00:38.476+0000] {logging_mixin.py:150} INFO - [2025-08-14T11:00:38.476+0000] {dag.py:3504} INFO - Setting next_dagrun for example_trigger_controller_dag to 2021-01-01T00:00:00+00:00, run_after=2021-01-01T00:00:00+00:00
[2025-08-14T11:00:38.491+0000] {processor.py:179} INFO - Processing /home/vscode/.local/lib/python3.10/site-packages/airflow/example_dags/example_trigger_controller_dag.py took 0.048 seconds
[2025-08-14T11:01:26.416+0000] {processor.py:157} INFO - Started process (PID=41094) to work on /home/vscode/.local/lib/python3.10/site-packages/airflow/example_dags/example_trigger_controller_dag.py
[2025-08-14T11:01:26.417+0000] {processor.py:826} INFO - Processing file /home/vscode/.local/lib/python3.10/site-packages/airflow/example_dags/example_trigger_controller_dag.py for tasks to queue
[2025-08-14T11:01:26.417+0000] {logging_mixin.py:150} INFO - [2025-08-14T11:01:26.417+0000] {dagbag.py:541} INFO - Filling up the DagBag from /home/vscode/.local/lib/python3.10/site-packages/airflow/example_dags/example_trigger_controller_dag.py
[2025-08-14T11:01:26.421+0000] {processor.py:836} INFO - DAG(s) dict_keys(['example_trigger_controller_dag']) retrieved from /home/vscode/.local/lib/python3.10/site-packages/airflow/example_dags/example_trigger_controller_dag.py
[2025-08-14T11:01:26.433+0000] {logging_mixin.py:150} INFO - [2025-08-14T11:01:26.433+0000] {dag.py:2742} INFO - Sync 1 DAGs
[2025-08-14T11:01:26.447+0000] {logging_mixin.py:150} INFO - [2025-08-14T11:01:26.447+0000] {dag.py:3504} INFO - Setting next_dagrun for example_trigger_controller_dag to 2021-01-01T00:00:00+00:00, run_after=2021-01-01T00:00:00+00:00
[2025-08-14T11:01:26.462+0000] {processor.py:179} INFO - Processing /home/vscode/.local/lib/python3.10/site-packages/airflow/example_dags/example_trigger_controller_dag.py took 0.048 seconds
[2025-08-14T11:02:01.691+0000] {processor.py:157} INFO - Started process (PID=41435) to work on /home/vscode/.local/lib/python3.10/site-packages/airflow/example_dags/example_trigger_controller_dag.py
[2025-08-14T11:02:01.692+0000] {processor.py:826} INFO - Processing file /home/vscode/.local/lib/python3.10/site-packages/airflow/example_dags/example_trigger_controller_dag.py for tasks to queue
[2025-08-14T11:02:01.693+0000] {logging_mixin.py:150} INFO - [2025-08-14T11:02:01.693+0000] {dagbag.py:541} INFO - Filling up the DagBag from /home/vscode/.local/lib/python3.10/site-packages/airflow/example_dags/example_trigger_controller_dag.py
[2025-08-14T11:02:01.696+0000] {processor.py:836} INFO - DAG(s) dict_keys(['example_trigger_controller_dag']) retrieved from /home/vscode/.local/lib/python3.10/site-packages/airflow/example_dags/example_trigger_controller_dag.py
[2025-08-14T11:02:01.709+0000] {logging_mixin.py:150} INFO - [2025-08-14T11:02:01.709+0000] {dag.py:2742} INFO - Sync 1 DAGs
[2025-08-14T11:02:01.723+0000] {logging_mixin.py:150} INFO - [2025-08-14T11:02:01.723+0000] {dag.py:3504} INFO - Setting next_dagrun for example_trigger_controller_dag to 2021-01-01T00:00:00+00:00, run_after=2021-01-01T00:00:00+00:00
[2025-08-14T11:02:01.739+0000] {processor.py:179} INFO - Processing /home/vscode/.local/lib/python3.10/site-packages/airflow/example_dags/example_trigger_controller_dag.py took 0.050 seconds
[2025-08-14T11:02:48.738+0000] {processor.py:157} INFO - Started process (PID=41878) to work on /home/vscode/.local/lib/python3.10/site-packages/airflow/example_dags/example_trigger_controller_dag.py
[2025-08-14T11:02:48.739+0000] {processor.py:826} INFO - Processing file /home/vscode/.local/lib/python3.10/site-packages/airflow/example_dags/example_trigger_controller_dag.py for tasks to queue
[2025-08-14T11:02:48.739+0000] {logging_mixin.py:150} INFO - [2025-08-14T11:02:48.739+0000] {dagbag.py:541} INFO - Filling up the DagBag from /home/vscode/.local/lib/python3.10/site-packages/airflow/example_dags/example_trigger_controller_dag.py
[2025-08-14T11:02:48.743+0000] {processor.py:836} INFO - DAG(s) dict_keys(['example_trigger_controller_dag']) retrieved from /home/vscode/.local/lib/python3.10/site-packages/airflow/example_dags/example_trigger_controller_dag.py
[2025-08-14T11:02:48.755+0000] {logging_mixin.py:150} INFO - [2025-08-14T11:02:48.755+0000] {dag.py:2742} INFO - Sync 1 DAGs
[2025-08-14T11:02:48.770+0000] {logging_mixin.py:150} INFO - [2025-08-14T11:02:48.770+0000] {dag.py:3504} INFO - Setting next_dagrun for example_trigger_controller_dag to 2021-01-01T00:00:00+00:00, run_after=2021-01-01T00:00:00+00:00
[2025-08-14T11:02:48.789+0000] {processor.py:179} INFO - Processing /home/vscode/.local/lib/python3.10/site-packages/airflow/example_dags/example_trigger_controller_dag.py took 0.053 seconds
[2025-08-14T11:03:35.728+0000] {processor.py:157} INFO - Started process (PID=42334) to work on /home/vscode/.local/lib/python3.10/site-packages/airflow/example_dags/example_trigger_controller_dag.py
[2025-08-14T11:03:35.729+0000] {processor.py:826} INFO - Processing file /home/vscode/.local/lib/python3.10/site-packages/airflow/example_dags/example_trigger_controller_dag.py for tasks to queue
[2025-08-14T11:03:35.729+0000] {logging_mixin.py:150} INFO - [2025-08-14T11:03:35.729+0000] {dagbag.py:541} INFO - Filling up the DagBag from /home/vscode/.local/lib/python3.10/site-packages/airflow/example_dags/example_trigger_controller_dag.py
[2025-08-14T11:03:35.733+0000] {processor.py:836} INFO - DAG(s) dict_keys(['example_trigger_controller_dag']) retrieved from /home/vscode/.local/lib/python3.10/site-packages/airflow/example_dags/example_trigger_controller_dag.py
[2025-08-14T11:03:35.749+0000] {logging_mixin.py:150} INFO - [2025-08-14T11:03:35.749+0000] {dag.py:2742} INFO - Sync 1 DAGs
[2025-08-14T11:03:35.770+0000] {logging_mixin.py:150} INFO - [2025-08-14T11:03:35.770+0000] {dag.py:3504} INFO - Setting next_dagrun for example_trigger_controller_dag to 2021-01-01T00:00:00+00:00, run_after=2021-01-01T00:00:00+00:00
[2025-08-14T11:03:35.785+0000] {processor.py:179} INFO - Processing /home/vscode/.local/lib/python3.10/site-packages/airflow/example_dags/example_trigger_controller_dag.py took 0.059 seconds
[2025-08-14T11:04:19.964+0000] {processor.py:157} INFO - Started process (PID=42754) to work on /home/vscode/.local/lib/python3.10/site-packages/airflow/example_dags/example_trigger_controller_dag.py
[2025-08-14T11:04:19.965+0000] {processor.py:826} INFO - Processing file /home/vscode/.local/lib/python3.10/site-packages/airflow/example_dags/example_trigger_controller_dag.py for tasks to queue
[2025-08-14T11:04:19.966+0000] {logging_mixin.py:150} INFO - [2025-08-14T11:04:19.966+0000] {dagbag.py:541} INFO - Filling up the DagBag from /home/vscode/.local/lib/python3.10/site-packages/airflow/example_dags/example_trigger_controller_dag.py
[2025-08-14T11:04:19.969+0000] {processor.py:836} INFO - DAG(s) dict_keys(['example_trigger_controller_dag']) retrieved from /home/vscode/.local/lib/python3.10/site-packages/airflow/example_dags/example_trigger_controller_dag.py
[2025-08-14T11:04:19.984+0000] {logging_mixin.py:150} INFO - [2025-08-14T11:04:19.983+0000] {dag.py:2742} INFO - Sync 1 DAGs
[2025-08-14T11:04:20.002+0000] {logging_mixin.py:150} INFO - [2025-08-14T11:04:20.002+0000] {dag.py:3504} INFO - Setting next_dagrun for example_trigger_controller_dag to 2021-01-01T00:00:00+00:00, run_after=2021-01-01T00:00:00+00:00
[2025-08-14T11:04:20.017+0000] {processor.py:179} INFO - Processing /home/vscode/.local/lib/python3.10/site-packages/airflow/example_dags/example_trigger_controller_dag.py took 0.055 seconds
[2025-08-14T11:04:54.926+0000] {processor.py:157} INFO - Started process (PID=43089) to work on /home/vscode/.local/lib/python3.10/site-packages/airflow/example_dags/example_trigger_controller_dag.py
[2025-08-14T11:04:54.927+0000] {processor.py:826} INFO - Processing file /home/vscode/.local/lib/python3.10/site-packages/airflow/example_dags/example_trigger_controller_dag.py for tasks to queue
[2025-08-14T11:04:54.928+0000] {logging_mixin.py:150} INFO - [2025-08-14T11:04:54.927+0000] {dagbag.py:541} INFO - Filling up the DagBag from /home/vscode/.local/lib/python3.10/site-packages/airflow/example_dags/example_trigger_controller_dag.py
[2025-08-14T11:04:54.932+0000] {processor.py:836} INFO - DAG(s) dict_keys(['example_trigger_controller_dag']) retrieved from /home/vscode/.local/lib/python3.10/site-packages/airflow/example_dags/example_trigger_controller_dag.py
[2025-08-14T11:04:54.945+0000] {logging_mixin.py:150} INFO - [2025-08-14T11:04:54.945+0000] {dag.py:2742} INFO - Sync 1 DAGs
[2025-08-14T11:04:54.963+0000] {logging_mixin.py:150} INFO - [2025-08-14T11:04:54.963+0000] {dag.py:3504} INFO - Setting next_dagrun for example_trigger_controller_dag to 2021-01-01T00:00:00+00:00, run_after=2021-01-01T00:00:00+00:00
[2025-08-14T11:04:54.980+0000] {processor.py:179} INFO - Processing /home/vscode/.local/lib/python3.10/site-packages/airflow/example_dags/example_trigger_controller_dag.py took 0.056 seconds
[2025-08-14T11:05:40.063+0000] {processor.py:157} INFO - Started process (PID=43519) to work on /home/vscode/.local/lib/python3.10/site-packages/airflow/example_dags/example_trigger_controller_dag.py
[2025-08-14T11:05:40.064+0000] {processor.py:826} INFO - Processing file /home/vscode/.local/lib/python3.10/site-packages/airflow/example_dags/example_trigger_controller_dag.py for tasks to queue
[2025-08-14T11:05:40.064+0000] {logging_mixin.py:150} INFO - [2025-08-14T11:05:40.064+0000] {dagbag.py:541} INFO - Filling up the DagBag from /home/vscode/.local/lib/python3.10/site-packages/airflow/example_dags/example_trigger_controller_dag.py
[2025-08-14T11:05:40.068+0000] {processor.py:836} INFO - DAG(s) dict_keys(['example_trigger_controller_dag']) retrieved from /home/vscode/.local/lib/python3.10/site-packages/airflow/example_dags/example_trigger_controller_dag.py
[2025-08-14T11:05:40.080+0000] {logging_mixin.py:150} INFO - [2025-08-14T11:05:40.080+0000] {dag.py:2742} INFO - Sync 1 DAGs
[2025-08-14T11:05:40.094+0000] {logging_mixin.py:150} INFO - [2025-08-14T11:05:40.094+0000] {dag.py:3504} INFO - Setting next_dagrun for example_trigger_controller_dag to 2021-01-01T00:00:00+00:00, run_after=2021-01-01T00:00:00+00:00
[2025-08-14T11:05:40.109+0000] {processor.py:179} INFO - Processing /home/vscode/.local/lib/python3.10/site-packages/airflow/example_dags/example_trigger_controller_dag.py took 0.048 seconds
[2025-08-14T11:06:21.154+0000] {processor.py:157} INFO - Started process (PID=43912) to work on /home/vscode/.local/lib/python3.10/site-packages/airflow/example_dags/example_trigger_controller_dag.py
[2025-08-14T11:06:21.155+0000] {processor.py:826} INFO - Processing file /home/vscode/.local/lib/python3.10/site-packages/airflow/example_dags/example_trigger_controller_dag.py for tasks to queue
[2025-08-14T11:06:21.156+0000] {logging_mixin.py:150} INFO - [2025-08-14T11:06:21.155+0000] {dagbag.py:541} INFO - Filling up the DagBag from /home/vscode/.local/lib/python3.10/site-packages/airflow/example_dags/example_trigger_controller_dag.py
[2025-08-14T11:06:21.159+0000] {processor.py:836} INFO - DAG(s) dict_keys(['example_trigger_controller_dag']) retrieved from /home/vscode/.local/lib/python3.10/site-packages/airflow/example_dags/example_trigger_controller_dag.py
[2025-08-14T11:06:21.171+0000] {logging_mixin.py:150} INFO - [2025-08-14T11:06:21.171+0000] {dag.py:2742} INFO - Sync 1 DAGs
[2025-08-14T11:06:21.184+0000] {logging_mixin.py:150} INFO - [2025-08-14T11:06:21.184+0000] {dag.py:3504} INFO - Setting next_dagrun for example_trigger_controller_dag to 2021-01-01T00:00:00+00:00, run_after=2021-01-01T00:00:00+00:00
[2025-08-14T11:06:21.199+0000] {processor.py:179} INFO - Processing /home/vscode/.local/lib/python3.10/site-packages/airflow/example_dags/example_trigger_controller_dag.py took 0.047 seconds
[2025-08-14T11:07:08.569+0000] {processor.py:157} INFO - Started process (PID=44366) to work on /home/vscode/.local/lib/python3.10/site-packages/airflow/example_dags/example_trigger_controller_dag.py
[2025-08-14T11:07:08.570+0000] {processor.py:826} INFO - Processing file /home/vscode/.local/lib/python3.10/site-packages/airflow/example_dags/example_trigger_controller_dag.py for tasks to queue
[2025-08-14T11:07:08.571+0000] {logging_mixin.py:150} INFO - [2025-08-14T11:07:08.570+0000] {dagbag.py:541} INFO - Filling up the DagBag from /home/vscode/.local/lib/python3.10/site-packages/airflow/example_dags/example_trigger_controller_dag.py
[2025-08-14T11:07:08.574+0000] {processor.py:836} INFO - DAG(s) dict_keys(['example_trigger_controller_dag']) retrieved from /home/vscode/.local/lib/python3.10/site-packages/airflow/example_dags/example_trigger_controller_dag.py
[2025-08-14T11:07:08.585+0000] {logging_mixin.py:150} INFO - [2025-08-14T11:07:08.585+0000] {dag.py:2742} INFO - Sync 1 DAGs
[2025-08-14T11:07:08.599+0000] {logging_mixin.py:150} INFO - [2025-08-14T11:07:08.598+0000] {dag.py:3504} INFO - Setting next_dagrun for example_trigger_controller_dag to 2021-01-01T00:00:00+00:00, run_after=2021-01-01T00:00:00+00:00
[2025-08-14T11:07:08.613+0000] {processor.py:179} INFO - Processing /home/vscode/.local/lib/python3.10/site-packages/airflow/example_dags/example_trigger_controller_dag.py took 0.046 seconds
[2025-08-14T11:07:52.628+0000] {processor.py:157} INFO - Started process (PID=44793) to work on /home/vscode/.local/lib/python3.10/site-packages/airflow/example_dags/example_trigger_controller_dag.py
[2025-08-14T11:07:52.628+0000] {processor.py:826} INFO - Processing file /home/vscode/.local/lib/python3.10/site-packages/airflow/example_dags/example_trigger_controller_dag.py for tasks to queue
[2025-08-14T11:07:52.629+0000] {logging_mixin.py:150} INFO - [2025-08-14T11:07:52.629+0000] {dagbag.py:541} INFO - Filling up the DagBag from /home/vscode/.local/lib/python3.10/site-packages/airflow/example_dags/example_trigger_controller_dag.py
[2025-08-14T11:07:52.633+0000] {processor.py:836} INFO - DAG(s) dict_keys(['example_trigger_controller_dag']) retrieved from /home/vscode/.local/lib/python3.10/site-packages/airflow/example_dags/example_trigger_controller_dag.py
[2025-08-14T11:07:52.645+0000] {logging_mixin.py:150} INFO - [2025-08-14T11:07:52.645+0000] {dag.py:2742} INFO - Sync 1 DAGs
[2025-08-14T11:07:52.659+0000] {logging_mixin.py:150} INFO - [2025-08-14T11:07:52.659+0000] {dag.py:3504} INFO - Setting next_dagrun for example_trigger_controller_dag to 2021-01-01T00:00:00+00:00, run_after=2021-01-01T00:00:00+00:00
[2025-08-14T11:07:52.675+0000] {processor.py:179} INFO - Processing /home/vscode/.local/lib/python3.10/site-packages/airflow/example_dags/example_trigger_controller_dag.py took 0.050 seconds
[2025-08-14T11:08:37.040+0000] {processor.py:157} INFO - Started process (PID=45215) to work on /home/vscode/.local/lib/python3.10/site-packages/airflow/example_dags/example_trigger_controller_dag.py
[2025-08-14T11:08:37.040+0000] {processor.py:826} INFO - Processing file /home/vscode/.local/lib/python3.10/site-packages/airflow/example_dags/example_trigger_controller_dag.py for tasks to queue
[2025-08-14T11:08:37.041+0000] {logging_mixin.py:150} INFO - [2025-08-14T11:08:37.041+0000] {dagbag.py:541} INFO - Filling up the DagBag from /home/vscode/.local/lib/python3.10/site-packages/airflow/example_dags/example_trigger_controller_dag.py
[2025-08-14T11:08:37.045+0000] {processor.py:836} INFO - DAG(s) dict_keys(['example_trigger_controller_dag']) retrieved from /home/vscode/.local/lib/python3.10/site-packages/airflow/example_dags/example_trigger_controller_dag.py
[2025-08-14T11:08:37.057+0000] {logging_mixin.py:150} INFO - [2025-08-14T11:08:37.057+0000] {dag.py:2742} INFO - Sync 1 DAGs
[2025-08-14T11:08:37.072+0000] {logging_mixin.py:150} INFO - [2025-08-14T11:08:37.071+0000] {dag.py:3504} INFO - Setting next_dagrun for example_trigger_controller_dag to 2021-01-01T00:00:00+00:00, run_after=2021-01-01T00:00:00+00:00
[2025-08-14T11:08:37.088+0000] {processor.py:179} INFO - Processing /home/vscode/.local/lib/python3.10/site-packages/airflow/example_dags/example_trigger_controller_dag.py took 0.050 seconds
[2025-08-14T11:09:27.280+0000] {processor.py:157} INFO - Started process (PID=45704) to work on /home/vscode/.local/lib/python3.10/site-packages/airflow/example_dags/example_trigger_controller_dag.py
[2025-08-14T11:09:27.281+0000] {processor.py:826} INFO - Processing file /home/vscode/.local/lib/python3.10/site-packages/airflow/example_dags/example_trigger_controller_dag.py for tasks to queue
[2025-08-14T11:09:27.282+0000] {logging_mixin.py:150} INFO - [2025-08-14T11:09:27.281+0000] {dagbag.py:541} INFO - Filling up the DagBag from /home/vscode/.local/lib/python3.10/site-packages/airflow/example_dags/example_trigger_controller_dag.py
[2025-08-14T11:09:27.285+0000] {processor.py:836} INFO - DAG(s) dict_keys(['example_trigger_controller_dag']) retrieved from /home/vscode/.local/lib/python3.10/site-packages/airflow/example_dags/example_trigger_controller_dag.py
[2025-08-14T11:09:27.297+0000] {logging_mixin.py:150} INFO - [2025-08-14T11:09:27.297+0000] {dag.py:2742} INFO - Sync 1 DAGs
[2025-08-14T11:09:27.311+0000] {logging_mixin.py:150} INFO - [2025-08-14T11:09:27.311+0000] {dag.py:3504} INFO - Setting next_dagrun for example_trigger_controller_dag to 2021-01-01T00:00:00+00:00, run_after=2021-01-01T00:00:00+00:00
[2025-08-14T11:09:27.327+0000] {processor.py:179} INFO - Processing /home/vscode/.local/lib/python3.10/site-packages/airflow/example_dags/example_trigger_controller_dag.py took 0.049 seconds
[2025-08-14T11:10:03.058+0000] {processor.py:157} INFO - Started process (PID=46032) to work on /home/vscode/.local/lib/python3.10/site-packages/airflow/example_dags/example_trigger_controller_dag.py
[2025-08-14T11:10:03.058+0000] {processor.py:826} INFO - Processing file /home/vscode/.local/lib/python3.10/site-packages/airflow/example_dags/example_trigger_controller_dag.py for tasks to queue
[2025-08-14T11:10:03.059+0000] {logging_mixin.py:150} INFO - [2025-08-14T11:10:03.059+0000] {dagbag.py:541} INFO - Filling up the DagBag from /home/vscode/.local/lib/python3.10/site-packages/airflow/example_dags/example_trigger_controller_dag.py
[2025-08-14T11:10:03.064+0000] {processor.py:836} INFO - DAG(s) dict_keys(['example_trigger_controller_dag']) retrieved from /home/vscode/.local/lib/python3.10/site-packages/airflow/example_dags/example_trigger_controller_dag.py
[2025-08-14T11:10:03.076+0000] {logging_mixin.py:150} INFO - [2025-08-14T11:10:03.076+0000] {dag.py:2742} INFO - Sync 1 DAGs
[2025-08-14T11:10:03.090+0000] {logging_mixin.py:150} INFO - [2025-08-14T11:10:03.090+0000] {dag.py:3504} INFO - Setting next_dagrun for example_trigger_controller_dag to 2021-01-01T00:00:00+00:00, run_after=2021-01-01T00:00:00+00:00
[2025-08-14T11:10:03.105+0000] {processor.py:179} INFO - Processing /home/vscode/.local/lib/python3.10/site-packages/airflow/example_dags/example_trigger_controller_dag.py took 0.050 seconds
[2025-08-14T11:10:38.120+0000] {processor.py:157} INFO - Started process (PID=46372) to work on /home/vscode/.local/lib/python3.10/site-packages/airflow/example_dags/example_trigger_controller_dag.py
[2025-08-14T11:10:38.121+0000] {processor.py:826} INFO - Processing file /home/vscode/.local/lib/python3.10/site-packages/airflow/example_dags/example_trigger_controller_dag.py for tasks to queue
[2025-08-14T11:10:38.122+0000] {logging_mixin.py:150} INFO - [2025-08-14T11:10:38.122+0000] {dagbag.py:541} INFO - Filling up the DagBag from /home/vscode/.local/lib/python3.10/site-packages/airflow/example_dags/example_trigger_controller_dag.py
[2025-08-14T11:10:38.125+0000] {processor.py:836} INFO - DAG(s) dict_keys(['example_trigger_controller_dag']) retrieved from /home/vscode/.local/lib/python3.10/site-packages/airflow/example_dags/example_trigger_controller_dag.py
[2025-08-14T11:10:38.137+0000] {logging_mixin.py:150} INFO - [2025-08-14T11:10:38.137+0000] {dag.py:2742} INFO - Sync 1 DAGs
[2025-08-14T11:10:38.151+0000] {logging_mixin.py:150} INFO - [2025-08-14T11:10:38.151+0000] {dag.py:3504} INFO - Setting next_dagrun for example_trigger_controller_dag to 2021-01-01T00:00:00+00:00, run_after=2021-01-01T00:00:00+00:00
[2025-08-14T11:10:38.168+0000] {processor.py:179} INFO - Processing /home/vscode/.local/lib/python3.10/site-packages/airflow/example_dags/example_trigger_controller_dag.py took 0.050 seconds
[2025-08-14T11:11:21.513+0000] {processor.py:157} INFO - Started process (PID=46787) to work on /home/vscode/.local/lib/python3.10/site-packages/airflow/example_dags/example_trigger_controller_dag.py
[2025-08-14T11:11:21.514+0000] {processor.py:826} INFO - Processing file /home/vscode/.local/lib/python3.10/site-packages/airflow/example_dags/example_trigger_controller_dag.py for tasks to queue
[2025-08-14T11:11:21.514+0000] {logging_mixin.py:150} INFO - [2025-08-14T11:11:21.514+0000] {dagbag.py:541} INFO - Filling up the DagBag from /home/vscode/.local/lib/python3.10/site-packages/airflow/example_dags/example_trigger_controller_dag.py
[2025-08-14T11:11:21.518+0000] {processor.py:836} INFO - DAG(s) dict_keys(['example_trigger_controller_dag']) retrieved from /home/vscode/.local/lib/python3.10/site-packages/airflow/example_dags/example_trigger_controller_dag.py
[2025-08-14T11:11:21.530+0000] {logging_mixin.py:150} INFO - [2025-08-14T11:11:21.530+0000] {dag.py:2742} INFO - Sync 1 DAGs
[2025-08-14T11:11:21.544+0000] {logging_mixin.py:150} INFO - [2025-08-14T11:11:21.544+0000] {dag.py:3504} INFO - Setting next_dagrun for example_trigger_controller_dag to 2021-01-01T00:00:00+00:00, run_after=2021-01-01T00:00:00+00:00
[2025-08-14T11:11:21.560+0000] {processor.py:179} INFO - Processing /home/vscode/.local/lib/python3.10/site-packages/airflow/example_dags/example_trigger_controller_dag.py took 0.050 seconds
[2025-08-14T11:12:01.887+0000] {processor.py:157} INFO - Started process (PID=47179) to work on /home/vscode/.local/lib/python3.10/site-packages/airflow/example_dags/example_trigger_controller_dag.py
[2025-08-14T11:12:01.887+0000] {processor.py:826} INFO - Processing file /home/vscode/.local/lib/python3.10/site-packages/airflow/example_dags/example_trigger_controller_dag.py for tasks to queue
[2025-08-14T11:12:01.888+0000] {logging_mixin.py:150} INFO - [2025-08-14T11:12:01.888+0000] {dagbag.py:541} INFO - Filling up the DagBag from /home/vscode/.local/lib/python3.10/site-packages/airflow/example_dags/example_trigger_controller_dag.py
[2025-08-14T11:12:01.891+0000] {processor.py:836} INFO - DAG(s) dict_keys(['example_trigger_controller_dag']) retrieved from /home/vscode/.local/lib/python3.10/site-packages/airflow/example_dags/example_trigger_controller_dag.py
[2025-08-14T11:12:01.903+0000] {logging_mixin.py:150} INFO - [2025-08-14T11:12:01.903+0000] {dag.py:2742} INFO - Sync 1 DAGs
[2025-08-14T11:12:01.917+0000] {logging_mixin.py:150} INFO - [2025-08-14T11:12:01.917+0000] {dag.py:3504} INFO - Setting next_dagrun for example_trigger_controller_dag to 2021-01-01T00:00:00+00:00, run_after=2021-01-01T00:00:00+00:00
[2025-08-14T11:12:01.933+0000] {processor.py:179} INFO - Processing /home/vscode/.local/lib/python3.10/site-packages/airflow/example_dags/example_trigger_controller_dag.py took 0.049 seconds
[2025-08-14T11:12:48.327+0000] {processor.py:157} INFO - Started process (PID=47625) to work on /home/vscode/.local/lib/python3.10/site-packages/airflow/example_dags/example_trigger_controller_dag.py
[2025-08-14T11:12:48.328+0000] {processor.py:826} INFO - Processing file /home/vscode/.local/lib/python3.10/site-packages/airflow/example_dags/example_trigger_controller_dag.py for tasks to queue
[2025-08-14T11:12:48.329+0000] {logging_mixin.py:150} INFO - [2025-08-14T11:12:48.329+0000] {dagbag.py:541} INFO - Filling up the DagBag from /home/vscode/.local/lib/python3.10/site-packages/airflow/example_dags/example_trigger_controller_dag.py
[2025-08-14T11:12:48.332+0000] {processor.py:836} INFO - DAG(s) dict_keys(['example_trigger_controller_dag']) retrieved from /home/vscode/.local/lib/python3.10/site-packages/airflow/example_dags/example_trigger_controller_dag.py
[2025-08-14T11:12:48.345+0000] {logging_mixin.py:150} INFO - [2025-08-14T11:12:48.344+0000] {dag.py:2742} INFO - Sync 1 DAGs
[2025-08-14T11:12:48.359+0000] {logging_mixin.py:150} INFO - [2025-08-14T11:12:48.359+0000] {dag.py:3504} INFO - Setting next_dagrun for example_trigger_controller_dag to 2021-01-01T00:00:00+00:00, run_after=2021-01-01T00:00:00+00:00
[2025-08-14T11:12:48.375+0000] {processor.py:179} INFO - Processing /home/vscode/.local/lib/python3.10/site-packages/airflow/example_dags/example_trigger_controller_dag.py took 0.050 seconds
[2025-08-14T11:13:38.048+0000] {processor.py:157} INFO - Started process (PID=48096) to work on /home/vscode/.local/lib/python3.10/site-packages/airflow/example_dags/example_trigger_controller_dag.py
[2025-08-14T11:13:38.049+0000] {processor.py:826} INFO - Processing file /home/vscode/.local/lib/python3.10/site-packages/airflow/example_dags/example_trigger_controller_dag.py for tasks to queue
[2025-08-14T11:13:38.050+0000] {logging_mixin.py:150} INFO - [2025-08-14T11:13:38.049+0000] {dagbag.py:541} INFO - Filling up the DagBag from /home/vscode/.local/lib/python3.10/site-packages/airflow/example_dags/example_trigger_controller_dag.py
[2025-08-14T11:13:38.053+0000] {processor.py:836} INFO - DAG(s) dict_keys(['example_trigger_controller_dag']) retrieved from /home/vscode/.local/lib/python3.10/site-packages/airflow/example_dags/example_trigger_controller_dag.py
[2025-08-14T11:13:38.065+0000] {logging_mixin.py:150} INFO - [2025-08-14T11:13:38.065+0000] {dag.py:2742} INFO - Sync 1 DAGs
[2025-08-14T11:13:38.079+0000] {logging_mixin.py:150} INFO - [2025-08-14T11:13:38.079+0000] {dag.py:3504} INFO - Setting next_dagrun for example_trigger_controller_dag to 2021-01-01T00:00:00+00:00, run_after=2021-01-01T00:00:00+00:00
[2025-08-14T11:13:38.096+0000] {processor.py:179} INFO - Processing /home/vscode/.local/lib/python3.10/site-packages/airflow/example_dags/example_trigger_controller_dag.py took 0.050 seconds
[2025-08-14T11:14:23.263+0000] {processor.py:157} INFO - Started process (PID=48526) to work on /home/vscode/.local/lib/python3.10/site-packages/airflow/example_dags/example_trigger_controller_dag.py
[2025-08-14T11:14:23.264+0000] {processor.py:826} INFO - Processing file /home/vscode/.local/lib/python3.10/site-packages/airflow/example_dags/example_trigger_controller_dag.py for tasks to queue
[2025-08-14T11:14:23.264+0000] {logging_mixin.py:150} INFO - [2025-08-14T11:14:23.264+0000] {dagbag.py:541} INFO - Filling up the DagBag from /home/vscode/.local/lib/python3.10/site-packages/airflow/example_dags/example_trigger_controller_dag.py
[2025-08-14T11:14:23.267+0000] {processor.py:836} INFO - DAG(s) dict_keys(['example_trigger_controller_dag']) retrieved from /home/vscode/.local/lib/python3.10/site-packages/airflow/example_dags/example_trigger_controller_dag.py
[2025-08-14T11:14:23.284+0000] {logging_mixin.py:150} INFO - [2025-08-14T11:14:23.284+0000] {dag.py:2742} INFO - Sync 1 DAGs
[2025-08-14T11:14:23.299+0000] {logging_mixin.py:150} INFO - [2025-08-14T11:14:23.299+0000] {dag.py:3504} INFO - Setting next_dagrun for example_trigger_controller_dag to 2021-01-01T00:00:00+00:00, run_after=2021-01-01T00:00:00+00:00
[2025-08-14T11:14:23.315+0000] {processor.py:179} INFO - Processing /home/vscode/.local/lib/python3.10/site-packages/airflow/example_dags/example_trigger_controller_dag.py took 0.054 seconds
[2025-08-14T11:15:12.913+0000] {processor.py:157} INFO - Started process (PID=49002) to work on /home/vscode/.local/lib/python3.10/site-packages/airflow/example_dags/example_trigger_controller_dag.py
[2025-08-14T11:15:12.913+0000] {processor.py:826} INFO - Processing file /home/vscode/.local/lib/python3.10/site-packages/airflow/example_dags/example_trigger_controller_dag.py for tasks to queue
[2025-08-14T11:15:12.914+0000] {logging_mixin.py:150} INFO - [2025-08-14T11:15:12.914+0000] {dagbag.py:541} INFO - Filling up the DagBag from /home/vscode/.local/lib/python3.10/site-packages/airflow/example_dags/example_trigger_controller_dag.py
[2025-08-14T11:15:12.917+0000] {processor.py:836} INFO - DAG(s) dict_keys(['example_trigger_controller_dag']) retrieved from /home/vscode/.local/lib/python3.10/site-packages/airflow/example_dags/example_trigger_controller_dag.py
[2025-08-14T11:15:12.929+0000] {logging_mixin.py:150} INFO - [2025-08-14T11:15:12.929+0000] {dag.py:2742} INFO - Sync 1 DAGs
[2025-08-14T11:15:12.943+0000] {logging_mixin.py:150} INFO - [2025-08-14T11:15:12.943+0000] {dag.py:3504} INFO - Setting next_dagrun for example_trigger_controller_dag to 2021-01-01T00:00:00+00:00, run_after=2021-01-01T00:00:00+00:00
[2025-08-14T11:15:12.958+0000] {processor.py:179} INFO - Processing /home/vscode/.local/lib/python3.10/site-packages/airflow/example_dags/example_trigger_controller_dag.py took 0.047 seconds
[2025-08-14T11:15:59.765+0000] {processor.py:157} INFO - Started process (PID=49453) to work on /home/vscode/.local/lib/python3.10/site-packages/airflow/example_dags/example_trigger_controller_dag.py
[2025-08-14T11:15:59.765+0000] {processor.py:826} INFO - Processing file /home/vscode/.local/lib/python3.10/site-packages/airflow/example_dags/example_trigger_controller_dag.py for tasks to queue
[2025-08-14T11:15:59.766+0000] {logging_mixin.py:150} INFO - [2025-08-14T11:15:59.766+0000] {dagbag.py:541} INFO - Filling up the DagBag from /home/vscode/.local/lib/python3.10/site-packages/airflow/example_dags/example_trigger_controller_dag.py
[2025-08-14T11:15:59.769+0000] {processor.py:836} INFO - DAG(s) dict_keys(['example_trigger_controller_dag']) retrieved from /home/vscode/.local/lib/python3.10/site-packages/airflow/example_dags/example_trigger_controller_dag.py
[2025-08-14T11:15:59.781+0000] {logging_mixin.py:150} INFO - [2025-08-14T11:15:59.781+0000] {dag.py:2742} INFO - Sync 1 DAGs
[2025-08-14T11:15:59.795+0000] {logging_mixin.py:150} INFO - [2025-08-14T11:15:59.795+0000] {dag.py:3504} INFO - Setting next_dagrun for example_trigger_controller_dag to 2021-01-01T00:00:00+00:00, run_after=2021-01-01T00:00:00+00:00
[2025-08-14T11:15:59.810+0000] {processor.py:179} INFO - Processing /home/vscode/.local/lib/python3.10/site-packages/airflow/example_dags/example_trigger_controller_dag.py took 0.048 seconds
[2025-08-14T11:16:47.280+0000] {processor.py:157} INFO - Started process (PID=49909) to work on /home/vscode/.local/lib/python3.10/site-packages/airflow/example_dags/example_trigger_controller_dag.py
[2025-08-14T11:16:47.280+0000] {processor.py:826} INFO - Processing file /home/vscode/.local/lib/python3.10/site-packages/airflow/example_dags/example_trigger_controller_dag.py for tasks to queue
[2025-08-14T11:16:47.281+0000] {logging_mixin.py:150} INFO - [2025-08-14T11:16:47.281+0000] {dagbag.py:541} INFO - Filling up the DagBag from /home/vscode/.local/lib/python3.10/site-packages/airflow/example_dags/example_trigger_controller_dag.py
[2025-08-14T11:16:47.284+0000] {processor.py:836} INFO - DAG(s) dict_keys(['example_trigger_controller_dag']) retrieved from /home/vscode/.local/lib/python3.10/site-packages/airflow/example_dags/example_trigger_controller_dag.py
[2025-08-14T11:16:47.297+0000] {logging_mixin.py:150} INFO - [2025-08-14T11:16:47.297+0000] {dag.py:2742} INFO - Sync 1 DAGs
[2025-08-14T11:16:47.316+0000] {logging_mixin.py:150} INFO - [2025-08-14T11:16:47.316+0000] {dag.py:3504} INFO - Setting next_dagrun for example_trigger_controller_dag to 2021-01-01T00:00:00+00:00, run_after=2021-01-01T00:00:00+00:00
[2025-08-14T11:16:47.337+0000] {processor.py:179} INFO - Processing /home/vscode/.local/lib/python3.10/site-packages/airflow/example_dags/example_trigger_controller_dag.py took 0.060 seconds
[2025-08-14T11:17:29.389+0000] {processor.py:157} INFO - Started process (PID=50308) to work on /home/vscode/.local/lib/python3.10/site-packages/airflow/example_dags/example_trigger_controller_dag.py
[2025-08-14T11:17:29.390+0000] {processor.py:826} INFO - Processing file /home/vscode/.local/lib/python3.10/site-packages/airflow/example_dags/example_trigger_controller_dag.py for tasks to queue
[2025-08-14T11:17:29.390+0000] {logging_mixin.py:150} INFO - [2025-08-14T11:17:29.390+0000] {dagbag.py:541} INFO - Filling up the DagBag from /home/vscode/.local/lib/python3.10/site-packages/airflow/example_dags/example_trigger_controller_dag.py
[2025-08-14T11:17:29.394+0000] {processor.py:836} INFO - DAG(s) dict_keys(['example_trigger_controller_dag']) retrieved from /home/vscode/.local/lib/python3.10/site-packages/airflow/example_dags/example_trigger_controller_dag.py
[2025-08-14T11:17:29.405+0000] {logging_mixin.py:150} INFO - [2025-08-14T11:17:29.405+0000] {dag.py:2742} INFO - Sync 1 DAGs
[2025-08-14T11:17:29.419+0000] {logging_mixin.py:150} INFO - [2025-08-14T11:17:29.419+0000] {dag.py:3504} INFO - Setting next_dagrun for example_trigger_controller_dag to 2021-01-01T00:00:00+00:00, run_after=2021-01-01T00:00:00+00:00
[2025-08-14T11:17:29.435+0000] {processor.py:179} INFO - Processing /home/vscode/.local/lib/python3.10/site-packages/airflow/example_dags/example_trigger_controller_dag.py took 0.048 seconds
[2025-08-14T11:18:17.360+0000] {processor.py:157} INFO - Started process (PID=50759) to work on /home/vscode/.local/lib/python3.10/site-packages/airflow/example_dags/example_trigger_controller_dag.py
[2025-08-14T11:18:17.361+0000] {processor.py:826} INFO - Processing file /home/vscode/.local/lib/python3.10/site-packages/airflow/example_dags/example_trigger_controller_dag.py for tasks to queue
[2025-08-14T11:18:17.362+0000] {logging_mixin.py:150} INFO - [2025-08-14T11:18:17.362+0000] {dagbag.py:541} INFO - Filling up the DagBag from /home/vscode/.local/lib/python3.10/site-packages/airflow/example_dags/example_trigger_controller_dag.py
[2025-08-14T11:18:17.367+0000] {processor.py:836} INFO - DAG(s) dict_keys(['example_trigger_controller_dag']) retrieved from /home/vscode/.local/lib/python3.10/site-packages/airflow/example_dags/example_trigger_controller_dag.py
[2025-08-14T11:18:17.385+0000] {logging_mixin.py:150} INFO - [2025-08-14T11:18:17.385+0000] {dag.py:2742} INFO - Sync 1 DAGs
[2025-08-14T11:18:17.406+0000] {logging_mixin.py:150} INFO - [2025-08-14T11:18:17.405+0000] {dag.py:3504} INFO - Setting next_dagrun for example_trigger_controller_dag to 2021-01-01T00:00:00+00:00, run_after=2021-01-01T00:00:00+00:00
[2025-08-14T11:18:17.425+0000] {processor.py:179} INFO - Processing /home/vscode/.local/lib/python3.10/site-packages/airflow/example_dags/example_trigger_controller_dag.py took 0.068 seconds
[2025-08-14T11:18:59.633+0000] {processor.py:157} INFO - Started process (PID=51178) to work on /home/vscode/.local/lib/python3.10/site-packages/airflow/example_dags/example_trigger_controller_dag.py
[2025-08-14T11:18:59.634+0000] {processor.py:826} INFO - Processing file /home/vscode/.local/lib/python3.10/site-packages/airflow/example_dags/example_trigger_controller_dag.py for tasks to queue
[2025-08-14T11:18:59.635+0000] {logging_mixin.py:150} INFO - [2025-08-14T11:18:59.634+0000] {dagbag.py:541} INFO - Filling up the DagBag from /home/vscode/.local/lib/python3.10/site-packages/airflow/example_dags/example_trigger_controller_dag.py
[2025-08-14T11:18:59.638+0000] {processor.py:836} INFO - DAG(s) dict_keys(['example_trigger_controller_dag']) retrieved from /home/vscode/.local/lib/python3.10/site-packages/airflow/example_dags/example_trigger_controller_dag.py
[2025-08-14T11:18:59.650+0000] {logging_mixin.py:150} INFO - [2025-08-14T11:18:59.650+0000] {dag.py:2742} INFO - Sync 1 DAGs
[2025-08-14T11:18:59.666+0000] {logging_mixin.py:150} INFO - [2025-08-14T11:18:59.666+0000] {dag.py:3504} INFO - Setting next_dagrun for example_trigger_controller_dag to 2021-01-01T00:00:00+00:00, run_after=2021-01-01T00:00:00+00:00
[2025-08-14T11:18:59.682+0000] {processor.py:179} INFO - Processing /home/vscode/.local/lib/python3.10/site-packages/airflow/example_dags/example_trigger_controller_dag.py took 0.051 seconds
[2025-08-14T11:19:48.592+0000] {processor.py:157} INFO - Started process (PID=51644) to work on /home/vscode/.local/lib/python3.10/site-packages/airflow/example_dags/example_trigger_controller_dag.py
[2025-08-14T11:19:48.592+0000] {processor.py:826} INFO - Processing file /home/vscode/.local/lib/python3.10/site-packages/airflow/example_dags/example_trigger_controller_dag.py for tasks to queue
[2025-08-14T11:19:48.593+0000] {logging_mixin.py:150} INFO - [2025-08-14T11:19:48.593+0000] {dagbag.py:541} INFO - Filling up the DagBag from /home/vscode/.local/lib/python3.10/site-packages/airflow/example_dags/example_trigger_controller_dag.py
[2025-08-14T11:19:48.597+0000] {processor.py:836} INFO - DAG(s) dict_keys(['example_trigger_controller_dag']) retrieved from /home/vscode/.local/lib/python3.10/site-packages/airflow/example_dags/example_trigger_controller_dag.py
[2025-08-14T11:19:48.608+0000] {logging_mixin.py:150} INFO - [2025-08-14T11:19:48.608+0000] {dag.py:2742} INFO - Sync 1 DAGs
[2025-08-14T11:19:48.622+0000] {logging_mixin.py:150} INFO - [2025-08-14T11:19:48.622+0000] {dag.py:3504} INFO - Setting next_dagrun for example_trigger_controller_dag to 2021-01-01T00:00:00+00:00, run_after=2021-01-01T00:00:00+00:00
[2025-08-14T11:19:48.637+0000] {processor.py:179} INFO - Processing /home/vscode/.local/lib/python3.10/site-packages/airflow/example_dags/example_trigger_controller_dag.py took 0.047 seconds
[2025-08-14T11:20:31.937+0000] {processor.py:157} INFO - Started process (PID=52057) to work on /home/vscode/.local/lib/python3.10/site-packages/airflow/example_dags/example_trigger_controller_dag.py
[2025-08-14T11:20:31.937+0000] {processor.py:826} INFO - Processing file /home/vscode/.local/lib/python3.10/site-packages/airflow/example_dags/example_trigger_controller_dag.py for tasks to queue
[2025-08-14T11:20:31.938+0000] {logging_mixin.py:150} INFO - [2025-08-14T11:20:31.938+0000] {dagbag.py:541} INFO - Filling up the DagBag from /home/vscode/.local/lib/python3.10/site-packages/airflow/example_dags/example_trigger_controller_dag.py
[2025-08-14T11:20:31.942+0000] {processor.py:836} INFO - DAG(s) dict_keys(['example_trigger_controller_dag']) retrieved from /home/vscode/.local/lib/python3.10/site-packages/airflow/example_dags/example_trigger_controller_dag.py
[2025-08-14T11:20:31.953+0000] {logging_mixin.py:150} INFO - [2025-08-14T11:20:31.953+0000] {dag.py:2742} INFO - Sync 1 DAGs
[2025-08-14T11:20:31.967+0000] {logging_mixin.py:150} INFO - [2025-08-14T11:20:31.967+0000] {dag.py:3504} INFO - Setting next_dagrun for example_trigger_controller_dag to 2021-01-01T00:00:00+00:00, run_after=2021-01-01T00:00:00+00:00
[2025-08-14T11:20:31.983+0000] {processor.py:179} INFO - Processing /home/vscode/.local/lib/python3.10/site-packages/airflow/example_dags/example_trigger_controller_dag.py took 0.048 seconds
[2025-08-14T11:21:20.433+0000] {processor.py:157} INFO - Started process (PID=52515) to work on /home/vscode/.local/lib/python3.10/site-packages/airflow/example_dags/example_trigger_controller_dag.py
[2025-08-14T11:21:20.434+0000] {processor.py:826} INFO - Processing file /home/vscode/.local/lib/python3.10/site-packages/airflow/example_dags/example_trigger_controller_dag.py for tasks to queue
[2025-08-14T11:21:20.434+0000] {logging_mixin.py:150} INFO - [2025-08-14T11:21:20.434+0000] {dagbag.py:541} INFO - Filling up the DagBag from /home/vscode/.local/lib/python3.10/site-packages/airflow/example_dags/example_trigger_controller_dag.py
[2025-08-14T11:21:20.438+0000] {processor.py:836} INFO - DAG(s) dict_keys(['example_trigger_controller_dag']) retrieved from /home/vscode/.local/lib/python3.10/site-packages/airflow/example_dags/example_trigger_controller_dag.py
[2025-08-14T11:21:20.449+0000] {logging_mixin.py:150} INFO - [2025-08-14T11:21:20.449+0000] {dag.py:2742} INFO - Sync 1 DAGs
[2025-08-14T11:21:20.463+0000] {logging_mixin.py:150} INFO - [2025-08-14T11:21:20.463+0000] {dag.py:3504} INFO - Setting next_dagrun for example_trigger_controller_dag to 2021-01-01T00:00:00+00:00, run_after=2021-01-01T00:00:00+00:00
[2025-08-14T11:21:20.478+0000] {processor.py:179} INFO - Processing /home/vscode/.local/lib/python3.10/site-packages/airflow/example_dags/example_trigger_controller_dag.py took 0.048 seconds
[2025-08-14T11:22:05.850+0000] {processor.py:157} INFO - Started process (PID=52944) to work on /home/vscode/.local/lib/python3.10/site-packages/airflow/example_dags/example_trigger_controller_dag.py
[2025-08-14T11:22:05.850+0000] {processor.py:826} INFO - Processing file /home/vscode/.local/lib/python3.10/site-packages/airflow/example_dags/example_trigger_controller_dag.py for tasks to queue
[2025-08-14T11:22:05.851+0000] {logging_mixin.py:150} INFO - [2025-08-14T11:22:05.851+0000] {dagbag.py:541} INFO - Filling up the DagBag from /home/vscode/.local/lib/python3.10/site-packages/airflow/example_dags/example_trigger_controller_dag.py
[2025-08-14T11:22:05.854+0000] {processor.py:836} INFO - DAG(s) dict_keys(['example_trigger_controller_dag']) retrieved from /home/vscode/.local/lib/python3.10/site-packages/airflow/example_dags/example_trigger_controller_dag.py
[2025-08-14T11:22:05.867+0000] {logging_mixin.py:150} INFO - [2025-08-14T11:22:05.867+0000] {dag.py:2742} INFO - Sync 1 DAGs
[2025-08-14T11:22:05.882+0000] {logging_mixin.py:150} INFO - [2025-08-14T11:22:05.881+0000] {dag.py:3504} INFO - Setting next_dagrun for example_trigger_controller_dag to 2021-01-01T00:00:00+00:00, run_after=2021-01-01T00:00:00+00:00
[2025-08-14T11:22:05.897+0000] {processor.py:179} INFO - Processing /home/vscode/.local/lib/python3.10/site-packages/airflow/example_dags/example_trigger_controller_dag.py took 0.049 seconds
[2025-08-14T11:22:52.610+0000] {processor.py:157} INFO - Started process (PID=53401) to work on /home/vscode/.local/lib/python3.10/site-packages/airflow/example_dags/example_trigger_controller_dag.py
[2025-08-14T11:22:52.611+0000] {processor.py:826} INFO - Processing file /home/vscode/.local/lib/python3.10/site-packages/airflow/example_dags/example_trigger_controller_dag.py for tasks to queue
[2025-08-14T11:22:52.612+0000] {logging_mixin.py:150} INFO - [2025-08-14T11:22:52.611+0000] {dagbag.py:541} INFO - Filling up the DagBag from /home/vscode/.local/lib/python3.10/site-packages/airflow/example_dags/example_trigger_controller_dag.py
[2025-08-14T11:22:52.615+0000] {processor.py:836} INFO - DAG(s) dict_keys(['example_trigger_controller_dag']) retrieved from /home/vscode/.local/lib/python3.10/site-packages/airflow/example_dags/example_trigger_controller_dag.py
[2025-08-14T11:22:52.627+0000] {logging_mixin.py:150} INFO - [2025-08-14T11:22:52.627+0000] {dag.py:2742} INFO - Sync 1 DAGs
[2025-08-14T11:22:52.641+0000] {logging_mixin.py:150} INFO - [2025-08-14T11:22:52.641+0000] {dag.py:3504} INFO - Setting next_dagrun for example_trigger_controller_dag to 2021-01-01T00:00:00+00:00, run_after=2021-01-01T00:00:00+00:00
[2025-08-14T11:22:52.657+0000] {processor.py:179} INFO - Processing /home/vscode/.local/lib/python3.10/site-packages/airflow/example_dags/example_trigger_controller_dag.py took 0.049 seconds
[2025-08-14T11:23:41.212+0000] {processor.py:157} INFO - Started process (PID=53870) to work on /home/vscode/.local/lib/python3.10/site-packages/airflow/example_dags/example_trigger_controller_dag.py
[2025-08-14T11:23:41.213+0000] {processor.py:826} INFO - Processing file /home/vscode/.local/lib/python3.10/site-packages/airflow/example_dags/example_trigger_controller_dag.py for tasks to queue
[2025-08-14T11:23:41.214+0000] {logging_mixin.py:150} INFO - [2025-08-14T11:23:41.213+0000] {dagbag.py:541} INFO - Filling up the DagBag from /home/vscode/.local/lib/python3.10/site-packages/airflow/example_dags/example_trigger_controller_dag.py
[2025-08-14T11:23:41.217+0000] {processor.py:836} INFO - DAG(s) dict_keys(['example_trigger_controller_dag']) retrieved from /home/vscode/.local/lib/python3.10/site-packages/airflow/example_dags/example_trigger_controller_dag.py
[2025-08-14T11:23:41.229+0000] {logging_mixin.py:150} INFO - [2025-08-14T11:23:41.229+0000] {dag.py:2742} INFO - Sync 1 DAGs
[2025-08-14T11:23:41.243+0000] {logging_mixin.py:150} INFO - [2025-08-14T11:23:41.243+0000] {dag.py:3504} INFO - Setting next_dagrun for example_trigger_controller_dag to 2021-01-01T00:00:00+00:00, run_after=2021-01-01T00:00:00+00:00
[2025-08-14T11:23:41.258+0000] {processor.py:179} INFO - Processing /home/vscode/.local/lib/python3.10/site-packages/airflow/example_dags/example_trigger_controller_dag.py took 0.048 seconds
[2025-08-14T11:24:27.477+0000] {processor.py:157} INFO - Started process (PID=54300) to work on /home/vscode/.local/lib/python3.10/site-packages/airflow/example_dags/example_trigger_controller_dag.py
[2025-08-14T11:24:27.478+0000] {processor.py:826} INFO - Processing file /home/vscode/.local/lib/python3.10/site-packages/airflow/example_dags/example_trigger_controller_dag.py for tasks to queue
[2025-08-14T11:24:27.479+0000] {logging_mixin.py:150} INFO - [2025-08-14T11:24:27.478+0000] {dagbag.py:541} INFO - Filling up the DagBag from /home/vscode/.local/lib/python3.10/site-packages/airflow/example_dags/example_trigger_controller_dag.py
[2025-08-14T11:24:27.482+0000] {processor.py:836} INFO - DAG(s) dict_keys(['example_trigger_controller_dag']) retrieved from /home/vscode/.local/lib/python3.10/site-packages/airflow/example_dags/example_trigger_controller_dag.py
[2025-08-14T11:24:27.494+0000] {logging_mixin.py:150} INFO - [2025-08-14T11:24:27.494+0000] {dag.py:2742} INFO - Sync 1 DAGs
[2025-08-14T11:24:27.508+0000] {logging_mixin.py:150} INFO - [2025-08-14T11:24:27.508+0000] {dag.py:3504} INFO - Setting next_dagrun for example_trigger_controller_dag to 2021-01-01T00:00:00+00:00, run_after=2021-01-01T00:00:00+00:00
[2025-08-14T11:24:27.523+0000] {processor.py:179} INFO - Processing /home/vscode/.local/lib/python3.10/site-packages/airflow/example_dags/example_trigger_controller_dag.py took 0.048 seconds
[2025-08-14T11:25:01.220+0000] {processor.py:157} INFO - Started process (PID=54625) to work on /home/vscode/.local/lib/python3.10/site-packages/airflow/example_dags/example_trigger_controller_dag.py
[2025-08-14T11:25:01.221+0000] {processor.py:826} INFO - Processing file /home/vscode/.local/lib/python3.10/site-packages/airflow/example_dags/example_trigger_controller_dag.py for tasks to queue
[2025-08-14T11:25:01.222+0000] {logging_mixin.py:150} INFO - [2025-08-14T11:25:01.222+0000] {dagbag.py:541} INFO - Filling up the DagBag from /home/vscode/.local/lib/python3.10/site-packages/airflow/example_dags/example_trigger_controller_dag.py
[2025-08-14T11:25:01.226+0000] {processor.py:836} INFO - DAG(s) dict_keys(['example_trigger_controller_dag']) retrieved from /home/vscode/.local/lib/python3.10/site-packages/airflow/example_dags/example_trigger_controller_dag.py
[2025-08-14T11:25:01.238+0000] {logging_mixin.py:150} INFO - [2025-08-14T11:25:01.238+0000] {dag.py:2742} INFO - Sync 1 DAGs
[2025-08-14T11:25:01.252+0000] {logging_mixin.py:150} INFO - [2025-08-14T11:25:01.252+0000] {dag.py:3504} INFO - Setting next_dagrun for example_trigger_controller_dag to 2021-01-01T00:00:00+00:00, run_after=2021-01-01T00:00:00+00:00
[2025-08-14T11:25:01.268+0000] {processor.py:179} INFO - Processing /home/vscode/.local/lib/python3.10/site-packages/airflow/example_dags/example_trigger_controller_dag.py took 0.050 seconds
[2025-08-14T11:25:37.299+0000] {processor.py:157} INFO - Started process (PID=54967) to work on /home/vscode/.local/lib/python3.10/site-packages/airflow/example_dags/example_trigger_controller_dag.py
[2025-08-14T11:25:37.299+0000] {processor.py:826} INFO - Processing file /home/vscode/.local/lib/python3.10/site-packages/airflow/example_dags/example_trigger_controller_dag.py for tasks to queue
[2025-08-14T11:25:37.300+0000] {logging_mixin.py:150} INFO - [2025-08-14T11:25:37.300+0000] {dagbag.py:541} INFO - Filling up the DagBag from /home/vscode/.local/lib/python3.10/site-packages/airflow/example_dags/example_trigger_controller_dag.py
[2025-08-14T11:25:37.304+0000] {processor.py:836} INFO - DAG(s) dict_keys(['example_trigger_controller_dag']) retrieved from /home/vscode/.local/lib/python3.10/site-packages/airflow/example_dags/example_trigger_controller_dag.py
[2025-08-14T11:25:37.315+0000] {logging_mixin.py:150} INFO - [2025-08-14T11:25:37.315+0000] {dag.py:2742} INFO - Sync 1 DAGs
[2025-08-14T11:25:37.329+0000] {logging_mixin.py:150} INFO - [2025-08-14T11:25:37.329+0000] {dag.py:3504} INFO - Setting next_dagrun for example_trigger_controller_dag to 2021-01-01T00:00:00+00:00, run_after=2021-01-01T00:00:00+00:00
[2025-08-14T11:25:37.345+0000] {processor.py:179} INFO - Processing /home/vscode/.local/lib/python3.10/site-packages/airflow/example_dags/example_trigger_controller_dag.py took 0.049 seconds
[2025-08-14T11:26:24.472+0000] {processor.py:157} INFO - Started process (PID=55424) to work on /home/vscode/.local/lib/python3.10/site-packages/airflow/example_dags/example_trigger_controller_dag.py
[2025-08-14T11:26:24.473+0000] {processor.py:826} INFO - Processing file /home/vscode/.local/lib/python3.10/site-packages/airflow/example_dags/example_trigger_controller_dag.py for tasks to queue
[2025-08-14T11:26:24.473+0000] {logging_mixin.py:150} INFO - [2025-08-14T11:26:24.473+0000] {dagbag.py:541} INFO - Filling up the DagBag from /home/vscode/.local/lib/python3.10/site-packages/airflow/example_dags/example_trigger_controller_dag.py
[2025-08-14T11:26:24.477+0000] {processor.py:836} INFO - DAG(s) dict_keys(['example_trigger_controller_dag']) retrieved from /home/vscode/.local/lib/python3.10/site-packages/airflow/example_dags/example_trigger_controller_dag.py
[2025-08-14T11:26:24.488+0000] {logging_mixin.py:150} INFO - [2025-08-14T11:26:24.488+0000] {dag.py:2742} INFO - Sync 1 DAGs
[2025-08-14T11:26:24.502+0000] {logging_mixin.py:150} INFO - [2025-08-14T11:26:24.502+0000] {dag.py:3504} INFO - Setting next_dagrun for example_trigger_controller_dag to 2021-01-01T00:00:00+00:00, run_after=2021-01-01T00:00:00+00:00
[2025-08-14T11:26:24.517+0000] {processor.py:179} INFO - Processing /home/vscode/.local/lib/python3.10/site-packages/airflow/example_dags/example_trigger_controller_dag.py took 0.047 seconds
