[2025-08-14T09:39:24.489+0000] {processor.py:157} INFO - Started process (PID=3628) to work on /home/vscode/.local/lib/python3.10/site-packages/airflow/example_dags/example_task_group_decorator.py
[2025-08-14T09:39:24.490+0000] {processor.py:826} INFO - Processing file /home/vscode/.local/lib/python3.10/site-packages/airflow/example_dags/example_task_group_decorator.py for tasks to queue
[2025-08-14T09:39:24.491+0000] {logging_mixin.py:150} INFO - [2025-08-14T09:39:24.490+0000] {dagbag.py:541} INFO - Filling up the DagBag from /home/vscode/.local/lib/python3.10/site-packages/airflow/example_dags/example_task_group_decorator.py
[2025-08-14T09:39:24.502+0000] {processor.py:836} INFO - DAG(s) dict_keys(['example_task_group_decorator']) retrieved from /home/vscode/.local/lib/python3.10/site-packages/airflow/example_dags/example_task_group_decorator.py
[2025-08-14T09:39:24.584+0000] {logging_mixin.py:150} INFO - [2025-08-14T09:39:24.583+0000] {manager.py:504} INFO - Created Permission View: can edit on DAG:example_task_group_decorator
[2025-08-14T09:39:24.592+0000] {logging_mixin.py:150} INFO - [2025-08-14T09:39:24.592+0000] {manager.py:504} INFO - Created Permission View: can read on DAG:example_task_group_decorator
[2025-08-14T09:39:24.599+0000] {logging_mixin.py:150} INFO - [2025-08-14T09:39:24.599+0000] {manager.py:504} INFO - Created Permission View: can delete on DAG:example_task_group_decorator
[2025-08-14T09:39:24.608+0000] {logging_mixin.py:150} INFO - [2025-08-14T09:39:24.608+0000] {dag.py:2742} INFO - Sync 1 DAGs
[2025-08-14T09:39:24.616+0000] {logging_mixin.py:150} INFO - [2025-08-14T09:39:24.615+0000] {dag.py:2763} INFO - Creating ORM DAG for example_task_group_decorator
[2025-08-14T09:39:24.622+0000] {logging_mixin.py:150} INFO - [2025-08-14T09:39:24.622+0000] {dag.py:3504} INFO - Setting next_dagrun for example_task_group_decorator to 2025-08-13T09:39:24.622481+00:00, run_after=2025-08-14T09:39:24.622481+00:00
[2025-08-14T09:39:24.639+0000] {processor.py:179} INFO - Processing /home/vscode/.local/lib/python3.10/site-packages/airflow/example_dags/example_task_group_decorator.py took 0.152 seconds
[2025-08-14T09:40:12.402+0000] {processor.py:157} INFO - Started process (PID=3952) to work on /home/vscode/.local/lib/python3.10/site-packages/airflow/example_dags/example_task_group_decorator.py
[2025-08-14T09:40:12.402+0000] {processor.py:826} INFO - Processing file /home/vscode/.local/lib/python3.10/site-packages/airflow/example_dags/example_task_group_decorator.py for tasks to queue
[2025-08-14T09:40:12.403+0000] {logging_mixin.py:150} INFO - [2025-08-14T09:40:12.403+0000] {dagbag.py:541} INFO - Filling up the DagBag from /home/vscode/.local/lib/python3.10/site-packages/airflow/example_dags/example_task_group_decorator.py
[2025-08-14T09:40:12.414+0000] {processor.py:836} INFO - DAG(s) dict_keys(['example_task_group_decorator']) retrieved from /home/vscode/.local/lib/python3.10/site-packages/airflow/example_dags/example_task_group_decorator.py
[2025-08-14T09:40:12.429+0000] {logging_mixin.py:150} INFO - [2025-08-14T09:40:12.428+0000] {dag.py:2742} INFO - Sync 1 DAGs
[2025-08-14T09:40:12.443+0000] {logging_mixin.py:150} INFO - [2025-08-14T09:40:12.442+0000] {dag.py:3504} INFO - Setting next_dagrun for example_task_group_decorator to 2025-08-13T09:40:12.442736+00:00, run_after=2025-08-14T09:40:12.442736+00:00
[2025-08-14T09:40:12.458+0000] {processor.py:179} INFO - Processing /home/vscode/.local/lib/python3.10/site-packages/airflow/example_dags/example_task_group_decorator.py took 0.059 seconds
[2025-08-14T09:40:56.275+0000] {processor.py:157} INFO - Started process (PID=4245) to work on /home/vscode/.local/lib/python3.10/site-packages/airflow/example_dags/example_task_group_decorator.py
[2025-08-14T09:40:56.276+0000] {processor.py:826} INFO - Processing file /home/vscode/.local/lib/python3.10/site-packages/airflow/example_dags/example_task_group_decorator.py for tasks to queue
[2025-08-14T09:40:56.276+0000] {logging_mixin.py:150} INFO - [2025-08-14T09:40:56.276+0000] {dagbag.py:541} INFO - Filling up the DagBag from /home/vscode/.local/lib/python3.10/site-packages/airflow/example_dags/example_task_group_decorator.py
[2025-08-14T09:40:56.287+0000] {processor.py:836} INFO - DAG(s) dict_keys(['example_task_group_decorator']) retrieved from /home/vscode/.local/lib/python3.10/site-packages/airflow/example_dags/example_task_group_decorator.py
[2025-08-14T09:40:56.301+0000] {logging_mixin.py:150} INFO - [2025-08-14T09:40:56.301+0000] {dag.py:2742} INFO - Sync 1 DAGs
[2025-08-14T09:40:56.315+0000] {logging_mixin.py:150} INFO - [2025-08-14T09:40:56.315+0000] {dag.py:3504} INFO - Setting next_dagrun for example_task_group_decorator to 2025-08-13T09:40:56.314878+00:00, run_after=2025-08-14T09:40:56.314878+00:00
[2025-08-14T09:40:56.330+0000] {processor.py:179} INFO - Processing /home/vscode/.local/lib/python3.10/site-packages/airflow/example_dags/example_task_group_decorator.py took 0.057 seconds
[2025-08-14T09:41:40.767+0000] {processor.py:157} INFO - Started process (PID=4578) to work on /home/vscode/.local/lib/python3.10/site-packages/airflow/example_dags/example_task_group_decorator.py
[2025-08-14T09:41:40.768+0000] {processor.py:826} INFO - Processing file /home/vscode/.local/lib/python3.10/site-packages/airflow/example_dags/example_task_group_decorator.py for tasks to queue
[2025-08-14T09:41:40.769+0000] {logging_mixin.py:150} INFO - [2025-08-14T09:41:40.768+0000] {dagbag.py:541} INFO - Filling up the DagBag from /home/vscode/.local/lib/python3.10/site-packages/airflow/example_dags/example_task_group_decorator.py
[2025-08-14T09:41:40.780+0000] {processor.py:836} INFO - DAG(s) dict_keys(['example_task_group_decorator']) retrieved from /home/vscode/.local/lib/python3.10/site-packages/airflow/example_dags/example_task_group_decorator.py
[2025-08-14T09:41:40.793+0000] {logging_mixin.py:150} INFO - [2025-08-14T09:41:40.793+0000] {dag.py:2742} INFO - Sync 1 DAGs
[2025-08-14T09:41:40.808+0000] {logging_mixin.py:150} INFO - [2025-08-14T09:41:40.808+0000] {dag.py:3504} INFO - Setting next_dagrun for example_task_group_decorator to 2025-08-13T09:41:40.808533+00:00, run_after=2025-08-14T09:41:40.808533+00:00
[2025-08-14T09:41:40.829+0000] {processor.py:179} INFO - Processing /home/vscode/.local/lib/python3.10/site-packages/airflow/example_dags/example_task_group_decorator.py took 0.064 seconds
[2025-08-14T09:42:23.657+0000] {processor.py:157} INFO - Started process (PID=4898) to work on /home/vscode/.local/lib/python3.10/site-packages/airflow/example_dags/example_task_group_decorator.py
[2025-08-14T09:42:23.658+0000] {processor.py:826} INFO - Processing file /home/vscode/.local/lib/python3.10/site-packages/airflow/example_dags/example_task_group_decorator.py for tasks to queue
[2025-08-14T09:42:23.658+0000] {logging_mixin.py:150} INFO - [2025-08-14T09:42:23.658+0000] {dagbag.py:541} INFO - Filling up the DagBag from /home/vscode/.local/lib/python3.10/site-packages/airflow/example_dags/example_task_group_decorator.py
[2025-08-14T09:42:23.670+0000] {processor.py:836} INFO - DAG(s) dict_keys(['example_task_group_decorator']) retrieved from /home/vscode/.local/lib/python3.10/site-packages/airflow/example_dags/example_task_group_decorator.py
[2025-08-14T09:42:23.684+0000] {logging_mixin.py:150} INFO - [2025-08-14T09:42:23.684+0000] {dag.py:2742} INFO - Sync 1 DAGs
[2025-08-14T09:42:23.697+0000] {logging_mixin.py:150} INFO - [2025-08-14T09:42:23.697+0000] {dag.py:3504} INFO - Setting next_dagrun for example_task_group_decorator to 2025-08-13T09:42:23.697556+00:00, run_after=2025-08-14T09:42:23.697556+00:00
[2025-08-14T09:42:23.713+0000] {processor.py:179} INFO - Processing /home/vscode/.local/lib/python3.10/site-packages/airflow/example_dags/example_task_group_decorator.py took 0.058 seconds
[2025-08-14T09:43:08.566+0000] {processor.py:157} INFO - Started process (PID=5204) to work on /home/vscode/.local/lib/python3.10/site-packages/airflow/example_dags/example_task_group_decorator.py
[2025-08-14T09:43:08.567+0000] {processor.py:826} INFO - Processing file /home/vscode/.local/lib/python3.10/site-packages/airflow/example_dags/example_task_group_decorator.py for tasks to queue
[2025-08-14T09:43:08.567+0000] {logging_mixin.py:150} INFO - [2025-08-14T09:43:08.567+0000] {dagbag.py:541} INFO - Filling up the DagBag from /home/vscode/.local/lib/python3.10/site-packages/airflow/example_dags/example_task_group_decorator.py
[2025-08-14T09:43:08.582+0000] {processor.py:836} INFO - DAG(s) dict_keys(['example_task_group_decorator']) retrieved from /home/vscode/.local/lib/python3.10/site-packages/airflow/example_dags/example_task_group_decorator.py
[2025-08-14T09:43:08.607+0000] {logging_mixin.py:150} INFO - [2025-08-14T09:43:08.606+0000] {dag.py:2742} INFO - Sync 1 DAGs
[2025-08-14T09:43:08.629+0000] {logging_mixin.py:150} INFO - [2025-08-14T09:43:08.629+0000] {dag.py:3504} INFO - Setting next_dagrun for example_task_group_decorator to 2025-08-13T09:43:08.629102+00:00, run_after=2025-08-14T09:43:08.629102+00:00
[2025-08-14T09:43:08.646+0000] {processor.py:179} INFO - Processing /home/vscode/.local/lib/python3.10/site-packages/airflow/example_dags/example_task_group_decorator.py took 0.082 seconds
[2025-08-14T09:43:55.257+0000] {processor.py:157} INFO - Started process (PID=5551) to work on /home/vscode/.local/lib/python3.10/site-packages/airflow/example_dags/example_task_group_decorator.py
[2025-08-14T09:43:55.258+0000] {processor.py:826} INFO - Processing file /home/vscode/.local/lib/python3.10/site-packages/airflow/example_dags/example_task_group_decorator.py for tasks to queue
[2025-08-14T09:43:55.259+0000] {logging_mixin.py:150} INFO - [2025-08-14T09:43:55.258+0000] {dagbag.py:541} INFO - Filling up the DagBag from /home/vscode/.local/lib/python3.10/site-packages/airflow/example_dags/example_task_group_decorator.py
[2025-08-14T09:43:55.270+0000] {processor.py:836} INFO - DAG(s) dict_keys(['example_task_group_decorator']) retrieved from /home/vscode/.local/lib/python3.10/site-packages/airflow/example_dags/example_task_group_decorator.py
[2025-08-14T09:43:55.285+0000] {logging_mixin.py:150} INFO - [2025-08-14T09:43:55.285+0000] {dag.py:2742} INFO - Sync 1 DAGs
[2025-08-14T09:43:55.300+0000] {logging_mixin.py:150} INFO - [2025-08-14T09:43:55.300+0000] {dag.py:3504} INFO - Setting next_dagrun for example_task_group_decorator to 2025-08-13T09:43:55.299957+00:00, run_after=2025-08-14T09:43:55.299957+00:00
[2025-08-14T09:43:55.316+0000] {processor.py:179} INFO - Processing /home/vscode/.local/lib/python3.10/site-packages/airflow/example_dags/example_task_group_decorator.py took 0.062 seconds
[2025-08-14T09:44:36.272+0000] {processor.py:157} INFO - Started process (PID=5862) to work on /home/vscode/.local/lib/python3.10/site-packages/airflow/example_dags/example_task_group_decorator.py
[2025-08-14T09:44:36.273+0000] {processor.py:826} INFO - Processing file /home/vscode/.local/lib/python3.10/site-packages/airflow/example_dags/example_task_group_decorator.py for tasks to queue
[2025-08-14T09:44:36.274+0000] {logging_mixin.py:150} INFO - [2025-08-14T09:44:36.273+0000] {dagbag.py:541} INFO - Filling up the DagBag from /home/vscode/.local/lib/python3.10/site-packages/airflow/example_dags/example_task_group_decorator.py
[2025-08-14T09:44:36.285+0000] {processor.py:836} INFO - DAG(s) dict_keys(['example_task_group_decorator']) retrieved from /home/vscode/.local/lib/python3.10/site-packages/airflow/example_dags/example_task_group_decorator.py
[2025-08-14T09:44:36.299+0000] {logging_mixin.py:150} INFO - [2025-08-14T09:44:36.298+0000] {dag.py:2742} INFO - Sync 1 DAGs
[2025-08-14T09:44:36.314+0000] {logging_mixin.py:150} INFO - [2025-08-14T09:44:36.314+0000] {dag.py:3504} INFO - Setting next_dagrun for example_task_group_decorator to 2025-08-13T09:44:36.314059+00:00, run_after=2025-08-14T09:44:36.314059+00:00
[2025-08-14T09:44:36.331+0000] {processor.py:179} INFO - Processing /home/vscode/.local/lib/python3.10/site-packages/airflow/example_dags/example_task_group_decorator.py took 0.061 seconds
[2025-08-14T09:45:19.679+0000] {processor.py:157} INFO - Started process (PID=6182) to work on /home/vscode/.local/lib/python3.10/site-packages/airflow/example_dags/example_task_group_decorator.py
[2025-08-14T09:45:19.679+0000] {processor.py:826} INFO - Processing file /home/vscode/.local/lib/python3.10/site-packages/airflow/example_dags/example_task_group_decorator.py for tasks to queue
[2025-08-14T09:45:19.680+0000] {logging_mixin.py:150} INFO - [2025-08-14T09:45:19.680+0000] {dagbag.py:541} INFO - Filling up the DagBag from /home/vscode/.local/lib/python3.10/site-packages/airflow/example_dags/example_task_group_decorator.py
[2025-08-14T09:45:19.691+0000] {processor.py:836} INFO - DAG(s) dict_keys(['example_task_group_decorator']) retrieved from /home/vscode/.local/lib/python3.10/site-packages/airflow/example_dags/example_task_group_decorator.py
[2025-08-14T09:45:19.705+0000] {logging_mixin.py:150} INFO - [2025-08-14T09:45:19.704+0000] {dag.py:2742} INFO - Sync 1 DAGs
[2025-08-14T09:45:19.718+0000] {logging_mixin.py:150} INFO - [2025-08-14T09:45:19.718+0000] {dag.py:3504} INFO - Setting next_dagrun for example_task_group_decorator to 2025-08-13T09:45:19.718414+00:00, run_after=2025-08-14T09:45:19.718414+00:00
[2025-08-14T09:45:19.735+0000] {processor.py:179} INFO - Processing /home/vscode/.local/lib/python3.10/site-packages/airflow/example_dags/example_task_group_decorator.py took 0.059 seconds
[2025-08-14T09:46:04.772+0000] {processor.py:157} INFO - Started process (PID=6483) to work on /home/vscode/.local/lib/python3.10/site-packages/airflow/example_dags/example_task_group_decorator.py
[2025-08-14T09:46:04.773+0000] {processor.py:826} INFO - Processing file /home/vscode/.local/lib/python3.10/site-packages/airflow/example_dags/example_task_group_decorator.py for tasks to queue
[2025-08-14T09:46:04.773+0000] {logging_mixin.py:150} INFO - [2025-08-14T09:46:04.773+0000] {dagbag.py:541} INFO - Filling up the DagBag from /home/vscode/.local/lib/python3.10/site-packages/airflow/example_dags/example_task_group_decorator.py
[2025-08-14T09:46:04.784+0000] {processor.py:836} INFO - DAG(s) dict_keys(['example_task_group_decorator']) retrieved from /home/vscode/.local/lib/python3.10/site-packages/airflow/example_dags/example_task_group_decorator.py
[2025-08-14T09:46:04.798+0000] {logging_mixin.py:150} INFO - [2025-08-14T09:46:04.798+0000] {dag.py:2742} INFO - Sync 1 DAGs
[2025-08-14T09:46:04.812+0000] {logging_mixin.py:150} INFO - [2025-08-14T09:46:04.812+0000] {dag.py:3504} INFO - Setting next_dagrun for example_task_group_decorator to 2025-08-13T09:46:04.812309+00:00, run_after=2025-08-14T09:46:04.812309+00:00
[2025-08-14T09:46:04.828+0000] {processor.py:179} INFO - Processing /home/vscode/.local/lib/python3.10/site-packages/airflow/example_dags/example_task_group_decorator.py took 0.058 seconds
[2025-08-14T09:46:49.910+0000] {processor.py:157} INFO - Started process (PID=6783) to work on /home/vscode/.local/lib/python3.10/site-packages/airflow/example_dags/example_task_group_decorator.py
[2025-08-14T09:46:49.911+0000] {processor.py:826} INFO - Processing file /home/vscode/.local/lib/python3.10/site-packages/airflow/example_dags/example_task_group_decorator.py for tasks to queue
[2025-08-14T09:46:49.912+0000] {logging_mixin.py:150} INFO - [2025-08-14T09:46:49.911+0000] {dagbag.py:541} INFO - Filling up the DagBag from /home/vscode/.local/lib/python3.10/site-packages/airflow/example_dags/example_task_group_decorator.py
[2025-08-14T09:46:49.923+0000] {processor.py:836} INFO - DAG(s) dict_keys(['example_task_group_decorator']) retrieved from /home/vscode/.local/lib/python3.10/site-packages/airflow/example_dags/example_task_group_decorator.py
[2025-08-14T09:46:49.937+0000] {logging_mixin.py:150} INFO - [2025-08-14T09:46:49.937+0000] {dag.py:2742} INFO - Sync 1 DAGs
[2025-08-14T09:46:49.952+0000] {logging_mixin.py:150} INFO - [2025-08-14T09:46:49.952+0000] {dag.py:3504} INFO - Setting next_dagrun for example_task_group_decorator to 2025-08-13T09:46:49.952050+00:00, run_after=2025-08-14T09:46:49.952050+00:00
[2025-08-14T09:46:49.967+0000] {processor.py:179} INFO - Processing /home/vscode/.local/lib/python3.10/site-packages/airflow/example_dags/example_task_group_decorator.py took 0.058 seconds
[2025-08-14T09:47:36.221+0000] {processor.py:157} INFO - Started process (PID=7101) to work on /home/vscode/.local/lib/python3.10/site-packages/airflow/example_dags/example_task_group_decorator.py
[2025-08-14T09:47:36.221+0000] {processor.py:826} INFO - Processing file /home/vscode/.local/lib/python3.10/site-packages/airflow/example_dags/example_task_group_decorator.py for tasks to queue
[2025-08-14T09:47:36.222+0000] {logging_mixin.py:150} INFO - [2025-08-14T09:47:36.222+0000] {dagbag.py:541} INFO - Filling up the DagBag from /home/vscode/.local/lib/python3.10/site-packages/airflow/example_dags/example_task_group_decorator.py
[2025-08-14T09:47:36.233+0000] {processor.py:836} INFO - DAG(s) dict_keys(['example_task_group_decorator']) retrieved from /home/vscode/.local/lib/python3.10/site-packages/airflow/example_dags/example_task_group_decorator.py
[2025-08-14T09:47:36.246+0000] {logging_mixin.py:150} INFO - [2025-08-14T09:47:36.246+0000] {dag.py:2742} INFO - Sync 1 DAGs
[2025-08-14T09:47:36.260+0000] {logging_mixin.py:150} INFO - [2025-08-14T09:47:36.260+0000] {dag.py:3504} INFO - Setting next_dagrun for example_task_group_decorator to 2025-08-13T09:47:36.260364+00:00, run_after=2025-08-14T09:47:36.260364+00:00
[2025-08-14T09:47:36.276+0000] {processor.py:179} INFO - Processing /home/vscode/.local/lib/python3.10/site-packages/airflow/example_dags/example_task_group_decorator.py took 0.057 seconds
[2025-08-14T09:48:23.664+0000] {processor.py:157} INFO - Started process (PID=7450) to work on /home/vscode/.local/lib/python3.10/site-packages/airflow/example_dags/example_task_group_decorator.py
[2025-08-14T09:48:23.664+0000] {processor.py:826} INFO - Processing file /home/vscode/.local/lib/python3.10/site-packages/airflow/example_dags/example_task_group_decorator.py for tasks to queue
[2025-08-14T09:48:23.665+0000] {logging_mixin.py:150} INFO - [2025-08-14T09:48:23.665+0000] {dagbag.py:541} INFO - Filling up the DagBag from /home/vscode/.local/lib/python3.10/site-packages/airflow/example_dags/example_task_group_decorator.py
[2025-08-14T09:48:23.677+0000] {processor.py:836} INFO - DAG(s) dict_keys(['example_task_group_decorator']) retrieved from /home/vscode/.local/lib/python3.10/site-packages/airflow/example_dags/example_task_group_decorator.py
[2025-08-14T09:48:23.691+0000] {logging_mixin.py:150} INFO - [2025-08-14T09:48:23.691+0000] {dag.py:2742} INFO - Sync 1 DAGs
[2025-08-14T09:48:23.705+0000] {logging_mixin.py:150} INFO - [2025-08-14T09:48:23.705+0000] {dag.py:3504} INFO - Setting next_dagrun for example_task_group_decorator to 2025-08-13T09:48:23.705717+00:00, run_after=2025-08-14T09:48:23.705717+00:00
[2025-08-14T09:48:23.721+0000] {processor.py:179} INFO - Processing /home/vscode/.local/lib/python3.10/site-packages/airflow/example_dags/example_task_group_decorator.py took 0.059 seconds
[2025-08-14T09:49:09.757+0000] {processor.py:157} INFO - Started process (PID=7791) to work on /home/vscode/.local/lib/python3.10/site-packages/airflow/example_dags/example_task_group_decorator.py
[2025-08-14T09:49:09.758+0000] {processor.py:826} INFO - Processing file /home/vscode/.local/lib/python3.10/site-packages/airflow/example_dags/example_task_group_decorator.py for tasks to queue
[2025-08-14T09:49:09.758+0000] {logging_mixin.py:150} INFO - [2025-08-14T09:49:09.758+0000] {dagbag.py:541} INFO - Filling up the DagBag from /home/vscode/.local/lib/python3.10/site-packages/airflow/example_dags/example_task_group_decorator.py
[2025-08-14T09:49:09.770+0000] {processor.py:836} INFO - DAG(s) dict_keys(['example_task_group_decorator']) retrieved from /home/vscode/.local/lib/python3.10/site-packages/airflow/example_dags/example_task_group_decorator.py
[2025-08-14T09:49:09.784+0000] {logging_mixin.py:150} INFO - [2025-08-14T09:49:09.784+0000] {dag.py:2742} INFO - Sync 1 DAGs
[2025-08-14T09:49:09.799+0000] {logging_mixin.py:150} INFO - [2025-08-14T09:49:09.799+0000] {dag.py:3504} INFO - Setting next_dagrun for example_task_group_decorator to 2025-08-13T09:49:09.799135+00:00, run_after=2025-08-14T09:49:09.799135+00:00
[2025-08-14T09:49:09.814+0000] {processor.py:179} INFO - Processing /home/vscode/.local/lib/python3.10/site-packages/airflow/example_dags/example_task_group_decorator.py took 0.064 seconds
[2025-08-14T09:49:55.987+0000] {processor.py:157} INFO - Started process (PID=8136) to work on /home/vscode/.local/lib/python3.10/site-packages/airflow/example_dags/example_task_group_decorator.py
[2025-08-14T09:49:55.987+0000] {processor.py:826} INFO - Processing file /home/vscode/.local/lib/python3.10/site-packages/airflow/example_dags/example_task_group_decorator.py for tasks to queue
[2025-08-14T09:49:55.988+0000] {logging_mixin.py:150} INFO - [2025-08-14T09:49:55.988+0000] {dagbag.py:541} INFO - Filling up the DagBag from /home/vscode/.local/lib/python3.10/site-packages/airflow/example_dags/example_task_group_decorator.py
[2025-08-14T09:49:55.999+0000] {processor.py:836} INFO - DAG(s) dict_keys(['example_task_group_decorator']) retrieved from /home/vscode/.local/lib/python3.10/site-packages/airflow/example_dags/example_task_group_decorator.py
[2025-08-14T09:49:56.013+0000] {logging_mixin.py:150} INFO - [2025-08-14T09:49:56.013+0000] {dag.py:2742} INFO - Sync 1 DAGs
[2025-08-14T09:49:56.026+0000] {logging_mixin.py:150} INFO - [2025-08-14T09:49:56.026+0000] {dag.py:3504} INFO - Setting next_dagrun for example_task_group_decorator to 2025-08-13T09:49:56.026511+00:00, run_after=2025-08-14T09:49:56.026511+00:00
[2025-08-14T09:49:56.042+0000] {processor.py:179} INFO - Processing /home/vscode/.local/lib/python3.10/site-packages/airflow/example_dags/example_task_group_decorator.py took 0.058 seconds
[2025-08-14T09:50:40.479+0000] {processor.py:157} INFO - Started process (PID=8467) to work on /home/vscode/.local/lib/python3.10/site-packages/airflow/example_dags/example_task_group_decorator.py
[2025-08-14T09:50:40.480+0000] {processor.py:826} INFO - Processing file /home/vscode/.local/lib/python3.10/site-packages/airflow/example_dags/example_task_group_decorator.py for tasks to queue
[2025-08-14T09:50:40.481+0000] {logging_mixin.py:150} INFO - [2025-08-14T09:50:40.480+0000] {dagbag.py:541} INFO - Filling up the DagBag from /home/vscode/.local/lib/python3.10/site-packages/airflow/example_dags/example_task_group_decorator.py
[2025-08-14T09:50:40.491+0000] {processor.py:836} INFO - DAG(s) dict_keys(['example_task_group_decorator']) retrieved from /home/vscode/.local/lib/python3.10/site-packages/airflow/example_dags/example_task_group_decorator.py
[2025-08-14T09:50:40.505+0000] {logging_mixin.py:150} INFO - [2025-08-14T09:50:40.505+0000] {dag.py:2742} INFO - Sync 1 DAGs
[2025-08-14T09:50:40.519+0000] {logging_mixin.py:150} INFO - [2025-08-14T09:50:40.519+0000] {dag.py:3504} INFO - Setting next_dagrun for example_task_group_decorator to 2025-08-13T09:50:40.519150+00:00, run_after=2025-08-14T09:50:40.519150+00:00
[2025-08-14T09:50:40.534+0000] {processor.py:179} INFO - Processing /home/vscode/.local/lib/python3.10/site-packages/airflow/example_dags/example_task_group_decorator.py took 0.057 seconds
[2025-08-14T09:51:23.300+0000] {processor.py:157} INFO - Started process (PID=8791) to work on /home/vscode/.local/lib/python3.10/site-packages/airflow/example_dags/example_task_group_decorator.py
[2025-08-14T09:51:23.301+0000] {processor.py:826} INFO - Processing file /home/vscode/.local/lib/python3.10/site-packages/airflow/example_dags/example_task_group_decorator.py for tasks to queue
[2025-08-14T09:51:23.302+0000] {logging_mixin.py:150} INFO - [2025-08-14T09:51:23.301+0000] {dagbag.py:541} INFO - Filling up the DagBag from /home/vscode/.local/lib/python3.10/site-packages/airflow/example_dags/example_task_group_decorator.py
[2025-08-14T09:51:23.315+0000] {processor.py:836} INFO - DAG(s) dict_keys(['example_task_group_decorator']) retrieved from /home/vscode/.local/lib/python3.10/site-packages/airflow/example_dags/example_task_group_decorator.py
[2025-08-14T09:51:23.329+0000] {logging_mixin.py:150} INFO - [2025-08-14T09:51:23.329+0000] {dag.py:2742} INFO - Sync 1 DAGs
[2025-08-14T09:51:23.343+0000] {logging_mixin.py:150} INFO - [2025-08-14T09:51:23.343+0000] {dag.py:3504} INFO - Setting next_dagrun for example_task_group_decorator to 2025-08-13T09:51:23.342938+00:00, run_after=2025-08-14T09:51:23.342938+00:00
[2025-08-14T09:51:23.359+0000] {processor.py:179} INFO - Processing /home/vscode/.local/lib/python3.10/site-packages/airflow/example_dags/example_task_group_decorator.py took 0.061 seconds
[2025-08-14T09:52:12.168+0000] {processor.py:157} INFO - Started process (PID=9120) to work on /home/vscode/.local/lib/python3.10/site-packages/airflow/example_dags/example_task_group_decorator.py
[2025-08-14T09:52:12.169+0000] {processor.py:826} INFO - Processing file /home/vscode/.local/lib/python3.10/site-packages/airflow/example_dags/example_task_group_decorator.py for tasks to queue
[2025-08-14T09:52:12.169+0000] {logging_mixin.py:150} INFO - [2025-08-14T09:52:12.169+0000] {dagbag.py:541} INFO - Filling up the DagBag from /home/vscode/.local/lib/python3.10/site-packages/airflow/example_dags/example_task_group_decorator.py
[2025-08-14T09:52:12.181+0000] {processor.py:836} INFO - DAG(s) dict_keys(['example_task_group_decorator']) retrieved from /home/vscode/.local/lib/python3.10/site-packages/airflow/example_dags/example_task_group_decorator.py
[2025-08-14T09:52:12.194+0000] {logging_mixin.py:150} INFO - [2025-08-14T09:52:12.194+0000] {dag.py:2742} INFO - Sync 1 DAGs
[2025-08-14T09:52:12.208+0000] {logging_mixin.py:150} INFO - [2025-08-14T09:52:12.208+0000] {dag.py:3504} INFO - Setting next_dagrun for example_task_group_decorator to 2025-08-13T09:52:12.208588+00:00, run_after=2025-08-14T09:52:12.208588+00:00
[2025-08-14T09:52:12.224+0000] {processor.py:179} INFO - Processing /home/vscode/.local/lib/python3.10/site-packages/airflow/example_dags/example_task_group_decorator.py took 0.058 seconds
[2025-08-14T09:52:59.530+0000] {processor.py:157} INFO - Started process (PID=9432) to work on /home/vscode/.local/lib/python3.10/site-packages/airflow/example_dags/example_task_group_decorator.py
[2025-08-14T09:52:59.530+0000] {processor.py:826} INFO - Processing file /home/vscode/.local/lib/python3.10/site-packages/airflow/example_dags/example_task_group_decorator.py for tasks to queue
[2025-08-14T09:52:59.531+0000] {logging_mixin.py:150} INFO - [2025-08-14T09:52:59.530+0000] {dagbag.py:541} INFO - Filling up the DagBag from /home/vscode/.local/lib/python3.10/site-packages/airflow/example_dags/example_task_group_decorator.py
[2025-08-14T09:52:59.542+0000] {processor.py:836} INFO - DAG(s) dict_keys(['example_task_group_decorator']) retrieved from /home/vscode/.local/lib/python3.10/site-packages/airflow/example_dags/example_task_group_decorator.py
[2025-08-14T09:52:59.556+0000] {logging_mixin.py:150} INFO - [2025-08-14T09:52:59.556+0000] {dag.py:2742} INFO - Sync 1 DAGs
[2025-08-14T09:52:59.569+0000] {logging_mixin.py:150} INFO - [2025-08-14T09:52:59.569+0000] {dag.py:3504} INFO - Setting next_dagrun for example_task_group_decorator to 2025-08-13T09:52:59.569708+00:00, run_after=2025-08-14T09:52:59.569708+00:00
[2025-08-14T09:52:59.590+0000] {processor.py:179} INFO - Processing /home/vscode/.local/lib/python3.10/site-packages/airflow/example_dags/example_task_group_decorator.py took 0.063 seconds
[2025-08-14T09:53:48.005+0000] {processor.py:157} INFO - Started process (PID=9753) to work on /home/vscode/.local/lib/python3.10/site-packages/airflow/example_dags/example_task_group_decorator.py
[2025-08-14T09:53:48.005+0000] {processor.py:826} INFO - Processing file /home/vscode/.local/lib/python3.10/site-packages/airflow/example_dags/example_task_group_decorator.py for tasks to queue
[2025-08-14T09:53:48.006+0000] {logging_mixin.py:150} INFO - [2025-08-14T09:53:48.006+0000] {dagbag.py:541} INFO - Filling up the DagBag from /home/vscode/.local/lib/python3.10/site-packages/airflow/example_dags/example_task_group_decorator.py
[2025-08-14T09:53:48.023+0000] {processor.py:836} INFO - DAG(s) dict_keys(['example_task_group_decorator']) retrieved from /home/vscode/.local/lib/python3.10/site-packages/airflow/example_dags/example_task_group_decorator.py
[2025-08-14T09:53:48.045+0000] {logging_mixin.py:150} INFO - [2025-08-14T09:53:48.045+0000] {dag.py:2742} INFO - Sync 1 DAGs
[2025-08-14T09:53:48.064+0000] {logging_mixin.py:150} INFO - [2025-08-14T09:53:48.064+0000] {dag.py:3504} INFO - Setting next_dagrun for example_task_group_decorator to 2025-08-13T09:53:48.064539+00:00, run_after=2025-08-14T09:53:48.064539+00:00
[2025-08-14T09:53:48.081+0000] {processor.py:179} INFO - Processing /home/vscode/.local/lib/python3.10/site-packages/airflow/example_dags/example_task_group_decorator.py took 0.079 seconds
[2025-08-14T09:54:31.383+0000] {processor.py:157} INFO - Started process (PID=10047) to work on /home/vscode/.local/lib/python3.10/site-packages/airflow/example_dags/example_task_group_decorator.py
[2025-08-14T09:54:31.383+0000] {processor.py:826} INFO - Processing file /home/vscode/.local/lib/python3.10/site-packages/airflow/example_dags/example_task_group_decorator.py for tasks to queue
[2025-08-14T09:54:31.384+0000] {logging_mixin.py:150} INFO - [2025-08-14T09:54:31.384+0000] {dagbag.py:541} INFO - Filling up the DagBag from /home/vscode/.local/lib/python3.10/site-packages/airflow/example_dags/example_task_group_decorator.py
[2025-08-14T09:54:31.395+0000] {processor.py:836} INFO - DAG(s) dict_keys(['example_task_group_decorator']) retrieved from /home/vscode/.local/lib/python3.10/site-packages/airflow/example_dags/example_task_group_decorator.py
[2025-08-14T09:54:31.414+0000] {logging_mixin.py:150} INFO - [2025-08-14T09:54:31.414+0000] {dag.py:2742} INFO - Sync 1 DAGs
[2025-08-14T09:54:31.429+0000] {logging_mixin.py:150} INFO - [2025-08-14T09:54:31.429+0000] {dag.py:3504} INFO - Setting next_dagrun for example_task_group_decorator to 2025-08-13T09:54:31.429630+00:00, run_after=2025-08-14T09:54:31.429630+00:00
[2025-08-14T09:54:31.445+0000] {processor.py:179} INFO - Processing /home/vscode/.local/lib/python3.10/site-packages/airflow/example_dags/example_task_group_decorator.py took 0.065 seconds
[2025-08-14T09:55:18.230+0000] {processor.py:157} INFO - Started process (PID=10360) to work on /home/vscode/.local/lib/python3.10/site-packages/airflow/example_dags/example_task_group_decorator.py
[2025-08-14T09:55:18.231+0000] {processor.py:826} INFO - Processing file /home/vscode/.local/lib/python3.10/site-packages/airflow/example_dags/example_task_group_decorator.py for tasks to queue
[2025-08-14T09:55:18.232+0000] {logging_mixin.py:150} INFO - [2025-08-14T09:55:18.232+0000] {dagbag.py:541} INFO - Filling up the DagBag from /home/vscode/.local/lib/python3.10/site-packages/airflow/example_dags/example_task_group_decorator.py
[2025-08-14T09:55:18.249+0000] {processor.py:836} INFO - DAG(s) dict_keys(['example_task_group_decorator']) retrieved from /home/vscode/.local/lib/python3.10/site-packages/airflow/example_dags/example_task_group_decorator.py
[2025-08-14T09:55:18.271+0000] {logging_mixin.py:150} INFO - [2025-08-14T09:55:18.271+0000] {dag.py:2742} INFO - Sync 1 DAGs
[2025-08-14T09:55:18.291+0000] {logging_mixin.py:150} INFO - [2025-08-14T09:55:18.291+0000] {dag.py:3504} INFO - Setting next_dagrun for example_task_group_decorator to 2025-08-13T09:55:18.290840+00:00, run_after=2025-08-14T09:55:18.290840+00:00
[2025-08-14T09:55:18.306+0000] {processor.py:179} INFO - Processing /home/vscode/.local/lib/python3.10/site-packages/airflow/example_dags/example_task_group_decorator.py took 0.078 seconds
[2025-08-14T09:56:04.583+0000] {processor.py:157} INFO - Started process (PID=10680) to work on /home/vscode/.local/lib/python3.10/site-packages/airflow/example_dags/example_task_group_decorator.py
[2025-08-14T09:56:04.584+0000] {processor.py:826} INFO - Processing file /home/vscode/.local/lib/python3.10/site-packages/airflow/example_dags/example_task_group_decorator.py for tasks to queue
[2025-08-14T09:56:04.584+0000] {logging_mixin.py:150} INFO - [2025-08-14T09:56:04.584+0000] {dagbag.py:541} INFO - Filling up the DagBag from /home/vscode/.local/lib/python3.10/site-packages/airflow/example_dags/example_task_group_decorator.py
[2025-08-14T09:56:04.599+0000] {processor.py:836} INFO - DAG(s) dict_keys(['example_task_group_decorator']) retrieved from /home/vscode/.local/lib/python3.10/site-packages/airflow/example_dags/example_task_group_decorator.py
[2025-08-14T09:56:04.613+0000] {logging_mixin.py:150} INFO - [2025-08-14T09:56:04.613+0000] {dag.py:2742} INFO - Sync 1 DAGs
[2025-08-14T09:56:04.631+0000] {logging_mixin.py:150} INFO - [2025-08-14T09:56:04.630+0000] {dag.py:3504} INFO - Setting next_dagrun for example_task_group_decorator to 2025-08-13T09:56:04.630757+00:00, run_after=2025-08-14T09:56:04.630757+00:00
[2025-08-14T09:56:04.648+0000] {processor.py:179} INFO - Processing /home/vscode/.local/lib/python3.10/site-packages/airflow/example_dags/example_task_group_decorator.py took 0.068 seconds
[2025-08-14T09:56:50.254+0000] {processor.py:157} INFO - Started process (PID=11048) to work on /home/vscode/.local/lib/python3.10/site-packages/airflow/example_dags/example_task_group_decorator.py
[2025-08-14T09:56:50.255+0000] {processor.py:826} INFO - Processing file /home/vscode/.local/lib/python3.10/site-packages/airflow/example_dags/example_task_group_decorator.py for tasks to queue
[2025-08-14T09:56:50.256+0000] {logging_mixin.py:150} INFO - [2025-08-14T09:56:50.256+0000] {dagbag.py:541} INFO - Filling up the DagBag from /home/vscode/.local/lib/python3.10/site-packages/airflow/example_dags/example_task_group_decorator.py
[2025-08-14T09:56:50.268+0000] {processor.py:836} INFO - DAG(s) dict_keys(['example_task_group_decorator']) retrieved from /home/vscode/.local/lib/python3.10/site-packages/airflow/example_dags/example_task_group_decorator.py
[2025-08-14T09:56:50.281+0000] {logging_mixin.py:150} INFO - [2025-08-14T09:56:50.281+0000] {dag.py:2742} INFO - Sync 1 DAGs
[2025-08-14T09:56:50.295+0000] {logging_mixin.py:150} INFO - [2025-08-14T09:56:50.295+0000] {dag.py:3504} INFO - Setting next_dagrun for example_task_group_decorator to 2025-08-13T09:56:50.295450+00:00, run_after=2025-08-14T09:56:50.295450+00:00
[2025-08-14T09:56:50.311+0000] {processor.py:179} INFO - Processing /home/vscode/.local/lib/python3.10/site-packages/airflow/example_dags/example_task_group_decorator.py took 0.058 seconds
[2025-08-14T09:57:38.106+0000] {processor.py:157} INFO - Started process (PID=11452) to work on /home/vscode/.local/lib/python3.10/site-packages/airflow/example_dags/example_task_group_decorator.py
[2025-08-14T09:57:38.107+0000] {processor.py:826} INFO - Processing file /home/vscode/.local/lib/python3.10/site-packages/airflow/example_dags/example_task_group_decorator.py for tasks to queue
[2025-08-14T09:57:38.107+0000] {logging_mixin.py:150} INFO - [2025-08-14T09:57:38.107+0000] {dagbag.py:541} INFO - Filling up the DagBag from /home/vscode/.local/lib/python3.10/site-packages/airflow/example_dags/example_task_group_decorator.py
[2025-08-14T09:57:38.119+0000] {processor.py:836} INFO - DAG(s) dict_keys(['example_task_group_decorator']) retrieved from /home/vscode/.local/lib/python3.10/site-packages/airflow/example_dags/example_task_group_decorator.py
[2025-08-14T09:57:38.133+0000] {logging_mixin.py:150} INFO - [2025-08-14T09:57:38.133+0000] {dag.py:2742} INFO - Sync 1 DAGs
[2025-08-14T09:57:38.151+0000] {logging_mixin.py:150} INFO - [2025-08-14T09:57:38.151+0000] {dag.py:3504} INFO - Setting next_dagrun for example_task_group_decorator to 2025-08-13T09:57:38.150924+00:00, run_after=2025-08-14T09:57:38.150924+00:00
[2025-08-14T09:57:38.184+0000] {processor.py:179} INFO - Processing /home/vscode/.local/lib/python3.10/site-packages/airflow/example_dags/example_task_group_decorator.py took 0.080 seconds
[2025-08-14T09:58:27.004+0000] {processor.py:157} INFO - Started process (PID=11782) to work on /home/vscode/.local/lib/python3.10/site-packages/airflow/example_dags/example_task_group_decorator.py
[2025-08-14T09:58:27.005+0000] {processor.py:826} INFO - Processing file /home/vscode/.local/lib/python3.10/site-packages/airflow/example_dags/example_task_group_decorator.py for tasks to queue
[2025-08-14T09:58:27.005+0000] {logging_mixin.py:150} INFO - [2025-08-14T09:58:27.005+0000] {dagbag.py:541} INFO - Filling up the DagBag from /home/vscode/.local/lib/python3.10/site-packages/airflow/example_dags/example_task_group_decorator.py
[2025-08-14T09:58:27.016+0000] {processor.py:836} INFO - DAG(s) dict_keys(['example_task_group_decorator']) retrieved from /home/vscode/.local/lib/python3.10/site-packages/airflow/example_dags/example_task_group_decorator.py
[2025-08-14T09:58:27.031+0000] {logging_mixin.py:150} INFO - [2025-08-14T09:58:27.030+0000] {dag.py:2742} INFO - Sync 1 DAGs
[2025-08-14T09:58:27.045+0000] {logging_mixin.py:150} INFO - [2025-08-14T09:58:27.045+0000] {dag.py:3504} INFO - Setting next_dagrun for example_task_group_decorator to 2025-08-13T09:58:27.044971+00:00, run_after=2025-08-14T09:58:27.044971+00:00
[2025-08-14T09:58:27.060+0000] {processor.py:179} INFO - Processing /home/vscode/.local/lib/python3.10/site-packages/airflow/example_dags/example_task_group_decorator.py took 0.058 seconds
[2025-08-14T10:05:59.670+0000] {processor.py:157} INFO - Started process (PID=15125) to work on /home/vscode/.local/lib/python3.10/site-packages/airflow/example_dags/example_task_group_decorator.py
[2025-08-14T10:05:59.671+0000] {processor.py:826} INFO - Processing file /home/vscode/.local/lib/python3.10/site-packages/airflow/example_dags/example_task_group_decorator.py for tasks to queue
[2025-08-14T10:05:59.671+0000] {logging_mixin.py:150} INFO - [2025-08-14T10:05:59.671+0000] {dagbag.py:541} INFO - Filling up the DagBag from /home/vscode/.local/lib/python3.10/site-packages/airflow/example_dags/example_task_group_decorator.py
[2025-08-14T10:05:59.682+0000] {processor.py:836} INFO - DAG(s) dict_keys(['example_task_group_decorator']) retrieved from /home/vscode/.local/lib/python3.10/site-packages/airflow/example_dags/example_task_group_decorator.py
[2025-08-14T10:05:59.696+0000] {logging_mixin.py:150} INFO - [2025-08-14T10:05:59.696+0000] {dag.py:2742} INFO - Sync 1 DAGs
[2025-08-14T10:05:59.711+0000] {logging_mixin.py:150} INFO - [2025-08-14T10:05:59.711+0000] {dag.py:3504} INFO - Setting next_dagrun for example_task_group_decorator to 2025-08-13T10:05:59.711020+00:00, run_after=2025-08-14T10:05:59.711020+00:00
[2025-08-14T10:05:59.726+0000] {processor.py:179} INFO - Processing /home/vscode/.local/lib/python3.10/site-packages/airflow/example_dags/example_task_group_decorator.py took 0.058 seconds
[2025-08-14T10:06:43.690+0000] {processor.py:157} INFO - Started process (PID=15423) to work on /home/vscode/.local/lib/python3.10/site-packages/airflow/example_dags/example_task_group_decorator.py
[2025-08-14T10:06:43.691+0000] {processor.py:826} INFO - Processing file /home/vscode/.local/lib/python3.10/site-packages/airflow/example_dags/example_task_group_decorator.py for tasks to queue
[2025-08-14T10:06:43.693+0000] {logging_mixin.py:150} INFO - [2025-08-14T10:06:43.692+0000] {dagbag.py:541} INFO - Filling up the DagBag from /home/vscode/.local/lib/python3.10/site-packages/airflow/example_dags/example_task_group_decorator.py
[2025-08-14T10:06:43.708+0000] {processor.py:836} INFO - DAG(s) dict_keys(['example_task_group_decorator']) retrieved from /home/vscode/.local/lib/python3.10/site-packages/airflow/example_dags/example_task_group_decorator.py
[2025-08-14T10:06:43.722+0000] {logging_mixin.py:150} INFO - [2025-08-14T10:06:43.722+0000] {dag.py:2742} INFO - Sync 1 DAGs
[2025-08-14T10:06:43.737+0000] {logging_mixin.py:150} INFO - [2025-08-14T10:06:43.736+0000] {dag.py:3504} INFO - Setting next_dagrun for example_task_group_decorator to 2025-08-13T10:06:43.736777+00:00, run_after=2025-08-14T10:06:43.736777+00:00
[2025-08-14T10:06:43.753+0000] {processor.py:179} INFO - Processing /home/vscode/.local/lib/python3.10/site-packages/airflow/example_dags/example_task_group_decorator.py took 0.065 seconds
[2025-08-14T10:07:31.005+0000] {processor.py:157} INFO - Started process (PID=15737) to work on /home/vscode/.local/lib/python3.10/site-packages/airflow/example_dags/example_task_group_decorator.py
[2025-08-14T10:07:31.006+0000] {processor.py:826} INFO - Processing file /home/vscode/.local/lib/python3.10/site-packages/airflow/example_dags/example_task_group_decorator.py for tasks to queue
[2025-08-14T10:07:31.006+0000] {logging_mixin.py:150} INFO - [2025-08-14T10:07:31.006+0000] {dagbag.py:541} INFO - Filling up the DagBag from /home/vscode/.local/lib/python3.10/site-packages/airflow/example_dags/example_task_group_decorator.py
[2025-08-14T10:07:31.017+0000] {processor.py:836} INFO - DAG(s) dict_keys(['example_task_group_decorator']) retrieved from /home/vscode/.local/lib/python3.10/site-packages/airflow/example_dags/example_task_group_decorator.py
[2025-08-14T10:07:31.031+0000] {logging_mixin.py:150} INFO - [2025-08-14T10:07:31.031+0000] {dag.py:2742} INFO - Sync 1 DAGs
[2025-08-14T10:07:31.045+0000] {logging_mixin.py:150} INFO - [2025-08-14T10:07:31.045+0000] {dag.py:3504} INFO - Setting next_dagrun for example_task_group_decorator to 2025-08-13T10:07:31.045277+00:00, run_after=2025-08-14T10:07:31.045277+00:00
[2025-08-14T10:07:31.061+0000] {processor.py:179} INFO - Processing /home/vscode/.local/lib/python3.10/site-packages/airflow/example_dags/example_task_group_decorator.py took 0.058 seconds
[2025-08-14T10:08:19.807+0000] {processor.py:157} INFO - Started process (PID=16147) to work on /home/vscode/.local/lib/python3.10/site-packages/airflow/example_dags/example_task_group_decorator.py
[2025-08-14T10:08:19.807+0000] {processor.py:826} INFO - Processing file /home/vscode/.local/lib/python3.10/site-packages/airflow/example_dags/example_task_group_decorator.py for tasks to queue
[2025-08-14T10:08:19.808+0000] {logging_mixin.py:150} INFO - [2025-08-14T10:08:19.808+0000] {dagbag.py:541} INFO - Filling up the DagBag from /home/vscode/.local/lib/python3.10/site-packages/airflow/example_dags/example_task_group_decorator.py
[2025-08-14T10:08:19.820+0000] {processor.py:836} INFO - DAG(s) dict_keys(['example_task_group_decorator']) retrieved from /home/vscode/.local/lib/python3.10/site-packages/airflow/example_dags/example_task_group_decorator.py
[2025-08-14T10:08:19.835+0000] {logging_mixin.py:150} INFO - [2025-08-14T10:08:19.835+0000] {dag.py:2742} INFO - Sync 1 DAGs
[2025-08-14T10:08:19.860+0000] {logging_mixin.py:150} INFO - [2025-08-14T10:08:19.857+0000] {dag.py:3504} INFO - Setting next_dagrun for example_task_group_decorator to 2025-08-13T10:08:19.856997+00:00, run_after=2025-08-14T10:08:19.856997+00:00
[2025-08-14T10:08:19.972+0000] {processor.py:179} INFO - Processing /home/vscode/.local/lib/python3.10/site-packages/airflow/example_dags/example_task_group_decorator.py took 0.168 seconds
[2025-08-14T10:09:04.818+0000] {processor.py:157} INFO - Started process (PID=16575) to work on /home/vscode/.local/lib/python3.10/site-packages/airflow/example_dags/example_task_group_decorator.py
[2025-08-14T10:09:04.818+0000] {processor.py:826} INFO - Processing file /home/vscode/.local/lib/python3.10/site-packages/airflow/example_dags/example_task_group_decorator.py for tasks to queue
[2025-08-14T10:09:04.819+0000] {logging_mixin.py:150} INFO - [2025-08-14T10:09:04.819+0000] {dagbag.py:541} INFO - Filling up the DagBag from /home/vscode/.local/lib/python3.10/site-packages/airflow/example_dags/example_task_group_decorator.py
[2025-08-14T10:09:04.830+0000] {processor.py:836} INFO - DAG(s) dict_keys(['example_task_group_decorator']) retrieved from /home/vscode/.local/lib/python3.10/site-packages/airflow/example_dags/example_task_group_decorator.py
[2025-08-14T10:09:04.836+0000] {logging_mixin.py:150} INFO - [2025-08-14T10:09:04.836+0000] {dag.py:2742} INFO - Sync 1 DAGs
[2025-08-14T10:09:04.851+0000] {logging_mixin.py:150} INFO - [2025-08-14T10:09:04.851+0000] {dag.py:3504} INFO - Setting next_dagrun for example_task_group_decorator to 2025-08-13T10:09:04.851295+00:00, run_after=2025-08-14T10:09:04.851295+00:00
[2025-08-14T10:09:04.866+0000] {processor.py:179} INFO - Processing /home/vscode/.local/lib/python3.10/site-packages/airflow/example_dags/example_task_group_decorator.py took 0.051 seconds
[2025-08-14T10:09:53.945+0000] {processor.py:157} INFO - Started process (PID=16928) to work on /home/vscode/.local/lib/python3.10/site-packages/airflow/example_dags/example_task_group_decorator.py
[2025-08-14T10:09:53.946+0000] {processor.py:826} INFO - Processing file /home/vscode/.local/lib/python3.10/site-packages/airflow/example_dags/example_task_group_decorator.py for tasks to queue
[2025-08-14T10:09:53.946+0000] {logging_mixin.py:150} INFO - [2025-08-14T10:09:53.946+0000] {dagbag.py:541} INFO - Filling up the DagBag from /home/vscode/.local/lib/python3.10/site-packages/airflow/example_dags/example_task_group_decorator.py
[2025-08-14T10:09:53.958+0000] {processor.py:836} INFO - DAG(s) dict_keys(['example_task_group_decorator']) retrieved from /home/vscode/.local/lib/python3.10/site-packages/airflow/example_dags/example_task_group_decorator.py
[2025-08-14T10:09:53.972+0000] {logging_mixin.py:150} INFO - [2025-08-14T10:09:53.972+0000] {dag.py:2742} INFO - Sync 1 DAGs
[2025-08-14T10:09:53.986+0000] {logging_mixin.py:150} INFO - [2025-08-14T10:09:53.986+0000] {dag.py:3504} INFO - Setting next_dagrun for example_task_group_decorator to 2025-08-13T10:09:53.986232+00:00, run_after=2025-08-14T10:09:53.986232+00:00
[2025-08-14T10:09:54.003+0000] {processor.py:179} INFO - Processing /home/vscode/.local/lib/python3.10/site-packages/airflow/example_dags/example_task_group_decorator.py took 0.060 seconds
[2025-08-14T10:10:38.346+0000] {processor.py:157} INFO - Started process (PID=17264) to work on /home/vscode/.local/lib/python3.10/site-packages/airflow/example_dags/example_task_group_decorator.py
[2025-08-14T10:10:38.346+0000] {processor.py:826} INFO - Processing file /home/vscode/.local/lib/python3.10/site-packages/airflow/example_dags/example_task_group_decorator.py for tasks to queue
[2025-08-14T10:10:38.347+0000] {logging_mixin.py:150} INFO - [2025-08-14T10:10:38.346+0000] {dagbag.py:541} INFO - Filling up the DagBag from /home/vscode/.local/lib/python3.10/site-packages/airflow/example_dags/example_task_group_decorator.py
[2025-08-14T10:10:38.358+0000] {processor.py:836} INFO - DAG(s) dict_keys(['example_task_group_decorator']) retrieved from /home/vscode/.local/lib/python3.10/site-packages/airflow/example_dags/example_task_group_decorator.py
[2025-08-14T10:10:38.372+0000] {logging_mixin.py:150} INFO - [2025-08-14T10:10:38.372+0000] {dag.py:2742} INFO - Sync 1 DAGs
[2025-08-14T10:10:38.386+0000] {logging_mixin.py:150} INFO - [2025-08-14T10:10:38.386+0000] {dag.py:3504} INFO - Setting next_dagrun for example_task_group_decorator to 2025-08-13T10:10:38.386023+00:00, run_after=2025-08-14T10:10:38.386023+00:00
[2025-08-14T10:10:38.401+0000] {processor.py:179} INFO - Processing /home/vscode/.local/lib/python3.10/site-packages/airflow/example_dags/example_task_group_decorator.py took 0.057 seconds
[2025-08-14T10:11:27.889+0000] {processor.py:157} INFO - Started process (PID=17632) to work on /home/vscode/.local/lib/python3.10/site-packages/airflow/example_dags/example_task_group_decorator.py
[2025-08-14T10:11:27.890+0000] {processor.py:826} INFO - Processing file /home/vscode/.local/lib/python3.10/site-packages/airflow/example_dags/example_task_group_decorator.py for tasks to queue
[2025-08-14T10:11:27.890+0000] {logging_mixin.py:150} INFO - [2025-08-14T10:11:27.890+0000] {dagbag.py:541} INFO - Filling up the DagBag from /home/vscode/.local/lib/python3.10/site-packages/airflow/example_dags/example_task_group_decorator.py
[2025-08-14T10:11:27.903+0000] {processor.py:836} INFO - DAG(s) dict_keys(['example_task_group_decorator']) retrieved from /home/vscode/.local/lib/python3.10/site-packages/airflow/example_dags/example_task_group_decorator.py
[2025-08-14T10:11:27.917+0000] {logging_mixin.py:150} INFO - [2025-08-14T10:11:27.917+0000] {dag.py:2742} INFO - Sync 1 DAGs
[2025-08-14T10:11:27.930+0000] {logging_mixin.py:150} INFO - [2025-08-14T10:11:27.930+0000] {dag.py:3504} INFO - Setting next_dagrun for example_task_group_decorator to 2025-08-13T10:11:27.930513+00:00, run_after=2025-08-14T10:11:27.930513+00:00
[2025-08-14T10:11:27.945+0000] {processor.py:179} INFO - Processing /home/vscode/.local/lib/python3.10/site-packages/airflow/example_dags/example_task_group_decorator.py took 0.058 seconds
[2025-08-14T10:12:11.403+0000] {processor.py:157} INFO - Started process (PID=17967) to work on /home/vscode/.local/lib/python3.10/site-packages/airflow/example_dags/example_task_group_decorator.py
[2025-08-14T10:12:11.403+0000] {processor.py:826} INFO - Processing file /home/vscode/.local/lib/python3.10/site-packages/airflow/example_dags/example_task_group_decorator.py for tasks to queue
[2025-08-14T10:12:11.404+0000] {logging_mixin.py:150} INFO - [2025-08-14T10:12:11.404+0000] {dagbag.py:541} INFO - Filling up the DagBag from /home/vscode/.local/lib/python3.10/site-packages/airflow/example_dags/example_task_group_decorator.py
[2025-08-14T10:12:11.419+0000] {processor.py:836} INFO - DAG(s) dict_keys(['example_task_group_decorator']) retrieved from /home/vscode/.local/lib/python3.10/site-packages/airflow/example_dags/example_task_group_decorator.py
[2025-08-14T10:12:11.433+0000] {logging_mixin.py:150} INFO - [2025-08-14T10:12:11.433+0000] {dag.py:2742} INFO - Sync 1 DAGs
[2025-08-14T10:12:11.448+0000] {logging_mixin.py:150} INFO - [2025-08-14T10:12:11.448+0000] {dag.py:3504} INFO - Setting next_dagrun for example_task_group_decorator to 2025-08-13T10:12:11.448087+00:00, run_after=2025-08-14T10:12:11.448087+00:00
[2025-08-14T10:12:11.464+0000] {processor.py:179} INFO - Processing /home/vscode/.local/lib/python3.10/site-packages/airflow/example_dags/example_task_group_decorator.py took 0.064 seconds
[2025-08-14T10:12:55.940+0000] {processor.py:157} INFO - Started process (PID=18288) to work on /home/vscode/.local/lib/python3.10/site-packages/airflow/example_dags/example_task_group_decorator.py
[2025-08-14T10:12:55.941+0000] {processor.py:826} INFO - Processing file /home/vscode/.local/lib/python3.10/site-packages/airflow/example_dags/example_task_group_decorator.py for tasks to queue
[2025-08-14T10:12:55.942+0000] {logging_mixin.py:150} INFO - [2025-08-14T10:12:55.941+0000] {dagbag.py:541} INFO - Filling up the DagBag from /home/vscode/.local/lib/python3.10/site-packages/airflow/example_dags/example_task_group_decorator.py
[2025-08-14T10:12:55.953+0000] {processor.py:836} INFO - DAG(s) dict_keys(['example_task_group_decorator']) retrieved from /home/vscode/.local/lib/python3.10/site-packages/airflow/example_dags/example_task_group_decorator.py
[2025-08-14T10:12:55.967+0000] {logging_mixin.py:150} INFO - [2025-08-14T10:12:55.967+0000] {dag.py:2742} INFO - Sync 1 DAGs
[2025-08-14T10:12:55.981+0000] {logging_mixin.py:150} INFO - [2025-08-14T10:12:55.981+0000] {dag.py:3504} INFO - Setting next_dagrun for example_task_group_decorator to 2025-08-13T10:12:55.981630+00:00, run_after=2025-08-14T10:12:55.981630+00:00
[2025-08-14T10:12:55.998+0000] {processor.py:179} INFO - Processing /home/vscode/.local/lib/python3.10/site-packages/airflow/example_dags/example_task_group_decorator.py took 0.060 seconds
[2025-08-14T10:13:47.452+0000] {processor.py:157} INFO - Started process (PID=18676) to work on /home/vscode/.local/lib/python3.10/site-packages/airflow/example_dags/example_task_group_decorator.py
[2025-08-14T10:13:47.453+0000] {processor.py:826} INFO - Processing file /home/vscode/.local/lib/python3.10/site-packages/airflow/example_dags/example_task_group_decorator.py for tasks to queue
[2025-08-14T10:13:47.453+0000] {logging_mixin.py:150} INFO - [2025-08-14T10:13:47.453+0000] {dagbag.py:541} INFO - Filling up the DagBag from /home/vscode/.local/lib/python3.10/site-packages/airflow/example_dags/example_task_group_decorator.py
[2025-08-14T10:13:47.465+0000] {processor.py:836} INFO - DAG(s) dict_keys(['example_task_group_decorator']) retrieved from /home/vscode/.local/lib/python3.10/site-packages/airflow/example_dags/example_task_group_decorator.py
[2025-08-14T10:13:47.481+0000] {logging_mixin.py:150} INFO - [2025-08-14T10:13:47.481+0000] {dag.py:2742} INFO - Sync 1 DAGs
[2025-08-14T10:13:47.496+0000] {logging_mixin.py:150} INFO - [2025-08-14T10:13:47.496+0000] {dag.py:3504} INFO - Setting next_dagrun for example_task_group_decorator to 2025-08-13T10:13:47.496032+00:00, run_after=2025-08-14T10:13:47.496032+00:00
[2025-08-14T10:13:47.512+0000] {processor.py:179} INFO - Processing /home/vscode/.local/lib/python3.10/site-packages/airflow/example_dags/example_task_group_decorator.py took 0.063 seconds
[2025-08-14T10:14:31.684+0000] {processor.py:157} INFO - Started process (PID=19002) to work on /home/vscode/.local/lib/python3.10/site-packages/airflow/example_dags/example_task_group_decorator.py
[2025-08-14T10:14:31.685+0000] {processor.py:826} INFO - Processing file /home/vscode/.local/lib/python3.10/site-packages/airflow/example_dags/example_task_group_decorator.py for tasks to queue
[2025-08-14T10:14:31.685+0000] {logging_mixin.py:150} INFO - [2025-08-14T10:14:31.685+0000] {dagbag.py:541} INFO - Filling up the DagBag from /home/vscode/.local/lib/python3.10/site-packages/airflow/example_dags/example_task_group_decorator.py
[2025-08-14T10:14:31.696+0000] {processor.py:836} INFO - DAG(s) dict_keys(['example_task_group_decorator']) retrieved from /home/vscode/.local/lib/python3.10/site-packages/airflow/example_dags/example_task_group_decorator.py
[2025-08-14T10:14:31.709+0000] {logging_mixin.py:150} INFO - [2025-08-14T10:14:31.709+0000] {dag.py:2742} INFO - Sync 1 DAGs
[2025-08-14T10:14:31.724+0000] {logging_mixin.py:150} INFO - [2025-08-14T10:14:31.723+0000] {dag.py:3504} INFO - Setting next_dagrun for example_task_group_decorator to 2025-08-13T10:14:31.723663+00:00, run_after=2025-08-14T10:14:31.723663+00:00
[2025-08-14T10:14:31.740+0000] {processor.py:179} INFO - Processing /home/vscode/.local/lib/python3.10/site-packages/airflow/example_dags/example_task_group_decorator.py took 0.058 seconds
[2025-08-14T10:15:18.370+0000] {processor.py:157} INFO - Started process (PID=19353) to work on /home/vscode/.local/lib/python3.10/site-packages/airflow/example_dags/example_task_group_decorator.py
[2025-08-14T10:15:18.371+0000] {processor.py:826} INFO - Processing file /home/vscode/.local/lib/python3.10/site-packages/airflow/example_dags/example_task_group_decorator.py for tasks to queue
[2025-08-14T10:15:18.371+0000] {logging_mixin.py:150} INFO - [2025-08-14T10:15:18.371+0000] {dagbag.py:541} INFO - Filling up the DagBag from /home/vscode/.local/lib/python3.10/site-packages/airflow/example_dags/example_task_group_decorator.py
[2025-08-14T10:15:18.382+0000] {processor.py:836} INFO - DAG(s) dict_keys(['example_task_group_decorator']) retrieved from /home/vscode/.local/lib/python3.10/site-packages/airflow/example_dags/example_task_group_decorator.py
[2025-08-14T10:15:18.396+0000] {logging_mixin.py:150} INFO - [2025-08-14T10:15:18.396+0000] {dag.py:2742} INFO - Sync 1 DAGs
[2025-08-14T10:15:18.409+0000] {logging_mixin.py:150} INFO - [2025-08-14T10:15:18.409+0000] {dag.py:3504} INFO - Setting next_dagrun for example_task_group_decorator to 2025-08-13T10:15:18.409371+00:00, run_after=2025-08-14T10:15:18.409371+00:00
[2025-08-14T10:15:18.425+0000] {processor.py:179} INFO - Processing /home/vscode/.local/lib/python3.10/site-packages/airflow/example_dags/example_task_group_decorator.py took 0.057 seconds
[2025-08-14T10:16:04.649+0000] {processor.py:157} INFO - Started process (PID=19699) to work on /home/vscode/.local/lib/python3.10/site-packages/airflow/example_dags/example_task_group_decorator.py
[2025-08-14T10:16:04.649+0000] {processor.py:826} INFO - Processing file /home/vscode/.local/lib/python3.10/site-packages/airflow/example_dags/example_task_group_decorator.py for tasks to queue
[2025-08-14T10:16:04.650+0000] {logging_mixin.py:150} INFO - [2025-08-14T10:16:04.649+0000] {dagbag.py:541} INFO - Filling up the DagBag from /home/vscode/.local/lib/python3.10/site-packages/airflow/example_dags/example_task_group_decorator.py
[2025-08-14T10:16:04.660+0000] {processor.py:836} INFO - DAG(s) dict_keys(['example_task_group_decorator']) retrieved from /home/vscode/.local/lib/python3.10/site-packages/airflow/example_dags/example_task_group_decorator.py
[2025-08-14T10:16:04.674+0000] {logging_mixin.py:150} INFO - [2025-08-14T10:16:04.674+0000] {dag.py:2742} INFO - Sync 1 DAGs
[2025-08-14T10:16:04.687+0000] {logging_mixin.py:150} INFO - [2025-08-14T10:16:04.687+0000] {dag.py:3504} INFO - Setting next_dagrun for example_task_group_decorator to 2025-08-13T10:16:04.687645+00:00, run_after=2025-08-14T10:16:04.687645+00:00
[2025-08-14T10:16:04.703+0000] {processor.py:179} INFO - Processing /home/vscode/.local/lib/python3.10/site-packages/airflow/example_dags/example_task_group_decorator.py took 0.056 seconds
[2025-08-14T10:16:53.283+0000] {processor.py:157} INFO - Started process (PID=20067) to work on /home/vscode/.local/lib/python3.10/site-packages/airflow/example_dags/example_task_group_decorator.py
[2025-08-14T10:16:53.284+0000] {processor.py:826} INFO - Processing file /home/vscode/.local/lib/python3.10/site-packages/airflow/example_dags/example_task_group_decorator.py for tasks to queue
[2025-08-14T10:16:53.284+0000] {logging_mixin.py:150} INFO - [2025-08-14T10:16:53.284+0000] {dagbag.py:541} INFO - Filling up the DagBag from /home/vscode/.local/lib/python3.10/site-packages/airflow/example_dags/example_task_group_decorator.py
[2025-08-14T10:16:53.296+0000] {processor.py:836} INFO - DAG(s) dict_keys(['example_task_group_decorator']) retrieved from /home/vscode/.local/lib/python3.10/site-packages/airflow/example_dags/example_task_group_decorator.py
[2025-08-14T10:16:53.310+0000] {logging_mixin.py:150} INFO - [2025-08-14T10:16:53.310+0000] {dag.py:2742} INFO - Sync 1 DAGs
[2025-08-14T10:16:53.324+0000] {logging_mixin.py:150} INFO - [2025-08-14T10:16:53.324+0000] {dag.py:3504} INFO - Setting next_dagrun for example_task_group_decorator to 2025-08-13T10:16:53.323986+00:00, run_after=2025-08-14T10:16:53.323986+00:00
[2025-08-14T10:16:53.339+0000] {processor.py:179} INFO - Processing /home/vscode/.local/lib/python3.10/site-packages/airflow/example_dags/example_task_group_decorator.py took 0.058 seconds
[2025-08-14T10:17:42.446+0000] {processor.py:157} INFO - Started process (PID=20416) to work on /home/vscode/.local/lib/python3.10/site-packages/airflow/example_dags/example_task_group_decorator.py
[2025-08-14T10:17:42.446+0000] {processor.py:826} INFO - Processing file /home/vscode/.local/lib/python3.10/site-packages/airflow/example_dags/example_task_group_decorator.py for tasks to queue
[2025-08-14T10:17:42.447+0000] {logging_mixin.py:150} INFO - [2025-08-14T10:17:42.447+0000] {dagbag.py:541} INFO - Filling up the DagBag from /home/vscode/.local/lib/python3.10/site-packages/airflow/example_dags/example_task_group_decorator.py
[2025-08-14T10:17:42.458+0000] {processor.py:836} INFO - DAG(s) dict_keys(['example_task_group_decorator']) retrieved from /home/vscode/.local/lib/python3.10/site-packages/airflow/example_dags/example_task_group_decorator.py
[2025-08-14T10:17:42.471+0000] {logging_mixin.py:150} INFO - [2025-08-14T10:17:42.471+0000] {dag.py:2742} INFO - Sync 1 DAGs
[2025-08-14T10:17:42.485+0000] {logging_mixin.py:150} INFO - [2025-08-14T10:17:42.485+0000] {dag.py:3504} INFO - Setting next_dagrun for example_task_group_decorator to 2025-08-13T10:17:42.485177+00:00, run_after=2025-08-14T10:17:42.485177+00:00
[2025-08-14T10:17:42.500+0000] {processor.py:179} INFO - Processing /home/vscode/.local/lib/python3.10/site-packages/airflow/example_dags/example_task_group_decorator.py took 0.056 seconds
[2025-08-14T10:18:28.605+0000] {processor.py:157} INFO - Started process (PID=20730) to work on /home/vscode/.local/lib/python3.10/site-packages/airflow/example_dags/example_task_group_decorator.py
[2025-08-14T10:18:28.606+0000] {processor.py:826} INFO - Processing file /home/vscode/.local/lib/python3.10/site-packages/airflow/example_dags/example_task_group_decorator.py for tasks to queue
[2025-08-14T10:18:28.607+0000] {logging_mixin.py:150} INFO - [2025-08-14T10:18:28.606+0000] {dagbag.py:541} INFO - Filling up the DagBag from /home/vscode/.local/lib/python3.10/site-packages/airflow/example_dags/example_task_group_decorator.py
[2025-08-14T10:18:28.618+0000] {processor.py:836} INFO - DAG(s) dict_keys(['example_task_group_decorator']) retrieved from /home/vscode/.local/lib/python3.10/site-packages/airflow/example_dags/example_task_group_decorator.py
[2025-08-14T10:18:28.632+0000] {logging_mixin.py:150} INFO - [2025-08-14T10:18:28.632+0000] {dag.py:2742} INFO - Sync 1 DAGs
[2025-08-14T10:18:28.647+0000] {logging_mixin.py:150} INFO - [2025-08-14T10:18:28.647+0000] {dag.py:3504} INFO - Setting next_dagrun for example_task_group_decorator to 2025-08-13T10:18:28.646928+00:00, run_after=2025-08-14T10:18:28.646928+00:00
[2025-08-14T10:18:28.664+0000] {processor.py:179} INFO - Processing /home/vscode/.local/lib/python3.10/site-packages/airflow/example_dags/example_task_group_decorator.py took 0.060 seconds
[2025-08-14T10:19:19.158+0000] {processor.py:157} INFO - Started process (PID=21064) to work on /home/vscode/.local/lib/python3.10/site-packages/airflow/example_dags/example_task_group_decorator.py
[2025-08-14T10:19:19.159+0000] {processor.py:826} INFO - Processing file /home/vscode/.local/lib/python3.10/site-packages/airflow/example_dags/example_task_group_decorator.py for tasks to queue
[2025-08-14T10:19:19.159+0000] {logging_mixin.py:150} INFO - [2025-08-14T10:19:19.159+0000] {dagbag.py:541} INFO - Filling up the DagBag from /home/vscode/.local/lib/python3.10/site-packages/airflow/example_dags/example_task_group_decorator.py
[2025-08-14T10:19:19.170+0000] {processor.py:836} INFO - DAG(s) dict_keys(['example_task_group_decorator']) retrieved from /home/vscode/.local/lib/python3.10/site-packages/airflow/example_dags/example_task_group_decorator.py
[2025-08-14T10:19:19.185+0000] {logging_mixin.py:150} INFO - [2025-08-14T10:19:19.185+0000] {dag.py:2742} INFO - Sync 1 DAGs
[2025-08-14T10:19:19.199+0000] {logging_mixin.py:150} INFO - [2025-08-14T10:19:19.199+0000] {dag.py:3504} INFO - Setting next_dagrun for example_task_group_decorator to 2025-08-13T10:19:19.199509+00:00, run_after=2025-08-14T10:19:19.199509+00:00
[2025-08-14T10:19:19.215+0000] {processor.py:179} INFO - Processing /home/vscode/.local/lib/python3.10/site-packages/airflow/example_dags/example_task_group_decorator.py took 0.059 seconds
[2025-08-14T10:20:03.197+0000] {processor.py:157} INFO - Started process (PID=21406) to work on /home/vscode/.local/lib/python3.10/site-packages/airflow/example_dags/example_task_group_decorator.py
[2025-08-14T10:20:03.197+0000] {processor.py:826} INFO - Processing file /home/vscode/.local/lib/python3.10/site-packages/airflow/example_dags/example_task_group_decorator.py for tasks to queue
[2025-08-14T10:20:03.198+0000] {logging_mixin.py:150} INFO - [2025-08-14T10:20:03.198+0000] {dagbag.py:541} INFO - Filling up the DagBag from /home/vscode/.local/lib/python3.10/site-packages/airflow/example_dags/example_task_group_decorator.py
[2025-08-14T10:20:03.209+0000] {processor.py:836} INFO - DAG(s) dict_keys(['example_task_group_decorator']) retrieved from /home/vscode/.local/lib/python3.10/site-packages/airflow/example_dags/example_task_group_decorator.py
[2025-08-14T10:20:03.223+0000] {logging_mixin.py:150} INFO - [2025-08-14T10:20:03.223+0000] {dag.py:2742} INFO - Sync 1 DAGs
[2025-08-14T10:20:03.240+0000] {logging_mixin.py:150} INFO - [2025-08-14T10:20:03.239+0000] {dag.py:3504} INFO - Setting next_dagrun for example_task_group_decorator to 2025-08-13T10:20:03.239689+00:00, run_after=2025-08-14T10:20:03.239689+00:00
[2025-08-14T10:20:03.257+0000] {processor.py:179} INFO - Processing /home/vscode/.local/lib/python3.10/site-packages/airflow/example_dags/example_task_group_decorator.py took 0.062 seconds
[2025-08-14T10:20:49.872+0000] {processor.py:157} INFO - Started process (PID=21730) to work on /home/vscode/.local/lib/python3.10/site-packages/airflow/example_dags/example_task_group_decorator.py
[2025-08-14T10:20:49.873+0000] {processor.py:826} INFO - Processing file /home/vscode/.local/lib/python3.10/site-packages/airflow/example_dags/example_task_group_decorator.py for tasks to queue
[2025-08-14T10:20:49.874+0000] {logging_mixin.py:150} INFO - [2025-08-14T10:20:49.873+0000] {dagbag.py:541} INFO - Filling up the DagBag from /home/vscode/.local/lib/python3.10/site-packages/airflow/example_dags/example_task_group_decorator.py
[2025-08-14T10:20:49.885+0000] {processor.py:836} INFO - DAG(s) dict_keys(['example_task_group_decorator']) retrieved from /home/vscode/.local/lib/python3.10/site-packages/airflow/example_dags/example_task_group_decorator.py
[2025-08-14T10:20:49.899+0000] {logging_mixin.py:150} INFO - [2025-08-14T10:20:49.898+0000] {dag.py:2742} INFO - Sync 1 DAGs
[2025-08-14T10:20:49.913+0000] {logging_mixin.py:150} INFO - [2025-08-14T10:20:49.913+0000] {dag.py:3504} INFO - Setting next_dagrun for example_task_group_decorator to 2025-08-13T10:20:49.913052+00:00, run_after=2025-08-14T10:20:49.913052+00:00
[2025-08-14T10:20:49.929+0000] {processor.py:179} INFO - Processing /home/vscode/.local/lib/python3.10/site-packages/airflow/example_dags/example_task_group_decorator.py took 0.059 seconds
[2025-08-14T10:21:33.121+0000] {processor.py:157} INFO - Started process (PID=22014) to work on /home/vscode/.local/lib/python3.10/site-packages/airflow/example_dags/example_task_group_decorator.py
[2025-08-14T10:21:33.122+0000] {processor.py:826} INFO - Processing file /home/vscode/.local/lib/python3.10/site-packages/airflow/example_dags/example_task_group_decorator.py for tasks to queue
[2025-08-14T10:21:33.123+0000] {logging_mixin.py:150} INFO - [2025-08-14T10:21:33.123+0000] {dagbag.py:541} INFO - Filling up the DagBag from /home/vscode/.local/lib/python3.10/site-packages/airflow/example_dags/example_task_group_decorator.py
[2025-08-14T10:21:33.137+0000] {processor.py:836} INFO - DAG(s) dict_keys(['example_task_group_decorator']) retrieved from /home/vscode/.local/lib/python3.10/site-packages/airflow/example_dags/example_task_group_decorator.py
[2025-08-14T10:21:33.151+0000] {logging_mixin.py:150} INFO - [2025-08-14T10:21:33.151+0000] {dag.py:2742} INFO - Sync 1 DAGs
[2025-08-14T10:21:33.165+0000] {logging_mixin.py:150} INFO - [2025-08-14T10:21:33.165+0000] {dag.py:3504} INFO - Setting next_dagrun for example_task_group_decorator to 2025-08-13T10:21:33.165022+00:00, run_after=2025-08-14T10:21:33.165022+00:00
[2025-08-14T10:21:33.180+0000] {processor.py:179} INFO - Processing /home/vscode/.local/lib/python3.10/site-packages/airflow/example_dags/example_task_group_decorator.py took 0.062 seconds
[2025-08-14T10:22:18.816+0000] {processor.py:157} INFO - Started process (PID=22324) to work on /home/vscode/.local/lib/python3.10/site-packages/airflow/example_dags/example_task_group_decorator.py
[2025-08-14T10:22:18.816+0000] {processor.py:826} INFO - Processing file /home/vscode/.local/lib/python3.10/site-packages/airflow/example_dags/example_task_group_decorator.py for tasks to queue
[2025-08-14T10:22:18.817+0000] {logging_mixin.py:150} INFO - [2025-08-14T10:22:18.817+0000] {dagbag.py:541} INFO - Filling up the DagBag from /home/vscode/.local/lib/python3.10/site-packages/airflow/example_dags/example_task_group_decorator.py
[2025-08-14T10:22:18.828+0000] {processor.py:836} INFO - DAG(s) dict_keys(['example_task_group_decorator']) retrieved from /home/vscode/.local/lib/python3.10/site-packages/airflow/example_dags/example_task_group_decorator.py
[2025-08-14T10:22:18.842+0000] {logging_mixin.py:150} INFO - [2025-08-14T10:22:18.842+0000] {dag.py:2742} INFO - Sync 1 DAGs
[2025-08-14T10:22:18.856+0000] {logging_mixin.py:150} INFO - [2025-08-14T10:22:18.856+0000] {dag.py:3504} INFO - Setting next_dagrun for example_task_group_decorator to 2025-08-13T10:22:18.856050+00:00, run_after=2025-08-14T10:22:18.856050+00:00
[2025-08-14T10:22:18.872+0000] {processor.py:179} INFO - Processing /home/vscode/.local/lib/python3.10/site-packages/airflow/example_dags/example_task_group_decorator.py took 0.059 seconds
[2025-08-14T10:23:04.914+0000] {processor.py:157} INFO - Started process (PID=22624) to work on /home/vscode/.local/lib/python3.10/site-packages/airflow/example_dags/example_task_group_decorator.py
[2025-08-14T10:23:04.915+0000] {processor.py:826} INFO - Processing file /home/vscode/.local/lib/python3.10/site-packages/airflow/example_dags/example_task_group_decorator.py for tasks to queue
[2025-08-14T10:23:04.916+0000] {logging_mixin.py:150} INFO - [2025-08-14T10:23:04.915+0000] {dagbag.py:541} INFO - Filling up the DagBag from /home/vscode/.local/lib/python3.10/site-packages/airflow/example_dags/example_task_group_decorator.py
[2025-08-14T10:23:04.927+0000] {processor.py:836} INFO - DAG(s) dict_keys(['example_task_group_decorator']) retrieved from /home/vscode/.local/lib/python3.10/site-packages/airflow/example_dags/example_task_group_decorator.py
[2025-08-14T10:23:04.941+0000] {logging_mixin.py:150} INFO - [2025-08-14T10:23:04.941+0000] {dag.py:2742} INFO - Sync 1 DAGs
[2025-08-14T10:23:04.958+0000] {logging_mixin.py:150} INFO - [2025-08-14T10:23:04.958+0000] {dag.py:3504} INFO - Setting next_dagrun for example_task_group_decorator to 2025-08-13T10:23:04.958499+00:00, run_after=2025-08-14T10:23:04.958499+00:00
[2025-08-14T10:23:04.981+0000] {processor.py:179} INFO - Processing /home/vscode/.local/lib/python3.10/site-packages/airflow/example_dags/example_task_group_decorator.py took 0.070 seconds
[2025-08-14T10:23:49.525+0000] {processor.py:157} INFO - Started process (PID=22938) to work on /home/vscode/.local/lib/python3.10/site-packages/airflow/example_dags/example_task_group_decorator.py
[2025-08-14T10:23:49.526+0000] {processor.py:826} INFO - Processing file /home/vscode/.local/lib/python3.10/site-packages/airflow/example_dags/example_task_group_decorator.py for tasks to queue
[2025-08-14T10:23:49.526+0000] {logging_mixin.py:150} INFO - [2025-08-14T10:23:49.526+0000] {dagbag.py:541} INFO - Filling up the DagBag from /home/vscode/.local/lib/python3.10/site-packages/airflow/example_dags/example_task_group_decorator.py
[2025-08-14T10:23:49.538+0000] {processor.py:836} INFO - DAG(s) dict_keys(['example_task_group_decorator']) retrieved from /home/vscode/.local/lib/python3.10/site-packages/airflow/example_dags/example_task_group_decorator.py
[2025-08-14T10:23:49.551+0000] {logging_mixin.py:150} INFO - [2025-08-14T10:23:49.551+0000] {dag.py:2742} INFO - Sync 1 DAGs
[2025-08-14T10:23:49.569+0000] {logging_mixin.py:150} INFO - [2025-08-14T10:23:49.569+0000] {dag.py:3504} INFO - Setting next_dagrun for example_task_group_decorator to 2025-08-13T10:23:49.569064+00:00, run_after=2025-08-14T10:23:49.569064+00:00
[2025-08-14T10:23:49.586+0000] {processor.py:179} INFO - Processing /home/vscode/.local/lib/python3.10/site-packages/airflow/example_dags/example_task_group_decorator.py took 0.063 seconds
[2025-08-14T10:24:36.343+0000] {processor.py:157} INFO - Started process (PID=23266) to work on /home/vscode/.local/lib/python3.10/site-packages/airflow/example_dags/example_task_group_decorator.py
[2025-08-14T10:24:36.344+0000] {processor.py:826} INFO - Processing file /home/vscode/.local/lib/python3.10/site-packages/airflow/example_dags/example_task_group_decorator.py for tasks to queue
[2025-08-14T10:24:36.344+0000] {logging_mixin.py:150} INFO - [2025-08-14T10:24:36.344+0000] {dagbag.py:541} INFO - Filling up the DagBag from /home/vscode/.local/lib/python3.10/site-packages/airflow/example_dags/example_task_group_decorator.py
[2025-08-14T10:24:36.357+0000] {processor.py:836} INFO - DAG(s) dict_keys(['example_task_group_decorator']) retrieved from /home/vscode/.local/lib/python3.10/site-packages/airflow/example_dags/example_task_group_decorator.py
[2025-08-14T10:24:36.371+0000] {logging_mixin.py:150} INFO - [2025-08-14T10:24:36.371+0000] {dag.py:2742} INFO - Sync 1 DAGs
[2025-08-14T10:24:36.387+0000] {logging_mixin.py:150} INFO - [2025-08-14T10:24:36.386+0000] {dag.py:3504} INFO - Setting next_dagrun for example_task_group_decorator to 2025-08-13T10:24:36.386804+00:00, run_after=2025-08-14T10:24:36.386804+00:00
[2025-08-14T10:24:36.403+0000] {processor.py:179} INFO - Processing /home/vscode/.local/lib/python3.10/site-packages/airflow/example_dags/example_task_group_decorator.py took 0.062 seconds
[2025-08-14T10:25:22.285+0000] {processor.py:157} INFO - Started process (PID=23584) to work on /home/vscode/.local/lib/python3.10/site-packages/airflow/example_dags/example_task_group_decorator.py
[2025-08-14T10:25:22.286+0000] {processor.py:826} INFO - Processing file /home/vscode/.local/lib/python3.10/site-packages/airflow/example_dags/example_task_group_decorator.py for tasks to queue
[2025-08-14T10:25:22.287+0000] {logging_mixin.py:150} INFO - [2025-08-14T10:25:22.286+0000] {dagbag.py:541} INFO - Filling up the DagBag from /home/vscode/.local/lib/python3.10/site-packages/airflow/example_dags/example_task_group_decorator.py
[2025-08-14T10:25:22.298+0000] {processor.py:836} INFO - DAG(s) dict_keys(['example_task_group_decorator']) retrieved from /home/vscode/.local/lib/python3.10/site-packages/airflow/example_dags/example_task_group_decorator.py
[2025-08-14T10:25:22.312+0000] {logging_mixin.py:150} INFO - [2025-08-14T10:25:22.312+0000] {dag.py:2742} INFO - Sync 1 DAGs
[2025-08-14T10:25:22.327+0000] {logging_mixin.py:150} INFO - [2025-08-14T10:25:22.327+0000] {dag.py:3504} INFO - Setting next_dagrun for example_task_group_decorator to 2025-08-13T10:25:22.327171+00:00, run_after=2025-08-14T10:25:22.327171+00:00
[2025-08-14T10:25:22.343+0000] {processor.py:179} INFO - Processing /home/vscode/.local/lib/python3.10/site-packages/airflow/example_dags/example_task_group_decorator.py took 0.060 seconds
[2025-08-14T10:26:06.511+0000] {processor.py:157} INFO - Started process (PID=23876) to work on /home/vscode/.local/lib/python3.10/site-packages/airflow/example_dags/example_task_group_decorator.py
[2025-08-14T10:26:06.512+0000] {processor.py:826} INFO - Processing file /home/vscode/.local/lib/python3.10/site-packages/airflow/example_dags/example_task_group_decorator.py for tasks to queue
[2025-08-14T10:26:06.512+0000] {logging_mixin.py:150} INFO - [2025-08-14T10:26:06.512+0000] {dagbag.py:541} INFO - Filling up the DagBag from /home/vscode/.local/lib/python3.10/site-packages/airflow/example_dags/example_task_group_decorator.py
[2025-08-14T10:26:06.524+0000] {processor.py:836} INFO - DAG(s) dict_keys(['example_task_group_decorator']) retrieved from /home/vscode/.local/lib/python3.10/site-packages/airflow/example_dags/example_task_group_decorator.py
[2025-08-14T10:26:06.538+0000] {logging_mixin.py:150} INFO - [2025-08-14T10:26:06.538+0000] {dag.py:2742} INFO - Sync 1 DAGs
[2025-08-14T10:26:06.553+0000] {logging_mixin.py:150} INFO - [2025-08-14T10:26:06.553+0000] {dag.py:3504} INFO - Setting next_dagrun for example_task_group_decorator to 2025-08-13T10:26:06.552907+00:00, run_after=2025-08-14T10:26:06.552907+00:00
[2025-08-14T10:26:06.568+0000] {processor.py:179} INFO - Processing /home/vscode/.local/lib/python3.10/site-packages/airflow/example_dags/example_task_group_decorator.py took 0.059 seconds
[2025-08-14T10:26:51.885+0000] {processor.py:157} INFO - Started process (PID=24177) to work on /home/vscode/.local/lib/python3.10/site-packages/airflow/example_dags/example_task_group_decorator.py
[2025-08-14T10:26:51.886+0000] {processor.py:826} INFO - Processing file /home/vscode/.local/lib/python3.10/site-packages/airflow/example_dags/example_task_group_decorator.py for tasks to queue
[2025-08-14T10:26:51.886+0000] {logging_mixin.py:150} INFO - [2025-08-14T10:26:51.886+0000] {dagbag.py:541} INFO - Filling up the DagBag from /home/vscode/.local/lib/python3.10/site-packages/airflow/example_dags/example_task_group_decorator.py
[2025-08-14T10:26:51.897+0000] {processor.py:836} INFO - DAG(s) dict_keys(['example_task_group_decorator']) retrieved from /home/vscode/.local/lib/python3.10/site-packages/airflow/example_dags/example_task_group_decorator.py
[2025-08-14T10:26:51.911+0000] {logging_mixin.py:150} INFO - [2025-08-14T10:26:51.911+0000] {dag.py:2742} INFO - Sync 1 DAGs
[2025-08-14T10:26:51.925+0000] {logging_mixin.py:150} INFO - [2025-08-14T10:26:51.925+0000] {dag.py:3504} INFO - Setting next_dagrun for example_task_group_decorator to 2025-08-13T10:26:51.924982+00:00, run_after=2025-08-14T10:26:51.924982+00:00
[2025-08-14T10:26:51.940+0000] {processor.py:179} INFO - Processing /home/vscode/.local/lib/python3.10/site-packages/airflow/example_dags/example_task_group_decorator.py took 0.057 seconds
[2025-08-14T10:27:41.358+0000] {processor.py:157} INFO - Started process (PID=24511) to work on /home/vscode/.local/lib/python3.10/site-packages/airflow/example_dags/example_task_group_decorator.py
[2025-08-14T10:27:41.358+0000] {processor.py:826} INFO - Processing file /home/vscode/.local/lib/python3.10/site-packages/airflow/example_dags/example_task_group_decorator.py for tasks to queue
[2025-08-14T10:27:41.359+0000] {logging_mixin.py:150} INFO - [2025-08-14T10:27:41.359+0000] {dagbag.py:541} INFO - Filling up the DagBag from /home/vscode/.local/lib/python3.10/site-packages/airflow/example_dags/example_task_group_decorator.py
[2025-08-14T10:27:41.371+0000] {processor.py:836} INFO - DAG(s) dict_keys(['example_task_group_decorator']) retrieved from /home/vscode/.local/lib/python3.10/site-packages/airflow/example_dags/example_task_group_decorator.py
[2025-08-14T10:27:41.385+0000] {logging_mixin.py:150} INFO - [2025-08-14T10:27:41.385+0000] {dag.py:2742} INFO - Sync 1 DAGs
[2025-08-14T10:27:41.400+0000] {logging_mixin.py:150} INFO - [2025-08-14T10:27:41.400+0000] {dag.py:3504} INFO - Setting next_dagrun for example_task_group_decorator to 2025-08-13T10:27:41.400153+00:00, run_after=2025-08-14T10:27:41.400153+00:00
[2025-08-14T10:27:41.416+0000] {processor.py:179} INFO - Processing /home/vscode/.local/lib/python3.10/site-packages/airflow/example_dags/example_task_group_decorator.py took 0.061 seconds
[2025-08-14T10:28:27.249+0000] {processor.py:157} INFO - Started process (PID=24814) to work on /home/vscode/.local/lib/python3.10/site-packages/airflow/example_dags/example_task_group_decorator.py
[2025-08-14T10:28:27.250+0000] {processor.py:826} INFO - Processing file /home/vscode/.local/lib/python3.10/site-packages/airflow/example_dags/example_task_group_decorator.py for tasks to queue
[2025-08-14T10:28:27.250+0000] {logging_mixin.py:150} INFO - [2025-08-14T10:28:27.250+0000] {dagbag.py:541} INFO - Filling up the DagBag from /home/vscode/.local/lib/python3.10/site-packages/airflow/example_dags/example_task_group_decorator.py
[2025-08-14T10:28:27.262+0000] {processor.py:836} INFO - DAG(s) dict_keys(['example_task_group_decorator']) retrieved from /home/vscode/.local/lib/python3.10/site-packages/airflow/example_dags/example_task_group_decorator.py
[2025-08-14T10:28:27.276+0000] {logging_mixin.py:150} INFO - [2025-08-14T10:28:27.276+0000] {dag.py:2742} INFO - Sync 1 DAGs
[2025-08-14T10:28:27.290+0000] {logging_mixin.py:150} INFO - [2025-08-14T10:28:27.290+0000] {dag.py:3504} INFO - Setting next_dagrun for example_task_group_decorator to 2025-08-13T10:28:27.290256+00:00, run_after=2025-08-14T10:28:27.290256+00:00
[2025-08-14T10:28:27.307+0000] {processor.py:179} INFO - Processing /home/vscode/.local/lib/python3.10/site-packages/airflow/example_dags/example_task_group_decorator.py took 0.060 seconds
[2025-08-14T10:29:15.083+0000] {processor.py:157} INFO - Started process (PID=25132) to work on /home/vscode/.local/lib/python3.10/site-packages/airflow/example_dags/example_task_group_decorator.py
[2025-08-14T10:29:15.083+0000] {processor.py:826} INFO - Processing file /home/vscode/.local/lib/python3.10/site-packages/airflow/example_dags/example_task_group_decorator.py for tasks to queue
[2025-08-14T10:29:15.084+0000] {logging_mixin.py:150} INFO - [2025-08-14T10:29:15.084+0000] {dagbag.py:541} INFO - Filling up the DagBag from /home/vscode/.local/lib/python3.10/site-packages/airflow/example_dags/example_task_group_decorator.py
[2025-08-14T10:29:15.097+0000] {processor.py:836} INFO - DAG(s) dict_keys(['example_task_group_decorator']) retrieved from /home/vscode/.local/lib/python3.10/site-packages/airflow/example_dags/example_task_group_decorator.py
[2025-08-14T10:29:15.112+0000] {logging_mixin.py:150} INFO - [2025-08-14T10:29:15.112+0000] {dag.py:2742} INFO - Sync 1 DAGs
[2025-08-14T10:29:15.126+0000] {logging_mixin.py:150} INFO - [2025-08-14T10:29:15.126+0000] {dag.py:3504} INFO - Setting next_dagrun for example_task_group_decorator to 2025-08-13T10:29:15.126456+00:00, run_after=2025-08-14T10:29:15.126456+00:00
[2025-08-14T10:29:15.141+0000] {processor.py:179} INFO - Processing /home/vscode/.local/lib/python3.10/site-packages/airflow/example_dags/example_task_group_decorator.py took 0.063 seconds
[2025-08-14T10:29:58.463+0000] {processor.py:157} INFO - Started process (PID=25427) to work on /home/vscode/.local/lib/python3.10/site-packages/airflow/example_dags/example_task_group_decorator.py
[2025-08-14T10:29:58.464+0000] {processor.py:826} INFO - Processing file /home/vscode/.local/lib/python3.10/site-packages/airflow/example_dags/example_task_group_decorator.py for tasks to queue
[2025-08-14T10:29:58.464+0000] {logging_mixin.py:150} INFO - [2025-08-14T10:29:58.464+0000] {dagbag.py:541} INFO - Filling up the DagBag from /home/vscode/.local/lib/python3.10/site-packages/airflow/example_dags/example_task_group_decorator.py
[2025-08-14T10:29:58.476+0000] {processor.py:836} INFO - DAG(s) dict_keys(['example_task_group_decorator']) retrieved from /home/vscode/.local/lib/python3.10/site-packages/airflow/example_dags/example_task_group_decorator.py
[2025-08-14T10:29:58.490+0000] {logging_mixin.py:150} INFO - [2025-08-14T10:29:58.490+0000] {dag.py:2742} INFO - Sync 1 DAGs
[2025-08-14T10:29:58.504+0000] {logging_mixin.py:150} INFO - [2025-08-14T10:29:58.504+0000] {dag.py:3504} INFO - Setting next_dagrun for example_task_group_decorator to 2025-08-13T10:29:58.504023+00:00, run_after=2025-08-14T10:29:58.504023+00:00
[2025-08-14T10:29:58.520+0000] {processor.py:179} INFO - Processing /home/vscode/.local/lib/python3.10/site-packages/airflow/example_dags/example_task_group_decorator.py took 0.059 seconds
[2025-08-14T10:30:48.628+0000] {processor.py:157} INFO - Started process (PID=25755) to work on /home/vscode/.local/lib/python3.10/site-packages/airflow/example_dags/example_task_group_decorator.py
[2025-08-14T10:30:48.629+0000] {processor.py:826} INFO - Processing file /home/vscode/.local/lib/python3.10/site-packages/airflow/example_dags/example_task_group_decorator.py for tasks to queue
[2025-08-14T10:30:48.629+0000] {logging_mixin.py:150} INFO - [2025-08-14T10:30:48.629+0000] {dagbag.py:541} INFO - Filling up the DagBag from /home/vscode/.local/lib/python3.10/site-packages/airflow/example_dags/example_task_group_decorator.py
[2025-08-14T10:30:48.640+0000] {processor.py:836} INFO - DAG(s) dict_keys(['example_task_group_decorator']) retrieved from /home/vscode/.local/lib/python3.10/site-packages/airflow/example_dags/example_task_group_decorator.py
[2025-08-14T10:30:48.661+0000] {logging_mixin.py:150} INFO - [2025-08-14T10:30:48.660+0000] {dag.py:2742} INFO - Sync 1 DAGs
[2025-08-14T10:30:48.690+0000] {logging_mixin.py:150} INFO - [2025-08-14T10:30:48.689+0000] {dag.py:3504} INFO - Setting next_dagrun for example_task_group_decorator to 2025-08-13T10:30:48.689749+00:00, run_after=2025-08-14T10:30:48.689749+00:00
[2025-08-14T10:30:48.711+0000] {processor.py:179} INFO - Processing /home/vscode/.local/lib/python3.10/site-packages/airflow/example_dags/example_task_group_decorator.py took 0.085 seconds
[2025-08-14T10:31:32.713+0000] {processor.py:157} INFO - Started process (PID=26052) to work on /home/vscode/.local/lib/python3.10/site-packages/airflow/example_dags/example_task_group_decorator.py
[2025-08-14T10:31:32.713+0000] {processor.py:826} INFO - Processing file /home/vscode/.local/lib/python3.10/site-packages/airflow/example_dags/example_task_group_decorator.py for tasks to queue
[2025-08-14T10:31:32.714+0000] {logging_mixin.py:150} INFO - [2025-08-14T10:31:32.713+0000] {dagbag.py:541} INFO - Filling up the DagBag from /home/vscode/.local/lib/python3.10/site-packages/airflow/example_dags/example_task_group_decorator.py
[2025-08-14T10:31:32.725+0000] {processor.py:836} INFO - DAG(s) dict_keys(['example_task_group_decorator']) retrieved from /home/vscode/.local/lib/python3.10/site-packages/airflow/example_dags/example_task_group_decorator.py
[2025-08-14T10:31:32.738+0000] {logging_mixin.py:150} INFO - [2025-08-14T10:31:32.738+0000] {dag.py:2742} INFO - Sync 1 DAGs
[2025-08-14T10:31:32.753+0000] {logging_mixin.py:150} INFO - [2025-08-14T10:31:32.753+0000] {dag.py:3504} INFO - Setting next_dagrun for example_task_group_decorator to 2025-08-13T10:31:32.753336+00:00, run_after=2025-08-14T10:31:32.753336+00:00
[2025-08-14T10:31:32.769+0000] {processor.py:179} INFO - Processing /home/vscode/.local/lib/python3.10/site-packages/airflow/example_dags/example_task_group_decorator.py took 0.059 seconds
[2025-08-14T10:32:16.062+0000] {processor.py:157} INFO - Started process (PID=26340) to work on /home/vscode/.local/lib/python3.10/site-packages/airflow/example_dags/example_task_group_decorator.py
[2025-08-14T10:32:16.063+0000] {processor.py:826} INFO - Processing file /home/vscode/.local/lib/python3.10/site-packages/airflow/example_dags/example_task_group_decorator.py for tasks to queue
[2025-08-14T10:32:16.063+0000] {logging_mixin.py:150} INFO - [2025-08-14T10:32:16.063+0000] {dagbag.py:541} INFO - Filling up the DagBag from /home/vscode/.local/lib/python3.10/site-packages/airflow/example_dags/example_task_group_decorator.py
[2025-08-14T10:32:16.074+0000] {processor.py:836} INFO - DAG(s) dict_keys(['example_task_group_decorator']) retrieved from /home/vscode/.local/lib/python3.10/site-packages/airflow/example_dags/example_task_group_decorator.py
[2025-08-14T10:32:16.088+0000] {logging_mixin.py:150} INFO - [2025-08-14T10:32:16.088+0000] {dag.py:2742} INFO - Sync 1 DAGs
[2025-08-14T10:32:16.102+0000] {logging_mixin.py:150} INFO - [2025-08-14T10:32:16.101+0000] {dag.py:3504} INFO - Setting next_dagrun for example_task_group_decorator to 2025-08-13T10:32:16.101684+00:00, run_after=2025-08-14T10:32:16.101684+00:00
[2025-08-14T10:32:16.121+0000] {processor.py:179} INFO - Processing /home/vscode/.local/lib/python3.10/site-packages/airflow/example_dags/example_task_group_decorator.py took 0.062 seconds
[2025-08-14T10:32:58.594+0000] {processor.py:157} INFO - Started process (PID=26631) to work on /home/vscode/.local/lib/python3.10/site-packages/airflow/example_dags/example_task_group_decorator.py
[2025-08-14T10:32:58.595+0000] {processor.py:826} INFO - Processing file /home/vscode/.local/lib/python3.10/site-packages/airflow/example_dags/example_task_group_decorator.py for tasks to queue
[2025-08-14T10:32:58.595+0000] {logging_mixin.py:150} INFO - [2025-08-14T10:32:58.595+0000] {dagbag.py:541} INFO - Filling up the DagBag from /home/vscode/.local/lib/python3.10/site-packages/airflow/example_dags/example_task_group_decorator.py
[2025-08-14T10:32:58.607+0000] {processor.py:836} INFO - DAG(s) dict_keys(['example_task_group_decorator']) retrieved from /home/vscode/.local/lib/python3.10/site-packages/airflow/example_dags/example_task_group_decorator.py
[2025-08-14T10:32:58.620+0000] {logging_mixin.py:150} INFO - [2025-08-14T10:32:58.620+0000] {dag.py:2742} INFO - Sync 1 DAGs
[2025-08-14T10:32:58.635+0000] {logging_mixin.py:150} INFO - [2025-08-14T10:32:58.635+0000] {dag.py:3504} INFO - Setting next_dagrun for example_task_group_decorator to 2025-08-13T10:32:58.635190+00:00, run_after=2025-08-14T10:32:58.635190+00:00
[2025-08-14T10:32:58.653+0000] {processor.py:179} INFO - Processing /home/vscode/.local/lib/python3.10/site-packages/airflow/example_dags/example_task_group_decorator.py took 0.061 seconds
[2025-08-14T10:33:43.886+0000] {processor.py:157} INFO - Started process (PID=27052) to work on /home/vscode/.local/lib/python3.10/site-packages/airflow/example_dags/example_task_group_decorator.py
[2025-08-14T10:33:43.887+0000] {processor.py:826} INFO - Processing file /home/vscode/.local/lib/python3.10/site-packages/airflow/example_dags/example_task_group_decorator.py for tasks to queue
[2025-08-14T10:33:43.888+0000] {logging_mixin.py:150} INFO - [2025-08-14T10:33:43.887+0000] {dagbag.py:541} INFO - Filling up the DagBag from /home/vscode/.local/lib/python3.10/site-packages/airflow/example_dags/example_task_group_decorator.py
[2025-08-14T10:33:43.899+0000] {processor.py:836} INFO - DAG(s) dict_keys(['example_task_group_decorator']) retrieved from /home/vscode/.local/lib/python3.10/site-packages/airflow/example_dags/example_task_group_decorator.py
[2025-08-14T10:33:43.913+0000] {logging_mixin.py:150} INFO - [2025-08-14T10:33:43.913+0000] {dag.py:2742} INFO - Sync 1 DAGs
[2025-08-14T10:33:43.927+0000] {logging_mixin.py:150} INFO - [2025-08-14T10:33:43.927+0000] {dag.py:3504} INFO - Setting next_dagrun for example_task_group_decorator to 2025-08-13T10:33:43.926966+00:00, run_after=2025-08-14T10:33:43.926966+00:00
[2025-08-14T10:33:43.944+0000] {processor.py:179} INFO - Processing /home/vscode/.local/lib/python3.10/site-packages/airflow/example_dags/example_task_group_decorator.py took 0.060 seconds
[2025-08-14T10:34:28.578+0000] {processor.py:157} INFO - Started process (PID=27346) to work on /home/vscode/.local/lib/python3.10/site-packages/airflow/example_dags/example_task_group_decorator.py
[2025-08-14T10:34:28.579+0000] {processor.py:826} INFO - Processing file /home/vscode/.local/lib/python3.10/site-packages/airflow/example_dags/example_task_group_decorator.py for tasks to queue
[2025-08-14T10:34:28.580+0000] {logging_mixin.py:150} INFO - [2025-08-14T10:34:28.579+0000] {dagbag.py:541} INFO - Filling up the DagBag from /home/vscode/.local/lib/python3.10/site-packages/airflow/example_dags/example_task_group_decorator.py
[2025-08-14T10:34:28.591+0000] {processor.py:836} INFO - DAG(s) dict_keys(['example_task_group_decorator']) retrieved from /home/vscode/.local/lib/python3.10/site-packages/airflow/example_dags/example_task_group_decorator.py
[2025-08-14T10:34:28.605+0000] {logging_mixin.py:150} INFO - [2025-08-14T10:34:28.605+0000] {dag.py:2742} INFO - Sync 1 DAGs
[2025-08-14T10:34:28.621+0000] {logging_mixin.py:150} INFO - [2025-08-14T10:34:28.621+0000] {dag.py:3504} INFO - Setting next_dagrun for example_task_group_decorator to 2025-08-13T10:34:28.620996+00:00, run_after=2025-08-14T10:34:28.620996+00:00
[2025-08-14T10:34:28.636+0000] {processor.py:179} INFO - Processing /home/vscode/.local/lib/python3.10/site-packages/airflow/example_dags/example_task_group_decorator.py took 0.060 seconds
[2025-08-14T10:35:15.955+0000] {processor.py:157} INFO - Started process (PID=27664) to work on /home/vscode/.local/lib/python3.10/site-packages/airflow/example_dags/example_task_group_decorator.py
[2025-08-14T10:35:15.956+0000] {processor.py:826} INFO - Processing file /home/vscode/.local/lib/python3.10/site-packages/airflow/example_dags/example_task_group_decorator.py for tasks to queue
[2025-08-14T10:35:15.956+0000] {logging_mixin.py:150} INFO - [2025-08-14T10:35:15.956+0000] {dagbag.py:541} INFO - Filling up the DagBag from /home/vscode/.local/lib/python3.10/site-packages/airflow/example_dags/example_task_group_decorator.py
[2025-08-14T10:35:15.967+0000] {processor.py:836} INFO - DAG(s) dict_keys(['example_task_group_decorator']) retrieved from /home/vscode/.local/lib/python3.10/site-packages/airflow/example_dags/example_task_group_decorator.py
[2025-08-14T10:35:15.981+0000] {logging_mixin.py:150} INFO - [2025-08-14T10:35:15.981+0000] {dag.py:2742} INFO - Sync 1 DAGs
[2025-08-14T10:35:15.995+0000] {logging_mixin.py:150} INFO - [2025-08-14T10:35:15.995+0000] {dag.py:3504} INFO - Setting next_dagrun for example_task_group_decorator to 2025-08-13T10:35:15.995246+00:00, run_after=2025-08-14T10:35:15.995246+00:00
[2025-08-14T10:35:16.012+0000] {processor.py:179} INFO - Processing /home/vscode/.local/lib/python3.10/site-packages/airflow/example_dags/example_task_group_decorator.py took 0.059 seconds
[2025-08-14T10:35:59.813+0000] {processor.py:157} INFO - Started process (PID=27958) to work on /home/vscode/.local/lib/python3.10/site-packages/airflow/example_dags/example_task_group_decorator.py
[2025-08-14T10:35:59.814+0000] {processor.py:826} INFO - Processing file /home/vscode/.local/lib/python3.10/site-packages/airflow/example_dags/example_task_group_decorator.py for tasks to queue
[2025-08-14T10:35:59.814+0000] {logging_mixin.py:150} INFO - [2025-08-14T10:35:59.814+0000] {dagbag.py:541} INFO - Filling up the DagBag from /home/vscode/.local/lib/python3.10/site-packages/airflow/example_dags/example_task_group_decorator.py
[2025-08-14T10:35:59.826+0000] {processor.py:836} INFO - DAG(s) dict_keys(['example_task_group_decorator']) retrieved from /home/vscode/.local/lib/python3.10/site-packages/airflow/example_dags/example_task_group_decorator.py
[2025-08-14T10:35:59.839+0000] {logging_mixin.py:150} INFO - [2025-08-14T10:35:59.839+0000] {dag.py:2742} INFO - Sync 1 DAGs
[2025-08-14T10:35:59.853+0000] {logging_mixin.py:150} INFO - [2025-08-14T10:35:59.853+0000] {dag.py:3504} INFO - Setting next_dagrun for example_task_group_decorator to 2025-08-13T10:35:59.853691+00:00, run_after=2025-08-14T10:35:59.853691+00:00
[2025-08-14T10:35:59.869+0000] {processor.py:179} INFO - Processing /home/vscode/.local/lib/python3.10/site-packages/airflow/example_dags/example_task_group_decorator.py took 0.058 seconds
[2025-08-14T10:36:50.488+0000] {processor.py:157} INFO - Started process (PID=28287) to work on /home/vscode/.local/lib/python3.10/site-packages/airflow/example_dags/example_task_group_decorator.py
[2025-08-14T10:36:50.489+0000] {processor.py:826} INFO - Processing file /home/vscode/.local/lib/python3.10/site-packages/airflow/example_dags/example_task_group_decorator.py for tasks to queue
[2025-08-14T10:36:50.490+0000] {logging_mixin.py:150} INFO - [2025-08-14T10:36:50.489+0000] {dagbag.py:541} INFO - Filling up the DagBag from /home/vscode/.local/lib/python3.10/site-packages/airflow/example_dags/example_task_group_decorator.py
[2025-08-14T10:36:50.500+0000] {processor.py:836} INFO - DAG(s) dict_keys(['example_task_group_decorator']) retrieved from /home/vscode/.local/lib/python3.10/site-packages/airflow/example_dags/example_task_group_decorator.py
[2025-08-14T10:36:50.514+0000] {logging_mixin.py:150} INFO - [2025-08-14T10:36:50.514+0000] {dag.py:2742} INFO - Sync 1 DAGs
[2025-08-14T10:36:50.527+0000] {logging_mixin.py:150} INFO - [2025-08-14T10:36:50.527+0000] {dag.py:3504} INFO - Setting next_dagrun for example_task_group_decorator to 2025-08-13T10:36:50.527702+00:00, run_after=2025-08-14T10:36:50.527702+00:00
[2025-08-14T10:36:50.542+0000] {processor.py:179} INFO - Processing /home/vscode/.local/lib/python3.10/site-packages/airflow/example_dags/example_task_group_decorator.py took 0.056 seconds
[2025-08-14T10:37:35.333+0000] {processor.py:157} INFO - Started process (PID=28595) to work on /home/vscode/.local/lib/python3.10/site-packages/airflow/example_dags/example_task_group_decorator.py
[2025-08-14T10:37:35.333+0000] {processor.py:826} INFO - Processing file /home/vscode/.local/lib/python3.10/site-packages/airflow/example_dags/example_task_group_decorator.py for tasks to queue
[2025-08-14T10:37:35.334+0000] {logging_mixin.py:150} INFO - [2025-08-14T10:37:35.334+0000] {dagbag.py:541} INFO - Filling up the DagBag from /home/vscode/.local/lib/python3.10/site-packages/airflow/example_dags/example_task_group_decorator.py
[2025-08-14T10:37:35.345+0000] {processor.py:836} INFO - DAG(s) dict_keys(['example_task_group_decorator']) retrieved from /home/vscode/.local/lib/python3.10/site-packages/airflow/example_dags/example_task_group_decorator.py
[2025-08-14T10:37:35.358+0000] {logging_mixin.py:150} INFO - [2025-08-14T10:37:35.358+0000] {dag.py:2742} INFO - Sync 1 DAGs
[2025-08-14T10:37:35.372+0000] {logging_mixin.py:150} INFO - [2025-08-14T10:37:35.371+0000] {dag.py:3504} INFO - Setting next_dagrun for example_task_group_decorator to 2025-08-13T10:37:35.371778+00:00, run_after=2025-08-14T10:37:35.371778+00:00
[2025-08-14T10:37:35.387+0000] {processor.py:179} INFO - Processing /home/vscode/.local/lib/python3.10/site-packages/airflow/example_dags/example_task_group_decorator.py took 0.056 seconds
[2025-08-14T10:38:22.967+0000] {processor.py:157} INFO - Started process (PID=28915) to work on /home/vscode/.local/lib/python3.10/site-packages/airflow/example_dags/example_task_group_decorator.py
[2025-08-14T10:38:22.968+0000] {processor.py:826} INFO - Processing file /home/vscode/.local/lib/python3.10/site-packages/airflow/example_dags/example_task_group_decorator.py for tasks to queue
[2025-08-14T10:38:22.969+0000] {logging_mixin.py:150} INFO - [2025-08-14T10:38:22.968+0000] {dagbag.py:541} INFO - Filling up the DagBag from /home/vscode/.local/lib/python3.10/site-packages/airflow/example_dags/example_task_group_decorator.py
[2025-08-14T10:38:22.981+0000] {processor.py:836} INFO - DAG(s) dict_keys(['example_task_group_decorator']) retrieved from /home/vscode/.local/lib/python3.10/site-packages/airflow/example_dags/example_task_group_decorator.py
[2025-08-14T10:38:22.996+0000] {logging_mixin.py:150} INFO - [2025-08-14T10:38:22.995+0000] {dag.py:2742} INFO - Sync 1 DAGs
[2025-08-14T10:38:23.016+0000] {logging_mixin.py:150} INFO - [2025-08-14T10:38:23.016+0000] {dag.py:3504} INFO - Setting next_dagrun for example_task_group_decorator to 2025-08-13T10:38:23.016387+00:00, run_after=2025-08-14T10:38:23.016387+00:00
[2025-08-14T10:38:23.038+0000] {processor.py:179} INFO - Processing /home/vscode/.local/lib/python3.10/site-packages/airflow/example_dags/example_task_group_decorator.py took 0.073 seconds
[2025-08-14T10:39:12.106+0000] {processor.py:157} INFO - Started process (PID=29241) to work on /home/vscode/.local/lib/python3.10/site-packages/airflow/example_dags/example_task_group_decorator.py
[2025-08-14T10:39:12.107+0000] {processor.py:826} INFO - Processing file /home/vscode/.local/lib/python3.10/site-packages/airflow/example_dags/example_task_group_decorator.py for tasks to queue
[2025-08-14T10:39:12.108+0000] {logging_mixin.py:150} INFO - [2025-08-14T10:39:12.107+0000] {dagbag.py:541} INFO - Filling up the DagBag from /home/vscode/.local/lib/python3.10/site-packages/airflow/example_dags/example_task_group_decorator.py
[2025-08-14T10:39:12.119+0000] {processor.py:836} INFO - DAG(s) dict_keys(['example_task_group_decorator']) retrieved from /home/vscode/.local/lib/python3.10/site-packages/airflow/example_dags/example_task_group_decorator.py
[2025-08-14T10:39:12.133+0000] {logging_mixin.py:150} INFO - [2025-08-14T10:39:12.133+0000] {dag.py:2742} INFO - Sync 1 DAGs
[2025-08-14T10:39:12.149+0000] {logging_mixin.py:150} INFO - [2025-08-14T10:39:12.149+0000] {dag.py:3504} INFO - Setting next_dagrun for example_task_group_decorator to 2025-08-13T10:39:12.149361+00:00, run_after=2025-08-14T10:39:12.149361+00:00
[2025-08-14T10:39:12.166+0000] {processor.py:179} INFO - Processing /home/vscode/.local/lib/python3.10/site-packages/airflow/example_dags/example_task_group_decorator.py took 0.062 seconds
[2025-08-14T10:39:57.076+0000] {processor.py:157} INFO - Started process (PID=29537) to work on /home/vscode/.local/lib/python3.10/site-packages/airflow/example_dags/example_task_group_decorator.py
[2025-08-14T10:39:57.077+0000] {processor.py:826} INFO - Processing file /home/vscode/.local/lib/python3.10/site-packages/airflow/example_dags/example_task_group_decorator.py for tasks to queue
[2025-08-14T10:39:57.077+0000] {logging_mixin.py:150} INFO - [2025-08-14T10:39:57.077+0000] {dagbag.py:541} INFO - Filling up the DagBag from /home/vscode/.local/lib/python3.10/site-packages/airflow/example_dags/example_task_group_decorator.py
[2025-08-14T10:39:57.089+0000] {processor.py:836} INFO - DAG(s) dict_keys(['example_task_group_decorator']) retrieved from /home/vscode/.local/lib/python3.10/site-packages/airflow/example_dags/example_task_group_decorator.py
[2025-08-14T10:39:57.103+0000] {logging_mixin.py:150} INFO - [2025-08-14T10:39:57.103+0000] {dag.py:2742} INFO - Sync 1 DAGs
[2025-08-14T10:39:57.117+0000] {logging_mixin.py:150} INFO - [2025-08-14T10:39:57.117+0000] {dag.py:3504} INFO - Setting next_dagrun for example_task_group_decorator to 2025-08-13T10:39:57.117306+00:00, run_after=2025-08-14T10:39:57.117306+00:00
[2025-08-14T10:39:57.133+0000] {processor.py:179} INFO - Processing /home/vscode/.local/lib/python3.10/site-packages/airflow/example_dags/example_task_group_decorator.py took 0.060 seconds
[2025-08-14T10:40:46.630+0000] {processor.py:157} INFO - Started process (PID=29872) to work on /home/vscode/.local/lib/python3.10/site-packages/airflow/example_dags/example_task_group_decorator.py
[2025-08-14T10:40:46.630+0000] {processor.py:826} INFO - Processing file /home/vscode/.local/lib/python3.10/site-packages/airflow/example_dags/example_task_group_decorator.py for tasks to queue
[2025-08-14T10:40:46.631+0000] {logging_mixin.py:150} INFO - [2025-08-14T10:40:46.631+0000] {dagbag.py:541} INFO - Filling up the DagBag from /home/vscode/.local/lib/python3.10/site-packages/airflow/example_dags/example_task_group_decorator.py
[2025-08-14T10:40:46.642+0000] {processor.py:836} INFO - DAG(s) dict_keys(['example_task_group_decorator']) retrieved from /home/vscode/.local/lib/python3.10/site-packages/airflow/example_dags/example_task_group_decorator.py
[2025-08-14T10:40:46.656+0000] {logging_mixin.py:150} INFO - [2025-08-14T10:40:46.655+0000] {dag.py:2742} INFO - Sync 1 DAGs
[2025-08-14T10:40:46.670+0000] {logging_mixin.py:150} INFO - [2025-08-14T10:40:46.669+0000] {dag.py:3504} INFO - Setting next_dagrun for example_task_group_decorator to 2025-08-13T10:40:46.669761+00:00, run_after=2025-08-14T10:40:46.669761+00:00
[2025-08-14T10:40:46.686+0000] {processor.py:179} INFO - Processing /home/vscode/.local/lib/python3.10/site-packages/airflow/example_dags/example_task_group_decorator.py took 0.058 seconds
[2025-08-14T10:41:34.822+0000] {processor.py:157} INFO - Started process (PID=30191) to work on /home/vscode/.local/lib/python3.10/site-packages/airflow/example_dags/example_task_group_decorator.py
[2025-08-14T10:41:34.823+0000] {processor.py:826} INFO - Processing file /home/vscode/.local/lib/python3.10/site-packages/airflow/example_dags/example_task_group_decorator.py for tasks to queue
[2025-08-14T10:41:34.823+0000] {logging_mixin.py:150} INFO - [2025-08-14T10:41:34.823+0000] {dagbag.py:541} INFO - Filling up the DagBag from /home/vscode/.local/lib/python3.10/site-packages/airflow/example_dags/example_task_group_decorator.py
[2025-08-14T10:41:34.835+0000] {processor.py:836} INFO - DAG(s) dict_keys(['example_task_group_decorator']) retrieved from /home/vscode/.local/lib/python3.10/site-packages/airflow/example_dags/example_task_group_decorator.py
[2025-08-14T10:41:34.850+0000] {logging_mixin.py:150} INFO - [2025-08-14T10:41:34.850+0000] {dag.py:2742} INFO - Sync 1 DAGs
[2025-08-14T10:41:34.864+0000] {logging_mixin.py:150} INFO - [2025-08-14T10:41:34.864+0000] {dag.py:3504} INFO - Setting next_dagrun for example_task_group_decorator to 2025-08-13T10:41:34.864091+00:00, run_after=2025-08-14T10:41:34.864091+00:00
[2025-08-14T10:41:34.879+0000] {processor.py:179} INFO - Processing /home/vscode/.local/lib/python3.10/site-packages/airflow/example_dags/example_task_group_decorator.py took 0.059 seconds
[2025-08-14T10:42:23.296+0000] {processor.py:157} INFO - Started process (PID=30514) to work on /home/vscode/.local/lib/python3.10/site-packages/airflow/example_dags/example_task_group_decorator.py
[2025-08-14T10:42:23.297+0000] {processor.py:826} INFO - Processing file /home/vscode/.local/lib/python3.10/site-packages/airflow/example_dags/example_task_group_decorator.py for tasks to queue
[2025-08-14T10:42:23.297+0000] {logging_mixin.py:150} INFO - [2025-08-14T10:42:23.297+0000] {dagbag.py:541} INFO - Filling up the DagBag from /home/vscode/.local/lib/python3.10/site-packages/airflow/example_dags/example_task_group_decorator.py
[2025-08-14T10:42:23.309+0000] {processor.py:836} INFO - DAG(s) dict_keys(['example_task_group_decorator']) retrieved from /home/vscode/.local/lib/python3.10/site-packages/airflow/example_dags/example_task_group_decorator.py
[2025-08-14T10:42:23.323+0000] {logging_mixin.py:150} INFO - [2025-08-14T10:42:23.323+0000] {dag.py:2742} INFO - Sync 1 DAGs
[2025-08-14T10:42:23.337+0000] {logging_mixin.py:150} INFO - [2025-08-14T10:42:23.337+0000] {dag.py:3504} INFO - Setting next_dagrun for example_task_group_decorator to 2025-08-13T10:42:23.337434+00:00, run_after=2025-08-14T10:42:23.337434+00:00
[2025-08-14T10:42:23.353+0000] {processor.py:179} INFO - Processing /home/vscode/.local/lib/python3.10/site-packages/airflow/example_dags/example_task_group_decorator.py took 0.060 seconds
[2025-08-14T10:43:08.420+0000] {processor.py:157} INFO - Started process (PID=30811) to work on /home/vscode/.local/lib/python3.10/site-packages/airflow/example_dags/example_task_group_decorator.py
[2025-08-14T10:43:08.421+0000] {processor.py:826} INFO - Processing file /home/vscode/.local/lib/python3.10/site-packages/airflow/example_dags/example_task_group_decorator.py for tasks to queue
[2025-08-14T10:43:08.422+0000] {logging_mixin.py:150} INFO - [2025-08-14T10:43:08.421+0000] {dagbag.py:541} INFO - Filling up the DagBag from /home/vscode/.local/lib/python3.10/site-packages/airflow/example_dags/example_task_group_decorator.py
[2025-08-14T10:43:08.434+0000] {processor.py:836} INFO - DAG(s) dict_keys(['example_task_group_decorator']) retrieved from /home/vscode/.local/lib/python3.10/site-packages/airflow/example_dags/example_task_group_decorator.py
[2025-08-14T10:43:08.449+0000] {logging_mixin.py:150} INFO - [2025-08-14T10:43:08.449+0000] {dag.py:2742} INFO - Sync 1 DAGs
[2025-08-14T10:43:08.463+0000] {logging_mixin.py:150} INFO - [2025-08-14T10:43:08.463+0000] {dag.py:3504} INFO - Setting next_dagrun for example_task_group_decorator to 2025-08-13T10:43:08.463373+00:00, run_after=2025-08-14T10:43:08.463373+00:00
[2025-08-14T10:43:08.478+0000] {processor.py:179} INFO - Processing /home/vscode/.local/lib/python3.10/site-packages/airflow/example_dags/example_task_group_decorator.py took 0.059 seconds
[2025-08-14T10:43:58.635+0000] {processor.py:157} INFO - Started process (PID=31141) to work on /home/vscode/.local/lib/python3.10/site-packages/airflow/example_dags/example_task_group_decorator.py
[2025-08-14T10:43:58.635+0000] {processor.py:826} INFO - Processing file /home/vscode/.local/lib/python3.10/site-packages/airflow/example_dags/example_task_group_decorator.py for tasks to queue
[2025-08-14T10:43:58.636+0000] {logging_mixin.py:150} INFO - [2025-08-14T10:43:58.636+0000] {dagbag.py:541} INFO - Filling up the DagBag from /home/vscode/.local/lib/python3.10/site-packages/airflow/example_dags/example_task_group_decorator.py
[2025-08-14T10:43:58.647+0000] {processor.py:836} INFO - DAG(s) dict_keys(['example_task_group_decorator']) retrieved from /home/vscode/.local/lib/python3.10/site-packages/airflow/example_dags/example_task_group_decorator.py
[2025-08-14T10:43:58.661+0000] {logging_mixin.py:150} INFO - [2025-08-14T10:43:58.661+0000] {dag.py:2742} INFO - Sync 1 DAGs
[2025-08-14T10:43:58.676+0000] {logging_mixin.py:150} INFO - [2025-08-14T10:43:58.676+0000] {dag.py:3504} INFO - Setting next_dagrun for example_task_group_decorator to 2025-08-13T10:43:58.676110+00:00, run_after=2025-08-14T10:43:58.676110+00:00
[2025-08-14T10:43:58.691+0000] {processor.py:179} INFO - Processing /home/vscode/.local/lib/python3.10/site-packages/airflow/example_dags/example_task_group_decorator.py took 0.059 seconds
[2025-08-14T10:44:44.885+0000] {processor.py:157} INFO - Started process (PID=31456) to work on /home/vscode/.local/lib/python3.10/site-packages/airflow/example_dags/example_task_group_decorator.py
[2025-08-14T10:44:44.885+0000] {processor.py:826} INFO - Processing file /home/vscode/.local/lib/python3.10/site-packages/airflow/example_dags/example_task_group_decorator.py for tasks to queue
[2025-08-14T10:44:44.886+0000] {logging_mixin.py:150} INFO - [2025-08-14T10:44:44.886+0000] {dagbag.py:541} INFO - Filling up the DagBag from /home/vscode/.local/lib/python3.10/site-packages/airflow/example_dags/example_task_group_decorator.py
[2025-08-14T10:44:44.897+0000] {processor.py:836} INFO - DAG(s) dict_keys(['example_task_group_decorator']) retrieved from /home/vscode/.local/lib/python3.10/site-packages/airflow/example_dags/example_task_group_decorator.py
[2025-08-14T10:44:44.911+0000] {logging_mixin.py:150} INFO - [2025-08-14T10:44:44.911+0000] {dag.py:2742} INFO - Sync 1 DAGs
[2025-08-14T10:44:44.924+0000] {logging_mixin.py:150} INFO - [2025-08-14T10:44:44.924+0000] {dag.py:3504} INFO - Setting next_dagrun for example_task_group_decorator to 2025-08-13T10:44:44.924618+00:00, run_after=2025-08-14T10:44:44.924618+00:00
[2025-08-14T10:44:44.939+0000] {processor.py:179} INFO - Processing /home/vscode/.local/lib/python3.10/site-packages/airflow/example_dags/example_task_group_decorator.py took 0.057 seconds
[2025-08-14T10:45:31.781+0000] {processor.py:157} INFO - Started process (PID=31768) to work on /home/vscode/.local/lib/python3.10/site-packages/airflow/example_dags/example_task_group_decorator.py
[2025-08-14T10:45:31.781+0000] {processor.py:826} INFO - Processing file /home/vscode/.local/lib/python3.10/site-packages/airflow/example_dags/example_task_group_decorator.py for tasks to queue
[2025-08-14T10:45:31.782+0000] {logging_mixin.py:150} INFO - [2025-08-14T10:45:31.782+0000] {dagbag.py:541} INFO - Filling up the DagBag from /home/vscode/.local/lib/python3.10/site-packages/airflow/example_dags/example_task_group_decorator.py
[2025-08-14T10:45:31.793+0000] {processor.py:836} INFO - DAG(s) dict_keys(['example_task_group_decorator']) retrieved from /home/vscode/.local/lib/python3.10/site-packages/airflow/example_dags/example_task_group_decorator.py
[2025-08-14T10:45:31.807+0000] {logging_mixin.py:150} INFO - [2025-08-14T10:45:31.807+0000] {dag.py:2742} INFO - Sync 1 DAGs
[2025-08-14T10:45:31.822+0000] {logging_mixin.py:150} INFO - [2025-08-14T10:45:31.821+0000] {dag.py:3504} INFO - Setting next_dagrun for example_task_group_decorator to 2025-08-13T10:45:31.821814+00:00, run_after=2025-08-14T10:45:31.821814+00:00
[2025-08-14T10:45:31.837+0000] {processor.py:179} INFO - Processing /home/vscode/.local/lib/python3.10/site-packages/airflow/example_dags/example_task_group_decorator.py took 0.058 seconds
[2025-08-14T10:46:16.208+0000] {processor.py:157} INFO - Started process (PID=32069) to work on /home/vscode/.local/lib/python3.10/site-packages/airflow/example_dags/example_task_group_decorator.py
[2025-08-14T10:46:16.209+0000] {processor.py:826} INFO - Processing file /home/vscode/.local/lib/python3.10/site-packages/airflow/example_dags/example_task_group_decorator.py for tasks to queue
[2025-08-14T10:46:16.209+0000] {logging_mixin.py:150} INFO - [2025-08-14T10:46:16.209+0000] {dagbag.py:541} INFO - Filling up the DagBag from /home/vscode/.local/lib/python3.10/site-packages/airflow/example_dags/example_task_group_decorator.py
[2025-08-14T10:46:16.221+0000] {processor.py:836} INFO - DAG(s) dict_keys(['example_task_group_decorator']) retrieved from /home/vscode/.local/lib/python3.10/site-packages/airflow/example_dags/example_task_group_decorator.py
[2025-08-14T10:46:16.235+0000] {logging_mixin.py:150} INFO - [2025-08-14T10:46:16.235+0000] {dag.py:2742} INFO - Sync 1 DAGs
[2025-08-14T10:46:16.249+0000] {logging_mixin.py:150} INFO - [2025-08-14T10:46:16.249+0000] {dag.py:3504} INFO - Setting next_dagrun for example_task_group_decorator to 2025-08-13T10:46:16.249666+00:00, run_after=2025-08-14T10:46:16.249666+00:00
[2025-08-14T10:46:16.265+0000] {processor.py:179} INFO - Processing /home/vscode/.local/lib/python3.10/site-packages/airflow/example_dags/example_task_group_decorator.py took 0.059 seconds
[2025-08-14T10:47:04.970+0000] {processor.py:157} INFO - Started process (PID=32385) to work on /home/vscode/.local/lib/python3.10/site-packages/airflow/example_dags/example_task_group_decorator.py
[2025-08-14T10:47:04.970+0000] {processor.py:826} INFO - Processing file /home/vscode/.local/lib/python3.10/site-packages/airflow/example_dags/example_task_group_decorator.py for tasks to queue
[2025-08-14T10:47:04.971+0000] {logging_mixin.py:150} INFO - [2025-08-14T10:47:04.971+0000] {dagbag.py:541} INFO - Filling up the DagBag from /home/vscode/.local/lib/python3.10/site-packages/airflow/example_dags/example_task_group_decorator.py
[2025-08-14T10:47:04.988+0000] {processor.py:836} INFO - DAG(s) dict_keys(['example_task_group_decorator']) retrieved from /home/vscode/.local/lib/python3.10/site-packages/airflow/example_dags/example_task_group_decorator.py
[2025-08-14T10:47:05.019+0000] {logging_mixin.py:150} INFO - [2025-08-14T10:47:05.018+0000] {dag.py:2742} INFO - Sync 1 DAGs
[2025-08-14T10:47:05.035+0000] {logging_mixin.py:150} INFO - [2025-08-14T10:47:05.034+0000] {dag.py:3504} INFO - Setting next_dagrun for example_task_group_decorator to 2025-08-13T10:47:05.034703+00:00, run_after=2025-08-14T10:47:05.034703+00:00
[2025-08-14T10:47:05.051+0000] {processor.py:179} INFO - Processing /home/vscode/.local/lib/python3.10/site-packages/airflow/example_dags/example_task_group_decorator.py took 0.084 seconds
[2025-08-14T10:47:47.510+0000] {processor.py:157} INFO - Started process (PID=32677) to work on /home/vscode/.local/lib/python3.10/site-packages/airflow/example_dags/example_task_group_decorator.py
[2025-08-14T10:47:47.511+0000] {processor.py:826} INFO - Processing file /home/vscode/.local/lib/python3.10/site-packages/airflow/example_dags/example_task_group_decorator.py for tasks to queue
[2025-08-14T10:47:47.512+0000] {logging_mixin.py:150} INFO - [2025-08-14T10:47:47.511+0000] {dagbag.py:541} INFO - Filling up the DagBag from /home/vscode/.local/lib/python3.10/site-packages/airflow/example_dags/example_task_group_decorator.py
[2025-08-14T10:47:47.523+0000] {processor.py:836} INFO - DAG(s) dict_keys(['example_task_group_decorator']) retrieved from /home/vscode/.local/lib/python3.10/site-packages/airflow/example_dags/example_task_group_decorator.py
[2025-08-14T10:47:47.537+0000] {logging_mixin.py:150} INFO - [2025-08-14T10:47:47.536+0000] {dag.py:2742} INFO - Sync 1 DAGs
[2025-08-14T10:47:47.551+0000] {logging_mixin.py:150} INFO - [2025-08-14T10:47:47.551+0000] {dag.py:3504} INFO - Setting next_dagrun for example_task_group_decorator to 2025-08-13T10:47:47.550850+00:00, run_after=2025-08-14T10:47:47.550850+00:00
[2025-08-14T10:47:47.566+0000] {processor.py:179} INFO - Processing /home/vscode/.local/lib/python3.10/site-packages/airflow/example_dags/example_task_group_decorator.py took 0.058 seconds
[2025-08-14T10:48:33.820+0000] {processor.py:157} INFO - Started process (PID=32980) to work on /home/vscode/.local/lib/python3.10/site-packages/airflow/example_dags/example_task_group_decorator.py
[2025-08-14T10:48:33.821+0000] {processor.py:826} INFO - Processing file /home/vscode/.local/lib/python3.10/site-packages/airflow/example_dags/example_task_group_decorator.py for tasks to queue
[2025-08-14T10:48:33.821+0000] {logging_mixin.py:150} INFO - [2025-08-14T10:48:33.821+0000] {dagbag.py:541} INFO - Filling up the DagBag from /home/vscode/.local/lib/python3.10/site-packages/airflow/example_dags/example_task_group_decorator.py
[2025-08-14T10:48:33.832+0000] {processor.py:836} INFO - DAG(s) dict_keys(['example_task_group_decorator']) retrieved from /home/vscode/.local/lib/python3.10/site-packages/airflow/example_dags/example_task_group_decorator.py
[2025-08-14T10:48:33.846+0000] {logging_mixin.py:150} INFO - [2025-08-14T10:48:33.846+0000] {dag.py:2742} INFO - Sync 1 DAGs
[2025-08-14T10:48:33.861+0000] {logging_mixin.py:150} INFO - [2025-08-14T10:48:33.861+0000] {dag.py:3504} INFO - Setting next_dagrun for example_task_group_decorator to 2025-08-13T10:48:33.860929+00:00, run_after=2025-08-14T10:48:33.860929+00:00
[2025-08-14T10:48:33.877+0000] {processor.py:179} INFO - Processing /home/vscode/.local/lib/python3.10/site-packages/airflow/example_dags/example_task_group_decorator.py took 0.059 seconds
[2025-08-14T10:49:15.502+0000] {processor.py:157} INFO - Started process (PID=33258) to work on /home/vscode/.local/lib/python3.10/site-packages/airflow/example_dags/example_task_group_decorator.py
[2025-08-14T10:49:15.502+0000] {processor.py:826} INFO - Processing file /home/vscode/.local/lib/python3.10/site-packages/airflow/example_dags/example_task_group_decorator.py for tasks to queue
[2025-08-14T10:49:15.503+0000] {logging_mixin.py:150} INFO - [2025-08-14T10:49:15.503+0000] {dagbag.py:541} INFO - Filling up the DagBag from /home/vscode/.local/lib/python3.10/site-packages/airflow/example_dags/example_task_group_decorator.py
[2025-08-14T10:49:15.516+0000] {processor.py:836} INFO - DAG(s) dict_keys(['example_task_group_decorator']) retrieved from /home/vscode/.local/lib/python3.10/site-packages/airflow/example_dags/example_task_group_decorator.py
[2025-08-14T10:49:15.532+0000] {logging_mixin.py:150} INFO - [2025-08-14T10:49:15.532+0000] {dag.py:2742} INFO - Sync 1 DAGs
[2025-08-14T10:49:15.547+0000] {logging_mixin.py:150} INFO - [2025-08-14T10:49:15.547+0000] {dag.py:3504} INFO - Setting next_dagrun for example_task_group_decorator to 2025-08-13T10:49:15.547258+00:00, run_after=2025-08-14T10:49:15.547258+00:00
[2025-08-14T10:49:15.565+0000] {processor.py:179} INFO - Processing /home/vscode/.local/lib/python3.10/site-packages/airflow/example_dags/example_task_group_decorator.py took 0.066 seconds
[2025-08-14T10:50:02.078+0000] {processor.py:157} INFO - Started process (PID=33569) to work on /home/vscode/.local/lib/python3.10/site-packages/airflow/example_dags/example_task_group_decorator.py
[2025-08-14T10:50:02.078+0000] {processor.py:826} INFO - Processing file /home/vscode/.local/lib/python3.10/site-packages/airflow/example_dags/example_task_group_decorator.py for tasks to queue
[2025-08-14T10:50:02.079+0000] {logging_mixin.py:150} INFO - [2025-08-14T10:50:02.079+0000] {dagbag.py:541} INFO - Filling up the DagBag from /home/vscode/.local/lib/python3.10/site-packages/airflow/example_dags/example_task_group_decorator.py
[2025-08-14T10:50:02.090+0000] {processor.py:836} INFO - DAG(s) dict_keys(['example_task_group_decorator']) retrieved from /home/vscode/.local/lib/python3.10/site-packages/airflow/example_dags/example_task_group_decorator.py
[2025-08-14T10:50:02.103+0000] {logging_mixin.py:150} INFO - [2025-08-14T10:50:02.103+0000] {dag.py:2742} INFO - Sync 1 DAGs
[2025-08-14T10:50:02.118+0000] {logging_mixin.py:150} INFO - [2025-08-14T10:50:02.118+0000] {dag.py:3504} INFO - Setting next_dagrun for example_task_group_decorator to 2025-08-13T10:50:02.118075+00:00, run_after=2025-08-14T10:50:02.118075+00:00
[2025-08-14T10:50:02.134+0000] {processor.py:179} INFO - Processing /home/vscode/.local/lib/python3.10/site-packages/airflow/example_dags/example_task_group_decorator.py took 0.058 seconds
[2025-08-14T10:50:49.735+0000] {processor.py:157} INFO - Started process (PID=33888) to work on /home/vscode/.local/lib/python3.10/site-packages/airflow/example_dags/example_task_group_decorator.py
[2025-08-14T10:50:49.735+0000] {processor.py:826} INFO - Processing file /home/vscode/.local/lib/python3.10/site-packages/airflow/example_dags/example_task_group_decorator.py for tasks to queue
[2025-08-14T10:50:49.736+0000] {logging_mixin.py:150} INFO - [2025-08-14T10:50:49.736+0000] {dagbag.py:541} INFO - Filling up the DagBag from /home/vscode/.local/lib/python3.10/site-packages/airflow/example_dags/example_task_group_decorator.py
[2025-08-14T10:50:49.747+0000] {processor.py:836} INFO - DAG(s) dict_keys(['example_task_group_decorator']) retrieved from /home/vscode/.local/lib/python3.10/site-packages/airflow/example_dags/example_task_group_decorator.py
[2025-08-14T10:50:49.760+0000] {logging_mixin.py:150} INFO - [2025-08-14T10:50:49.760+0000] {dag.py:2742} INFO - Sync 1 DAGs
[2025-08-14T10:50:49.773+0000] {logging_mixin.py:150} INFO - [2025-08-14T10:50:49.773+0000] {dag.py:3504} INFO - Setting next_dagrun for example_task_group_decorator to 2025-08-13T10:50:49.773647+00:00, run_after=2025-08-14T10:50:49.773647+00:00
[2025-08-14T10:50:49.789+0000] {processor.py:179} INFO - Processing /home/vscode/.local/lib/python3.10/site-packages/airflow/example_dags/example_task_group_decorator.py took 0.056 seconds
[2025-08-14T10:51:37.342+0000] {processor.py:157} INFO - Started process (PID=34205) to work on /home/vscode/.local/lib/python3.10/site-packages/airflow/example_dags/example_task_group_decorator.py
[2025-08-14T10:51:37.343+0000] {processor.py:826} INFO - Processing file /home/vscode/.local/lib/python3.10/site-packages/airflow/example_dags/example_task_group_decorator.py for tasks to queue
[2025-08-14T10:51:37.343+0000] {logging_mixin.py:150} INFO - [2025-08-14T10:51:37.343+0000] {dagbag.py:541} INFO - Filling up the DagBag from /home/vscode/.local/lib/python3.10/site-packages/airflow/example_dags/example_task_group_decorator.py
[2025-08-14T10:51:37.354+0000] {processor.py:836} INFO - DAG(s) dict_keys(['example_task_group_decorator']) retrieved from /home/vscode/.local/lib/python3.10/site-packages/airflow/example_dags/example_task_group_decorator.py
[2025-08-14T10:51:37.369+0000] {logging_mixin.py:150} INFO - [2025-08-14T10:51:37.369+0000] {dag.py:2742} INFO - Sync 1 DAGs
[2025-08-14T10:51:37.385+0000] {logging_mixin.py:150} INFO - [2025-08-14T10:51:37.384+0000] {dag.py:3504} INFO - Setting next_dagrun for example_task_group_decorator to 2025-08-13T10:51:37.384799+00:00, run_after=2025-08-14T10:51:37.384799+00:00
[2025-08-14T10:51:37.400+0000] {processor.py:179} INFO - Processing /home/vscode/.local/lib/python3.10/site-packages/airflow/example_dags/example_task_group_decorator.py took 0.060 seconds
[2025-08-14T10:52:23.996+0000] {processor.py:157} INFO - Started process (PID=34516) to work on /home/vscode/.local/lib/python3.10/site-packages/airflow/example_dags/example_task_group_decorator.py
[2025-08-14T10:52:23.997+0000] {processor.py:826} INFO - Processing file /home/vscode/.local/lib/python3.10/site-packages/airflow/example_dags/example_task_group_decorator.py for tasks to queue
[2025-08-14T10:52:23.997+0000] {logging_mixin.py:150} INFO - [2025-08-14T10:52:23.997+0000] {dagbag.py:541} INFO - Filling up the DagBag from /home/vscode/.local/lib/python3.10/site-packages/airflow/example_dags/example_task_group_decorator.py
[2025-08-14T10:52:24.008+0000] {processor.py:836} INFO - DAG(s) dict_keys(['example_task_group_decorator']) retrieved from /home/vscode/.local/lib/python3.10/site-packages/airflow/example_dags/example_task_group_decorator.py
[2025-08-14T10:52:24.021+0000] {logging_mixin.py:150} INFO - [2025-08-14T10:52:24.021+0000] {dag.py:2742} INFO - Sync 1 DAGs
[2025-08-14T10:52:24.035+0000] {logging_mixin.py:150} INFO - [2025-08-14T10:52:24.035+0000] {dag.py:3504} INFO - Setting next_dagrun for example_task_group_decorator to 2025-08-13T10:52:24.035614+00:00, run_after=2025-08-14T10:52:24.035614+00:00
[2025-08-14T10:52:24.050+0000] {processor.py:179} INFO - Processing /home/vscode/.local/lib/python3.10/site-packages/airflow/example_dags/example_task_group_decorator.py took 0.056 seconds
[2025-08-14T10:53:10.807+0000] {processor.py:157} INFO - Started process (PID=34827) to work on /home/vscode/.local/lib/python3.10/site-packages/airflow/example_dags/example_task_group_decorator.py
[2025-08-14T10:53:10.807+0000] {processor.py:826} INFO - Processing file /home/vscode/.local/lib/python3.10/site-packages/airflow/example_dags/example_task_group_decorator.py for tasks to queue
[2025-08-14T10:53:10.808+0000] {logging_mixin.py:150} INFO - [2025-08-14T10:53:10.808+0000] {dagbag.py:541} INFO - Filling up the DagBag from /home/vscode/.local/lib/python3.10/site-packages/airflow/example_dags/example_task_group_decorator.py
[2025-08-14T10:53:10.819+0000] {processor.py:836} INFO - DAG(s) dict_keys(['example_task_group_decorator']) retrieved from /home/vscode/.local/lib/python3.10/site-packages/airflow/example_dags/example_task_group_decorator.py
[2025-08-14T10:53:10.834+0000] {logging_mixin.py:150} INFO - [2025-08-14T10:53:10.834+0000] {dag.py:2742} INFO - Sync 1 DAGs
[2025-08-14T10:53:10.848+0000] {logging_mixin.py:150} INFO - [2025-08-14T10:53:10.848+0000] {dag.py:3504} INFO - Setting next_dagrun for example_task_group_decorator to 2025-08-13T10:53:10.848529+00:00, run_after=2025-08-14T10:53:10.848529+00:00
[2025-08-14T10:53:10.865+0000] {processor.py:179} INFO - Processing /home/vscode/.local/lib/python3.10/site-packages/airflow/example_dags/example_task_group_decorator.py took 0.060 seconds
[2025-08-14T10:54:06.408+0000] {processor.py:157} INFO - Started process (PID=36541) to work on /home/vscode/.local/lib/python3.10/site-packages/airflow/example_dags/example_task_group_decorator.py
[2025-08-14T10:54:06.408+0000] {processor.py:826} INFO - Processing file /home/vscode/.local/lib/python3.10/site-packages/airflow/example_dags/example_task_group_decorator.py for tasks to queue
[2025-08-14T10:54:06.409+0000] {logging_mixin.py:150} INFO - [2025-08-14T10:54:06.409+0000] {dagbag.py:541} INFO - Filling up the DagBag from /home/vscode/.local/lib/python3.10/site-packages/airflow/example_dags/example_task_group_decorator.py
[2025-08-14T10:54:06.421+0000] {processor.py:836} INFO - DAG(s) dict_keys(['example_task_group_decorator']) retrieved from /home/vscode/.local/lib/python3.10/site-packages/airflow/example_dags/example_task_group_decorator.py
[2025-08-14T10:54:06.435+0000] {logging_mixin.py:150} INFO - [2025-08-14T10:54:06.435+0000] {dag.py:2742} INFO - Sync 1 DAGs
[2025-08-14T10:54:06.451+0000] {logging_mixin.py:150} INFO - [2025-08-14T10:54:06.450+0000] {dag.py:3504} INFO - Setting next_dagrun for example_task_group_decorator to 2025-08-13T10:54:06.450793+00:00, run_after=2025-08-14T10:54:06.450793+00:00
[2025-08-14T10:54:06.467+0000] {processor.py:179} INFO - Processing /home/vscode/.local/lib/python3.10/site-packages/airflow/example_dags/example_task_group_decorator.py took 0.062 seconds
[2025-08-14T10:54:43.951+0000] {processor.py:157} INFO - Started process (PID=37078) to work on /home/vscode/.local/lib/python3.10/site-packages/airflow/example_dags/example_task_group_decorator.py
[2025-08-14T10:54:43.952+0000] {processor.py:826} INFO - Processing file /home/vscode/.local/lib/python3.10/site-packages/airflow/example_dags/example_task_group_decorator.py for tasks to queue
[2025-08-14T10:54:43.952+0000] {logging_mixin.py:150} INFO - [2025-08-14T10:54:43.952+0000] {dagbag.py:541} INFO - Filling up the DagBag from /home/vscode/.local/lib/python3.10/site-packages/airflow/example_dags/example_task_group_decorator.py
[2025-08-14T10:54:43.963+0000] {processor.py:836} INFO - DAG(s) dict_keys(['example_task_group_decorator']) retrieved from /home/vscode/.local/lib/python3.10/site-packages/airflow/example_dags/example_task_group_decorator.py
[2025-08-14T10:54:43.977+0000] {logging_mixin.py:150} INFO - [2025-08-14T10:54:43.977+0000] {dag.py:2742} INFO - Sync 1 DAGs
[2025-08-14T10:54:43.991+0000] {logging_mixin.py:150} INFO - [2025-08-14T10:54:43.991+0000] {dag.py:3504} INFO - Setting next_dagrun for example_task_group_decorator to 2025-08-13T10:54:43.990967+00:00, run_after=2025-08-14T10:54:43.990967+00:00
[2025-08-14T10:54:44.006+0000] {processor.py:179} INFO - Processing /home/vscode/.local/lib/python3.10/site-packages/airflow/example_dags/example_task_group_decorator.py took 0.057 seconds
[2025-08-14T10:55:26.910+0000] {processor.py:157} INFO - Started process (PID=37611) to work on /home/vscode/.local/lib/python3.10/site-packages/airflow/example_dags/example_task_group_decorator.py
[2025-08-14T10:55:26.910+0000] {processor.py:826} INFO - Processing file /home/vscode/.local/lib/python3.10/site-packages/airflow/example_dags/example_task_group_decorator.py for tasks to queue
[2025-08-14T10:55:26.911+0000] {logging_mixin.py:150} INFO - [2025-08-14T10:55:26.911+0000] {dagbag.py:541} INFO - Filling up the DagBag from /home/vscode/.local/lib/python3.10/site-packages/airflow/example_dags/example_task_group_decorator.py
[2025-08-14T10:55:26.922+0000] {processor.py:836} INFO - DAG(s) dict_keys(['example_task_group_decorator']) retrieved from /home/vscode/.local/lib/python3.10/site-packages/airflow/example_dags/example_task_group_decorator.py
[2025-08-14T10:55:26.939+0000] {logging_mixin.py:150} INFO - [2025-08-14T10:55:26.939+0000] {dag.py:2742} INFO - Sync 1 DAGs
[2025-08-14T10:55:26.956+0000] {logging_mixin.py:150} INFO - [2025-08-14T10:55:26.956+0000] {dag.py:3504} INFO - Setting next_dagrun for example_task_group_decorator to 2025-08-13T10:55:26.956143+00:00, run_after=2025-08-14T10:55:26.956143+00:00
[2025-08-14T10:55:26.973+0000] {processor.py:179} INFO - Processing /home/vscode/.local/lib/python3.10/site-packages/airflow/example_dags/example_task_group_decorator.py took 0.066 seconds
[2025-08-14T10:56:14.294+0000] {processor.py:157} INFO - Started process (PID=38114) to work on /home/vscode/.local/lib/python3.10/site-packages/airflow/example_dags/example_task_group_decorator.py
[2025-08-14T10:56:14.295+0000] {processor.py:826} INFO - Processing file /home/vscode/.local/lib/python3.10/site-packages/airflow/example_dags/example_task_group_decorator.py for tasks to queue
[2025-08-14T10:56:14.295+0000] {logging_mixin.py:150} INFO - [2025-08-14T10:56:14.295+0000] {dagbag.py:541} INFO - Filling up the DagBag from /home/vscode/.local/lib/python3.10/site-packages/airflow/example_dags/example_task_group_decorator.py
[2025-08-14T10:56:14.307+0000] {processor.py:836} INFO - DAG(s) dict_keys(['example_task_group_decorator']) retrieved from /home/vscode/.local/lib/python3.10/site-packages/airflow/example_dags/example_task_group_decorator.py
[2025-08-14T10:56:14.321+0000] {logging_mixin.py:150} INFO - [2025-08-14T10:56:14.321+0000] {dag.py:2742} INFO - Sync 1 DAGs
[2025-08-14T10:56:14.336+0000] {logging_mixin.py:150} INFO - [2025-08-14T10:56:14.336+0000] {dag.py:3504} INFO - Setting next_dagrun for example_task_group_decorator to 2025-08-13T10:56:14.335859+00:00, run_after=2025-08-14T10:56:14.335859+00:00
[2025-08-14T10:56:14.351+0000] {processor.py:179} INFO - Processing /home/vscode/.local/lib/python3.10/site-packages/airflow/example_dags/example_task_group_decorator.py took 0.060 seconds
[2025-08-14T10:57:04.381+0000] {processor.py:157} INFO - Started process (PID=38592) to work on /home/vscode/.local/lib/python3.10/site-packages/airflow/example_dags/example_task_group_decorator.py
[2025-08-14T10:57:04.382+0000] {processor.py:826} INFO - Processing file /home/vscode/.local/lib/python3.10/site-packages/airflow/example_dags/example_task_group_decorator.py for tasks to queue
[2025-08-14T10:57:04.383+0000] {logging_mixin.py:150} INFO - [2025-08-14T10:57:04.382+0000] {dagbag.py:541} INFO - Filling up the DagBag from /home/vscode/.local/lib/python3.10/site-packages/airflow/example_dags/example_task_group_decorator.py
[2025-08-14T10:57:04.396+0000] {processor.py:836} INFO - DAG(s) dict_keys(['example_task_group_decorator']) retrieved from /home/vscode/.local/lib/python3.10/site-packages/airflow/example_dags/example_task_group_decorator.py
[2025-08-14T10:57:04.410+0000] {logging_mixin.py:150} INFO - [2025-08-14T10:57:04.410+0000] {dag.py:2742} INFO - Sync 1 DAGs
[2025-08-14T10:57:04.424+0000] {logging_mixin.py:150} INFO - [2025-08-14T10:57:04.424+0000] {dag.py:3504} INFO - Setting next_dagrun for example_task_group_decorator to 2025-08-13T10:57:04.424269+00:00, run_after=2025-08-14T10:57:04.424269+00:00
[2025-08-14T10:57:04.440+0000] {processor.py:179} INFO - Processing /home/vscode/.local/lib/python3.10/site-packages/airflow/example_dags/example_task_group_decorator.py took 0.061 seconds
[2025-08-14T10:57:50.626+0000] {processor.py:157} INFO - Started process (PID=39027) to work on /home/vscode/.local/lib/python3.10/site-packages/airflow/example_dags/example_task_group_decorator.py
[2025-08-14T10:57:50.627+0000] {processor.py:826} INFO - Processing file /home/vscode/.local/lib/python3.10/site-packages/airflow/example_dags/example_task_group_decorator.py for tasks to queue
[2025-08-14T10:57:50.628+0000] {logging_mixin.py:150} INFO - [2025-08-14T10:57:50.627+0000] {dagbag.py:541} INFO - Filling up the DagBag from /home/vscode/.local/lib/python3.10/site-packages/airflow/example_dags/example_task_group_decorator.py
[2025-08-14T10:57:50.639+0000] {processor.py:836} INFO - DAG(s) dict_keys(['example_task_group_decorator']) retrieved from /home/vscode/.local/lib/python3.10/site-packages/airflow/example_dags/example_task_group_decorator.py
[2025-08-14T10:57:50.653+0000] {logging_mixin.py:150} INFO - [2025-08-14T10:57:50.653+0000] {dag.py:2742} INFO - Sync 1 DAGs
[2025-08-14T10:57:50.667+0000] {logging_mixin.py:150} INFO - [2025-08-14T10:57:50.667+0000] {dag.py:3504} INFO - Setting next_dagrun for example_task_group_decorator to 2025-08-13T10:57:50.667186+00:00, run_after=2025-08-14T10:57:50.667186+00:00
[2025-08-14T10:57:50.682+0000] {processor.py:179} INFO - Processing /home/vscode/.local/lib/python3.10/site-packages/airflow/example_dags/example_task_group_decorator.py took 0.057 seconds
[2025-08-14T10:58:37.978+0000] {processor.py:157} INFO - Started process (PID=39478) to work on /home/vscode/.local/lib/python3.10/site-packages/airflow/example_dags/example_task_group_decorator.py
[2025-08-14T10:58:37.979+0000] {processor.py:826} INFO - Processing file /home/vscode/.local/lib/python3.10/site-packages/airflow/example_dags/example_task_group_decorator.py for tasks to queue
[2025-08-14T10:58:37.980+0000] {logging_mixin.py:150} INFO - [2025-08-14T10:58:37.979+0000] {dagbag.py:541} INFO - Filling up the DagBag from /home/vscode/.local/lib/python3.10/site-packages/airflow/example_dags/example_task_group_decorator.py
[2025-08-14T10:58:37.991+0000] {processor.py:836} INFO - DAG(s) dict_keys(['example_task_group_decorator']) retrieved from /home/vscode/.local/lib/python3.10/site-packages/airflow/example_dags/example_task_group_decorator.py
[2025-08-14T10:58:38.005+0000] {logging_mixin.py:150} INFO - [2025-08-14T10:58:38.005+0000] {dag.py:2742} INFO - Sync 1 DAGs
[2025-08-14T10:58:38.019+0000] {logging_mixin.py:150} INFO - [2025-08-14T10:58:38.018+0000] {dag.py:3504} INFO - Setting next_dagrun for example_task_group_decorator to 2025-08-13T10:58:38.018829+00:00, run_after=2025-08-14T10:58:38.018829+00:00
[2025-08-14T10:58:38.034+0000] {processor.py:179} INFO - Processing /home/vscode/.local/lib/python3.10/site-packages/airflow/example_dags/example_task_group_decorator.py took 0.058 seconds
[2025-08-14T10:59:22.537+0000] {processor.py:157} INFO - Started process (PID=39912) to work on /home/vscode/.local/lib/python3.10/site-packages/airflow/example_dags/example_task_group_decorator.py
[2025-08-14T10:59:22.538+0000] {processor.py:826} INFO - Processing file /home/vscode/.local/lib/python3.10/site-packages/airflow/example_dags/example_task_group_decorator.py for tasks to queue
[2025-08-14T10:59:22.539+0000] {logging_mixin.py:150} INFO - [2025-08-14T10:59:22.539+0000] {dagbag.py:541} INFO - Filling up the DagBag from /home/vscode/.local/lib/python3.10/site-packages/airflow/example_dags/example_task_group_decorator.py
[2025-08-14T10:59:22.550+0000] {processor.py:836} INFO - DAG(s) dict_keys(['example_task_group_decorator']) retrieved from /home/vscode/.local/lib/python3.10/site-packages/airflow/example_dags/example_task_group_decorator.py
[2025-08-14T10:59:22.565+0000] {logging_mixin.py:150} INFO - [2025-08-14T10:59:22.565+0000] {dag.py:2742} INFO - Sync 1 DAGs
[2025-08-14T10:59:22.580+0000] {logging_mixin.py:150} INFO - [2025-08-14T10:59:22.580+0000] {dag.py:3504} INFO - Setting next_dagrun for example_task_group_decorator to 2025-08-13T10:59:22.580230+00:00, run_after=2025-08-14T10:59:22.580230+00:00
[2025-08-14T10:59:22.595+0000] {processor.py:179} INFO - Processing /home/vscode/.local/lib/python3.10/site-packages/airflow/example_dags/example_task_group_decorator.py took 0.060 seconds
[2025-08-14T11:00:07.673+0000] {processor.py:157} INFO - Started process (PID=40347) to work on /home/vscode/.local/lib/python3.10/site-packages/airflow/example_dags/example_task_group_decorator.py
[2025-08-14T11:00:07.674+0000] {processor.py:826} INFO - Processing file /home/vscode/.local/lib/python3.10/site-packages/airflow/example_dags/example_task_group_decorator.py for tasks to queue
[2025-08-14T11:00:07.675+0000] {logging_mixin.py:150} INFO - [2025-08-14T11:00:07.675+0000] {dagbag.py:541} INFO - Filling up the DagBag from /home/vscode/.local/lib/python3.10/site-packages/airflow/example_dags/example_task_group_decorator.py
[2025-08-14T11:00:07.686+0000] {processor.py:836} INFO - DAG(s) dict_keys(['example_task_group_decorator']) retrieved from /home/vscode/.local/lib/python3.10/site-packages/airflow/example_dags/example_task_group_decorator.py
[2025-08-14T11:00:07.703+0000] {logging_mixin.py:150} INFO - [2025-08-14T11:00:07.703+0000] {dag.py:2742} INFO - Sync 1 DAGs
[2025-08-14T11:00:07.717+0000] {logging_mixin.py:150} INFO - [2025-08-14T11:00:07.717+0000] {dag.py:3504} INFO - Setting next_dagrun for example_task_group_decorator to 2025-08-13T11:00:07.717421+00:00, run_after=2025-08-14T11:00:07.717421+00:00
[2025-08-14T11:00:07.733+0000] {processor.py:179} INFO - Processing /home/vscode/.local/lib/python3.10/site-packages/airflow/example_dags/example_task_group_decorator.py took 0.061 seconds
[2025-08-14T11:00:54.715+0000] {processor.py:157} INFO - Started process (PID=40791) to work on /home/vscode/.local/lib/python3.10/site-packages/airflow/example_dags/example_task_group_decorator.py
[2025-08-14T11:00:54.716+0000] {processor.py:826} INFO - Processing file /home/vscode/.local/lib/python3.10/site-packages/airflow/example_dags/example_task_group_decorator.py for tasks to queue
[2025-08-14T11:00:54.717+0000] {logging_mixin.py:150} INFO - [2025-08-14T11:00:54.716+0000] {dagbag.py:541} INFO - Filling up the DagBag from /home/vscode/.local/lib/python3.10/site-packages/airflow/example_dags/example_task_group_decorator.py
[2025-08-14T11:00:54.727+0000] {processor.py:836} INFO - DAG(s) dict_keys(['example_task_group_decorator']) retrieved from /home/vscode/.local/lib/python3.10/site-packages/airflow/example_dags/example_task_group_decorator.py
[2025-08-14T11:00:54.742+0000] {logging_mixin.py:150} INFO - [2025-08-14T11:00:54.742+0000] {dag.py:2742} INFO - Sync 1 DAGs
[2025-08-14T11:00:54.757+0000] {logging_mixin.py:150} INFO - [2025-08-14T11:00:54.757+0000] {dag.py:3504} INFO - Setting next_dagrun for example_task_group_decorator to 2025-08-13T11:00:54.757211+00:00, run_after=2025-08-14T11:00:54.757211+00:00
[2025-08-14T11:00:54.773+0000] {processor.py:179} INFO - Processing /home/vscode/.local/lib/python3.10/site-packages/airflow/example_dags/example_task_group_decorator.py took 0.060 seconds
[2025-08-14T11:01:46.972+0000] {processor.py:157} INFO - Started process (PID=41291) to work on /home/vscode/.local/lib/python3.10/site-packages/airflow/example_dags/example_task_group_decorator.py
[2025-08-14T11:01:46.973+0000] {processor.py:826} INFO - Processing file /home/vscode/.local/lib/python3.10/site-packages/airflow/example_dags/example_task_group_decorator.py for tasks to queue
[2025-08-14T11:01:46.973+0000] {logging_mixin.py:150} INFO - [2025-08-14T11:01:46.973+0000] {dagbag.py:541} INFO - Filling up the DagBag from /home/vscode/.local/lib/python3.10/site-packages/airflow/example_dags/example_task_group_decorator.py
[2025-08-14T11:01:46.985+0000] {processor.py:836} INFO - DAG(s) dict_keys(['example_task_group_decorator']) retrieved from /home/vscode/.local/lib/python3.10/site-packages/airflow/example_dags/example_task_group_decorator.py
[2025-08-14T11:01:47.000+0000] {logging_mixin.py:150} INFO - [2025-08-14T11:01:47.000+0000] {dag.py:2742} INFO - Sync 1 DAGs
[2025-08-14T11:01:47.015+0000] {logging_mixin.py:150} INFO - [2025-08-14T11:01:47.014+0000] {dag.py:3504} INFO - Setting next_dagrun for example_task_group_decorator to 2025-08-13T11:01:47.014775+00:00, run_after=2025-08-14T11:01:47.014775+00:00
[2025-08-14T11:01:47.030+0000] {processor.py:179} INFO - Processing /home/vscode/.local/lib/python3.10/site-packages/airflow/example_dags/example_task_group_decorator.py took 0.061 seconds
[2025-08-14T11:02:34.177+0000] {processor.py:157} INFO - Started process (PID=41745) to work on /home/vscode/.local/lib/python3.10/site-packages/airflow/example_dags/example_task_group_decorator.py
[2025-08-14T11:02:34.177+0000] {processor.py:826} INFO - Processing file /home/vscode/.local/lib/python3.10/site-packages/airflow/example_dags/example_task_group_decorator.py for tasks to queue
[2025-08-14T11:02:34.178+0000] {logging_mixin.py:150} INFO - [2025-08-14T11:02:34.178+0000] {dagbag.py:541} INFO - Filling up the DagBag from /home/vscode/.local/lib/python3.10/site-packages/airflow/example_dags/example_task_group_decorator.py
[2025-08-14T11:02:34.189+0000] {processor.py:836} INFO - DAG(s) dict_keys(['example_task_group_decorator']) retrieved from /home/vscode/.local/lib/python3.10/site-packages/airflow/example_dags/example_task_group_decorator.py
[2025-08-14T11:02:34.203+0000] {logging_mixin.py:150} INFO - [2025-08-14T11:02:34.203+0000] {dag.py:2742} INFO - Sync 1 DAGs
[2025-08-14T11:02:34.217+0000] {logging_mixin.py:150} INFO - [2025-08-14T11:02:34.217+0000] {dag.py:3504} INFO - Setting next_dagrun for example_task_group_decorator to 2025-08-13T11:02:34.217201+00:00, run_after=2025-08-14T11:02:34.217201+00:00
[2025-08-14T11:02:34.233+0000] {processor.py:179} INFO - Processing /home/vscode/.local/lib/python3.10/site-packages/airflow/example_dags/example_task_group_decorator.py took 0.058 seconds
[2025-08-14T11:03:20.310+0000] {processor.py:157} INFO - Started process (PID=42181) to work on /home/vscode/.local/lib/python3.10/site-packages/airflow/example_dags/example_task_group_decorator.py
[2025-08-14T11:03:20.311+0000] {processor.py:826} INFO - Processing file /home/vscode/.local/lib/python3.10/site-packages/airflow/example_dags/example_task_group_decorator.py for tasks to queue
[2025-08-14T11:03:20.312+0000] {logging_mixin.py:150} INFO - [2025-08-14T11:03:20.312+0000] {dagbag.py:541} INFO - Filling up the DagBag from /home/vscode/.local/lib/python3.10/site-packages/airflow/example_dags/example_task_group_decorator.py
[2025-08-14T11:03:20.324+0000] {processor.py:836} INFO - DAG(s) dict_keys(['example_task_group_decorator']) retrieved from /home/vscode/.local/lib/python3.10/site-packages/airflow/example_dags/example_task_group_decorator.py
[2025-08-14T11:03:20.339+0000] {logging_mixin.py:150} INFO - [2025-08-14T11:03:20.339+0000] {dag.py:2742} INFO - Sync 1 DAGs
[2025-08-14T11:03:20.354+0000] {logging_mixin.py:150} INFO - [2025-08-14T11:03:20.354+0000] {dag.py:3504} INFO - Setting next_dagrun for example_task_group_decorator to 2025-08-13T11:03:20.354475+00:00, run_after=2025-08-14T11:03:20.354475+00:00
[2025-08-14T11:03:20.371+0000] {processor.py:179} INFO - Processing /home/vscode/.local/lib/python3.10/site-packages/airflow/example_dags/example_task_group_decorator.py took 0.063 seconds
[2025-08-14T11:04:03.701+0000] {processor.py:157} INFO - Started process (PID=42603) to work on /home/vscode/.local/lib/python3.10/site-packages/airflow/example_dags/example_task_group_decorator.py
[2025-08-14T11:04:03.702+0000] {processor.py:826} INFO - Processing file /home/vscode/.local/lib/python3.10/site-packages/airflow/example_dags/example_task_group_decorator.py for tasks to queue
[2025-08-14T11:04:03.702+0000] {logging_mixin.py:150} INFO - [2025-08-14T11:04:03.702+0000] {dagbag.py:541} INFO - Filling up the DagBag from /home/vscode/.local/lib/python3.10/site-packages/airflow/example_dags/example_task_group_decorator.py
[2025-08-14T11:04:03.714+0000] {processor.py:836} INFO - DAG(s) dict_keys(['example_task_group_decorator']) retrieved from /home/vscode/.local/lib/python3.10/site-packages/airflow/example_dags/example_task_group_decorator.py
[2025-08-14T11:04:03.730+0000] {logging_mixin.py:150} INFO - [2025-08-14T11:04:03.730+0000] {dag.py:2742} INFO - Sync 1 DAGs
[2025-08-14T11:04:03.744+0000] {logging_mixin.py:150} INFO - [2025-08-14T11:04:03.744+0000] {dag.py:3504} INFO - Setting next_dagrun for example_task_group_decorator to 2025-08-13T11:04:03.744245+00:00, run_after=2025-08-14T11:04:03.744245+00:00
[2025-08-14T11:04:03.760+0000] {processor.py:179} INFO - Processing /home/vscode/.local/lib/python3.10/site-packages/airflow/example_dags/example_task_group_decorator.py took 0.061 seconds
[2025-08-14T11:04:56.660+0000] {processor.py:157} INFO - Started process (PID=43104) to work on /home/vscode/.local/lib/python3.10/site-packages/airflow/example_dags/example_task_group_decorator.py
[2025-08-14T11:04:56.660+0000] {processor.py:826} INFO - Processing file /home/vscode/.local/lib/python3.10/site-packages/airflow/example_dags/example_task_group_decorator.py for tasks to queue
[2025-08-14T11:04:56.661+0000] {logging_mixin.py:150} INFO - [2025-08-14T11:04:56.661+0000] {dagbag.py:541} INFO - Filling up the DagBag from /home/vscode/.local/lib/python3.10/site-packages/airflow/example_dags/example_task_group_decorator.py
[2025-08-14T11:04:56.672+0000] {processor.py:836} INFO - DAG(s) dict_keys(['example_task_group_decorator']) retrieved from /home/vscode/.local/lib/python3.10/site-packages/airflow/example_dags/example_task_group_decorator.py
[2025-08-14T11:04:56.687+0000] {logging_mixin.py:150} INFO - [2025-08-14T11:04:56.687+0000] {dag.py:2742} INFO - Sync 1 DAGs
[2025-08-14T11:04:56.701+0000] {logging_mixin.py:150} INFO - [2025-08-14T11:04:56.701+0000] {dag.py:3504} INFO - Setting next_dagrun for example_task_group_decorator to 2025-08-13T11:04:56.701503+00:00, run_after=2025-08-14T11:04:56.701503+00:00
[2025-08-14T11:04:56.717+0000] {processor.py:179} INFO - Processing /home/vscode/.local/lib/python3.10/site-packages/airflow/example_dags/example_task_group_decorator.py took 0.060 seconds
[2025-08-14T11:05:42.334+0000] {processor.py:157} INFO - Started process (PID=43538) to work on /home/vscode/.local/lib/python3.10/site-packages/airflow/example_dags/example_task_group_decorator.py
[2025-08-14T11:05:42.335+0000] {processor.py:826} INFO - Processing file /home/vscode/.local/lib/python3.10/site-packages/airflow/example_dags/example_task_group_decorator.py for tasks to queue
[2025-08-14T11:05:42.336+0000] {logging_mixin.py:150} INFO - [2025-08-14T11:05:42.336+0000] {dagbag.py:541} INFO - Filling up the DagBag from /home/vscode/.local/lib/python3.10/site-packages/airflow/example_dags/example_task_group_decorator.py
[2025-08-14T11:05:42.357+0000] {processor.py:836} INFO - DAG(s) dict_keys(['example_task_group_decorator']) retrieved from /home/vscode/.local/lib/python3.10/site-packages/airflow/example_dags/example_task_group_decorator.py
[2025-08-14T11:05:42.378+0000] {logging_mixin.py:150} INFO - [2025-08-14T11:05:42.378+0000] {dag.py:2742} INFO - Sync 1 DAGs
[2025-08-14T11:05:42.394+0000] {logging_mixin.py:150} INFO - [2025-08-14T11:05:42.394+0000] {dag.py:3504} INFO - Setting next_dagrun for example_task_group_decorator to 2025-08-13T11:05:42.393964+00:00, run_after=2025-08-14T11:05:42.393964+00:00
[2025-08-14T11:05:42.409+0000] {processor.py:179} INFO - Processing /home/vscode/.local/lib/python3.10/site-packages/airflow/example_dags/example_task_group_decorator.py took 0.077 seconds
[2025-08-14T11:06:23.418+0000] {processor.py:157} INFO - Started process (PID=43940) to work on /home/vscode/.local/lib/python3.10/site-packages/airflow/example_dags/example_task_group_decorator.py
[2025-08-14T11:06:23.419+0000] {processor.py:826} INFO - Processing file /home/vscode/.local/lib/python3.10/site-packages/airflow/example_dags/example_task_group_decorator.py for tasks to queue
[2025-08-14T11:06:23.419+0000] {logging_mixin.py:150} INFO - [2025-08-14T11:06:23.419+0000] {dagbag.py:541} INFO - Filling up the DagBag from /home/vscode/.local/lib/python3.10/site-packages/airflow/example_dags/example_task_group_decorator.py
[2025-08-14T11:06:23.430+0000] {processor.py:836} INFO - DAG(s) dict_keys(['example_task_group_decorator']) retrieved from /home/vscode/.local/lib/python3.10/site-packages/airflow/example_dags/example_task_group_decorator.py
[2025-08-14T11:06:23.444+0000] {logging_mixin.py:150} INFO - [2025-08-14T11:06:23.444+0000] {dag.py:2742} INFO - Sync 1 DAGs
[2025-08-14T11:06:23.458+0000] {logging_mixin.py:150} INFO - [2025-08-14T11:06:23.458+0000] {dag.py:3504} INFO - Setting next_dagrun for example_task_group_decorator to 2025-08-13T11:06:23.458156+00:00, run_after=2025-08-14T11:06:23.458156+00:00
[2025-08-14T11:06:23.473+0000] {processor.py:179} INFO - Processing /home/vscode/.local/lib/python3.10/site-packages/airflow/example_dags/example_task_group_decorator.py took 0.057 seconds
[2025-08-14T11:07:09.885+0000] {processor.py:157} INFO - Started process (PID=44381) to work on /home/vscode/.local/lib/python3.10/site-packages/airflow/example_dags/example_task_group_decorator.py
[2025-08-14T11:07:09.885+0000] {processor.py:826} INFO - Processing file /home/vscode/.local/lib/python3.10/site-packages/airflow/example_dags/example_task_group_decorator.py for tasks to queue
[2025-08-14T11:07:09.886+0000] {logging_mixin.py:150} INFO - [2025-08-14T11:07:09.886+0000] {dagbag.py:541} INFO - Filling up the DagBag from /home/vscode/.local/lib/python3.10/site-packages/airflow/example_dags/example_task_group_decorator.py
[2025-08-14T11:07:09.898+0000] {processor.py:836} INFO - DAG(s) dict_keys(['example_task_group_decorator']) retrieved from /home/vscode/.local/lib/python3.10/site-packages/airflow/example_dags/example_task_group_decorator.py
[2025-08-14T11:07:09.912+0000] {logging_mixin.py:150} INFO - [2025-08-14T11:07:09.912+0000] {dag.py:2742} INFO - Sync 1 DAGs
[2025-08-14T11:07:09.926+0000] {logging_mixin.py:150} INFO - [2025-08-14T11:07:09.926+0000] {dag.py:3504} INFO - Setting next_dagrun for example_task_group_decorator to 2025-08-13T11:07:09.926581+00:00, run_after=2025-08-14T11:07:09.926581+00:00
[2025-08-14T11:07:09.942+0000] {processor.py:179} INFO - Processing /home/vscode/.local/lib/python3.10/site-packages/airflow/example_dags/example_task_group_decorator.py took 0.060 seconds
[2025-08-14T11:07:54.893+0000] {processor.py:157} INFO - Started process (PID=44821) to work on /home/vscode/.local/lib/python3.10/site-packages/airflow/example_dags/example_task_group_decorator.py
[2025-08-14T11:07:54.894+0000] {processor.py:826} INFO - Processing file /home/vscode/.local/lib/python3.10/site-packages/airflow/example_dags/example_task_group_decorator.py for tasks to queue
[2025-08-14T11:07:54.895+0000] {logging_mixin.py:150} INFO - [2025-08-14T11:07:54.894+0000] {dagbag.py:541} INFO - Filling up the DagBag from /home/vscode/.local/lib/python3.10/site-packages/airflow/example_dags/example_task_group_decorator.py
[2025-08-14T11:07:54.910+0000] {processor.py:836} INFO - DAG(s) dict_keys(['example_task_group_decorator']) retrieved from /home/vscode/.local/lib/python3.10/site-packages/airflow/example_dags/example_task_group_decorator.py
[2025-08-14T11:07:54.933+0000] {logging_mixin.py:150} INFO - [2025-08-14T11:07:54.932+0000] {dag.py:2742} INFO - Sync 1 DAGs
[2025-08-14T11:07:54.954+0000] {logging_mixin.py:150} INFO - [2025-08-14T11:07:54.954+0000] {dag.py:3504} INFO - Setting next_dagrun for example_task_group_decorator to 2025-08-13T11:07:54.954432+00:00, run_after=2025-08-14T11:07:54.954432+00:00
[2025-08-14T11:07:54.977+0000] {processor.py:179} INFO - Processing /home/vscode/.local/lib/python3.10/site-packages/airflow/example_dags/example_task_group_decorator.py took 0.086 seconds
[2025-08-14T11:08:38.783+0000] {processor.py:157} INFO - Started process (PID=45236) to work on /home/vscode/.local/lib/python3.10/site-packages/airflow/example_dags/example_task_group_decorator.py
[2025-08-14T11:08:38.783+0000] {processor.py:826} INFO - Processing file /home/vscode/.local/lib/python3.10/site-packages/airflow/example_dags/example_task_group_decorator.py for tasks to queue
[2025-08-14T11:08:38.784+0000] {logging_mixin.py:150} INFO - [2025-08-14T11:08:38.784+0000] {dagbag.py:541} INFO - Filling up the DagBag from /home/vscode/.local/lib/python3.10/site-packages/airflow/example_dags/example_task_group_decorator.py
[2025-08-14T11:08:38.795+0000] {processor.py:836} INFO - DAG(s) dict_keys(['example_task_group_decorator']) retrieved from /home/vscode/.local/lib/python3.10/site-packages/airflow/example_dags/example_task_group_decorator.py
[2025-08-14T11:08:38.810+0000] {logging_mixin.py:150} INFO - [2025-08-14T11:08:38.810+0000] {dag.py:2742} INFO - Sync 1 DAGs
[2025-08-14T11:08:38.824+0000] {logging_mixin.py:150} INFO - [2025-08-14T11:08:38.824+0000] {dag.py:3504} INFO - Setting next_dagrun for example_task_group_decorator to 2025-08-13T11:08:38.823911+00:00, run_after=2025-08-14T11:08:38.823911+00:00
[2025-08-14T11:08:38.840+0000] {processor.py:179} INFO - Processing /home/vscode/.local/lib/python3.10/site-packages/airflow/example_dags/example_task_group_decorator.py took 0.060 seconds
[2025-08-14T11:09:29.330+0000] {processor.py:157} INFO - Started process (PID=45721) to work on /home/vscode/.local/lib/python3.10/site-packages/airflow/example_dags/example_task_group_decorator.py
[2025-08-14T11:09:29.331+0000] {processor.py:826} INFO - Processing file /home/vscode/.local/lib/python3.10/site-packages/airflow/example_dags/example_task_group_decorator.py for tasks to queue
[2025-08-14T11:09:29.332+0000] {logging_mixin.py:150} INFO - [2025-08-14T11:09:29.331+0000] {dagbag.py:541} INFO - Filling up the DagBag from /home/vscode/.local/lib/python3.10/site-packages/airflow/example_dags/example_task_group_decorator.py
[2025-08-14T11:09:29.343+0000] {processor.py:836} INFO - DAG(s) dict_keys(['example_task_group_decorator']) retrieved from /home/vscode/.local/lib/python3.10/site-packages/airflow/example_dags/example_task_group_decorator.py
[2025-08-14T11:09:29.358+0000] {logging_mixin.py:150} INFO - [2025-08-14T11:09:29.358+0000] {dag.py:2742} INFO - Sync 1 DAGs
[2025-08-14T11:09:29.373+0000] {logging_mixin.py:150} INFO - [2025-08-14T11:09:29.372+0000] {dag.py:3504} INFO - Setting next_dagrun for example_task_group_decorator to 2025-08-13T11:09:29.372749+00:00, run_after=2025-08-14T11:09:29.372749+00:00
[2025-08-14T11:09:29.389+0000] {processor.py:179} INFO - Processing /home/vscode/.local/lib/python3.10/site-packages/airflow/example_dags/example_task_group_decorator.py took 0.061 seconds
[2025-08-14T11:10:10.936+0000] {processor.py:157} INFO - Started process (PID=46114) to work on /home/vscode/.local/lib/python3.10/site-packages/airflow/example_dags/example_task_group_decorator.py
[2025-08-14T11:10:10.938+0000] {processor.py:826} INFO - Processing file /home/vscode/.local/lib/python3.10/site-packages/airflow/example_dags/example_task_group_decorator.py for tasks to queue
[2025-08-14T11:10:10.939+0000] {logging_mixin.py:150} INFO - [2025-08-14T11:10:10.939+0000] {dagbag.py:541} INFO - Filling up the DagBag from /home/vscode/.local/lib/python3.10/site-packages/airflow/example_dags/example_task_group_decorator.py
[2025-08-14T11:10:10.959+0000] {processor.py:836} INFO - DAG(s) dict_keys(['example_task_group_decorator']) retrieved from /home/vscode/.local/lib/python3.10/site-packages/airflow/example_dags/example_task_group_decorator.py
[2025-08-14T11:10:10.980+0000] {logging_mixin.py:150} INFO - [2025-08-14T11:10:10.980+0000] {dag.py:2742} INFO - Sync 1 DAGs
[2025-08-14T11:10:11.000+0000] {logging_mixin.py:150} INFO - [2025-08-14T11:10:11.000+0000] {dag.py:3504} INFO - Setting next_dagrun for example_task_group_decorator to 2025-08-13T11:10:10.999808+00:00, run_after=2025-08-14T11:10:10.999808+00:00
[2025-08-14T11:10:11.019+0000] {processor.py:179} INFO - Processing /home/vscode/.local/lib/python3.10/site-packages/airflow/example_dags/example_task_group_decorator.py took 0.087 seconds
[2025-08-14T11:10:58.681+0000] {processor.py:157} INFO - Started process (PID=46566) to work on /home/vscode/.local/lib/python3.10/site-packages/airflow/example_dags/example_task_group_decorator.py
[2025-08-14T11:10:58.681+0000] {processor.py:826} INFO - Processing file /home/vscode/.local/lib/python3.10/site-packages/airflow/example_dags/example_task_group_decorator.py for tasks to queue
[2025-08-14T11:10:58.682+0000] {logging_mixin.py:150} INFO - [2025-08-14T11:10:58.682+0000] {dagbag.py:541} INFO - Filling up the DagBag from /home/vscode/.local/lib/python3.10/site-packages/airflow/example_dags/example_task_group_decorator.py
[2025-08-14T11:10:58.693+0000] {processor.py:836} INFO - DAG(s) dict_keys(['example_task_group_decorator']) retrieved from /home/vscode/.local/lib/python3.10/site-packages/airflow/example_dags/example_task_group_decorator.py
[2025-08-14T11:10:58.706+0000] {logging_mixin.py:150} INFO - [2025-08-14T11:10:58.706+0000] {dag.py:2742} INFO - Sync 1 DAGs
[2025-08-14T11:10:58.720+0000] {logging_mixin.py:150} INFO - [2025-08-14T11:10:58.720+0000] {dag.py:3504} INFO - Setting next_dagrun for example_task_group_decorator to 2025-08-13T11:10:58.720723+00:00, run_after=2025-08-14T11:10:58.720723+00:00
[2025-08-14T11:10:58.735+0000] {processor.py:179} INFO - Processing /home/vscode/.local/lib/python3.10/site-packages/airflow/example_dags/example_task_group_decorator.py took 0.057 seconds
[2025-08-14T11:11:39.799+0000] {processor.py:157} INFO - Started process (PID=46963) to work on /home/vscode/.local/lib/python3.10/site-packages/airflow/example_dags/example_task_group_decorator.py
[2025-08-14T11:11:39.800+0000] {processor.py:826} INFO - Processing file /home/vscode/.local/lib/python3.10/site-packages/airflow/example_dags/example_task_group_decorator.py for tasks to queue
[2025-08-14T11:11:39.801+0000] {logging_mixin.py:150} INFO - [2025-08-14T11:11:39.800+0000] {dagbag.py:541} INFO - Filling up the DagBag from /home/vscode/.local/lib/python3.10/site-packages/airflow/example_dags/example_task_group_decorator.py
[2025-08-14T11:11:39.812+0000] {processor.py:836} INFO - DAG(s) dict_keys(['example_task_group_decorator']) retrieved from /home/vscode/.local/lib/python3.10/site-packages/airflow/example_dags/example_task_group_decorator.py
[2025-08-14T11:11:39.825+0000] {logging_mixin.py:150} INFO - [2025-08-14T11:11:39.825+0000] {dag.py:2742} INFO - Sync 1 DAGs
[2025-08-14T11:11:39.839+0000] {logging_mixin.py:150} INFO - [2025-08-14T11:11:39.839+0000] {dag.py:3504} INFO - Setting next_dagrun for example_task_group_decorator to 2025-08-13T11:11:39.838901+00:00, run_after=2025-08-14T11:11:39.838901+00:00
[2025-08-14T11:11:39.854+0000] {processor.py:179} INFO - Processing /home/vscode/.local/lib/python3.10/site-packages/airflow/example_dags/example_task_group_decorator.py took 0.056 seconds
[2025-08-14T11:12:22.054+0000] {processor.py:157} INFO - Started process (PID=47372) to work on /home/vscode/.local/lib/python3.10/site-packages/airflow/example_dags/example_task_group_decorator.py
[2025-08-14T11:12:22.055+0000] {processor.py:826} INFO - Processing file /home/vscode/.local/lib/python3.10/site-packages/airflow/example_dags/example_task_group_decorator.py for tasks to queue
[2025-08-14T11:12:22.055+0000] {logging_mixin.py:150} INFO - [2025-08-14T11:12:22.055+0000] {dagbag.py:541} INFO - Filling up the DagBag from /home/vscode/.local/lib/python3.10/site-packages/airflow/example_dags/example_task_group_decorator.py
[2025-08-14T11:12:22.070+0000] {processor.py:836} INFO - DAG(s) dict_keys(['example_task_group_decorator']) retrieved from /home/vscode/.local/lib/python3.10/site-packages/airflow/example_dags/example_task_group_decorator.py
[2025-08-14T11:12:22.085+0000] {logging_mixin.py:150} INFO - [2025-08-14T11:12:22.084+0000] {dag.py:2742} INFO - Sync 1 DAGs
[2025-08-14T11:12:22.101+0000] {logging_mixin.py:150} INFO - [2025-08-14T11:12:22.101+0000] {dag.py:3504} INFO - Setting next_dagrun for example_task_group_decorator to 2025-08-13T11:12:22.101517+00:00, run_after=2025-08-14T11:12:22.101517+00:00
[2025-08-14T11:12:22.116+0000] {processor.py:179} INFO - Processing /home/vscode/.local/lib/python3.10/site-packages/airflow/example_dags/example_task_group_decorator.py took 0.066 seconds
[2025-08-14T11:13:10.046+0000] {processor.py:157} INFO - Started process (PID=47832) to work on /home/vscode/.local/lib/python3.10/site-packages/airflow/example_dags/example_task_group_decorator.py
[2025-08-14T11:13:10.047+0000] {processor.py:826} INFO - Processing file /home/vscode/.local/lib/python3.10/site-packages/airflow/example_dags/example_task_group_decorator.py for tasks to queue
[2025-08-14T11:13:10.048+0000] {logging_mixin.py:150} INFO - [2025-08-14T11:13:10.048+0000] {dagbag.py:541} INFO - Filling up the DagBag from /home/vscode/.local/lib/python3.10/site-packages/airflow/example_dags/example_task_group_decorator.py
[2025-08-14T11:13:10.060+0000] {processor.py:836} INFO - DAG(s) dict_keys(['example_task_group_decorator']) retrieved from /home/vscode/.local/lib/python3.10/site-packages/airflow/example_dags/example_task_group_decorator.py
[2025-08-14T11:13:10.075+0000] {logging_mixin.py:150} INFO - [2025-08-14T11:13:10.074+0000] {dag.py:2742} INFO - Sync 1 DAGs
[2025-08-14T11:13:10.090+0000] {logging_mixin.py:150} INFO - [2025-08-14T11:13:10.090+0000] {dag.py:3504} INFO - Setting next_dagrun for example_task_group_decorator to 2025-08-13T11:13:10.090088+00:00, run_after=2025-08-14T11:13:10.090088+00:00
[2025-08-14T11:13:10.106+0000] {processor.py:179} INFO - Processing /home/vscode/.local/lib/python3.10/site-packages/airflow/example_dags/example_task_group_decorator.py took 0.062 seconds
[2025-08-14T11:13:59.836+0000] {processor.py:157} INFO - Started process (PID=48303) to work on /home/vscode/.local/lib/python3.10/site-packages/airflow/example_dags/example_task_group_decorator.py
[2025-08-14T11:13:59.837+0000] {processor.py:826} INFO - Processing file /home/vscode/.local/lib/python3.10/site-packages/airflow/example_dags/example_task_group_decorator.py for tasks to queue
[2025-08-14T11:13:59.838+0000] {logging_mixin.py:150} INFO - [2025-08-14T11:13:59.837+0000] {dagbag.py:541} INFO - Filling up the DagBag from /home/vscode/.local/lib/python3.10/site-packages/airflow/example_dags/example_task_group_decorator.py
[2025-08-14T11:13:59.849+0000] {processor.py:836} INFO - DAG(s) dict_keys(['example_task_group_decorator']) retrieved from /home/vscode/.local/lib/python3.10/site-packages/airflow/example_dags/example_task_group_decorator.py
[2025-08-14T11:13:59.863+0000] {logging_mixin.py:150} INFO - [2025-08-14T11:13:59.863+0000] {dag.py:2742} INFO - Sync 1 DAGs
[2025-08-14T11:13:59.877+0000] {logging_mixin.py:150} INFO - [2025-08-14T11:13:59.877+0000] {dag.py:3504} INFO - Setting next_dagrun for example_task_group_decorator to 2025-08-13T11:13:59.877640+00:00, run_after=2025-08-14T11:13:59.877640+00:00
[2025-08-14T11:13:59.895+0000] {processor.py:179} INFO - Processing /home/vscode/.local/lib/python3.10/site-packages/airflow/example_dags/example_task_group_decorator.py took 0.061 seconds
[2025-08-14T11:14:44.667+0000] {processor.py:157} INFO - Started process (PID=48730) to work on /home/vscode/.local/lib/python3.10/site-packages/airflow/example_dags/example_task_group_decorator.py
[2025-08-14T11:14:44.668+0000] {processor.py:826} INFO - Processing file /home/vscode/.local/lib/python3.10/site-packages/airflow/example_dags/example_task_group_decorator.py for tasks to queue
[2025-08-14T11:14:44.669+0000] {logging_mixin.py:150} INFO - [2025-08-14T11:14:44.668+0000] {dagbag.py:541} INFO - Filling up the DagBag from /home/vscode/.local/lib/python3.10/site-packages/airflow/example_dags/example_task_group_decorator.py
[2025-08-14T11:14:44.680+0000] {processor.py:836} INFO - DAG(s) dict_keys(['example_task_group_decorator']) retrieved from /home/vscode/.local/lib/python3.10/site-packages/airflow/example_dags/example_task_group_decorator.py
[2025-08-14T11:14:44.693+0000] {logging_mixin.py:150} INFO - [2025-08-14T11:14:44.693+0000] {dag.py:2742} INFO - Sync 1 DAGs
[2025-08-14T11:14:44.707+0000] {logging_mixin.py:150} INFO - [2025-08-14T11:14:44.707+0000] {dag.py:3504} INFO - Setting next_dagrun for example_task_group_decorator to 2025-08-13T11:14:44.707603+00:00, run_after=2025-08-14T11:14:44.707603+00:00
[2025-08-14T11:14:44.722+0000] {processor.py:179} INFO - Processing /home/vscode/.local/lib/python3.10/site-packages/airflow/example_dags/example_task_group_decorator.py took 0.057 seconds
[2025-08-14T11:15:35.209+0000] {processor.py:157} INFO - Started process (PID=49210) to work on /home/vscode/.local/lib/python3.10/site-packages/airflow/example_dags/example_task_group_decorator.py
[2025-08-14T11:15:35.209+0000] {processor.py:826} INFO - Processing file /home/vscode/.local/lib/python3.10/site-packages/airflow/example_dags/example_task_group_decorator.py for tasks to queue
[2025-08-14T11:15:35.210+0000] {logging_mixin.py:150} INFO - [2025-08-14T11:15:35.210+0000] {dagbag.py:541} INFO - Filling up the DagBag from /home/vscode/.local/lib/python3.10/site-packages/airflow/example_dags/example_task_group_decorator.py
[2025-08-14T11:15:35.221+0000] {processor.py:836} INFO - DAG(s) dict_keys(['example_task_group_decorator']) retrieved from /home/vscode/.local/lib/python3.10/site-packages/airflow/example_dags/example_task_group_decorator.py
[2025-08-14T11:15:35.235+0000] {logging_mixin.py:150} INFO - [2025-08-14T11:15:35.235+0000] {dag.py:2742} INFO - Sync 1 DAGs
[2025-08-14T11:15:35.249+0000] {logging_mixin.py:150} INFO - [2025-08-14T11:15:35.249+0000] {dag.py:3504} INFO - Setting next_dagrun for example_task_group_decorator to 2025-08-13T11:15:35.249636+00:00, run_after=2025-08-14T11:15:35.249636+00:00
[2025-08-14T11:15:35.265+0000] {processor.py:179} INFO - Processing /home/vscode/.local/lib/python3.10/site-packages/airflow/example_dags/example_task_group_decorator.py took 0.058 seconds
[2025-08-14T11:16:22.580+0000] {processor.py:157} INFO - Started process (PID=49666) to work on /home/vscode/.local/lib/python3.10/site-packages/airflow/example_dags/example_task_group_decorator.py
[2025-08-14T11:16:22.581+0000] {processor.py:826} INFO - Processing file /home/vscode/.local/lib/python3.10/site-packages/airflow/example_dags/example_task_group_decorator.py for tasks to queue
[2025-08-14T11:16:22.581+0000] {logging_mixin.py:150} INFO - [2025-08-14T11:16:22.581+0000] {dagbag.py:541} INFO - Filling up the DagBag from /home/vscode/.local/lib/python3.10/site-packages/airflow/example_dags/example_task_group_decorator.py
[2025-08-14T11:16:22.593+0000] {processor.py:836} INFO - DAG(s) dict_keys(['example_task_group_decorator']) retrieved from /home/vscode/.local/lib/python3.10/site-packages/airflow/example_dags/example_task_group_decorator.py
[2025-08-14T11:16:22.606+0000] {logging_mixin.py:150} INFO - [2025-08-14T11:16:22.606+0000] {dag.py:2742} INFO - Sync 1 DAGs
[2025-08-14T11:16:22.622+0000] {logging_mixin.py:150} INFO - [2025-08-14T11:16:22.622+0000] {dag.py:3504} INFO - Setting next_dagrun for example_task_group_decorator to 2025-08-13T11:16:22.621963+00:00, run_after=2025-08-14T11:16:22.621963+00:00
[2025-08-14T11:16:22.642+0000] {processor.py:179} INFO - Processing /home/vscode/.local/lib/python3.10/site-packages/airflow/example_dags/example_task_group_decorator.py took 0.064 seconds
[2025-08-14T11:17:06.560+0000] {processor.py:157} INFO - Started process (PID=50086) to work on /home/vscode/.local/lib/python3.10/site-packages/airflow/example_dags/example_task_group_decorator.py
[2025-08-14T11:17:06.561+0000] {processor.py:826} INFO - Processing file /home/vscode/.local/lib/python3.10/site-packages/airflow/example_dags/example_task_group_decorator.py for tasks to queue
[2025-08-14T11:17:06.561+0000] {logging_mixin.py:150} INFO - [2025-08-14T11:17:06.561+0000] {dagbag.py:541} INFO - Filling up the DagBag from /home/vscode/.local/lib/python3.10/site-packages/airflow/example_dags/example_task_group_decorator.py
[2025-08-14T11:17:06.573+0000] {processor.py:836} INFO - DAG(s) dict_keys(['example_task_group_decorator']) retrieved from /home/vscode/.local/lib/python3.10/site-packages/airflow/example_dags/example_task_group_decorator.py
[2025-08-14T11:17:06.588+0000] {logging_mixin.py:150} INFO - [2025-08-14T11:17:06.588+0000] {dag.py:2742} INFO - Sync 1 DAGs
[2025-08-14T11:17:06.604+0000] {logging_mixin.py:150} INFO - [2025-08-14T11:17:06.603+0000] {dag.py:3504} INFO - Setting next_dagrun for example_task_group_decorator to 2025-08-13T11:17:06.603744+00:00, run_after=2025-08-14T11:17:06.603744+00:00
[2025-08-14T11:17:06.619+0000] {processor.py:179} INFO - Processing /home/vscode/.local/lib/python3.10/site-packages/airflow/example_dags/example_task_group_decorator.py took 0.062 seconds
[2025-08-14T11:17:48.533+0000] {processor.py:157} INFO - Started process (PID=50491) to work on /home/vscode/.local/lib/python3.10/site-packages/airflow/example_dags/example_task_group_decorator.py
[2025-08-14T11:17:48.534+0000] {processor.py:826} INFO - Processing file /home/vscode/.local/lib/python3.10/site-packages/airflow/example_dags/example_task_group_decorator.py for tasks to queue
[2025-08-14T11:17:48.535+0000] {logging_mixin.py:150} INFO - [2025-08-14T11:17:48.534+0000] {dagbag.py:541} INFO - Filling up the DagBag from /home/vscode/.local/lib/python3.10/site-packages/airflow/example_dags/example_task_group_decorator.py
[2025-08-14T11:17:48.546+0000] {processor.py:836} INFO - DAG(s) dict_keys(['example_task_group_decorator']) retrieved from /home/vscode/.local/lib/python3.10/site-packages/airflow/example_dags/example_task_group_decorator.py
[2025-08-14T11:17:48.561+0000] {logging_mixin.py:150} INFO - [2025-08-14T11:17:48.561+0000] {dag.py:2742} INFO - Sync 1 DAGs
[2025-08-14T11:17:48.581+0000] {logging_mixin.py:150} INFO - [2025-08-14T11:17:48.581+0000] {dag.py:3504} INFO - Setting next_dagrun for example_task_group_decorator to 2025-08-13T11:17:48.580985+00:00, run_after=2025-08-14T11:17:48.580985+00:00
[2025-08-14T11:17:48.602+0000] {processor.py:179} INFO - Processing /home/vscode/.local/lib/python3.10/site-packages/airflow/example_dags/example_task_group_decorator.py took 0.071 seconds
[2025-08-14T11:18:36.208+0000] {processor.py:157} INFO - Started process (PID=50947) to work on /home/vscode/.local/lib/python3.10/site-packages/airflow/example_dags/example_task_group_decorator.py
[2025-08-14T11:18:36.208+0000] {processor.py:826} INFO - Processing file /home/vscode/.local/lib/python3.10/site-packages/airflow/example_dags/example_task_group_decorator.py for tasks to queue
[2025-08-14T11:18:36.209+0000] {logging_mixin.py:150} INFO - [2025-08-14T11:18:36.209+0000] {dagbag.py:541} INFO - Filling up the DagBag from /home/vscode/.local/lib/python3.10/site-packages/airflow/example_dags/example_task_group_decorator.py
[2025-08-14T11:18:36.221+0000] {processor.py:836} INFO - DAG(s) dict_keys(['example_task_group_decorator']) retrieved from /home/vscode/.local/lib/python3.10/site-packages/airflow/example_dags/example_task_group_decorator.py
[2025-08-14T11:18:36.235+0000] {logging_mixin.py:150} INFO - [2025-08-14T11:18:36.235+0000] {dag.py:2742} INFO - Sync 1 DAGs
[2025-08-14T11:18:36.249+0000] {logging_mixin.py:150} INFO - [2025-08-14T11:18:36.249+0000] {dag.py:3504} INFO - Setting next_dagrun for example_task_group_decorator to 2025-08-13T11:18:36.249552+00:00, run_after=2025-08-14T11:18:36.249552+00:00
[2025-08-14T11:18:36.265+0000] {processor.py:179} INFO - Processing /home/vscode/.local/lib/python3.10/site-packages/airflow/example_dags/example_task_group_decorator.py took 0.060 seconds
[2025-08-14T11:19:18.192+0000] {processor.py:157} INFO - Started process (PID=51352) to work on /home/vscode/.local/lib/python3.10/site-packages/airflow/example_dags/example_task_group_decorator.py
[2025-08-14T11:19:18.194+0000] {processor.py:826} INFO - Processing file /home/vscode/.local/lib/python3.10/site-packages/airflow/example_dags/example_task_group_decorator.py for tasks to queue
[2025-08-14T11:19:18.195+0000] {logging_mixin.py:150} INFO - [2025-08-14T11:19:18.195+0000] {dagbag.py:541} INFO - Filling up the DagBag from /home/vscode/.local/lib/python3.10/site-packages/airflow/example_dags/example_task_group_decorator.py
[2025-08-14T11:19:18.207+0000] {processor.py:836} INFO - DAG(s) dict_keys(['example_task_group_decorator']) retrieved from /home/vscode/.local/lib/python3.10/site-packages/airflow/example_dags/example_task_group_decorator.py
[2025-08-14T11:19:18.221+0000] {logging_mixin.py:150} INFO - [2025-08-14T11:19:18.221+0000] {dag.py:2742} INFO - Sync 1 DAGs
[2025-08-14T11:19:18.235+0000] {logging_mixin.py:150} INFO - [2025-08-14T11:19:18.235+0000] {dag.py:3504} INFO - Setting next_dagrun for example_task_group_decorator to 2025-08-13T11:19:18.235126+00:00, run_after=2025-08-14T11:19:18.235126+00:00
[2025-08-14T11:19:18.250+0000] {processor.py:179} INFO - Processing /home/vscode/.local/lib/python3.10/site-packages/airflow/example_dags/example_task_group_decorator.py took 0.062 seconds
[2025-08-14T11:20:08.969+0000] {processor.py:157} INFO - Started process (PID=51835) to work on /home/vscode/.local/lib/python3.10/site-packages/airflow/example_dags/example_task_group_decorator.py
[2025-08-14T11:20:08.970+0000] {processor.py:826} INFO - Processing file /home/vscode/.local/lib/python3.10/site-packages/airflow/example_dags/example_task_group_decorator.py for tasks to queue
[2025-08-14T11:20:08.971+0000] {logging_mixin.py:150} INFO - [2025-08-14T11:20:08.971+0000] {dagbag.py:541} INFO - Filling up the DagBag from /home/vscode/.local/lib/python3.10/site-packages/airflow/example_dags/example_task_group_decorator.py
[2025-08-14T11:20:08.982+0000] {processor.py:836} INFO - DAG(s) dict_keys(['example_task_group_decorator']) retrieved from /home/vscode/.local/lib/python3.10/site-packages/airflow/example_dags/example_task_group_decorator.py
[2025-08-14T11:20:09.001+0000] {logging_mixin.py:150} INFO - [2025-08-14T11:20:09.001+0000] {dag.py:2742} INFO - Sync 1 DAGs
[2025-08-14T11:20:09.027+0000] {logging_mixin.py:150} INFO - [2025-08-14T11:20:09.027+0000] {dag.py:3504} INFO - Setting next_dagrun for example_task_group_decorator to 2025-08-13T11:20:09.027117+00:00, run_after=2025-08-14T11:20:09.027117+00:00
[2025-08-14T11:20:09.050+0000] {processor.py:179} INFO - Processing /home/vscode/.local/lib/python3.10/site-packages/airflow/example_dags/example_task_group_decorator.py took 0.082 seconds
[2025-08-14T11:20:53.628+0000] {processor.py:157} INFO - Started process (PID=52257) to work on /home/vscode/.local/lib/python3.10/site-packages/airflow/example_dags/example_task_group_decorator.py
[2025-08-14T11:20:53.628+0000] {processor.py:826} INFO - Processing file /home/vscode/.local/lib/python3.10/site-packages/airflow/example_dags/example_task_group_decorator.py for tasks to queue
[2025-08-14T11:20:53.629+0000] {logging_mixin.py:150} INFO - [2025-08-14T11:20:53.629+0000] {dagbag.py:541} INFO - Filling up the DagBag from /home/vscode/.local/lib/python3.10/site-packages/airflow/example_dags/example_task_group_decorator.py
[2025-08-14T11:20:53.640+0000] {processor.py:836} INFO - DAG(s) dict_keys(['example_task_group_decorator']) retrieved from /home/vscode/.local/lib/python3.10/site-packages/airflow/example_dags/example_task_group_decorator.py
[2025-08-14T11:20:53.653+0000] {logging_mixin.py:150} INFO - [2025-08-14T11:20:53.653+0000] {dag.py:2742} INFO - Sync 1 DAGs
[2025-08-14T11:20:53.667+0000] {logging_mixin.py:150} INFO - [2025-08-14T11:20:53.667+0000] {dag.py:3504} INFO - Setting next_dagrun for example_task_group_decorator to 2025-08-13T11:20:53.667585+00:00, run_after=2025-08-14T11:20:53.667585+00:00
[2025-08-14T11:20:53.682+0000] {processor.py:179} INFO - Processing /home/vscode/.local/lib/python3.10/site-packages/airflow/example_dags/example_task_group_decorator.py took 0.057 seconds
[2025-08-14T11:21:42.417+0000] {processor.py:157} INFO - Started process (PID=52727) to work on /home/vscode/.local/lib/python3.10/site-packages/airflow/example_dags/example_task_group_decorator.py
[2025-08-14T11:21:42.417+0000] {processor.py:826} INFO - Processing file /home/vscode/.local/lib/python3.10/site-packages/airflow/example_dags/example_task_group_decorator.py for tasks to queue
[2025-08-14T11:21:42.418+0000] {logging_mixin.py:150} INFO - [2025-08-14T11:21:42.418+0000] {dagbag.py:541} INFO - Filling up the DagBag from /home/vscode/.local/lib/python3.10/site-packages/airflow/example_dags/example_task_group_decorator.py
[2025-08-14T11:21:42.429+0000] {processor.py:836} INFO - DAG(s) dict_keys(['example_task_group_decorator']) retrieved from /home/vscode/.local/lib/python3.10/site-packages/airflow/example_dags/example_task_group_decorator.py
[2025-08-14T11:21:42.444+0000] {logging_mixin.py:150} INFO - [2025-08-14T11:21:42.444+0000] {dag.py:2742} INFO - Sync 1 DAGs
[2025-08-14T11:21:42.459+0000] {logging_mixin.py:150} INFO - [2025-08-14T11:21:42.459+0000] {dag.py:3504} INFO - Setting next_dagrun for example_task_group_decorator to 2025-08-13T11:21:42.459095+00:00, run_after=2025-08-14T11:21:42.459095+00:00
[2025-08-14T11:21:42.475+0000] {processor.py:179} INFO - Processing /home/vscode/.local/lib/python3.10/site-packages/airflow/example_dags/example_task_group_decorator.py took 0.060 seconds
[2025-08-14T11:22:27.181+0000] {processor.py:157} INFO - Started process (PID=53155) to work on /home/vscode/.local/lib/python3.10/site-packages/airflow/example_dags/example_task_group_decorator.py
[2025-08-14T11:22:27.181+0000] {processor.py:826} INFO - Processing file /home/vscode/.local/lib/python3.10/site-packages/airflow/example_dags/example_task_group_decorator.py for tasks to queue
[2025-08-14T11:22:27.182+0000] {logging_mixin.py:150} INFO - [2025-08-14T11:22:27.182+0000] {dagbag.py:541} INFO - Filling up the DagBag from /home/vscode/.local/lib/python3.10/site-packages/airflow/example_dags/example_task_group_decorator.py
[2025-08-14T11:22:27.194+0000] {processor.py:836} INFO - DAG(s) dict_keys(['example_task_group_decorator']) retrieved from /home/vscode/.local/lib/python3.10/site-packages/airflow/example_dags/example_task_group_decorator.py
[2025-08-14T11:22:27.208+0000] {logging_mixin.py:150} INFO - [2025-08-14T11:22:27.208+0000] {dag.py:2742} INFO - Sync 1 DAGs
[2025-08-14T11:22:27.223+0000] {logging_mixin.py:150} INFO - [2025-08-14T11:22:27.223+0000] {dag.py:3504} INFO - Setting next_dagrun for example_task_group_decorator to 2025-08-13T11:22:27.223301+00:00, run_after=2025-08-14T11:22:27.223301+00:00
[2025-08-14T11:22:27.240+0000] {processor.py:179} INFO - Processing /home/vscode/.local/lib/python3.10/site-packages/airflow/example_dags/example_task_group_decorator.py took 0.061 seconds
[2025-08-14T11:23:14.778+0000] {processor.py:157} INFO - Started process (PID=53613) to work on /home/vscode/.local/lib/python3.10/site-packages/airflow/example_dags/example_task_group_decorator.py
[2025-08-14T11:23:14.779+0000] {processor.py:826} INFO - Processing file /home/vscode/.local/lib/python3.10/site-packages/airflow/example_dags/example_task_group_decorator.py for tasks to queue
[2025-08-14T11:23:14.780+0000] {logging_mixin.py:150} INFO - [2025-08-14T11:23:14.779+0000] {dagbag.py:541} INFO - Filling up the DagBag from /home/vscode/.local/lib/python3.10/site-packages/airflow/example_dags/example_task_group_decorator.py
[2025-08-14T11:23:14.792+0000] {processor.py:836} INFO - DAG(s) dict_keys(['example_task_group_decorator']) retrieved from /home/vscode/.local/lib/python3.10/site-packages/airflow/example_dags/example_task_group_decorator.py
[2025-08-14T11:23:14.810+0000] {logging_mixin.py:150} INFO - [2025-08-14T11:23:14.809+0000] {dag.py:2742} INFO - Sync 1 DAGs
[2025-08-14T11:23:14.823+0000] {logging_mixin.py:150} INFO - [2025-08-14T11:23:14.823+0000] {dag.py:3504} INFO - Setting next_dagrun for example_task_group_decorator to 2025-08-13T11:23:14.823561+00:00, run_after=2025-08-14T11:23:14.823561+00:00
[2025-08-14T11:23:14.839+0000] {processor.py:179} INFO - Processing /home/vscode/.local/lib/python3.10/site-packages/airflow/example_dags/example_task_group_decorator.py took 0.062 seconds
[2025-08-14T11:24:02.247+0000] {processor.py:157} INFO - Started process (PID=54070) to work on /home/vscode/.local/lib/python3.10/site-packages/airflow/example_dags/example_task_group_decorator.py
[2025-08-14T11:24:02.248+0000] {processor.py:826} INFO - Processing file /home/vscode/.local/lib/python3.10/site-packages/airflow/example_dags/example_task_group_decorator.py for tasks to queue
[2025-08-14T11:24:02.249+0000] {logging_mixin.py:150} INFO - [2025-08-14T11:24:02.249+0000] {dagbag.py:541} INFO - Filling up the DagBag from /home/vscode/.local/lib/python3.10/site-packages/airflow/example_dags/example_task_group_decorator.py
[2025-08-14T11:24:02.261+0000] {processor.py:836} INFO - DAG(s) dict_keys(['example_task_group_decorator']) retrieved from /home/vscode/.local/lib/python3.10/site-packages/airflow/example_dags/example_task_group_decorator.py
[2025-08-14T11:24:02.275+0000] {logging_mixin.py:150} INFO - [2025-08-14T11:24:02.275+0000] {dag.py:2742} INFO - Sync 1 DAGs
[2025-08-14T11:24:02.291+0000] {logging_mixin.py:150} INFO - [2025-08-14T11:24:02.291+0000] {dag.py:3504} INFO - Setting next_dagrun for example_task_group_decorator to 2025-08-13T11:24:02.290458+00:00, run_after=2025-08-14T11:24:02.290458+00:00
[2025-08-14T11:24:02.312+0000] {processor.py:179} INFO - Processing /home/vscode/.local/lib/python3.10/site-packages/airflow/example_dags/example_task_group_decorator.py took 0.067 seconds
[2025-08-14T11:24:51.947+0000] {processor.py:157} INFO - Started process (PID=54540) to work on /home/vscode/.local/lib/python3.10/site-packages/airflow/example_dags/example_task_group_decorator.py
[2025-08-14T11:24:51.947+0000] {processor.py:826} INFO - Processing file /home/vscode/.local/lib/python3.10/site-packages/airflow/example_dags/example_task_group_decorator.py for tasks to queue
[2025-08-14T11:24:51.948+0000] {logging_mixin.py:150} INFO - [2025-08-14T11:24:51.948+0000] {dagbag.py:541} INFO - Filling up the DagBag from /home/vscode/.local/lib/python3.10/site-packages/airflow/example_dags/example_task_group_decorator.py
[2025-08-14T11:24:51.960+0000] {processor.py:836} INFO - DAG(s) dict_keys(['example_task_group_decorator']) retrieved from /home/vscode/.local/lib/python3.10/site-packages/airflow/example_dags/example_task_group_decorator.py
[2025-08-14T11:24:51.974+0000] {logging_mixin.py:150} INFO - [2025-08-14T11:24:51.974+0000] {dag.py:2742} INFO - Sync 1 DAGs
[2025-08-14T11:24:51.988+0000] {logging_mixin.py:150} INFO - [2025-08-14T11:24:51.988+0000] {dag.py:3504} INFO - Setting next_dagrun for example_task_group_decorator to 2025-08-13T11:24:51.988462+00:00, run_after=2025-08-14T11:24:51.988462+00:00
[2025-08-14T11:24:52.004+0000] {processor.py:179} INFO - Processing /home/vscode/.local/lib/python3.10/site-packages/airflow/example_dags/example_task_group_decorator.py took 0.059 seconds
[2025-08-14T11:25:42.336+0000] {processor.py:157} INFO - Started process (PID=55019) to work on /home/vscode/.local/lib/python3.10/site-packages/airflow/example_dags/example_task_group_decorator.py
[2025-08-14T11:25:42.336+0000] {processor.py:826} INFO - Processing file /home/vscode/.local/lib/python3.10/site-packages/airflow/example_dags/example_task_group_decorator.py for tasks to queue
[2025-08-14T11:25:42.337+0000] {logging_mixin.py:150} INFO - [2025-08-14T11:25:42.337+0000] {dagbag.py:541} INFO - Filling up the DagBag from /home/vscode/.local/lib/python3.10/site-packages/airflow/example_dags/example_task_group_decorator.py
[2025-08-14T11:25:42.349+0000] {processor.py:836} INFO - DAG(s) dict_keys(['example_task_group_decorator']) retrieved from /home/vscode/.local/lib/python3.10/site-packages/airflow/example_dags/example_task_group_decorator.py
[2025-08-14T11:25:42.364+0000] {logging_mixin.py:150} INFO - [2025-08-14T11:25:42.364+0000] {dag.py:2742} INFO - Sync 1 DAGs
[2025-08-14T11:25:42.380+0000] {logging_mixin.py:150} INFO - [2025-08-14T11:25:42.379+0000] {dag.py:3504} INFO - Setting next_dagrun for example_task_group_decorator to 2025-08-13T11:25:42.379825+00:00, run_after=2025-08-14T11:25:42.379825+00:00
[2025-08-14T11:25:42.396+0000] {processor.py:179} INFO - Processing /home/vscode/.local/lib/python3.10/site-packages/airflow/example_dags/example_task_group_decorator.py took 0.062 seconds
[2025-08-14T11:26:29.742+0000] {processor.py:157} INFO - Started process (PID=55471) to work on /home/vscode/.local/lib/python3.10/site-packages/airflow/example_dags/example_task_group_decorator.py
[2025-08-14T11:26:29.743+0000] {processor.py:826} INFO - Processing file /home/vscode/.local/lib/python3.10/site-packages/airflow/example_dags/example_task_group_decorator.py for tasks to queue
[2025-08-14T11:26:29.743+0000] {logging_mixin.py:150} INFO - [2025-08-14T11:26:29.743+0000] {dagbag.py:541} INFO - Filling up the DagBag from /home/vscode/.local/lib/python3.10/site-packages/airflow/example_dags/example_task_group_decorator.py
[2025-08-14T11:26:29.756+0000] {processor.py:836} INFO - DAG(s) dict_keys(['example_task_group_decorator']) retrieved from /home/vscode/.local/lib/python3.10/site-packages/airflow/example_dags/example_task_group_decorator.py
[2025-08-14T11:26:29.772+0000] {logging_mixin.py:150} INFO - [2025-08-14T11:26:29.772+0000] {dag.py:2742} INFO - Sync 1 DAGs
[2025-08-14T11:26:29.791+0000] {logging_mixin.py:150} INFO - [2025-08-14T11:26:29.791+0000] {dag.py:3504} INFO - Setting next_dagrun for example_task_group_decorator to 2025-08-13T11:26:29.791438+00:00, run_after=2025-08-14T11:26:29.791438+00:00
[2025-08-14T11:26:29.808+0000] {processor.py:179} INFO - Processing /home/vscode/.local/lib/python3.10/site-packages/airflow/example_dags/example_task_group_decorator.py took 0.069 seconds
