[2025-08-14T09:39:22.014+0000] {processor.py:157} INFO - Started process (PID=3611) to work on /home/vscode/.local/lib/python3.10/site-packages/airflow/example_dags/example_subdag_operator.py
[2025-08-14T09:39:22.015+0000] {processor.py:826} INFO - Processing file /home/vscode/.local/lib/python3.10/site-packages/airflow/example_dags/example_subdag_operator.py for tasks to queue
[2025-08-14T09:39:22.015+0000] {logging_mixin.py:150} INFO - [2025-08-14T09:39:22.015+0000] {dagbag.py:541} INFO - Filling up the DagBag from /home/vscode/.local/lib/python3.10/site-packages/airflow/example_dags/example_subdag_operator.py
[2025-08-14T09:39:22.029+0000] {processor.py:836} INFO - DAG(s) dict_keys(['example_subdag_operator.section-1', 'example_subdag_operator.section-2', 'example_subdag_operator']) retrieved from /home/vscode/.local/lib/python3.10/site-packages/airflow/example_dags/example_subdag_operator.py
[2025-08-14T09:39:22.108+0000] {logging_mixin.py:150} INFO - [2025-08-14T09:39:22.108+0000] {manager.py:504} INFO - Created Permission View: can edit on DAG:example_subdag_operator
[2025-08-14T09:39:22.116+0000] {logging_mixin.py:150} INFO - [2025-08-14T09:39:22.116+0000] {manager.py:504} INFO - Created Permission View: can read on DAG:example_subdag_operator
[2025-08-14T09:39:22.123+0000] {logging_mixin.py:150} INFO - [2025-08-14T09:39:22.123+0000] {manager.py:504} INFO - Created Permission View: can delete on DAG:example_subdag_operator
[2025-08-14T09:39:22.131+0000] {logging_mixin.py:150} INFO - [2025-08-14T09:39:22.131+0000] {dag.py:2742} INFO - Sync 3 DAGs
[2025-08-14T09:39:22.138+0000] {logging_mixin.py:150} INFO - [2025-08-14T09:39:22.138+0000] {dag.py:2763} INFO - Creating ORM DAG for example_subdag_operator.section-1
[2025-08-14T09:39:22.138+0000] {logging_mixin.py:150} INFO - [2025-08-14T09:39:22.138+0000] {dag.py:2763} INFO - Creating ORM DAG for example_subdag_operator.section-2
[2025-08-14T09:39:22.139+0000] {logging_mixin.py:150} INFO - [2025-08-14T09:39:22.138+0000] {dag.py:2763} INFO - Creating ORM DAG for example_subdag_operator
[2025-08-14T09:39:22.144+0000] {logging_mixin.py:150} INFO - [2025-08-14T09:39:22.144+0000] {dag.py:3504} INFO - Setting next_dagrun for example_subdag_operator to 2022-01-01T00:00:00+00:00, run_after=2022-01-01T00:00:00+00:00
[2025-08-14T09:39:22.145+0000] {logging_mixin.py:150} INFO - [2025-08-14T09:39:22.145+0000] {dag.py:3504} INFO - Setting next_dagrun for example_subdag_operator.section-1 to None, run_after=None
[2025-08-14T09:39:22.145+0000] {logging_mixin.py:150} INFO - [2025-08-14T09:39:22.145+0000] {dag.py:3504} INFO - Setting next_dagrun for example_subdag_operator.section-2 to None, run_after=None
[2025-08-14T09:39:22.150+0000] {logging_mixin.py:150} INFO - [2025-08-14T09:39:22.150+0000] {dag.py:2742} INFO - Sync 2 DAGs
[2025-08-14T09:39:22.153+0000] {logging_mixin.py:150} INFO - [2025-08-14T09:39:22.153+0000] {dag.py:3504} INFO - Setting next_dagrun for example_subdag_operator.section-1 to None, run_after=None
[2025-08-14T09:39:22.154+0000] {logging_mixin.py:150} INFO - [2025-08-14T09:39:22.154+0000] {dag.py:3504} INFO - Setting next_dagrun for example_subdag_operator.section-2 to None, run_after=None
[2025-08-14T09:39:22.169+0000] {processor.py:179} INFO - Processing /home/vscode/.local/lib/python3.10/site-packages/airflow/example_dags/example_subdag_operator.py took 0.156 seconds
[2025-08-14T09:40:10.137+0000] {processor.py:157} INFO - Started process (PID=3942) to work on /home/vscode/.local/lib/python3.10/site-packages/airflow/example_dags/example_subdag_operator.py
[2025-08-14T09:40:10.138+0000] {processor.py:826} INFO - Processing file /home/vscode/.local/lib/python3.10/site-packages/airflow/example_dags/example_subdag_operator.py for tasks to queue
[2025-08-14T09:40:10.139+0000] {logging_mixin.py:150} INFO - [2025-08-14T09:40:10.139+0000] {dagbag.py:541} INFO - Filling up the DagBag from /home/vscode/.local/lib/python3.10/site-packages/airflow/example_dags/example_subdag_operator.py
[2025-08-14T09:40:10.153+0000] {processor.py:836} INFO - DAG(s) dict_keys(['example_subdag_operator.section-1', 'example_subdag_operator.section-2', 'example_subdag_operator']) retrieved from /home/vscode/.local/lib/python3.10/site-packages/airflow/example_dags/example_subdag_operator.py
[2025-08-14T09:40:10.164+0000] {logging_mixin.py:150} INFO - [2025-08-14T09:40:10.163+0000] {dag.py:2742} INFO - Sync 3 DAGs
[2025-08-14T09:40:10.177+0000] {logging_mixin.py:150} INFO - [2025-08-14T09:40:10.177+0000] {dag.py:3504} INFO - Setting next_dagrun for example_subdag_operator to 2022-01-01T00:00:00+00:00, run_after=2022-01-01T00:00:00+00:00
[2025-08-14T09:40:10.180+0000] {logging_mixin.py:150} INFO - [2025-08-14T09:40:10.179+0000] {dag.py:3504} INFO - Setting next_dagrun for example_subdag_operator.section-1 to None, run_after=None
[2025-08-14T09:40:10.180+0000] {logging_mixin.py:150} INFO - [2025-08-14T09:40:10.180+0000] {dag.py:3504} INFO - Setting next_dagrun for example_subdag_operator.section-2 to None, run_after=None
[2025-08-14T09:40:10.184+0000] {logging_mixin.py:150} INFO - [2025-08-14T09:40:10.184+0000] {dag.py:2742} INFO - Sync 2 DAGs
[2025-08-14T09:40:10.187+0000] {logging_mixin.py:150} INFO - [2025-08-14T09:40:10.187+0000] {dag.py:3504} INFO - Setting next_dagrun for example_subdag_operator.section-1 to None, run_after=None
[2025-08-14T09:40:10.187+0000] {logging_mixin.py:150} INFO - [2025-08-14T09:40:10.187+0000] {dag.py:3504} INFO - Setting next_dagrun for example_subdag_operator.section-2 to None, run_after=None
[2025-08-14T09:40:10.197+0000] {processor.py:179} INFO - Processing /home/vscode/.local/lib/python3.10/site-packages/airflow/example_dags/example_subdag_operator.py took 0.063 seconds
[2025-08-14T09:40:54.536+0000] {processor.py:157} INFO - Started process (PID=4236) to work on /home/vscode/.local/lib/python3.10/site-packages/airflow/example_dags/example_subdag_operator.py
[2025-08-14T09:40:54.536+0000] {processor.py:826} INFO - Processing file /home/vscode/.local/lib/python3.10/site-packages/airflow/example_dags/example_subdag_operator.py for tasks to queue
[2025-08-14T09:40:54.537+0000] {logging_mixin.py:150} INFO - [2025-08-14T09:40:54.537+0000] {dagbag.py:541} INFO - Filling up the DagBag from /home/vscode/.local/lib/python3.10/site-packages/airflow/example_dags/example_subdag_operator.py
[2025-08-14T09:40:54.551+0000] {processor.py:836} INFO - DAG(s) dict_keys(['example_subdag_operator.section-1', 'example_subdag_operator.section-2', 'example_subdag_operator']) retrieved from /home/vscode/.local/lib/python3.10/site-packages/airflow/example_dags/example_subdag_operator.py
[2025-08-14T09:40:54.562+0000] {logging_mixin.py:150} INFO - [2025-08-14T09:40:54.562+0000] {dag.py:2742} INFO - Sync 3 DAGs
[2025-08-14T09:40:54.576+0000] {logging_mixin.py:150} INFO - [2025-08-14T09:40:54.576+0000] {dag.py:3504} INFO - Setting next_dagrun for example_subdag_operator to 2022-01-01T00:00:00+00:00, run_after=2022-01-01T00:00:00+00:00
[2025-08-14T09:40:54.578+0000] {logging_mixin.py:150} INFO - [2025-08-14T09:40:54.578+0000] {dag.py:3504} INFO - Setting next_dagrun for example_subdag_operator.section-1 to None, run_after=None
[2025-08-14T09:40:54.578+0000] {logging_mixin.py:150} INFO - [2025-08-14T09:40:54.578+0000] {dag.py:3504} INFO - Setting next_dagrun for example_subdag_operator.section-2 to None, run_after=None
[2025-08-14T09:40:54.582+0000] {logging_mixin.py:150} INFO - [2025-08-14T09:40:54.582+0000] {dag.py:2742} INFO - Sync 2 DAGs
[2025-08-14T09:40:54.585+0000] {logging_mixin.py:150} INFO - [2025-08-14T09:40:54.585+0000] {dag.py:3504} INFO - Setting next_dagrun for example_subdag_operator.section-1 to None, run_after=None
[2025-08-14T09:40:54.585+0000] {logging_mixin.py:150} INFO - [2025-08-14T09:40:54.585+0000] {dag.py:3504} INFO - Setting next_dagrun for example_subdag_operator.section-2 to None, run_after=None
[2025-08-14T09:40:54.596+0000] {processor.py:179} INFO - Processing /home/vscode/.local/lib/python3.10/site-packages/airflow/example_dags/example_subdag_operator.py took 0.062 seconds
[2025-08-14T09:41:38.501+0000] {processor.py:157} INFO - Started process (PID=4561) to work on /home/vscode/.local/lib/python3.10/site-packages/airflow/example_dags/example_subdag_operator.py
[2025-08-14T09:41:38.501+0000] {processor.py:826} INFO - Processing file /home/vscode/.local/lib/python3.10/site-packages/airflow/example_dags/example_subdag_operator.py for tasks to queue
[2025-08-14T09:41:38.502+0000] {logging_mixin.py:150} INFO - [2025-08-14T09:41:38.502+0000] {dagbag.py:541} INFO - Filling up the DagBag from /home/vscode/.local/lib/python3.10/site-packages/airflow/example_dags/example_subdag_operator.py
[2025-08-14T09:41:38.516+0000] {processor.py:836} INFO - DAG(s) dict_keys(['example_subdag_operator.section-1', 'example_subdag_operator.section-2', 'example_subdag_operator']) retrieved from /home/vscode/.local/lib/python3.10/site-packages/airflow/example_dags/example_subdag_operator.py
[2025-08-14T09:41:38.528+0000] {logging_mixin.py:150} INFO - [2025-08-14T09:41:38.528+0000] {dag.py:2742} INFO - Sync 3 DAGs
[2025-08-14T09:41:38.543+0000] {logging_mixin.py:150} INFO - [2025-08-14T09:41:38.543+0000] {dag.py:3504} INFO - Setting next_dagrun for example_subdag_operator to 2022-01-01T00:00:00+00:00, run_after=2022-01-01T00:00:00+00:00
[2025-08-14T09:41:38.545+0000] {logging_mixin.py:150} INFO - [2025-08-14T09:41:38.545+0000] {dag.py:3504} INFO - Setting next_dagrun for example_subdag_operator.section-1 to None, run_after=None
[2025-08-14T09:41:38.546+0000] {logging_mixin.py:150} INFO - [2025-08-14T09:41:38.546+0000] {dag.py:3504} INFO - Setting next_dagrun for example_subdag_operator.section-2 to None, run_after=None
[2025-08-14T09:41:38.550+0000] {logging_mixin.py:150} INFO - [2025-08-14T09:41:38.550+0000] {dag.py:2742} INFO - Sync 2 DAGs
[2025-08-14T09:41:38.553+0000] {logging_mixin.py:150} INFO - [2025-08-14T09:41:38.553+0000] {dag.py:3504} INFO - Setting next_dagrun for example_subdag_operator.section-1 to None, run_after=None
[2025-08-14T09:41:38.554+0000] {logging_mixin.py:150} INFO - [2025-08-14T09:41:38.553+0000] {dag.py:3504} INFO - Setting next_dagrun for example_subdag_operator.section-2 to None, run_after=None
[2025-08-14T09:41:38.564+0000] {processor.py:179} INFO - Processing /home/vscode/.local/lib/python3.10/site-packages/airflow/example_dags/example_subdag_operator.py took 0.066 seconds
[2025-08-14T09:42:22.144+0000] {processor.py:157} INFO - Started process (PID=4888) to work on /home/vscode/.local/lib/python3.10/site-packages/airflow/example_dags/example_subdag_operator.py
[2025-08-14T09:42:22.144+0000] {processor.py:826} INFO - Processing file /home/vscode/.local/lib/python3.10/site-packages/airflow/example_dags/example_subdag_operator.py for tasks to queue
[2025-08-14T09:42:22.145+0000] {logging_mixin.py:150} INFO - [2025-08-14T09:42:22.145+0000] {dagbag.py:541} INFO - Filling up the DagBag from /home/vscode/.local/lib/python3.10/site-packages/airflow/example_dags/example_subdag_operator.py
[2025-08-14T09:42:22.161+0000] {processor.py:836} INFO - DAG(s) dict_keys(['example_subdag_operator.section-1', 'example_subdag_operator.section-2', 'example_subdag_operator']) retrieved from /home/vscode/.local/lib/python3.10/site-packages/airflow/example_dags/example_subdag_operator.py
[2025-08-14T09:42:22.172+0000] {logging_mixin.py:150} INFO - [2025-08-14T09:42:22.171+0000] {dag.py:2742} INFO - Sync 3 DAGs
[2025-08-14T09:42:22.185+0000] {logging_mixin.py:150} INFO - [2025-08-14T09:42:22.185+0000] {dag.py:3504} INFO - Setting next_dagrun for example_subdag_operator to 2022-01-01T00:00:00+00:00, run_after=2022-01-01T00:00:00+00:00
[2025-08-14T09:42:22.187+0000] {logging_mixin.py:150} INFO - [2025-08-14T09:42:22.187+0000] {dag.py:3504} INFO - Setting next_dagrun for example_subdag_operator.section-1 to None, run_after=None
[2025-08-14T09:42:22.188+0000] {logging_mixin.py:150} INFO - [2025-08-14T09:42:22.188+0000] {dag.py:3504} INFO - Setting next_dagrun for example_subdag_operator.section-2 to None, run_after=None
[2025-08-14T09:42:22.192+0000] {logging_mixin.py:150} INFO - [2025-08-14T09:42:22.192+0000] {dag.py:2742} INFO - Sync 2 DAGs
[2025-08-14T09:42:22.195+0000] {logging_mixin.py:150} INFO - [2025-08-14T09:42:22.194+0000] {dag.py:3504} INFO - Setting next_dagrun for example_subdag_operator.section-1 to None, run_after=None
[2025-08-14T09:42:22.195+0000] {logging_mixin.py:150} INFO - [2025-08-14T09:42:22.195+0000] {dag.py:3504} INFO - Setting next_dagrun for example_subdag_operator.section-2 to None, run_after=None
[2025-08-14T09:42:22.205+0000] {processor.py:179} INFO - Processing /home/vscode/.local/lib/python3.10/site-packages/airflow/example_dags/example_subdag_operator.py took 0.063 seconds
[2025-08-14T09:43:06.300+0000] {processor.py:157} INFO - Started process (PID=5188) to work on /home/vscode/.local/lib/python3.10/site-packages/airflow/example_dags/example_subdag_operator.py
[2025-08-14T09:43:06.301+0000] {processor.py:826} INFO - Processing file /home/vscode/.local/lib/python3.10/site-packages/airflow/example_dags/example_subdag_operator.py for tasks to queue
[2025-08-14T09:43:06.301+0000] {logging_mixin.py:150} INFO - [2025-08-14T09:43:06.301+0000] {dagbag.py:541} INFO - Filling up the DagBag from /home/vscode/.local/lib/python3.10/site-packages/airflow/example_dags/example_subdag_operator.py
[2025-08-14T09:43:06.316+0000] {processor.py:836} INFO - DAG(s) dict_keys(['example_subdag_operator.section-1', 'example_subdag_operator.section-2', 'example_subdag_operator']) retrieved from /home/vscode/.local/lib/python3.10/site-packages/airflow/example_dags/example_subdag_operator.py
[2025-08-14T09:43:06.328+0000] {logging_mixin.py:150} INFO - [2025-08-14T09:43:06.328+0000] {dag.py:2742} INFO - Sync 3 DAGs
[2025-08-14T09:43:06.342+0000] {logging_mixin.py:150} INFO - [2025-08-14T09:43:06.342+0000] {dag.py:3504} INFO - Setting next_dagrun for example_subdag_operator to 2022-01-01T00:00:00+00:00, run_after=2022-01-01T00:00:00+00:00
[2025-08-14T09:43:06.344+0000] {logging_mixin.py:150} INFO - [2025-08-14T09:43:06.344+0000] {dag.py:3504} INFO - Setting next_dagrun for example_subdag_operator.section-1 to None, run_after=None
[2025-08-14T09:43:06.345+0000] {logging_mixin.py:150} INFO - [2025-08-14T09:43:06.345+0000] {dag.py:3504} INFO - Setting next_dagrun for example_subdag_operator.section-2 to None, run_after=None
[2025-08-14T09:43:06.349+0000] {logging_mixin.py:150} INFO - [2025-08-14T09:43:06.349+0000] {dag.py:2742} INFO - Sync 2 DAGs
[2025-08-14T09:43:06.352+0000] {logging_mixin.py:150} INFO - [2025-08-14T09:43:06.352+0000] {dag.py:3504} INFO - Setting next_dagrun for example_subdag_operator.section-1 to None, run_after=None
[2025-08-14T09:43:06.352+0000] {logging_mixin.py:150} INFO - [2025-08-14T09:43:06.352+0000] {dag.py:3504} INFO - Setting next_dagrun for example_subdag_operator.section-2 to None, run_after=None
[2025-08-14T09:43:06.362+0000] {processor.py:179} INFO - Processing /home/vscode/.local/lib/python3.10/site-packages/airflow/example_dags/example_subdag_operator.py took 0.064 seconds
[2025-08-14T09:43:53.530+0000] {processor.py:157} INFO - Started process (PID=5541) to work on /home/vscode/.local/lib/python3.10/site-packages/airflow/example_dags/example_subdag_operator.py
[2025-08-14T09:43:53.530+0000] {processor.py:826} INFO - Processing file /home/vscode/.local/lib/python3.10/site-packages/airflow/example_dags/example_subdag_operator.py for tasks to queue
[2025-08-14T09:43:53.531+0000] {logging_mixin.py:150} INFO - [2025-08-14T09:43:53.531+0000] {dagbag.py:541} INFO - Filling up the DagBag from /home/vscode/.local/lib/python3.10/site-packages/airflow/example_dags/example_subdag_operator.py
[2025-08-14T09:43:53.546+0000] {processor.py:836} INFO - DAG(s) dict_keys(['example_subdag_operator.section-1', 'example_subdag_operator.section-2', 'example_subdag_operator']) retrieved from /home/vscode/.local/lib/python3.10/site-packages/airflow/example_dags/example_subdag_operator.py
[2025-08-14T09:43:53.557+0000] {logging_mixin.py:150} INFO - [2025-08-14T09:43:53.557+0000] {dag.py:2742} INFO - Sync 3 DAGs
[2025-08-14T09:43:53.571+0000] {logging_mixin.py:150} INFO - [2025-08-14T09:43:53.571+0000] {dag.py:3504} INFO - Setting next_dagrun for example_subdag_operator to 2022-01-01T00:00:00+00:00, run_after=2022-01-01T00:00:00+00:00
[2025-08-14T09:43:53.573+0000] {logging_mixin.py:150} INFO - [2025-08-14T09:43:53.573+0000] {dag.py:3504} INFO - Setting next_dagrun for example_subdag_operator.section-1 to None, run_after=None
[2025-08-14T09:43:53.573+0000] {logging_mixin.py:150} INFO - [2025-08-14T09:43:53.573+0000] {dag.py:3504} INFO - Setting next_dagrun for example_subdag_operator.section-2 to None, run_after=None
[2025-08-14T09:43:53.578+0000] {logging_mixin.py:150} INFO - [2025-08-14T09:43:53.578+0000] {dag.py:2742} INFO - Sync 2 DAGs
[2025-08-14T09:43:53.581+0000] {logging_mixin.py:150} INFO - [2025-08-14T09:43:53.581+0000] {dag.py:3504} INFO - Setting next_dagrun for example_subdag_operator.section-1 to None, run_after=None
[2025-08-14T09:43:53.581+0000] {logging_mixin.py:150} INFO - [2025-08-14T09:43:53.581+0000] {dag.py:3504} INFO - Setting next_dagrun for example_subdag_operator.section-2 to None, run_after=None
[2025-08-14T09:43:53.592+0000] {processor.py:179} INFO - Processing /home/vscode/.local/lib/python3.10/site-packages/airflow/example_dags/example_subdag_operator.py took 0.065 seconds
[2025-08-14T09:44:35.993+0000] {processor.py:157} INFO - Started process (PID=5860) to work on /home/vscode/.local/lib/python3.10/site-packages/airflow/example_dags/example_subdag_operator.py
[2025-08-14T09:44:35.994+0000] {processor.py:826} INFO - Processing file /home/vscode/.local/lib/python3.10/site-packages/airflow/example_dags/example_subdag_operator.py for tasks to queue
[2025-08-14T09:44:35.994+0000] {logging_mixin.py:150} INFO - [2025-08-14T09:44:35.994+0000] {dagbag.py:541} INFO - Filling up the DagBag from /home/vscode/.local/lib/python3.10/site-packages/airflow/example_dags/example_subdag_operator.py
[2025-08-14T09:44:36.009+0000] {processor.py:836} INFO - DAG(s) dict_keys(['example_subdag_operator.section-1', 'example_subdag_operator.section-2', 'example_subdag_operator']) retrieved from /home/vscode/.local/lib/python3.10/site-packages/airflow/example_dags/example_subdag_operator.py
[2025-08-14T09:44:36.021+0000] {logging_mixin.py:150} INFO - [2025-08-14T09:44:36.020+0000] {dag.py:2742} INFO - Sync 3 DAGs
[2025-08-14T09:44:36.036+0000] {logging_mixin.py:150} INFO - [2025-08-14T09:44:36.036+0000] {dag.py:3504} INFO - Setting next_dagrun for example_subdag_operator to 2022-01-01T00:00:00+00:00, run_after=2022-01-01T00:00:00+00:00
[2025-08-14T09:44:36.038+0000] {logging_mixin.py:150} INFO - [2025-08-14T09:44:36.038+0000] {dag.py:3504} INFO - Setting next_dagrun for example_subdag_operator.section-1 to None, run_after=None
[2025-08-14T09:44:36.039+0000] {logging_mixin.py:150} INFO - [2025-08-14T09:44:36.038+0000] {dag.py:3504} INFO - Setting next_dagrun for example_subdag_operator.section-2 to None, run_after=None
[2025-08-14T09:44:36.043+0000] {logging_mixin.py:150} INFO - [2025-08-14T09:44:36.043+0000] {dag.py:2742} INFO - Sync 2 DAGs
[2025-08-14T09:44:36.046+0000] {logging_mixin.py:150} INFO - [2025-08-14T09:44:36.045+0000] {dag.py:3504} INFO - Setting next_dagrun for example_subdag_operator.section-1 to None, run_after=None
[2025-08-14T09:44:36.046+0000] {logging_mixin.py:150} INFO - [2025-08-14T09:44:36.046+0000] {dag.py:3504} INFO - Setting next_dagrun for example_subdag_operator.section-2 to None, run_after=None
[2025-08-14T09:44:36.057+0000] {processor.py:179} INFO - Processing /home/vscode/.local/lib/python3.10/site-packages/airflow/example_dags/example_subdag_operator.py took 0.066 seconds
[2025-08-14T09:45:17.394+0000] {processor.py:157} INFO - Started process (PID=6166) to work on /home/vscode/.local/lib/python3.10/site-packages/airflow/example_dags/example_subdag_operator.py
[2025-08-14T09:45:17.394+0000] {processor.py:826} INFO - Processing file /home/vscode/.local/lib/python3.10/site-packages/airflow/example_dags/example_subdag_operator.py for tasks to queue
[2025-08-14T09:45:17.395+0000] {logging_mixin.py:150} INFO - [2025-08-14T09:45:17.395+0000] {dagbag.py:541} INFO - Filling up the DagBag from /home/vscode/.local/lib/python3.10/site-packages/airflow/example_dags/example_subdag_operator.py
[2025-08-14T09:45:17.411+0000] {processor.py:836} INFO - DAG(s) dict_keys(['example_subdag_operator.section-1', 'example_subdag_operator.section-2', 'example_subdag_operator']) retrieved from /home/vscode/.local/lib/python3.10/site-packages/airflow/example_dags/example_subdag_operator.py
[2025-08-14T09:45:17.423+0000] {logging_mixin.py:150} INFO - [2025-08-14T09:45:17.423+0000] {dag.py:2742} INFO - Sync 3 DAGs
[2025-08-14T09:45:17.438+0000] {logging_mixin.py:150} INFO - [2025-08-14T09:45:17.438+0000] {dag.py:3504} INFO - Setting next_dagrun for example_subdag_operator to 2022-01-01T00:00:00+00:00, run_after=2022-01-01T00:00:00+00:00
[2025-08-14T09:45:17.440+0000] {logging_mixin.py:150} INFO - [2025-08-14T09:45:17.440+0000] {dag.py:3504} INFO - Setting next_dagrun for example_subdag_operator.section-1 to None, run_after=None
[2025-08-14T09:45:17.441+0000] {logging_mixin.py:150} INFO - [2025-08-14T09:45:17.441+0000] {dag.py:3504} INFO - Setting next_dagrun for example_subdag_operator.section-2 to None, run_after=None
[2025-08-14T09:45:17.445+0000] {logging_mixin.py:150} INFO - [2025-08-14T09:45:17.445+0000] {dag.py:2742} INFO - Sync 2 DAGs
[2025-08-14T09:45:17.448+0000] {logging_mixin.py:150} INFO - [2025-08-14T09:45:17.448+0000] {dag.py:3504} INFO - Setting next_dagrun for example_subdag_operator.section-1 to None, run_after=None
[2025-08-14T09:45:17.448+0000] {logging_mixin.py:150} INFO - [2025-08-14T09:45:17.448+0000] {dag.py:3504} INFO - Setting next_dagrun for example_subdag_operator.section-2 to None, run_after=None
[2025-08-14T09:45:17.460+0000] {processor.py:179} INFO - Processing /home/vscode/.local/lib/python3.10/site-packages/airflow/example_dags/example_subdag_operator.py took 0.069 seconds
[2025-08-14T09:46:02.654+0000] {processor.py:157} INFO - Started process (PID=6473) to work on /home/vscode/.local/lib/python3.10/site-packages/airflow/example_dags/example_subdag_operator.py
[2025-08-14T09:46:02.654+0000] {processor.py:826} INFO - Processing file /home/vscode/.local/lib/python3.10/site-packages/airflow/example_dags/example_subdag_operator.py for tasks to queue
[2025-08-14T09:46:02.655+0000] {logging_mixin.py:150} INFO - [2025-08-14T09:46:02.655+0000] {dagbag.py:541} INFO - Filling up the DagBag from /home/vscode/.local/lib/python3.10/site-packages/airflow/example_dags/example_subdag_operator.py
[2025-08-14T09:46:02.669+0000] {processor.py:836} INFO - DAG(s) dict_keys(['example_subdag_operator.section-1', 'example_subdag_operator.section-2', 'example_subdag_operator']) retrieved from /home/vscode/.local/lib/python3.10/site-packages/airflow/example_dags/example_subdag_operator.py
[2025-08-14T09:46:02.680+0000] {logging_mixin.py:150} INFO - [2025-08-14T09:46:02.680+0000] {dag.py:2742} INFO - Sync 3 DAGs
[2025-08-14T09:46:02.695+0000] {logging_mixin.py:150} INFO - [2025-08-14T09:46:02.695+0000] {dag.py:3504} INFO - Setting next_dagrun for example_subdag_operator to 2022-01-01T00:00:00+00:00, run_after=2022-01-01T00:00:00+00:00
[2025-08-14T09:46:02.697+0000] {logging_mixin.py:150} INFO - [2025-08-14T09:46:02.697+0000] {dag.py:3504} INFO - Setting next_dagrun for example_subdag_operator.section-1 to None, run_after=None
[2025-08-14T09:46:02.697+0000] {logging_mixin.py:150} INFO - [2025-08-14T09:46:02.697+0000] {dag.py:3504} INFO - Setting next_dagrun for example_subdag_operator.section-2 to None, run_after=None
[2025-08-14T09:46:02.702+0000] {logging_mixin.py:150} INFO - [2025-08-14T09:46:02.701+0000] {dag.py:2742} INFO - Sync 2 DAGs
[2025-08-14T09:46:02.704+0000] {logging_mixin.py:150} INFO - [2025-08-14T09:46:02.704+0000] {dag.py:3504} INFO - Setting next_dagrun for example_subdag_operator.section-1 to None, run_after=None
[2025-08-14T09:46:02.705+0000] {logging_mixin.py:150} INFO - [2025-08-14T09:46:02.705+0000] {dag.py:3504} INFO - Setting next_dagrun for example_subdag_operator.section-2 to None, run_after=None
[2025-08-14T09:46:02.715+0000] {processor.py:179} INFO - Processing /home/vscode/.local/lib/python3.10/site-packages/airflow/example_dags/example_subdag_operator.py took 0.063 seconds
[2025-08-14T09:46:47.869+0000] {processor.py:157} INFO - Started process (PID=6773) to work on /home/vscode/.local/lib/python3.10/site-packages/airflow/example_dags/example_subdag_operator.py
[2025-08-14T09:46:47.869+0000] {processor.py:826} INFO - Processing file /home/vscode/.local/lib/python3.10/site-packages/airflow/example_dags/example_subdag_operator.py for tasks to queue
[2025-08-14T09:46:47.870+0000] {logging_mixin.py:150} INFO - [2025-08-14T09:46:47.869+0000] {dagbag.py:541} INFO - Filling up the DagBag from /home/vscode/.local/lib/python3.10/site-packages/airflow/example_dags/example_subdag_operator.py
[2025-08-14T09:46:47.884+0000] {processor.py:836} INFO - DAG(s) dict_keys(['example_subdag_operator.section-1', 'example_subdag_operator.section-2', 'example_subdag_operator']) retrieved from /home/vscode/.local/lib/python3.10/site-packages/airflow/example_dags/example_subdag_operator.py
[2025-08-14T09:46:47.895+0000] {logging_mixin.py:150} INFO - [2025-08-14T09:46:47.895+0000] {dag.py:2742} INFO - Sync 3 DAGs
[2025-08-14T09:46:47.909+0000] {logging_mixin.py:150} INFO - [2025-08-14T09:46:47.909+0000] {dag.py:3504} INFO - Setting next_dagrun for example_subdag_operator to 2022-01-01T00:00:00+00:00, run_after=2022-01-01T00:00:00+00:00
[2025-08-14T09:46:47.911+0000] {logging_mixin.py:150} INFO - [2025-08-14T09:46:47.911+0000] {dag.py:3504} INFO - Setting next_dagrun for example_subdag_operator.section-1 to None, run_after=None
[2025-08-14T09:46:47.912+0000] {logging_mixin.py:150} INFO - [2025-08-14T09:46:47.911+0000] {dag.py:3504} INFO - Setting next_dagrun for example_subdag_operator.section-2 to None, run_after=None
[2025-08-14T09:46:47.916+0000] {logging_mixin.py:150} INFO - [2025-08-14T09:46:47.916+0000] {dag.py:2742} INFO - Sync 2 DAGs
[2025-08-14T09:46:47.919+0000] {logging_mixin.py:150} INFO - [2025-08-14T09:46:47.919+0000] {dag.py:3504} INFO - Setting next_dagrun for example_subdag_operator.section-1 to None, run_after=None
[2025-08-14T09:46:47.920+0000] {logging_mixin.py:150} INFO - [2025-08-14T09:46:47.919+0000] {dag.py:3504} INFO - Setting next_dagrun for example_subdag_operator.section-2 to None, run_after=None
[2025-08-14T09:46:47.932+0000] {processor.py:179} INFO - Processing /home/vscode/.local/lib/python3.10/site-packages/airflow/example_dags/example_subdag_operator.py took 0.066 seconds
[2025-08-14T09:47:34.488+0000] {processor.py:157} INFO - Started process (PID=7091) to work on /home/vscode/.local/lib/python3.10/site-packages/airflow/example_dags/example_subdag_operator.py
[2025-08-14T09:47:34.489+0000] {processor.py:826} INFO - Processing file /home/vscode/.local/lib/python3.10/site-packages/airflow/example_dags/example_subdag_operator.py for tasks to queue
[2025-08-14T09:47:34.489+0000] {logging_mixin.py:150} INFO - [2025-08-14T09:47:34.489+0000] {dagbag.py:541} INFO - Filling up the DagBag from /home/vscode/.local/lib/python3.10/site-packages/airflow/example_dags/example_subdag_operator.py
[2025-08-14T09:47:34.504+0000] {processor.py:836} INFO - DAG(s) dict_keys(['example_subdag_operator.section-1', 'example_subdag_operator.section-2', 'example_subdag_operator']) retrieved from /home/vscode/.local/lib/python3.10/site-packages/airflow/example_dags/example_subdag_operator.py
[2025-08-14T09:47:34.515+0000] {logging_mixin.py:150} INFO - [2025-08-14T09:47:34.515+0000] {dag.py:2742} INFO - Sync 3 DAGs
[2025-08-14T09:47:34.529+0000] {logging_mixin.py:150} INFO - [2025-08-14T09:47:34.529+0000] {dag.py:3504} INFO - Setting next_dagrun for example_subdag_operator to 2022-01-01T00:00:00+00:00, run_after=2022-01-01T00:00:00+00:00
[2025-08-14T09:47:34.531+0000] {logging_mixin.py:150} INFO - [2025-08-14T09:47:34.531+0000] {dag.py:3504} INFO - Setting next_dagrun for example_subdag_operator.section-1 to None, run_after=None
[2025-08-14T09:47:34.532+0000] {logging_mixin.py:150} INFO - [2025-08-14T09:47:34.532+0000] {dag.py:3504} INFO - Setting next_dagrun for example_subdag_operator.section-2 to None, run_after=None
[2025-08-14T09:47:34.536+0000] {logging_mixin.py:150} INFO - [2025-08-14T09:47:34.536+0000] {dag.py:2742} INFO - Sync 2 DAGs
[2025-08-14T09:47:34.539+0000] {logging_mixin.py:150} INFO - [2025-08-14T09:47:34.539+0000] {dag.py:3504} INFO - Setting next_dagrun for example_subdag_operator.section-1 to None, run_after=None
[2025-08-14T09:47:34.539+0000] {logging_mixin.py:150} INFO - [2025-08-14T09:47:34.539+0000] {dag.py:3504} INFO - Setting next_dagrun for example_subdag_operator.section-2 to None, run_after=None
[2025-08-14T09:47:34.549+0000] {processor.py:179} INFO - Processing /home/vscode/.local/lib/python3.10/site-packages/airflow/example_dags/example_subdag_operator.py took 0.063 seconds
[2025-08-14T09:48:22.043+0000] {processor.py:157} INFO - Started process (PID=7430) to work on /home/vscode/.local/lib/python3.10/site-packages/airflow/example_dags/example_subdag_operator.py
[2025-08-14T09:48:22.044+0000] {processor.py:826} INFO - Processing file /home/vscode/.local/lib/python3.10/site-packages/airflow/example_dags/example_subdag_operator.py for tasks to queue
[2025-08-14T09:48:22.045+0000] {logging_mixin.py:150} INFO - [2025-08-14T09:48:22.044+0000] {dagbag.py:541} INFO - Filling up the DagBag from /home/vscode/.local/lib/python3.10/site-packages/airflow/example_dags/example_subdag_operator.py
[2025-08-14T09:48:22.060+0000] {processor.py:836} INFO - DAG(s) dict_keys(['example_subdag_operator.section-1', 'example_subdag_operator.section-2', 'example_subdag_operator']) retrieved from /home/vscode/.local/lib/python3.10/site-packages/airflow/example_dags/example_subdag_operator.py
[2025-08-14T09:48:22.071+0000] {logging_mixin.py:150} INFO - [2025-08-14T09:48:22.071+0000] {dag.py:2742} INFO - Sync 3 DAGs
[2025-08-14T09:48:22.085+0000] {logging_mixin.py:150} INFO - [2025-08-14T09:48:22.085+0000] {dag.py:3504} INFO - Setting next_dagrun for example_subdag_operator to 2022-01-01T00:00:00+00:00, run_after=2022-01-01T00:00:00+00:00
[2025-08-14T09:48:22.087+0000] {logging_mixin.py:150} INFO - [2025-08-14T09:48:22.087+0000] {dag.py:3504} INFO - Setting next_dagrun for example_subdag_operator.section-1 to None, run_after=None
[2025-08-14T09:48:22.088+0000] {logging_mixin.py:150} INFO - [2025-08-14T09:48:22.088+0000] {dag.py:3504} INFO - Setting next_dagrun for example_subdag_operator.section-2 to None, run_after=None
[2025-08-14T09:48:22.092+0000] {logging_mixin.py:150} INFO - [2025-08-14T09:48:22.092+0000] {dag.py:2742} INFO - Sync 2 DAGs
[2025-08-14T09:48:22.095+0000] {logging_mixin.py:150} INFO - [2025-08-14T09:48:22.095+0000] {dag.py:3504} INFO - Setting next_dagrun for example_subdag_operator.section-1 to None, run_after=None
[2025-08-14T09:48:22.095+0000] {logging_mixin.py:150} INFO - [2025-08-14T09:48:22.095+0000] {dag.py:3504} INFO - Setting next_dagrun for example_subdag_operator.section-2 to None, run_after=None
[2025-08-14T09:48:22.106+0000] {processor.py:179} INFO - Processing /home/vscode/.local/lib/python3.10/site-packages/airflow/example_dags/example_subdag_operator.py took 0.065 seconds
[2025-08-14T09:49:07.451+0000] {processor.py:157} INFO - Started process (PID=7777) to work on /home/vscode/.local/lib/python3.10/site-packages/airflow/example_dags/example_subdag_operator.py
[2025-08-14T09:49:07.451+0000] {processor.py:826} INFO - Processing file /home/vscode/.local/lib/python3.10/site-packages/airflow/example_dags/example_subdag_operator.py for tasks to queue
[2025-08-14T09:49:07.452+0000] {logging_mixin.py:150} INFO - [2025-08-14T09:49:07.452+0000] {dagbag.py:541} INFO - Filling up the DagBag from /home/vscode/.local/lib/python3.10/site-packages/airflow/example_dags/example_subdag_operator.py
[2025-08-14T09:49:07.466+0000] {processor.py:836} INFO - DAG(s) dict_keys(['example_subdag_operator.section-1', 'example_subdag_operator.section-2', 'example_subdag_operator']) retrieved from /home/vscode/.local/lib/python3.10/site-packages/airflow/example_dags/example_subdag_operator.py
[2025-08-14T09:49:07.478+0000] {logging_mixin.py:150} INFO - [2025-08-14T09:49:07.478+0000] {dag.py:2742} INFO - Sync 3 DAGs
[2025-08-14T09:49:07.491+0000] {logging_mixin.py:150} INFO - [2025-08-14T09:49:07.491+0000] {dag.py:3504} INFO - Setting next_dagrun for example_subdag_operator to 2022-01-01T00:00:00+00:00, run_after=2022-01-01T00:00:00+00:00
[2025-08-14T09:49:07.493+0000] {logging_mixin.py:150} INFO - [2025-08-14T09:49:07.493+0000] {dag.py:3504} INFO - Setting next_dagrun for example_subdag_operator.section-1 to None, run_after=None
[2025-08-14T09:49:07.494+0000] {logging_mixin.py:150} INFO - [2025-08-14T09:49:07.494+0000] {dag.py:3504} INFO - Setting next_dagrun for example_subdag_operator.section-2 to None, run_after=None
[2025-08-14T09:49:07.498+0000] {logging_mixin.py:150} INFO - [2025-08-14T09:49:07.498+0000] {dag.py:2742} INFO - Sync 2 DAGs
[2025-08-14T09:49:07.501+0000] {logging_mixin.py:150} INFO - [2025-08-14T09:49:07.501+0000] {dag.py:3504} INFO - Setting next_dagrun for example_subdag_operator.section-1 to None, run_after=None
[2025-08-14T09:49:07.501+0000] {logging_mixin.py:150} INFO - [2025-08-14T09:49:07.501+0000] {dag.py:3504} INFO - Setting next_dagrun for example_subdag_operator.section-2 to None, run_after=None
[2025-08-14T09:49:07.511+0000] {processor.py:179} INFO - Processing /home/vscode/.local/lib/python3.10/site-packages/airflow/example_dags/example_subdag_operator.py took 0.063 seconds
[2025-08-14T09:49:53.960+0000] {processor.py:157} INFO - Started process (PID=8120) to work on /home/vscode/.local/lib/python3.10/site-packages/airflow/example_dags/example_subdag_operator.py
[2025-08-14T09:49:53.961+0000] {processor.py:826} INFO - Processing file /home/vscode/.local/lib/python3.10/site-packages/airflow/example_dags/example_subdag_operator.py for tasks to queue
[2025-08-14T09:49:53.961+0000] {logging_mixin.py:150} INFO - [2025-08-14T09:49:53.961+0000] {dagbag.py:541} INFO - Filling up the DagBag from /home/vscode/.local/lib/python3.10/site-packages/airflow/example_dags/example_subdag_operator.py
[2025-08-14T09:49:53.975+0000] {processor.py:836} INFO - DAG(s) dict_keys(['example_subdag_operator.section-1', 'example_subdag_operator.section-2', 'example_subdag_operator']) retrieved from /home/vscode/.local/lib/python3.10/site-packages/airflow/example_dags/example_subdag_operator.py
[2025-08-14T09:49:53.985+0000] {logging_mixin.py:150} INFO - [2025-08-14T09:49:53.985+0000] {dag.py:2742} INFO - Sync 3 DAGs
[2025-08-14T09:49:54.001+0000] {logging_mixin.py:150} INFO - [2025-08-14T09:49:54.000+0000] {dag.py:3504} INFO - Setting next_dagrun for example_subdag_operator to 2022-01-01T00:00:00+00:00, run_after=2022-01-01T00:00:00+00:00
[2025-08-14T09:49:54.003+0000] {logging_mixin.py:150} INFO - [2025-08-14T09:49:54.002+0000] {dag.py:3504} INFO - Setting next_dagrun for example_subdag_operator.section-1 to None, run_after=None
[2025-08-14T09:49:54.003+0000] {logging_mixin.py:150} INFO - [2025-08-14T09:49:54.003+0000] {dag.py:3504} INFO - Setting next_dagrun for example_subdag_operator.section-2 to None, run_after=None
[2025-08-14T09:49:54.007+0000] {logging_mixin.py:150} INFO - [2025-08-14T09:49:54.007+0000] {dag.py:2742} INFO - Sync 2 DAGs
[2025-08-14T09:49:54.010+0000] {logging_mixin.py:150} INFO - [2025-08-14T09:49:54.010+0000] {dag.py:3504} INFO - Setting next_dagrun for example_subdag_operator.section-1 to None, run_after=None
[2025-08-14T09:49:54.010+0000] {logging_mixin.py:150} INFO - [2025-08-14T09:49:54.010+0000] {dag.py:3504} INFO - Setting next_dagrun for example_subdag_operator.section-2 to None, run_after=None
[2025-08-14T09:49:54.021+0000] {processor.py:179} INFO - Processing /home/vscode/.local/lib/python3.10/site-packages/airflow/example_dags/example_subdag_operator.py took 0.063 seconds
[2025-08-14T09:50:38.207+0000] {processor.py:157} INFO - Started process (PID=8451) to work on /home/vscode/.local/lib/python3.10/site-packages/airflow/example_dags/example_subdag_operator.py
[2025-08-14T09:50:38.208+0000] {processor.py:826} INFO - Processing file /home/vscode/.local/lib/python3.10/site-packages/airflow/example_dags/example_subdag_operator.py for tasks to queue
[2025-08-14T09:50:38.209+0000] {logging_mixin.py:150} INFO - [2025-08-14T09:50:38.209+0000] {dagbag.py:541} INFO - Filling up the DagBag from /home/vscode/.local/lib/python3.10/site-packages/airflow/example_dags/example_subdag_operator.py
[2025-08-14T09:50:38.224+0000] {processor.py:836} INFO - DAG(s) dict_keys(['example_subdag_operator.section-1', 'example_subdag_operator.section-2', 'example_subdag_operator']) retrieved from /home/vscode/.local/lib/python3.10/site-packages/airflow/example_dags/example_subdag_operator.py
[2025-08-14T09:50:38.235+0000] {logging_mixin.py:150} INFO - [2025-08-14T09:50:38.235+0000] {dag.py:2742} INFO - Sync 3 DAGs
[2025-08-14T09:50:38.249+0000] {logging_mixin.py:150} INFO - [2025-08-14T09:50:38.249+0000] {dag.py:3504} INFO - Setting next_dagrun for example_subdag_operator to 2022-01-01T00:00:00+00:00, run_after=2022-01-01T00:00:00+00:00
[2025-08-14T09:50:38.252+0000] {logging_mixin.py:150} INFO - [2025-08-14T09:50:38.252+0000] {dag.py:3504} INFO - Setting next_dagrun for example_subdag_operator.section-1 to None, run_after=None
[2025-08-14T09:50:38.252+0000] {logging_mixin.py:150} INFO - [2025-08-14T09:50:38.252+0000] {dag.py:3504} INFO - Setting next_dagrun for example_subdag_operator.section-2 to None, run_after=None
[2025-08-14T09:50:38.257+0000] {logging_mixin.py:150} INFO - [2025-08-14T09:50:38.257+0000] {dag.py:2742} INFO - Sync 2 DAGs
[2025-08-14T09:50:38.260+0000] {logging_mixin.py:150} INFO - [2025-08-14T09:50:38.260+0000] {dag.py:3504} INFO - Setting next_dagrun for example_subdag_operator.section-1 to None, run_after=None
[2025-08-14T09:50:38.260+0000] {logging_mixin.py:150} INFO - [2025-08-14T09:50:38.260+0000] {dag.py:3504} INFO - Setting next_dagrun for example_subdag_operator.section-2 to None, run_after=None
[2025-08-14T09:50:38.274+0000] {processor.py:179} INFO - Processing /home/vscode/.local/lib/python3.10/site-packages/airflow/example_dags/example_subdag_operator.py took 0.069 seconds
[2025-08-14T09:51:21.490+0000] {processor.py:157} INFO - Started process (PID=8769) to work on /home/vscode/.local/lib/python3.10/site-packages/airflow/example_dags/example_subdag_operator.py
[2025-08-14T09:51:21.490+0000] {processor.py:826} INFO - Processing file /home/vscode/.local/lib/python3.10/site-packages/airflow/example_dags/example_subdag_operator.py for tasks to queue
[2025-08-14T09:51:21.491+0000] {logging_mixin.py:150} INFO - [2025-08-14T09:51:21.491+0000] {dagbag.py:541} INFO - Filling up the DagBag from /home/vscode/.local/lib/python3.10/site-packages/airflow/example_dags/example_subdag_operator.py
[2025-08-14T09:51:21.510+0000] {processor.py:836} INFO - DAG(s) dict_keys(['example_subdag_operator.section-1', 'example_subdag_operator.section-2', 'example_subdag_operator']) retrieved from /home/vscode/.local/lib/python3.10/site-packages/airflow/example_dags/example_subdag_operator.py
[2025-08-14T09:51:21.522+0000] {logging_mixin.py:150} INFO - [2025-08-14T09:51:21.522+0000] {dag.py:2742} INFO - Sync 3 DAGs
[2025-08-14T09:51:21.536+0000] {logging_mixin.py:150} INFO - [2025-08-14T09:51:21.536+0000] {dag.py:3504} INFO - Setting next_dagrun for example_subdag_operator to 2022-01-01T00:00:00+00:00, run_after=2022-01-01T00:00:00+00:00
[2025-08-14T09:51:21.538+0000] {logging_mixin.py:150} INFO - [2025-08-14T09:51:21.538+0000] {dag.py:3504} INFO - Setting next_dagrun for example_subdag_operator.section-1 to None, run_after=None
[2025-08-14T09:51:21.539+0000] {logging_mixin.py:150} INFO - [2025-08-14T09:51:21.539+0000] {dag.py:3504} INFO - Setting next_dagrun for example_subdag_operator.section-2 to None, run_after=None
[2025-08-14T09:51:21.543+0000] {logging_mixin.py:150} INFO - [2025-08-14T09:51:21.543+0000] {dag.py:2742} INFO - Sync 2 DAGs
[2025-08-14T09:51:21.546+0000] {logging_mixin.py:150} INFO - [2025-08-14T09:51:21.546+0000] {dag.py:3504} INFO - Setting next_dagrun for example_subdag_operator.section-1 to None, run_after=None
[2025-08-14T09:51:21.546+0000] {logging_mixin.py:150} INFO - [2025-08-14T09:51:21.546+0000] {dag.py:3504} INFO - Setting next_dagrun for example_subdag_operator.section-2 to None, run_after=None
[2025-08-14T09:51:21.556+0000] {processor.py:179} INFO - Processing /home/vscode/.local/lib/python3.10/site-packages/airflow/example_dags/example_subdag_operator.py took 0.069 seconds
[2025-08-14T09:52:10.151+0000] {processor.py:157} INFO - Started process (PID=9104) to work on /home/vscode/.local/lib/python3.10/site-packages/airflow/example_dags/example_subdag_operator.py
[2025-08-14T09:52:10.151+0000] {processor.py:826} INFO - Processing file /home/vscode/.local/lib/python3.10/site-packages/airflow/example_dags/example_subdag_operator.py for tasks to queue
[2025-08-14T09:52:10.152+0000] {logging_mixin.py:150} INFO - [2025-08-14T09:52:10.152+0000] {dagbag.py:541} INFO - Filling up the DagBag from /home/vscode/.local/lib/python3.10/site-packages/airflow/example_dags/example_subdag_operator.py
[2025-08-14T09:52:10.166+0000] {processor.py:836} INFO - DAG(s) dict_keys(['example_subdag_operator.section-1', 'example_subdag_operator.section-2', 'example_subdag_operator']) retrieved from /home/vscode/.local/lib/python3.10/site-packages/airflow/example_dags/example_subdag_operator.py
[2025-08-14T09:52:10.177+0000] {logging_mixin.py:150} INFO - [2025-08-14T09:52:10.177+0000] {dag.py:2742} INFO - Sync 3 DAGs
[2025-08-14T09:52:10.190+0000] {logging_mixin.py:150} INFO - [2025-08-14T09:52:10.190+0000] {dag.py:3504} INFO - Setting next_dagrun for example_subdag_operator to 2022-01-01T00:00:00+00:00, run_after=2022-01-01T00:00:00+00:00
[2025-08-14T09:52:10.192+0000] {logging_mixin.py:150} INFO - [2025-08-14T09:52:10.192+0000] {dag.py:3504} INFO - Setting next_dagrun for example_subdag_operator.section-1 to None, run_after=None
[2025-08-14T09:52:10.193+0000] {logging_mixin.py:150} INFO - [2025-08-14T09:52:10.193+0000] {dag.py:3504} INFO - Setting next_dagrun for example_subdag_operator.section-2 to None, run_after=None
[2025-08-14T09:52:10.197+0000] {logging_mixin.py:150} INFO - [2025-08-14T09:52:10.197+0000] {dag.py:2742} INFO - Sync 2 DAGs
[2025-08-14T09:52:10.200+0000] {logging_mixin.py:150} INFO - [2025-08-14T09:52:10.200+0000] {dag.py:3504} INFO - Setting next_dagrun for example_subdag_operator.section-1 to None, run_after=None
[2025-08-14T09:52:10.200+0000] {logging_mixin.py:150} INFO - [2025-08-14T09:52:10.200+0000] {dag.py:3504} INFO - Setting next_dagrun for example_subdag_operator.section-2 to None, run_after=None
[2025-08-14T09:52:10.212+0000] {processor.py:179} INFO - Processing /home/vscode/.local/lib/python3.10/site-packages/airflow/example_dags/example_subdag_operator.py took 0.063 seconds
[2025-08-14T09:52:57.794+0000] {processor.py:157} INFO - Started process (PID=9423) to work on /home/vscode/.local/lib/python3.10/site-packages/airflow/example_dags/example_subdag_operator.py
[2025-08-14T09:52:57.795+0000] {processor.py:826} INFO - Processing file /home/vscode/.local/lib/python3.10/site-packages/airflow/example_dags/example_subdag_operator.py for tasks to queue
[2025-08-14T09:52:57.795+0000] {logging_mixin.py:150} INFO - [2025-08-14T09:52:57.795+0000] {dagbag.py:541} INFO - Filling up the DagBag from /home/vscode/.local/lib/python3.10/site-packages/airflow/example_dags/example_subdag_operator.py
[2025-08-14T09:52:57.809+0000] {processor.py:836} INFO - DAG(s) dict_keys(['example_subdag_operator.section-1', 'example_subdag_operator.section-2', 'example_subdag_operator']) retrieved from /home/vscode/.local/lib/python3.10/site-packages/airflow/example_dags/example_subdag_operator.py
[2025-08-14T09:52:57.820+0000] {logging_mixin.py:150} INFO - [2025-08-14T09:52:57.820+0000] {dag.py:2742} INFO - Sync 3 DAGs
[2025-08-14T09:52:57.833+0000] {logging_mixin.py:150} INFO - [2025-08-14T09:52:57.833+0000] {dag.py:3504} INFO - Setting next_dagrun for example_subdag_operator to 2022-01-01T00:00:00+00:00, run_after=2022-01-01T00:00:00+00:00
[2025-08-14T09:52:57.835+0000] {logging_mixin.py:150} INFO - [2025-08-14T09:52:57.835+0000] {dag.py:3504} INFO - Setting next_dagrun for example_subdag_operator.section-1 to None, run_after=None
[2025-08-14T09:52:57.836+0000] {logging_mixin.py:150} INFO - [2025-08-14T09:52:57.836+0000] {dag.py:3504} INFO - Setting next_dagrun for example_subdag_operator.section-2 to None, run_after=None
[2025-08-14T09:52:57.840+0000] {logging_mixin.py:150} INFO - [2025-08-14T09:52:57.840+0000] {dag.py:2742} INFO - Sync 2 DAGs
[2025-08-14T09:52:57.843+0000] {logging_mixin.py:150} INFO - [2025-08-14T09:52:57.843+0000] {dag.py:3504} INFO - Setting next_dagrun for example_subdag_operator.section-1 to None, run_after=None
[2025-08-14T09:52:57.843+0000] {logging_mixin.py:150} INFO - [2025-08-14T09:52:57.843+0000] {dag.py:3504} INFO - Setting next_dagrun for example_subdag_operator.section-2 to None, run_after=None
[2025-08-14T09:52:57.853+0000] {processor.py:179} INFO - Processing /home/vscode/.local/lib/python3.10/site-packages/airflow/example_dags/example_subdag_operator.py took 0.061 seconds
[2025-08-14T09:53:45.725+0000] {processor.py:157} INFO - Started process (PID=9743) to work on /home/vscode/.local/lib/python3.10/site-packages/airflow/example_dags/example_subdag_operator.py
[2025-08-14T09:53:45.725+0000] {processor.py:826} INFO - Processing file /home/vscode/.local/lib/python3.10/site-packages/airflow/example_dags/example_subdag_operator.py for tasks to queue
[2025-08-14T09:53:45.726+0000] {logging_mixin.py:150} INFO - [2025-08-14T09:53:45.726+0000] {dagbag.py:541} INFO - Filling up the DagBag from /home/vscode/.local/lib/python3.10/site-packages/airflow/example_dags/example_subdag_operator.py
[2025-08-14T09:53:45.741+0000] {processor.py:836} INFO - DAG(s) dict_keys(['example_subdag_operator.section-1', 'example_subdag_operator.section-2', 'example_subdag_operator']) retrieved from /home/vscode/.local/lib/python3.10/site-packages/airflow/example_dags/example_subdag_operator.py
[2025-08-14T09:53:45.752+0000] {logging_mixin.py:150} INFO - [2025-08-14T09:53:45.752+0000] {dag.py:2742} INFO - Sync 3 DAGs
[2025-08-14T09:53:45.767+0000] {logging_mixin.py:150} INFO - [2025-08-14T09:53:45.766+0000] {dag.py:3504} INFO - Setting next_dagrun for example_subdag_operator to 2022-01-01T00:00:00+00:00, run_after=2022-01-01T00:00:00+00:00
[2025-08-14T09:53:45.769+0000] {logging_mixin.py:150} INFO - [2025-08-14T09:53:45.769+0000] {dag.py:3504} INFO - Setting next_dagrun for example_subdag_operator.section-1 to None, run_after=None
[2025-08-14T09:53:45.769+0000] {logging_mixin.py:150} INFO - [2025-08-14T09:53:45.769+0000] {dag.py:3504} INFO - Setting next_dagrun for example_subdag_operator.section-2 to None, run_after=None
[2025-08-14T09:53:45.773+0000] {logging_mixin.py:150} INFO - [2025-08-14T09:53:45.773+0000] {dag.py:2742} INFO - Sync 2 DAGs
[2025-08-14T09:53:45.776+0000] {logging_mixin.py:150} INFO - [2025-08-14T09:53:45.776+0000] {dag.py:3504} INFO - Setting next_dagrun for example_subdag_operator.section-1 to None, run_after=None
[2025-08-14T09:53:45.777+0000] {logging_mixin.py:150} INFO - [2025-08-14T09:53:45.776+0000] {dag.py:3504} INFO - Setting next_dagrun for example_subdag_operator.section-2 to None, run_after=None
[2025-08-14T09:53:45.787+0000] {processor.py:179} INFO - Processing /home/vscode/.local/lib/python3.10/site-packages/airflow/example_dags/example_subdag_operator.py took 0.064 seconds
[2025-08-14T09:54:29.118+0000] {processor.py:157} INFO - Started process (PID=10037) to work on /home/vscode/.local/lib/python3.10/site-packages/airflow/example_dags/example_subdag_operator.py
[2025-08-14T09:54:29.119+0000] {processor.py:826} INFO - Processing file /home/vscode/.local/lib/python3.10/site-packages/airflow/example_dags/example_subdag_operator.py for tasks to queue
[2025-08-14T09:54:29.120+0000] {logging_mixin.py:150} INFO - [2025-08-14T09:54:29.119+0000] {dagbag.py:541} INFO - Filling up the DagBag from /home/vscode/.local/lib/python3.10/site-packages/airflow/example_dags/example_subdag_operator.py
[2025-08-14T09:54:29.135+0000] {processor.py:836} INFO - DAG(s) dict_keys(['example_subdag_operator.section-1', 'example_subdag_operator.section-2', 'example_subdag_operator']) retrieved from /home/vscode/.local/lib/python3.10/site-packages/airflow/example_dags/example_subdag_operator.py
[2025-08-14T09:54:29.147+0000] {logging_mixin.py:150} INFO - [2025-08-14T09:54:29.147+0000] {dag.py:2742} INFO - Sync 3 DAGs
[2025-08-14T09:54:29.161+0000] {logging_mixin.py:150} INFO - [2025-08-14T09:54:29.160+0000] {dag.py:3504} INFO - Setting next_dagrun for example_subdag_operator to 2022-01-01T00:00:00+00:00, run_after=2022-01-01T00:00:00+00:00
[2025-08-14T09:54:29.163+0000] {logging_mixin.py:150} INFO - [2025-08-14T09:54:29.163+0000] {dag.py:3504} INFO - Setting next_dagrun for example_subdag_operator.section-1 to None, run_after=None
[2025-08-14T09:54:29.164+0000] {logging_mixin.py:150} INFO - [2025-08-14T09:54:29.164+0000] {dag.py:3504} INFO - Setting next_dagrun for example_subdag_operator.section-2 to None, run_after=None
[2025-08-14T09:54:29.168+0000] {logging_mixin.py:150} INFO - [2025-08-14T09:54:29.168+0000] {dag.py:2742} INFO - Sync 2 DAGs
[2025-08-14T09:54:29.171+0000] {logging_mixin.py:150} INFO - [2025-08-14T09:54:29.171+0000] {dag.py:3504} INFO - Setting next_dagrun for example_subdag_operator.section-1 to None, run_after=None
[2025-08-14T09:54:29.171+0000] {logging_mixin.py:150} INFO - [2025-08-14T09:54:29.171+0000] {dag.py:3504} INFO - Setting next_dagrun for example_subdag_operator.section-2 to None, run_after=None
[2025-08-14T09:54:29.184+0000] {processor.py:179} INFO - Processing /home/vscode/.local/lib/python3.10/site-packages/airflow/example_dags/example_subdag_operator.py took 0.067 seconds
[2025-08-14T09:55:16.803+0000] {processor.py:157} INFO - Started process (PID=10356) to work on /home/vscode/.local/lib/python3.10/site-packages/airflow/example_dags/example_subdag_operator.py
[2025-08-14T09:55:16.804+0000] {processor.py:826} INFO - Processing file /home/vscode/.local/lib/python3.10/site-packages/airflow/example_dags/example_subdag_operator.py for tasks to queue
[2025-08-14T09:55:16.805+0000] {logging_mixin.py:150} INFO - [2025-08-14T09:55:16.804+0000] {dagbag.py:541} INFO - Filling up the DagBag from /home/vscode/.local/lib/python3.10/site-packages/airflow/example_dags/example_subdag_operator.py
[2025-08-14T09:55:16.819+0000] {processor.py:836} INFO - DAG(s) dict_keys(['example_subdag_operator.section-1', 'example_subdag_operator.section-2', 'example_subdag_operator']) retrieved from /home/vscode/.local/lib/python3.10/site-packages/airflow/example_dags/example_subdag_operator.py
[2025-08-14T09:55:16.830+0000] {logging_mixin.py:150} INFO - [2025-08-14T09:55:16.829+0000] {dag.py:2742} INFO - Sync 3 DAGs
[2025-08-14T09:55:16.848+0000] {logging_mixin.py:150} INFO - [2025-08-14T09:55:16.848+0000] {dag.py:3504} INFO - Setting next_dagrun for example_subdag_operator to 2022-01-01T00:00:00+00:00, run_after=2022-01-01T00:00:00+00:00
[2025-08-14T09:55:16.850+0000] {logging_mixin.py:150} INFO - [2025-08-14T09:55:16.850+0000] {dag.py:3504} INFO - Setting next_dagrun for example_subdag_operator.section-1 to None, run_after=None
[2025-08-14T09:55:16.851+0000] {logging_mixin.py:150} INFO - [2025-08-14T09:55:16.850+0000] {dag.py:3504} INFO - Setting next_dagrun for example_subdag_operator.section-2 to None, run_after=None
[2025-08-14T09:55:16.855+0000] {logging_mixin.py:150} INFO - [2025-08-14T09:55:16.855+0000] {dag.py:2742} INFO - Sync 2 DAGs
[2025-08-14T09:55:16.858+0000] {logging_mixin.py:150} INFO - [2025-08-14T09:55:16.857+0000] {dag.py:3504} INFO - Setting next_dagrun for example_subdag_operator.section-1 to None, run_after=None
[2025-08-14T09:55:16.858+0000] {logging_mixin.py:150} INFO - [2025-08-14T09:55:16.858+0000] {dag.py:3504} INFO - Setting next_dagrun for example_subdag_operator.section-2 to None, run_after=None
[2025-08-14T09:55:16.868+0000] {processor.py:179} INFO - Processing /home/vscode/.local/lib/python3.10/site-packages/airflow/example_dags/example_subdag_operator.py took 0.067 seconds
[2025-08-14T09:56:02.851+0000] {processor.py:157} INFO - Started process (PID=10661) to work on /home/vscode/.local/lib/python3.10/site-packages/airflow/example_dags/example_subdag_operator.py
[2025-08-14T09:56:02.852+0000] {processor.py:826} INFO - Processing file /home/vscode/.local/lib/python3.10/site-packages/airflow/example_dags/example_subdag_operator.py for tasks to queue
[2025-08-14T09:56:02.853+0000] {logging_mixin.py:150} INFO - [2025-08-14T09:56:02.852+0000] {dagbag.py:541} INFO - Filling up the DagBag from /home/vscode/.local/lib/python3.10/site-packages/airflow/example_dags/example_subdag_operator.py
[2025-08-14T09:56:02.867+0000] {processor.py:836} INFO - DAG(s) dict_keys(['example_subdag_operator.section-1', 'example_subdag_operator.section-2', 'example_subdag_operator']) retrieved from /home/vscode/.local/lib/python3.10/site-packages/airflow/example_dags/example_subdag_operator.py
[2025-08-14T09:56:02.878+0000] {logging_mixin.py:150} INFO - [2025-08-14T09:56:02.878+0000] {dag.py:2742} INFO - Sync 3 DAGs
[2025-08-14T09:56:02.892+0000] {logging_mixin.py:150} INFO - [2025-08-14T09:56:02.892+0000] {dag.py:3504} INFO - Setting next_dagrun for example_subdag_operator to 2022-01-01T00:00:00+00:00, run_after=2022-01-01T00:00:00+00:00
[2025-08-14T09:56:02.894+0000] {logging_mixin.py:150} INFO - [2025-08-14T09:56:02.894+0000] {dag.py:3504} INFO - Setting next_dagrun for example_subdag_operator.section-1 to None, run_after=None
[2025-08-14T09:56:02.895+0000] {logging_mixin.py:150} INFO - [2025-08-14T09:56:02.895+0000] {dag.py:3504} INFO - Setting next_dagrun for example_subdag_operator.section-2 to None, run_after=None
[2025-08-14T09:56:02.899+0000] {logging_mixin.py:150} INFO - [2025-08-14T09:56:02.899+0000] {dag.py:2742} INFO - Sync 2 DAGs
[2025-08-14T09:56:02.902+0000] {logging_mixin.py:150} INFO - [2025-08-14T09:56:02.902+0000] {dag.py:3504} INFO - Setting next_dagrun for example_subdag_operator.section-1 to None, run_after=None
[2025-08-14T09:56:02.903+0000] {logging_mixin.py:150} INFO - [2025-08-14T09:56:02.903+0000] {dag.py:3504} INFO - Setting next_dagrun for example_subdag_operator.section-2 to None, run_after=None
[2025-08-14T09:56:02.913+0000] {processor.py:179} INFO - Processing /home/vscode/.local/lib/python3.10/site-packages/airflow/example_dags/example_subdag_operator.py took 0.064 seconds
[2025-08-14T09:56:47.994+0000] {processor.py:157} INFO - Started process (PID=11037) to work on /home/vscode/.local/lib/python3.10/site-packages/airflow/example_dags/example_subdag_operator.py
[2025-08-14T09:56:47.995+0000] {processor.py:826} INFO - Processing file /home/vscode/.local/lib/python3.10/site-packages/airflow/example_dags/example_subdag_operator.py for tasks to queue
[2025-08-14T09:56:47.996+0000] {logging_mixin.py:150} INFO - [2025-08-14T09:56:47.996+0000] {dagbag.py:541} INFO - Filling up the DagBag from /home/vscode/.local/lib/python3.10/site-packages/airflow/example_dags/example_subdag_operator.py
[2025-08-14T09:56:48.022+0000] {processor.py:836} INFO - DAG(s) dict_keys(['example_subdag_operator.section-1', 'example_subdag_operator.section-2', 'example_subdag_operator']) retrieved from /home/vscode/.local/lib/python3.10/site-packages/airflow/example_dags/example_subdag_operator.py
[2025-08-14T09:56:48.044+0000] {logging_mixin.py:150} INFO - [2025-08-14T09:56:48.044+0000] {dag.py:2742} INFO - Sync 3 DAGs
[2025-08-14T09:56:48.061+0000] {logging_mixin.py:150} INFO - [2025-08-14T09:56:48.060+0000] {dag.py:3504} INFO - Setting next_dagrun for example_subdag_operator to 2022-01-01T00:00:00+00:00, run_after=2022-01-01T00:00:00+00:00
[2025-08-14T09:56:48.063+0000] {logging_mixin.py:150} INFO - [2025-08-14T09:56:48.063+0000] {dag.py:3504} INFO - Setting next_dagrun for example_subdag_operator.section-1 to None, run_after=None
[2025-08-14T09:56:48.063+0000] {logging_mixin.py:150} INFO - [2025-08-14T09:56:48.063+0000] {dag.py:3504} INFO - Setting next_dagrun for example_subdag_operator.section-2 to None, run_after=None
[2025-08-14T09:56:48.068+0000] {logging_mixin.py:150} INFO - [2025-08-14T09:56:48.068+0000] {dag.py:2742} INFO - Sync 2 DAGs
[2025-08-14T09:56:48.071+0000] {logging_mixin.py:150} INFO - [2025-08-14T09:56:48.071+0000] {dag.py:3504} INFO - Setting next_dagrun for example_subdag_operator.section-1 to None, run_after=None
[2025-08-14T09:56:48.071+0000] {logging_mixin.py:150} INFO - [2025-08-14T09:56:48.071+0000] {dag.py:3504} INFO - Setting next_dagrun for example_subdag_operator.section-2 to None, run_after=None
[2025-08-14T09:56:48.082+0000] {processor.py:179} INFO - Processing /home/vscode/.local/lib/python3.10/site-packages/airflow/example_dags/example_subdag_operator.py took 0.091 seconds
[2025-08-14T09:57:36.333+0000] {processor.py:157} INFO - Started process (PID=11442) to work on /home/vscode/.local/lib/python3.10/site-packages/airflow/example_dags/example_subdag_operator.py
[2025-08-14T09:57:36.334+0000] {processor.py:826} INFO - Processing file /home/vscode/.local/lib/python3.10/site-packages/airflow/example_dags/example_subdag_operator.py for tasks to queue
[2025-08-14T09:57:36.335+0000] {logging_mixin.py:150} INFO - [2025-08-14T09:57:36.334+0000] {dagbag.py:541} INFO - Filling up the DagBag from /home/vscode/.local/lib/python3.10/site-packages/airflow/example_dags/example_subdag_operator.py
[2025-08-14T09:57:36.351+0000] {processor.py:836} INFO - DAG(s) dict_keys(['example_subdag_operator.section-1', 'example_subdag_operator.section-2', 'example_subdag_operator']) retrieved from /home/vscode/.local/lib/python3.10/site-packages/airflow/example_dags/example_subdag_operator.py
[2025-08-14T09:57:36.362+0000] {logging_mixin.py:150} INFO - [2025-08-14T09:57:36.362+0000] {dag.py:2742} INFO - Sync 3 DAGs
[2025-08-14T09:57:36.376+0000] {logging_mixin.py:150} INFO - [2025-08-14T09:57:36.376+0000] {dag.py:3504} INFO - Setting next_dagrun for example_subdag_operator to 2022-01-01T00:00:00+00:00, run_after=2022-01-01T00:00:00+00:00
[2025-08-14T09:57:36.378+0000] {logging_mixin.py:150} INFO - [2025-08-14T09:57:36.378+0000] {dag.py:3504} INFO - Setting next_dagrun for example_subdag_operator.section-1 to None, run_after=None
[2025-08-14T09:57:36.379+0000] {logging_mixin.py:150} INFO - [2025-08-14T09:57:36.379+0000] {dag.py:3504} INFO - Setting next_dagrun for example_subdag_operator.section-2 to None, run_after=None
[2025-08-14T09:57:36.383+0000] {logging_mixin.py:150} INFO - [2025-08-14T09:57:36.383+0000] {dag.py:2742} INFO - Sync 2 DAGs
[2025-08-14T09:57:36.386+0000] {logging_mixin.py:150} INFO - [2025-08-14T09:57:36.386+0000] {dag.py:3504} INFO - Setting next_dagrun for example_subdag_operator.section-1 to None, run_after=None
[2025-08-14T09:57:36.386+0000] {logging_mixin.py:150} INFO - [2025-08-14T09:57:36.386+0000] {dag.py:3504} INFO - Setting next_dagrun for example_subdag_operator.section-2 to None, run_after=None
[2025-08-14T09:57:36.397+0000] {processor.py:179} INFO - Processing /home/vscode/.local/lib/python3.10/site-packages/airflow/example_dags/example_subdag_operator.py took 0.067 seconds
[2025-08-14T09:58:25.425+0000] {processor.py:157} INFO - Started process (PID=11767) to work on /home/vscode/.local/lib/python3.10/site-packages/airflow/example_dags/example_subdag_operator.py
[2025-08-14T09:58:25.425+0000] {processor.py:826} INFO - Processing file /home/vscode/.local/lib/python3.10/site-packages/airflow/example_dags/example_subdag_operator.py for tasks to queue
[2025-08-14T09:58:25.426+0000] {logging_mixin.py:150} INFO - [2025-08-14T09:58:25.426+0000] {dagbag.py:541} INFO - Filling up the DagBag from /home/vscode/.local/lib/python3.10/site-packages/airflow/example_dags/example_subdag_operator.py
[2025-08-14T09:58:25.442+0000] {processor.py:836} INFO - DAG(s) dict_keys(['example_subdag_operator.section-1', 'example_subdag_operator.section-2', 'example_subdag_operator']) retrieved from /home/vscode/.local/lib/python3.10/site-packages/airflow/example_dags/example_subdag_operator.py
[2025-08-14T09:58:25.454+0000] {logging_mixin.py:150} INFO - [2025-08-14T09:58:25.454+0000] {dag.py:2742} INFO - Sync 3 DAGs
[2025-08-14T09:58:25.470+0000] {logging_mixin.py:150} INFO - [2025-08-14T09:58:25.470+0000] {dag.py:3504} INFO - Setting next_dagrun for example_subdag_operator to 2022-01-01T00:00:00+00:00, run_after=2022-01-01T00:00:00+00:00
[2025-08-14T09:58:25.473+0000] {logging_mixin.py:150} INFO - [2025-08-14T09:58:25.473+0000] {dag.py:3504} INFO - Setting next_dagrun for example_subdag_operator.section-1 to None, run_after=None
[2025-08-14T09:58:25.474+0000] {logging_mixin.py:150} INFO - [2025-08-14T09:58:25.474+0000] {dag.py:3504} INFO - Setting next_dagrun for example_subdag_operator.section-2 to None, run_after=None
[2025-08-14T09:58:25.480+0000] {logging_mixin.py:150} INFO - [2025-08-14T09:58:25.480+0000] {dag.py:2742} INFO - Sync 2 DAGs
[2025-08-14T09:58:25.484+0000] {logging_mixin.py:150} INFO - [2025-08-14T09:58:25.484+0000] {dag.py:3504} INFO - Setting next_dagrun for example_subdag_operator.section-1 to None, run_after=None
[2025-08-14T09:58:25.484+0000] {logging_mixin.py:150} INFO - [2025-08-14T09:58:25.484+0000] {dag.py:3504} INFO - Setting next_dagrun for example_subdag_operator.section-2 to None, run_after=None
[2025-08-14T09:58:25.501+0000] {processor.py:179} INFO - Processing /home/vscode/.local/lib/python3.10/site-packages/airflow/example_dags/example_subdag_operator.py took 0.079 seconds
[2025-08-14T10:05:57.405+0000] {processor.py:157} INFO - Started process (PID=15108) to work on /home/vscode/.local/lib/python3.10/site-packages/airflow/example_dags/example_subdag_operator.py
[2025-08-14T10:05:57.405+0000] {processor.py:826} INFO - Processing file /home/vscode/.local/lib/python3.10/site-packages/airflow/example_dags/example_subdag_operator.py for tasks to queue
[2025-08-14T10:05:57.406+0000] {logging_mixin.py:150} INFO - [2025-08-14T10:05:57.406+0000] {dagbag.py:541} INFO - Filling up the DagBag from /home/vscode/.local/lib/python3.10/site-packages/airflow/example_dags/example_subdag_operator.py
[2025-08-14T10:05:57.420+0000] {processor.py:836} INFO - DAG(s) dict_keys(['example_subdag_operator.section-1', 'example_subdag_operator.section-2', 'example_subdag_operator']) retrieved from /home/vscode/.local/lib/python3.10/site-packages/airflow/example_dags/example_subdag_operator.py
[2025-08-14T10:05:57.433+0000] {logging_mixin.py:150} INFO - [2025-08-14T10:05:57.433+0000] {dag.py:2742} INFO - Sync 3 DAGs
[2025-08-14T10:05:57.448+0000] {logging_mixin.py:150} INFO - [2025-08-14T10:05:57.448+0000] {dag.py:3504} INFO - Setting next_dagrun for example_subdag_operator to 2022-01-01T00:00:00+00:00, run_after=2022-01-01T00:00:00+00:00
[2025-08-14T10:05:57.450+0000] {logging_mixin.py:150} INFO - [2025-08-14T10:05:57.450+0000] {dag.py:3504} INFO - Setting next_dagrun for example_subdag_operator.section-1 to None, run_after=None
[2025-08-14T10:05:57.451+0000] {logging_mixin.py:150} INFO - [2025-08-14T10:05:57.451+0000] {dag.py:3504} INFO - Setting next_dagrun for example_subdag_operator.section-2 to None, run_after=None
[2025-08-14T10:05:57.455+0000] {logging_mixin.py:150} INFO - [2025-08-14T10:05:57.455+0000] {dag.py:2742} INFO - Sync 2 DAGs
[2025-08-14T10:05:57.458+0000] {logging_mixin.py:150} INFO - [2025-08-14T10:05:57.458+0000] {dag.py:3504} INFO - Setting next_dagrun for example_subdag_operator.section-1 to None, run_after=None
[2025-08-14T10:05:57.458+0000] {logging_mixin.py:150} INFO - [2025-08-14T10:05:57.458+0000] {dag.py:3504} INFO - Setting next_dagrun for example_subdag_operator.section-2 to None, run_after=None
[2025-08-14T10:05:57.469+0000] {processor.py:179} INFO - Processing /home/vscode/.local/lib/python3.10/site-packages/airflow/example_dags/example_subdag_operator.py took 0.067 seconds
[2025-08-14T10:06:41.776+0000] {processor.py:157} INFO - Started process (PID=15413) to work on /home/vscode/.local/lib/python3.10/site-packages/airflow/example_dags/example_subdag_operator.py
[2025-08-14T10:06:41.777+0000] {processor.py:826} INFO - Processing file /home/vscode/.local/lib/python3.10/site-packages/airflow/example_dags/example_subdag_operator.py for tasks to queue
[2025-08-14T10:06:41.778+0000] {logging_mixin.py:150} INFO - [2025-08-14T10:06:41.777+0000] {dagbag.py:541} INFO - Filling up the DagBag from /home/vscode/.local/lib/python3.10/site-packages/airflow/example_dags/example_subdag_operator.py
[2025-08-14T10:06:41.792+0000] {processor.py:836} INFO - DAG(s) dict_keys(['example_subdag_operator.section-1', 'example_subdag_operator.section-2', 'example_subdag_operator']) retrieved from /home/vscode/.local/lib/python3.10/site-packages/airflow/example_dags/example_subdag_operator.py
[2025-08-14T10:06:41.803+0000] {logging_mixin.py:150} INFO - [2025-08-14T10:06:41.803+0000] {dag.py:2742} INFO - Sync 3 DAGs
[2025-08-14T10:06:41.819+0000] {logging_mixin.py:150} INFO - [2025-08-14T10:06:41.818+0000] {dag.py:3504} INFO - Setting next_dagrun for example_subdag_operator to 2022-01-01T00:00:00+00:00, run_after=2022-01-01T00:00:00+00:00
[2025-08-14T10:06:41.821+0000] {logging_mixin.py:150} INFO - [2025-08-14T10:06:41.821+0000] {dag.py:3504} INFO - Setting next_dagrun for example_subdag_operator.section-1 to None, run_after=None
[2025-08-14T10:06:41.821+0000] {logging_mixin.py:150} INFO - [2025-08-14T10:06:41.821+0000] {dag.py:3504} INFO - Setting next_dagrun for example_subdag_operator.section-2 to None, run_after=None
[2025-08-14T10:06:41.825+0000] {logging_mixin.py:150} INFO - [2025-08-14T10:06:41.825+0000] {dag.py:2742} INFO - Sync 2 DAGs
[2025-08-14T10:06:41.829+0000] {logging_mixin.py:150} INFO - [2025-08-14T10:06:41.829+0000] {dag.py:3504} INFO - Setting next_dagrun for example_subdag_operator.section-1 to None, run_after=None
[2025-08-14T10:06:41.829+0000] {logging_mixin.py:150} INFO - [2025-08-14T10:06:41.829+0000] {dag.py:3504} INFO - Setting next_dagrun for example_subdag_operator.section-2 to None, run_after=None
[2025-08-14T10:06:41.839+0000] {processor.py:179} INFO - Processing /home/vscode/.local/lib/python3.10/site-packages/airflow/example_dags/example_subdag_operator.py took 0.065 seconds
[2025-08-14T10:07:27.933+0000] {processor.py:157} INFO - Started process (PID=15713) to work on /home/vscode/.local/lib/python3.10/site-packages/airflow/example_dags/example_subdag_operator.py
[2025-08-14T10:07:27.934+0000] {processor.py:826} INFO - Processing file /home/vscode/.local/lib/python3.10/site-packages/airflow/example_dags/example_subdag_operator.py for tasks to queue
[2025-08-14T10:07:27.935+0000] {logging_mixin.py:150} INFO - [2025-08-14T10:07:27.934+0000] {dagbag.py:541} INFO - Filling up the DagBag from /home/vscode/.local/lib/python3.10/site-packages/airflow/example_dags/example_subdag_operator.py
[2025-08-14T10:07:27.950+0000] {processor.py:836} INFO - DAG(s) dict_keys(['example_subdag_operator.section-1', 'example_subdag_operator.section-2', 'example_subdag_operator']) retrieved from /home/vscode/.local/lib/python3.10/site-packages/airflow/example_dags/example_subdag_operator.py
[2025-08-14T10:07:27.961+0000] {logging_mixin.py:150} INFO - [2025-08-14T10:07:27.961+0000] {dag.py:2742} INFO - Sync 3 DAGs
[2025-08-14T10:07:27.975+0000] {logging_mixin.py:150} INFO - [2025-08-14T10:07:27.975+0000] {dag.py:3504} INFO - Setting next_dagrun for example_subdag_operator to 2022-01-01T00:00:00+00:00, run_after=2022-01-01T00:00:00+00:00
[2025-08-14T10:07:27.977+0000] {logging_mixin.py:150} INFO - [2025-08-14T10:07:27.977+0000] {dag.py:3504} INFO - Setting next_dagrun for example_subdag_operator.section-1 to None, run_after=None
[2025-08-14T10:07:27.977+0000] {logging_mixin.py:150} INFO - [2025-08-14T10:07:27.977+0000] {dag.py:3504} INFO - Setting next_dagrun for example_subdag_operator.section-2 to None, run_after=None
[2025-08-14T10:07:27.981+0000] {logging_mixin.py:150} INFO - [2025-08-14T10:07:27.981+0000] {dag.py:2742} INFO - Sync 2 DAGs
[2025-08-14T10:07:27.984+0000] {logging_mixin.py:150} INFO - [2025-08-14T10:07:27.984+0000] {dag.py:3504} INFO - Setting next_dagrun for example_subdag_operator.section-1 to None, run_after=None
[2025-08-14T10:07:27.984+0000] {logging_mixin.py:150} INFO - [2025-08-14T10:07:27.984+0000] {dag.py:3504} INFO - Setting next_dagrun for example_subdag_operator.section-2 to None, run_after=None
[2025-08-14T10:07:27.995+0000] {processor.py:179} INFO - Processing /home/vscode/.local/lib/python3.10/site-packages/airflow/example_dags/example_subdag_operator.py took 0.064 seconds
[2025-08-14T10:08:15.256+0000] {processor.py:157} INFO - Started process (PID=16109) to work on /home/vscode/.local/lib/python3.10/site-packages/airflow/example_dags/example_subdag_operator.py
[2025-08-14T10:08:15.256+0000] {processor.py:826} INFO - Processing file /home/vscode/.local/lib/python3.10/site-packages/airflow/example_dags/example_subdag_operator.py for tasks to queue
[2025-08-14T10:08:15.257+0000] {logging_mixin.py:150} INFO - [2025-08-14T10:08:15.257+0000] {dagbag.py:541} INFO - Filling up the DagBag from /home/vscode/.local/lib/python3.10/site-packages/airflow/example_dags/example_subdag_operator.py
[2025-08-14T10:08:15.272+0000] {processor.py:836} INFO - DAG(s) dict_keys(['example_subdag_operator.section-1', 'example_subdag_operator.section-2', 'example_subdag_operator']) retrieved from /home/vscode/.local/lib/python3.10/site-packages/airflow/example_dags/example_subdag_operator.py
[2025-08-14T10:08:15.283+0000] {logging_mixin.py:150} INFO - [2025-08-14T10:08:15.283+0000] {dag.py:2742} INFO - Sync 3 DAGs
[2025-08-14T10:08:15.299+0000] {logging_mixin.py:150} INFO - [2025-08-14T10:08:15.299+0000] {dag.py:3504} INFO - Setting next_dagrun for example_subdag_operator to 2022-01-01T00:00:00+00:00, run_after=2022-01-01T00:00:00+00:00
[2025-08-14T10:08:15.302+0000] {logging_mixin.py:150} INFO - [2025-08-14T10:08:15.301+0000] {dag.py:3504} INFO - Setting next_dagrun for example_subdag_operator.section-1 to None, run_after=None
[2025-08-14T10:08:15.302+0000] {logging_mixin.py:150} INFO - [2025-08-14T10:08:15.302+0000] {dag.py:3504} INFO - Setting next_dagrun for example_subdag_operator.section-2 to None, run_after=None
[2025-08-14T10:08:15.307+0000] {logging_mixin.py:150} INFO - [2025-08-14T10:08:15.307+0000] {dag.py:2742} INFO - Sync 2 DAGs
[2025-08-14T10:08:15.310+0000] {logging_mixin.py:150} INFO - [2025-08-14T10:08:15.309+0000] {dag.py:3504} INFO - Setting next_dagrun for example_subdag_operator.section-1 to None, run_after=None
[2025-08-14T10:08:15.310+0000] {logging_mixin.py:150} INFO - [2025-08-14T10:08:15.310+0000] {dag.py:3504} INFO - Setting next_dagrun for example_subdag_operator.section-2 to None, run_after=None
[2025-08-14T10:08:15.321+0000] {processor.py:179} INFO - Processing /home/vscode/.local/lib/python3.10/site-packages/airflow/example_dags/example_subdag_operator.py took 0.067 seconds
[2025-08-14T10:09:02.691+0000] {processor.py:157} INFO - Started process (PID=16562) to work on /home/vscode/.local/lib/python3.10/site-packages/airflow/example_dags/example_subdag_operator.py
[2025-08-14T10:09:02.692+0000] {processor.py:826} INFO - Processing file /home/vscode/.local/lib/python3.10/site-packages/airflow/example_dags/example_subdag_operator.py for tasks to queue
[2025-08-14T10:09:02.693+0000] {logging_mixin.py:150} INFO - [2025-08-14T10:09:02.692+0000] {dagbag.py:541} INFO - Filling up the DagBag from /home/vscode/.local/lib/python3.10/site-packages/airflow/example_dags/example_subdag_operator.py
[2025-08-14T10:09:02.714+0000] {processor.py:836} INFO - DAG(s) dict_keys(['example_subdag_operator.section-1', 'example_subdag_operator.section-2', 'example_subdag_operator']) retrieved from /home/vscode/.local/lib/python3.10/site-packages/airflow/example_dags/example_subdag_operator.py
[2025-08-14T10:09:02.717+0000] {logging_mixin.py:150} INFO - [2025-08-14T10:09:02.717+0000] {dag.py:2742} INFO - Sync 3 DAGs
[2025-08-14T10:09:02.738+0000] {logging_mixin.py:150} INFO - [2025-08-14T10:09:02.737+0000] {dag.py:3504} INFO - Setting next_dagrun for example_subdag_operator to 2022-01-01T00:00:00+00:00, run_after=2022-01-01T00:00:00+00:00
[2025-08-14T10:09:02.740+0000] {logging_mixin.py:150} INFO - [2025-08-14T10:09:02.740+0000] {dag.py:3504} INFO - Setting next_dagrun for example_subdag_operator.section-1 to None, run_after=None
[2025-08-14T10:09:02.740+0000] {logging_mixin.py:150} INFO - [2025-08-14T10:09:02.740+0000] {dag.py:3504} INFO - Setting next_dagrun for example_subdag_operator.section-2 to None, run_after=None
[2025-08-14T10:09:02.744+0000] {logging_mixin.py:150} INFO - [2025-08-14T10:09:02.744+0000] {dag.py:2742} INFO - Sync 2 DAGs
[2025-08-14T10:09:02.747+0000] {logging_mixin.py:150} INFO - [2025-08-14T10:09:02.747+0000] {dag.py:3504} INFO - Setting next_dagrun for example_subdag_operator.section-1 to None, run_after=None
[2025-08-14T10:09:02.747+0000] {logging_mixin.py:150} INFO - [2025-08-14T10:09:02.747+0000] {dag.py:3504} INFO - Setting next_dagrun for example_subdag_operator.section-2 to None, run_after=None
[2025-08-14T10:09:02.758+0000] {processor.py:179} INFO - Processing /home/vscode/.local/lib/python3.10/site-packages/airflow/example_dags/example_subdag_operator.py took 0.069 seconds
[2025-08-14T10:09:52.212+0000] {processor.py:157} INFO - Started process (PID=16924) to work on /home/vscode/.local/lib/python3.10/site-packages/airflow/example_dags/example_subdag_operator.py
[2025-08-14T10:09:52.212+0000] {processor.py:826} INFO - Processing file /home/vscode/.local/lib/python3.10/site-packages/airflow/example_dags/example_subdag_operator.py for tasks to queue
[2025-08-14T10:09:52.213+0000] {logging_mixin.py:150} INFO - [2025-08-14T10:09:52.213+0000] {dagbag.py:541} INFO - Filling up the DagBag from /home/vscode/.local/lib/python3.10/site-packages/airflow/example_dags/example_subdag_operator.py
[2025-08-14T10:09:52.226+0000] {processor.py:836} INFO - DAG(s) dict_keys(['example_subdag_operator.section-1', 'example_subdag_operator.section-2', 'example_subdag_operator']) retrieved from /home/vscode/.local/lib/python3.10/site-packages/airflow/example_dags/example_subdag_operator.py
[2025-08-14T10:09:52.237+0000] {logging_mixin.py:150} INFO - [2025-08-14T10:09:52.237+0000] {dag.py:2742} INFO - Sync 3 DAGs
[2025-08-14T10:09:52.250+0000] {logging_mixin.py:150} INFO - [2025-08-14T10:09:52.250+0000] {dag.py:3504} INFO - Setting next_dagrun for example_subdag_operator to 2022-01-01T00:00:00+00:00, run_after=2022-01-01T00:00:00+00:00
[2025-08-14T10:09:52.252+0000] {logging_mixin.py:150} INFO - [2025-08-14T10:09:52.252+0000] {dag.py:3504} INFO - Setting next_dagrun for example_subdag_operator.section-1 to None, run_after=None
[2025-08-14T10:09:52.253+0000] {logging_mixin.py:150} INFO - [2025-08-14T10:09:52.253+0000] {dag.py:3504} INFO - Setting next_dagrun for example_subdag_operator.section-2 to None, run_after=None
[2025-08-14T10:09:52.257+0000] {logging_mixin.py:150} INFO - [2025-08-14T10:09:52.257+0000] {dag.py:2742} INFO - Sync 2 DAGs
[2025-08-14T10:09:52.260+0000] {logging_mixin.py:150} INFO - [2025-08-14T10:09:52.260+0000] {dag.py:3504} INFO - Setting next_dagrun for example_subdag_operator.section-1 to None, run_after=None
[2025-08-14T10:09:52.260+0000] {logging_mixin.py:150} INFO - [2025-08-14T10:09:52.260+0000] {dag.py:3504} INFO - Setting next_dagrun for example_subdag_operator.section-2 to None, run_after=None
[2025-08-14T10:09:52.271+0000] {processor.py:179} INFO - Processing /home/vscode/.local/lib/python3.10/site-packages/airflow/example_dags/example_subdag_operator.py took 0.061 seconds
[2025-08-14T10:10:36.079+0000] {processor.py:157} INFO - Started process (PID=17248) to work on /home/vscode/.local/lib/python3.10/site-packages/airflow/example_dags/example_subdag_operator.py
[2025-08-14T10:10:36.080+0000] {processor.py:826} INFO - Processing file /home/vscode/.local/lib/python3.10/site-packages/airflow/example_dags/example_subdag_operator.py for tasks to queue
[2025-08-14T10:10:36.081+0000] {logging_mixin.py:150} INFO - [2025-08-14T10:10:36.080+0000] {dagbag.py:541} INFO - Filling up the DagBag from /home/vscode/.local/lib/python3.10/site-packages/airflow/example_dags/example_subdag_operator.py
[2025-08-14T10:10:36.095+0000] {processor.py:836} INFO - DAG(s) dict_keys(['example_subdag_operator.section-1', 'example_subdag_operator.section-2', 'example_subdag_operator']) retrieved from /home/vscode/.local/lib/python3.10/site-packages/airflow/example_dags/example_subdag_operator.py
[2025-08-14T10:10:36.107+0000] {logging_mixin.py:150} INFO - [2025-08-14T10:10:36.107+0000] {dag.py:2742} INFO - Sync 3 DAGs
[2025-08-14T10:10:36.123+0000] {logging_mixin.py:150} INFO - [2025-08-14T10:10:36.122+0000] {dag.py:3504} INFO - Setting next_dagrun for example_subdag_operator to 2022-01-01T00:00:00+00:00, run_after=2022-01-01T00:00:00+00:00
[2025-08-14T10:10:36.125+0000] {logging_mixin.py:150} INFO - [2025-08-14T10:10:36.125+0000] {dag.py:3504} INFO - Setting next_dagrun for example_subdag_operator.section-1 to None, run_after=None
[2025-08-14T10:10:36.126+0000] {logging_mixin.py:150} INFO - [2025-08-14T10:10:36.125+0000] {dag.py:3504} INFO - Setting next_dagrun for example_subdag_operator.section-2 to None, run_after=None
[2025-08-14T10:10:36.130+0000] {logging_mixin.py:150} INFO - [2025-08-14T10:10:36.130+0000] {dag.py:2742} INFO - Sync 2 DAGs
[2025-08-14T10:10:36.133+0000] {logging_mixin.py:150} INFO - [2025-08-14T10:10:36.133+0000] {dag.py:3504} INFO - Setting next_dagrun for example_subdag_operator.section-1 to None, run_after=None
[2025-08-14T10:10:36.134+0000] {logging_mixin.py:150} INFO - [2025-08-14T10:10:36.133+0000] {dag.py:3504} INFO - Setting next_dagrun for example_subdag_operator.section-2 to None, run_after=None
[2025-08-14T10:10:36.144+0000] {processor.py:179} INFO - Processing /home/vscode/.local/lib/python3.10/site-packages/airflow/example_dags/example_subdag_operator.py took 0.067 seconds
[2025-08-14T10:11:25.621+0000] {processor.py:157} INFO - Started process (PID=17612) to work on /home/vscode/.local/lib/python3.10/site-packages/airflow/example_dags/example_subdag_operator.py
[2025-08-14T10:11:25.622+0000] {processor.py:826} INFO - Processing file /home/vscode/.local/lib/python3.10/site-packages/airflow/example_dags/example_subdag_operator.py for tasks to queue
[2025-08-14T10:11:25.622+0000] {logging_mixin.py:150} INFO - [2025-08-14T10:11:25.622+0000] {dagbag.py:541} INFO - Filling up the DagBag from /home/vscode/.local/lib/python3.10/site-packages/airflow/example_dags/example_subdag_operator.py
[2025-08-14T10:11:25.636+0000] {processor.py:836} INFO - DAG(s) dict_keys(['example_subdag_operator.section-1', 'example_subdag_operator.section-2', 'example_subdag_operator']) retrieved from /home/vscode/.local/lib/python3.10/site-packages/airflow/example_dags/example_subdag_operator.py
[2025-08-14T10:11:25.647+0000] {logging_mixin.py:150} INFO - [2025-08-14T10:11:25.647+0000] {dag.py:2742} INFO - Sync 3 DAGs
[2025-08-14T10:11:25.661+0000] {logging_mixin.py:150} INFO - [2025-08-14T10:11:25.660+0000] {dag.py:3504} INFO - Setting next_dagrun for example_subdag_operator to 2022-01-01T00:00:00+00:00, run_after=2022-01-01T00:00:00+00:00
[2025-08-14T10:11:25.663+0000] {logging_mixin.py:150} INFO - [2025-08-14T10:11:25.663+0000] {dag.py:3504} INFO - Setting next_dagrun for example_subdag_operator.section-1 to None, run_after=None
[2025-08-14T10:11:25.663+0000] {logging_mixin.py:150} INFO - [2025-08-14T10:11:25.663+0000] {dag.py:3504} INFO - Setting next_dagrun for example_subdag_operator.section-2 to None, run_after=None
[2025-08-14T10:11:25.667+0000] {logging_mixin.py:150} INFO - [2025-08-14T10:11:25.667+0000] {dag.py:2742} INFO - Sync 2 DAGs
[2025-08-14T10:11:25.670+0000] {logging_mixin.py:150} INFO - [2025-08-14T10:11:25.670+0000] {dag.py:3504} INFO - Setting next_dagrun for example_subdag_operator.section-1 to None, run_after=None
[2025-08-14T10:11:25.670+0000] {logging_mixin.py:150} INFO - [2025-08-14T10:11:25.670+0000] {dag.py:3504} INFO - Setting next_dagrun for example_subdag_operator.section-2 to None, run_after=None
[2025-08-14T10:11:25.680+0000] {processor.py:179} INFO - Processing /home/vscode/.local/lib/python3.10/site-packages/airflow/example_dags/example_subdag_operator.py took 0.062 seconds
[2025-08-14T10:12:09.668+0000] {processor.py:157} INFO - Started process (PID=17948) to work on /home/vscode/.local/lib/python3.10/site-packages/airflow/example_dags/example_subdag_operator.py
[2025-08-14T10:12:09.668+0000] {processor.py:826} INFO - Processing file /home/vscode/.local/lib/python3.10/site-packages/airflow/example_dags/example_subdag_operator.py for tasks to queue
[2025-08-14T10:12:09.669+0000] {logging_mixin.py:150} INFO - [2025-08-14T10:12:09.669+0000] {dagbag.py:541} INFO - Filling up the DagBag from /home/vscode/.local/lib/python3.10/site-packages/airflow/example_dags/example_subdag_operator.py
[2025-08-14T10:12:09.684+0000] {processor.py:836} INFO - DAG(s) dict_keys(['example_subdag_operator.section-1', 'example_subdag_operator.section-2', 'example_subdag_operator']) retrieved from /home/vscode/.local/lib/python3.10/site-packages/airflow/example_dags/example_subdag_operator.py
[2025-08-14T10:12:09.700+0000] {logging_mixin.py:150} INFO - [2025-08-14T10:12:09.700+0000] {dag.py:2742} INFO - Sync 3 DAGs
[2025-08-14T10:12:09.715+0000] {logging_mixin.py:150} INFO - [2025-08-14T10:12:09.715+0000] {dag.py:3504} INFO - Setting next_dagrun for example_subdag_operator to 2022-01-01T00:00:00+00:00, run_after=2022-01-01T00:00:00+00:00
[2025-08-14T10:12:09.717+0000] {logging_mixin.py:150} INFO - [2025-08-14T10:12:09.717+0000] {dag.py:3504} INFO - Setting next_dagrun for example_subdag_operator.section-1 to None, run_after=None
[2025-08-14T10:12:09.718+0000] {logging_mixin.py:150} INFO - [2025-08-14T10:12:09.718+0000] {dag.py:3504} INFO - Setting next_dagrun for example_subdag_operator.section-2 to None, run_after=None
[2025-08-14T10:12:09.722+0000] {logging_mixin.py:150} INFO - [2025-08-14T10:12:09.722+0000] {dag.py:2742} INFO - Sync 2 DAGs
[2025-08-14T10:12:09.725+0000] {logging_mixin.py:150} INFO - [2025-08-14T10:12:09.724+0000] {dag.py:3504} INFO - Setting next_dagrun for example_subdag_operator.section-1 to None, run_after=None
[2025-08-14T10:12:09.725+0000] {logging_mixin.py:150} INFO - [2025-08-14T10:12:09.725+0000] {dag.py:3504} INFO - Setting next_dagrun for example_subdag_operator.section-2 to None, run_after=None
[2025-08-14T10:12:09.735+0000] {processor.py:179} INFO - Processing /home/vscode/.local/lib/python3.10/site-packages/airflow/example_dags/example_subdag_operator.py took 0.070 seconds
[2025-08-14T10:12:53.674+0000] {processor.py:157} INFO - Started process (PID=18278) to work on /home/vscode/.local/lib/python3.10/site-packages/airflow/example_dags/example_subdag_operator.py
[2025-08-14T10:12:53.675+0000] {processor.py:826} INFO - Processing file /home/vscode/.local/lib/python3.10/site-packages/airflow/example_dags/example_subdag_operator.py for tasks to queue
[2025-08-14T10:12:53.675+0000] {logging_mixin.py:150} INFO - [2025-08-14T10:12:53.675+0000] {dagbag.py:541} INFO - Filling up the DagBag from /home/vscode/.local/lib/python3.10/site-packages/airflow/example_dags/example_subdag_operator.py
[2025-08-14T10:12:53.689+0000] {processor.py:836} INFO - DAG(s) dict_keys(['example_subdag_operator.section-1', 'example_subdag_operator.section-2', 'example_subdag_operator']) retrieved from /home/vscode/.local/lib/python3.10/site-packages/airflow/example_dags/example_subdag_operator.py
[2025-08-14T10:12:53.700+0000] {logging_mixin.py:150} INFO - [2025-08-14T10:12:53.700+0000] {dag.py:2742} INFO - Sync 3 DAGs
[2025-08-14T10:12:53.714+0000] {logging_mixin.py:150} INFO - [2025-08-14T10:12:53.714+0000] {dag.py:3504} INFO - Setting next_dagrun for example_subdag_operator to 2022-01-01T00:00:00+00:00, run_after=2022-01-01T00:00:00+00:00
[2025-08-14T10:12:53.716+0000] {logging_mixin.py:150} INFO - [2025-08-14T10:12:53.716+0000] {dag.py:3504} INFO - Setting next_dagrun for example_subdag_operator.section-1 to None, run_after=None
[2025-08-14T10:12:53.717+0000] {logging_mixin.py:150} INFO - [2025-08-14T10:12:53.716+0000] {dag.py:3504} INFO - Setting next_dagrun for example_subdag_operator.section-2 to None, run_after=None
[2025-08-14T10:12:53.721+0000] {logging_mixin.py:150} INFO - [2025-08-14T10:12:53.721+0000] {dag.py:2742} INFO - Sync 2 DAGs
[2025-08-14T10:12:53.723+0000] {logging_mixin.py:150} INFO - [2025-08-14T10:12:53.723+0000] {dag.py:3504} INFO - Setting next_dagrun for example_subdag_operator.section-1 to None, run_after=None
[2025-08-14T10:12:53.724+0000] {logging_mixin.py:150} INFO - [2025-08-14T10:12:53.724+0000] {dag.py:3504} INFO - Setting next_dagrun for example_subdag_operator.section-2 to None, run_after=None
[2025-08-14T10:12:53.735+0000] {processor.py:179} INFO - Processing /home/vscode/.local/lib/python3.10/site-packages/airflow/example_dags/example_subdag_operator.py took 0.063 seconds
[2025-08-14T10:13:46.174+0000] {processor.py:157} INFO - Started process (PID=18663) to work on /home/vscode/.local/lib/python3.10/site-packages/airflow/example_dags/example_subdag_operator.py
[2025-08-14T10:13:46.175+0000] {processor.py:826} INFO - Processing file /home/vscode/.local/lib/python3.10/site-packages/airflow/example_dags/example_subdag_operator.py for tasks to queue
[2025-08-14T10:13:46.175+0000] {logging_mixin.py:150} INFO - [2025-08-14T10:13:46.175+0000] {dagbag.py:541} INFO - Filling up the DagBag from /home/vscode/.local/lib/python3.10/site-packages/airflow/example_dags/example_subdag_operator.py
[2025-08-14T10:13:46.191+0000] {processor.py:836} INFO - DAG(s) dict_keys(['example_subdag_operator.section-1', 'example_subdag_operator.section-2', 'example_subdag_operator']) retrieved from /home/vscode/.local/lib/python3.10/site-packages/airflow/example_dags/example_subdag_operator.py
[2025-08-14T10:13:46.202+0000] {logging_mixin.py:150} INFO - [2025-08-14T10:13:46.202+0000] {dag.py:2742} INFO - Sync 3 DAGs
[2025-08-14T10:13:46.216+0000] {logging_mixin.py:150} INFO - [2025-08-14T10:13:46.216+0000] {dag.py:3504} INFO - Setting next_dagrun for example_subdag_operator to 2022-01-01T00:00:00+00:00, run_after=2022-01-01T00:00:00+00:00
[2025-08-14T10:13:46.218+0000] {logging_mixin.py:150} INFO - [2025-08-14T10:13:46.218+0000] {dag.py:3504} INFO - Setting next_dagrun for example_subdag_operator.section-1 to None, run_after=None
[2025-08-14T10:13:46.219+0000] {logging_mixin.py:150} INFO - [2025-08-14T10:13:46.219+0000] {dag.py:3504} INFO - Setting next_dagrun for example_subdag_operator.section-2 to None, run_after=None
[2025-08-14T10:13:46.223+0000] {logging_mixin.py:150} INFO - [2025-08-14T10:13:46.223+0000] {dag.py:2742} INFO - Sync 2 DAGs
[2025-08-14T10:13:46.226+0000] {logging_mixin.py:150} INFO - [2025-08-14T10:13:46.226+0000] {dag.py:3504} INFO - Setting next_dagrun for example_subdag_operator.section-1 to None, run_after=None
[2025-08-14T10:13:46.226+0000] {logging_mixin.py:150} INFO - [2025-08-14T10:13:46.226+0000] {dag.py:3504} INFO - Setting next_dagrun for example_subdag_operator.section-2 to None, run_after=None
[2025-08-14T10:13:46.237+0000] {processor.py:179} INFO - Processing /home/vscode/.local/lib/python3.10/site-packages/airflow/example_dags/example_subdag_operator.py took 0.065 seconds
[2025-08-14T10:14:29.870+0000] {processor.py:157} INFO - Started process (PID=18987) to work on /home/vscode/.local/lib/python3.10/site-packages/airflow/example_dags/example_subdag_operator.py
[2025-08-14T10:14:29.871+0000] {processor.py:826} INFO - Processing file /home/vscode/.local/lib/python3.10/site-packages/airflow/example_dags/example_subdag_operator.py for tasks to queue
[2025-08-14T10:14:29.872+0000] {logging_mixin.py:150} INFO - [2025-08-14T10:14:29.871+0000] {dagbag.py:541} INFO - Filling up the DagBag from /home/vscode/.local/lib/python3.10/site-packages/airflow/example_dags/example_subdag_operator.py
[2025-08-14T10:14:29.885+0000] {processor.py:836} INFO - DAG(s) dict_keys(['example_subdag_operator.section-1', 'example_subdag_operator.section-2', 'example_subdag_operator']) retrieved from /home/vscode/.local/lib/python3.10/site-packages/airflow/example_dags/example_subdag_operator.py
[2025-08-14T10:14:29.896+0000] {logging_mixin.py:150} INFO - [2025-08-14T10:14:29.896+0000] {dag.py:2742} INFO - Sync 3 DAGs
[2025-08-14T10:14:29.909+0000] {logging_mixin.py:150} INFO - [2025-08-14T10:14:29.909+0000] {dag.py:3504} INFO - Setting next_dagrun for example_subdag_operator to 2022-01-01T00:00:00+00:00, run_after=2022-01-01T00:00:00+00:00
[2025-08-14T10:14:29.911+0000] {logging_mixin.py:150} INFO - [2025-08-14T10:14:29.911+0000] {dag.py:3504} INFO - Setting next_dagrun for example_subdag_operator.section-1 to None, run_after=None
[2025-08-14T10:14:29.911+0000] {logging_mixin.py:150} INFO - [2025-08-14T10:14:29.911+0000] {dag.py:3504} INFO - Setting next_dagrun for example_subdag_operator.section-2 to None, run_after=None
[2025-08-14T10:14:29.916+0000] {logging_mixin.py:150} INFO - [2025-08-14T10:14:29.916+0000] {dag.py:2742} INFO - Sync 2 DAGs
[2025-08-14T10:14:29.919+0000] {logging_mixin.py:150} INFO - [2025-08-14T10:14:29.919+0000] {dag.py:3504} INFO - Setting next_dagrun for example_subdag_operator.section-1 to None, run_after=None
[2025-08-14T10:14:29.919+0000] {logging_mixin.py:150} INFO - [2025-08-14T10:14:29.919+0000] {dag.py:3504} INFO - Setting next_dagrun for example_subdag_operator.section-2 to None, run_after=None
[2025-08-14T10:14:29.930+0000] {processor.py:179} INFO - Processing /home/vscode/.local/lib/python3.10/site-packages/airflow/example_dags/example_subdag_operator.py took 0.061 seconds
[2025-08-14T10:15:16.097+0000] {processor.py:157} INFO - Started process (PID=19339) to work on /home/vscode/.local/lib/python3.10/site-packages/airflow/example_dags/example_subdag_operator.py
[2025-08-14T10:15:16.098+0000] {processor.py:826} INFO - Processing file /home/vscode/.local/lib/python3.10/site-packages/airflow/example_dags/example_subdag_operator.py for tasks to queue
[2025-08-14T10:15:16.098+0000] {logging_mixin.py:150} INFO - [2025-08-14T10:15:16.098+0000] {dagbag.py:541} INFO - Filling up the DagBag from /home/vscode/.local/lib/python3.10/site-packages/airflow/example_dags/example_subdag_operator.py
[2025-08-14T10:15:16.113+0000] {processor.py:836} INFO - DAG(s) dict_keys(['example_subdag_operator.section-1', 'example_subdag_operator.section-2', 'example_subdag_operator']) retrieved from /home/vscode/.local/lib/python3.10/site-packages/airflow/example_dags/example_subdag_operator.py
[2025-08-14T10:15:16.124+0000] {logging_mixin.py:150} INFO - [2025-08-14T10:15:16.124+0000] {dag.py:2742} INFO - Sync 3 DAGs
[2025-08-14T10:15:16.140+0000] {logging_mixin.py:150} INFO - [2025-08-14T10:15:16.140+0000] {dag.py:3504} INFO - Setting next_dagrun for example_subdag_operator to 2022-01-01T00:00:00+00:00, run_after=2022-01-01T00:00:00+00:00
[2025-08-14T10:15:16.142+0000] {logging_mixin.py:150} INFO - [2025-08-14T10:15:16.142+0000] {dag.py:3504} INFO - Setting next_dagrun for example_subdag_operator.section-1 to None, run_after=None
[2025-08-14T10:15:16.143+0000] {logging_mixin.py:150} INFO - [2025-08-14T10:15:16.143+0000] {dag.py:3504} INFO - Setting next_dagrun for example_subdag_operator.section-2 to None, run_after=None
[2025-08-14T10:15:16.147+0000] {logging_mixin.py:150} INFO - [2025-08-14T10:15:16.147+0000] {dag.py:2742} INFO - Sync 2 DAGs
[2025-08-14T10:15:16.150+0000] {logging_mixin.py:150} INFO - [2025-08-14T10:15:16.150+0000] {dag.py:3504} INFO - Setting next_dagrun for example_subdag_operator.section-1 to None, run_after=None
[2025-08-14T10:15:16.150+0000] {logging_mixin.py:150} INFO - [2025-08-14T10:15:16.150+0000] {dag.py:3504} INFO - Setting next_dagrun for example_subdag_operator.section-2 to None, run_after=None
[2025-08-14T10:15:16.162+0000] {processor.py:179} INFO - Processing /home/vscode/.local/lib/python3.10/site-packages/airflow/example_dags/example_subdag_operator.py took 0.067 seconds
[2025-08-14T10:15:57.237+0000] {processor.py:157} INFO - Started process (PID=19641) to work on /home/vscode/.local/lib/python3.10/site-packages/airflow/example_dags/example_subdag_operator.py
[2025-08-14T10:15:57.237+0000] {processor.py:826} INFO - Processing file /home/vscode/.local/lib/python3.10/site-packages/airflow/example_dags/example_subdag_operator.py for tasks to queue
[2025-08-14T10:15:57.238+0000] {logging_mixin.py:150} INFO - [2025-08-14T10:15:57.238+0000] {dagbag.py:541} INFO - Filling up the DagBag from /home/vscode/.local/lib/python3.10/site-packages/airflow/example_dags/example_subdag_operator.py
[2025-08-14T10:15:57.252+0000] {processor.py:836} INFO - DAG(s) dict_keys(['example_subdag_operator.section-1', 'example_subdag_operator.section-2', 'example_subdag_operator']) retrieved from /home/vscode/.local/lib/python3.10/site-packages/airflow/example_dags/example_subdag_operator.py
[2025-08-14T10:15:57.264+0000] {logging_mixin.py:150} INFO - [2025-08-14T10:15:57.263+0000] {dag.py:2742} INFO - Sync 3 DAGs
[2025-08-14T10:15:57.278+0000] {logging_mixin.py:150} INFO - [2025-08-14T10:15:57.278+0000] {dag.py:3504} INFO - Setting next_dagrun for example_subdag_operator to 2022-01-01T00:00:00+00:00, run_after=2022-01-01T00:00:00+00:00
[2025-08-14T10:15:57.280+0000] {logging_mixin.py:150} INFO - [2025-08-14T10:15:57.280+0000] {dag.py:3504} INFO - Setting next_dagrun for example_subdag_operator.section-1 to None, run_after=None
[2025-08-14T10:15:57.281+0000] {logging_mixin.py:150} INFO - [2025-08-14T10:15:57.281+0000] {dag.py:3504} INFO - Setting next_dagrun for example_subdag_operator.section-2 to None, run_after=None
[2025-08-14T10:15:57.286+0000] {logging_mixin.py:150} INFO - [2025-08-14T10:15:57.286+0000] {dag.py:2742} INFO - Sync 2 DAGs
[2025-08-14T10:15:57.289+0000] {logging_mixin.py:150} INFO - [2025-08-14T10:15:57.289+0000] {dag.py:3504} INFO - Setting next_dagrun for example_subdag_operator.section-1 to None, run_after=None
[2025-08-14T10:15:57.289+0000] {logging_mixin.py:150} INFO - [2025-08-14T10:15:57.289+0000] {dag.py:3504} INFO - Setting next_dagrun for example_subdag_operator.section-2 to None, run_after=None
[2025-08-14T10:15:57.300+0000] {processor.py:179} INFO - Processing /home/vscode/.local/lib/python3.10/site-packages/airflow/example_dags/example_subdag_operator.py took 0.065 seconds
[2025-08-14T10:16:44.589+0000] {processor.py:157} INFO - Started process (PID=19999) to work on /home/vscode/.local/lib/python3.10/site-packages/airflow/example_dags/example_subdag_operator.py
[2025-08-14T10:16:44.590+0000] {processor.py:826} INFO - Processing file /home/vscode/.local/lib/python3.10/site-packages/airflow/example_dags/example_subdag_operator.py for tasks to queue
[2025-08-14T10:16:44.591+0000] {logging_mixin.py:150} INFO - [2025-08-14T10:16:44.590+0000] {dagbag.py:541} INFO - Filling up the DagBag from /home/vscode/.local/lib/python3.10/site-packages/airflow/example_dags/example_subdag_operator.py
[2025-08-14T10:16:44.605+0000] {processor.py:836} INFO - DAG(s) dict_keys(['example_subdag_operator.section-1', 'example_subdag_operator.section-2', 'example_subdag_operator']) retrieved from /home/vscode/.local/lib/python3.10/site-packages/airflow/example_dags/example_subdag_operator.py
[2025-08-14T10:16:44.615+0000] {logging_mixin.py:150} INFO - [2025-08-14T10:16:44.615+0000] {dag.py:2742} INFO - Sync 3 DAGs
[2025-08-14T10:16:44.629+0000] {logging_mixin.py:150} INFO - [2025-08-14T10:16:44.629+0000] {dag.py:3504} INFO - Setting next_dagrun for example_subdag_operator to 2022-01-01T00:00:00+00:00, run_after=2022-01-01T00:00:00+00:00
[2025-08-14T10:16:44.631+0000] {logging_mixin.py:150} INFO - [2025-08-14T10:16:44.631+0000] {dag.py:3504} INFO - Setting next_dagrun for example_subdag_operator.section-1 to None, run_after=None
[2025-08-14T10:16:44.631+0000] {logging_mixin.py:150} INFO - [2025-08-14T10:16:44.631+0000] {dag.py:3504} INFO - Setting next_dagrun for example_subdag_operator.section-2 to None, run_after=None
[2025-08-14T10:16:44.635+0000] {logging_mixin.py:150} INFO - [2025-08-14T10:16:44.635+0000] {dag.py:2742} INFO - Sync 2 DAGs
[2025-08-14T10:16:44.638+0000] {logging_mixin.py:150} INFO - [2025-08-14T10:16:44.638+0000] {dag.py:3504} INFO - Setting next_dagrun for example_subdag_operator.section-1 to None, run_after=None
[2025-08-14T10:16:44.638+0000] {logging_mixin.py:150} INFO - [2025-08-14T10:16:44.638+0000] {dag.py:3504} INFO - Setting next_dagrun for example_subdag_operator.section-2 to None, run_after=None
[2025-08-14T10:16:44.649+0000] {processor.py:179} INFO - Processing /home/vscode/.local/lib/python3.10/site-packages/airflow/example_dags/example_subdag_operator.py took 0.062 seconds
[2025-08-14T10:17:34.809+0000] {processor.py:157} INFO - Started process (PID=20364) to work on /home/vscode/.local/lib/python3.10/site-packages/airflow/example_dags/example_subdag_operator.py
[2025-08-14T10:17:34.810+0000] {processor.py:826} INFO - Processing file /home/vscode/.local/lib/python3.10/site-packages/airflow/example_dags/example_subdag_operator.py for tasks to queue
[2025-08-14T10:17:34.811+0000] {logging_mixin.py:150} INFO - [2025-08-14T10:17:34.810+0000] {dagbag.py:541} INFO - Filling up the DagBag from /home/vscode/.local/lib/python3.10/site-packages/airflow/example_dags/example_subdag_operator.py
[2025-08-14T10:17:34.826+0000] {processor.py:836} INFO - DAG(s) dict_keys(['example_subdag_operator.section-1', 'example_subdag_operator.section-2', 'example_subdag_operator']) retrieved from /home/vscode/.local/lib/python3.10/site-packages/airflow/example_dags/example_subdag_operator.py
[2025-08-14T10:17:34.842+0000] {logging_mixin.py:150} INFO - [2025-08-14T10:17:34.842+0000] {dag.py:2742} INFO - Sync 3 DAGs
[2025-08-14T10:17:34.858+0000] {logging_mixin.py:150} INFO - [2025-08-14T10:17:34.858+0000] {dag.py:3504} INFO - Setting next_dagrun for example_subdag_operator to 2022-01-01T00:00:00+00:00, run_after=2022-01-01T00:00:00+00:00
[2025-08-14T10:17:34.860+0000] {logging_mixin.py:150} INFO - [2025-08-14T10:17:34.860+0000] {dag.py:3504} INFO - Setting next_dagrun for example_subdag_operator.section-1 to None, run_after=None
[2025-08-14T10:17:34.861+0000] {logging_mixin.py:150} INFO - [2025-08-14T10:17:34.861+0000] {dag.py:3504} INFO - Setting next_dagrun for example_subdag_operator.section-2 to None, run_after=None
[2025-08-14T10:17:34.865+0000] {logging_mixin.py:150} INFO - [2025-08-14T10:17:34.865+0000] {dag.py:2742} INFO - Sync 2 DAGs
[2025-08-14T10:17:34.868+0000] {logging_mixin.py:150} INFO - [2025-08-14T10:17:34.868+0000] {dag.py:3504} INFO - Setting next_dagrun for example_subdag_operator.section-1 to None, run_after=None
[2025-08-14T10:17:34.868+0000] {logging_mixin.py:150} INFO - [2025-08-14T10:17:34.868+0000] {dag.py:3504} INFO - Setting next_dagrun for example_subdag_operator.section-2 to None, run_after=None
[2025-08-14T10:17:34.880+0000] {processor.py:179} INFO - Processing /home/vscode/.local/lib/python3.10/site-packages/airflow/example_dags/example_subdag_operator.py took 0.073 seconds
[2025-08-14T10:18:20.972+0000] {processor.py:157} INFO - Started process (PID=20678) to work on /home/vscode/.local/lib/python3.10/site-packages/airflow/example_dags/example_subdag_operator.py
[2025-08-14T10:18:20.972+0000] {processor.py:826} INFO - Processing file /home/vscode/.local/lib/python3.10/site-packages/airflow/example_dags/example_subdag_operator.py for tasks to queue
[2025-08-14T10:18:20.973+0000] {logging_mixin.py:150} INFO - [2025-08-14T10:18:20.973+0000] {dagbag.py:541} INFO - Filling up the DagBag from /home/vscode/.local/lib/python3.10/site-packages/airflow/example_dags/example_subdag_operator.py
[2025-08-14T10:18:20.987+0000] {processor.py:836} INFO - DAG(s) dict_keys(['example_subdag_operator.section-1', 'example_subdag_operator.section-2', 'example_subdag_operator']) retrieved from /home/vscode/.local/lib/python3.10/site-packages/airflow/example_dags/example_subdag_operator.py
[2025-08-14T10:18:20.998+0000] {logging_mixin.py:150} INFO - [2025-08-14T10:18:20.998+0000] {dag.py:2742} INFO - Sync 3 DAGs
[2025-08-14T10:18:21.012+0000] {logging_mixin.py:150} INFO - [2025-08-14T10:18:21.012+0000] {dag.py:3504} INFO - Setting next_dagrun for example_subdag_operator to 2022-01-01T00:00:00+00:00, run_after=2022-01-01T00:00:00+00:00
[2025-08-14T10:18:21.014+0000] {logging_mixin.py:150} INFO - [2025-08-14T10:18:21.014+0000] {dag.py:3504} INFO - Setting next_dagrun for example_subdag_operator.section-1 to None, run_after=None
[2025-08-14T10:18:21.015+0000] {logging_mixin.py:150} INFO - [2025-08-14T10:18:21.015+0000] {dag.py:3504} INFO - Setting next_dagrun for example_subdag_operator.section-2 to None, run_after=None
[2025-08-14T10:18:21.019+0000] {logging_mixin.py:150} INFO - [2025-08-14T10:18:21.019+0000] {dag.py:2742} INFO - Sync 2 DAGs
[2025-08-14T10:18:21.022+0000] {logging_mixin.py:150} INFO - [2025-08-14T10:18:21.022+0000] {dag.py:3504} INFO - Setting next_dagrun for example_subdag_operator.section-1 to None, run_after=None
[2025-08-14T10:18:21.022+0000] {logging_mixin.py:150} INFO - [2025-08-14T10:18:21.022+0000] {dag.py:3504} INFO - Setting next_dagrun for example_subdag_operator.section-2 to None, run_after=None
[2025-08-14T10:18:21.032+0000] {processor.py:179} INFO - Processing /home/vscode/.local/lib/python3.10/site-packages/airflow/example_dags/example_subdag_operator.py took 0.063 seconds
[2025-08-14T10:19:10.821+0000] {processor.py:157} INFO - Started process (PID=21005) to work on /home/vscode/.local/lib/python3.10/site-packages/airflow/example_dags/example_subdag_operator.py
[2025-08-14T10:19:10.822+0000] {processor.py:826} INFO - Processing file /home/vscode/.local/lib/python3.10/site-packages/airflow/example_dags/example_subdag_operator.py for tasks to queue
[2025-08-14T10:19:10.822+0000] {logging_mixin.py:150} INFO - [2025-08-14T10:19:10.822+0000] {dagbag.py:541} INFO - Filling up the DagBag from /home/vscode/.local/lib/python3.10/site-packages/airflow/example_dags/example_subdag_operator.py
[2025-08-14T10:19:10.836+0000] {processor.py:836} INFO - DAG(s) dict_keys(['example_subdag_operator.section-1', 'example_subdag_operator.section-2', 'example_subdag_operator']) retrieved from /home/vscode/.local/lib/python3.10/site-packages/airflow/example_dags/example_subdag_operator.py
[2025-08-14T10:19:10.847+0000] {logging_mixin.py:150} INFO - [2025-08-14T10:19:10.847+0000] {dag.py:2742} INFO - Sync 3 DAGs
[2025-08-14T10:19:10.860+0000] {logging_mixin.py:150} INFO - [2025-08-14T10:19:10.860+0000] {dag.py:3504} INFO - Setting next_dagrun for example_subdag_operator to 2022-01-01T00:00:00+00:00, run_after=2022-01-01T00:00:00+00:00
[2025-08-14T10:19:10.862+0000] {logging_mixin.py:150} INFO - [2025-08-14T10:19:10.862+0000] {dag.py:3504} INFO - Setting next_dagrun for example_subdag_operator.section-1 to None, run_after=None
[2025-08-14T10:19:10.863+0000] {logging_mixin.py:150} INFO - [2025-08-14T10:19:10.863+0000] {dag.py:3504} INFO - Setting next_dagrun for example_subdag_operator.section-2 to None, run_after=None
[2025-08-14T10:19:10.867+0000] {logging_mixin.py:150} INFO - [2025-08-14T10:19:10.867+0000] {dag.py:2742} INFO - Sync 2 DAGs
[2025-08-14T10:19:10.870+0000] {logging_mixin.py:150} INFO - [2025-08-14T10:19:10.870+0000] {dag.py:3504} INFO - Setting next_dagrun for example_subdag_operator.section-1 to None, run_after=None
[2025-08-14T10:19:10.870+0000] {logging_mixin.py:150} INFO - [2025-08-14T10:19:10.870+0000] {dag.py:3504} INFO - Setting next_dagrun for example_subdag_operator.section-2 to None, run_after=None
[2025-08-14T10:19:10.880+0000] {processor.py:179} INFO - Processing /home/vscode/.local/lib/python3.10/site-packages/airflow/example_dags/example_subdag_operator.py took 0.061 seconds
[2025-08-14T10:19:57.069+0000] {processor.py:157} INFO - Started process (PID=21366) to work on /home/vscode/.local/lib/python3.10/site-packages/airflow/example_dags/example_subdag_operator.py
[2025-08-14T10:19:57.069+0000] {processor.py:826} INFO - Processing file /home/vscode/.local/lib/python3.10/site-packages/airflow/example_dags/example_subdag_operator.py for tasks to queue
[2025-08-14T10:19:57.070+0000] {logging_mixin.py:150} INFO - [2025-08-14T10:19:57.070+0000] {dagbag.py:541} INFO - Filling up the DagBag from /home/vscode/.local/lib/python3.10/site-packages/airflow/example_dags/example_subdag_operator.py
[2025-08-14T10:19:57.084+0000] {processor.py:836} INFO - DAG(s) dict_keys(['example_subdag_operator.section-1', 'example_subdag_operator.section-2', 'example_subdag_operator']) retrieved from /home/vscode/.local/lib/python3.10/site-packages/airflow/example_dags/example_subdag_operator.py
[2025-08-14T10:19:57.095+0000] {logging_mixin.py:150} INFO - [2025-08-14T10:19:57.095+0000] {dag.py:2742} INFO - Sync 3 DAGs
[2025-08-14T10:19:57.109+0000] {logging_mixin.py:150} INFO - [2025-08-14T10:19:57.109+0000] {dag.py:3504} INFO - Setting next_dagrun for example_subdag_operator to 2022-01-01T00:00:00+00:00, run_after=2022-01-01T00:00:00+00:00
[2025-08-14T10:19:57.111+0000] {logging_mixin.py:150} INFO - [2025-08-14T10:19:57.111+0000] {dag.py:3504} INFO - Setting next_dagrun for example_subdag_operator.section-1 to None, run_after=None
[2025-08-14T10:19:57.112+0000] {logging_mixin.py:150} INFO - [2025-08-14T10:19:57.112+0000] {dag.py:3504} INFO - Setting next_dagrun for example_subdag_operator.section-2 to None, run_after=None
[2025-08-14T10:19:57.117+0000] {logging_mixin.py:150} INFO - [2025-08-14T10:19:57.117+0000] {dag.py:2742} INFO - Sync 2 DAGs
[2025-08-14T10:19:57.120+0000] {logging_mixin.py:150} INFO - [2025-08-14T10:19:57.120+0000] {dag.py:3504} INFO - Setting next_dagrun for example_subdag_operator.section-1 to None, run_after=None
[2025-08-14T10:19:57.120+0000] {logging_mixin.py:150} INFO - [2025-08-14T10:19:57.120+0000] {dag.py:3504} INFO - Setting next_dagrun for example_subdag_operator.section-2 to None, run_after=None
[2025-08-14T10:19:57.130+0000] {processor.py:179} INFO - Processing /home/vscode/.local/lib/python3.10/site-packages/airflow/example_dags/example_subdag_operator.py took 0.064 seconds
[2025-08-14T10:20:42.543+0000] {processor.py:157} INFO - Started process (PID=21679) to work on /home/vscode/.local/lib/python3.10/site-packages/airflow/example_dags/example_subdag_operator.py
[2025-08-14T10:20:42.544+0000] {processor.py:826} INFO - Processing file /home/vscode/.local/lib/python3.10/site-packages/airflow/example_dags/example_subdag_operator.py for tasks to queue
[2025-08-14T10:20:42.544+0000] {logging_mixin.py:150} INFO - [2025-08-14T10:20:42.544+0000] {dagbag.py:541} INFO - Filling up the DagBag from /home/vscode/.local/lib/python3.10/site-packages/airflow/example_dags/example_subdag_operator.py
[2025-08-14T10:20:42.558+0000] {processor.py:836} INFO - DAG(s) dict_keys(['example_subdag_operator.section-1', 'example_subdag_operator.section-2', 'example_subdag_operator']) retrieved from /home/vscode/.local/lib/python3.10/site-packages/airflow/example_dags/example_subdag_operator.py
[2025-08-14T10:20:42.569+0000] {logging_mixin.py:150} INFO - [2025-08-14T10:20:42.568+0000] {dag.py:2742} INFO - Sync 3 DAGs
[2025-08-14T10:20:42.582+0000] {logging_mixin.py:150} INFO - [2025-08-14T10:20:42.582+0000] {dag.py:3504} INFO - Setting next_dagrun for example_subdag_operator to 2022-01-01T00:00:00+00:00, run_after=2022-01-01T00:00:00+00:00
[2025-08-14T10:20:42.584+0000] {logging_mixin.py:150} INFO - [2025-08-14T10:20:42.584+0000] {dag.py:3504} INFO - Setting next_dagrun for example_subdag_operator.section-1 to None, run_after=None
[2025-08-14T10:20:42.585+0000] {logging_mixin.py:150} INFO - [2025-08-14T10:20:42.585+0000] {dag.py:3504} INFO - Setting next_dagrun for example_subdag_operator.section-2 to None, run_after=None
[2025-08-14T10:20:42.589+0000] {logging_mixin.py:150} INFO - [2025-08-14T10:20:42.589+0000] {dag.py:2742} INFO - Sync 2 DAGs
[2025-08-14T10:20:42.591+0000] {logging_mixin.py:150} INFO - [2025-08-14T10:20:42.591+0000] {dag.py:3504} INFO - Setting next_dagrun for example_subdag_operator.section-1 to None, run_after=None
[2025-08-14T10:20:42.592+0000] {logging_mixin.py:150} INFO - [2025-08-14T10:20:42.592+0000] {dag.py:3504} INFO - Setting next_dagrun for example_subdag_operator.section-2 to None, run_after=None
[2025-08-14T10:20:42.604+0000] {processor.py:179} INFO - Processing /home/vscode/.local/lib/python3.10/site-packages/airflow/example_dags/example_subdag_operator.py took 0.063 seconds
[2025-08-14T10:21:31.424+0000] {processor.py:157} INFO - Started process (PID=22005) to work on /home/vscode/.local/lib/python3.10/site-packages/airflow/example_dags/example_subdag_operator.py
[2025-08-14T10:21:31.424+0000] {processor.py:826} INFO - Processing file /home/vscode/.local/lib/python3.10/site-packages/airflow/example_dags/example_subdag_operator.py for tasks to queue
[2025-08-14T10:21:31.425+0000] {logging_mixin.py:150} INFO - [2025-08-14T10:21:31.425+0000] {dagbag.py:541} INFO - Filling up the DagBag from /home/vscode/.local/lib/python3.10/site-packages/airflow/example_dags/example_subdag_operator.py
[2025-08-14T10:21:31.440+0000] {processor.py:836} INFO - DAG(s) dict_keys(['example_subdag_operator.section-1', 'example_subdag_operator.section-2', 'example_subdag_operator']) retrieved from /home/vscode/.local/lib/python3.10/site-packages/airflow/example_dags/example_subdag_operator.py
[2025-08-14T10:21:31.453+0000] {logging_mixin.py:150} INFO - [2025-08-14T10:21:31.452+0000] {dag.py:2742} INFO - Sync 3 DAGs
[2025-08-14T10:21:31.467+0000] {logging_mixin.py:150} INFO - [2025-08-14T10:21:31.467+0000] {dag.py:3504} INFO - Setting next_dagrun for example_subdag_operator to 2022-01-01T00:00:00+00:00, run_after=2022-01-01T00:00:00+00:00
[2025-08-14T10:21:31.470+0000] {logging_mixin.py:150} INFO - [2025-08-14T10:21:31.470+0000] {dag.py:3504} INFO - Setting next_dagrun for example_subdag_operator.section-1 to None, run_after=None
[2025-08-14T10:21:31.471+0000] {logging_mixin.py:150} INFO - [2025-08-14T10:21:31.470+0000] {dag.py:3504} INFO - Setting next_dagrun for example_subdag_operator.section-2 to None, run_after=None
[2025-08-14T10:21:31.475+0000] {logging_mixin.py:150} INFO - [2025-08-14T10:21:31.475+0000] {dag.py:2742} INFO - Sync 2 DAGs
[2025-08-14T10:21:31.478+0000] {logging_mixin.py:150} INFO - [2025-08-14T10:21:31.478+0000] {dag.py:3504} INFO - Setting next_dagrun for example_subdag_operator.section-1 to None, run_after=None
[2025-08-14T10:21:31.478+0000] {logging_mixin.py:150} INFO - [2025-08-14T10:21:31.478+0000] {dag.py:3504} INFO - Setting next_dagrun for example_subdag_operator.section-2 to None, run_after=None
[2025-08-14T10:21:31.489+0000] {processor.py:179} INFO - Processing /home/vscode/.local/lib/python3.10/site-packages/airflow/example_dags/example_subdag_operator.py took 0.068 seconds
[2025-08-14T10:22:16.937+0000] {processor.py:157} INFO - Started process (PID=22308) to work on /home/vscode/.local/lib/python3.10/site-packages/airflow/example_dags/example_subdag_operator.py
[2025-08-14T10:22:16.938+0000] {processor.py:826} INFO - Processing file /home/vscode/.local/lib/python3.10/site-packages/airflow/example_dags/example_subdag_operator.py for tasks to queue
[2025-08-14T10:22:16.938+0000] {logging_mixin.py:150} INFO - [2025-08-14T10:22:16.938+0000] {dagbag.py:541} INFO - Filling up the DagBag from /home/vscode/.local/lib/python3.10/site-packages/airflow/example_dags/example_subdag_operator.py
[2025-08-14T10:22:16.952+0000] {processor.py:836} INFO - DAG(s) dict_keys(['example_subdag_operator.section-1', 'example_subdag_operator.section-2', 'example_subdag_operator']) retrieved from /home/vscode/.local/lib/python3.10/site-packages/airflow/example_dags/example_subdag_operator.py
[2025-08-14T10:22:16.963+0000] {logging_mixin.py:150} INFO - [2025-08-14T10:22:16.963+0000] {dag.py:2742} INFO - Sync 3 DAGs
[2025-08-14T10:22:16.976+0000] {logging_mixin.py:150} INFO - [2025-08-14T10:22:16.976+0000] {dag.py:3504} INFO - Setting next_dagrun for example_subdag_operator to 2022-01-01T00:00:00+00:00, run_after=2022-01-01T00:00:00+00:00
[2025-08-14T10:22:16.978+0000] {logging_mixin.py:150} INFO - [2025-08-14T10:22:16.978+0000] {dag.py:3504} INFO - Setting next_dagrun for example_subdag_operator.section-1 to None, run_after=None
[2025-08-14T10:22:16.979+0000] {logging_mixin.py:150} INFO - [2025-08-14T10:22:16.979+0000] {dag.py:3504} INFO - Setting next_dagrun for example_subdag_operator.section-2 to None, run_after=None
[2025-08-14T10:22:16.983+0000] {logging_mixin.py:150} INFO - [2025-08-14T10:22:16.983+0000] {dag.py:2742} INFO - Sync 2 DAGs
[2025-08-14T10:22:16.986+0000] {logging_mixin.py:150} INFO - [2025-08-14T10:22:16.986+0000] {dag.py:3504} INFO - Setting next_dagrun for example_subdag_operator.section-1 to None, run_after=None
[2025-08-14T10:22:16.986+0000] {logging_mixin.py:150} INFO - [2025-08-14T10:22:16.986+0000] {dag.py:3504} INFO - Setting next_dagrun for example_subdag_operator.section-2 to None, run_after=None
[2025-08-14T10:22:16.998+0000] {processor.py:179} INFO - Processing /home/vscode/.local/lib/python3.10/site-packages/airflow/example_dags/example_subdag_operator.py took 0.063 seconds
[2025-08-14T10:23:03.997+0000] {processor.py:157} INFO - Started process (PID=22621) to work on /home/vscode/.local/lib/python3.10/site-packages/airflow/example_dags/example_subdag_operator.py
[2025-08-14T10:23:03.998+0000] {processor.py:826} INFO - Processing file /home/vscode/.local/lib/python3.10/site-packages/airflow/example_dags/example_subdag_operator.py for tasks to queue
[2025-08-14T10:23:03.999+0000] {logging_mixin.py:150} INFO - [2025-08-14T10:23:03.999+0000] {dagbag.py:541} INFO - Filling up the DagBag from /home/vscode/.local/lib/python3.10/site-packages/airflow/example_dags/example_subdag_operator.py
[2025-08-14T10:23:04.014+0000] {processor.py:836} INFO - DAG(s) dict_keys(['example_subdag_operator.section-1', 'example_subdag_operator.section-2', 'example_subdag_operator']) retrieved from /home/vscode/.local/lib/python3.10/site-packages/airflow/example_dags/example_subdag_operator.py
[2025-08-14T10:23:04.025+0000] {logging_mixin.py:150} INFO - [2025-08-14T10:23:04.025+0000] {dag.py:2742} INFO - Sync 3 DAGs
[2025-08-14T10:23:04.039+0000] {logging_mixin.py:150} INFO - [2025-08-14T10:23:04.039+0000] {dag.py:3504} INFO - Setting next_dagrun for example_subdag_operator to 2022-01-01T00:00:00+00:00, run_after=2022-01-01T00:00:00+00:00
[2025-08-14T10:23:04.041+0000] {logging_mixin.py:150} INFO - [2025-08-14T10:23:04.041+0000] {dag.py:3504} INFO - Setting next_dagrun for example_subdag_operator.section-1 to None, run_after=None
[2025-08-14T10:23:04.041+0000] {logging_mixin.py:150} INFO - [2025-08-14T10:23:04.041+0000] {dag.py:3504} INFO - Setting next_dagrun for example_subdag_operator.section-2 to None, run_after=None
[2025-08-14T10:23:04.046+0000] {logging_mixin.py:150} INFO - [2025-08-14T10:23:04.046+0000] {dag.py:2742} INFO - Sync 2 DAGs
[2025-08-14T10:23:04.049+0000] {logging_mixin.py:150} INFO - [2025-08-14T10:23:04.049+0000] {dag.py:3504} INFO - Setting next_dagrun for example_subdag_operator.section-1 to None, run_after=None
[2025-08-14T10:23:04.049+0000] {logging_mixin.py:150} INFO - [2025-08-14T10:23:04.049+0000] {dag.py:3504} INFO - Setting next_dagrun for example_subdag_operator.section-2 to None, run_after=None
[2025-08-14T10:23:04.061+0000] {processor.py:179} INFO - Processing /home/vscode/.local/lib/python3.10/site-packages/airflow/example_dags/example_subdag_operator.py took 0.067 seconds
[2025-08-14T10:23:47.257+0000] {processor.py:157} INFO - Started process (PID=22922) to work on /home/vscode/.local/lib/python3.10/site-packages/airflow/example_dags/example_subdag_operator.py
[2025-08-14T10:23:47.258+0000] {processor.py:826} INFO - Processing file /home/vscode/.local/lib/python3.10/site-packages/airflow/example_dags/example_subdag_operator.py for tasks to queue
[2025-08-14T10:23:47.259+0000] {logging_mixin.py:150} INFO - [2025-08-14T10:23:47.258+0000] {dagbag.py:541} INFO - Filling up the DagBag from /home/vscode/.local/lib/python3.10/site-packages/airflow/example_dags/example_subdag_operator.py
[2025-08-14T10:23:47.272+0000] {processor.py:836} INFO - DAG(s) dict_keys(['example_subdag_operator.section-1', 'example_subdag_operator.section-2', 'example_subdag_operator']) retrieved from /home/vscode/.local/lib/python3.10/site-packages/airflow/example_dags/example_subdag_operator.py
[2025-08-14T10:23:47.283+0000] {logging_mixin.py:150} INFO - [2025-08-14T10:23:47.283+0000] {dag.py:2742} INFO - Sync 3 DAGs
[2025-08-14T10:23:47.297+0000] {logging_mixin.py:150} INFO - [2025-08-14T10:23:47.296+0000] {dag.py:3504} INFO - Setting next_dagrun for example_subdag_operator to 2022-01-01T00:00:00+00:00, run_after=2022-01-01T00:00:00+00:00
[2025-08-14T10:23:47.299+0000] {logging_mixin.py:150} INFO - [2025-08-14T10:23:47.298+0000] {dag.py:3504} INFO - Setting next_dagrun for example_subdag_operator.section-1 to None, run_after=None
[2025-08-14T10:23:47.299+0000] {logging_mixin.py:150} INFO - [2025-08-14T10:23:47.299+0000] {dag.py:3504} INFO - Setting next_dagrun for example_subdag_operator.section-2 to None, run_after=None
[2025-08-14T10:23:47.303+0000] {logging_mixin.py:150} INFO - [2025-08-14T10:23:47.303+0000] {dag.py:2742} INFO - Sync 2 DAGs
[2025-08-14T10:23:47.306+0000] {logging_mixin.py:150} INFO - [2025-08-14T10:23:47.306+0000] {dag.py:3504} INFO - Setting next_dagrun for example_subdag_operator.section-1 to None, run_after=None
[2025-08-14T10:23:47.306+0000] {logging_mixin.py:150} INFO - [2025-08-14T10:23:47.306+0000] {dag.py:3504} INFO - Setting next_dagrun for example_subdag_operator.section-2 to None, run_after=None
[2025-08-14T10:23:47.317+0000] {processor.py:179} INFO - Processing /home/vscode/.local/lib/python3.10/site-packages/airflow/example_dags/example_subdag_operator.py took 0.061 seconds
[2025-08-14T10:24:35.343+0000] {processor.py:157} INFO - Started process (PID=23257) to work on /home/vscode/.local/lib/python3.10/site-packages/airflow/example_dags/example_subdag_operator.py
[2025-08-14T10:24:35.344+0000] {processor.py:826} INFO - Processing file /home/vscode/.local/lib/python3.10/site-packages/airflow/example_dags/example_subdag_operator.py for tasks to queue
[2025-08-14T10:24:35.345+0000] {logging_mixin.py:150} INFO - [2025-08-14T10:24:35.344+0000] {dagbag.py:541} INFO - Filling up the DagBag from /home/vscode/.local/lib/python3.10/site-packages/airflow/example_dags/example_subdag_operator.py
[2025-08-14T10:24:35.359+0000] {processor.py:836} INFO - DAG(s) dict_keys(['example_subdag_operator.section-1', 'example_subdag_operator.section-2', 'example_subdag_operator']) retrieved from /home/vscode/.local/lib/python3.10/site-packages/airflow/example_dags/example_subdag_operator.py
[2025-08-14T10:24:35.370+0000] {logging_mixin.py:150} INFO - [2025-08-14T10:24:35.369+0000] {dag.py:2742} INFO - Sync 3 DAGs
[2025-08-14T10:24:35.383+0000] {logging_mixin.py:150} INFO - [2025-08-14T10:24:35.383+0000] {dag.py:3504} INFO - Setting next_dagrun for example_subdag_operator to 2022-01-01T00:00:00+00:00, run_after=2022-01-01T00:00:00+00:00
[2025-08-14T10:24:35.385+0000] {logging_mixin.py:150} INFO - [2025-08-14T10:24:35.385+0000] {dag.py:3504} INFO - Setting next_dagrun for example_subdag_operator.section-1 to None, run_after=None
[2025-08-14T10:24:35.385+0000] {logging_mixin.py:150} INFO - [2025-08-14T10:24:35.385+0000] {dag.py:3504} INFO - Setting next_dagrun for example_subdag_operator.section-2 to None, run_after=None
[2025-08-14T10:24:35.390+0000] {logging_mixin.py:150} INFO - [2025-08-14T10:24:35.390+0000] {dag.py:2742} INFO - Sync 2 DAGs
[2025-08-14T10:24:35.393+0000] {logging_mixin.py:150} INFO - [2025-08-14T10:24:35.393+0000] {dag.py:3504} INFO - Setting next_dagrun for example_subdag_operator.section-1 to None, run_after=None
[2025-08-14T10:24:35.393+0000] {logging_mixin.py:150} INFO - [2025-08-14T10:24:35.393+0000] {dag.py:3504} INFO - Setting next_dagrun for example_subdag_operator.section-2 to None, run_after=None
[2025-08-14T10:24:35.404+0000] {processor.py:179} INFO - Processing /home/vscode/.local/lib/python3.10/site-packages/airflow/example_dags/example_subdag_operator.py took 0.063 seconds
[2025-08-14T10:25:20.831+0000] {processor.py:157} INFO - Started process (PID=23569) to work on /home/vscode/.local/lib/python3.10/site-packages/airflow/example_dags/example_subdag_operator.py
[2025-08-14T10:25:20.831+0000] {processor.py:826} INFO - Processing file /home/vscode/.local/lib/python3.10/site-packages/airflow/example_dags/example_subdag_operator.py for tasks to queue
[2025-08-14T10:25:20.832+0000] {logging_mixin.py:150} INFO - [2025-08-14T10:25:20.832+0000] {dagbag.py:541} INFO - Filling up the DagBag from /home/vscode/.local/lib/python3.10/site-packages/airflow/example_dags/example_subdag_operator.py
[2025-08-14T10:25:20.846+0000] {processor.py:836} INFO - DAG(s) dict_keys(['example_subdag_operator.section-1', 'example_subdag_operator.section-2', 'example_subdag_operator']) retrieved from /home/vscode/.local/lib/python3.10/site-packages/airflow/example_dags/example_subdag_operator.py
[2025-08-14T10:25:20.857+0000] {logging_mixin.py:150} INFO - [2025-08-14T10:25:20.857+0000] {dag.py:2742} INFO - Sync 3 DAGs
[2025-08-14T10:25:20.875+0000] {logging_mixin.py:150} INFO - [2025-08-14T10:25:20.875+0000] {dag.py:3504} INFO - Setting next_dagrun for example_subdag_operator to 2022-01-01T00:00:00+00:00, run_after=2022-01-01T00:00:00+00:00
[2025-08-14T10:25:20.877+0000] {logging_mixin.py:150} INFO - [2025-08-14T10:25:20.877+0000] {dag.py:3504} INFO - Setting next_dagrun for example_subdag_operator.section-1 to None, run_after=None
[2025-08-14T10:25:20.878+0000] {logging_mixin.py:150} INFO - [2025-08-14T10:25:20.878+0000] {dag.py:3504} INFO - Setting next_dagrun for example_subdag_operator.section-2 to None, run_after=None
[2025-08-14T10:25:20.883+0000] {logging_mixin.py:150} INFO - [2025-08-14T10:25:20.883+0000] {dag.py:2742} INFO - Sync 2 DAGs
[2025-08-14T10:25:20.886+0000] {logging_mixin.py:150} INFO - [2025-08-14T10:25:20.885+0000] {dag.py:3504} INFO - Setting next_dagrun for example_subdag_operator.section-1 to None, run_after=None
[2025-08-14T10:25:20.886+0000] {logging_mixin.py:150} INFO - [2025-08-14T10:25:20.886+0000] {dag.py:3504} INFO - Setting next_dagrun for example_subdag_operator.section-2 to None, run_after=None
[2025-08-14T10:25:20.896+0000] {processor.py:179} INFO - Processing /home/vscode/.local/lib/python3.10/site-packages/airflow/example_dags/example_subdag_operator.py took 0.068 seconds
[2025-08-14T10:26:04.851+0000] {processor.py:157} INFO - Started process (PID=23861) to work on /home/vscode/.local/lib/python3.10/site-packages/airflow/example_dags/example_subdag_operator.py
[2025-08-14T10:26:04.851+0000] {processor.py:826} INFO - Processing file /home/vscode/.local/lib/python3.10/site-packages/airflow/example_dags/example_subdag_operator.py for tasks to queue
[2025-08-14T10:26:04.852+0000] {logging_mixin.py:150} INFO - [2025-08-14T10:26:04.852+0000] {dagbag.py:541} INFO - Filling up the DagBag from /home/vscode/.local/lib/python3.10/site-packages/airflow/example_dags/example_subdag_operator.py
[2025-08-14T10:26:04.865+0000] {processor.py:836} INFO - DAG(s) dict_keys(['example_subdag_operator.section-1', 'example_subdag_operator.section-2', 'example_subdag_operator']) retrieved from /home/vscode/.local/lib/python3.10/site-packages/airflow/example_dags/example_subdag_operator.py
[2025-08-14T10:26:04.876+0000] {logging_mixin.py:150} INFO - [2025-08-14T10:26:04.876+0000] {dag.py:2742} INFO - Sync 3 DAGs
[2025-08-14T10:26:04.890+0000] {logging_mixin.py:150} INFO - [2025-08-14T10:26:04.890+0000] {dag.py:3504} INFO - Setting next_dagrun for example_subdag_operator to 2022-01-01T00:00:00+00:00, run_after=2022-01-01T00:00:00+00:00
[2025-08-14T10:26:04.892+0000] {logging_mixin.py:150} INFO - [2025-08-14T10:26:04.892+0000] {dag.py:3504} INFO - Setting next_dagrun for example_subdag_operator.section-1 to None, run_after=None
[2025-08-14T10:26:04.893+0000] {logging_mixin.py:150} INFO - [2025-08-14T10:26:04.893+0000] {dag.py:3504} INFO - Setting next_dagrun for example_subdag_operator.section-2 to None, run_after=None
[2025-08-14T10:26:04.897+0000] {logging_mixin.py:150} INFO - [2025-08-14T10:26:04.897+0000] {dag.py:2742} INFO - Sync 2 DAGs
[2025-08-14T10:26:04.900+0000] {logging_mixin.py:150} INFO - [2025-08-14T10:26:04.899+0000] {dag.py:3504} INFO - Setting next_dagrun for example_subdag_operator.section-1 to None, run_after=None
[2025-08-14T10:26:04.900+0000] {logging_mixin.py:150} INFO - [2025-08-14T10:26:04.900+0000] {dag.py:3504} INFO - Setting next_dagrun for example_subdag_operator.section-2 to None, run_after=None
[2025-08-14T10:26:04.910+0000] {processor.py:179} INFO - Processing /home/vscode/.local/lib/python3.10/site-packages/airflow/example_dags/example_subdag_operator.py took 0.061 seconds
[2025-08-14T10:26:49.888+0000] {processor.py:157} INFO - Started process (PID=24168) to work on /home/vscode/.local/lib/python3.10/site-packages/airflow/example_dags/example_subdag_operator.py
[2025-08-14T10:26:49.889+0000] {processor.py:826} INFO - Processing file /home/vscode/.local/lib/python3.10/site-packages/airflow/example_dags/example_subdag_operator.py for tasks to queue
[2025-08-14T10:26:49.889+0000] {logging_mixin.py:150} INFO - [2025-08-14T10:26:49.889+0000] {dagbag.py:541} INFO - Filling up the DagBag from /home/vscode/.local/lib/python3.10/site-packages/airflow/example_dags/example_subdag_operator.py
[2025-08-14T10:26:49.903+0000] {processor.py:836} INFO - DAG(s) dict_keys(['example_subdag_operator.section-1', 'example_subdag_operator.section-2', 'example_subdag_operator']) retrieved from /home/vscode/.local/lib/python3.10/site-packages/airflow/example_dags/example_subdag_operator.py
[2025-08-14T10:26:49.914+0000] {logging_mixin.py:150} INFO - [2025-08-14T10:26:49.914+0000] {dag.py:2742} INFO - Sync 3 DAGs
[2025-08-14T10:26:49.927+0000] {logging_mixin.py:150} INFO - [2025-08-14T10:26:49.927+0000] {dag.py:3504} INFO - Setting next_dagrun for example_subdag_operator to 2022-01-01T00:00:00+00:00, run_after=2022-01-01T00:00:00+00:00
[2025-08-14T10:26:49.929+0000] {logging_mixin.py:150} INFO - [2025-08-14T10:26:49.929+0000] {dag.py:3504} INFO - Setting next_dagrun for example_subdag_operator.section-1 to None, run_after=None
[2025-08-14T10:26:49.930+0000] {logging_mixin.py:150} INFO - [2025-08-14T10:26:49.930+0000] {dag.py:3504} INFO - Setting next_dagrun for example_subdag_operator.section-2 to None, run_after=None
[2025-08-14T10:26:49.934+0000] {logging_mixin.py:150} INFO - [2025-08-14T10:26:49.934+0000] {dag.py:2742} INFO - Sync 2 DAGs
[2025-08-14T10:26:49.937+0000] {logging_mixin.py:150} INFO - [2025-08-14T10:26:49.937+0000] {dag.py:3504} INFO - Setting next_dagrun for example_subdag_operator.section-1 to None, run_after=None
[2025-08-14T10:26:49.937+0000] {logging_mixin.py:150} INFO - [2025-08-14T10:26:49.937+0000] {dag.py:3504} INFO - Setting next_dagrun for example_subdag_operator.section-2 to None, run_after=None
[2025-08-14T10:26:49.948+0000] {processor.py:179} INFO - Processing /home/vscode/.local/lib/python3.10/site-packages/airflow/example_dags/example_subdag_operator.py took 0.062 seconds
[2025-08-14T10:27:39.986+0000] {processor.py:157} INFO - Started process (PID=24502) to work on /home/vscode/.local/lib/python3.10/site-packages/airflow/example_dags/example_subdag_operator.py
[2025-08-14T10:27:39.987+0000] {processor.py:826} INFO - Processing file /home/vscode/.local/lib/python3.10/site-packages/airflow/example_dags/example_subdag_operator.py for tasks to queue
[2025-08-14T10:27:39.988+0000] {logging_mixin.py:150} INFO - [2025-08-14T10:27:39.987+0000] {dagbag.py:541} INFO - Filling up the DagBag from /home/vscode/.local/lib/python3.10/site-packages/airflow/example_dags/example_subdag_operator.py
[2025-08-14T10:27:40.002+0000] {processor.py:836} INFO - DAG(s) dict_keys(['example_subdag_operator.section-1', 'example_subdag_operator.section-2', 'example_subdag_operator']) retrieved from /home/vscode/.local/lib/python3.10/site-packages/airflow/example_dags/example_subdag_operator.py
[2025-08-14T10:27:40.013+0000] {logging_mixin.py:150} INFO - [2025-08-14T10:27:40.013+0000] {dag.py:2742} INFO - Sync 3 DAGs
[2025-08-14T10:27:40.027+0000] {logging_mixin.py:150} INFO - [2025-08-14T10:27:40.027+0000] {dag.py:3504} INFO - Setting next_dagrun for example_subdag_operator to 2022-01-01T00:00:00+00:00, run_after=2022-01-01T00:00:00+00:00
[2025-08-14T10:27:40.029+0000] {logging_mixin.py:150} INFO - [2025-08-14T10:27:40.029+0000] {dag.py:3504} INFO - Setting next_dagrun for example_subdag_operator.section-1 to None, run_after=None
[2025-08-14T10:27:40.030+0000] {logging_mixin.py:150} INFO - [2025-08-14T10:27:40.030+0000] {dag.py:3504} INFO - Setting next_dagrun for example_subdag_operator.section-2 to None, run_after=None
[2025-08-14T10:27:40.034+0000] {logging_mixin.py:150} INFO - [2025-08-14T10:27:40.034+0000] {dag.py:2742} INFO - Sync 2 DAGs
[2025-08-14T10:27:40.037+0000] {logging_mixin.py:150} INFO - [2025-08-14T10:27:40.037+0000] {dag.py:3504} INFO - Setting next_dagrun for example_subdag_operator.section-1 to None, run_after=None
[2025-08-14T10:27:40.037+0000] {logging_mixin.py:150} INFO - [2025-08-14T10:27:40.037+0000] {dag.py:3504} INFO - Setting next_dagrun for example_subdag_operator.section-2 to None, run_after=None
[2025-08-14T10:27:40.048+0000] {processor.py:179} INFO - Processing /home/vscode/.local/lib/python3.10/site-packages/airflow/example_dags/example_subdag_operator.py took 0.064 seconds
[2025-08-14T10:28:24.978+0000] {processor.py:157} INFO - Started process (PID=24797) to work on /home/vscode/.local/lib/python3.10/site-packages/airflow/example_dags/example_subdag_operator.py
[2025-08-14T10:28:24.978+0000] {processor.py:826} INFO - Processing file /home/vscode/.local/lib/python3.10/site-packages/airflow/example_dags/example_subdag_operator.py for tasks to queue
[2025-08-14T10:28:24.979+0000] {logging_mixin.py:150} INFO - [2025-08-14T10:28:24.979+0000] {dagbag.py:541} INFO - Filling up the DagBag from /home/vscode/.local/lib/python3.10/site-packages/airflow/example_dags/example_subdag_operator.py
[2025-08-14T10:28:24.993+0000] {processor.py:836} INFO - DAG(s) dict_keys(['example_subdag_operator.section-1', 'example_subdag_operator.section-2', 'example_subdag_operator']) retrieved from /home/vscode/.local/lib/python3.10/site-packages/airflow/example_dags/example_subdag_operator.py
[2025-08-14T10:28:25.004+0000] {logging_mixin.py:150} INFO - [2025-08-14T10:28:25.003+0000] {dag.py:2742} INFO - Sync 3 DAGs
[2025-08-14T10:28:25.017+0000] {logging_mixin.py:150} INFO - [2025-08-14T10:28:25.017+0000] {dag.py:3504} INFO - Setting next_dagrun for example_subdag_operator to 2022-01-01T00:00:00+00:00, run_after=2022-01-01T00:00:00+00:00
[2025-08-14T10:28:25.019+0000] {logging_mixin.py:150} INFO - [2025-08-14T10:28:25.019+0000] {dag.py:3504} INFO - Setting next_dagrun for example_subdag_operator.section-1 to None, run_after=None
[2025-08-14T10:28:25.019+0000] {logging_mixin.py:150} INFO - [2025-08-14T10:28:25.019+0000] {dag.py:3504} INFO - Setting next_dagrun for example_subdag_operator.section-2 to None, run_after=None
[2025-08-14T10:28:25.023+0000] {logging_mixin.py:150} INFO - [2025-08-14T10:28:25.023+0000] {dag.py:2742} INFO - Sync 2 DAGs
[2025-08-14T10:28:25.026+0000] {logging_mixin.py:150} INFO - [2025-08-14T10:28:25.026+0000] {dag.py:3504} INFO - Setting next_dagrun for example_subdag_operator.section-1 to None, run_after=None
[2025-08-14T10:28:25.027+0000] {logging_mixin.py:150} INFO - [2025-08-14T10:28:25.026+0000] {dag.py:3504} INFO - Setting next_dagrun for example_subdag_operator.section-2 to None, run_after=None
[2025-08-14T10:28:25.038+0000] {processor.py:179} INFO - Processing /home/vscode/.local/lib/python3.10/site-packages/airflow/example_dags/example_subdag_operator.py took 0.062 seconds
[2025-08-14T10:29:13.334+0000] {processor.py:157} INFO - Started process (PID=25117) to work on /home/vscode/.local/lib/python3.10/site-packages/airflow/example_dags/example_subdag_operator.py
[2025-08-14T10:29:13.335+0000] {processor.py:826} INFO - Processing file /home/vscode/.local/lib/python3.10/site-packages/airflow/example_dags/example_subdag_operator.py for tasks to queue
[2025-08-14T10:29:13.335+0000] {logging_mixin.py:150} INFO - [2025-08-14T10:29:13.335+0000] {dagbag.py:541} INFO - Filling up the DagBag from /home/vscode/.local/lib/python3.10/site-packages/airflow/example_dags/example_subdag_operator.py
[2025-08-14T10:29:13.350+0000] {processor.py:836} INFO - DAG(s) dict_keys(['example_subdag_operator.section-1', 'example_subdag_operator.section-2', 'example_subdag_operator']) retrieved from /home/vscode/.local/lib/python3.10/site-packages/airflow/example_dags/example_subdag_operator.py
[2025-08-14T10:29:13.362+0000] {logging_mixin.py:150} INFO - [2025-08-14T10:29:13.361+0000] {dag.py:2742} INFO - Sync 3 DAGs
[2025-08-14T10:29:13.376+0000] {logging_mixin.py:150} INFO - [2025-08-14T10:29:13.376+0000] {dag.py:3504} INFO - Setting next_dagrun for example_subdag_operator to 2022-01-01T00:00:00+00:00, run_after=2022-01-01T00:00:00+00:00
[2025-08-14T10:29:13.378+0000] {logging_mixin.py:150} INFO - [2025-08-14T10:29:13.378+0000] {dag.py:3504} INFO - Setting next_dagrun for example_subdag_operator.section-1 to None, run_after=None
[2025-08-14T10:29:13.379+0000] {logging_mixin.py:150} INFO - [2025-08-14T10:29:13.379+0000] {dag.py:3504} INFO - Setting next_dagrun for example_subdag_operator.section-2 to None, run_after=None
[2025-08-14T10:29:13.383+0000] {logging_mixin.py:150} INFO - [2025-08-14T10:29:13.383+0000] {dag.py:2742} INFO - Sync 2 DAGs
[2025-08-14T10:29:13.386+0000] {logging_mixin.py:150} INFO - [2025-08-14T10:29:13.386+0000] {dag.py:3504} INFO - Setting next_dagrun for example_subdag_operator.section-1 to None, run_after=None
[2025-08-14T10:29:13.386+0000] {logging_mixin.py:150} INFO - [2025-08-14T10:29:13.386+0000] {dag.py:3504} INFO - Setting next_dagrun for example_subdag_operator.section-2 to None, run_after=None
[2025-08-14T10:29:13.396+0000] {processor.py:179} INFO - Processing /home/vscode/.local/lib/python3.10/site-packages/airflow/example_dags/example_subdag_operator.py took 0.064 seconds
[2025-08-14T10:29:56.193+0000] {processor.py:157} INFO - Started process (PID=25405) to work on /home/vscode/.local/lib/python3.10/site-packages/airflow/example_dags/example_subdag_operator.py
[2025-08-14T10:29:56.194+0000] {processor.py:826} INFO - Processing file /home/vscode/.local/lib/python3.10/site-packages/airflow/example_dags/example_subdag_operator.py for tasks to queue
[2025-08-14T10:29:56.194+0000] {logging_mixin.py:150} INFO - [2025-08-14T10:29:56.194+0000] {dagbag.py:541} INFO - Filling up the DagBag from /home/vscode/.local/lib/python3.10/site-packages/airflow/example_dags/example_subdag_operator.py
[2025-08-14T10:29:56.208+0000] {processor.py:836} INFO - DAG(s) dict_keys(['example_subdag_operator.section-1', 'example_subdag_operator.section-2', 'example_subdag_operator']) retrieved from /home/vscode/.local/lib/python3.10/site-packages/airflow/example_dags/example_subdag_operator.py
[2025-08-14T10:29:56.219+0000] {logging_mixin.py:150} INFO - [2025-08-14T10:29:56.219+0000] {dag.py:2742} INFO - Sync 3 DAGs
[2025-08-14T10:29:56.233+0000] {logging_mixin.py:150} INFO - [2025-08-14T10:29:56.233+0000] {dag.py:3504} INFO - Setting next_dagrun for example_subdag_operator to 2022-01-01T00:00:00+00:00, run_after=2022-01-01T00:00:00+00:00
[2025-08-14T10:29:56.235+0000] {logging_mixin.py:150} INFO - [2025-08-14T10:29:56.235+0000] {dag.py:3504} INFO - Setting next_dagrun for example_subdag_operator.section-1 to None, run_after=None
[2025-08-14T10:29:56.236+0000] {logging_mixin.py:150} INFO - [2025-08-14T10:29:56.235+0000] {dag.py:3504} INFO - Setting next_dagrun for example_subdag_operator.section-2 to None, run_after=None
[2025-08-14T10:29:56.240+0000] {logging_mixin.py:150} INFO - [2025-08-14T10:29:56.240+0000] {dag.py:2742} INFO - Sync 2 DAGs
[2025-08-14T10:29:56.242+0000] {logging_mixin.py:150} INFO - [2025-08-14T10:29:56.242+0000] {dag.py:3504} INFO - Setting next_dagrun for example_subdag_operator.section-1 to None, run_after=None
[2025-08-14T10:29:56.243+0000] {logging_mixin.py:150} INFO - [2025-08-14T10:29:56.243+0000] {dag.py:3504} INFO - Setting next_dagrun for example_subdag_operator.section-2 to None, run_after=None
[2025-08-14T10:29:56.253+0000] {processor.py:179} INFO - Processing /home/vscode/.local/lib/python3.10/site-packages/airflow/example_dags/example_subdag_operator.py took 0.062 seconds
[2025-08-14T10:30:46.351+0000] {processor.py:157} INFO - Started process (PID=25739) to work on /home/vscode/.local/lib/python3.10/site-packages/airflow/example_dags/example_subdag_operator.py
[2025-08-14T10:30:46.351+0000] {processor.py:826} INFO - Processing file /home/vscode/.local/lib/python3.10/site-packages/airflow/example_dags/example_subdag_operator.py for tasks to queue
[2025-08-14T10:30:46.352+0000] {logging_mixin.py:150} INFO - [2025-08-14T10:30:46.352+0000] {dagbag.py:541} INFO - Filling up the DagBag from /home/vscode/.local/lib/python3.10/site-packages/airflow/example_dags/example_subdag_operator.py
[2025-08-14T10:30:46.366+0000] {processor.py:836} INFO - DAG(s) dict_keys(['example_subdag_operator.section-1', 'example_subdag_operator.section-2', 'example_subdag_operator']) retrieved from /home/vscode/.local/lib/python3.10/site-packages/airflow/example_dags/example_subdag_operator.py
[2025-08-14T10:30:46.376+0000] {logging_mixin.py:150} INFO - [2025-08-14T10:30:46.376+0000] {dag.py:2742} INFO - Sync 3 DAGs
[2025-08-14T10:30:46.391+0000] {logging_mixin.py:150} INFO - [2025-08-14T10:30:46.391+0000] {dag.py:3504} INFO - Setting next_dagrun for example_subdag_operator to 2022-01-01T00:00:00+00:00, run_after=2022-01-01T00:00:00+00:00
[2025-08-14T10:30:46.393+0000] {logging_mixin.py:150} INFO - [2025-08-14T10:30:46.393+0000] {dag.py:3504} INFO - Setting next_dagrun for example_subdag_operator.section-1 to None, run_after=None
[2025-08-14T10:30:46.393+0000] {logging_mixin.py:150} INFO - [2025-08-14T10:30:46.393+0000] {dag.py:3504} INFO - Setting next_dagrun for example_subdag_operator.section-2 to None, run_after=None
[2025-08-14T10:30:46.398+0000] {logging_mixin.py:150} INFO - [2025-08-14T10:30:46.397+0000] {dag.py:2742} INFO - Sync 2 DAGs
[2025-08-14T10:30:46.400+0000] {logging_mixin.py:150} INFO - [2025-08-14T10:30:46.400+0000] {dag.py:3504} INFO - Setting next_dagrun for example_subdag_operator.section-1 to None, run_after=None
[2025-08-14T10:30:46.401+0000] {logging_mixin.py:150} INFO - [2025-08-14T10:30:46.401+0000] {dag.py:3504} INFO - Setting next_dagrun for example_subdag_operator.section-2 to None, run_after=None
[2025-08-14T10:30:46.411+0000] {processor.py:179} INFO - Processing /home/vscode/.local/lib/python3.10/site-packages/airflow/example_dags/example_subdag_operator.py took 0.062 seconds
[2025-08-14T10:31:30.735+0000] {processor.py:157} INFO - Started process (PID=26042) to work on /home/vscode/.local/lib/python3.10/site-packages/airflow/example_dags/example_subdag_operator.py
[2025-08-14T10:31:30.736+0000] {processor.py:826} INFO - Processing file /home/vscode/.local/lib/python3.10/site-packages/airflow/example_dags/example_subdag_operator.py for tasks to queue
[2025-08-14T10:31:30.736+0000] {logging_mixin.py:150} INFO - [2025-08-14T10:31:30.736+0000] {dagbag.py:541} INFO - Filling up the DagBag from /home/vscode/.local/lib/python3.10/site-packages/airflow/example_dags/example_subdag_operator.py
[2025-08-14T10:31:30.758+0000] {processor.py:836} INFO - DAG(s) dict_keys(['example_subdag_operator.section-1', 'example_subdag_operator.section-2', 'example_subdag_operator']) retrieved from /home/vscode/.local/lib/python3.10/site-packages/airflow/example_dags/example_subdag_operator.py
[2025-08-14T10:31:30.789+0000] {logging_mixin.py:150} INFO - [2025-08-14T10:31:30.789+0000] {dag.py:2742} INFO - Sync 3 DAGs
[2025-08-14T10:31:30.826+0000] {logging_mixin.py:150} INFO - [2025-08-14T10:31:30.825+0000] {dag.py:3504} INFO - Setting next_dagrun for example_subdag_operator to 2022-01-01T00:00:00+00:00, run_after=2022-01-01T00:00:00+00:00
[2025-08-14T10:31:30.830+0000] {logging_mixin.py:150} INFO - [2025-08-14T10:31:30.829+0000] {dag.py:3504} INFO - Setting next_dagrun for example_subdag_operator.section-1 to None, run_after=None
[2025-08-14T10:31:30.831+0000] {logging_mixin.py:150} INFO - [2025-08-14T10:31:30.830+0000] {dag.py:3504} INFO - Setting next_dagrun for example_subdag_operator.section-2 to None, run_after=None
[2025-08-14T10:31:30.837+0000] {logging_mixin.py:150} INFO - [2025-08-14T10:31:30.837+0000] {dag.py:2742} INFO - Sync 2 DAGs
[2025-08-14T10:31:30.841+0000] {logging_mixin.py:150} INFO - [2025-08-14T10:31:30.841+0000] {dag.py:3504} INFO - Setting next_dagrun for example_subdag_operator.section-1 to None, run_after=None
[2025-08-14T10:31:30.842+0000] {logging_mixin.py:150} INFO - [2025-08-14T10:31:30.841+0000] {dag.py:3504} INFO - Setting next_dagrun for example_subdag_operator.section-2 to None, run_after=None
[2025-08-14T10:31:30.867+0000] {processor.py:179} INFO - Processing /home/vscode/.local/lib/python3.10/site-packages/airflow/example_dags/example_subdag_operator.py took 0.135 seconds
[2025-08-14T10:32:13.790+0000] {processor.py:157} INFO - Started process (PID=26324) to work on /home/vscode/.local/lib/python3.10/site-packages/airflow/example_dags/example_subdag_operator.py
[2025-08-14T10:32:13.791+0000] {processor.py:826} INFO - Processing file /home/vscode/.local/lib/python3.10/site-packages/airflow/example_dags/example_subdag_operator.py for tasks to queue
[2025-08-14T10:32:13.791+0000] {logging_mixin.py:150} INFO - [2025-08-14T10:32:13.791+0000] {dagbag.py:541} INFO - Filling up the DagBag from /home/vscode/.local/lib/python3.10/site-packages/airflow/example_dags/example_subdag_operator.py
[2025-08-14T10:32:13.806+0000] {processor.py:836} INFO - DAG(s) dict_keys(['example_subdag_operator.section-1', 'example_subdag_operator.section-2', 'example_subdag_operator']) retrieved from /home/vscode/.local/lib/python3.10/site-packages/airflow/example_dags/example_subdag_operator.py
[2025-08-14T10:32:13.817+0000] {logging_mixin.py:150} INFO - [2025-08-14T10:32:13.817+0000] {dag.py:2742} INFO - Sync 3 DAGs
[2025-08-14T10:32:13.830+0000] {logging_mixin.py:150} INFO - [2025-08-14T10:32:13.830+0000] {dag.py:3504} INFO - Setting next_dagrun for example_subdag_operator to 2022-01-01T00:00:00+00:00, run_after=2022-01-01T00:00:00+00:00
[2025-08-14T10:32:13.833+0000] {logging_mixin.py:150} INFO - [2025-08-14T10:32:13.833+0000] {dag.py:3504} INFO - Setting next_dagrun for example_subdag_operator.section-1 to None, run_after=None
[2025-08-14T10:32:13.834+0000] {logging_mixin.py:150} INFO - [2025-08-14T10:32:13.833+0000] {dag.py:3504} INFO - Setting next_dagrun for example_subdag_operator.section-2 to None, run_after=None
[2025-08-14T10:32:13.838+0000] {logging_mixin.py:150} INFO - [2025-08-14T10:32:13.837+0000] {dag.py:2742} INFO - Sync 2 DAGs
[2025-08-14T10:32:13.840+0000] {logging_mixin.py:150} INFO - [2025-08-14T10:32:13.840+0000] {dag.py:3504} INFO - Setting next_dagrun for example_subdag_operator.section-1 to None, run_after=None
[2025-08-14T10:32:13.841+0000] {logging_mixin.py:150} INFO - [2025-08-14T10:32:13.840+0000] {dag.py:3504} INFO - Setting next_dagrun for example_subdag_operator.section-2 to None, run_after=None
[2025-08-14T10:32:13.851+0000] {processor.py:179} INFO - Processing /home/vscode/.local/lib/python3.10/site-packages/airflow/example_dags/example_subdag_operator.py took 0.063 seconds
[2025-08-14T10:32:56.326+0000] {processor.py:157} INFO - Started process (PID=26614) to work on /home/vscode/.local/lib/python3.10/site-packages/airflow/example_dags/example_subdag_operator.py
[2025-08-14T10:32:56.327+0000] {processor.py:826} INFO - Processing file /home/vscode/.local/lib/python3.10/site-packages/airflow/example_dags/example_subdag_operator.py for tasks to queue
[2025-08-14T10:32:56.327+0000] {logging_mixin.py:150} INFO - [2025-08-14T10:32:56.327+0000] {dagbag.py:541} INFO - Filling up the DagBag from /home/vscode/.local/lib/python3.10/site-packages/airflow/example_dags/example_subdag_operator.py
[2025-08-14T10:32:56.341+0000] {processor.py:836} INFO - DAG(s) dict_keys(['example_subdag_operator.section-1', 'example_subdag_operator.section-2', 'example_subdag_operator']) retrieved from /home/vscode/.local/lib/python3.10/site-packages/airflow/example_dags/example_subdag_operator.py
[2025-08-14T10:32:56.352+0000] {logging_mixin.py:150} INFO - [2025-08-14T10:32:56.352+0000] {dag.py:2742} INFO - Sync 3 DAGs
[2025-08-14T10:32:56.366+0000] {logging_mixin.py:150} INFO - [2025-08-14T10:32:56.366+0000] {dag.py:3504} INFO - Setting next_dagrun for example_subdag_operator to 2022-01-01T00:00:00+00:00, run_after=2022-01-01T00:00:00+00:00
[2025-08-14T10:32:56.368+0000] {logging_mixin.py:150} INFO - [2025-08-14T10:32:56.368+0000] {dag.py:3504} INFO - Setting next_dagrun for example_subdag_operator.section-1 to None, run_after=None
[2025-08-14T10:32:56.369+0000] {logging_mixin.py:150} INFO - [2025-08-14T10:32:56.369+0000] {dag.py:3504} INFO - Setting next_dagrun for example_subdag_operator.section-2 to None, run_after=None
[2025-08-14T10:32:56.373+0000] {logging_mixin.py:150} INFO - [2025-08-14T10:32:56.373+0000] {dag.py:2742} INFO - Sync 2 DAGs
[2025-08-14T10:32:56.376+0000] {logging_mixin.py:150} INFO - [2025-08-14T10:32:56.376+0000] {dag.py:3504} INFO - Setting next_dagrun for example_subdag_operator.section-1 to None, run_after=None
[2025-08-14T10:32:56.377+0000] {logging_mixin.py:150} INFO - [2025-08-14T10:32:56.377+0000] {dag.py:3504} INFO - Setting next_dagrun for example_subdag_operator.section-2 to None, run_after=None
[2025-08-14T10:32:56.388+0000] {processor.py:179} INFO - Processing /home/vscode/.local/lib/python3.10/site-packages/airflow/example_dags/example_subdag_operator.py took 0.064 seconds
[2025-08-14T10:33:42.602+0000] {processor.py:157} INFO - Started process (PID=27049) to work on /home/vscode/.local/lib/python3.10/site-packages/airflow/example_dags/example_subdag_operator.py
[2025-08-14T10:33:42.603+0000] {processor.py:826} INFO - Processing file /home/vscode/.local/lib/python3.10/site-packages/airflow/example_dags/example_subdag_operator.py for tasks to queue
[2025-08-14T10:33:42.604+0000] {logging_mixin.py:150} INFO - [2025-08-14T10:33:42.603+0000] {dagbag.py:541} INFO - Filling up the DagBag from /home/vscode/.local/lib/python3.10/site-packages/airflow/example_dags/example_subdag_operator.py
[2025-08-14T10:33:42.618+0000] {processor.py:836} INFO - DAG(s) dict_keys(['example_subdag_operator.section-1', 'example_subdag_operator.section-2', 'example_subdag_operator']) retrieved from /home/vscode/.local/lib/python3.10/site-packages/airflow/example_dags/example_subdag_operator.py
[2025-08-14T10:33:42.630+0000] {logging_mixin.py:150} INFO - [2025-08-14T10:33:42.630+0000] {dag.py:2742} INFO - Sync 3 DAGs
[2025-08-14T10:33:42.644+0000] {logging_mixin.py:150} INFO - [2025-08-14T10:33:42.644+0000] {dag.py:3504} INFO - Setting next_dagrun for example_subdag_operator to 2022-01-01T00:00:00+00:00, run_after=2022-01-01T00:00:00+00:00
[2025-08-14T10:33:42.646+0000] {logging_mixin.py:150} INFO - [2025-08-14T10:33:42.646+0000] {dag.py:3504} INFO - Setting next_dagrun for example_subdag_operator.section-1 to None, run_after=None
[2025-08-14T10:33:42.646+0000] {logging_mixin.py:150} INFO - [2025-08-14T10:33:42.646+0000] {dag.py:3504} INFO - Setting next_dagrun for example_subdag_operator.section-2 to None, run_after=None
[2025-08-14T10:33:42.651+0000] {logging_mixin.py:150} INFO - [2025-08-14T10:33:42.650+0000] {dag.py:2742} INFO - Sync 2 DAGs
[2025-08-14T10:33:42.654+0000] {logging_mixin.py:150} INFO - [2025-08-14T10:33:42.654+0000] {dag.py:3504} INFO - Setting next_dagrun for example_subdag_operator.section-1 to None, run_after=None
[2025-08-14T10:33:42.654+0000] {logging_mixin.py:150} INFO - [2025-08-14T10:33:42.654+0000] {dag.py:3504} INFO - Setting next_dagrun for example_subdag_operator.section-2 to None, run_after=None
[2025-08-14T10:33:42.665+0000] {processor.py:179} INFO - Processing /home/vscode/.local/lib/python3.10/site-packages/airflow/example_dags/example_subdag_operator.py took 0.065 seconds
[2025-08-14T10:34:27.144+0000] {processor.py:157} INFO - Started process (PID=27337) to work on /home/vscode/.local/lib/python3.10/site-packages/airflow/example_dags/example_subdag_operator.py
[2025-08-14T10:34:27.144+0000] {processor.py:826} INFO - Processing file /home/vscode/.local/lib/python3.10/site-packages/airflow/example_dags/example_subdag_operator.py for tasks to queue
[2025-08-14T10:34:27.145+0000] {logging_mixin.py:150} INFO - [2025-08-14T10:34:27.145+0000] {dagbag.py:541} INFO - Filling up the DagBag from /home/vscode/.local/lib/python3.10/site-packages/airflow/example_dags/example_subdag_operator.py
[2025-08-14T10:34:27.159+0000] {processor.py:836} INFO - DAG(s) dict_keys(['example_subdag_operator.section-1', 'example_subdag_operator.section-2', 'example_subdag_operator']) retrieved from /home/vscode/.local/lib/python3.10/site-packages/airflow/example_dags/example_subdag_operator.py
[2025-08-14T10:34:27.171+0000] {logging_mixin.py:150} INFO - [2025-08-14T10:34:27.171+0000] {dag.py:2742} INFO - Sync 3 DAGs
[2025-08-14T10:34:27.185+0000] {logging_mixin.py:150} INFO - [2025-08-14T10:34:27.184+0000] {dag.py:3504} INFO - Setting next_dagrun for example_subdag_operator to 2022-01-01T00:00:00+00:00, run_after=2022-01-01T00:00:00+00:00
[2025-08-14T10:34:27.187+0000] {logging_mixin.py:150} INFO - [2025-08-14T10:34:27.186+0000] {dag.py:3504} INFO - Setting next_dagrun for example_subdag_operator.section-1 to None, run_after=None
[2025-08-14T10:34:27.187+0000] {logging_mixin.py:150} INFO - [2025-08-14T10:34:27.187+0000] {dag.py:3504} INFO - Setting next_dagrun for example_subdag_operator.section-2 to None, run_after=None
[2025-08-14T10:34:27.191+0000] {logging_mixin.py:150} INFO - [2025-08-14T10:34:27.191+0000] {dag.py:2742} INFO - Sync 2 DAGs
[2025-08-14T10:34:27.194+0000] {logging_mixin.py:150} INFO - [2025-08-14T10:34:27.194+0000] {dag.py:3504} INFO - Setting next_dagrun for example_subdag_operator.section-1 to None, run_after=None
[2025-08-14T10:34:27.194+0000] {logging_mixin.py:150} INFO - [2025-08-14T10:34:27.194+0000] {dag.py:3504} INFO - Setting next_dagrun for example_subdag_operator.section-2 to None, run_after=None
[2025-08-14T10:34:27.205+0000] {processor.py:179} INFO - Processing /home/vscode/.local/lib/python3.10/site-packages/airflow/example_dags/example_subdag_operator.py took 0.063 seconds
[2025-08-14T10:35:13.682+0000] {processor.py:157} INFO - Started process (PID=27653) to work on /home/vscode/.local/lib/python3.10/site-packages/airflow/example_dags/example_subdag_operator.py
[2025-08-14T10:35:13.683+0000] {processor.py:826} INFO - Processing file /home/vscode/.local/lib/python3.10/site-packages/airflow/example_dags/example_subdag_operator.py for tasks to queue
[2025-08-14T10:35:13.683+0000] {logging_mixin.py:150} INFO - [2025-08-14T10:35:13.683+0000] {dagbag.py:541} INFO - Filling up the DagBag from /home/vscode/.local/lib/python3.10/site-packages/airflow/example_dags/example_subdag_operator.py
[2025-08-14T10:35:13.697+0000] {processor.py:836} INFO - DAG(s) dict_keys(['example_subdag_operator.section-1', 'example_subdag_operator.section-2', 'example_subdag_operator']) retrieved from /home/vscode/.local/lib/python3.10/site-packages/airflow/example_dags/example_subdag_operator.py
[2025-08-14T10:35:13.708+0000] {logging_mixin.py:150} INFO - [2025-08-14T10:35:13.708+0000] {dag.py:2742} INFO - Sync 3 DAGs
[2025-08-14T10:35:13.722+0000] {logging_mixin.py:150} INFO - [2025-08-14T10:35:13.722+0000] {dag.py:3504} INFO - Setting next_dagrun for example_subdag_operator to 2022-01-01T00:00:00+00:00, run_after=2022-01-01T00:00:00+00:00
[2025-08-14T10:35:13.724+0000] {logging_mixin.py:150} INFO - [2025-08-14T10:35:13.724+0000] {dag.py:3504} INFO - Setting next_dagrun for example_subdag_operator.section-1 to None, run_after=None
[2025-08-14T10:35:13.724+0000] {logging_mixin.py:150} INFO - [2025-08-14T10:35:13.724+0000] {dag.py:3504} INFO - Setting next_dagrun for example_subdag_operator.section-2 to None, run_after=None
[2025-08-14T10:35:13.729+0000] {logging_mixin.py:150} INFO - [2025-08-14T10:35:13.729+0000] {dag.py:2742} INFO - Sync 2 DAGs
[2025-08-14T10:35:13.732+0000] {logging_mixin.py:150} INFO - [2025-08-14T10:35:13.732+0000] {dag.py:3504} INFO - Setting next_dagrun for example_subdag_operator.section-1 to None, run_after=None
[2025-08-14T10:35:13.733+0000] {logging_mixin.py:150} INFO - [2025-08-14T10:35:13.732+0000] {dag.py:3504} INFO - Setting next_dagrun for example_subdag_operator.section-2 to None, run_after=None
[2025-08-14T10:35:13.745+0000] {processor.py:179} INFO - Processing /home/vscode/.local/lib/python3.10/site-packages/airflow/example_dags/example_subdag_operator.py took 0.065 seconds
[2025-08-14T10:35:57.987+0000] {processor.py:157} INFO - Started process (PID=27948) to work on /home/vscode/.local/lib/python3.10/site-packages/airflow/example_dags/example_subdag_operator.py
[2025-08-14T10:35:57.987+0000] {processor.py:826} INFO - Processing file /home/vscode/.local/lib/python3.10/site-packages/airflow/example_dags/example_subdag_operator.py for tasks to queue
[2025-08-14T10:35:57.988+0000] {logging_mixin.py:150} INFO - [2025-08-14T10:35:57.988+0000] {dagbag.py:541} INFO - Filling up the DagBag from /home/vscode/.local/lib/python3.10/site-packages/airflow/example_dags/example_subdag_operator.py
[2025-08-14T10:35:58.001+0000] {processor.py:836} INFO - DAG(s) dict_keys(['example_subdag_operator.section-1', 'example_subdag_operator.section-2', 'example_subdag_operator']) retrieved from /home/vscode/.local/lib/python3.10/site-packages/airflow/example_dags/example_subdag_operator.py
[2025-08-14T10:35:58.012+0000] {logging_mixin.py:150} INFO - [2025-08-14T10:35:58.012+0000] {dag.py:2742} INFO - Sync 3 DAGs
[2025-08-14T10:35:58.026+0000] {logging_mixin.py:150} INFO - [2025-08-14T10:35:58.025+0000] {dag.py:3504} INFO - Setting next_dagrun for example_subdag_operator to 2022-01-01T00:00:00+00:00, run_after=2022-01-01T00:00:00+00:00
[2025-08-14T10:35:58.028+0000] {logging_mixin.py:150} INFO - [2025-08-14T10:35:58.028+0000] {dag.py:3504} INFO - Setting next_dagrun for example_subdag_operator.section-1 to None, run_after=None
[2025-08-14T10:35:58.028+0000] {logging_mixin.py:150} INFO - [2025-08-14T10:35:58.028+0000] {dag.py:3504} INFO - Setting next_dagrun for example_subdag_operator.section-2 to None, run_after=None
[2025-08-14T10:35:58.032+0000] {logging_mixin.py:150} INFO - [2025-08-14T10:35:58.032+0000] {dag.py:2742} INFO - Sync 2 DAGs
[2025-08-14T10:35:58.035+0000] {logging_mixin.py:150} INFO - [2025-08-14T10:35:58.035+0000] {dag.py:3504} INFO - Setting next_dagrun for example_subdag_operator.section-1 to None, run_after=None
[2025-08-14T10:35:58.035+0000] {logging_mixin.py:150} INFO - [2025-08-14T10:35:58.035+0000] {dag.py:3504} INFO - Setting next_dagrun for example_subdag_operator.section-2 to None, run_after=None
[2025-08-14T10:35:58.046+0000] {processor.py:179} INFO - Processing /home/vscode/.local/lib/python3.10/site-packages/airflow/example_dags/example_subdag_operator.py took 0.061 seconds
[2025-08-14T10:36:48.220+0000] {processor.py:157} INFO - Started process (PID=28277) to work on /home/vscode/.local/lib/python3.10/site-packages/airflow/example_dags/example_subdag_operator.py
[2025-08-14T10:36:48.221+0000] {processor.py:826} INFO - Processing file /home/vscode/.local/lib/python3.10/site-packages/airflow/example_dags/example_subdag_operator.py for tasks to queue
[2025-08-14T10:36:48.221+0000] {logging_mixin.py:150} INFO - [2025-08-14T10:36:48.221+0000] {dagbag.py:541} INFO - Filling up the DagBag from /home/vscode/.local/lib/python3.10/site-packages/airflow/example_dags/example_subdag_operator.py
[2025-08-14T10:36:48.235+0000] {processor.py:836} INFO - DAG(s) dict_keys(['example_subdag_operator.section-1', 'example_subdag_operator.section-2', 'example_subdag_operator']) retrieved from /home/vscode/.local/lib/python3.10/site-packages/airflow/example_dags/example_subdag_operator.py
[2025-08-14T10:36:48.247+0000] {logging_mixin.py:150} INFO - [2025-08-14T10:36:48.246+0000] {dag.py:2742} INFO - Sync 3 DAGs
[2025-08-14T10:36:48.261+0000] {logging_mixin.py:150} INFO - [2025-08-14T10:36:48.261+0000] {dag.py:3504} INFO - Setting next_dagrun for example_subdag_operator to 2022-01-01T00:00:00+00:00, run_after=2022-01-01T00:00:00+00:00
[2025-08-14T10:36:48.263+0000] {logging_mixin.py:150} INFO - [2025-08-14T10:36:48.263+0000] {dag.py:3504} INFO - Setting next_dagrun for example_subdag_operator.section-1 to None, run_after=None
[2025-08-14T10:36:48.264+0000] {logging_mixin.py:150} INFO - [2025-08-14T10:36:48.264+0000] {dag.py:3504} INFO - Setting next_dagrun for example_subdag_operator.section-2 to None, run_after=None
[2025-08-14T10:36:48.268+0000] {logging_mixin.py:150} INFO - [2025-08-14T10:36:48.268+0000] {dag.py:2742} INFO - Sync 2 DAGs
[2025-08-14T10:36:48.271+0000] {logging_mixin.py:150} INFO - [2025-08-14T10:36:48.271+0000] {dag.py:3504} INFO - Setting next_dagrun for example_subdag_operator.section-1 to None, run_after=None
[2025-08-14T10:36:48.271+0000] {logging_mixin.py:150} INFO - [2025-08-14T10:36:48.271+0000] {dag.py:3504} INFO - Setting next_dagrun for example_subdag_operator.section-2 to None, run_after=None
[2025-08-14T10:36:48.281+0000] {processor.py:179} INFO - Processing /home/vscode/.local/lib/python3.10/site-packages/airflow/example_dags/example_subdag_operator.py took 0.063 seconds
[2025-08-14T10:37:33.325+0000] {processor.py:157} INFO - Started process (PID=28579) to work on /home/vscode/.local/lib/python3.10/site-packages/airflow/example_dags/example_subdag_operator.py
[2025-08-14T10:37:33.325+0000] {processor.py:826} INFO - Processing file /home/vscode/.local/lib/python3.10/site-packages/airflow/example_dags/example_subdag_operator.py for tasks to queue
[2025-08-14T10:37:33.326+0000] {logging_mixin.py:150} INFO - [2025-08-14T10:37:33.326+0000] {dagbag.py:541} INFO - Filling up the DagBag from /home/vscode/.local/lib/python3.10/site-packages/airflow/example_dags/example_subdag_operator.py
[2025-08-14T10:37:33.340+0000] {processor.py:836} INFO - DAG(s) dict_keys(['example_subdag_operator.section-1', 'example_subdag_operator.section-2', 'example_subdag_operator']) retrieved from /home/vscode/.local/lib/python3.10/site-packages/airflow/example_dags/example_subdag_operator.py
[2025-08-14T10:37:33.351+0000] {logging_mixin.py:150} INFO - [2025-08-14T10:37:33.351+0000] {dag.py:2742} INFO - Sync 3 DAGs
[2025-08-14T10:37:33.365+0000] {logging_mixin.py:150} INFO - [2025-08-14T10:37:33.365+0000] {dag.py:3504} INFO - Setting next_dagrun for example_subdag_operator to 2022-01-01T00:00:00+00:00, run_after=2022-01-01T00:00:00+00:00
[2025-08-14T10:37:33.368+0000] {logging_mixin.py:150} INFO - [2025-08-14T10:37:33.367+0000] {dag.py:3504} INFO - Setting next_dagrun for example_subdag_operator.section-1 to None, run_after=None
[2025-08-14T10:37:33.368+0000] {logging_mixin.py:150} INFO - [2025-08-14T10:37:33.368+0000] {dag.py:3504} INFO - Setting next_dagrun for example_subdag_operator.section-2 to None, run_after=None
[2025-08-14T10:37:33.373+0000] {logging_mixin.py:150} INFO - [2025-08-14T10:37:33.373+0000] {dag.py:2742} INFO - Sync 2 DAGs
[2025-08-14T10:37:33.376+0000] {logging_mixin.py:150} INFO - [2025-08-14T10:37:33.376+0000] {dag.py:3504} INFO - Setting next_dagrun for example_subdag_operator.section-1 to None, run_after=None
[2025-08-14T10:37:33.376+0000] {logging_mixin.py:150} INFO - [2025-08-14T10:37:33.376+0000] {dag.py:3504} INFO - Setting next_dagrun for example_subdag_operator.section-2 to None, run_after=None
[2025-08-14T10:37:33.388+0000] {processor.py:179} INFO - Processing /home/vscode/.local/lib/python3.10/site-packages/airflow/example_dags/example_subdag_operator.py took 0.066 seconds
[2025-08-14T10:38:20.700+0000] {processor.py:157} INFO - Started process (PID=28893) to work on /home/vscode/.local/lib/python3.10/site-packages/airflow/example_dags/example_subdag_operator.py
[2025-08-14T10:38:20.701+0000] {processor.py:826} INFO - Processing file /home/vscode/.local/lib/python3.10/site-packages/airflow/example_dags/example_subdag_operator.py for tasks to queue
[2025-08-14T10:38:20.702+0000] {logging_mixin.py:150} INFO - [2025-08-14T10:38:20.701+0000] {dagbag.py:541} INFO - Filling up the DagBag from /home/vscode/.local/lib/python3.10/site-packages/airflow/example_dags/example_subdag_operator.py
[2025-08-14T10:38:20.716+0000] {processor.py:836} INFO - DAG(s) dict_keys(['example_subdag_operator.section-1', 'example_subdag_operator.section-2', 'example_subdag_operator']) retrieved from /home/vscode/.local/lib/python3.10/site-packages/airflow/example_dags/example_subdag_operator.py
[2025-08-14T10:38:20.727+0000] {logging_mixin.py:150} INFO - [2025-08-14T10:38:20.727+0000] {dag.py:2742} INFO - Sync 3 DAGs
[2025-08-14T10:38:20.740+0000] {logging_mixin.py:150} INFO - [2025-08-14T10:38:20.740+0000] {dag.py:3504} INFO - Setting next_dagrun for example_subdag_operator to 2022-01-01T00:00:00+00:00, run_after=2022-01-01T00:00:00+00:00
[2025-08-14T10:38:20.742+0000] {logging_mixin.py:150} INFO - [2025-08-14T10:38:20.742+0000] {dag.py:3504} INFO - Setting next_dagrun for example_subdag_operator.section-1 to None, run_after=None
[2025-08-14T10:38:20.743+0000] {logging_mixin.py:150} INFO - [2025-08-14T10:38:20.743+0000] {dag.py:3504} INFO - Setting next_dagrun for example_subdag_operator.section-2 to None, run_after=None
[2025-08-14T10:38:20.747+0000] {logging_mixin.py:150} INFO - [2025-08-14T10:38:20.747+0000] {dag.py:2742} INFO - Sync 2 DAGs
[2025-08-14T10:38:20.750+0000] {logging_mixin.py:150} INFO - [2025-08-14T10:38:20.750+0000] {dag.py:3504} INFO - Setting next_dagrun for example_subdag_operator.section-1 to None, run_after=None
[2025-08-14T10:38:20.750+0000] {logging_mixin.py:150} INFO - [2025-08-14T10:38:20.750+0000] {dag.py:3504} INFO - Setting next_dagrun for example_subdag_operator.section-2 to None, run_after=None
[2025-08-14T10:38:20.761+0000] {processor.py:179} INFO - Processing /home/vscode/.local/lib/python3.10/site-packages/airflow/example_dags/example_subdag_operator.py took 0.062 seconds
[2025-08-14T10:39:09.827+0000] {processor.py:157} INFO - Started process (PID=29218) to work on /home/vscode/.local/lib/python3.10/site-packages/airflow/example_dags/example_subdag_operator.py
[2025-08-14T10:39:09.828+0000] {processor.py:826} INFO - Processing file /home/vscode/.local/lib/python3.10/site-packages/airflow/example_dags/example_subdag_operator.py for tasks to queue
[2025-08-14T10:39:09.828+0000] {logging_mixin.py:150} INFO - [2025-08-14T10:39:09.828+0000] {dagbag.py:541} INFO - Filling up the DagBag from /home/vscode/.local/lib/python3.10/site-packages/airflow/example_dags/example_subdag_operator.py
[2025-08-14T10:39:09.842+0000] {processor.py:836} INFO - DAG(s) dict_keys(['example_subdag_operator.section-1', 'example_subdag_operator.section-2', 'example_subdag_operator']) retrieved from /home/vscode/.local/lib/python3.10/site-packages/airflow/example_dags/example_subdag_operator.py
[2025-08-14T10:39:09.853+0000] {logging_mixin.py:150} INFO - [2025-08-14T10:39:09.853+0000] {dag.py:2742} INFO - Sync 3 DAGs
[2025-08-14T10:39:09.867+0000] {logging_mixin.py:150} INFO - [2025-08-14T10:39:09.867+0000] {dag.py:3504} INFO - Setting next_dagrun for example_subdag_operator to 2022-01-01T00:00:00+00:00, run_after=2022-01-01T00:00:00+00:00
[2025-08-14T10:39:09.869+0000] {logging_mixin.py:150} INFO - [2025-08-14T10:39:09.869+0000] {dag.py:3504} INFO - Setting next_dagrun for example_subdag_operator.section-1 to None, run_after=None
[2025-08-14T10:39:09.869+0000] {logging_mixin.py:150} INFO - [2025-08-14T10:39:09.869+0000] {dag.py:3504} INFO - Setting next_dagrun for example_subdag_operator.section-2 to None, run_after=None
[2025-08-14T10:39:09.874+0000] {logging_mixin.py:150} INFO - [2025-08-14T10:39:09.874+0000] {dag.py:2742} INFO - Sync 2 DAGs
[2025-08-14T10:39:09.877+0000] {logging_mixin.py:150} INFO - [2025-08-14T10:39:09.876+0000] {dag.py:3504} INFO - Setting next_dagrun for example_subdag_operator.section-1 to None, run_after=None
[2025-08-14T10:39:09.877+0000] {logging_mixin.py:150} INFO - [2025-08-14T10:39:09.877+0000] {dag.py:3504} INFO - Setting next_dagrun for example_subdag_operator.section-2 to None, run_after=None
[2025-08-14T10:39:09.887+0000] {processor.py:179} INFO - Processing /home/vscode/.local/lib/python3.10/site-packages/airflow/example_dags/example_subdag_operator.py took 0.062 seconds
[2025-08-14T10:39:55.600+0000] {processor.py:157} INFO - Started process (PID=29534) to work on /home/vscode/.local/lib/python3.10/site-packages/airflow/example_dags/example_subdag_operator.py
[2025-08-14T10:39:55.601+0000] {processor.py:826} INFO - Processing file /home/vscode/.local/lib/python3.10/site-packages/airflow/example_dags/example_subdag_operator.py for tasks to queue
[2025-08-14T10:39:55.601+0000] {logging_mixin.py:150} INFO - [2025-08-14T10:39:55.601+0000] {dagbag.py:541} INFO - Filling up the DagBag from /home/vscode/.local/lib/python3.10/site-packages/airflow/example_dags/example_subdag_operator.py
[2025-08-14T10:39:55.616+0000] {processor.py:836} INFO - DAG(s) dict_keys(['example_subdag_operator.section-1', 'example_subdag_operator.section-2', 'example_subdag_operator']) retrieved from /home/vscode/.local/lib/python3.10/site-packages/airflow/example_dags/example_subdag_operator.py
[2025-08-14T10:39:55.627+0000] {logging_mixin.py:150} INFO - [2025-08-14T10:39:55.627+0000] {dag.py:2742} INFO - Sync 3 DAGs
[2025-08-14T10:39:55.641+0000] {logging_mixin.py:150} INFO - [2025-08-14T10:39:55.641+0000] {dag.py:3504} INFO - Setting next_dagrun for example_subdag_operator to 2022-01-01T00:00:00+00:00, run_after=2022-01-01T00:00:00+00:00
[2025-08-14T10:39:55.643+0000] {logging_mixin.py:150} INFO - [2025-08-14T10:39:55.643+0000] {dag.py:3504} INFO - Setting next_dagrun for example_subdag_operator.section-1 to None, run_after=None
[2025-08-14T10:39:55.644+0000] {logging_mixin.py:150} INFO - [2025-08-14T10:39:55.644+0000] {dag.py:3504} INFO - Setting next_dagrun for example_subdag_operator.section-2 to None, run_after=None
[2025-08-14T10:39:55.648+0000] {logging_mixin.py:150} INFO - [2025-08-14T10:39:55.648+0000] {dag.py:2742} INFO - Sync 2 DAGs
[2025-08-14T10:39:55.651+0000] {logging_mixin.py:150} INFO - [2025-08-14T10:39:55.651+0000] {dag.py:3504} INFO - Setting next_dagrun for example_subdag_operator.section-1 to None, run_after=None
[2025-08-14T10:39:55.651+0000] {logging_mixin.py:150} INFO - [2025-08-14T10:39:55.651+0000] {dag.py:3504} INFO - Setting next_dagrun for example_subdag_operator.section-2 to None, run_after=None
[2025-08-14T10:39:55.662+0000] {processor.py:179} INFO - Processing /home/vscode/.local/lib/python3.10/site-packages/airflow/example_dags/example_subdag_operator.py took 0.064 seconds
[2025-08-14T10:40:44.378+0000] {processor.py:157} INFO - Started process (PID=29862) to work on /home/vscode/.local/lib/python3.10/site-packages/airflow/example_dags/example_subdag_operator.py
[2025-08-14T10:40:44.379+0000] {processor.py:826} INFO - Processing file /home/vscode/.local/lib/python3.10/site-packages/airflow/example_dags/example_subdag_operator.py for tasks to queue
[2025-08-14T10:40:44.380+0000] {logging_mixin.py:150} INFO - [2025-08-14T10:40:44.379+0000] {dagbag.py:541} INFO - Filling up the DagBag from /home/vscode/.local/lib/python3.10/site-packages/airflow/example_dags/example_subdag_operator.py
[2025-08-14T10:40:44.395+0000] {processor.py:836} INFO - DAG(s) dict_keys(['example_subdag_operator.section-1', 'example_subdag_operator.section-2', 'example_subdag_operator']) retrieved from /home/vscode/.local/lib/python3.10/site-packages/airflow/example_dags/example_subdag_operator.py
[2025-08-14T10:40:44.406+0000] {logging_mixin.py:150} INFO - [2025-08-14T10:40:44.406+0000] {dag.py:2742} INFO - Sync 3 DAGs
[2025-08-14T10:40:44.421+0000] {logging_mixin.py:150} INFO - [2025-08-14T10:40:44.421+0000] {dag.py:3504} INFO - Setting next_dagrun for example_subdag_operator to 2022-01-01T00:00:00+00:00, run_after=2022-01-01T00:00:00+00:00
[2025-08-14T10:40:44.424+0000] {logging_mixin.py:150} INFO - [2025-08-14T10:40:44.423+0000] {dag.py:3504} INFO - Setting next_dagrun for example_subdag_operator.section-1 to None, run_after=None
[2025-08-14T10:40:44.424+0000] {logging_mixin.py:150} INFO - [2025-08-14T10:40:44.424+0000] {dag.py:3504} INFO - Setting next_dagrun for example_subdag_operator.section-2 to None, run_after=None
[2025-08-14T10:40:44.430+0000] {logging_mixin.py:150} INFO - [2025-08-14T10:40:44.430+0000] {dag.py:2742} INFO - Sync 2 DAGs
[2025-08-14T10:40:44.434+0000] {logging_mixin.py:150} INFO - [2025-08-14T10:40:44.434+0000] {dag.py:3504} INFO - Setting next_dagrun for example_subdag_operator.section-1 to None, run_after=None
[2025-08-14T10:40:44.435+0000] {logging_mixin.py:150} INFO - [2025-08-14T10:40:44.435+0000] {dag.py:3504} INFO - Setting next_dagrun for example_subdag_operator.section-2 to None, run_after=None
[2025-08-14T10:40:44.447+0000] {processor.py:179} INFO - Processing /home/vscode/.local/lib/python3.10/site-packages/airflow/example_dags/example_subdag_operator.py took 0.071 seconds
[2025-08-14T10:41:33.085+0000] {processor.py:157} INFO - Started process (PID=30181) to work on /home/vscode/.local/lib/python3.10/site-packages/airflow/example_dags/example_subdag_operator.py
[2025-08-14T10:41:33.086+0000] {processor.py:826} INFO - Processing file /home/vscode/.local/lib/python3.10/site-packages/airflow/example_dags/example_subdag_operator.py for tasks to queue
[2025-08-14T10:41:33.086+0000] {logging_mixin.py:150} INFO - [2025-08-14T10:41:33.086+0000] {dagbag.py:541} INFO - Filling up the DagBag from /home/vscode/.local/lib/python3.10/site-packages/airflow/example_dags/example_subdag_operator.py
[2025-08-14T10:41:33.101+0000] {processor.py:836} INFO - DAG(s) dict_keys(['example_subdag_operator.section-1', 'example_subdag_operator.section-2', 'example_subdag_operator']) retrieved from /home/vscode/.local/lib/python3.10/site-packages/airflow/example_dags/example_subdag_operator.py
[2025-08-14T10:41:33.112+0000] {logging_mixin.py:150} INFO - [2025-08-14T10:41:33.112+0000] {dag.py:2742} INFO - Sync 3 DAGs
[2025-08-14T10:41:33.125+0000] {logging_mixin.py:150} INFO - [2025-08-14T10:41:33.125+0000] {dag.py:3504} INFO - Setting next_dagrun for example_subdag_operator to 2022-01-01T00:00:00+00:00, run_after=2022-01-01T00:00:00+00:00
[2025-08-14T10:41:33.127+0000] {logging_mixin.py:150} INFO - [2025-08-14T10:41:33.127+0000] {dag.py:3504} INFO - Setting next_dagrun for example_subdag_operator.section-1 to None, run_after=None
[2025-08-14T10:41:33.128+0000] {logging_mixin.py:150} INFO - [2025-08-14T10:41:33.128+0000] {dag.py:3504} INFO - Setting next_dagrun for example_subdag_operator.section-2 to None, run_after=None
[2025-08-14T10:41:33.132+0000] {logging_mixin.py:150} INFO - [2025-08-14T10:41:33.132+0000] {dag.py:2742} INFO - Sync 2 DAGs
[2025-08-14T10:41:33.135+0000] {logging_mixin.py:150} INFO - [2025-08-14T10:41:33.135+0000] {dag.py:3504} INFO - Setting next_dagrun for example_subdag_operator.section-1 to None, run_after=None
[2025-08-14T10:41:33.135+0000] {logging_mixin.py:150} INFO - [2025-08-14T10:41:33.135+0000] {dag.py:3504} INFO - Setting next_dagrun for example_subdag_operator.section-2 to None, run_after=None
[2025-08-14T10:41:33.145+0000] {processor.py:179} INFO - Processing /home/vscode/.local/lib/python3.10/site-packages/airflow/example_dags/example_subdag_operator.py took 0.063 seconds
[2025-08-14T10:42:21.031+0000] {processor.py:157} INFO - Started process (PID=30492) to work on /home/vscode/.local/lib/python3.10/site-packages/airflow/example_dags/example_subdag_operator.py
[2025-08-14T10:42:21.031+0000] {processor.py:826} INFO - Processing file /home/vscode/.local/lib/python3.10/site-packages/airflow/example_dags/example_subdag_operator.py for tasks to queue
[2025-08-14T10:42:21.032+0000] {logging_mixin.py:150} INFO - [2025-08-14T10:42:21.032+0000] {dagbag.py:541} INFO - Filling up the DagBag from /home/vscode/.local/lib/python3.10/site-packages/airflow/example_dags/example_subdag_operator.py
[2025-08-14T10:42:21.046+0000] {processor.py:836} INFO - DAG(s) dict_keys(['example_subdag_operator.section-1', 'example_subdag_operator.section-2', 'example_subdag_operator']) retrieved from /home/vscode/.local/lib/python3.10/site-packages/airflow/example_dags/example_subdag_operator.py
[2025-08-14T10:42:21.057+0000] {logging_mixin.py:150} INFO - [2025-08-14T10:42:21.056+0000] {dag.py:2742} INFO - Sync 3 DAGs
[2025-08-14T10:42:21.070+0000] {logging_mixin.py:150} INFO - [2025-08-14T10:42:21.070+0000] {dag.py:3504} INFO - Setting next_dagrun for example_subdag_operator to 2022-01-01T00:00:00+00:00, run_after=2022-01-01T00:00:00+00:00
[2025-08-14T10:42:21.072+0000] {logging_mixin.py:150} INFO - [2025-08-14T10:42:21.072+0000] {dag.py:3504} INFO - Setting next_dagrun for example_subdag_operator.section-1 to None, run_after=None
[2025-08-14T10:42:21.073+0000] {logging_mixin.py:150} INFO - [2025-08-14T10:42:21.073+0000] {dag.py:3504} INFO - Setting next_dagrun for example_subdag_operator.section-2 to None, run_after=None
[2025-08-14T10:42:21.078+0000] {logging_mixin.py:150} INFO - [2025-08-14T10:42:21.078+0000] {dag.py:2742} INFO - Sync 2 DAGs
[2025-08-14T10:42:21.081+0000] {logging_mixin.py:150} INFO - [2025-08-14T10:42:21.081+0000] {dag.py:3504} INFO - Setting next_dagrun for example_subdag_operator.section-1 to None, run_after=None
[2025-08-14T10:42:21.081+0000] {logging_mixin.py:150} INFO - [2025-08-14T10:42:21.081+0000] {dag.py:3504} INFO - Setting next_dagrun for example_subdag_operator.section-2 to None, run_after=None
[2025-08-14T10:42:21.091+0000] {processor.py:179} INFO - Processing /home/vscode/.local/lib/python3.10/site-packages/airflow/example_dags/example_subdag_operator.py took 0.063 seconds
[2025-08-14T10:43:06.149+0000] {processor.py:157} INFO - Started process (PID=30801) to work on /home/vscode/.local/lib/python3.10/site-packages/airflow/example_dags/example_subdag_operator.py
[2025-08-14T10:43:06.150+0000] {processor.py:826} INFO - Processing file /home/vscode/.local/lib/python3.10/site-packages/airflow/example_dags/example_subdag_operator.py for tasks to queue
[2025-08-14T10:43:06.150+0000] {logging_mixin.py:150} INFO - [2025-08-14T10:43:06.150+0000] {dagbag.py:541} INFO - Filling up the DagBag from /home/vscode/.local/lib/python3.10/site-packages/airflow/example_dags/example_subdag_operator.py
[2025-08-14T10:43:06.164+0000] {processor.py:836} INFO - DAG(s) dict_keys(['example_subdag_operator.section-1', 'example_subdag_operator.section-2', 'example_subdag_operator']) retrieved from /home/vscode/.local/lib/python3.10/site-packages/airflow/example_dags/example_subdag_operator.py
[2025-08-14T10:43:06.175+0000] {logging_mixin.py:150} INFO - [2025-08-14T10:43:06.175+0000] {dag.py:2742} INFO - Sync 3 DAGs
[2025-08-14T10:43:06.188+0000] {logging_mixin.py:150} INFO - [2025-08-14T10:43:06.188+0000] {dag.py:3504} INFO - Setting next_dagrun for example_subdag_operator to 2022-01-01T00:00:00+00:00, run_after=2022-01-01T00:00:00+00:00
[2025-08-14T10:43:06.190+0000] {logging_mixin.py:150} INFO - [2025-08-14T10:43:06.190+0000] {dag.py:3504} INFO - Setting next_dagrun for example_subdag_operator.section-1 to None, run_after=None
[2025-08-14T10:43:06.190+0000] {logging_mixin.py:150} INFO - [2025-08-14T10:43:06.190+0000] {dag.py:3504} INFO - Setting next_dagrun for example_subdag_operator.section-2 to None, run_after=None
[2025-08-14T10:43:06.195+0000] {logging_mixin.py:150} INFO - [2025-08-14T10:43:06.194+0000] {dag.py:2742} INFO - Sync 2 DAGs
[2025-08-14T10:43:06.197+0000] {logging_mixin.py:150} INFO - [2025-08-14T10:43:06.197+0000] {dag.py:3504} INFO - Setting next_dagrun for example_subdag_operator.section-1 to None, run_after=None
[2025-08-14T10:43:06.198+0000] {logging_mixin.py:150} INFO - [2025-08-14T10:43:06.198+0000] {dag.py:3504} INFO - Setting next_dagrun for example_subdag_operator.section-2 to None, run_after=None
[2025-08-14T10:43:06.208+0000] {processor.py:179} INFO - Processing /home/vscode/.local/lib/python3.10/site-packages/airflow/example_dags/example_subdag_operator.py took 0.061 seconds
[2025-08-14T10:43:56.905+0000] {processor.py:157} INFO - Started process (PID=31137) to work on /home/vscode/.local/lib/python3.10/site-packages/airflow/example_dags/example_subdag_operator.py
[2025-08-14T10:43:56.906+0000] {processor.py:826} INFO - Processing file /home/vscode/.local/lib/python3.10/site-packages/airflow/example_dags/example_subdag_operator.py for tasks to queue
[2025-08-14T10:43:56.906+0000] {logging_mixin.py:150} INFO - [2025-08-14T10:43:56.906+0000] {dagbag.py:541} INFO - Filling up the DagBag from /home/vscode/.local/lib/python3.10/site-packages/airflow/example_dags/example_subdag_operator.py
[2025-08-14T10:43:56.921+0000] {processor.py:836} INFO - DAG(s) dict_keys(['example_subdag_operator.section-1', 'example_subdag_operator.section-2', 'example_subdag_operator']) retrieved from /home/vscode/.local/lib/python3.10/site-packages/airflow/example_dags/example_subdag_operator.py
[2025-08-14T10:43:56.933+0000] {logging_mixin.py:150} INFO - [2025-08-14T10:43:56.933+0000] {dag.py:2742} INFO - Sync 3 DAGs
[2025-08-14T10:43:56.947+0000] {logging_mixin.py:150} INFO - [2025-08-14T10:43:56.947+0000] {dag.py:3504} INFO - Setting next_dagrun for example_subdag_operator to 2022-01-01T00:00:00+00:00, run_after=2022-01-01T00:00:00+00:00
[2025-08-14T10:43:56.949+0000] {logging_mixin.py:150} INFO - [2025-08-14T10:43:56.949+0000] {dag.py:3504} INFO - Setting next_dagrun for example_subdag_operator.section-1 to None, run_after=None
[2025-08-14T10:43:56.950+0000] {logging_mixin.py:150} INFO - [2025-08-14T10:43:56.950+0000] {dag.py:3504} INFO - Setting next_dagrun for example_subdag_operator.section-2 to None, run_after=None
[2025-08-14T10:43:56.954+0000] {logging_mixin.py:150} INFO - [2025-08-14T10:43:56.954+0000] {dag.py:2742} INFO - Sync 2 DAGs
[2025-08-14T10:43:56.957+0000] {logging_mixin.py:150} INFO - [2025-08-14T10:43:56.957+0000] {dag.py:3504} INFO - Setting next_dagrun for example_subdag_operator.section-1 to None, run_after=None
[2025-08-14T10:43:56.957+0000] {logging_mixin.py:150} INFO - [2025-08-14T10:43:56.957+0000] {dag.py:3504} INFO - Setting next_dagrun for example_subdag_operator.section-2 to None, run_after=None
[2025-08-14T10:43:56.968+0000] {processor.py:179} INFO - Processing /home/vscode/.local/lib/python3.10/site-packages/airflow/example_dags/example_subdag_operator.py took 0.065 seconds
[2025-08-14T10:44:42.867+0000] {processor.py:157} INFO - Started process (PID=31440) to work on /home/vscode/.local/lib/python3.10/site-packages/airflow/example_dags/example_subdag_operator.py
[2025-08-14T10:44:42.868+0000] {processor.py:826} INFO - Processing file /home/vscode/.local/lib/python3.10/site-packages/airflow/example_dags/example_subdag_operator.py for tasks to queue
[2025-08-14T10:44:42.869+0000] {logging_mixin.py:150} INFO - [2025-08-14T10:44:42.868+0000] {dagbag.py:541} INFO - Filling up the DagBag from /home/vscode/.local/lib/python3.10/site-packages/airflow/example_dags/example_subdag_operator.py
[2025-08-14T10:44:42.884+0000] {processor.py:836} INFO - DAG(s) dict_keys(['example_subdag_operator.section-1', 'example_subdag_operator.section-2', 'example_subdag_operator']) retrieved from /home/vscode/.local/lib/python3.10/site-packages/airflow/example_dags/example_subdag_operator.py
[2025-08-14T10:44:42.895+0000] {logging_mixin.py:150} INFO - [2025-08-14T10:44:42.895+0000] {dag.py:2742} INFO - Sync 3 DAGs
[2025-08-14T10:44:42.909+0000] {logging_mixin.py:150} INFO - [2025-08-14T10:44:42.909+0000] {dag.py:3504} INFO - Setting next_dagrun for example_subdag_operator to 2022-01-01T00:00:00+00:00, run_after=2022-01-01T00:00:00+00:00
[2025-08-14T10:44:42.911+0000] {logging_mixin.py:150} INFO - [2025-08-14T10:44:42.911+0000] {dag.py:3504} INFO - Setting next_dagrun for example_subdag_operator.section-1 to None, run_after=None
[2025-08-14T10:44:42.912+0000] {logging_mixin.py:150} INFO - [2025-08-14T10:44:42.911+0000] {dag.py:3504} INFO - Setting next_dagrun for example_subdag_operator.section-2 to None, run_after=None
[2025-08-14T10:44:42.916+0000] {logging_mixin.py:150} INFO - [2025-08-14T10:44:42.916+0000] {dag.py:2742} INFO - Sync 2 DAGs
[2025-08-14T10:44:42.918+0000] {logging_mixin.py:150} INFO - [2025-08-14T10:44:42.918+0000] {dag.py:3504} INFO - Setting next_dagrun for example_subdag_operator.section-1 to None, run_after=None
[2025-08-14T10:44:42.919+0000] {logging_mixin.py:150} INFO - [2025-08-14T10:44:42.919+0000] {dag.py:3504} INFO - Setting next_dagrun for example_subdag_operator.section-2 to None, run_after=None
[2025-08-14T10:44:42.929+0000] {processor.py:179} INFO - Processing /home/vscode/.local/lib/python3.10/site-packages/airflow/example_dags/example_subdag_operator.py took 0.064 seconds
[2025-08-14T10:45:31.088+0000] {processor.py:157} INFO - Started process (PID=31759) to work on /home/vscode/.local/lib/python3.10/site-packages/airflow/example_dags/example_subdag_operator.py
[2025-08-14T10:45:31.088+0000] {processor.py:826} INFO - Processing file /home/vscode/.local/lib/python3.10/site-packages/airflow/example_dags/example_subdag_operator.py for tasks to queue
[2025-08-14T10:45:31.089+0000] {logging_mixin.py:150} INFO - [2025-08-14T10:45:31.089+0000] {dagbag.py:541} INFO - Filling up the DagBag from /home/vscode/.local/lib/python3.10/site-packages/airflow/example_dags/example_subdag_operator.py
[2025-08-14T10:45:31.104+0000] {processor.py:836} INFO - DAG(s) dict_keys(['example_subdag_operator.section-1', 'example_subdag_operator.section-2', 'example_subdag_operator']) retrieved from /home/vscode/.local/lib/python3.10/site-packages/airflow/example_dags/example_subdag_operator.py
[2025-08-14T10:45:31.114+0000] {logging_mixin.py:150} INFO - [2025-08-14T10:45:31.114+0000] {dag.py:2742} INFO - Sync 3 DAGs
[2025-08-14T10:45:31.129+0000] {logging_mixin.py:150} INFO - [2025-08-14T10:45:31.129+0000] {dag.py:3504} INFO - Setting next_dagrun for example_subdag_operator to 2022-01-01T00:00:00+00:00, run_after=2022-01-01T00:00:00+00:00
[2025-08-14T10:45:31.131+0000] {logging_mixin.py:150} INFO - [2025-08-14T10:45:31.131+0000] {dag.py:3504} INFO - Setting next_dagrun for example_subdag_operator.section-1 to None, run_after=None
[2025-08-14T10:45:31.131+0000] {logging_mixin.py:150} INFO - [2025-08-14T10:45:31.131+0000] {dag.py:3504} INFO - Setting next_dagrun for example_subdag_operator.section-2 to None, run_after=None
[2025-08-14T10:45:31.136+0000] {logging_mixin.py:150} INFO - [2025-08-14T10:45:31.135+0000] {dag.py:2742} INFO - Sync 2 DAGs
[2025-08-14T10:45:31.138+0000] {logging_mixin.py:150} INFO - [2025-08-14T10:45:31.138+0000] {dag.py:3504} INFO - Setting next_dagrun for example_subdag_operator.section-1 to None, run_after=None
[2025-08-14T10:45:31.139+0000] {logging_mixin.py:150} INFO - [2025-08-14T10:45:31.139+0000] {dag.py:3504} INFO - Setting next_dagrun for example_subdag_operator.section-2 to None, run_after=None
[2025-08-14T10:45:31.152+0000] {processor.py:179} INFO - Processing /home/vscode/.local/lib/python3.10/site-packages/airflow/example_dags/example_subdag_operator.py took 0.067 seconds
[2025-08-14T10:46:14.183+0000] {processor.py:157} INFO - Started process (PID=32047) to work on /home/vscode/.local/lib/python3.10/site-packages/airflow/example_dags/example_subdag_operator.py
[2025-08-14T10:46:14.184+0000] {processor.py:826} INFO - Processing file /home/vscode/.local/lib/python3.10/site-packages/airflow/example_dags/example_subdag_operator.py for tasks to queue
[2025-08-14T10:46:14.184+0000] {logging_mixin.py:150} INFO - [2025-08-14T10:46:14.184+0000] {dagbag.py:541} INFO - Filling up the DagBag from /home/vscode/.local/lib/python3.10/site-packages/airflow/example_dags/example_subdag_operator.py
[2025-08-14T10:46:14.199+0000] {processor.py:836} INFO - DAG(s) dict_keys(['example_subdag_operator.section-1', 'example_subdag_operator.section-2', 'example_subdag_operator']) retrieved from /home/vscode/.local/lib/python3.10/site-packages/airflow/example_dags/example_subdag_operator.py
[2025-08-14T10:46:14.210+0000] {logging_mixin.py:150} INFO - [2025-08-14T10:46:14.210+0000] {dag.py:2742} INFO - Sync 3 DAGs
[2025-08-14T10:46:14.223+0000] {logging_mixin.py:150} INFO - [2025-08-14T10:46:14.223+0000] {dag.py:3504} INFO - Setting next_dagrun for example_subdag_operator to 2022-01-01T00:00:00+00:00, run_after=2022-01-01T00:00:00+00:00
[2025-08-14T10:46:14.225+0000] {logging_mixin.py:150} INFO - [2025-08-14T10:46:14.225+0000] {dag.py:3504} INFO - Setting next_dagrun for example_subdag_operator.section-1 to None, run_after=None
[2025-08-14T10:46:14.226+0000] {logging_mixin.py:150} INFO - [2025-08-14T10:46:14.226+0000] {dag.py:3504} INFO - Setting next_dagrun for example_subdag_operator.section-2 to None, run_after=None
[2025-08-14T10:46:14.230+0000] {logging_mixin.py:150} INFO - [2025-08-14T10:46:14.230+0000] {dag.py:2742} INFO - Sync 2 DAGs
[2025-08-14T10:46:14.233+0000] {logging_mixin.py:150} INFO - [2025-08-14T10:46:14.233+0000] {dag.py:3504} INFO - Setting next_dagrun for example_subdag_operator.section-1 to None, run_after=None
[2025-08-14T10:46:14.233+0000] {logging_mixin.py:150} INFO - [2025-08-14T10:46:14.233+0000] {dag.py:3504} INFO - Setting next_dagrun for example_subdag_operator.section-2 to None, run_after=None
[2025-08-14T10:46:14.243+0000] {processor.py:179} INFO - Processing /home/vscode/.local/lib/python3.10/site-packages/airflow/example_dags/example_subdag_operator.py took 0.063 seconds
[2025-08-14T10:47:02.697+0000] {processor.py:157} INFO - Started process (PID=32368) to work on /home/vscode/.local/lib/python3.10/site-packages/airflow/example_dags/example_subdag_operator.py
[2025-08-14T10:47:02.698+0000] {processor.py:826} INFO - Processing file /home/vscode/.local/lib/python3.10/site-packages/airflow/example_dags/example_subdag_operator.py for tasks to queue
[2025-08-14T10:47:02.698+0000] {logging_mixin.py:150} INFO - [2025-08-14T10:47:02.698+0000] {dagbag.py:541} INFO - Filling up the DagBag from /home/vscode/.local/lib/python3.10/site-packages/airflow/example_dags/example_subdag_operator.py
[2025-08-14T10:47:02.714+0000] {processor.py:836} INFO - DAG(s) dict_keys(['example_subdag_operator.section-1', 'example_subdag_operator.section-2', 'example_subdag_operator']) retrieved from /home/vscode/.local/lib/python3.10/site-packages/airflow/example_dags/example_subdag_operator.py
[2025-08-14T10:47:02.726+0000] {logging_mixin.py:150} INFO - [2025-08-14T10:47:02.726+0000] {dag.py:2742} INFO - Sync 3 DAGs
[2025-08-14T10:47:02.740+0000] {logging_mixin.py:150} INFO - [2025-08-14T10:47:02.740+0000] {dag.py:3504} INFO - Setting next_dagrun for example_subdag_operator to 2022-01-01T00:00:00+00:00, run_after=2022-01-01T00:00:00+00:00
[2025-08-14T10:47:02.742+0000] {logging_mixin.py:150} INFO - [2025-08-14T10:47:02.742+0000] {dag.py:3504} INFO - Setting next_dagrun for example_subdag_operator.section-1 to None, run_after=None
[2025-08-14T10:47:02.743+0000] {logging_mixin.py:150} INFO - [2025-08-14T10:47:02.743+0000] {dag.py:3504} INFO - Setting next_dagrun for example_subdag_operator.section-2 to None, run_after=None
[2025-08-14T10:47:02.747+0000] {logging_mixin.py:150} INFO - [2025-08-14T10:47:02.747+0000] {dag.py:2742} INFO - Sync 2 DAGs
[2025-08-14T10:47:02.750+0000] {logging_mixin.py:150} INFO - [2025-08-14T10:47:02.750+0000] {dag.py:3504} INFO - Setting next_dagrun for example_subdag_operator.section-1 to None, run_after=None
[2025-08-14T10:47:02.750+0000] {logging_mixin.py:150} INFO - [2025-08-14T10:47:02.750+0000] {dag.py:3504} INFO - Setting next_dagrun for example_subdag_operator.section-2 to None, run_after=None
[2025-08-14T10:47:02.760+0000] {processor.py:179} INFO - Processing /home/vscode/.local/lib/python3.10/site-packages/airflow/example_dags/example_subdag_operator.py took 0.065 seconds
[2025-08-14T10:47:45.757+0000] {processor.py:157} INFO - Started process (PID=32661) to work on /home/vscode/.local/lib/python3.10/site-packages/airflow/example_dags/example_subdag_operator.py
[2025-08-14T10:47:45.758+0000] {processor.py:826} INFO - Processing file /home/vscode/.local/lib/python3.10/site-packages/airflow/example_dags/example_subdag_operator.py for tasks to queue
[2025-08-14T10:47:45.758+0000] {logging_mixin.py:150} INFO - [2025-08-14T10:47:45.758+0000] {dagbag.py:541} INFO - Filling up the DagBag from /home/vscode/.local/lib/python3.10/site-packages/airflow/example_dags/example_subdag_operator.py
[2025-08-14T10:47:45.772+0000] {processor.py:836} INFO - DAG(s) dict_keys(['example_subdag_operator.section-1', 'example_subdag_operator.section-2', 'example_subdag_operator']) retrieved from /home/vscode/.local/lib/python3.10/site-packages/airflow/example_dags/example_subdag_operator.py
[2025-08-14T10:47:45.783+0000] {logging_mixin.py:150} INFO - [2025-08-14T10:47:45.783+0000] {dag.py:2742} INFO - Sync 3 DAGs
[2025-08-14T10:47:45.797+0000] {logging_mixin.py:150} INFO - [2025-08-14T10:47:45.796+0000] {dag.py:3504} INFO - Setting next_dagrun for example_subdag_operator to 2022-01-01T00:00:00+00:00, run_after=2022-01-01T00:00:00+00:00
[2025-08-14T10:47:45.799+0000] {logging_mixin.py:150} INFO - [2025-08-14T10:47:45.799+0000] {dag.py:3504} INFO - Setting next_dagrun for example_subdag_operator.section-1 to None, run_after=None
[2025-08-14T10:47:45.799+0000] {logging_mixin.py:150} INFO - [2025-08-14T10:47:45.799+0000] {dag.py:3504} INFO - Setting next_dagrun for example_subdag_operator.section-2 to None, run_after=None
[2025-08-14T10:47:45.803+0000] {logging_mixin.py:150} INFO - [2025-08-14T10:47:45.803+0000] {dag.py:2742} INFO - Sync 2 DAGs
[2025-08-14T10:47:45.806+0000] {logging_mixin.py:150} INFO - [2025-08-14T10:47:45.806+0000] {dag.py:3504} INFO - Setting next_dagrun for example_subdag_operator.section-1 to None, run_after=None
[2025-08-14T10:47:45.806+0000] {logging_mixin.py:150} INFO - [2025-08-14T10:47:45.806+0000] {dag.py:3504} INFO - Setting next_dagrun for example_subdag_operator.section-2 to None, run_after=None
[2025-08-14T10:47:45.817+0000] {processor.py:179} INFO - Processing /home/vscode/.local/lib/python3.10/site-packages/airflow/example_dags/example_subdag_operator.py took 0.061 seconds
[2025-08-14T10:48:27.844+0000] {processor.py:157} INFO - Started process (PID=32943) to work on /home/vscode/.local/lib/python3.10/site-packages/airflow/example_dags/example_subdag_operator.py
[2025-08-14T10:48:27.844+0000] {processor.py:826} INFO - Processing file /home/vscode/.local/lib/python3.10/site-packages/airflow/example_dags/example_subdag_operator.py for tasks to queue
[2025-08-14T10:48:27.845+0000] {logging_mixin.py:150} INFO - [2025-08-14T10:48:27.845+0000] {dagbag.py:541} INFO - Filling up the DagBag from /home/vscode/.local/lib/python3.10/site-packages/airflow/example_dags/example_subdag_operator.py
[2025-08-14T10:48:27.859+0000] {processor.py:836} INFO - DAG(s) dict_keys(['example_subdag_operator.section-1', 'example_subdag_operator.section-2', 'example_subdag_operator']) retrieved from /home/vscode/.local/lib/python3.10/site-packages/airflow/example_dags/example_subdag_operator.py
[2025-08-14T10:48:27.872+0000] {logging_mixin.py:150} INFO - [2025-08-14T10:48:27.872+0000] {dag.py:2742} INFO - Sync 3 DAGs
[2025-08-14T10:48:27.888+0000] {logging_mixin.py:150} INFO - [2025-08-14T10:48:27.888+0000] {dag.py:3504} INFO - Setting next_dagrun for example_subdag_operator to 2022-01-01T00:00:00+00:00, run_after=2022-01-01T00:00:00+00:00
[2025-08-14T10:48:27.890+0000] {logging_mixin.py:150} INFO - [2025-08-14T10:48:27.890+0000] {dag.py:3504} INFO - Setting next_dagrun for example_subdag_operator.section-1 to None, run_after=None
[2025-08-14T10:48:27.891+0000] {logging_mixin.py:150} INFO - [2025-08-14T10:48:27.891+0000] {dag.py:3504} INFO - Setting next_dagrun for example_subdag_operator.section-2 to None, run_after=None
[2025-08-14T10:48:27.895+0000] {logging_mixin.py:150} INFO - [2025-08-14T10:48:27.895+0000] {dag.py:2742} INFO - Sync 2 DAGs
[2025-08-14T10:48:27.898+0000] {logging_mixin.py:150} INFO - [2025-08-14T10:48:27.898+0000] {dag.py:3504} INFO - Setting next_dagrun for example_subdag_operator.section-1 to None, run_after=None
[2025-08-14T10:48:27.898+0000] {logging_mixin.py:150} INFO - [2025-08-14T10:48:27.898+0000] {dag.py:3504} INFO - Setting next_dagrun for example_subdag_operator.section-2 to None, run_after=None
[2025-08-14T10:48:27.908+0000] {processor.py:179} INFO - Processing /home/vscode/.local/lib/python3.10/site-packages/airflow/example_dags/example_subdag_operator.py took 0.067 seconds
[2025-08-14T10:49:14.204+0000] {processor.py:157} INFO - Started process (PID=33255) to work on /home/vscode/.local/lib/python3.10/site-packages/airflow/example_dags/example_subdag_operator.py
[2025-08-14T10:49:14.205+0000] {processor.py:826} INFO - Processing file /home/vscode/.local/lib/python3.10/site-packages/airflow/example_dags/example_subdag_operator.py for tasks to queue
[2025-08-14T10:49:14.206+0000] {logging_mixin.py:150} INFO - [2025-08-14T10:49:14.206+0000] {dagbag.py:541} INFO - Filling up the DagBag from /home/vscode/.local/lib/python3.10/site-packages/airflow/example_dags/example_subdag_operator.py
[2025-08-14T10:49:14.222+0000] {processor.py:836} INFO - DAG(s) dict_keys(['example_subdag_operator.section-1', 'example_subdag_operator.section-2', 'example_subdag_operator']) retrieved from /home/vscode/.local/lib/python3.10/site-packages/airflow/example_dags/example_subdag_operator.py
[2025-08-14T10:49:14.234+0000] {logging_mixin.py:150} INFO - [2025-08-14T10:49:14.234+0000] {dag.py:2742} INFO - Sync 3 DAGs
[2025-08-14T10:49:14.250+0000] {logging_mixin.py:150} INFO - [2025-08-14T10:49:14.250+0000] {dag.py:3504} INFO - Setting next_dagrun for example_subdag_operator to 2022-01-01T00:00:00+00:00, run_after=2022-01-01T00:00:00+00:00
[2025-08-14T10:49:14.252+0000] {logging_mixin.py:150} INFO - [2025-08-14T10:49:14.252+0000] {dag.py:3504} INFO - Setting next_dagrun for example_subdag_operator.section-1 to None, run_after=None
[2025-08-14T10:49:14.253+0000] {logging_mixin.py:150} INFO - [2025-08-14T10:49:14.253+0000] {dag.py:3504} INFO - Setting next_dagrun for example_subdag_operator.section-2 to None, run_after=None
[2025-08-14T10:49:14.257+0000] {logging_mixin.py:150} INFO - [2025-08-14T10:49:14.257+0000] {dag.py:2742} INFO - Sync 2 DAGs
[2025-08-14T10:49:14.260+0000] {logging_mixin.py:150} INFO - [2025-08-14T10:49:14.260+0000] {dag.py:3504} INFO - Setting next_dagrun for example_subdag_operator.section-1 to None, run_after=None
[2025-08-14T10:49:14.261+0000] {logging_mixin.py:150} INFO - [2025-08-14T10:49:14.261+0000] {dag.py:3504} INFO - Setting next_dagrun for example_subdag_operator.section-2 to None, run_after=None
[2025-08-14T10:49:14.272+0000] {processor.py:179} INFO - Processing /home/vscode/.local/lib/python3.10/site-packages/airflow/example_dags/example_subdag_operator.py took 0.070 seconds
[2025-08-14T10:50:00.353+0000] {processor.py:157} INFO - Started process (PID=33559) to work on /home/vscode/.local/lib/python3.10/site-packages/airflow/example_dags/example_subdag_operator.py
[2025-08-14T10:50:00.354+0000] {processor.py:826} INFO - Processing file /home/vscode/.local/lib/python3.10/site-packages/airflow/example_dags/example_subdag_operator.py for tasks to queue
[2025-08-14T10:50:00.354+0000] {logging_mixin.py:150} INFO - [2025-08-14T10:50:00.354+0000] {dagbag.py:541} INFO - Filling up the DagBag from /home/vscode/.local/lib/python3.10/site-packages/airflow/example_dags/example_subdag_operator.py
[2025-08-14T10:50:00.368+0000] {processor.py:836} INFO - DAG(s) dict_keys(['example_subdag_operator.section-1', 'example_subdag_operator.section-2', 'example_subdag_operator']) retrieved from /home/vscode/.local/lib/python3.10/site-packages/airflow/example_dags/example_subdag_operator.py
[2025-08-14T10:50:00.379+0000] {logging_mixin.py:150} INFO - [2025-08-14T10:50:00.379+0000] {dag.py:2742} INFO - Sync 3 DAGs
[2025-08-14T10:50:00.394+0000] {logging_mixin.py:150} INFO - [2025-08-14T10:50:00.393+0000] {dag.py:3504} INFO - Setting next_dagrun for example_subdag_operator to 2022-01-01T00:00:00+00:00, run_after=2022-01-01T00:00:00+00:00
[2025-08-14T10:50:00.396+0000] {logging_mixin.py:150} INFO - [2025-08-14T10:50:00.395+0000] {dag.py:3504} INFO - Setting next_dagrun for example_subdag_operator.section-1 to None, run_after=None
[2025-08-14T10:50:00.396+0000] {logging_mixin.py:150} INFO - [2025-08-14T10:50:00.396+0000] {dag.py:3504} INFO - Setting next_dagrun for example_subdag_operator.section-2 to None, run_after=None
[2025-08-14T10:50:00.400+0000] {logging_mixin.py:150} INFO - [2025-08-14T10:50:00.400+0000] {dag.py:2742} INFO - Sync 2 DAGs
[2025-08-14T10:50:00.403+0000] {logging_mixin.py:150} INFO - [2025-08-14T10:50:00.403+0000] {dag.py:3504} INFO - Setting next_dagrun for example_subdag_operator.section-1 to None, run_after=None
[2025-08-14T10:50:00.403+0000] {logging_mixin.py:150} INFO - [2025-08-14T10:50:00.403+0000] {dag.py:3504} INFO - Setting next_dagrun for example_subdag_operator.section-2 to None, run_after=None
[2025-08-14T10:50:00.414+0000] {processor.py:179} INFO - Processing /home/vscode/.local/lib/python3.10/site-packages/airflow/example_dags/example_subdag_operator.py took 0.062 seconds
[2025-08-14T10:50:48.258+0000] {processor.py:157} INFO - Started process (PID=33879) to work on /home/vscode/.local/lib/python3.10/site-packages/airflow/example_dags/example_subdag_operator.py
[2025-08-14T10:50:48.259+0000] {processor.py:826} INFO - Processing file /home/vscode/.local/lib/python3.10/site-packages/airflow/example_dags/example_subdag_operator.py for tasks to queue
[2025-08-14T10:50:48.259+0000] {logging_mixin.py:150} INFO - [2025-08-14T10:50:48.259+0000] {dagbag.py:541} INFO - Filling up the DagBag from /home/vscode/.local/lib/python3.10/site-packages/airflow/example_dags/example_subdag_operator.py
[2025-08-14T10:50:48.274+0000] {processor.py:836} INFO - DAG(s) dict_keys(['example_subdag_operator.section-1', 'example_subdag_operator.section-2', 'example_subdag_operator']) retrieved from /home/vscode/.local/lib/python3.10/site-packages/airflow/example_dags/example_subdag_operator.py
[2025-08-14T10:50:48.285+0000] {logging_mixin.py:150} INFO - [2025-08-14T10:50:48.284+0000] {dag.py:2742} INFO - Sync 3 DAGs
[2025-08-14T10:50:48.301+0000] {logging_mixin.py:150} INFO - [2025-08-14T10:50:48.301+0000] {dag.py:3504} INFO - Setting next_dagrun for example_subdag_operator to 2022-01-01T00:00:00+00:00, run_after=2022-01-01T00:00:00+00:00
[2025-08-14T10:50:48.304+0000] {logging_mixin.py:150} INFO - [2025-08-14T10:50:48.304+0000] {dag.py:3504} INFO - Setting next_dagrun for example_subdag_operator.section-1 to None, run_after=None
[2025-08-14T10:50:48.305+0000] {logging_mixin.py:150} INFO - [2025-08-14T10:50:48.305+0000] {dag.py:3504} INFO - Setting next_dagrun for example_subdag_operator.section-2 to None, run_after=None
[2025-08-14T10:50:48.310+0000] {logging_mixin.py:150} INFO - [2025-08-14T10:50:48.310+0000] {dag.py:2742} INFO - Sync 2 DAGs
[2025-08-14T10:50:48.312+0000] {logging_mixin.py:150} INFO - [2025-08-14T10:50:48.312+0000] {dag.py:3504} INFO - Setting next_dagrun for example_subdag_operator.section-1 to None, run_after=None
[2025-08-14T10:50:48.313+0000] {logging_mixin.py:150} INFO - [2025-08-14T10:50:48.313+0000] {dag.py:3504} INFO - Setting next_dagrun for example_subdag_operator.section-2 to None, run_after=None
[2025-08-14T10:50:48.323+0000] {processor.py:179} INFO - Processing /home/vscode/.local/lib/python3.10/site-packages/airflow/example_dags/example_subdag_operator.py took 0.067 seconds
[2025-08-14T10:51:35.188+0000] {processor.py:157} INFO - Started process (PID=34188) to work on /home/vscode/.local/lib/python3.10/site-packages/airflow/example_dags/example_subdag_operator.py
[2025-08-14T10:51:35.188+0000] {processor.py:826} INFO - Processing file /home/vscode/.local/lib/python3.10/site-packages/airflow/example_dags/example_subdag_operator.py for tasks to queue
[2025-08-14T10:51:35.189+0000] {logging_mixin.py:150} INFO - [2025-08-14T10:51:35.189+0000] {dagbag.py:541} INFO - Filling up the DagBag from /home/vscode/.local/lib/python3.10/site-packages/airflow/example_dags/example_subdag_operator.py
[2025-08-14T10:51:35.203+0000] {processor.py:836} INFO - DAG(s) dict_keys(['example_subdag_operator.section-1', 'example_subdag_operator.section-2', 'example_subdag_operator']) retrieved from /home/vscode/.local/lib/python3.10/site-packages/airflow/example_dags/example_subdag_operator.py
[2025-08-14T10:51:35.214+0000] {logging_mixin.py:150} INFO - [2025-08-14T10:51:35.214+0000] {dag.py:2742} INFO - Sync 3 DAGs
[2025-08-14T10:51:35.228+0000] {logging_mixin.py:150} INFO - [2025-08-14T10:51:35.228+0000] {dag.py:3504} INFO - Setting next_dagrun for example_subdag_operator to 2022-01-01T00:00:00+00:00, run_after=2022-01-01T00:00:00+00:00
[2025-08-14T10:51:35.230+0000] {logging_mixin.py:150} INFO - [2025-08-14T10:51:35.230+0000] {dag.py:3504} INFO - Setting next_dagrun for example_subdag_operator.section-1 to None, run_after=None
[2025-08-14T10:51:35.231+0000] {logging_mixin.py:150} INFO - [2025-08-14T10:51:35.231+0000] {dag.py:3504} INFO - Setting next_dagrun for example_subdag_operator.section-2 to None, run_after=None
[2025-08-14T10:51:35.236+0000] {logging_mixin.py:150} INFO - [2025-08-14T10:51:35.236+0000] {dag.py:2742} INFO - Sync 2 DAGs
[2025-08-14T10:51:35.239+0000] {logging_mixin.py:150} INFO - [2025-08-14T10:51:35.239+0000] {dag.py:3504} INFO - Setting next_dagrun for example_subdag_operator.section-1 to None, run_after=None
[2025-08-14T10:51:35.239+0000] {logging_mixin.py:150} INFO - [2025-08-14T10:51:35.239+0000] {dag.py:3504} INFO - Setting next_dagrun for example_subdag_operator.section-2 to None, run_after=None
[2025-08-14T10:51:35.249+0000] {processor.py:179} INFO - Processing /home/vscode/.local/lib/python3.10/site-packages/airflow/example_dags/example_subdag_operator.py took 0.064 seconds
[2025-08-14T10:52:21.731+0000] {processor.py:157} INFO - Started process (PID=34500) to work on /home/vscode/.local/lib/python3.10/site-packages/airflow/example_dags/example_subdag_operator.py
[2025-08-14T10:52:21.732+0000] {processor.py:826} INFO - Processing file /home/vscode/.local/lib/python3.10/site-packages/airflow/example_dags/example_subdag_operator.py for tasks to queue
[2025-08-14T10:52:21.733+0000] {logging_mixin.py:150} INFO - [2025-08-14T10:52:21.732+0000] {dagbag.py:541} INFO - Filling up the DagBag from /home/vscode/.local/lib/python3.10/site-packages/airflow/example_dags/example_subdag_operator.py
[2025-08-14T10:52:21.746+0000] {processor.py:836} INFO - DAG(s) dict_keys(['example_subdag_operator.section-1', 'example_subdag_operator.section-2', 'example_subdag_operator']) retrieved from /home/vscode/.local/lib/python3.10/site-packages/airflow/example_dags/example_subdag_operator.py
[2025-08-14T10:52:21.757+0000] {logging_mixin.py:150} INFO - [2025-08-14T10:52:21.757+0000] {dag.py:2742} INFO - Sync 3 DAGs
[2025-08-14T10:52:21.771+0000] {logging_mixin.py:150} INFO - [2025-08-14T10:52:21.771+0000] {dag.py:3504} INFO - Setting next_dagrun for example_subdag_operator to 2022-01-01T00:00:00+00:00, run_after=2022-01-01T00:00:00+00:00
[2025-08-14T10:52:21.773+0000] {logging_mixin.py:150} INFO - [2025-08-14T10:52:21.773+0000] {dag.py:3504} INFO - Setting next_dagrun for example_subdag_operator.section-1 to None, run_after=None
[2025-08-14T10:52:21.774+0000] {logging_mixin.py:150} INFO - [2025-08-14T10:52:21.774+0000] {dag.py:3504} INFO - Setting next_dagrun for example_subdag_operator.section-2 to None, run_after=None
[2025-08-14T10:52:21.778+0000] {logging_mixin.py:150} INFO - [2025-08-14T10:52:21.778+0000] {dag.py:2742} INFO - Sync 2 DAGs
[2025-08-14T10:52:21.781+0000] {logging_mixin.py:150} INFO - [2025-08-14T10:52:21.781+0000] {dag.py:3504} INFO - Setting next_dagrun for example_subdag_operator.section-1 to None, run_after=None
[2025-08-14T10:52:21.781+0000] {logging_mixin.py:150} INFO - [2025-08-14T10:52:21.781+0000] {dag.py:3504} INFO - Setting next_dagrun for example_subdag_operator.section-2 to None, run_after=None
[2025-08-14T10:52:21.792+0000] {processor.py:179} INFO - Processing /home/vscode/.local/lib/python3.10/site-packages/airflow/example_dags/example_subdag_operator.py took 0.062 seconds
[2025-08-14T10:53:08.542+0000] {processor.py:157} INFO - Started process (PID=34817) to work on /home/vscode/.local/lib/python3.10/site-packages/airflow/example_dags/example_subdag_operator.py
[2025-08-14T10:53:08.543+0000] {processor.py:826} INFO - Processing file /home/vscode/.local/lib/python3.10/site-packages/airflow/example_dags/example_subdag_operator.py for tasks to queue
[2025-08-14T10:53:08.543+0000] {logging_mixin.py:150} INFO - [2025-08-14T10:53:08.543+0000] {dagbag.py:541} INFO - Filling up the DagBag from /home/vscode/.local/lib/python3.10/site-packages/airflow/example_dags/example_subdag_operator.py
[2025-08-14T10:53:08.558+0000] {processor.py:836} INFO - DAG(s) dict_keys(['example_subdag_operator.section-1', 'example_subdag_operator.section-2', 'example_subdag_operator']) retrieved from /home/vscode/.local/lib/python3.10/site-packages/airflow/example_dags/example_subdag_operator.py
[2025-08-14T10:53:08.568+0000] {logging_mixin.py:150} INFO - [2025-08-14T10:53:08.568+0000] {dag.py:2742} INFO - Sync 3 DAGs
[2025-08-14T10:53:08.582+0000] {logging_mixin.py:150} INFO - [2025-08-14T10:53:08.582+0000] {dag.py:3504} INFO - Setting next_dagrun for example_subdag_operator to 2022-01-01T00:00:00+00:00, run_after=2022-01-01T00:00:00+00:00
[2025-08-14T10:53:08.584+0000] {logging_mixin.py:150} INFO - [2025-08-14T10:53:08.584+0000] {dag.py:3504} INFO - Setting next_dagrun for example_subdag_operator.section-1 to None, run_after=None
[2025-08-14T10:53:08.584+0000] {logging_mixin.py:150} INFO - [2025-08-14T10:53:08.584+0000] {dag.py:3504} INFO - Setting next_dagrun for example_subdag_operator.section-2 to None, run_after=None
[2025-08-14T10:53:08.588+0000] {logging_mixin.py:150} INFO - [2025-08-14T10:53:08.588+0000] {dag.py:2742} INFO - Sync 2 DAGs
[2025-08-14T10:53:08.592+0000] {logging_mixin.py:150} INFO - [2025-08-14T10:53:08.592+0000] {dag.py:3504} INFO - Setting next_dagrun for example_subdag_operator.section-1 to None, run_after=None
[2025-08-14T10:53:08.592+0000] {logging_mixin.py:150} INFO - [2025-08-14T10:53:08.592+0000] {dag.py:3504} INFO - Setting next_dagrun for example_subdag_operator.section-2 to None, run_after=None
[2025-08-14T10:53:08.606+0000] {processor.py:179} INFO - Processing /home/vscode/.local/lib/python3.10/site-packages/airflow/example_dags/example_subdag_operator.py took 0.066 seconds
[2025-08-14T10:54:04.501+0000] {processor.py:157} INFO - Started process (PID=36519) to work on /home/vscode/.local/lib/python3.10/site-packages/airflow/example_dags/example_subdag_operator.py
[2025-08-14T10:54:04.502+0000] {processor.py:826} INFO - Processing file /home/vscode/.local/lib/python3.10/site-packages/airflow/example_dags/example_subdag_operator.py for tasks to queue
[2025-08-14T10:54:04.503+0000] {logging_mixin.py:150} INFO - [2025-08-14T10:54:04.502+0000] {dagbag.py:541} INFO - Filling up the DagBag from /home/vscode/.local/lib/python3.10/site-packages/airflow/example_dags/example_subdag_operator.py
[2025-08-14T10:54:04.525+0000] {processor.py:836} INFO - DAG(s) dict_keys(['example_subdag_operator.section-1', 'example_subdag_operator.section-2', 'example_subdag_operator']) retrieved from /home/vscode/.local/lib/python3.10/site-packages/airflow/example_dags/example_subdag_operator.py
[2025-08-14T10:54:04.541+0000] {logging_mixin.py:150} INFO - [2025-08-14T10:54:04.541+0000] {dag.py:2742} INFO - Sync 3 DAGs
[2025-08-14T10:54:04.555+0000] {logging_mixin.py:150} INFO - [2025-08-14T10:54:04.555+0000] {dag.py:3504} INFO - Setting next_dagrun for example_subdag_operator to 2022-01-01T00:00:00+00:00, run_after=2022-01-01T00:00:00+00:00
[2025-08-14T10:54:04.558+0000] {logging_mixin.py:150} INFO - [2025-08-14T10:54:04.557+0000] {dag.py:3504} INFO - Setting next_dagrun for example_subdag_operator.section-1 to None, run_after=None
[2025-08-14T10:54:04.558+0000] {logging_mixin.py:150} INFO - [2025-08-14T10:54:04.558+0000] {dag.py:3504} INFO - Setting next_dagrun for example_subdag_operator.section-2 to None, run_after=None
[2025-08-14T10:54:04.563+0000] {logging_mixin.py:150} INFO - [2025-08-14T10:54:04.562+0000] {dag.py:2742} INFO - Sync 2 DAGs
[2025-08-14T10:54:04.565+0000] {logging_mixin.py:150} INFO - [2025-08-14T10:54:04.565+0000] {dag.py:3504} INFO - Setting next_dagrun for example_subdag_operator.section-1 to None, run_after=None
[2025-08-14T10:54:04.566+0000] {logging_mixin.py:150} INFO - [2025-08-14T10:54:04.566+0000] {dag.py:3504} INFO - Setting next_dagrun for example_subdag_operator.section-2 to None, run_after=None
[2025-08-14T10:54:04.576+0000] {processor.py:179} INFO - Processing /home/vscode/.local/lib/python3.10/site-packages/airflow/example_dags/example_subdag_operator.py took 0.078 seconds
[2025-08-14T10:54:41.687+0000] {processor.py:157} INFO - Started process (PID=37031) to work on /home/vscode/.local/lib/python3.10/site-packages/airflow/example_dags/example_subdag_operator.py
[2025-08-14T10:54:41.689+0000] {processor.py:826} INFO - Processing file /home/vscode/.local/lib/python3.10/site-packages/airflow/example_dags/example_subdag_operator.py for tasks to queue
[2025-08-14T10:54:41.690+0000] {logging_mixin.py:150} INFO - [2025-08-14T10:54:41.690+0000] {dagbag.py:541} INFO - Filling up the DagBag from /home/vscode/.local/lib/python3.10/site-packages/airflow/example_dags/example_subdag_operator.py
[2025-08-14T10:54:41.710+0000] {processor.py:836} INFO - DAG(s) dict_keys(['example_subdag_operator.section-1', 'example_subdag_operator.section-2', 'example_subdag_operator']) retrieved from /home/vscode/.local/lib/python3.10/site-packages/airflow/example_dags/example_subdag_operator.py
[2025-08-14T10:54:41.721+0000] {logging_mixin.py:150} INFO - [2025-08-14T10:54:41.721+0000] {dag.py:2742} INFO - Sync 3 DAGs
[2025-08-14T10:54:41.735+0000] {logging_mixin.py:150} INFO - [2025-08-14T10:54:41.735+0000] {dag.py:3504} INFO - Setting next_dagrun for example_subdag_operator to 2022-01-01T00:00:00+00:00, run_after=2022-01-01T00:00:00+00:00
[2025-08-14T10:54:41.737+0000] {logging_mixin.py:150} INFO - [2025-08-14T10:54:41.737+0000] {dag.py:3504} INFO - Setting next_dagrun for example_subdag_operator.section-1 to None, run_after=None
[2025-08-14T10:54:41.737+0000] {logging_mixin.py:150} INFO - [2025-08-14T10:54:41.737+0000] {dag.py:3504} INFO - Setting next_dagrun for example_subdag_operator.section-2 to None, run_after=None
[2025-08-14T10:54:41.742+0000] {logging_mixin.py:150} INFO - [2025-08-14T10:54:41.742+0000] {dag.py:2742} INFO - Sync 2 DAGs
[2025-08-14T10:54:41.745+0000] {logging_mixin.py:150} INFO - [2025-08-14T10:54:41.745+0000] {dag.py:3504} INFO - Setting next_dagrun for example_subdag_operator.section-1 to None, run_after=None
[2025-08-14T10:54:41.745+0000] {logging_mixin.py:150} INFO - [2025-08-14T10:54:41.745+0000] {dag.py:3504} INFO - Setting next_dagrun for example_subdag_operator.section-2 to None, run_after=None
[2025-08-14T10:54:41.756+0000] {processor.py:179} INFO - Processing /home/vscode/.local/lib/python3.10/site-packages/airflow/example_dags/example_subdag_operator.py took 0.071 seconds
[2025-08-14T10:55:25.504+0000] {processor.py:157} INFO - Started process (PID=37586) to work on /home/vscode/.local/lib/python3.10/site-packages/airflow/example_dags/example_subdag_operator.py
[2025-08-14T10:55:25.505+0000] {processor.py:826} INFO - Processing file /home/vscode/.local/lib/python3.10/site-packages/airflow/example_dags/example_subdag_operator.py for tasks to queue
[2025-08-14T10:55:25.505+0000] {logging_mixin.py:150} INFO - [2025-08-14T10:55:25.505+0000] {dagbag.py:541} INFO - Filling up the DagBag from /home/vscode/.local/lib/python3.10/site-packages/airflow/example_dags/example_subdag_operator.py
[2025-08-14T10:55:25.519+0000] {processor.py:836} INFO - DAG(s) dict_keys(['example_subdag_operator.section-1', 'example_subdag_operator.section-2', 'example_subdag_operator']) retrieved from /home/vscode/.local/lib/python3.10/site-packages/airflow/example_dags/example_subdag_operator.py
[2025-08-14T10:55:25.530+0000] {logging_mixin.py:150} INFO - [2025-08-14T10:55:25.530+0000] {dag.py:2742} INFO - Sync 3 DAGs
[2025-08-14T10:55:25.546+0000] {logging_mixin.py:150} INFO - [2025-08-14T10:55:25.546+0000] {dag.py:3504} INFO - Setting next_dagrun for example_subdag_operator to 2022-01-01T00:00:00+00:00, run_after=2022-01-01T00:00:00+00:00
[2025-08-14T10:55:25.549+0000] {logging_mixin.py:150} INFO - [2025-08-14T10:55:25.549+0000] {dag.py:3504} INFO - Setting next_dagrun for example_subdag_operator.section-1 to None, run_after=None
[2025-08-14T10:55:25.550+0000] {logging_mixin.py:150} INFO - [2025-08-14T10:55:25.550+0000] {dag.py:3504} INFO - Setting next_dagrun for example_subdag_operator.section-2 to None, run_after=None
[2025-08-14T10:55:25.555+0000] {logging_mixin.py:150} INFO - [2025-08-14T10:55:25.555+0000] {dag.py:2742} INFO - Sync 2 DAGs
[2025-08-14T10:55:25.558+0000] {logging_mixin.py:150} INFO - [2025-08-14T10:55:25.558+0000] {dag.py:3504} INFO - Setting next_dagrun for example_subdag_operator.section-1 to None, run_after=None
[2025-08-14T10:55:25.558+0000] {logging_mixin.py:150} INFO - [2025-08-14T10:55:25.558+0000] {dag.py:3504} INFO - Setting next_dagrun for example_subdag_operator.section-2 to None, run_after=None
[2025-08-14T10:55:25.569+0000] {processor.py:179} INFO - Processing /home/vscode/.local/lib/python3.10/site-packages/airflow/example_dags/example_subdag_operator.py took 0.067 seconds
[2025-08-14T10:56:12.393+0000] {processor.py:157} INFO - Started process (PID=38092) to work on /home/vscode/.local/lib/python3.10/site-packages/airflow/example_dags/example_subdag_operator.py
[2025-08-14T10:56:12.394+0000] {processor.py:826} INFO - Processing file /home/vscode/.local/lib/python3.10/site-packages/airflow/example_dags/example_subdag_operator.py for tasks to queue
[2025-08-14T10:56:12.395+0000] {logging_mixin.py:150} INFO - [2025-08-14T10:56:12.394+0000] {dagbag.py:541} INFO - Filling up the DagBag from /home/vscode/.local/lib/python3.10/site-packages/airflow/example_dags/example_subdag_operator.py
[2025-08-14T10:56:12.408+0000] {processor.py:836} INFO - DAG(s) dict_keys(['example_subdag_operator.section-1', 'example_subdag_operator.section-2', 'example_subdag_operator']) retrieved from /home/vscode/.local/lib/python3.10/site-packages/airflow/example_dags/example_subdag_operator.py
[2025-08-14T10:56:12.419+0000] {logging_mixin.py:150} INFO - [2025-08-14T10:56:12.419+0000] {dag.py:2742} INFO - Sync 3 DAGs
[2025-08-14T10:56:12.433+0000] {logging_mixin.py:150} INFO - [2025-08-14T10:56:12.433+0000] {dag.py:3504} INFO - Setting next_dagrun for example_subdag_operator to 2022-01-01T00:00:00+00:00, run_after=2022-01-01T00:00:00+00:00
[2025-08-14T10:56:12.435+0000] {logging_mixin.py:150} INFO - [2025-08-14T10:56:12.435+0000] {dag.py:3504} INFO - Setting next_dagrun for example_subdag_operator.section-1 to None, run_after=None
[2025-08-14T10:56:12.436+0000] {logging_mixin.py:150} INFO - [2025-08-14T10:56:12.436+0000] {dag.py:3504} INFO - Setting next_dagrun for example_subdag_operator.section-2 to None, run_after=None
[2025-08-14T10:56:12.440+0000] {logging_mixin.py:150} INFO - [2025-08-14T10:56:12.440+0000] {dag.py:2742} INFO - Sync 2 DAGs
[2025-08-14T10:56:12.443+0000] {logging_mixin.py:150} INFO - [2025-08-14T10:56:12.443+0000] {dag.py:3504} INFO - Setting next_dagrun for example_subdag_operator.section-1 to None, run_after=None
[2025-08-14T10:56:12.443+0000] {logging_mixin.py:150} INFO - [2025-08-14T10:56:12.443+0000] {dag.py:3504} INFO - Setting next_dagrun for example_subdag_operator.section-2 to None, run_after=None
[2025-08-14T10:56:12.453+0000] {processor.py:179} INFO - Processing /home/vscode/.local/lib/python3.10/site-packages/airflow/example_dags/example_subdag_operator.py took 0.062 seconds
[2025-08-14T10:57:03.068+0000] {processor.py:157} INFO - Started process (PID=38577) to work on /home/vscode/.local/lib/python3.10/site-packages/airflow/example_dags/example_subdag_operator.py
[2025-08-14T10:57:03.069+0000] {processor.py:826} INFO - Processing file /home/vscode/.local/lib/python3.10/site-packages/airflow/example_dags/example_subdag_operator.py for tasks to queue
[2025-08-14T10:57:03.069+0000] {logging_mixin.py:150} INFO - [2025-08-14T10:57:03.069+0000] {dagbag.py:541} INFO - Filling up the DagBag from /home/vscode/.local/lib/python3.10/site-packages/airflow/example_dags/example_subdag_operator.py
[2025-08-14T10:57:03.084+0000] {processor.py:836} INFO - DAG(s) dict_keys(['example_subdag_operator.section-1', 'example_subdag_operator.section-2', 'example_subdag_operator']) retrieved from /home/vscode/.local/lib/python3.10/site-packages/airflow/example_dags/example_subdag_operator.py
[2025-08-14T10:57:03.095+0000] {logging_mixin.py:150} INFO - [2025-08-14T10:57:03.095+0000] {dag.py:2742} INFO - Sync 3 DAGs
[2025-08-14T10:57:03.109+0000] {logging_mixin.py:150} INFO - [2025-08-14T10:57:03.109+0000] {dag.py:3504} INFO - Setting next_dagrun for example_subdag_operator to 2022-01-01T00:00:00+00:00, run_after=2022-01-01T00:00:00+00:00
[2025-08-14T10:57:03.111+0000] {logging_mixin.py:150} INFO - [2025-08-14T10:57:03.111+0000] {dag.py:3504} INFO - Setting next_dagrun for example_subdag_operator.section-1 to None, run_after=None
[2025-08-14T10:57:03.112+0000] {logging_mixin.py:150} INFO - [2025-08-14T10:57:03.112+0000] {dag.py:3504} INFO - Setting next_dagrun for example_subdag_operator.section-2 to None, run_after=None
[2025-08-14T10:57:03.116+0000] {logging_mixin.py:150} INFO - [2025-08-14T10:57:03.116+0000] {dag.py:2742} INFO - Sync 2 DAGs
[2025-08-14T10:57:03.119+0000] {logging_mixin.py:150} INFO - [2025-08-14T10:57:03.119+0000] {dag.py:3504} INFO - Setting next_dagrun for example_subdag_operator.section-1 to None, run_after=None
[2025-08-14T10:57:03.119+0000] {logging_mixin.py:150} INFO - [2025-08-14T10:57:03.119+0000] {dag.py:3504} INFO - Setting next_dagrun for example_subdag_operator.section-2 to None, run_after=None
[2025-08-14T10:57:03.131+0000] {processor.py:179} INFO - Processing /home/vscode/.local/lib/python3.10/site-packages/airflow/example_dags/example_subdag_operator.py took 0.065 seconds
[2025-08-14T10:57:49.090+0000] {processor.py:157} INFO - Started process (PID=39012) to work on /home/vscode/.local/lib/python3.10/site-packages/airflow/example_dags/example_subdag_operator.py
[2025-08-14T10:57:49.091+0000] {processor.py:826} INFO - Processing file /home/vscode/.local/lib/python3.10/site-packages/airflow/example_dags/example_subdag_operator.py for tasks to queue
[2025-08-14T10:57:49.092+0000] {logging_mixin.py:150} INFO - [2025-08-14T10:57:49.091+0000] {dagbag.py:541} INFO - Filling up the DagBag from /home/vscode/.local/lib/python3.10/site-packages/airflow/example_dags/example_subdag_operator.py
[2025-08-14T10:57:49.107+0000] {processor.py:836} INFO - DAG(s) dict_keys(['example_subdag_operator.section-1', 'example_subdag_operator.section-2', 'example_subdag_operator']) retrieved from /home/vscode/.local/lib/python3.10/site-packages/airflow/example_dags/example_subdag_operator.py
[2025-08-14T10:57:49.118+0000] {logging_mixin.py:150} INFO - [2025-08-14T10:57:49.118+0000] {dag.py:2742} INFO - Sync 3 DAGs
[2025-08-14T10:57:49.134+0000] {logging_mixin.py:150} INFO - [2025-08-14T10:57:49.134+0000] {dag.py:3504} INFO - Setting next_dagrun for example_subdag_operator to 2022-01-01T00:00:00+00:00, run_after=2022-01-01T00:00:00+00:00
[2025-08-14T10:57:49.136+0000] {logging_mixin.py:150} INFO - [2025-08-14T10:57:49.136+0000] {dag.py:3504} INFO - Setting next_dagrun for example_subdag_operator.section-1 to None, run_after=None
[2025-08-14T10:57:49.137+0000] {logging_mixin.py:150} INFO - [2025-08-14T10:57:49.137+0000] {dag.py:3504} INFO - Setting next_dagrun for example_subdag_operator.section-2 to None, run_after=None
[2025-08-14T10:57:49.141+0000] {logging_mixin.py:150} INFO - [2025-08-14T10:57:49.141+0000] {dag.py:2742} INFO - Sync 2 DAGs
[2025-08-14T10:57:49.144+0000] {logging_mixin.py:150} INFO - [2025-08-14T10:57:49.144+0000] {dag.py:3504} INFO - Setting next_dagrun for example_subdag_operator.section-1 to None, run_after=None
[2025-08-14T10:57:49.144+0000] {logging_mixin.py:150} INFO - [2025-08-14T10:57:49.144+0000] {dag.py:3504} INFO - Setting next_dagrun for example_subdag_operator.section-2 to None, run_after=None
[2025-08-14T10:57:49.156+0000] {processor.py:179} INFO - Processing /home/vscode/.local/lib/python3.10/site-packages/airflow/example_dags/example_subdag_operator.py took 0.068 seconds
[2025-08-14T10:58:36.548+0000] {processor.py:157} INFO - Started process (PID=39469) to work on /home/vscode/.local/lib/python3.10/site-packages/airflow/example_dags/example_subdag_operator.py
[2025-08-14T10:58:36.549+0000] {processor.py:826} INFO - Processing file /home/vscode/.local/lib/python3.10/site-packages/airflow/example_dags/example_subdag_operator.py for tasks to queue
[2025-08-14T10:58:36.549+0000] {logging_mixin.py:150} INFO - [2025-08-14T10:58:36.549+0000] {dagbag.py:541} INFO - Filling up the DagBag from /home/vscode/.local/lib/python3.10/site-packages/airflow/example_dags/example_subdag_operator.py
[2025-08-14T10:58:36.564+0000] {processor.py:836} INFO - DAG(s) dict_keys(['example_subdag_operator.section-1', 'example_subdag_operator.section-2', 'example_subdag_operator']) retrieved from /home/vscode/.local/lib/python3.10/site-packages/airflow/example_dags/example_subdag_operator.py
[2025-08-14T10:58:36.575+0000] {logging_mixin.py:150} INFO - [2025-08-14T10:58:36.575+0000] {dag.py:2742} INFO - Sync 3 DAGs
[2025-08-14T10:58:36.589+0000] {logging_mixin.py:150} INFO - [2025-08-14T10:58:36.589+0000] {dag.py:3504} INFO - Setting next_dagrun for example_subdag_operator to 2022-01-01T00:00:00+00:00, run_after=2022-01-01T00:00:00+00:00
[2025-08-14T10:58:36.591+0000] {logging_mixin.py:150} INFO - [2025-08-14T10:58:36.591+0000] {dag.py:3504} INFO - Setting next_dagrun for example_subdag_operator.section-1 to None, run_after=None
[2025-08-14T10:58:36.592+0000] {logging_mixin.py:150} INFO - [2025-08-14T10:58:36.591+0000] {dag.py:3504} INFO - Setting next_dagrun for example_subdag_operator.section-2 to None, run_after=None
[2025-08-14T10:58:36.596+0000] {logging_mixin.py:150} INFO - [2025-08-14T10:58:36.596+0000] {dag.py:2742} INFO - Sync 2 DAGs
[2025-08-14T10:58:36.599+0000] {logging_mixin.py:150} INFO - [2025-08-14T10:58:36.598+0000] {dag.py:3504} INFO - Setting next_dagrun for example_subdag_operator.section-1 to None, run_after=None
[2025-08-14T10:58:36.599+0000] {logging_mixin.py:150} INFO - [2025-08-14T10:58:36.599+0000] {dag.py:3504} INFO - Setting next_dagrun for example_subdag_operator.section-2 to None, run_after=None
[2025-08-14T10:58:36.609+0000] {processor.py:179} INFO - Processing /home/vscode/.local/lib/python3.10/site-packages/airflow/example_dags/example_subdag_operator.py took 0.063 seconds
[2025-08-14T10:59:20.265+0000] {processor.py:157} INFO - Started process (PID=39896) to work on /home/vscode/.local/lib/python3.10/site-packages/airflow/example_dags/example_subdag_operator.py
[2025-08-14T10:59:20.266+0000] {processor.py:826} INFO - Processing file /home/vscode/.local/lib/python3.10/site-packages/airflow/example_dags/example_subdag_operator.py for tasks to queue
[2025-08-14T10:59:20.267+0000] {logging_mixin.py:150} INFO - [2025-08-14T10:59:20.267+0000] {dagbag.py:541} INFO - Filling up the DagBag from /home/vscode/.local/lib/python3.10/site-packages/airflow/example_dags/example_subdag_operator.py
[2025-08-14T10:59:20.282+0000] {processor.py:836} INFO - DAG(s) dict_keys(['example_subdag_operator.section-1', 'example_subdag_operator.section-2', 'example_subdag_operator']) retrieved from /home/vscode/.local/lib/python3.10/site-packages/airflow/example_dags/example_subdag_operator.py
[2025-08-14T10:59:20.294+0000] {logging_mixin.py:150} INFO - [2025-08-14T10:59:20.294+0000] {dag.py:2742} INFO - Sync 3 DAGs
[2025-08-14T10:59:20.309+0000] {logging_mixin.py:150} INFO - [2025-08-14T10:59:20.309+0000] {dag.py:3504} INFO - Setting next_dagrun for example_subdag_operator to 2022-01-01T00:00:00+00:00, run_after=2022-01-01T00:00:00+00:00
[2025-08-14T10:59:20.311+0000] {logging_mixin.py:150} INFO - [2025-08-14T10:59:20.311+0000] {dag.py:3504} INFO - Setting next_dagrun for example_subdag_operator.section-1 to None, run_after=None
[2025-08-14T10:59:20.311+0000] {logging_mixin.py:150} INFO - [2025-08-14T10:59:20.311+0000] {dag.py:3504} INFO - Setting next_dagrun for example_subdag_operator.section-2 to None, run_after=None
[2025-08-14T10:59:20.316+0000] {logging_mixin.py:150} INFO - [2025-08-14T10:59:20.316+0000] {dag.py:2742} INFO - Sync 2 DAGs
[2025-08-14T10:59:20.319+0000] {logging_mixin.py:150} INFO - [2025-08-14T10:59:20.318+0000] {dag.py:3504} INFO - Setting next_dagrun for example_subdag_operator.section-1 to None, run_after=None
[2025-08-14T10:59:20.319+0000] {logging_mixin.py:150} INFO - [2025-08-14T10:59:20.319+0000] {dag.py:3504} INFO - Setting next_dagrun for example_subdag_operator.section-2 to None, run_after=None
[2025-08-14T10:59:20.329+0000] {processor.py:179} INFO - Processing /home/vscode/.local/lib/python3.10/site-packages/airflow/example_dags/example_subdag_operator.py took 0.066 seconds
[2025-08-14T11:00:05.406+0000] {processor.py:157} INFO - Started process (PID=40319) to work on /home/vscode/.local/lib/python3.10/site-packages/airflow/example_dags/example_subdag_operator.py
[2025-08-14T11:00:05.407+0000] {processor.py:826} INFO - Processing file /home/vscode/.local/lib/python3.10/site-packages/airflow/example_dags/example_subdag_operator.py for tasks to queue
[2025-08-14T11:00:05.408+0000] {logging_mixin.py:150} INFO - [2025-08-14T11:00:05.407+0000] {dagbag.py:541} INFO - Filling up the DagBag from /home/vscode/.local/lib/python3.10/site-packages/airflow/example_dags/example_subdag_operator.py
[2025-08-14T11:00:05.423+0000] {processor.py:836} INFO - DAG(s) dict_keys(['example_subdag_operator.section-1', 'example_subdag_operator.section-2', 'example_subdag_operator']) retrieved from /home/vscode/.local/lib/python3.10/site-packages/airflow/example_dags/example_subdag_operator.py
[2025-08-14T11:00:05.436+0000] {logging_mixin.py:150} INFO - [2025-08-14T11:00:05.436+0000] {dag.py:2742} INFO - Sync 3 DAGs
[2025-08-14T11:00:05.457+0000] {logging_mixin.py:150} INFO - [2025-08-14T11:00:05.457+0000] {dag.py:3504} INFO - Setting next_dagrun for example_subdag_operator to 2022-01-01T00:00:00+00:00, run_after=2022-01-01T00:00:00+00:00
[2025-08-14T11:00:05.460+0000] {logging_mixin.py:150} INFO - [2025-08-14T11:00:05.460+0000] {dag.py:3504} INFO - Setting next_dagrun for example_subdag_operator.section-1 to None, run_after=None
[2025-08-14T11:00:05.461+0000] {logging_mixin.py:150} INFO - [2025-08-14T11:00:05.461+0000] {dag.py:3504} INFO - Setting next_dagrun for example_subdag_operator.section-2 to None, run_after=None
[2025-08-14T11:00:05.467+0000] {logging_mixin.py:150} INFO - [2025-08-14T11:00:05.467+0000] {dag.py:2742} INFO - Sync 2 DAGs
[2025-08-14T11:00:05.471+0000] {logging_mixin.py:150} INFO - [2025-08-14T11:00:05.471+0000] {dag.py:3504} INFO - Setting next_dagrun for example_subdag_operator.section-1 to None, run_after=None
[2025-08-14T11:00:05.472+0000] {logging_mixin.py:150} INFO - [2025-08-14T11:00:05.472+0000] {dag.py:3504} INFO - Setting next_dagrun for example_subdag_operator.section-2 to None, run_after=None
[2025-08-14T11:00:05.487+0000] {processor.py:179} INFO - Processing /home/vscode/.local/lib/python3.10/site-packages/airflow/example_dags/example_subdag_operator.py took 0.084 seconds
[2025-08-14T11:00:52.731+0000] {processor.py:157} INFO - Started process (PID=40775) to work on /home/vscode/.local/lib/python3.10/site-packages/airflow/example_dags/example_subdag_operator.py
[2025-08-14T11:00:52.731+0000] {processor.py:826} INFO - Processing file /home/vscode/.local/lib/python3.10/site-packages/airflow/example_dags/example_subdag_operator.py for tasks to queue
[2025-08-14T11:00:52.732+0000] {logging_mixin.py:150} INFO - [2025-08-14T11:00:52.732+0000] {dagbag.py:541} INFO - Filling up the DagBag from /home/vscode/.local/lib/python3.10/site-packages/airflow/example_dags/example_subdag_operator.py
[2025-08-14T11:00:52.746+0000] {processor.py:836} INFO - DAG(s) dict_keys(['example_subdag_operator.section-1', 'example_subdag_operator.section-2', 'example_subdag_operator']) retrieved from /home/vscode/.local/lib/python3.10/site-packages/airflow/example_dags/example_subdag_operator.py
[2025-08-14T11:00:52.757+0000] {logging_mixin.py:150} INFO - [2025-08-14T11:00:52.757+0000] {dag.py:2742} INFO - Sync 3 DAGs
[2025-08-14T11:00:52.771+0000] {logging_mixin.py:150} INFO - [2025-08-14T11:00:52.770+0000] {dag.py:3504} INFO - Setting next_dagrun for example_subdag_operator to 2022-01-01T00:00:00+00:00, run_after=2022-01-01T00:00:00+00:00
[2025-08-14T11:00:52.772+0000] {logging_mixin.py:150} INFO - [2025-08-14T11:00:52.772+0000] {dag.py:3504} INFO - Setting next_dagrun for example_subdag_operator.section-1 to None, run_after=None
[2025-08-14T11:00:52.773+0000] {logging_mixin.py:150} INFO - [2025-08-14T11:00:52.773+0000] {dag.py:3504} INFO - Setting next_dagrun for example_subdag_operator.section-2 to None, run_after=None
[2025-08-14T11:00:52.777+0000] {logging_mixin.py:150} INFO - [2025-08-14T11:00:52.777+0000] {dag.py:2742} INFO - Sync 2 DAGs
[2025-08-14T11:00:52.780+0000] {logging_mixin.py:150} INFO - [2025-08-14T11:00:52.780+0000] {dag.py:3504} INFO - Setting next_dagrun for example_subdag_operator.section-1 to None, run_after=None
[2025-08-14T11:00:52.781+0000] {logging_mixin.py:150} INFO - [2025-08-14T11:00:52.780+0000] {dag.py:3504} INFO - Setting next_dagrun for example_subdag_operator.section-2 to None, run_after=None
[2025-08-14T11:00:52.792+0000] {processor.py:179} INFO - Processing /home/vscode/.local/lib/python3.10/site-packages/airflow/example_dags/example_subdag_operator.py took 0.063 seconds
[2025-08-14T11:01:32.703+0000] {processor.py:157} INFO - Started process (PID=41154) to work on /home/vscode/.local/lib/python3.10/site-packages/airflow/example_dags/example_subdag_operator.py
[2025-08-14T11:01:32.703+0000] {processor.py:826} INFO - Processing file /home/vscode/.local/lib/python3.10/site-packages/airflow/example_dags/example_subdag_operator.py for tasks to queue
[2025-08-14T11:01:32.704+0000] {logging_mixin.py:150} INFO - [2025-08-14T11:01:32.704+0000] {dagbag.py:541} INFO - Filling up the DagBag from /home/vscode/.local/lib/python3.10/site-packages/airflow/example_dags/example_subdag_operator.py
[2025-08-14T11:01:32.718+0000] {processor.py:836} INFO - DAG(s) dict_keys(['example_subdag_operator.section-1', 'example_subdag_operator.section-2', 'example_subdag_operator']) retrieved from /home/vscode/.local/lib/python3.10/site-packages/airflow/example_dags/example_subdag_operator.py
[2025-08-14T11:01:32.729+0000] {logging_mixin.py:150} INFO - [2025-08-14T11:01:32.728+0000] {dag.py:2742} INFO - Sync 3 DAGs
[2025-08-14T11:01:32.742+0000] {logging_mixin.py:150} INFO - [2025-08-14T11:01:32.742+0000] {dag.py:3504} INFO - Setting next_dagrun for example_subdag_operator to 2022-01-01T00:00:00+00:00, run_after=2022-01-01T00:00:00+00:00
[2025-08-14T11:01:32.744+0000] {logging_mixin.py:150} INFO - [2025-08-14T11:01:32.744+0000] {dag.py:3504} INFO - Setting next_dagrun for example_subdag_operator.section-1 to None, run_after=None
[2025-08-14T11:01:32.745+0000] {logging_mixin.py:150} INFO - [2025-08-14T11:01:32.745+0000] {dag.py:3504} INFO - Setting next_dagrun for example_subdag_operator.section-2 to None, run_after=None
[2025-08-14T11:01:32.749+0000] {logging_mixin.py:150} INFO - [2025-08-14T11:01:32.749+0000] {dag.py:2742} INFO - Sync 2 DAGs
[2025-08-14T11:01:32.752+0000] {logging_mixin.py:150} INFO - [2025-08-14T11:01:32.752+0000] {dag.py:3504} INFO - Setting next_dagrun for example_subdag_operator.section-1 to None, run_after=None
[2025-08-14T11:01:32.752+0000] {logging_mixin.py:150} INFO - [2025-08-14T11:01:32.752+0000] {dag.py:3504} INFO - Setting next_dagrun for example_subdag_operator.section-2 to None, run_after=None
[2025-08-14T11:01:32.763+0000] {processor.py:179} INFO - Processing /home/vscode/.local/lib/python3.10/site-packages/airflow/example_dags/example_subdag_operator.py took 0.063 seconds
[2025-08-14T11:02:19.989+0000] {processor.py:157} INFO - Started process (PID=41603) to work on /home/vscode/.local/lib/python3.10/site-packages/airflow/example_dags/example_subdag_operator.py
[2025-08-14T11:02:19.989+0000] {processor.py:826} INFO - Processing file /home/vscode/.local/lib/python3.10/site-packages/airflow/example_dags/example_subdag_operator.py for tasks to queue
[2025-08-14T11:02:19.990+0000] {logging_mixin.py:150} INFO - [2025-08-14T11:02:19.990+0000] {dagbag.py:541} INFO - Filling up the DagBag from /home/vscode/.local/lib/python3.10/site-packages/airflow/example_dags/example_subdag_operator.py
[2025-08-14T11:02:20.004+0000] {processor.py:836} INFO - DAG(s) dict_keys(['example_subdag_operator.section-1', 'example_subdag_operator.section-2', 'example_subdag_operator']) retrieved from /home/vscode/.local/lib/python3.10/site-packages/airflow/example_dags/example_subdag_operator.py
[2025-08-14T11:02:20.015+0000] {logging_mixin.py:150} INFO - [2025-08-14T11:02:20.015+0000] {dag.py:2742} INFO - Sync 3 DAGs
[2025-08-14T11:02:20.029+0000] {logging_mixin.py:150} INFO - [2025-08-14T11:02:20.029+0000] {dag.py:3504} INFO - Setting next_dagrun for example_subdag_operator to 2022-01-01T00:00:00+00:00, run_after=2022-01-01T00:00:00+00:00
[2025-08-14T11:02:20.031+0000] {logging_mixin.py:150} INFO - [2025-08-14T11:02:20.031+0000] {dag.py:3504} INFO - Setting next_dagrun for example_subdag_operator.section-1 to None, run_after=None
[2025-08-14T11:02:20.031+0000] {logging_mixin.py:150} INFO - [2025-08-14T11:02:20.031+0000] {dag.py:3504} INFO - Setting next_dagrun for example_subdag_operator.section-2 to None, run_after=None
[2025-08-14T11:02:20.036+0000] {logging_mixin.py:150} INFO - [2025-08-14T11:02:20.036+0000] {dag.py:2742} INFO - Sync 2 DAGs
[2025-08-14T11:02:20.039+0000] {logging_mixin.py:150} INFO - [2025-08-14T11:02:20.038+0000] {dag.py:3504} INFO - Setting next_dagrun for example_subdag_operator.section-1 to None, run_after=None
[2025-08-14T11:02:20.039+0000] {logging_mixin.py:150} INFO - [2025-08-14T11:02:20.039+0000] {dag.py:3504} INFO - Setting next_dagrun for example_subdag_operator.section-2 to None, run_after=None
[2025-08-14T11:02:20.049+0000] {processor.py:179} INFO - Processing /home/vscode/.local/lib/python3.10/site-packages/airflow/example_dags/example_subdag_operator.py took 0.063 seconds
[2025-08-14T11:03:06.766+0000] {processor.py:157} INFO - Started process (PID=42059) to work on /home/vscode/.local/lib/python3.10/site-packages/airflow/example_dags/example_subdag_operator.py
[2025-08-14T11:03:06.767+0000] {processor.py:826} INFO - Processing file /home/vscode/.local/lib/python3.10/site-packages/airflow/example_dags/example_subdag_operator.py for tasks to queue
[2025-08-14T11:03:06.768+0000] {logging_mixin.py:150} INFO - [2025-08-14T11:03:06.767+0000] {dagbag.py:541} INFO - Filling up the DagBag from /home/vscode/.local/lib/python3.10/site-packages/airflow/example_dags/example_subdag_operator.py
[2025-08-14T11:03:06.782+0000] {processor.py:836} INFO - DAG(s) dict_keys(['example_subdag_operator.section-1', 'example_subdag_operator.section-2', 'example_subdag_operator']) retrieved from /home/vscode/.local/lib/python3.10/site-packages/airflow/example_dags/example_subdag_operator.py
[2025-08-14T11:03:06.794+0000] {logging_mixin.py:150} INFO - [2025-08-14T11:03:06.794+0000] {dag.py:2742} INFO - Sync 3 DAGs
[2025-08-14T11:03:06.808+0000] {logging_mixin.py:150} INFO - [2025-08-14T11:03:06.808+0000] {dag.py:3504} INFO - Setting next_dagrun for example_subdag_operator to 2022-01-01T00:00:00+00:00, run_after=2022-01-01T00:00:00+00:00
[2025-08-14T11:03:06.810+0000] {logging_mixin.py:150} INFO - [2025-08-14T11:03:06.810+0000] {dag.py:3504} INFO - Setting next_dagrun for example_subdag_operator.section-1 to None, run_after=None
[2025-08-14T11:03:06.810+0000] {logging_mixin.py:150} INFO - [2025-08-14T11:03:06.810+0000] {dag.py:3504} INFO - Setting next_dagrun for example_subdag_operator.section-2 to None, run_after=None
[2025-08-14T11:03:06.815+0000] {logging_mixin.py:150} INFO - [2025-08-14T11:03:06.815+0000] {dag.py:2742} INFO - Sync 2 DAGs
[2025-08-14T11:03:06.817+0000] {logging_mixin.py:150} INFO - [2025-08-14T11:03:06.817+0000] {dag.py:3504} INFO - Setting next_dagrun for example_subdag_operator.section-1 to None, run_after=None
[2025-08-14T11:03:06.818+0000] {logging_mixin.py:150} INFO - [2025-08-14T11:03:06.818+0000] {dag.py:3504} INFO - Setting next_dagrun for example_subdag_operator.section-2 to None, run_after=None
[2025-08-14T11:03:06.828+0000] {processor.py:179} INFO - Processing /home/vscode/.local/lib/python3.10/site-packages/airflow/example_dags/example_subdag_operator.py took 0.064 seconds
[2025-08-14T11:03:52.278+0000] {processor.py:157} INFO - Started process (PID=42495) to work on /home/vscode/.local/lib/python3.10/site-packages/airflow/example_dags/example_subdag_operator.py
[2025-08-14T11:03:52.279+0000] {processor.py:826} INFO - Processing file /home/vscode/.local/lib/python3.10/site-packages/airflow/example_dags/example_subdag_operator.py for tasks to queue
[2025-08-14T11:03:52.279+0000] {logging_mixin.py:150} INFO - [2025-08-14T11:03:52.279+0000] {dagbag.py:541} INFO - Filling up the DagBag from /home/vscode/.local/lib/python3.10/site-packages/airflow/example_dags/example_subdag_operator.py
[2025-08-14T11:03:52.293+0000] {processor.py:836} INFO - DAG(s) dict_keys(['example_subdag_operator.section-1', 'example_subdag_operator.section-2', 'example_subdag_operator']) retrieved from /home/vscode/.local/lib/python3.10/site-packages/airflow/example_dags/example_subdag_operator.py
[2025-08-14T11:03:52.304+0000] {logging_mixin.py:150} INFO - [2025-08-14T11:03:52.304+0000] {dag.py:2742} INFO - Sync 3 DAGs
[2025-08-14T11:03:52.317+0000] {logging_mixin.py:150} INFO - [2025-08-14T11:03:52.317+0000] {dag.py:3504} INFO - Setting next_dagrun for example_subdag_operator to 2022-01-01T00:00:00+00:00, run_after=2022-01-01T00:00:00+00:00
[2025-08-14T11:03:52.319+0000] {logging_mixin.py:150} INFO - [2025-08-14T11:03:52.319+0000] {dag.py:3504} INFO - Setting next_dagrun for example_subdag_operator.section-1 to None, run_after=None
[2025-08-14T11:03:52.320+0000] {logging_mixin.py:150} INFO - [2025-08-14T11:03:52.320+0000] {dag.py:3504} INFO - Setting next_dagrun for example_subdag_operator.section-2 to None, run_after=None
[2025-08-14T11:03:52.324+0000] {logging_mixin.py:150} INFO - [2025-08-14T11:03:52.324+0000] {dag.py:2742} INFO - Sync 2 DAGs
[2025-08-14T11:03:52.327+0000] {logging_mixin.py:150} INFO - [2025-08-14T11:03:52.327+0000] {dag.py:3504} INFO - Setting next_dagrun for example_subdag_operator.section-1 to None, run_after=None
[2025-08-14T11:03:52.327+0000] {logging_mixin.py:150} INFO - [2025-08-14T11:03:52.327+0000] {dag.py:3504} INFO - Setting next_dagrun for example_subdag_operator.section-2 to None, run_after=None
[2025-08-14T11:03:52.338+0000] {processor.py:179} INFO - Processing /home/vscode/.local/lib/python3.10/site-packages/airflow/example_dags/example_subdag_operator.py took 0.062 seconds
[2025-08-14T11:04:41.840+0000] {processor.py:157} INFO - Started process (PID=42961) to work on /home/vscode/.local/lib/python3.10/site-packages/airflow/example_dags/example_subdag_operator.py
[2025-08-14T11:04:41.840+0000] {processor.py:826} INFO - Processing file /home/vscode/.local/lib/python3.10/site-packages/airflow/example_dags/example_subdag_operator.py for tasks to queue
[2025-08-14T11:04:41.841+0000] {logging_mixin.py:150} INFO - [2025-08-14T11:04:41.841+0000] {dagbag.py:541} INFO - Filling up the DagBag from /home/vscode/.local/lib/python3.10/site-packages/airflow/example_dags/example_subdag_operator.py
[2025-08-14T11:04:41.855+0000] {processor.py:836} INFO - DAG(s) dict_keys(['example_subdag_operator.section-1', 'example_subdag_operator.section-2', 'example_subdag_operator']) retrieved from /home/vscode/.local/lib/python3.10/site-packages/airflow/example_dags/example_subdag_operator.py
[2025-08-14T11:04:41.866+0000] {logging_mixin.py:150} INFO - [2025-08-14T11:04:41.866+0000] {dag.py:2742} INFO - Sync 3 DAGs
[2025-08-14T11:04:41.880+0000] {logging_mixin.py:150} INFO - [2025-08-14T11:04:41.880+0000] {dag.py:3504} INFO - Setting next_dagrun for example_subdag_operator to 2022-01-01T00:00:00+00:00, run_after=2022-01-01T00:00:00+00:00
[2025-08-14T11:04:41.882+0000] {logging_mixin.py:150} INFO - [2025-08-14T11:04:41.882+0000] {dag.py:3504} INFO - Setting next_dagrun for example_subdag_operator.section-1 to None, run_after=None
[2025-08-14T11:04:41.882+0000] {logging_mixin.py:150} INFO - [2025-08-14T11:04:41.882+0000] {dag.py:3504} INFO - Setting next_dagrun for example_subdag_operator.section-2 to None, run_after=None
[2025-08-14T11:04:41.886+0000] {logging_mixin.py:150} INFO - [2025-08-14T11:04:41.886+0000] {dag.py:2742} INFO - Sync 2 DAGs
[2025-08-14T11:04:41.889+0000] {logging_mixin.py:150} INFO - [2025-08-14T11:04:41.889+0000] {dag.py:3504} INFO - Setting next_dagrun for example_subdag_operator.section-1 to None, run_after=None
[2025-08-14T11:04:41.890+0000] {logging_mixin.py:150} INFO - [2025-08-14T11:04:41.889+0000] {dag.py:3504} INFO - Setting next_dagrun for example_subdag_operator.section-2 to None, run_after=None
[2025-08-14T11:04:41.901+0000] {processor.py:179} INFO - Processing /home/vscode/.local/lib/python3.10/site-packages/airflow/example_dags/example_subdag_operator.py took 0.063 seconds
[2025-08-14T11:05:29.779+0000] {processor.py:157} INFO - Started process (PID=43420) to work on /home/vscode/.local/lib/python3.10/site-packages/airflow/example_dags/example_subdag_operator.py
[2025-08-14T11:05:29.780+0000] {processor.py:826} INFO - Processing file /home/vscode/.local/lib/python3.10/site-packages/airflow/example_dags/example_subdag_operator.py for tasks to queue
[2025-08-14T11:05:29.780+0000] {logging_mixin.py:150} INFO - [2025-08-14T11:05:29.780+0000] {dagbag.py:541} INFO - Filling up the DagBag from /home/vscode/.local/lib/python3.10/site-packages/airflow/example_dags/example_subdag_operator.py
[2025-08-14T11:05:29.795+0000] {processor.py:836} INFO - DAG(s) dict_keys(['example_subdag_operator.section-1', 'example_subdag_operator.section-2', 'example_subdag_operator']) retrieved from /home/vscode/.local/lib/python3.10/site-packages/airflow/example_dags/example_subdag_operator.py
[2025-08-14T11:05:29.810+0000] {logging_mixin.py:150} INFO - [2025-08-14T11:05:29.810+0000] {dag.py:2742} INFO - Sync 3 DAGs
[2025-08-14T11:05:29.832+0000] {logging_mixin.py:150} INFO - [2025-08-14T11:05:29.832+0000] {dag.py:3504} INFO - Setting next_dagrun for example_subdag_operator to 2022-01-01T00:00:00+00:00, run_after=2022-01-01T00:00:00+00:00
[2025-08-14T11:05:29.835+0000] {logging_mixin.py:150} INFO - [2025-08-14T11:05:29.835+0000] {dag.py:3504} INFO - Setting next_dagrun for example_subdag_operator.section-1 to None, run_after=None
[2025-08-14T11:05:29.836+0000] {logging_mixin.py:150} INFO - [2025-08-14T11:05:29.836+0000] {dag.py:3504} INFO - Setting next_dagrun for example_subdag_operator.section-2 to None, run_after=None
[2025-08-14T11:05:29.843+0000] {logging_mixin.py:150} INFO - [2025-08-14T11:05:29.843+0000] {dag.py:2742} INFO - Sync 2 DAGs
[2025-08-14T11:05:29.847+0000] {logging_mixin.py:150} INFO - [2025-08-14T11:05:29.847+0000] {dag.py:3504} INFO - Setting next_dagrun for example_subdag_operator.section-1 to None, run_after=None
[2025-08-14T11:05:29.848+0000] {logging_mixin.py:150} INFO - [2025-08-14T11:05:29.848+0000] {dag.py:3504} INFO - Setting next_dagrun for example_subdag_operator.section-2 to None, run_after=None
[2025-08-14T11:05:29.900+0000] {processor.py:179} INFO - Processing /home/vscode/.local/lib/python3.10/site-packages/airflow/example_dags/example_subdag_operator.py took 0.123 seconds
[2025-08-14T11:06:12.037+0000] {processor.py:157} INFO - Started process (PID=43830) to work on /home/vscode/.local/lib/python3.10/site-packages/airflow/example_dags/example_subdag_operator.py
[2025-08-14T11:06:12.038+0000] {processor.py:826} INFO - Processing file /home/vscode/.local/lib/python3.10/site-packages/airflow/example_dags/example_subdag_operator.py for tasks to queue
[2025-08-14T11:06:12.039+0000] {logging_mixin.py:150} INFO - [2025-08-14T11:06:12.038+0000] {dagbag.py:541} INFO - Filling up the DagBag from /home/vscode/.local/lib/python3.10/site-packages/airflow/example_dags/example_subdag_operator.py
[2025-08-14T11:06:12.054+0000] {processor.py:836} INFO - DAG(s) dict_keys(['example_subdag_operator.section-1', 'example_subdag_operator.section-2', 'example_subdag_operator']) retrieved from /home/vscode/.local/lib/python3.10/site-packages/airflow/example_dags/example_subdag_operator.py
[2025-08-14T11:06:12.065+0000] {logging_mixin.py:150} INFO - [2025-08-14T11:06:12.065+0000] {dag.py:2742} INFO - Sync 3 DAGs
[2025-08-14T11:06:12.079+0000] {logging_mixin.py:150} INFO - [2025-08-14T11:06:12.079+0000] {dag.py:3504} INFO - Setting next_dagrun for example_subdag_operator to 2022-01-01T00:00:00+00:00, run_after=2022-01-01T00:00:00+00:00
[2025-08-14T11:06:12.081+0000] {logging_mixin.py:150} INFO - [2025-08-14T11:06:12.081+0000] {dag.py:3504} INFO - Setting next_dagrun for example_subdag_operator.section-1 to None, run_after=None
[2025-08-14T11:06:12.082+0000] {logging_mixin.py:150} INFO - [2025-08-14T11:06:12.081+0000] {dag.py:3504} INFO - Setting next_dagrun for example_subdag_operator.section-2 to None, run_after=None
[2025-08-14T11:06:12.086+0000] {logging_mixin.py:150} INFO - [2025-08-14T11:06:12.086+0000] {dag.py:2742} INFO - Sync 2 DAGs
[2025-08-14T11:06:12.089+0000] {logging_mixin.py:150} INFO - [2025-08-14T11:06:12.089+0000] {dag.py:3504} INFO - Setting next_dagrun for example_subdag_operator.section-1 to None, run_after=None
[2025-08-14T11:06:12.089+0000] {logging_mixin.py:150} INFO - [2025-08-14T11:06:12.089+0000] {dag.py:3504} INFO - Setting next_dagrun for example_subdag_operator.section-2 to None, run_after=None
[2025-08-14T11:06:12.099+0000] {processor.py:179} INFO - Processing /home/vscode/.local/lib/python3.10/site-packages/airflow/example_dags/example_subdag_operator.py took 0.064 seconds
[2025-08-14T11:07:00.007+0000] {processor.py:157} INFO - Started process (PID=44285) to work on /home/vscode/.local/lib/python3.10/site-packages/airflow/example_dags/example_subdag_operator.py
[2025-08-14T11:07:00.008+0000] {processor.py:826} INFO - Processing file /home/vscode/.local/lib/python3.10/site-packages/airflow/example_dags/example_subdag_operator.py for tasks to queue
[2025-08-14T11:07:00.008+0000] {logging_mixin.py:150} INFO - [2025-08-14T11:07:00.008+0000] {dagbag.py:541} INFO - Filling up the DagBag from /home/vscode/.local/lib/python3.10/site-packages/airflow/example_dags/example_subdag_operator.py
[2025-08-14T11:07:00.024+0000] {processor.py:836} INFO - DAG(s) dict_keys(['example_subdag_operator.section-1', 'example_subdag_operator.section-2', 'example_subdag_operator']) retrieved from /home/vscode/.local/lib/python3.10/site-packages/airflow/example_dags/example_subdag_operator.py
[2025-08-14T11:07:00.036+0000] {logging_mixin.py:150} INFO - [2025-08-14T11:07:00.036+0000] {dag.py:2742} INFO - Sync 3 DAGs
[2025-08-14T11:07:00.050+0000] {logging_mixin.py:150} INFO - [2025-08-14T11:07:00.050+0000] {dag.py:3504} INFO - Setting next_dagrun for example_subdag_operator to 2022-01-01T00:00:00+00:00, run_after=2022-01-01T00:00:00+00:00
[2025-08-14T11:07:00.052+0000] {logging_mixin.py:150} INFO - [2025-08-14T11:07:00.052+0000] {dag.py:3504} INFO - Setting next_dagrun for example_subdag_operator.section-1 to None, run_after=None
[2025-08-14T11:07:00.053+0000] {logging_mixin.py:150} INFO - [2025-08-14T11:07:00.053+0000] {dag.py:3504} INFO - Setting next_dagrun for example_subdag_operator.section-2 to None, run_after=None
[2025-08-14T11:07:00.057+0000] {logging_mixin.py:150} INFO - [2025-08-14T11:07:00.057+0000] {dag.py:2742} INFO - Sync 2 DAGs
[2025-08-14T11:07:00.060+0000] {logging_mixin.py:150} INFO - [2025-08-14T11:07:00.060+0000] {dag.py:3504} INFO - Setting next_dagrun for example_subdag_operator.section-1 to None, run_after=None
[2025-08-14T11:07:00.060+0000] {logging_mixin.py:150} INFO - [2025-08-14T11:07:00.060+0000] {dag.py:3504} INFO - Setting next_dagrun for example_subdag_operator.section-2 to None, run_after=None
[2025-08-14T11:07:00.071+0000] {processor.py:179} INFO - Processing /home/vscode/.local/lib/python3.10/site-packages/airflow/example_dags/example_subdag_operator.py took 0.066 seconds
[2025-08-14T11:07:46.348+0000] {processor.py:157} INFO - Started process (PID=44732) to work on /home/vscode/.local/lib/python3.10/site-packages/airflow/example_dags/example_subdag_operator.py
[2025-08-14T11:07:46.349+0000] {processor.py:826} INFO - Processing file /home/vscode/.local/lib/python3.10/site-packages/airflow/example_dags/example_subdag_operator.py for tasks to queue
[2025-08-14T11:07:46.350+0000] {logging_mixin.py:150} INFO - [2025-08-14T11:07:46.349+0000] {dagbag.py:541} INFO - Filling up the DagBag from /home/vscode/.local/lib/python3.10/site-packages/airflow/example_dags/example_subdag_operator.py
[2025-08-14T11:07:46.370+0000] {processor.py:836} INFO - DAG(s) dict_keys(['example_subdag_operator.section-1', 'example_subdag_operator.section-2', 'example_subdag_operator']) retrieved from /home/vscode/.local/lib/python3.10/site-packages/airflow/example_dags/example_subdag_operator.py
[2025-08-14T11:07:46.389+0000] {logging_mixin.py:150} INFO - [2025-08-14T11:07:46.388+0000] {dag.py:2742} INFO - Sync 3 DAGs
[2025-08-14T11:07:46.412+0000] {logging_mixin.py:150} INFO - [2025-08-14T11:07:46.411+0000] {dag.py:3504} INFO - Setting next_dagrun for example_subdag_operator to 2022-01-01T00:00:00+00:00, run_after=2022-01-01T00:00:00+00:00
[2025-08-14T11:07:46.415+0000] {logging_mixin.py:150} INFO - [2025-08-14T11:07:46.414+0000] {dag.py:3504} INFO - Setting next_dagrun for example_subdag_operator.section-1 to None, run_after=None
[2025-08-14T11:07:46.415+0000] {logging_mixin.py:150} INFO - [2025-08-14T11:07:46.415+0000] {dag.py:3504} INFO - Setting next_dagrun for example_subdag_operator.section-2 to None, run_after=None
[2025-08-14T11:07:46.421+0000] {logging_mixin.py:150} INFO - [2025-08-14T11:07:46.421+0000] {dag.py:2742} INFO - Sync 2 DAGs
[2025-08-14T11:07:46.426+0000] {logging_mixin.py:150} INFO - [2025-08-14T11:07:46.426+0000] {dag.py:3504} INFO - Setting next_dagrun for example_subdag_operator.section-1 to None, run_after=None
[2025-08-14T11:07:46.427+0000] {logging_mixin.py:150} INFO - [2025-08-14T11:07:46.427+0000] {dag.py:3504} INFO - Setting next_dagrun for example_subdag_operator.section-2 to None, run_after=None
[2025-08-14T11:07:46.439+0000] {processor.py:179} INFO - Processing /home/vscode/.local/lib/python3.10/site-packages/airflow/example_dags/example_subdag_operator.py took 0.094 seconds
[2025-08-14T11:08:29.759+0000] {processor.py:157} INFO - Started process (PID=45152) to work on /home/vscode/.local/lib/python3.10/site-packages/airflow/example_dags/example_subdag_operator.py
[2025-08-14T11:08:29.759+0000] {processor.py:826} INFO - Processing file /home/vscode/.local/lib/python3.10/site-packages/airflow/example_dags/example_subdag_operator.py for tasks to queue
[2025-08-14T11:08:29.760+0000] {logging_mixin.py:150} INFO - [2025-08-14T11:08:29.760+0000] {dagbag.py:541} INFO - Filling up the DagBag from /home/vscode/.local/lib/python3.10/site-packages/airflow/example_dags/example_subdag_operator.py
[2025-08-14T11:08:29.775+0000] {processor.py:836} INFO - DAG(s) dict_keys(['example_subdag_operator.section-1', 'example_subdag_operator.section-2', 'example_subdag_operator']) retrieved from /home/vscode/.local/lib/python3.10/site-packages/airflow/example_dags/example_subdag_operator.py
[2025-08-14T11:08:29.786+0000] {logging_mixin.py:150} INFO - [2025-08-14T11:08:29.786+0000] {dag.py:2742} INFO - Sync 3 DAGs
[2025-08-14T11:08:29.800+0000] {logging_mixin.py:150} INFO - [2025-08-14T11:08:29.800+0000] {dag.py:3504} INFO - Setting next_dagrun for example_subdag_operator to 2022-01-01T00:00:00+00:00, run_after=2022-01-01T00:00:00+00:00
[2025-08-14T11:08:29.802+0000] {logging_mixin.py:150} INFO - [2025-08-14T11:08:29.802+0000] {dag.py:3504} INFO - Setting next_dagrun for example_subdag_operator.section-1 to None, run_after=None
[2025-08-14T11:08:29.803+0000] {logging_mixin.py:150} INFO - [2025-08-14T11:08:29.803+0000] {dag.py:3504} INFO - Setting next_dagrun for example_subdag_operator.section-2 to None, run_after=None
[2025-08-14T11:08:29.807+0000] {logging_mixin.py:150} INFO - [2025-08-14T11:08:29.807+0000] {dag.py:2742} INFO - Sync 2 DAGs
[2025-08-14T11:08:29.810+0000] {logging_mixin.py:150} INFO - [2025-08-14T11:08:29.810+0000] {dag.py:3504} INFO - Setting next_dagrun for example_subdag_operator.section-1 to None, run_after=None
[2025-08-14T11:08:29.810+0000] {logging_mixin.py:150} INFO - [2025-08-14T11:08:29.810+0000] {dag.py:3504} INFO - Setting next_dagrun for example_subdag_operator.section-2 to None, run_after=None
[2025-08-14T11:08:29.820+0000] {processor.py:179} INFO - Processing /home/vscode/.local/lib/python3.10/site-packages/airflow/example_dags/example_subdag_operator.py took 0.064 seconds
[2025-08-14T11:09:17.597+0000] {processor.py:157} INFO - Started process (PID=45608) to work on /home/vscode/.local/lib/python3.10/site-packages/airflow/example_dags/example_subdag_operator.py
[2025-08-14T11:09:17.597+0000] {processor.py:826} INFO - Processing file /home/vscode/.local/lib/python3.10/site-packages/airflow/example_dags/example_subdag_operator.py for tasks to queue
[2025-08-14T11:09:17.598+0000] {logging_mixin.py:150} INFO - [2025-08-14T11:09:17.598+0000] {dagbag.py:541} INFO - Filling up the DagBag from /home/vscode/.local/lib/python3.10/site-packages/airflow/example_dags/example_subdag_operator.py
[2025-08-14T11:09:17.614+0000] {processor.py:836} INFO - DAG(s) dict_keys(['example_subdag_operator.section-1', 'example_subdag_operator.section-2', 'example_subdag_operator']) retrieved from /home/vscode/.local/lib/python3.10/site-packages/airflow/example_dags/example_subdag_operator.py
[2025-08-14T11:09:17.625+0000] {logging_mixin.py:150} INFO - [2025-08-14T11:09:17.625+0000] {dag.py:2742} INFO - Sync 3 DAGs
[2025-08-14T11:09:17.639+0000] {logging_mixin.py:150} INFO - [2025-08-14T11:09:17.639+0000] {dag.py:3504} INFO - Setting next_dagrun for example_subdag_operator to 2022-01-01T00:00:00+00:00, run_after=2022-01-01T00:00:00+00:00
[2025-08-14T11:09:17.641+0000] {logging_mixin.py:150} INFO - [2025-08-14T11:09:17.641+0000] {dag.py:3504} INFO - Setting next_dagrun for example_subdag_operator.section-1 to None, run_after=None
[2025-08-14T11:09:17.642+0000] {logging_mixin.py:150} INFO - [2025-08-14T11:09:17.642+0000] {dag.py:3504} INFO - Setting next_dagrun for example_subdag_operator.section-2 to None, run_after=None
[2025-08-14T11:09:17.646+0000] {logging_mixin.py:150} INFO - [2025-08-14T11:09:17.646+0000] {dag.py:2742} INFO - Sync 2 DAGs
[2025-08-14T11:09:17.649+0000] {logging_mixin.py:150} INFO - [2025-08-14T11:09:17.649+0000] {dag.py:3504} INFO - Setting next_dagrun for example_subdag_operator.section-1 to None, run_after=None
[2025-08-14T11:09:17.649+0000] {logging_mixin.py:150} INFO - [2025-08-14T11:09:17.649+0000] {dag.py:3504} INFO - Setting next_dagrun for example_subdag_operator.section-2 to None, run_after=None
[2025-08-14T11:09:17.660+0000] {processor.py:179} INFO - Processing /home/vscode/.local/lib/python3.10/site-packages/airflow/example_dags/example_subdag_operator.py took 0.065 seconds
[2025-08-14T11:10:09.585+0000] {processor.py:157} INFO - Started process (PID=46093) to work on /home/vscode/.local/lib/python3.10/site-packages/airflow/example_dags/example_subdag_operator.py
[2025-08-14T11:10:09.586+0000] {processor.py:826} INFO - Processing file /home/vscode/.local/lib/python3.10/site-packages/airflow/example_dags/example_subdag_operator.py for tasks to queue
[2025-08-14T11:10:09.587+0000] {logging_mixin.py:150} INFO - [2025-08-14T11:10:09.586+0000] {dagbag.py:541} INFO - Filling up the DagBag from /home/vscode/.local/lib/python3.10/site-packages/airflow/example_dags/example_subdag_operator.py
[2025-08-14T11:10:09.600+0000] {processor.py:836} INFO - DAG(s) dict_keys(['example_subdag_operator.section-1', 'example_subdag_operator.section-2', 'example_subdag_operator']) retrieved from /home/vscode/.local/lib/python3.10/site-packages/airflow/example_dags/example_subdag_operator.py
[2025-08-14T11:10:09.611+0000] {logging_mixin.py:150} INFO - [2025-08-14T11:10:09.611+0000] {dag.py:2742} INFO - Sync 3 DAGs
[2025-08-14T11:10:09.625+0000] {logging_mixin.py:150} INFO - [2025-08-14T11:10:09.625+0000] {dag.py:3504} INFO - Setting next_dagrun for example_subdag_operator to 2022-01-01T00:00:00+00:00, run_after=2022-01-01T00:00:00+00:00
[2025-08-14T11:10:09.627+0000] {logging_mixin.py:150} INFO - [2025-08-14T11:10:09.627+0000] {dag.py:3504} INFO - Setting next_dagrun for example_subdag_operator.section-1 to None, run_after=None
[2025-08-14T11:10:09.628+0000] {logging_mixin.py:150} INFO - [2025-08-14T11:10:09.628+0000] {dag.py:3504} INFO - Setting next_dagrun for example_subdag_operator.section-2 to None, run_after=None
[2025-08-14T11:10:09.632+0000] {logging_mixin.py:150} INFO - [2025-08-14T11:10:09.632+0000] {dag.py:2742} INFO - Sync 2 DAGs
[2025-08-14T11:10:09.636+0000] {logging_mixin.py:150} INFO - [2025-08-14T11:10:09.636+0000] {dag.py:3504} INFO - Setting next_dagrun for example_subdag_operator.section-1 to None, run_after=None
[2025-08-14T11:10:09.636+0000] {logging_mixin.py:150} INFO - [2025-08-14T11:10:09.636+0000] {dag.py:3504} INFO - Setting next_dagrun for example_subdag_operator.section-2 to None, run_after=None
[2025-08-14T11:10:09.654+0000] {processor.py:179} INFO - Processing /home/vscode/.local/lib/python3.10/site-packages/airflow/example_dags/example_subdag_operator.py took 0.071 seconds
[2025-08-14T11:10:56.403+0000] {processor.py:157} INFO - Started process (PID=46550) to work on /home/vscode/.local/lib/python3.10/site-packages/airflow/example_dags/example_subdag_operator.py
[2025-08-14T11:10:56.404+0000] {processor.py:826} INFO - Processing file /home/vscode/.local/lib/python3.10/site-packages/airflow/example_dags/example_subdag_operator.py for tasks to queue
[2025-08-14T11:10:56.405+0000] {logging_mixin.py:150} INFO - [2025-08-14T11:10:56.405+0000] {dagbag.py:541} INFO - Filling up the DagBag from /home/vscode/.local/lib/python3.10/site-packages/airflow/example_dags/example_subdag_operator.py
[2025-08-14T11:10:56.420+0000] {processor.py:836} INFO - DAG(s) dict_keys(['example_subdag_operator.section-1', 'example_subdag_operator.section-2', 'example_subdag_operator']) retrieved from /home/vscode/.local/lib/python3.10/site-packages/airflow/example_dags/example_subdag_operator.py
[2025-08-14T11:10:56.432+0000] {logging_mixin.py:150} INFO - [2025-08-14T11:10:56.432+0000] {dag.py:2742} INFO - Sync 3 DAGs
[2025-08-14T11:10:56.447+0000] {logging_mixin.py:150} INFO - [2025-08-14T11:10:56.447+0000] {dag.py:3504} INFO - Setting next_dagrun for example_subdag_operator to 2022-01-01T00:00:00+00:00, run_after=2022-01-01T00:00:00+00:00
[2025-08-14T11:10:56.449+0000] {logging_mixin.py:150} INFO - [2025-08-14T11:10:56.449+0000] {dag.py:3504} INFO - Setting next_dagrun for example_subdag_operator.section-1 to None, run_after=None
[2025-08-14T11:10:56.449+0000] {logging_mixin.py:150} INFO - [2025-08-14T11:10:56.449+0000] {dag.py:3504} INFO - Setting next_dagrun for example_subdag_operator.section-2 to None, run_after=None
[2025-08-14T11:10:56.454+0000] {logging_mixin.py:150} INFO - [2025-08-14T11:10:56.454+0000] {dag.py:2742} INFO - Sync 2 DAGs
[2025-08-14T11:10:56.457+0000] {logging_mixin.py:150} INFO - [2025-08-14T11:10:56.457+0000] {dag.py:3504} INFO - Setting next_dagrun for example_subdag_operator.section-1 to None, run_after=None
[2025-08-14T11:10:56.457+0000] {logging_mixin.py:150} INFO - [2025-08-14T11:10:56.457+0000] {dag.py:3504} INFO - Setting next_dagrun for example_subdag_operator.section-2 to None, run_after=None
[2025-08-14T11:10:56.469+0000] {processor.py:179} INFO - Processing /home/vscode/.local/lib/python3.10/site-packages/airflow/example_dags/example_subdag_operator.py took 0.068 seconds
[2025-08-14T11:11:37.525+0000] {processor.py:157} INFO - Started process (PID=46947) to work on /home/vscode/.local/lib/python3.10/site-packages/airflow/example_dags/example_subdag_operator.py
[2025-08-14T11:11:37.526+0000] {processor.py:826} INFO - Processing file /home/vscode/.local/lib/python3.10/site-packages/airflow/example_dags/example_subdag_operator.py for tasks to queue
[2025-08-14T11:11:37.527+0000] {logging_mixin.py:150} INFO - [2025-08-14T11:11:37.527+0000] {dagbag.py:541} INFO - Filling up the DagBag from /home/vscode/.local/lib/python3.10/site-packages/airflow/example_dags/example_subdag_operator.py
[2025-08-14T11:11:37.542+0000] {processor.py:836} INFO - DAG(s) dict_keys(['example_subdag_operator.section-1', 'example_subdag_operator.section-2', 'example_subdag_operator']) retrieved from /home/vscode/.local/lib/python3.10/site-packages/airflow/example_dags/example_subdag_operator.py
[2025-08-14T11:11:37.554+0000] {logging_mixin.py:150} INFO - [2025-08-14T11:11:37.554+0000] {dag.py:2742} INFO - Sync 3 DAGs
[2025-08-14T11:11:37.574+0000] {logging_mixin.py:150} INFO - [2025-08-14T11:11:37.574+0000] {dag.py:3504} INFO - Setting next_dagrun for example_subdag_operator to 2022-01-01T00:00:00+00:00, run_after=2022-01-01T00:00:00+00:00
[2025-08-14T11:11:37.577+0000] {logging_mixin.py:150} INFO - [2025-08-14T11:11:37.576+0000] {dag.py:3504} INFO - Setting next_dagrun for example_subdag_operator.section-1 to None, run_after=None
[2025-08-14T11:11:37.577+0000] {logging_mixin.py:150} INFO - [2025-08-14T11:11:37.577+0000] {dag.py:3504} INFO - Setting next_dagrun for example_subdag_operator.section-2 to None, run_after=None
[2025-08-14T11:11:37.583+0000] {logging_mixin.py:150} INFO - [2025-08-14T11:11:37.583+0000] {dag.py:2742} INFO - Sync 2 DAGs
[2025-08-14T11:11:37.588+0000] {logging_mixin.py:150} INFO - [2025-08-14T11:11:37.587+0000] {dag.py:3504} INFO - Setting next_dagrun for example_subdag_operator.section-1 to None, run_after=None
[2025-08-14T11:11:37.588+0000] {logging_mixin.py:150} INFO - [2025-08-14T11:11:37.588+0000] {dag.py:3504} INFO - Setting next_dagrun for example_subdag_operator.section-2 to None, run_after=None
[2025-08-14T11:11:37.613+0000] {processor.py:179} INFO - Processing /home/vscode/.local/lib/python3.10/site-packages/airflow/example_dags/example_subdag_operator.py took 0.090 seconds
[2025-08-14T11:12:19.780+0000] {processor.py:157} INFO - Started process (PID=47347) to work on /home/vscode/.local/lib/python3.10/site-packages/airflow/example_dags/example_subdag_operator.py
[2025-08-14T11:12:19.781+0000] {processor.py:826} INFO - Processing file /home/vscode/.local/lib/python3.10/site-packages/airflow/example_dags/example_subdag_operator.py for tasks to queue
[2025-08-14T11:12:19.782+0000] {logging_mixin.py:150} INFO - [2025-08-14T11:12:19.781+0000] {dagbag.py:541} INFO - Filling up the DagBag from /home/vscode/.local/lib/python3.10/site-packages/airflow/example_dags/example_subdag_operator.py
[2025-08-14T11:12:19.795+0000] {processor.py:836} INFO - DAG(s) dict_keys(['example_subdag_operator.section-1', 'example_subdag_operator.section-2', 'example_subdag_operator']) retrieved from /home/vscode/.local/lib/python3.10/site-packages/airflow/example_dags/example_subdag_operator.py
[2025-08-14T11:12:19.806+0000] {logging_mixin.py:150} INFO - [2025-08-14T11:12:19.806+0000] {dag.py:2742} INFO - Sync 3 DAGs
[2025-08-14T11:12:19.820+0000] {logging_mixin.py:150} INFO - [2025-08-14T11:12:19.820+0000] {dag.py:3504} INFO - Setting next_dagrun for example_subdag_operator to 2022-01-01T00:00:00+00:00, run_after=2022-01-01T00:00:00+00:00
[2025-08-14T11:12:19.822+0000] {logging_mixin.py:150} INFO - [2025-08-14T11:12:19.822+0000] {dag.py:3504} INFO - Setting next_dagrun for example_subdag_operator.section-1 to None, run_after=None
[2025-08-14T11:12:19.823+0000] {logging_mixin.py:150} INFO - [2025-08-14T11:12:19.822+0000] {dag.py:3504} INFO - Setting next_dagrun for example_subdag_operator.section-2 to None, run_after=None
[2025-08-14T11:12:19.827+0000] {logging_mixin.py:150} INFO - [2025-08-14T11:12:19.827+0000] {dag.py:2742} INFO - Sync 2 DAGs
[2025-08-14T11:12:19.829+0000] {logging_mixin.py:150} INFO - [2025-08-14T11:12:19.829+0000] {dag.py:3504} INFO - Setting next_dagrun for example_subdag_operator.section-1 to None, run_after=None
[2025-08-14T11:12:19.830+0000] {logging_mixin.py:150} INFO - [2025-08-14T11:12:19.830+0000] {dag.py:3504} INFO - Setting next_dagrun for example_subdag_operator.section-2 to None, run_after=None
[2025-08-14T11:12:19.840+0000] {processor.py:179} INFO - Processing /home/vscode/.local/lib/python3.10/site-packages/airflow/example_dags/example_subdag_operator.py took 0.062 seconds
[2025-08-14T11:13:08.317+0000] {processor.py:157} INFO - Started process (PID=47810) to work on /home/vscode/.local/lib/python3.10/site-packages/airflow/example_dags/example_subdag_operator.py
[2025-08-14T11:13:08.318+0000] {processor.py:826} INFO - Processing file /home/vscode/.local/lib/python3.10/site-packages/airflow/example_dags/example_subdag_operator.py for tasks to queue
[2025-08-14T11:13:08.318+0000] {logging_mixin.py:150} INFO - [2025-08-14T11:13:08.318+0000] {dagbag.py:541} INFO - Filling up the DagBag from /home/vscode/.local/lib/python3.10/site-packages/airflow/example_dags/example_subdag_operator.py
[2025-08-14T11:13:08.333+0000] {processor.py:836} INFO - DAG(s) dict_keys(['example_subdag_operator.section-1', 'example_subdag_operator.section-2', 'example_subdag_operator']) retrieved from /home/vscode/.local/lib/python3.10/site-packages/airflow/example_dags/example_subdag_operator.py
[2025-08-14T11:13:08.344+0000] {logging_mixin.py:150} INFO - [2025-08-14T11:13:08.344+0000] {dag.py:2742} INFO - Sync 3 DAGs
[2025-08-14T11:13:08.358+0000] {logging_mixin.py:150} INFO - [2025-08-14T11:13:08.358+0000] {dag.py:3504} INFO - Setting next_dagrun for example_subdag_operator to 2022-01-01T00:00:00+00:00, run_after=2022-01-01T00:00:00+00:00
[2025-08-14T11:13:08.360+0000] {logging_mixin.py:150} INFO - [2025-08-14T11:13:08.360+0000] {dag.py:3504} INFO - Setting next_dagrun for example_subdag_operator.section-1 to None, run_after=None
[2025-08-14T11:13:08.361+0000] {logging_mixin.py:150} INFO - [2025-08-14T11:13:08.361+0000] {dag.py:3504} INFO - Setting next_dagrun for example_subdag_operator.section-2 to None, run_after=None
[2025-08-14T11:13:08.365+0000] {logging_mixin.py:150} INFO - [2025-08-14T11:13:08.365+0000] {dag.py:2742} INFO - Sync 2 DAGs
[2025-08-14T11:13:08.368+0000] {logging_mixin.py:150} INFO - [2025-08-14T11:13:08.368+0000] {dag.py:3504} INFO - Setting next_dagrun for example_subdag_operator.section-1 to None, run_after=None
[2025-08-14T11:13:08.368+0000] {logging_mixin.py:150} INFO - [2025-08-14T11:13:08.368+0000] {dag.py:3504} INFO - Setting next_dagrun for example_subdag_operator.section-2 to None, run_after=None
[2025-08-14T11:13:08.378+0000] {processor.py:179} INFO - Processing /home/vscode/.local/lib/python3.10/site-packages/airflow/example_dags/example_subdag_operator.py took 0.064 seconds
[2025-08-14T11:13:57.563+0000] {processor.py:157} INFO - Started process (PID=48281) to work on /home/vscode/.local/lib/python3.10/site-packages/airflow/example_dags/example_subdag_operator.py
[2025-08-14T11:13:57.563+0000] {processor.py:826} INFO - Processing file /home/vscode/.local/lib/python3.10/site-packages/airflow/example_dags/example_subdag_operator.py for tasks to queue
[2025-08-14T11:13:57.564+0000] {logging_mixin.py:150} INFO - [2025-08-14T11:13:57.564+0000] {dagbag.py:541} INFO - Filling up the DagBag from /home/vscode/.local/lib/python3.10/site-packages/airflow/example_dags/example_subdag_operator.py
[2025-08-14T11:13:57.579+0000] {processor.py:836} INFO - DAG(s) dict_keys(['example_subdag_operator.section-1', 'example_subdag_operator.section-2', 'example_subdag_operator']) retrieved from /home/vscode/.local/lib/python3.10/site-packages/airflow/example_dags/example_subdag_operator.py
[2025-08-14T11:13:57.590+0000] {logging_mixin.py:150} INFO - [2025-08-14T11:13:57.590+0000] {dag.py:2742} INFO - Sync 3 DAGs
[2025-08-14T11:13:57.604+0000] {logging_mixin.py:150} INFO - [2025-08-14T11:13:57.604+0000] {dag.py:3504} INFO - Setting next_dagrun for example_subdag_operator to 2022-01-01T00:00:00+00:00, run_after=2022-01-01T00:00:00+00:00
[2025-08-14T11:13:57.606+0000] {logging_mixin.py:150} INFO - [2025-08-14T11:13:57.606+0000] {dag.py:3504} INFO - Setting next_dagrun for example_subdag_operator.section-1 to None, run_after=None
[2025-08-14T11:13:57.607+0000] {logging_mixin.py:150} INFO - [2025-08-14T11:13:57.607+0000] {dag.py:3504} INFO - Setting next_dagrun for example_subdag_operator.section-2 to None, run_after=None
[2025-08-14T11:13:57.611+0000] {logging_mixin.py:150} INFO - [2025-08-14T11:13:57.611+0000] {dag.py:2742} INFO - Sync 2 DAGs
[2025-08-14T11:13:57.614+0000] {logging_mixin.py:150} INFO - [2025-08-14T11:13:57.614+0000] {dag.py:3504} INFO - Setting next_dagrun for example_subdag_operator.section-1 to None, run_after=None
[2025-08-14T11:13:57.614+0000] {logging_mixin.py:150} INFO - [2025-08-14T11:13:57.614+0000] {dag.py:3504} INFO - Setting next_dagrun for example_subdag_operator.section-2 to None, run_after=None
[2025-08-14T11:13:57.624+0000] {processor.py:179} INFO - Processing /home/vscode/.local/lib/python3.10/site-packages/airflow/example_dags/example_subdag_operator.py took 0.064 seconds
[2025-08-14T11:14:42.679+0000] {processor.py:157} INFO - Started process (PID=48714) to work on /home/vscode/.local/lib/python3.10/site-packages/airflow/example_dags/example_subdag_operator.py
[2025-08-14T11:14:42.679+0000] {processor.py:826} INFO - Processing file /home/vscode/.local/lib/python3.10/site-packages/airflow/example_dags/example_subdag_operator.py for tasks to queue
[2025-08-14T11:14:42.680+0000] {logging_mixin.py:150} INFO - [2025-08-14T11:14:42.680+0000] {dagbag.py:541} INFO - Filling up the DagBag from /home/vscode/.local/lib/python3.10/site-packages/airflow/example_dags/example_subdag_operator.py
[2025-08-14T11:14:42.695+0000] {processor.py:836} INFO - DAG(s) dict_keys(['example_subdag_operator.section-1', 'example_subdag_operator.section-2', 'example_subdag_operator']) retrieved from /home/vscode/.local/lib/python3.10/site-packages/airflow/example_dags/example_subdag_operator.py
[2025-08-14T11:14:42.706+0000] {logging_mixin.py:150} INFO - [2025-08-14T11:14:42.706+0000] {dag.py:2742} INFO - Sync 3 DAGs
[2025-08-14T11:14:42.720+0000] {logging_mixin.py:150} INFO - [2025-08-14T11:14:42.720+0000] {dag.py:3504} INFO - Setting next_dagrun for example_subdag_operator to 2022-01-01T00:00:00+00:00, run_after=2022-01-01T00:00:00+00:00
[2025-08-14T11:14:42.722+0000] {logging_mixin.py:150} INFO - [2025-08-14T11:14:42.722+0000] {dag.py:3504} INFO - Setting next_dagrun for example_subdag_operator.section-1 to None, run_after=None
[2025-08-14T11:14:42.723+0000] {logging_mixin.py:150} INFO - [2025-08-14T11:14:42.723+0000] {dag.py:3504} INFO - Setting next_dagrun for example_subdag_operator.section-2 to None, run_after=None
[2025-08-14T11:14:42.727+0000] {logging_mixin.py:150} INFO - [2025-08-14T11:14:42.727+0000] {dag.py:2742} INFO - Sync 2 DAGs
[2025-08-14T11:14:42.730+0000] {logging_mixin.py:150} INFO - [2025-08-14T11:14:42.730+0000] {dag.py:3504} INFO - Setting next_dagrun for example_subdag_operator.section-1 to None, run_after=None
[2025-08-14T11:14:42.730+0000] {logging_mixin.py:150} INFO - [2025-08-14T11:14:42.730+0000] {dag.py:3504} INFO - Setting next_dagrun for example_subdag_operator.section-2 to None, run_after=None
[2025-08-14T11:14:42.741+0000] {processor.py:179} INFO - Processing /home/vscode/.local/lib/python3.10/site-packages/airflow/example_dags/example_subdag_operator.py took 0.064 seconds
[2025-08-14T11:15:33.472+0000] {processor.py:157} INFO - Started process (PID=49200) to work on /home/vscode/.local/lib/python3.10/site-packages/airflow/example_dags/example_subdag_operator.py
[2025-08-14T11:15:33.473+0000] {processor.py:826} INFO - Processing file /home/vscode/.local/lib/python3.10/site-packages/airflow/example_dags/example_subdag_operator.py for tasks to queue
[2025-08-14T11:15:33.473+0000] {logging_mixin.py:150} INFO - [2025-08-14T11:15:33.473+0000] {dagbag.py:541} INFO - Filling up the DagBag from /home/vscode/.local/lib/python3.10/site-packages/airflow/example_dags/example_subdag_operator.py
[2025-08-14T11:15:33.488+0000] {processor.py:836} INFO - DAG(s) dict_keys(['example_subdag_operator.section-1', 'example_subdag_operator.section-2', 'example_subdag_operator']) retrieved from /home/vscode/.local/lib/python3.10/site-packages/airflow/example_dags/example_subdag_operator.py
[2025-08-14T11:15:33.499+0000] {logging_mixin.py:150} INFO - [2025-08-14T11:15:33.499+0000] {dag.py:2742} INFO - Sync 3 DAGs
[2025-08-14T11:15:33.513+0000] {logging_mixin.py:150} INFO - [2025-08-14T11:15:33.513+0000] {dag.py:3504} INFO - Setting next_dagrun for example_subdag_operator to 2022-01-01T00:00:00+00:00, run_after=2022-01-01T00:00:00+00:00
[2025-08-14T11:15:33.515+0000] {logging_mixin.py:150} INFO - [2025-08-14T11:15:33.515+0000] {dag.py:3504} INFO - Setting next_dagrun for example_subdag_operator.section-1 to None, run_after=None
[2025-08-14T11:15:33.516+0000] {logging_mixin.py:150} INFO - [2025-08-14T11:15:33.516+0000] {dag.py:3504} INFO - Setting next_dagrun for example_subdag_operator.section-2 to None, run_after=None
[2025-08-14T11:15:33.520+0000] {logging_mixin.py:150} INFO - [2025-08-14T11:15:33.520+0000] {dag.py:2742} INFO - Sync 2 DAGs
[2025-08-14T11:15:33.523+0000] {logging_mixin.py:150} INFO - [2025-08-14T11:15:33.523+0000] {dag.py:3504} INFO - Setting next_dagrun for example_subdag_operator.section-1 to None, run_after=None
[2025-08-14T11:15:33.523+0000] {logging_mixin.py:150} INFO - [2025-08-14T11:15:33.523+0000] {dag.py:3504} INFO - Setting next_dagrun for example_subdag_operator.section-2 to None, run_after=None
[2025-08-14T11:15:33.533+0000] {processor.py:179} INFO - Processing /home/vscode/.local/lib/python3.10/site-packages/airflow/example_dags/example_subdag_operator.py took 0.063 seconds
[2025-08-14T11:16:20.305+0000] {processor.py:157} INFO - Started process (PID=49650) to work on /home/vscode/.local/lib/python3.10/site-packages/airflow/example_dags/example_subdag_operator.py
[2025-08-14T11:16:20.306+0000] {processor.py:826} INFO - Processing file /home/vscode/.local/lib/python3.10/site-packages/airflow/example_dags/example_subdag_operator.py for tasks to queue
[2025-08-14T11:16:20.306+0000] {logging_mixin.py:150} INFO - [2025-08-14T11:16:20.306+0000] {dagbag.py:541} INFO - Filling up the DagBag from /home/vscode/.local/lib/python3.10/site-packages/airflow/example_dags/example_subdag_operator.py
[2025-08-14T11:16:20.321+0000] {processor.py:836} INFO - DAG(s) dict_keys(['example_subdag_operator.section-1', 'example_subdag_operator.section-2', 'example_subdag_operator']) retrieved from /home/vscode/.local/lib/python3.10/site-packages/airflow/example_dags/example_subdag_operator.py
[2025-08-14T11:16:20.332+0000] {logging_mixin.py:150} INFO - [2025-08-14T11:16:20.332+0000] {dag.py:2742} INFO - Sync 3 DAGs
[2025-08-14T11:16:20.351+0000] {logging_mixin.py:150} INFO - [2025-08-14T11:16:20.351+0000] {dag.py:3504} INFO - Setting next_dagrun for example_subdag_operator to 2022-01-01T00:00:00+00:00, run_after=2022-01-01T00:00:00+00:00
[2025-08-14T11:16:20.354+0000] {logging_mixin.py:150} INFO - [2025-08-14T11:16:20.354+0000] {dag.py:3504} INFO - Setting next_dagrun for example_subdag_operator.section-1 to None, run_after=None
[2025-08-14T11:16:20.355+0000] {logging_mixin.py:150} INFO - [2025-08-14T11:16:20.355+0000] {dag.py:3504} INFO - Setting next_dagrun for example_subdag_operator.section-2 to None, run_after=None
[2025-08-14T11:16:20.361+0000] {logging_mixin.py:150} INFO - [2025-08-14T11:16:20.360+0000] {dag.py:2742} INFO - Sync 2 DAGs
[2025-08-14T11:16:20.365+0000] {logging_mixin.py:150} INFO - [2025-08-14T11:16:20.364+0000] {dag.py:3504} INFO - Setting next_dagrun for example_subdag_operator.section-1 to None, run_after=None
[2025-08-14T11:16:20.365+0000] {logging_mixin.py:150} INFO - [2025-08-14T11:16:20.365+0000] {dag.py:3504} INFO - Setting next_dagrun for example_subdag_operator.section-2 to None, run_after=None
[2025-08-14T11:16:20.392+0000] {processor.py:179} INFO - Processing /home/vscode/.local/lib/python3.10/site-packages/airflow/example_dags/example_subdag_operator.py took 0.089 seconds
[2025-08-14T11:17:05.399+0000] {processor.py:157} INFO - Started process (PID=50077) to work on /home/vscode/.local/lib/python3.10/site-packages/airflow/example_dags/example_subdag_operator.py
[2025-08-14T11:17:05.400+0000] {processor.py:826} INFO - Processing file /home/vscode/.local/lib/python3.10/site-packages/airflow/example_dags/example_subdag_operator.py for tasks to queue
[2025-08-14T11:17:05.401+0000] {logging_mixin.py:150} INFO - [2025-08-14T11:17:05.400+0000] {dagbag.py:541} INFO - Filling up the DagBag from /home/vscode/.local/lib/python3.10/site-packages/airflow/example_dags/example_subdag_operator.py
[2025-08-14T11:17:05.416+0000] {processor.py:836} INFO - DAG(s) dict_keys(['example_subdag_operator.section-1', 'example_subdag_operator.section-2', 'example_subdag_operator']) retrieved from /home/vscode/.local/lib/python3.10/site-packages/airflow/example_dags/example_subdag_operator.py
[2025-08-14T11:17:05.428+0000] {logging_mixin.py:150} INFO - [2025-08-14T11:17:05.427+0000] {dag.py:2742} INFO - Sync 3 DAGs
[2025-08-14T11:17:05.441+0000] {logging_mixin.py:150} INFO - [2025-08-14T11:17:05.441+0000] {dag.py:3504} INFO - Setting next_dagrun for example_subdag_operator to 2022-01-01T00:00:00+00:00, run_after=2022-01-01T00:00:00+00:00
[2025-08-14T11:17:05.444+0000] {logging_mixin.py:150} INFO - [2025-08-14T11:17:05.443+0000] {dag.py:3504} INFO - Setting next_dagrun for example_subdag_operator.section-1 to None, run_after=None
[2025-08-14T11:17:05.444+0000] {logging_mixin.py:150} INFO - [2025-08-14T11:17:05.444+0000] {dag.py:3504} INFO - Setting next_dagrun for example_subdag_operator.section-2 to None, run_after=None
[2025-08-14T11:17:05.448+0000] {logging_mixin.py:150} INFO - [2025-08-14T11:17:05.448+0000] {dag.py:2742} INFO - Sync 2 DAGs
[2025-08-14T11:17:05.451+0000] {logging_mixin.py:150} INFO - [2025-08-14T11:17:05.451+0000] {dag.py:3504} INFO - Setting next_dagrun for example_subdag_operator.section-1 to None, run_after=None
[2025-08-14T11:17:05.452+0000] {logging_mixin.py:150} INFO - [2025-08-14T11:17:05.451+0000] {dag.py:3504} INFO - Setting next_dagrun for example_subdag_operator.section-2 to None, run_after=None
[2025-08-14T11:17:05.462+0000] {processor.py:179} INFO - Processing /home/vscode/.local/lib/python3.10/site-packages/airflow/example_dags/example_subdag_operator.py took 0.065 seconds
[2025-08-14T11:17:46.951+0000] {processor.py:157} INFO - Started process (PID=50479) to work on /home/vscode/.local/lib/python3.10/site-packages/airflow/example_dags/example_subdag_operator.py
[2025-08-14T11:17:46.952+0000] {processor.py:826} INFO - Processing file /home/vscode/.local/lib/python3.10/site-packages/airflow/example_dags/example_subdag_operator.py for tasks to queue
[2025-08-14T11:17:46.953+0000] {logging_mixin.py:150} INFO - [2025-08-14T11:17:46.953+0000] {dagbag.py:541} INFO - Filling up the DagBag from /home/vscode/.local/lib/python3.10/site-packages/airflow/example_dags/example_subdag_operator.py
[2025-08-14T11:17:46.978+0000] {processor.py:836} INFO - DAG(s) dict_keys(['example_subdag_operator.section-1', 'example_subdag_operator.section-2', 'example_subdag_operator']) retrieved from /home/vscode/.local/lib/python3.10/site-packages/airflow/example_dags/example_subdag_operator.py
[2025-08-14T11:17:47.001+0000] {logging_mixin.py:150} INFO - [2025-08-14T11:17:47.000+0000] {dag.py:2742} INFO - Sync 3 DAGs
[2025-08-14T11:17:47.022+0000] {logging_mixin.py:150} INFO - [2025-08-14T11:17:47.022+0000] {dag.py:3504} INFO - Setting next_dagrun for example_subdag_operator to 2022-01-01T00:00:00+00:00, run_after=2022-01-01T00:00:00+00:00
[2025-08-14T11:17:47.024+0000] {logging_mixin.py:150} INFO - [2025-08-14T11:17:47.024+0000] {dag.py:3504} INFO - Setting next_dagrun for example_subdag_operator.section-1 to None, run_after=None
[2025-08-14T11:17:47.025+0000] {logging_mixin.py:150} INFO - [2025-08-14T11:17:47.025+0000] {dag.py:3504} INFO - Setting next_dagrun for example_subdag_operator.section-2 to None, run_after=None
[2025-08-14T11:17:47.029+0000] {logging_mixin.py:150} INFO - [2025-08-14T11:17:47.029+0000] {dag.py:2742} INFO - Sync 2 DAGs
[2025-08-14T11:17:47.032+0000] {logging_mixin.py:150} INFO - [2025-08-14T11:17:47.032+0000] {dag.py:3504} INFO - Setting next_dagrun for example_subdag_operator.section-1 to None, run_after=None
[2025-08-14T11:17:47.032+0000] {logging_mixin.py:150} INFO - [2025-08-14T11:17:47.032+0000] {dag.py:3504} INFO - Setting next_dagrun for example_subdag_operator.section-2 to None, run_after=None
[2025-08-14T11:17:47.042+0000] {processor.py:179} INFO - Processing /home/vscode/.local/lib/python3.10/site-packages/airflow/example_dags/example_subdag_operator.py took 0.095 seconds
[2025-08-14T11:18:33.934+0000] {processor.py:157} INFO - Started process (PID=50924) to work on /home/vscode/.local/lib/python3.10/site-packages/airflow/example_dags/example_subdag_operator.py
[2025-08-14T11:18:33.934+0000] {processor.py:826} INFO - Processing file /home/vscode/.local/lib/python3.10/site-packages/airflow/example_dags/example_subdag_operator.py for tasks to queue
[2025-08-14T11:18:33.935+0000] {logging_mixin.py:150} INFO - [2025-08-14T11:18:33.935+0000] {dagbag.py:541} INFO - Filling up the DagBag from /home/vscode/.local/lib/python3.10/site-packages/airflow/example_dags/example_subdag_operator.py
[2025-08-14T11:18:33.950+0000] {processor.py:836} INFO - DAG(s) dict_keys(['example_subdag_operator.section-1', 'example_subdag_operator.section-2', 'example_subdag_operator']) retrieved from /home/vscode/.local/lib/python3.10/site-packages/airflow/example_dags/example_subdag_operator.py
[2025-08-14T11:18:33.961+0000] {logging_mixin.py:150} INFO - [2025-08-14T11:18:33.961+0000] {dag.py:2742} INFO - Sync 3 DAGs
[2025-08-14T11:18:33.977+0000] {logging_mixin.py:150} INFO - [2025-08-14T11:18:33.976+0000] {dag.py:3504} INFO - Setting next_dagrun for example_subdag_operator to 2022-01-01T00:00:00+00:00, run_after=2022-01-01T00:00:00+00:00
[2025-08-14T11:18:33.979+0000] {logging_mixin.py:150} INFO - [2025-08-14T11:18:33.979+0000] {dag.py:3504} INFO - Setting next_dagrun for example_subdag_operator.section-1 to None, run_after=None
[2025-08-14T11:18:33.979+0000] {logging_mixin.py:150} INFO - [2025-08-14T11:18:33.979+0000] {dag.py:3504} INFO - Setting next_dagrun for example_subdag_operator.section-2 to None, run_after=None
[2025-08-14T11:18:33.984+0000] {logging_mixin.py:150} INFO - [2025-08-14T11:18:33.984+0000] {dag.py:2742} INFO - Sync 2 DAGs
[2025-08-14T11:18:33.987+0000] {logging_mixin.py:150} INFO - [2025-08-14T11:18:33.986+0000] {dag.py:3504} INFO - Setting next_dagrun for example_subdag_operator.section-1 to None, run_after=None
[2025-08-14T11:18:33.987+0000] {logging_mixin.py:150} INFO - [2025-08-14T11:18:33.987+0000] {dag.py:3504} INFO - Setting next_dagrun for example_subdag_operator.section-2 to None, run_after=None
[2025-08-14T11:18:33.998+0000] {processor.py:179} INFO - Processing /home/vscode/.local/lib/python3.10/site-packages/airflow/example_dags/example_subdag_operator.py took 0.067 seconds
[2025-08-14T11:19:16.201+0000] {processor.py:157} INFO - Started process (PID=51330) to work on /home/vscode/.local/lib/python3.10/site-packages/airflow/example_dags/example_subdag_operator.py
[2025-08-14T11:19:16.201+0000] {processor.py:826} INFO - Processing file /home/vscode/.local/lib/python3.10/site-packages/airflow/example_dags/example_subdag_operator.py for tasks to queue
[2025-08-14T11:19:16.202+0000] {logging_mixin.py:150} INFO - [2025-08-14T11:19:16.202+0000] {dagbag.py:541} INFO - Filling up the DagBag from /home/vscode/.local/lib/python3.10/site-packages/airflow/example_dags/example_subdag_operator.py
[2025-08-14T11:19:16.216+0000] {processor.py:836} INFO - DAG(s) dict_keys(['example_subdag_operator.section-1', 'example_subdag_operator.section-2', 'example_subdag_operator']) retrieved from /home/vscode/.local/lib/python3.10/site-packages/airflow/example_dags/example_subdag_operator.py
[2025-08-14T11:19:16.226+0000] {logging_mixin.py:150} INFO - [2025-08-14T11:19:16.226+0000] {dag.py:2742} INFO - Sync 3 DAGs
[2025-08-14T11:19:16.240+0000] {logging_mixin.py:150} INFO - [2025-08-14T11:19:16.240+0000] {dag.py:3504} INFO - Setting next_dagrun for example_subdag_operator to 2022-01-01T00:00:00+00:00, run_after=2022-01-01T00:00:00+00:00
[2025-08-14T11:19:16.242+0000] {logging_mixin.py:150} INFO - [2025-08-14T11:19:16.242+0000] {dag.py:3504} INFO - Setting next_dagrun for example_subdag_operator.section-1 to None, run_after=None
[2025-08-14T11:19:16.243+0000] {logging_mixin.py:150} INFO - [2025-08-14T11:19:16.243+0000] {dag.py:3504} INFO - Setting next_dagrun for example_subdag_operator.section-2 to None, run_after=None
[2025-08-14T11:19:16.247+0000] {logging_mixin.py:150} INFO - [2025-08-14T11:19:16.247+0000] {dag.py:2742} INFO - Sync 2 DAGs
[2025-08-14T11:19:16.250+0000] {logging_mixin.py:150} INFO - [2025-08-14T11:19:16.250+0000] {dag.py:3504} INFO - Setting next_dagrun for example_subdag_operator.section-1 to None, run_after=None
[2025-08-14T11:19:16.250+0000] {logging_mixin.py:150} INFO - [2025-08-14T11:19:16.250+0000] {dag.py:3504} INFO - Setting next_dagrun for example_subdag_operator.section-2 to None, run_after=None
[2025-08-14T11:19:16.260+0000] {processor.py:179} INFO - Processing /home/vscode/.local/lib/python3.10/site-packages/airflow/example_dags/example_subdag_operator.py took 0.062 seconds
[2025-08-14T11:20:07.388+0000] {processor.py:157} INFO - Started process (PID=51814) to work on /home/vscode/.local/lib/python3.10/site-packages/airflow/example_dags/example_subdag_operator.py
[2025-08-14T11:20:07.389+0000] {processor.py:826} INFO - Processing file /home/vscode/.local/lib/python3.10/site-packages/airflow/example_dags/example_subdag_operator.py for tasks to queue
[2025-08-14T11:20:07.390+0000] {logging_mixin.py:150} INFO - [2025-08-14T11:20:07.389+0000] {dagbag.py:541} INFO - Filling up the DagBag from /home/vscode/.local/lib/python3.10/site-packages/airflow/example_dags/example_subdag_operator.py
[2025-08-14T11:20:07.405+0000] {processor.py:836} INFO - DAG(s) dict_keys(['example_subdag_operator.section-1', 'example_subdag_operator.section-2', 'example_subdag_operator']) retrieved from /home/vscode/.local/lib/python3.10/site-packages/airflow/example_dags/example_subdag_operator.py
[2025-08-14T11:20:07.417+0000] {logging_mixin.py:150} INFO - [2025-08-14T11:20:07.417+0000] {dag.py:2742} INFO - Sync 3 DAGs
[2025-08-14T11:20:07.431+0000] {logging_mixin.py:150} INFO - [2025-08-14T11:20:07.431+0000] {dag.py:3504} INFO - Setting next_dagrun for example_subdag_operator to 2022-01-01T00:00:00+00:00, run_after=2022-01-01T00:00:00+00:00
[2025-08-14T11:20:07.434+0000] {logging_mixin.py:150} INFO - [2025-08-14T11:20:07.434+0000] {dag.py:3504} INFO - Setting next_dagrun for example_subdag_operator.section-1 to None, run_after=None
[2025-08-14T11:20:07.434+0000] {logging_mixin.py:150} INFO - [2025-08-14T11:20:07.434+0000] {dag.py:3504} INFO - Setting next_dagrun for example_subdag_operator.section-2 to None, run_after=None
[2025-08-14T11:20:07.439+0000] {logging_mixin.py:150} INFO - [2025-08-14T11:20:07.439+0000] {dag.py:2742} INFO - Sync 2 DAGs
[2025-08-14T11:20:07.442+0000] {logging_mixin.py:150} INFO - [2025-08-14T11:20:07.442+0000] {dag.py:3504} INFO - Setting next_dagrun for example_subdag_operator.section-1 to None, run_after=None
[2025-08-14T11:20:07.442+0000] {logging_mixin.py:150} INFO - [2025-08-14T11:20:07.442+0000] {dag.py:3504} INFO - Setting next_dagrun for example_subdag_operator.section-2 to None, run_after=None
[2025-08-14T11:20:07.453+0000] {processor.py:179} INFO - Processing /home/vscode/.local/lib/python3.10/site-packages/airflow/example_dags/example_subdag_operator.py took 0.067 seconds
[2025-08-14T11:20:52.234+0000] {processor.py:157} INFO - Started process (PID=52254) to work on /home/vscode/.local/lib/python3.10/site-packages/airflow/example_dags/example_subdag_operator.py
[2025-08-14T11:20:52.234+0000] {processor.py:826} INFO - Processing file /home/vscode/.local/lib/python3.10/site-packages/airflow/example_dags/example_subdag_operator.py for tasks to queue
[2025-08-14T11:20:52.235+0000] {logging_mixin.py:150} INFO - [2025-08-14T11:20:52.235+0000] {dagbag.py:541} INFO - Filling up the DagBag from /home/vscode/.local/lib/python3.10/site-packages/airflow/example_dags/example_subdag_operator.py
[2025-08-14T11:20:52.249+0000] {processor.py:836} INFO - DAG(s) dict_keys(['example_subdag_operator.section-1', 'example_subdag_operator.section-2', 'example_subdag_operator']) retrieved from /home/vscode/.local/lib/python3.10/site-packages/airflow/example_dags/example_subdag_operator.py
[2025-08-14T11:20:52.260+0000] {logging_mixin.py:150} INFO - [2025-08-14T11:20:52.259+0000] {dag.py:2742} INFO - Sync 3 DAGs
[2025-08-14T11:20:52.273+0000] {logging_mixin.py:150} INFO - [2025-08-14T11:20:52.273+0000] {dag.py:3504} INFO - Setting next_dagrun for example_subdag_operator to 2022-01-01T00:00:00+00:00, run_after=2022-01-01T00:00:00+00:00
[2025-08-14T11:20:52.275+0000] {logging_mixin.py:150} INFO - [2025-08-14T11:20:52.275+0000] {dag.py:3504} INFO - Setting next_dagrun for example_subdag_operator.section-1 to None, run_after=None
[2025-08-14T11:20:52.276+0000] {logging_mixin.py:150} INFO - [2025-08-14T11:20:52.276+0000] {dag.py:3504} INFO - Setting next_dagrun for example_subdag_operator.section-2 to None, run_after=None
[2025-08-14T11:20:52.280+0000] {logging_mixin.py:150} INFO - [2025-08-14T11:20:52.280+0000] {dag.py:2742} INFO - Sync 2 DAGs
[2025-08-14T11:20:52.283+0000] {logging_mixin.py:150} INFO - [2025-08-14T11:20:52.283+0000] {dag.py:3504} INFO - Setting next_dagrun for example_subdag_operator.section-1 to None, run_after=None
[2025-08-14T11:20:52.283+0000] {logging_mixin.py:150} INFO - [2025-08-14T11:20:52.283+0000] {dag.py:3504} INFO - Setting next_dagrun for example_subdag_operator.section-2 to None, run_after=None
[2025-08-14T11:20:52.293+0000] {processor.py:179} INFO - Processing /home/vscode/.local/lib/python3.10/site-packages/airflow/example_dags/example_subdag_operator.py took 0.062 seconds
[2025-08-14T11:21:40.149+0000] {processor.py:157} INFO - Started process (PID=52704) to work on /home/vscode/.local/lib/python3.10/site-packages/airflow/example_dags/example_subdag_operator.py
[2025-08-14T11:21:40.149+0000] {processor.py:826} INFO - Processing file /home/vscode/.local/lib/python3.10/site-packages/airflow/example_dags/example_subdag_operator.py for tasks to queue
[2025-08-14T11:21:40.150+0000] {logging_mixin.py:150} INFO - [2025-08-14T11:21:40.150+0000] {dagbag.py:541} INFO - Filling up the DagBag from /home/vscode/.local/lib/python3.10/site-packages/airflow/example_dags/example_subdag_operator.py
[2025-08-14T11:21:40.165+0000] {processor.py:836} INFO - DAG(s) dict_keys(['example_subdag_operator.section-1', 'example_subdag_operator.section-2', 'example_subdag_operator']) retrieved from /home/vscode/.local/lib/python3.10/site-packages/airflow/example_dags/example_subdag_operator.py
[2025-08-14T11:21:40.175+0000] {logging_mixin.py:150} INFO - [2025-08-14T11:21:40.175+0000] {dag.py:2742} INFO - Sync 3 DAGs
[2025-08-14T11:21:40.190+0000] {logging_mixin.py:150} INFO - [2025-08-14T11:21:40.190+0000] {dag.py:3504} INFO - Setting next_dagrun for example_subdag_operator to 2022-01-01T00:00:00+00:00, run_after=2022-01-01T00:00:00+00:00
[2025-08-14T11:21:40.192+0000] {logging_mixin.py:150} INFO - [2025-08-14T11:21:40.192+0000] {dag.py:3504} INFO - Setting next_dagrun for example_subdag_operator.section-1 to None, run_after=None
[2025-08-14T11:21:40.192+0000] {logging_mixin.py:150} INFO - [2025-08-14T11:21:40.192+0000] {dag.py:3504} INFO - Setting next_dagrun for example_subdag_operator.section-2 to None, run_after=None
[2025-08-14T11:21:40.197+0000] {logging_mixin.py:150} INFO - [2025-08-14T11:21:40.197+0000] {dag.py:2742} INFO - Sync 2 DAGs
[2025-08-14T11:21:40.199+0000] {logging_mixin.py:150} INFO - [2025-08-14T11:21:40.199+0000] {dag.py:3504} INFO - Setting next_dagrun for example_subdag_operator.section-1 to None, run_after=None
[2025-08-14T11:21:40.200+0000] {logging_mixin.py:150} INFO - [2025-08-14T11:21:40.200+0000] {dag.py:3504} INFO - Setting next_dagrun for example_subdag_operator.section-2 to None, run_after=None
[2025-08-14T11:21:40.210+0000] {processor.py:179} INFO - Processing /home/vscode/.local/lib/python3.10/site-packages/airflow/example_dags/example_subdag_operator.py took 0.063 seconds
[2025-08-14T11:22:24.908+0000] {processor.py:157} INFO - Started process (PID=53139) to work on /home/vscode/.local/lib/python3.10/site-packages/airflow/example_dags/example_subdag_operator.py
[2025-08-14T11:22:24.908+0000] {processor.py:826} INFO - Processing file /home/vscode/.local/lib/python3.10/site-packages/airflow/example_dags/example_subdag_operator.py for tasks to queue
[2025-08-14T11:22:24.909+0000] {logging_mixin.py:150} INFO - [2025-08-14T11:22:24.909+0000] {dagbag.py:541} INFO - Filling up the DagBag from /home/vscode/.local/lib/python3.10/site-packages/airflow/example_dags/example_subdag_operator.py
[2025-08-14T11:22:24.924+0000] {processor.py:836} INFO - DAG(s) dict_keys(['example_subdag_operator.section-1', 'example_subdag_operator.section-2', 'example_subdag_operator']) retrieved from /home/vscode/.local/lib/python3.10/site-packages/airflow/example_dags/example_subdag_operator.py
[2025-08-14T11:22:24.935+0000] {logging_mixin.py:150} INFO - [2025-08-14T11:22:24.935+0000] {dag.py:2742} INFO - Sync 3 DAGs
[2025-08-14T11:22:24.949+0000] {logging_mixin.py:150} INFO - [2025-08-14T11:22:24.949+0000] {dag.py:3504} INFO - Setting next_dagrun for example_subdag_operator to 2022-01-01T00:00:00+00:00, run_after=2022-01-01T00:00:00+00:00
[2025-08-14T11:22:24.951+0000] {logging_mixin.py:150} INFO - [2025-08-14T11:22:24.951+0000] {dag.py:3504} INFO - Setting next_dagrun for example_subdag_operator.section-1 to None, run_after=None
[2025-08-14T11:22:24.952+0000] {logging_mixin.py:150} INFO - [2025-08-14T11:22:24.952+0000] {dag.py:3504} INFO - Setting next_dagrun for example_subdag_operator.section-2 to None, run_after=None
[2025-08-14T11:22:24.956+0000] {logging_mixin.py:150} INFO - [2025-08-14T11:22:24.956+0000] {dag.py:2742} INFO - Sync 2 DAGs
[2025-08-14T11:22:24.959+0000] {logging_mixin.py:150} INFO - [2025-08-14T11:22:24.959+0000] {dag.py:3504} INFO - Setting next_dagrun for example_subdag_operator.section-1 to None, run_after=None
[2025-08-14T11:22:24.959+0000] {logging_mixin.py:150} INFO - [2025-08-14T11:22:24.959+0000] {dag.py:3504} INFO - Setting next_dagrun for example_subdag_operator.section-2 to None, run_after=None
[2025-08-14T11:22:24.969+0000] {processor.py:179} INFO - Processing /home/vscode/.local/lib/python3.10/site-packages/airflow/example_dags/example_subdag_operator.py took 0.064 seconds
[2025-08-14T11:23:12.514+0000] {processor.py:157} INFO - Started process (PID=53591) to work on /home/vscode/.local/lib/python3.10/site-packages/airflow/example_dags/example_subdag_operator.py
[2025-08-14T11:23:12.515+0000] {processor.py:826} INFO - Processing file /home/vscode/.local/lib/python3.10/site-packages/airflow/example_dags/example_subdag_operator.py for tasks to queue
[2025-08-14T11:23:12.515+0000] {logging_mixin.py:150} INFO - [2025-08-14T11:23:12.515+0000] {dagbag.py:541} INFO - Filling up the DagBag from /home/vscode/.local/lib/python3.10/site-packages/airflow/example_dags/example_subdag_operator.py
[2025-08-14T11:23:12.529+0000] {processor.py:836} INFO - DAG(s) dict_keys(['example_subdag_operator.section-1', 'example_subdag_operator.section-2', 'example_subdag_operator']) retrieved from /home/vscode/.local/lib/python3.10/site-packages/airflow/example_dags/example_subdag_operator.py
[2025-08-14T11:23:12.541+0000] {logging_mixin.py:150} INFO - [2025-08-14T11:23:12.541+0000] {dag.py:2742} INFO - Sync 3 DAGs
[2025-08-14T11:23:12.555+0000] {logging_mixin.py:150} INFO - [2025-08-14T11:23:12.555+0000] {dag.py:3504} INFO - Setting next_dagrun for example_subdag_operator to 2022-01-01T00:00:00+00:00, run_after=2022-01-01T00:00:00+00:00
[2025-08-14T11:23:12.557+0000] {logging_mixin.py:150} INFO - [2025-08-14T11:23:12.557+0000] {dag.py:3504} INFO - Setting next_dagrun for example_subdag_operator.section-1 to None, run_after=None
[2025-08-14T11:23:12.557+0000] {logging_mixin.py:150} INFO - [2025-08-14T11:23:12.557+0000] {dag.py:3504} INFO - Setting next_dagrun for example_subdag_operator.section-2 to None, run_after=None
[2025-08-14T11:23:12.562+0000] {logging_mixin.py:150} INFO - [2025-08-14T11:23:12.562+0000] {dag.py:2742} INFO - Sync 2 DAGs
[2025-08-14T11:23:12.564+0000] {logging_mixin.py:150} INFO - [2025-08-14T11:23:12.564+0000] {dag.py:3504} INFO - Setting next_dagrun for example_subdag_operator.section-1 to None, run_after=None
[2025-08-14T11:23:12.565+0000] {logging_mixin.py:150} INFO - [2025-08-14T11:23:12.565+0000] {dag.py:3504} INFO - Setting next_dagrun for example_subdag_operator.section-2 to None, run_after=None
[2025-08-14T11:23:12.576+0000] {processor.py:179} INFO - Processing /home/vscode/.local/lib/python3.10/site-packages/airflow/example_dags/example_subdag_operator.py took 0.064 seconds
[2025-08-14T11:24:01.638+0000] {processor.py:157} INFO - Started process (PID=54062) to work on /home/vscode/.local/lib/python3.10/site-packages/airflow/example_dags/example_subdag_operator.py
[2025-08-14T11:24:01.639+0000] {processor.py:826} INFO - Processing file /home/vscode/.local/lib/python3.10/site-packages/airflow/example_dags/example_subdag_operator.py for tasks to queue
[2025-08-14T11:24:01.640+0000] {logging_mixin.py:150} INFO - [2025-08-14T11:24:01.639+0000] {dagbag.py:541} INFO - Filling up the DagBag from /home/vscode/.local/lib/python3.10/site-packages/airflow/example_dags/example_subdag_operator.py
[2025-08-14T11:24:01.654+0000] {processor.py:836} INFO - DAG(s) dict_keys(['example_subdag_operator.section-1', 'example_subdag_operator.section-2', 'example_subdag_operator']) retrieved from /home/vscode/.local/lib/python3.10/site-packages/airflow/example_dags/example_subdag_operator.py
[2025-08-14T11:24:01.666+0000] {logging_mixin.py:150} INFO - [2025-08-14T11:24:01.666+0000] {dag.py:2742} INFO - Sync 3 DAGs
[2025-08-14T11:24:01.680+0000] {logging_mixin.py:150} INFO - [2025-08-14T11:24:01.680+0000] {dag.py:3504} INFO - Setting next_dagrun for example_subdag_operator to 2022-01-01T00:00:00+00:00, run_after=2022-01-01T00:00:00+00:00
[2025-08-14T11:24:01.682+0000] {logging_mixin.py:150} INFO - [2025-08-14T11:24:01.682+0000] {dag.py:3504} INFO - Setting next_dagrun for example_subdag_operator.section-1 to None, run_after=None
[2025-08-14T11:24:01.683+0000] {logging_mixin.py:150} INFO - [2025-08-14T11:24:01.683+0000] {dag.py:3504} INFO - Setting next_dagrun for example_subdag_operator.section-2 to None, run_after=None
[2025-08-14T11:24:01.688+0000] {logging_mixin.py:150} INFO - [2025-08-14T11:24:01.688+0000] {dag.py:2742} INFO - Sync 2 DAGs
[2025-08-14T11:24:01.691+0000] {logging_mixin.py:150} INFO - [2025-08-14T11:24:01.691+0000] {dag.py:3504} INFO - Setting next_dagrun for example_subdag_operator.section-1 to None, run_after=None
[2025-08-14T11:24:01.691+0000] {logging_mixin.py:150} INFO - [2025-08-14T11:24:01.691+0000] {dag.py:3504} INFO - Setting next_dagrun for example_subdag_operator.section-2 to None, run_after=None
[2025-08-14T11:24:01.701+0000] {processor.py:179} INFO - Processing /home/vscode/.local/lib/python3.10/site-packages/airflow/example_dags/example_subdag_operator.py took 0.065 seconds
[2025-08-14T11:24:49.803+0000] {processor.py:157} INFO - Started process (PID=54513) to work on /home/vscode/.local/lib/python3.10/site-packages/airflow/example_dags/example_subdag_operator.py
[2025-08-14T11:24:49.804+0000] {processor.py:826} INFO - Processing file /home/vscode/.local/lib/python3.10/site-packages/airflow/example_dags/example_subdag_operator.py for tasks to queue
[2025-08-14T11:24:49.804+0000] {logging_mixin.py:150} INFO - [2025-08-14T11:24:49.804+0000] {dagbag.py:541} INFO - Filling up the DagBag from /home/vscode/.local/lib/python3.10/site-packages/airflow/example_dags/example_subdag_operator.py
[2025-08-14T11:24:49.818+0000] {processor.py:836} INFO - DAG(s) dict_keys(['example_subdag_operator.section-1', 'example_subdag_operator.section-2', 'example_subdag_operator']) retrieved from /home/vscode/.local/lib/python3.10/site-packages/airflow/example_dags/example_subdag_operator.py
[2025-08-14T11:24:49.829+0000] {logging_mixin.py:150} INFO - [2025-08-14T11:24:49.829+0000] {dag.py:2742} INFO - Sync 3 DAGs
[2025-08-14T11:24:49.843+0000] {logging_mixin.py:150} INFO - [2025-08-14T11:24:49.843+0000] {dag.py:3504} INFO - Setting next_dagrun for example_subdag_operator to 2022-01-01T00:00:00+00:00, run_after=2022-01-01T00:00:00+00:00
[2025-08-14T11:24:49.845+0000] {logging_mixin.py:150} INFO - [2025-08-14T11:24:49.845+0000] {dag.py:3504} INFO - Setting next_dagrun for example_subdag_operator.section-1 to None, run_after=None
[2025-08-14T11:24:49.846+0000] {logging_mixin.py:150} INFO - [2025-08-14T11:24:49.846+0000] {dag.py:3504} INFO - Setting next_dagrun for example_subdag_operator.section-2 to None, run_after=None
[2025-08-14T11:24:49.850+0000] {logging_mixin.py:150} INFO - [2025-08-14T11:24:49.850+0000] {dag.py:2742} INFO - Sync 2 DAGs
[2025-08-14T11:24:49.853+0000] {logging_mixin.py:150} INFO - [2025-08-14T11:24:49.853+0000] {dag.py:3504} INFO - Setting next_dagrun for example_subdag_operator.section-1 to None, run_after=None
[2025-08-14T11:24:49.853+0000] {logging_mixin.py:150} INFO - [2025-08-14T11:24:49.853+0000] {dag.py:3504} INFO - Setting next_dagrun for example_subdag_operator.section-2 to None, run_after=None
[2025-08-14T11:24:49.864+0000] {processor.py:179} INFO - Processing /home/vscode/.local/lib/python3.10/site-packages/airflow/example_dags/example_subdag_operator.py took 0.063 seconds
[2025-08-14T11:25:40.033+0000] {processor.py:157} INFO - Started process (PID=54991) to work on /home/vscode/.local/lib/python3.10/site-packages/airflow/example_dags/example_subdag_operator.py
[2025-08-14T11:25:40.034+0000] {processor.py:826} INFO - Processing file /home/vscode/.local/lib/python3.10/site-packages/airflow/example_dags/example_subdag_operator.py for tasks to queue
[2025-08-14T11:25:40.035+0000] {logging_mixin.py:150} INFO - [2025-08-14T11:25:40.035+0000] {dagbag.py:541} INFO - Filling up the DagBag from /home/vscode/.local/lib/python3.10/site-packages/airflow/example_dags/example_subdag_operator.py
[2025-08-14T11:25:40.050+0000] {processor.py:836} INFO - DAG(s) dict_keys(['example_subdag_operator.section-1', 'example_subdag_operator.section-2', 'example_subdag_operator']) retrieved from /home/vscode/.local/lib/python3.10/site-packages/airflow/example_dags/example_subdag_operator.py
[2025-08-14T11:25:40.061+0000] {logging_mixin.py:150} INFO - [2025-08-14T11:25:40.060+0000] {dag.py:2742} INFO - Sync 3 DAGs
[2025-08-14T11:25:40.075+0000] {logging_mixin.py:150} INFO - [2025-08-14T11:25:40.075+0000] {dag.py:3504} INFO - Setting next_dagrun for example_subdag_operator to 2022-01-01T00:00:00+00:00, run_after=2022-01-01T00:00:00+00:00
[2025-08-14T11:25:40.077+0000] {logging_mixin.py:150} INFO - [2025-08-14T11:25:40.077+0000] {dag.py:3504} INFO - Setting next_dagrun for example_subdag_operator.section-1 to None, run_after=None
[2025-08-14T11:25:40.078+0000] {logging_mixin.py:150} INFO - [2025-08-14T11:25:40.078+0000] {dag.py:3504} INFO - Setting next_dagrun for example_subdag_operator.section-2 to None, run_after=None
[2025-08-14T11:25:40.082+0000] {logging_mixin.py:150} INFO - [2025-08-14T11:25:40.082+0000] {dag.py:2742} INFO - Sync 2 DAGs
[2025-08-14T11:25:40.085+0000] {logging_mixin.py:150} INFO - [2025-08-14T11:25:40.085+0000] {dag.py:3504} INFO - Setting next_dagrun for example_subdag_operator.section-1 to None, run_after=None
[2025-08-14T11:25:40.085+0000] {logging_mixin.py:150} INFO - [2025-08-14T11:25:40.085+0000] {dag.py:3504} INFO - Setting next_dagrun for example_subdag_operator.section-2 to None, run_after=None
[2025-08-14T11:25:40.096+0000] {processor.py:179} INFO - Processing /home/vscode/.local/lib/python3.10/site-packages/airflow/example_dags/example_subdag_operator.py took 0.064 seconds
[2025-08-14T11:26:27.463+0000] {processor.py:157} INFO - Started process (PID=55442) to work on /home/vscode/.local/lib/python3.10/site-packages/airflow/example_dags/example_subdag_operator.py
[2025-08-14T11:26:27.464+0000] {processor.py:826} INFO - Processing file /home/vscode/.local/lib/python3.10/site-packages/airflow/example_dags/example_subdag_operator.py for tasks to queue
[2025-08-14T11:26:27.465+0000] {logging_mixin.py:150} INFO - [2025-08-14T11:26:27.464+0000] {dagbag.py:541} INFO - Filling up the DagBag from /home/vscode/.local/lib/python3.10/site-packages/airflow/example_dags/example_subdag_operator.py
[2025-08-14T11:26:27.479+0000] {processor.py:836} INFO - DAG(s) dict_keys(['example_subdag_operator.section-1', 'example_subdag_operator.section-2', 'example_subdag_operator']) retrieved from /home/vscode/.local/lib/python3.10/site-packages/airflow/example_dags/example_subdag_operator.py
[2025-08-14T11:26:27.491+0000] {logging_mixin.py:150} INFO - [2025-08-14T11:26:27.491+0000] {dag.py:2742} INFO - Sync 3 DAGs
[2025-08-14T11:26:27.505+0000] {logging_mixin.py:150} INFO - [2025-08-14T11:26:27.505+0000] {dag.py:3504} INFO - Setting next_dagrun for example_subdag_operator to 2022-01-01T00:00:00+00:00, run_after=2022-01-01T00:00:00+00:00
[2025-08-14T11:26:27.507+0000] {logging_mixin.py:150} INFO - [2025-08-14T11:26:27.507+0000] {dag.py:3504} INFO - Setting next_dagrun for example_subdag_operator.section-1 to None, run_after=None
[2025-08-14T11:26:27.507+0000] {logging_mixin.py:150} INFO - [2025-08-14T11:26:27.507+0000] {dag.py:3504} INFO - Setting next_dagrun for example_subdag_operator.section-2 to None, run_after=None
[2025-08-14T11:26:27.512+0000] {logging_mixin.py:150} INFO - [2025-08-14T11:26:27.512+0000] {dag.py:2742} INFO - Sync 2 DAGs
[2025-08-14T11:26:27.515+0000] {logging_mixin.py:150} INFO - [2025-08-14T11:26:27.515+0000] {dag.py:3504} INFO - Setting next_dagrun for example_subdag_operator.section-1 to None, run_after=None
[2025-08-14T11:26:27.515+0000] {logging_mixin.py:150} INFO - [2025-08-14T11:26:27.515+0000] {dag.py:3504} INFO - Setting next_dagrun for example_subdag_operator.section-2 to None, run_after=None
[2025-08-14T11:26:27.526+0000] {processor.py:179} INFO - Processing /home/vscode/.local/lib/python3.10/site-packages/airflow/example_dags/example_subdag_operator.py took 0.065 seconds
