[2025-08-14T09:39:40.011+0000] {processor.py:157} INFO - Started process (PID=3734) to work on /home/vscode/.local/lib/python3.10/site-packages/airflow/example_dags/example_latest_only.py
[2025-08-14T09:39:40.012+0000] {processor.py:826} INFO - Processing file /home/vscode/.local/lib/python3.10/site-packages/airflow/example_dags/example_latest_only.py for tasks to queue
[2025-08-14T09:39:40.012+0000] {logging_mixin.py:150} INFO - [2025-08-14T09:39:40.012+0000] {dagbag.py:541} INFO - Filling up the DagBag from /home/vscode/.local/lib/python3.10/site-packages/airflow/example_dags/example_latest_only.py
[2025-08-14T09:39:40.017+0000] {processor.py:836} INFO - DAG(s) dict_keys(['latest_only']) retrieved from /home/vscode/.local/lib/python3.10/site-packages/airflow/example_dags/example_latest_only.py
[2025-08-14T09:39:40.093+0000] {logging_mixin.py:150} INFO - [2025-08-14T09:39:40.093+0000] {manager.py:504} INFO - Created Permission View: can edit on DAG:latest_only
[2025-08-14T09:39:40.104+0000] {logging_mixin.py:150} INFO - [2025-08-14T09:39:40.104+0000] {manager.py:504} INFO - Created Permission View: can read on DAG:latest_only
[2025-08-14T09:39:40.110+0000] {logging_mixin.py:150} INFO - [2025-08-14T09:39:40.110+0000] {manager.py:504} INFO - Created Permission View: can delete on DAG:latest_only
[2025-08-14T09:39:40.118+0000] {logging_mixin.py:150} INFO - [2025-08-14T09:39:40.118+0000] {dag.py:2742} INFO - Sync 1 DAGs
[2025-08-14T09:39:40.125+0000] {logging_mixin.py:150} INFO - [2025-08-14T09:39:40.125+0000] {dag.py:2763} INFO - Creating ORM DAG for latest_only
[2025-08-14T09:39:40.131+0000] {logging_mixin.py:150} INFO - [2025-08-14T09:39:40.131+0000] {dag.py:3504} INFO - Setting next_dagrun for latest_only to 2025-08-14T05:39:40.131710+00:00, run_after=2025-08-14T09:39:40.131710+00:00
[2025-08-14T09:39:40.148+0000] {processor.py:179} INFO - Processing /home/vscode/.local/lib/python3.10/site-packages/airflow/example_dags/example_latest_only.py took 0.139 seconds
[2025-08-14T09:40:25.422+0000] {processor.py:157} INFO - Started process (PID=4038) to work on /home/vscode/.local/lib/python3.10/site-packages/airflow/example_dags/example_latest_only.py
[2025-08-14T09:40:25.423+0000] {processor.py:826} INFO - Processing file /home/vscode/.local/lib/python3.10/site-packages/airflow/example_dags/example_latest_only.py for tasks to queue
[2025-08-14T09:40:25.423+0000] {logging_mixin.py:150} INFO - [2025-08-14T09:40:25.423+0000] {dagbag.py:541} INFO - Filling up the DagBag from /home/vscode/.local/lib/python3.10/site-packages/airflow/example_dags/example_latest_only.py
[2025-08-14T09:40:25.428+0000] {processor.py:836} INFO - DAG(s) dict_keys(['latest_only']) retrieved from /home/vscode/.local/lib/python3.10/site-packages/airflow/example_dags/example_latest_only.py
[2025-08-14T09:40:25.439+0000] {logging_mixin.py:150} INFO - [2025-08-14T09:40:25.439+0000] {dag.py:2742} INFO - Sync 1 DAGs
[2025-08-14T09:40:25.453+0000] {logging_mixin.py:150} INFO - [2025-08-14T09:40:25.453+0000] {dag.py:3504} INFO - Setting next_dagrun for latest_only to 2025-08-14T05:40:25.453297+00:00, run_after=2025-08-14T09:40:25.453297+00:00
[2025-08-14T09:40:25.468+0000] {processor.py:179} INFO - Processing /home/vscode/.local/lib/python3.10/site-packages/airflow/example_dags/example_latest_only.py took 0.047 seconds
[2025-08-14T09:41:09.979+0000] {processor.py:157} INFO - Started process (PID=4354) to work on /home/vscode/.local/lib/python3.10/site-packages/airflow/example_dags/example_latest_only.py
[2025-08-14T09:41:09.980+0000] {processor.py:826} INFO - Processing file /home/vscode/.local/lib/python3.10/site-packages/airflow/example_dags/example_latest_only.py for tasks to queue
[2025-08-14T09:41:09.980+0000] {logging_mixin.py:150} INFO - [2025-08-14T09:41:09.980+0000] {dagbag.py:541} INFO - Filling up the DagBag from /home/vscode/.local/lib/python3.10/site-packages/airflow/example_dags/example_latest_only.py
[2025-08-14T09:41:09.984+0000] {processor.py:836} INFO - DAG(s) dict_keys(['latest_only']) retrieved from /home/vscode/.local/lib/python3.10/site-packages/airflow/example_dags/example_latest_only.py
[2025-08-14T09:41:09.996+0000] {logging_mixin.py:150} INFO - [2025-08-14T09:41:09.996+0000] {dag.py:2742} INFO - Sync 1 DAGs
[2025-08-14T09:41:10.011+0000] {logging_mixin.py:150} INFO - [2025-08-14T09:41:10.010+0000] {dag.py:3504} INFO - Setting next_dagrun for latest_only to 2025-08-14T05:41:10.010707+00:00, run_after=2025-08-14T09:41:10.010707+00:00
[2025-08-14T09:41:10.027+0000] {processor.py:179} INFO - Processing /home/vscode/.local/lib/python3.10/site-packages/airflow/example_dags/example_latest_only.py took 0.050 seconds
[2025-08-14T09:41:55.352+0000] {processor.py:157} INFO - Started process (PID=4686) to work on /home/vscode/.local/lib/python3.10/site-packages/airflow/example_dags/example_latest_only.py
[2025-08-14T09:41:55.353+0000] {processor.py:826} INFO - Processing file /home/vscode/.local/lib/python3.10/site-packages/airflow/example_dags/example_latest_only.py for tasks to queue
[2025-08-14T09:41:55.354+0000] {logging_mixin.py:150} INFO - [2025-08-14T09:41:55.353+0000] {dagbag.py:541} INFO - Filling up the DagBag from /home/vscode/.local/lib/python3.10/site-packages/airflow/example_dags/example_latest_only.py
[2025-08-14T09:41:55.358+0000] {processor.py:836} INFO - DAG(s) dict_keys(['latest_only']) retrieved from /home/vscode/.local/lib/python3.10/site-packages/airflow/example_dags/example_latest_only.py
[2025-08-14T09:41:55.368+0000] {logging_mixin.py:150} INFO - [2025-08-14T09:41:55.368+0000] {dag.py:2742} INFO - Sync 1 DAGs
[2025-08-14T09:41:55.383+0000] {logging_mixin.py:150} INFO - [2025-08-14T09:41:55.382+0000] {dag.py:3504} INFO - Setting next_dagrun for latest_only to 2025-08-14T05:41:55.382786+00:00, run_after=2025-08-14T09:41:55.382786+00:00
[2025-08-14T09:41:55.398+0000] {processor.py:179} INFO - Processing /home/vscode/.local/lib/python3.10/site-packages/airflow/example_dags/example_latest_only.py took 0.047 seconds
[2025-08-14T09:42:40.209+0000] {processor.py:157} INFO - Started process (PID=5008) to work on /home/vscode/.local/lib/python3.10/site-packages/airflow/example_dags/example_latest_only.py
[2025-08-14T09:42:40.210+0000] {processor.py:826} INFO - Processing file /home/vscode/.local/lib/python3.10/site-packages/airflow/example_dags/example_latest_only.py for tasks to queue
[2025-08-14T09:42:40.211+0000] {logging_mixin.py:150} INFO - [2025-08-14T09:42:40.210+0000] {dagbag.py:541} INFO - Filling up the DagBag from /home/vscode/.local/lib/python3.10/site-packages/airflow/example_dags/example_latest_only.py
[2025-08-14T09:42:40.215+0000] {processor.py:836} INFO - DAG(s) dict_keys(['latest_only']) retrieved from /home/vscode/.local/lib/python3.10/site-packages/airflow/example_dags/example_latest_only.py
[2025-08-14T09:42:40.227+0000] {logging_mixin.py:150} INFO - [2025-08-14T09:42:40.227+0000] {dag.py:2742} INFO - Sync 1 DAGs
[2025-08-14T09:42:40.241+0000] {logging_mixin.py:150} INFO - [2025-08-14T09:42:40.241+0000] {dag.py:3504} INFO - Setting next_dagrun for latest_only to 2025-08-14T05:42:40.240916+00:00, run_after=2025-08-14T09:42:40.240916+00:00
[2025-08-14T09:42:40.256+0000] {processor.py:179} INFO - Processing /home/vscode/.local/lib/python3.10/site-packages/airflow/example_dags/example_latest_only.py took 0.049 seconds
[2025-08-14T09:43:28.705+0000] {processor.py:157} INFO - Started process (PID=5350) to work on /home/vscode/.local/lib/python3.10/site-packages/airflow/example_dags/example_latest_only.py
[2025-08-14T09:43:28.706+0000] {processor.py:826} INFO - Processing file /home/vscode/.local/lib/python3.10/site-packages/airflow/example_dags/example_latest_only.py for tasks to queue
[2025-08-14T09:43:28.706+0000] {logging_mixin.py:150} INFO - [2025-08-14T09:43:28.706+0000] {dagbag.py:541} INFO - Filling up the DagBag from /home/vscode/.local/lib/python3.10/site-packages/airflow/example_dags/example_latest_only.py
[2025-08-14T09:43:28.710+0000] {processor.py:836} INFO - DAG(s) dict_keys(['latest_only']) retrieved from /home/vscode/.local/lib/python3.10/site-packages/airflow/example_dags/example_latest_only.py
[2025-08-14T09:43:28.721+0000] {logging_mixin.py:150} INFO - [2025-08-14T09:43:28.721+0000] {dag.py:2742} INFO - Sync 1 DAGs
[2025-08-14T09:43:28.735+0000] {logging_mixin.py:150} INFO - [2025-08-14T09:43:28.735+0000] {dag.py:3504} INFO - Setting next_dagrun for latest_only to 2025-08-14T05:43:28.735439+00:00, run_after=2025-08-14T09:43:28.735439+00:00
[2025-08-14T09:43:28.751+0000] {processor.py:179} INFO - Processing /home/vscode/.local/lib/python3.10/site-packages/airflow/example_dags/example_latest_only.py took 0.048 seconds
[2025-08-14T09:44:12.953+0000] {processor.py:157} INFO - Started process (PID=5685) to work on /home/vscode/.local/lib/python3.10/site-packages/airflow/example_dags/example_latest_only.py
[2025-08-14T09:44:12.954+0000] {processor.py:826} INFO - Processing file /home/vscode/.local/lib/python3.10/site-packages/airflow/example_dags/example_latest_only.py for tasks to queue
[2025-08-14T09:44:12.954+0000] {logging_mixin.py:150} INFO - [2025-08-14T09:44:12.954+0000] {dagbag.py:541} INFO - Filling up the DagBag from /home/vscode/.local/lib/python3.10/site-packages/airflow/example_dags/example_latest_only.py
[2025-08-14T09:44:12.958+0000] {processor.py:836} INFO - DAG(s) dict_keys(['latest_only']) retrieved from /home/vscode/.local/lib/python3.10/site-packages/airflow/example_dags/example_latest_only.py
[2025-08-14T09:44:12.969+0000] {logging_mixin.py:150} INFO - [2025-08-14T09:44:12.969+0000] {dag.py:2742} INFO - Sync 1 DAGs
[2025-08-14T09:44:12.983+0000] {logging_mixin.py:150} INFO - [2025-08-14T09:44:12.982+0000] {dag.py:3504} INFO - Setting next_dagrun for latest_only to 2025-08-14T05:44:12.982798+00:00, run_after=2025-08-14T09:44:12.982798+00:00
[2025-08-14T09:44:12.998+0000] {processor.py:179} INFO - Processing /home/vscode/.local/lib/python3.10/site-packages/airflow/example_dags/example_latest_only.py took 0.047 seconds
[2025-08-14T09:45:00.251+0000] {processor.py:157} INFO - Started process (PID=6039) to work on /home/vscode/.local/lib/python3.10/site-packages/airflow/example_dags/example_latest_only.py
[2025-08-14T09:45:00.252+0000] {processor.py:826} INFO - Processing file /home/vscode/.local/lib/python3.10/site-packages/airflow/example_dags/example_latest_only.py for tasks to queue
[2025-08-14T09:45:00.252+0000] {logging_mixin.py:150} INFO - [2025-08-14T09:45:00.252+0000] {dagbag.py:541} INFO - Filling up the DagBag from /home/vscode/.local/lib/python3.10/site-packages/airflow/example_dags/example_latest_only.py
[2025-08-14T09:45:00.257+0000] {processor.py:836} INFO - DAG(s) dict_keys(['latest_only']) retrieved from /home/vscode/.local/lib/python3.10/site-packages/airflow/example_dags/example_latest_only.py
[2025-08-14T09:45:00.267+0000] {logging_mixin.py:150} INFO - [2025-08-14T09:45:00.267+0000] {dag.py:2742} INFO - Sync 1 DAGs
[2025-08-14T09:45:00.281+0000] {logging_mixin.py:150} INFO - [2025-08-14T09:45:00.281+0000] {dag.py:3504} INFO - Setting next_dagrun for latest_only to 2025-08-14T05:45:00.281300+00:00, run_after=2025-08-14T09:45:00.281300+00:00
[2025-08-14T09:45:00.299+0000] {processor.py:179} INFO - Processing /home/vscode/.local/lib/python3.10/site-packages/airflow/example_dags/example_latest_only.py took 0.050 seconds
[2025-08-14T09:45:42.498+0000] {processor.py:157} INFO - Started process (PID=6342) to work on /home/vscode/.local/lib/python3.10/site-packages/airflow/example_dags/example_latest_only.py
[2025-08-14T09:45:42.499+0000] {processor.py:826} INFO - Processing file /home/vscode/.local/lib/python3.10/site-packages/airflow/example_dags/example_latest_only.py for tasks to queue
[2025-08-14T09:45:42.499+0000] {logging_mixin.py:150} INFO - [2025-08-14T09:45:42.499+0000] {dagbag.py:541} INFO - Filling up the DagBag from /home/vscode/.local/lib/python3.10/site-packages/airflow/example_dags/example_latest_only.py
[2025-08-14T09:45:42.504+0000] {processor.py:836} INFO - DAG(s) dict_keys(['latest_only']) retrieved from /home/vscode/.local/lib/python3.10/site-packages/airflow/example_dags/example_latest_only.py
[2025-08-14T09:45:42.515+0000] {logging_mixin.py:150} INFO - [2025-08-14T09:45:42.514+0000] {dag.py:2742} INFO - Sync 1 DAGs
[2025-08-14T09:45:42.528+0000] {logging_mixin.py:150} INFO - [2025-08-14T09:45:42.528+0000] {dag.py:3504} INFO - Setting next_dagrun for latest_only to 2025-08-14T05:45:42.528596+00:00, run_after=2025-08-14T09:45:42.528596+00:00
[2025-08-14T09:45:42.544+0000] {processor.py:179} INFO - Processing /home/vscode/.local/lib/python3.10/site-packages/airflow/example_dags/example_latest_only.py took 0.048 seconds
[2025-08-14T09:46:29.330+0000] {processor.py:157} INFO - Started process (PID=6648) to work on /home/vscode/.local/lib/python3.10/site-packages/airflow/example_dags/example_latest_only.py
[2025-08-14T09:46:29.331+0000] {processor.py:826} INFO - Processing file /home/vscode/.local/lib/python3.10/site-packages/airflow/example_dags/example_latest_only.py for tasks to queue
[2025-08-14T09:46:29.331+0000] {logging_mixin.py:150} INFO - [2025-08-14T09:46:29.331+0000] {dagbag.py:541} INFO - Filling up the DagBag from /home/vscode/.local/lib/python3.10/site-packages/airflow/example_dags/example_latest_only.py
[2025-08-14T09:46:29.336+0000] {processor.py:836} INFO - DAG(s) dict_keys(['latest_only']) retrieved from /home/vscode/.local/lib/python3.10/site-packages/airflow/example_dags/example_latest_only.py
[2025-08-14T09:46:29.347+0000] {logging_mixin.py:150} INFO - [2025-08-14T09:46:29.347+0000] {dag.py:2742} INFO - Sync 1 DAGs
[2025-08-14T09:46:29.361+0000] {logging_mixin.py:150} INFO - [2025-08-14T09:46:29.361+0000] {dag.py:3504} INFO - Setting next_dagrun for latest_only to 2025-08-14T05:46:29.361276+00:00, run_after=2025-08-14T09:46:29.361276+00:00
[2025-08-14T09:46:29.377+0000] {processor.py:179} INFO - Processing /home/vscode/.local/lib/python3.10/site-packages/airflow/example_dags/example_latest_only.py took 0.048 seconds
[2025-08-14T09:47:16.699+0000] {processor.py:157} INFO - Started process (PID=6970) to work on /home/vscode/.local/lib/python3.10/site-packages/airflow/example_dags/example_latest_only.py
[2025-08-14T09:47:16.700+0000] {processor.py:826} INFO - Processing file /home/vscode/.local/lib/python3.10/site-packages/airflow/example_dags/example_latest_only.py for tasks to queue
[2025-08-14T09:47:16.701+0000] {logging_mixin.py:150} INFO - [2025-08-14T09:47:16.700+0000] {dagbag.py:541} INFO - Filling up the DagBag from /home/vscode/.local/lib/python3.10/site-packages/airflow/example_dags/example_latest_only.py
[2025-08-14T09:47:16.705+0000] {processor.py:836} INFO - DAG(s) dict_keys(['latest_only']) retrieved from /home/vscode/.local/lib/python3.10/site-packages/airflow/example_dags/example_latest_only.py
[2025-08-14T09:47:16.716+0000] {logging_mixin.py:150} INFO - [2025-08-14T09:47:16.716+0000] {dag.py:2742} INFO - Sync 1 DAGs
[2025-08-14T09:47:16.731+0000] {logging_mixin.py:150} INFO - [2025-08-14T09:47:16.731+0000] {dag.py:3504} INFO - Setting next_dagrun for latest_only to 2025-08-14T05:47:16.731232+00:00, run_after=2025-08-14T09:47:16.731232+00:00
[2025-08-14T09:47:16.751+0000] {processor.py:179} INFO - Processing /home/vscode/.local/lib/python3.10/site-packages/airflow/example_dags/example_latest_only.py took 0.053 seconds
[2025-08-14T09:48:02.921+0000] {processor.py:157} INFO - Started process (PID=7296) to work on /home/vscode/.local/lib/python3.10/site-packages/airflow/example_dags/example_latest_only.py
[2025-08-14T09:48:02.921+0000] {processor.py:826} INFO - Processing file /home/vscode/.local/lib/python3.10/site-packages/airflow/example_dags/example_latest_only.py for tasks to queue
[2025-08-14T09:48:02.922+0000] {logging_mixin.py:150} INFO - [2025-08-14T09:48:02.922+0000] {dagbag.py:541} INFO - Filling up the DagBag from /home/vscode/.local/lib/python3.10/site-packages/airflow/example_dags/example_latest_only.py
[2025-08-14T09:48:02.926+0000] {processor.py:836} INFO - DAG(s) dict_keys(['latest_only']) retrieved from /home/vscode/.local/lib/python3.10/site-packages/airflow/example_dags/example_latest_only.py
[2025-08-14T09:48:02.937+0000] {logging_mixin.py:150} INFO - [2025-08-14T09:48:02.937+0000] {dag.py:2742} INFO - Sync 1 DAGs
[2025-08-14T09:48:02.950+0000] {logging_mixin.py:150} INFO - [2025-08-14T09:48:02.950+0000] {dag.py:3504} INFO - Setting next_dagrun for latest_only to 2025-08-14T05:48:02.950727+00:00, run_after=2025-08-14T09:48:02.950727+00:00
[2025-08-14T09:48:02.966+0000] {processor.py:179} INFO - Processing /home/vscode/.local/lib/python3.10/site-packages/airflow/example_dags/example_latest_only.py took 0.047 seconds
[2025-08-14T09:48:49.593+0000] {processor.py:157} INFO - Started process (PID=7637) to work on /home/vscode/.local/lib/python3.10/site-packages/airflow/example_dags/example_latest_only.py
[2025-08-14T09:48:49.594+0000] {processor.py:826} INFO - Processing file /home/vscode/.local/lib/python3.10/site-packages/airflow/example_dags/example_latest_only.py for tasks to queue
[2025-08-14T09:48:49.594+0000] {logging_mixin.py:150} INFO - [2025-08-14T09:48:49.594+0000] {dagbag.py:541} INFO - Filling up the DagBag from /home/vscode/.local/lib/python3.10/site-packages/airflow/example_dags/example_latest_only.py
[2025-08-14T09:48:49.599+0000] {processor.py:836} INFO - DAG(s) dict_keys(['latest_only']) retrieved from /home/vscode/.local/lib/python3.10/site-packages/airflow/example_dags/example_latest_only.py
[2025-08-14T09:48:49.610+0000] {logging_mixin.py:150} INFO - [2025-08-14T09:48:49.610+0000] {dag.py:2742} INFO - Sync 1 DAGs
[2025-08-14T09:48:49.626+0000] {logging_mixin.py:150} INFO - [2025-08-14T09:48:49.626+0000] {dag.py:3504} INFO - Setting next_dagrun for latest_only to 2025-08-14T05:48:49.625887+00:00, run_after=2025-08-14T09:48:49.625887+00:00
[2025-08-14T09:48:49.642+0000] {processor.py:179} INFO - Processing /home/vscode/.local/lib/python3.10/site-packages/airflow/example_dags/example_latest_only.py took 0.051 seconds
[2025-08-14T09:49:34.282+0000] {processor.py:157} INFO - Started process (PID=7980) to work on /home/vscode/.local/lib/python3.10/site-packages/airflow/example_dags/example_latest_only.py
[2025-08-14T09:49:34.283+0000] {processor.py:826} INFO - Processing file /home/vscode/.local/lib/python3.10/site-packages/airflow/example_dags/example_latest_only.py for tasks to queue
[2025-08-14T09:49:34.283+0000] {logging_mixin.py:150} INFO - [2025-08-14T09:49:34.283+0000] {dagbag.py:541} INFO - Filling up the DagBag from /home/vscode/.local/lib/python3.10/site-packages/airflow/example_dags/example_latest_only.py
[2025-08-14T09:49:34.287+0000] {processor.py:836} INFO - DAG(s) dict_keys(['latest_only']) retrieved from /home/vscode/.local/lib/python3.10/site-packages/airflow/example_dags/example_latest_only.py
[2025-08-14T09:49:34.298+0000] {logging_mixin.py:150} INFO - [2025-08-14T09:49:34.298+0000] {dag.py:2742} INFO - Sync 1 DAGs
[2025-08-14T09:49:34.312+0000] {logging_mixin.py:150} INFO - [2025-08-14T09:49:34.311+0000] {dag.py:3504} INFO - Setting next_dagrun for latest_only to 2025-08-14T05:49:34.311747+00:00, run_after=2025-08-14T09:49:34.311747+00:00
[2025-08-14T09:49:34.327+0000] {processor.py:179} INFO - Processing /home/vscode/.local/lib/python3.10/site-packages/airflow/example_dags/example_latest_only.py took 0.047 seconds
[2025-08-14T09:50:20.692+0000] {processor.py:157} INFO - Started process (PID=8316) to work on /home/vscode/.local/lib/python3.10/site-packages/airflow/example_dags/example_latest_only.py
[2025-08-14T09:50:20.693+0000] {processor.py:826} INFO - Processing file /home/vscode/.local/lib/python3.10/site-packages/airflow/example_dags/example_latest_only.py for tasks to queue
[2025-08-14T09:50:20.693+0000] {logging_mixin.py:150} INFO - [2025-08-14T09:50:20.693+0000] {dagbag.py:541} INFO - Filling up the DagBag from /home/vscode/.local/lib/python3.10/site-packages/airflow/example_dags/example_latest_only.py
[2025-08-14T09:50:20.698+0000] {processor.py:836} INFO - DAG(s) dict_keys(['latest_only']) retrieved from /home/vscode/.local/lib/python3.10/site-packages/airflow/example_dags/example_latest_only.py
[2025-08-14T09:50:20.708+0000] {logging_mixin.py:150} INFO - [2025-08-14T09:50:20.708+0000] {dag.py:2742} INFO - Sync 1 DAGs
[2025-08-14T09:50:20.723+0000] {logging_mixin.py:150} INFO - [2025-08-14T09:50:20.723+0000] {dag.py:3504} INFO - Setting next_dagrun for latest_only to 2025-08-14T05:50:20.723614+00:00, run_after=2025-08-14T09:50:20.723614+00:00
[2025-08-14T09:50:20.738+0000] {processor.py:179} INFO - Processing /home/vscode/.local/lib/python3.10/site-packages/airflow/example_dags/example_latest_only.py took 0.048 seconds
[2025-08-14T09:51:03.332+0000] {processor.py:157} INFO - Started process (PID=8643) to work on /home/vscode/.local/lib/python3.10/site-packages/airflow/example_dags/example_latest_only.py
[2025-08-14T09:51:03.333+0000] {processor.py:826} INFO - Processing file /home/vscode/.local/lib/python3.10/site-packages/airflow/example_dags/example_latest_only.py for tasks to queue
[2025-08-14T09:51:03.334+0000] {logging_mixin.py:150} INFO - [2025-08-14T09:51:03.333+0000] {dagbag.py:541} INFO - Filling up the DagBag from /home/vscode/.local/lib/python3.10/site-packages/airflow/example_dags/example_latest_only.py
[2025-08-14T09:51:03.338+0000] {processor.py:836} INFO - DAG(s) dict_keys(['latest_only']) retrieved from /home/vscode/.local/lib/python3.10/site-packages/airflow/example_dags/example_latest_only.py
[2025-08-14T09:51:03.349+0000] {logging_mixin.py:150} INFO - [2025-08-14T09:51:03.349+0000] {dag.py:2742} INFO - Sync 1 DAGs
[2025-08-14T09:51:03.363+0000] {logging_mixin.py:150} INFO - [2025-08-14T09:51:03.363+0000] {dag.py:3504} INFO - Setting next_dagrun for latest_only to 2025-08-14T05:51:03.363571+00:00, run_after=2025-08-14T09:51:03.363571+00:00
[2025-08-14T09:51:03.380+0000] {processor.py:179} INFO - Processing /home/vscode/.local/lib/python3.10/site-packages/airflow/example_dags/example_latest_only.py took 0.050 seconds
[2025-08-14T09:51:50.137+0000] {processor.py:157} INFO - Started process (PID=8973) to work on /home/vscode/.local/lib/python3.10/site-packages/airflow/example_dags/example_latest_only.py
[2025-08-14T09:51:50.137+0000] {processor.py:826} INFO - Processing file /home/vscode/.local/lib/python3.10/site-packages/airflow/example_dags/example_latest_only.py for tasks to queue
[2025-08-14T09:51:50.138+0000] {logging_mixin.py:150} INFO - [2025-08-14T09:51:50.138+0000] {dagbag.py:541} INFO - Filling up the DagBag from /home/vscode/.local/lib/python3.10/site-packages/airflow/example_dags/example_latest_only.py
[2025-08-14T09:51:50.142+0000] {processor.py:836} INFO - DAG(s) dict_keys(['latest_only']) retrieved from /home/vscode/.local/lib/python3.10/site-packages/airflow/example_dags/example_latest_only.py
[2025-08-14T09:51:50.153+0000] {logging_mixin.py:150} INFO - [2025-08-14T09:51:50.153+0000] {dag.py:2742} INFO - Sync 1 DAGs
[2025-08-14T09:51:50.167+0000] {logging_mixin.py:150} INFO - [2025-08-14T09:51:50.167+0000] {dag.py:3504} INFO - Setting next_dagrun for latest_only to 2025-08-14T05:51:50.167261+00:00, run_after=2025-08-14T09:51:50.167261+00:00
[2025-08-14T09:51:50.183+0000] {processor.py:179} INFO - Processing /home/vscode/.local/lib/python3.10/site-packages/airflow/example_dags/example_latest_only.py took 0.048 seconds
[2025-08-14T09:52:38.969+0000] {processor.py:157} INFO - Started process (PID=9301) to work on /home/vscode/.local/lib/python3.10/site-packages/airflow/example_dags/example_latest_only.py
[2025-08-14T09:52:38.970+0000] {processor.py:826} INFO - Processing file /home/vscode/.local/lib/python3.10/site-packages/airflow/example_dags/example_latest_only.py for tasks to queue
[2025-08-14T09:52:38.970+0000] {logging_mixin.py:150} INFO - [2025-08-14T09:52:38.970+0000] {dagbag.py:541} INFO - Filling up the DagBag from /home/vscode/.local/lib/python3.10/site-packages/airflow/example_dags/example_latest_only.py
[2025-08-14T09:52:38.974+0000] {processor.py:836} INFO - DAG(s) dict_keys(['latest_only']) retrieved from /home/vscode/.local/lib/python3.10/site-packages/airflow/example_dags/example_latest_only.py
[2025-08-14T09:52:38.985+0000] {logging_mixin.py:150} INFO - [2025-08-14T09:52:38.985+0000] {dag.py:2742} INFO - Sync 1 DAGs
[2025-08-14T09:52:38.999+0000] {logging_mixin.py:150} INFO - [2025-08-14T09:52:38.999+0000] {dag.py:3504} INFO - Setting next_dagrun for latest_only to 2025-08-14T05:52:38.999121+00:00, run_after=2025-08-14T09:52:38.999121+00:00
[2025-08-14T09:52:39.014+0000] {processor.py:179} INFO - Processing /home/vscode/.local/lib/python3.10/site-packages/airflow/example_dags/example_latest_only.py took 0.047 seconds
[2025-08-14T09:53:27.526+0000] {processor.py:157} INFO - Started process (PID=9624) to work on /home/vscode/.local/lib/python3.10/site-packages/airflow/example_dags/example_latest_only.py
[2025-08-14T09:53:27.528+0000] {processor.py:826} INFO - Processing file /home/vscode/.local/lib/python3.10/site-packages/airflow/example_dags/example_latest_only.py for tasks to queue
[2025-08-14T09:53:27.528+0000] {logging_mixin.py:150} INFO - [2025-08-14T09:53:27.528+0000] {dagbag.py:541} INFO - Filling up the DagBag from /home/vscode/.local/lib/python3.10/site-packages/airflow/example_dags/example_latest_only.py
[2025-08-14T09:53:27.535+0000] {processor.py:836} INFO - DAG(s) dict_keys(['latest_only']) retrieved from /home/vscode/.local/lib/python3.10/site-packages/airflow/example_dags/example_latest_only.py
[2025-08-14T09:53:27.548+0000] {logging_mixin.py:150} INFO - [2025-08-14T09:53:27.548+0000] {dag.py:2742} INFO - Sync 1 DAGs
[2025-08-14T09:53:27.563+0000] {logging_mixin.py:150} INFO - [2025-08-14T09:53:27.563+0000] {dag.py:3504} INFO - Setting next_dagrun for latest_only to 2025-08-14T05:53:27.562898+00:00, run_after=2025-08-14T09:53:27.562898+00:00
[2025-08-14T09:53:27.586+0000] {processor.py:179} INFO - Processing /home/vscode/.local/lib/python3.10/site-packages/airflow/example_dags/example_latest_only.py took 0.063 seconds
[2025-08-14T09:54:11.223+0000] {processor.py:157} INFO - Started process (PID=9916) to work on /home/vscode/.local/lib/python3.10/site-packages/airflow/example_dags/example_latest_only.py
[2025-08-14T09:54:11.223+0000] {processor.py:826} INFO - Processing file /home/vscode/.local/lib/python3.10/site-packages/airflow/example_dags/example_latest_only.py for tasks to queue
[2025-08-14T09:54:11.224+0000] {logging_mixin.py:150} INFO - [2025-08-14T09:54:11.224+0000] {dagbag.py:541} INFO - Filling up the DagBag from /home/vscode/.local/lib/python3.10/site-packages/airflow/example_dags/example_latest_only.py
[2025-08-14T09:54:11.228+0000] {processor.py:836} INFO - DAG(s) dict_keys(['latest_only']) retrieved from /home/vscode/.local/lib/python3.10/site-packages/airflow/example_dags/example_latest_only.py
[2025-08-14T09:54:11.239+0000] {logging_mixin.py:150} INFO - [2025-08-14T09:54:11.239+0000] {dag.py:2742} INFO - Sync 1 DAGs
[2025-08-14T09:54:11.253+0000] {logging_mixin.py:150} INFO - [2025-08-14T09:54:11.253+0000] {dag.py:3504} INFO - Setting next_dagrun for latest_only to 2025-08-14T05:54:11.253675+00:00, run_after=2025-08-14T09:54:11.253675+00:00
[2025-08-14T09:54:11.269+0000] {processor.py:179} INFO - Processing /home/vscode/.local/lib/python3.10/site-packages/airflow/example_dags/example_latest_only.py took 0.049 seconds
[2025-08-14T09:54:57.775+0000] {processor.py:157} INFO - Started process (PID=10226) to work on /home/vscode/.local/lib/python3.10/site-packages/airflow/example_dags/example_latest_only.py
[2025-08-14T09:54:57.776+0000] {processor.py:826} INFO - Processing file /home/vscode/.local/lib/python3.10/site-packages/airflow/example_dags/example_latest_only.py for tasks to queue
[2025-08-14T09:54:57.777+0000] {logging_mixin.py:150} INFO - [2025-08-14T09:54:57.777+0000] {dagbag.py:541} INFO - Filling up the DagBag from /home/vscode/.local/lib/python3.10/site-packages/airflow/example_dags/example_latest_only.py
[2025-08-14T09:54:57.784+0000] {processor.py:836} INFO - DAG(s) dict_keys(['latest_only']) retrieved from /home/vscode/.local/lib/python3.10/site-packages/airflow/example_dags/example_latest_only.py
[2025-08-14T09:54:57.797+0000] {logging_mixin.py:150} INFO - [2025-08-14T09:54:57.797+0000] {dag.py:2742} INFO - Sync 1 DAGs
[2025-08-14T09:54:57.812+0000] {logging_mixin.py:150} INFO - [2025-08-14T09:54:57.812+0000] {dag.py:3504} INFO - Setting next_dagrun for latest_only to 2025-08-14T05:54:57.812336+00:00, run_after=2025-08-14T09:54:57.812336+00:00
[2025-08-14T09:54:57.828+0000] {processor.py:179} INFO - Processing /home/vscode/.local/lib/python3.10/site-packages/airflow/example_dags/example_latest_only.py took 0.059 seconds
[2025-08-14T09:55:42.037+0000] {processor.py:157} INFO - Started process (PID=10517) to work on /home/vscode/.local/lib/python3.10/site-packages/airflow/example_dags/example_latest_only.py
[2025-08-14T09:55:42.037+0000] {processor.py:826} INFO - Processing file /home/vscode/.local/lib/python3.10/site-packages/airflow/example_dags/example_latest_only.py for tasks to queue
[2025-08-14T09:55:42.038+0000] {logging_mixin.py:150} INFO - [2025-08-14T09:55:42.038+0000] {dagbag.py:541} INFO - Filling up the DagBag from /home/vscode/.local/lib/python3.10/site-packages/airflow/example_dags/example_latest_only.py
[2025-08-14T09:55:42.042+0000] {processor.py:836} INFO - DAG(s) dict_keys(['latest_only']) retrieved from /home/vscode/.local/lib/python3.10/site-packages/airflow/example_dags/example_latest_only.py
[2025-08-14T09:55:42.053+0000] {logging_mixin.py:150} INFO - [2025-08-14T09:55:42.053+0000] {dag.py:2742} INFO - Sync 1 DAGs
[2025-08-14T09:55:42.067+0000] {logging_mixin.py:150} INFO - [2025-08-14T09:55:42.067+0000] {dag.py:3504} INFO - Setting next_dagrun for latest_only to 2025-08-14T05:55:42.066859+00:00, run_after=2025-08-14T09:55:42.066859+00:00
[2025-08-14T09:55:42.085+0000] {processor.py:179} INFO - Processing /home/vscode/.local/lib/python3.10/site-packages/airflow/example_dags/example_latest_only.py took 0.051 seconds
[2025-08-14T09:56:31.432+0000] {processor.py:157} INFO - Started process (PID=10914) to work on /home/vscode/.local/lib/python3.10/site-packages/airflow/example_dags/example_latest_only.py
[2025-08-14T09:56:31.433+0000] {processor.py:826} INFO - Processing file /home/vscode/.local/lib/python3.10/site-packages/airflow/example_dags/example_latest_only.py for tasks to queue
[2025-08-14T09:56:31.434+0000] {logging_mixin.py:150} INFO - [2025-08-14T09:56:31.433+0000] {dagbag.py:541} INFO - Filling up the DagBag from /home/vscode/.local/lib/python3.10/site-packages/airflow/example_dags/example_latest_only.py
[2025-08-14T09:56:31.438+0000] {processor.py:836} INFO - DAG(s) dict_keys(['latest_only']) retrieved from /home/vscode/.local/lib/python3.10/site-packages/airflow/example_dags/example_latest_only.py
[2025-08-14T09:56:31.449+0000] {logging_mixin.py:150} INFO - [2025-08-14T09:56:31.449+0000] {dag.py:2742} INFO - Sync 1 DAGs
[2025-08-14T09:56:31.463+0000] {logging_mixin.py:150} INFO - [2025-08-14T09:56:31.463+0000] {dag.py:3504} INFO - Setting next_dagrun for latest_only to 2025-08-14T05:56:31.463704+00:00, run_after=2025-08-14T09:56:31.463704+00:00
[2025-08-14T09:56:31.480+0000] {processor.py:179} INFO - Processing /home/vscode/.local/lib/python3.10/site-packages/airflow/example_dags/example_latest_only.py took 0.049 seconds
[2025-08-14T09:57:17.556+0000] {processor.py:157} INFO - Started process (PID=11254) to work on /home/vscode/.local/lib/python3.10/site-packages/airflow/example_dags/example_latest_only.py
[2025-08-14T09:57:17.557+0000] {processor.py:826} INFO - Processing file /home/vscode/.local/lib/python3.10/site-packages/airflow/example_dags/example_latest_only.py for tasks to queue
[2025-08-14T09:57:17.558+0000] {logging_mixin.py:150} INFO - [2025-08-14T09:57:17.558+0000] {dagbag.py:541} INFO - Filling up the DagBag from /home/vscode/.local/lib/python3.10/site-packages/airflow/example_dags/example_latest_only.py
[2025-08-14T09:57:17.564+0000] {processor.py:836} INFO - DAG(s) dict_keys(['latest_only']) retrieved from /home/vscode/.local/lib/python3.10/site-packages/airflow/example_dags/example_latest_only.py
[2025-08-14T09:57:17.581+0000] {logging_mixin.py:150} INFO - [2025-08-14T09:57:17.581+0000] {dag.py:2742} INFO - Sync 1 DAGs
[2025-08-14T09:57:17.603+0000] {logging_mixin.py:150} INFO - [2025-08-14T09:57:17.602+0000] {dag.py:3504} INFO - Setting next_dagrun for latest_only to 2025-08-14T05:57:17.602740+00:00, run_after=2025-08-14T09:57:17.602740+00:00
[2025-08-14T09:57:17.625+0000] {processor.py:179} INFO - Processing /home/vscode/.local/lib/python3.10/site-packages/airflow/example_dags/example_latest_only.py took 0.072 seconds
[2025-08-14T09:58:06.488+0000] {processor.py:157} INFO - Started process (PID=11641) to work on /home/vscode/.local/lib/python3.10/site-packages/airflow/example_dags/example_latest_only.py
[2025-08-14T09:58:06.488+0000] {processor.py:826} INFO - Processing file /home/vscode/.local/lib/python3.10/site-packages/airflow/example_dags/example_latest_only.py for tasks to queue
[2025-08-14T09:58:06.489+0000] {logging_mixin.py:150} INFO - [2025-08-14T09:58:06.489+0000] {dagbag.py:541} INFO - Filling up the DagBag from /home/vscode/.local/lib/python3.10/site-packages/airflow/example_dags/example_latest_only.py
[2025-08-14T09:58:06.493+0000] {processor.py:836} INFO - DAG(s) dict_keys(['latest_only']) retrieved from /home/vscode/.local/lib/python3.10/site-packages/airflow/example_dags/example_latest_only.py
[2025-08-14T09:58:06.503+0000] {logging_mixin.py:150} INFO - [2025-08-14T09:58:06.503+0000] {dag.py:2742} INFO - Sync 1 DAGs
[2025-08-14T09:58:06.521+0000] {logging_mixin.py:150} INFO - [2025-08-14T09:58:06.521+0000] {dag.py:3504} INFO - Setting next_dagrun for latest_only to 2025-08-14T05:58:06.521412+00:00, run_after=2025-08-14T09:58:06.521412+00:00
[2025-08-14T09:58:06.536+0000] {processor.py:179} INFO - Processing /home/vscode/.local/lib/python3.10/site-packages/airflow/example_dags/example_latest_only.py took 0.051 seconds
[2025-08-14T09:58:53.945+0000] {processor.py:157} INFO - Started process (PID=12066) to work on /home/vscode/.local/lib/python3.10/site-packages/airflow/example_dags/example_latest_only.py
[2025-08-14T09:58:53.946+0000] {processor.py:826} INFO - Processing file /home/vscode/.local/lib/python3.10/site-packages/airflow/example_dags/example_latest_only.py for tasks to queue
[2025-08-14T09:58:53.946+0000] {logging_mixin.py:150} INFO - [2025-08-14T09:58:53.946+0000] {dagbag.py:541} INFO - Filling up the DagBag from /home/vscode/.local/lib/python3.10/site-packages/airflow/example_dags/example_latest_only.py
[2025-08-14T09:58:53.950+0000] {processor.py:836} INFO - DAG(s) dict_keys(['latest_only']) retrieved from /home/vscode/.local/lib/python3.10/site-packages/airflow/example_dags/example_latest_only.py
[2025-08-14T09:58:53.964+0000] {logging_mixin.py:150} INFO - [2025-08-14T09:58:53.964+0000] {dag.py:2742} INFO - Sync 1 DAGs
[2025-08-14T09:58:53.981+0000] {logging_mixin.py:150} INFO - [2025-08-14T09:58:53.981+0000] {dag.py:3504} INFO - Setting next_dagrun for latest_only to 2025-08-14T05:58:53.981358+00:00, run_after=2025-08-14T09:58:53.981358+00:00
[2025-08-14T09:58:54.006+0000] {processor.py:179} INFO - Processing /home/vscode/.local/lib/python3.10/site-packages/airflow/example_dags/example_latest_only.py took 0.063 seconds
[2025-08-14T10:06:12.837+0000] {processor.py:157} INFO - Started process (PID=15220) to work on /home/vscode/.local/lib/python3.10/site-packages/airflow/example_dags/example_latest_only.py
[2025-08-14T10:06:12.837+0000] {processor.py:826} INFO - Processing file /home/vscode/.local/lib/python3.10/site-packages/airflow/example_dags/example_latest_only.py for tasks to queue
[2025-08-14T10:06:12.838+0000] {logging_mixin.py:150} INFO - [2025-08-14T10:06:12.838+0000] {dagbag.py:541} INFO - Filling up the DagBag from /home/vscode/.local/lib/python3.10/site-packages/airflow/example_dags/example_latest_only.py
[2025-08-14T10:06:12.842+0000] {processor.py:836} INFO - DAG(s) dict_keys(['latest_only']) retrieved from /home/vscode/.local/lib/python3.10/site-packages/airflow/example_dags/example_latest_only.py
[2025-08-14T10:06:12.855+0000] {logging_mixin.py:150} INFO - [2025-08-14T10:06:12.855+0000] {dag.py:2742} INFO - Sync 1 DAGs
[2025-08-14T10:06:12.869+0000] {logging_mixin.py:150} INFO - [2025-08-14T10:06:12.869+0000] {dag.py:3504} INFO - Setting next_dagrun for latest_only to 2025-08-14T06:06:12.868975+00:00, run_after=2025-08-14T10:06:12.868975+00:00
[2025-08-14T10:06:12.884+0000] {processor.py:179} INFO - Processing /home/vscode/.local/lib/python3.10/site-packages/airflow/example_dags/example_latest_only.py took 0.049 seconds
[2025-08-14T10:06:59.105+0000] {processor.py:157} INFO - Started process (PID=15521) to work on /home/vscode/.local/lib/python3.10/site-packages/airflow/example_dags/example_latest_only.py
[2025-08-14T10:06:59.105+0000] {processor.py:826} INFO - Processing file /home/vscode/.local/lib/python3.10/site-packages/airflow/example_dags/example_latest_only.py for tasks to queue
[2025-08-14T10:06:59.106+0000] {logging_mixin.py:150} INFO - [2025-08-14T10:06:59.106+0000] {dagbag.py:541} INFO - Filling up the DagBag from /home/vscode/.local/lib/python3.10/site-packages/airflow/example_dags/example_latest_only.py
[2025-08-14T10:06:59.110+0000] {processor.py:836} INFO - DAG(s) dict_keys(['latest_only']) retrieved from /home/vscode/.local/lib/python3.10/site-packages/airflow/example_dags/example_latest_only.py
[2025-08-14T10:06:59.121+0000] {logging_mixin.py:150} INFO - [2025-08-14T10:06:59.121+0000] {dag.py:2742} INFO - Sync 1 DAGs
[2025-08-14T10:06:59.141+0000] {logging_mixin.py:150} INFO - [2025-08-14T10:06:59.141+0000] {dag.py:3504} INFO - Setting next_dagrun for latest_only to 2025-08-14T06:06:59.141056+00:00, run_after=2025-08-14T10:06:59.141056+00:00
[2025-08-14T10:06:59.164+0000] {processor.py:179} INFO - Processing /home/vscode/.local/lib/python3.10/site-packages/airflow/example_dags/example_latest_only.py took 0.062 seconds
[2025-08-14T10:07:44.157+0000] {processor.py:157} INFO - Started process (PID=15826) to work on /home/vscode/.local/lib/python3.10/site-packages/airflow/example_dags/example_latest_only.py
[2025-08-14T10:07:44.158+0000] {processor.py:826} INFO - Processing file /home/vscode/.local/lib/python3.10/site-packages/airflow/example_dags/example_latest_only.py for tasks to queue
[2025-08-14T10:07:44.158+0000] {logging_mixin.py:150} INFO - [2025-08-14T10:07:44.158+0000] {dagbag.py:541} INFO - Filling up the DagBag from /home/vscode/.local/lib/python3.10/site-packages/airflow/example_dags/example_latest_only.py
[2025-08-14T10:07:44.163+0000] {processor.py:836} INFO - DAG(s) dict_keys(['latest_only']) retrieved from /home/vscode/.local/lib/python3.10/site-packages/airflow/example_dags/example_latest_only.py
[2025-08-14T10:07:44.174+0000] {logging_mixin.py:150} INFO - [2025-08-14T10:07:44.174+0000] {dag.py:2742} INFO - Sync 1 DAGs
[2025-08-14T10:07:44.188+0000] {logging_mixin.py:150} INFO - [2025-08-14T10:07:44.188+0000] {dag.py:3504} INFO - Setting next_dagrun for latest_only to 2025-08-14T06:07:44.188430+00:00, run_after=2025-08-14T10:07:44.188430+00:00
[2025-08-14T10:07:44.204+0000] {processor.py:179} INFO - Processing /home/vscode/.local/lib/python3.10/site-packages/airflow/example_dags/example_latest_only.py took 0.049 seconds
[2025-08-14T10:08:33.256+0000] {processor.py:157} INFO - Started process (PID=16248) to work on /home/vscode/.local/lib/python3.10/site-packages/airflow/example_dags/example_latest_only.py
[2025-08-14T10:08:33.256+0000] {processor.py:826} INFO - Processing file /home/vscode/.local/lib/python3.10/site-packages/airflow/example_dags/example_latest_only.py for tasks to queue
[2025-08-14T10:08:33.257+0000] {logging_mixin.py:150} INFO - [2025-08-14T10:08:33.257+0000] {dagbag.py:541} INFO - Filling up the DagBag from /home/vscode/.local/lib/python3.10/site-packages/airflow/example_dags/example_latest_only.py
[2025-08-14T10:08:33.261+0000] {processor.py:836} INFO - DAG(s) dict_keys(['latest_only']) retrieved from /home/vscode/.local/lib/python3.10/site-packages/airflow/example_dags/example_latest_only.py
[2025-08-14T10:08:33.273+0000] {logging_mixin.py:150} INFO - [2025-08-14T10:08:33.273+0000] {dag.py:2742} INFO - Sync 1 DAGs
[2025-08-14T10:08:33.287+0000] {logging_mixin.py:150} INFO - [2025-08-14T10:08:33.287+0000] {dag.py:3504} INFO - Setting next_dagrun for latest_only to 2025-08-14T06:08:33.287694+00:00, run_after=2025-08-14T10:08:33.287694+00:00
[2025-08-14T10:08:33.304+0000] {processor.py:179} INFO - Processing /home/vscode/.local/lib/python3.10/site-packages/airflow/example_dags/example_latest_only.py took 0.050 seconds
[2025-08-14T10:09:23.354+0000] {processor.py:157} INFO - Started process (PID=16710) to work on /home/vscode/.local/lib/python3.10/site-packages/airflow/example_dags/example_latest_only.py
[2025-08-14T10:09:23.354+0000] {processor.py:826} INFO - Processing file /home/vscode/.local/lib/python3.10/site-packages/airflow/example_dags/example_latest_only.py for tasks to queue
[2025-08-14T10:09:23.355+0000] {logging_mixin.py:150} INFO - [2025-08-14T10:09:23.355+0000] {dagbag.py:541} INFO - Filling up the DagBag from /home/vscode/.local/lib/python3.10/site-packages/airflow/example_dags/example_latest_only.py
[2025-08-14T10:09:23.360+0000] {processor.py:836} INFO - DAG(s) dict_keys(['latest_only']) retrieved from /home/vscode/.local/lib/python3.10/site-packages/airflow/example_dags/example_latest_only.py
[2025-08-14T10:09:23.372+0000] {logging_mixin.py:150} INFO - [2025-08-14T10:09:23.372+0000] {dag.py:2742} INFO - Sync 1 DAGs
[2025-08-14T10:09:23.387+0000] {logging_mixin.py:150} INFO - [2025-08-14T10:09:23.387+0000] {dag.py:3504} INFO - Setting next_dagrun for latest_only to 2025-08-14T06:09:23.386983+00:00, run_after=2025-08-14T10:09:23.386983+00:00
[2025-08-14T10:09:23.403+0000] {processor.py:179} INFO - Processing /home/vscode/.local/lib/python3.10/site-packages/airflow/example_dags/example_latest_only.py took 0.052 seconds
[2025-08-14T10:10:11.594+0000] {processor.py:157} INFO - Started process (PID=17070) to work on /home/vscode/.local/lib/python3.10/site-packages/airflow/example_dags/example_latest_only.py
[2025-08-14T10:10:11.595+0000] {processor.py:826} INFO - Processing file /home/vscode/.local/lib/python3.10/site-packages/airflow/example_dags/example_latest_only.py for tasks to queue
[2025-08-14T10:10:11.595+0000] {logging_mixin.py:150} INFO - [2025-08-14T10:10:11.595+0000] {dagbag.py:541} INFO - Filling up the DagBag from /home/vscode/.local/lib/python3.10/site-packages/airflow/example_dags/example_latest_only.py
[2025-08-14T10:10:11.600+0000] {processor.py:836} INFO - DAG(s) dict_keys(['latest_only']) retrieved from /home/vscode/.local/lib/python3.10/site-packages/airflow/example_dags/example_latest_only.py
[2025-08-14T10:10:11.613+0000] {logging_mixin.py:150} INFO - [2025-08-14T10:10:11.612+0000] {dag.py:2742} INFO - Sync 1 DAGs
[2025-08-14T10:10:11.628+0000] {logging_mixin.py:150} INFO - [2025-08-14T10:10:11.628+0000] {dag.py:3504} INFO - Setting next_dagrun for latest_only to 2025-08-14T06:10:11.627850+00:00, run_after=2025-08-14T10:10:11.627850+00:00
[2025-08-14T10:10:11.644+0000] {processor.py:179} INFO - Processing /home/vscode/.local/lib/python3.10/site-packages/airflow/example_dags/example_latest_only.py took 0.052 seconds
[2025-08-14T10:10:59.496+0000] {processor.py:157} INFO - Started process (PID=17420) to work on /home/vscode/.local/lib/python3.10/site-packages/airflow/example_dags/example_latest_only.py
[2025-08-14T10:10:59.496+0000] {processor.py:826} INFO - Processing file /home/vscode/.local/lib/python3.10/site-packages/airflow/example_dags/example_latest_only.py for tasks to queue
[2025-08-14T10:10:59.497+0000] {logging_mixin.py:150} INFO - [2025-08-14T10:10:59.497+0000] {dagbag.py:541} INFO - Filling up the DagBag from /home/vscode/.local/lib/python3.10/site-packages/airflow/example_dags/example_latest_only.py
[2025-08-14T10:10:59.501+0000] {processor.py:836} INFO - DAG(s) dict_keys(['latest_only']) retrieved from /home/vscode/.local/lib/python3.10/site-packages/airflow/example_dags/example_latest_only.py
[2025-08-14T10:10:59.512+0000] {logging_mixin.py:150} INFO - [2025-08-14T10:10:59.512+0000] {dag.py:2742} INFO - Sync 1 DAGs
[2025-08-14T10:10:59.527+0000] {logging_mixin.py:150} INFO - [2025-08-14T10:10:59.527+0000] {dag.py:3504} INFO - Setting next_dagrun for latest_only to 2025-08-14T06:10:59.526890+00:00, run_after=2025-08-14T10:10:59.526890+00:00
[2025-08-14T10:10:59.542+0000] {processor.py:179} INFO - Processing /home/vscode/.local/lib/python3.10/site-packages/airflow/example_dags/example_latest_only.py took 0.049 seconds
[2025-08-14T10:11:45.066+0000] {processor.py:157} INFO - Started process (PID=17763) to work on /home/vscode/.local/lib/python3.10/site-packages/airflow/example_dags/example_latest_only.py
[2025-08-14T10:11:45.067+0000] {processor.py:826} INFO - Processing file /home/vscode/.local/lib/python3.10/site-packages/airflow/example_dags/example_latest_only.py for tasks to queue
[2025-08-14T10:11:45.067+0000] {logging_mixin.py:150} INFO - [2025-08-14T10:11:45.067+0000] {dagbag.py:541} INFO - Filling up the DagBag from /home/vscode/.local/lib/python3.10/site-packages/airflow/example_dags/example_latest_only.py
[2025-08-14T10:11:45.072+0000] {processor.py:836} INFO - DAG(s) dict_keys(['latest_only']) retrieved from /home/vscode/.local/lib/python3.10/site-packages/airflow/example_dags/example_latest_only.py
[2025-08-14T10:11:45.082+0000] {logging_mixin.py:150} INFO - [2025-08-14T10:11:45.082+0000] {dag.py:2742} INFO - Sync 1 DAGs
[2025-08-14T10:11:45.097+0000] {logging_mixin.py:150} INFO - [2025-08-14T10:11:45.096+0000] {dag.py:3504} INFO - Setting next_dagrun for latest_only to 2025-08-14T06:11:45.096820+00:00, run_after=2025-08-14T10:11:45.096820+00:00
[2025-08-14T10:11:45.112+0000] {processor.py:179} INFO - Processing /home/vscode/.local/lib/python3.10/site-packages/airflow/example_dags/example_latest_only.py took 0.047 seconds
[2025-08-14T10:12:29.101+0000] {processor.py:157} INFO - Started process (PID=18088) to work on /home/vscode/.local/lib/python3.10/site-packages/airflow/example_dags/example_latest_only.py
[2025-08-14T10:12:29.101+0000] {processor.py:826} INFO - Processing file /home/vscode/.local/lib/python3.10/site-packages/airflow/example_dags/example_latest_only.py for tasks to queue
[2025-08-14T10:12:29.102+0000] {logging_mixin.py:150} INFO - [2025-08-14T10:12:29.102+0000] {dagbag.py:541} INFO - Filling up the DagBag from /home/vscode/.local/lib/python3.10/site-packages/airflow/example_dags/example_latest_only.py
[2025-08-14T10:12:29.106+0000] {processor.py:836} INFO - DAG(s) dict_keys(['latest_only']) retrieved from /home/vscode/.local/lib/python3.10/site-packages/airflow/example_dags/example_latest_only.py
[2025-08-14T10:12:29.118+0000] {logging_mixin.py:150} INFO - [2025-08-14T10:12:29.118+0000] {dag.py:2742} INFO - Sync 1 DAGs
[2025-08-14T10:12:29.134+0000] {logging_mixin.py:150} INFO - [2025-08-14T10:12:29.134+0000] {dag.py:3504} INFO - Setting next_dagrun for latest_only to 2025-08-14T06:12:29.133919+00:00, run_after=2025-08-14T10:12:29.133919+00:00
[2025-08-14T10:12:29.150+0000] {processor.py:179} INFO - Processing /home/vscode/.local/lib/python3.10/site-packages/airflow/example_dags/example_latest_only.py took 0.052 seconds
[2025-08-14T10:13:18.167+0000] {processor.py:157} INFO - Started process (PID=18454) to work on /home/vscode/.local/lib/python3.10/site-packages/airflow/example_dags/example_latest_only.py
[2025-08-14T10:13:18.168+0000] {processor.py:826} INFO - Processing file /home/vscode/.local/lib/python3.10/site-packages/airflow/example_dags/example_latest_only.py for tasks to queue
[2025-08-14T10:13:18.168+0000] {logging_mixin.py:150} INFO - [2025-08-14T10:13:18.168+0000] {dagbag.py:541} INFO - Filling up the DagBag from /home/vscode/.local/lib/python3.10/site-packages/airflow/example_dags/example_latest_only.py
[2025-08-14T10:13:18.172+0000] {processor.py:836} INFO - DAG(s) dict_keys(['latest_only']) retrieved from /home/vscode/.local/lib/python3.10/site-packages/airflow/example_dags/example_latest_only.py
[2025-08-14T10:13:18.187+0000] {logging_mixin.py:150} INFO - [2025-08-14T10:13:18.187+0000] {dag.py:2742} INFO - Sync 1 DAGs
[2025-08-14T10:13:18.207+0000] {logging_mixin.py:150} INFO - [2025-08-14T10:13:18.207+0000] {dag.py:3504} INFO - Setting next_dagrun for latest_only to 2025-08-14T06:13:18.207562+00:00, run_after=2025-08-14T10:13:18.207562+00:00
[2025-08-14T10:13:18.253+0000] {processor.py:179} INFO - Processing /home/vscode/.local/lib/python3.10/site-packages/airflow/example_dags/example_latest_only.py took 0.088 seconds
[2025-08-14T10:14:06.446+0000] {processor.py:157} INFO - Started process (PID=18817) to work on /home/vscode/.local/lib/python3.10/site-packages/airflow/example_dags/example_latest_only.py
[2025-08-14T10:14:06.447+0000] {processor.py:826} INFO - Processing file /home/vscode/.local/lib/python3.10/site-packages/airflow/example_dags/example_latest_only.py for tasks to queue
[2025-08-14T10:14:06.448+0000] {logging_mixin.py:150} INFO - [2025-08-14T10:14:06.447+0000] {dagbag.py:541} INFO - Filling up the DagBag from /home/vscode/.local/lib/python3.10/site-packages/airflow/example_dags/example_latest_only.py
[2025-08-14T10:14:06.452+0000] {processor.py:836} INFO - DAG(s) dict_keys(['latest_only']) retrieved from /home/vscode/.local/lib/python3.10/site-packages/airflow/example_dags/example_latest_only.py
[2025-08-14T10:14:06.463+0000] {logging_mixin.py:150} INFO - [2025-08-14T10:14:06.463+0000] {dag.py:2742} INFO - Sync 1 DAGs
[2025-08-14T10:14:06.478+0000] {logging_mixin.py:150} INFO - [2025-08-14T10:14:06.478+0000] {dag.py:3504} INFO - Setting next_dagrun for latest_only to 2025-08-14T06:14:06.477923+00:00, run_after=2025-08-14T10:14:06.477923+00:00
[2025-08-14T10:14:06.493+0000] {processor.py:179} INFO - Processing /home/vscode/.local/lib/python3.10/site-packages/airflow/example_dags/example_latest_only.py took 0.049 seconds
[2025-08-14T10:14:55.569+0000] {processor.py:157} INFO - Started process (PID=19184) to work on /home/vscode/.local/lib/python3.10/site-packages/airflow/example_dags/example_latest_only.py
[2025-08-14T10:14:55.570+0000] {processor.py:826} INFO - Processing file /home/vscode/.local/lib/python3.10/site-packages/airflow/example_dags/example_latest_only.py for tasks to queue
[2025-08-14T10:14:55.571+0000] {logging_mixin.py:150} INFO - [2025-08-14T10:14:55.570+0000] {dagbag.py:541} INFO - Filling up the DagBag from /home/vscode/.local/lib/python3.10/site-packages/airflow/example_dags/example_latest_only.py
[2025-08-14T10:14:55.575+0000] {processor.py:836} INFO - DAG(s) dict_keys(['latest_only']) retrieved from /home/vscode/.local/lib/python3.10/site-packages/airflow/example_dags/example_latest_only.py
[2025-08-14T10:14:55.586+0000] {logging_mixin.py:150} INFO - [2025-08-14T10:14:55.586+0000] {dag.py:2742} INFO - Sync 1 DAGs
[2025-08-14T10:14:55.600+0000] {logging_mixin.py:150} INFO - [2025-08-14T10:14:55.600+0000] {dag.py:3504} INFO - Setting next_dagrun for latest_only to 2025-08-14T06:14:55.600544+00:00, run_after=2025-08-14T10:14:55.600544+00:00
[2025-08-14T10:14:55.616+0000] {processor.py:179} INFO - Processing /home/vscode/.local/lib/python3.10/site-packages/airflow/example_dags/example_latest_only.py took 0.048 seconds
[2025-08-14T10:15:38.934+0000] {processor.py:157} INFO - Started process (PID=19508) to work on /home/vscode/.local/lib/python3.10/site-packages/airflow/example_dags/example_latest_only.py
[2025-08-14T10:15:38.934+0000] {processor.py:826} INFO - Processing file /home/vscode/.local/lib/python3.10/site-packages/airflow/example_dags/example_latest_only.py for tasks to queue
[2025-08-14T10:15:38.935+0000] {logging_mixin.py:150} INFO - [2025-08-14T10:15:38.935+0000] {dagbag.py:541} INFO - Filling up the DagBag from /home/vscode/.local/lib/python3.10/site-packages/airflow/example_dags/example_latest_only.py
[2025-08-14T10:15:38.940+0000] {processor.py:836} INFO - DAG(s) dict_keys(['latest_only']) retrieved from /home/vscode/.local/lib/python3.10/site-packages/airflow/example_dags/example_latest_only.py
[2025-08-14T10:15:38.951+0000] {logging_mixin.py:150} INFO - [2025-08-14T10:15:38.951+0000] {dag.py:2742} INFO - Sync 1 DAGs
[2025-08-14T10:15:38.965+0000] {logging_mixin.py:150} INFO - [2025-08-14T10:15:38.965+0000] {dag.py:3504} INFO - Setting next_dagrun for latest_only to 2025-08-14T06:15:38.965129+00:00, run_after=2025-08-14T10:15:38.965129+00:00
[2025-08-14T10:15:38.981+0000] {processor.py:179} INFO - Processing /home/vscode/.local/lib/python3.10/site-packages/airflow/example_dags/example_latest_only.py took 0.049 seconds
[2025-08-14T10:16:24.021+0000] {processor.py:157} INFO - Started process (PID=19845) to work on /home/vscode/.local/lib/python3.10/site-packages/airflow/example_dags/example_latest_only.py
[2025-08-14T10:16:24.022+0000] {processor.py:826} INFO - Processing file /home/vscode/.local/lib/python3.10/site-packages/airflow/example_dags/example_latest_only.py for tasks to queue
[2025-08-14T10:16:24.022+0000] {logging_mixin.py:150} INFO - [2025-08-14T10:16:24.022+0000] {dagbag.py:541} INFO - Filling up the DagBag from /home/vscode/.local/lib/python3.10/site-packages/airflow/example_dags/example_latest_only.py
[2025-08-14T10:16:24.027+0000] {processor.py:836} INFO - DAG(s) dict_keys(['latest_only']) retrieved from /home/vscode/.local/lib/python3.10/site-packages/airflow/example_dags/example_latest_only.py
[2025-08-14T10:16:24.039+0000] {logging_mixin.py:150} INFO - [2025-08-14T10:16:24.039+0000] {dag.py:2742} INFO - Sync 1 DAGs
[2025-08-14T10:16:24.054+0000] {logging_mixin.py:150} INFO - [2025-08-14T10:16:24.054+0000] {dag.py:3504} INFO - Setting next_dagrun for latest_only to 2025-08-14T06:16:24.054461+00:00, run_after=2025-08-14T10:16:24.054461+00:00
[2025-08-14T10:16:24.071+0000] {processor.py:179} INFO - Processing /home/vscode/.local/lib/python3.10/site-packages/airflow/example_dags/example_latest_only.py took 0.052 seconds
[2025-08-14T10:17:11.276+0000] {processor.py:157} INFO - Started process (PID=20193) to work on /home/vscode/.local/lib/python3.10/site-packages/airflow/example_dags/example_latest_only.py
[2025-08-14T10:17:11.276+0000] {processor.py:826} INFO - Processing file /home/vscode/.local/lib/python3.10/site-packages/airflow/example_dags/example_latest_only.py for tasks to queue
[2025-08-14T10:17:11.277+0000] {logging_mixin.py:150} INFO - [2025-08-14T10:17:11.277+0000] {dagbag.py:541} INFO - Filling up the DagBag from /home/vscode/.local/lib/python3.10/site-packages/airflow/example_dags/example_latest_only.py
[2025-08-14T10:17:11.282+0000] {processor.py:836} INFO - DAG(s) dict_keys(['latest_only']) retrieved from /home/vscode/.local/lib/python3.10/site-packages/airflow/example_dags/example_latest_only.py
[2025-08-14T10:17:11.294+0000] {logging_mixin.py:150} INFO - [2025-08-14T10:17:11.294+0000] {dag.py:2742} INFO - Sync 1 DAGs
[2025-08-14T10:17:11.309+0000] {logging_mixin.py:150} INFO - [2025-08-14T10:17:11.308+0000] {dag.py:3504} INFO - Setting next_dagrun for latest_only to 2025-08-14T06:17:11.308815+00:00, run_after=2025-08-14T10:17:11.308815+00:00
[2025-08-14T10:17:11.326+0000] {processor.py:179} INFO - Processing /home/vscode/.local/lib/python3.10/site-packages/airflow/example_dags/example_latest_only.py took 0.052 seconds
[2025-08-14T10:17:59.909+0000] {processor.py:157} INFO - Started process (PID=20539) to work on /home/vscode/.local/lib/python3.10/site-packages/airflow/example_dags/example_latest_only.py
[2025-08-14T10:17:59.910+0000] {processor.py:826} INFO - Processing file /home/vscode/.local/lib/python3.10/site-packages/airflow/example_dags/example_latest_only.py for tasks to queue
[2025-08-14T10:17:59.910+0000] {logging_mixin.py:150} INFO - [2025-08-14T10:17:59.910+0000] {dagbag.py:541} INFO - Filling up the DagBag from /home/vscode/.local/lib/python3.10/site-packages/airflow/example_dags/example_latest_only.py
[2025-08-14T10:17:59.915+0000] {processor.py:836} INFO - DAG(s) dict_keys(['latest_only']) retrieved from /home/vscode/.local/lib/python3.10/site-packages/airflow/example_dags/example_latest_only.py
[2025-08-14T10:17:59.926+0000] {logging_mixin.py:150} INFO - [2025-08-14T10:17:59.926+0000] {dag.py:2742} INFO - Sync 1 DAGs
[2025-08-14T10:17:59.939+0000] {logging_mixin.py:150} INFO - [2025-08-14T10:17:59.939+0000] {dag.py:3504} INFO - Setting next_dagrun for latest_only to 2025-08-14T06:17:59.939616+00:00, run_after=2025-08-14T10:17:59.939616+00:00
[2025-08-14T10:17:59.956+0000] {processor.py:179} INFO - Processing /home/vscode/.local/lib/python3.10/site-packages/airflow/example_dags/example_latest_only.py took 0.049 seconds
[2025-08-14T10:18:46.890+0000] {processor.py:157} INFO - Started process (PID=20856) to work on /home/vscode/.local/lib/python3.10/site-packages/airflow/example_dags/example_latest_only.py
[2025-08-14T10:18:46.891+0000] {processor.py:826} INFO - Processing file /home/vscode/.local/lib/python3.10/site-packages/airflow/example_dags/example_latest_only.py for tasks to queue
[2025-08-14T10:18:46.892+0000] {logging_mixin.py:150} INFO - [2025-08-14T10:18:46.891+0000] {dagbag.py:541} INFO - Filling up the DagBag from /home/vscode/.local/lib/python3.10/site-packages/airflow/example_dags/example_latest_only.py
[2025-08-14T10:18:46.896+0000] {processor.py:836} INFO - DAG(s) dict_keys(['latest_only']) retrieved from /home/vscode/.local/lib/python3.10/site-packages/airflow/example_dags/example_latest_only.py
[2025-08-14T10:18:46.907+0000] {logging_mixin.py:150} INFO - [2025-08-14T10:18:46.907+0000] {dag.py:2742} INFO - Sync 1 DAGs
[2025-08-14T10:18:46.922+0000] {logging_mixin.py:150} INFO - [2025-08-14T10:18:46.922+0000] {dag.py:3504} INFO - Setting next_dagrun for latest_only to 2025-08-14T06:18:46.922486+00:00, run_after=2025-08-14T10:18:46.922486+00:00
[2025-08-14T10:18:46.938+0000] {processor.py:179} INFO - Processing /home/vscode/.local/lib/python3.10/site-packages/airflow/example_dags/example_latest_only.py took 0.050 seconds
[2025-08-14T10:19:37.696+0000] {processor.py:157} INFO - Started process (PID=21199) to work on /home/vscode/.local/lib/python3.10/site-packages/airflow/example_dags/example_latest_only.py
[2025-08-14T10:19:37.697+0000] {processor.py:826} INFO - Processing file /home/vscode/.local/lib/python3.10/site-packages/airflow/example_dags/example_latest_only.py for tasks to queue
[2025-08-14T10:19:37.698+0000] {logging_mixin.py:150} INFO - [2025-08-14T10:19:37.698+0000] {dagbag.py:541} INFO - Filling up the DagBag from /home/vscode/.local/lib/python3.10/site-packages/airflow/example_dags/example_latest_only.py
[2025-08-14T10:19:37.704+0000] {processor.py:836} INFO - DAG(s) dict_keys(['latest_only']) retrieved from /home/vscode/.local/lib/python3.10/site-packages/airflow/example_dags/example_latest_only.py
[2025-08-14T10:19:37.720+0000] {logging_mixin.py:150} INFO - [2025-08-14T10:19:37.719+0000] {dag.py:2742} INFO - Sync 1 DAGs
[2025-08-14T10:19:37.740+0000] {logging_mixin.py:150} INFO - [2025-08-14T10:19:37.740+0000] {dag.py:3504} INFO - Setting next_dagrun for latest_only to 2025-08-14T06:19:37.740190+00:00, run_after=2025-08-14T10:19:37.740190+00:00
[2025-08-14T10:19:37.761+0000] {processor.py:179} INFO - Processing /home/vscode/.local/lib/python3.10/site-packages/airflow/example_dags/example_latest_only.py took 0.068 seconds
[2025-08-14T10:20:22.329+0000] {processor.py:157} INFO - Started process (PID=21542) to work on /home/vscode/.local/lib/python3.10/site-packages/airflow/example_dags/example_latest_only.py
[2025-08-14T10:20:22.330+0000] {processor.py:826} INFO - Processing file /home/vscode/.local/lib/python3.10/site-packages/airflow/example_dags/example_latest_only.py for tasks to queue
[2025-08-14T10:20:22.330+0000] {logging_mixin.py:150} INFO - [2025-08-14T10:20:22.330+0000] {dagbag.py:541} INFO - Filling up the DagBag from /home/vscode/.local/lib/python3.10/site-packages/airflow/example_dags/example_latest_only.py
[2025-08-14T10:20:22.335+0000] {processor.py:836} INFO - DAG(s) dict_keys(['latest_only']) retrieved from /home/vscode/.local/lib/python3.10/site-packages/airflow/example_dags/example_latest_only.py
[2025-08-14T10:20:22.345+0000] {logging_mixin.py:150} INFO - [2025-08-14T10:20:22.345+0000] {dag.py:2742} INFO - Sync 1 DAGs
[2025-08-14T10:20:22.359+0000] {logging_mixin.py:150} INFO - [2025-08-14T10:20:22.359+0000] {dag.py:3504} INFO - Setting next_dagrun for latest_only to 2025-08-14T06:20:22.359000+00:00, run_after=2025-08-14T10:20:22.359000+00:00
[2025-08-14T10:20:22.374+0000] {processor.py:179} INFO - Processing /home/vscode/.local/lib/python3.10/site-packages/airflow/example_dags/example_latest_only.py took 0.047 seconds
[2025-08-14T10:21:10.269+0000] {processor.py:157} INFO - Started process (PID=21866) to work on /home/vscode/.local/lib/python3.10/site-packages/airflow/example_dags/example_latest_only.py
[2025-08-14T10:21:10.270+0000] {processor.py:826} INFO - Processing file /home/vscode/.local/lib/python3.10/site-packages/airflow/example_dags/example_latest_only.py for tasks to queue
[2025-08-14T10:21:10.271+0000] {logging_mixin.py:150} INFO - [2025-08-14T10:21:10.270+0000] {dagbag.py:541} INFO - Filling up the DagBag from /home/vscode/.local/lib/python3.10/site-packages/airflow/example_dags/example_latest_only.py
[2025-08-14T10:21:10.275+0000] {processor.py:836} INFO - DAG(s) dict_keys(['latest_only']) retrieved from /home/vscode/.local/lib/python3.10/site-packages/airflow/example_dags/example_latest_only.py
[2025-08-14T10:21:10.286+0000] {logging_mixin.py:150} INFO - [2025-08-14T10:21:10.286+0000] {dag.py:2742} INFO - Sync 1 DAGs
[2025-08-14T10:21:10.301+0000] {logging_mixin.py:150} INFO - [2025-08-14T10:21:10.300+0000] {dag.py:3504} INFO - Setting next_dagrun for latest_only to 2025-08-14T06:21:10.300834+00:00, run_after=2025-08-14T10:21:10.300834+00:00
[2025-08-14T10:21:10.317+0000] {processor.py:179} INFO - Processing /home/vscode/.local/lib/python3.10/site-packages/airflow/example_dags/example_latest_only.py took 0.049 seconds
[2025-08-14T10:21:58.259+0000] {processor.py:157} INFO - Started process (PID=22187) to work on /home/vscode/.local/lib/python3.10/site-packages/airflow/example_dags/example_latest_only.py
[2025-08-14T10:21:58.260+0000] {processor.py:826} INFO - Processing file /home/vscode/.local/lib/python3.10/site-packages/airflow/example_dags/example_latest_only.py for tasks to queue
[2025-08-14T10:21:58.260+0000] {logging_mixin.py:150} INFO - [2025-08-14T10:21:58.260+0000] {dagbag.py:541} INFO - Filling up the DagBag from /home/vscode/.local/lib/python3.10/site-packages/airflow/example_dags/example_latest_only.py
[2025-08-14T10:21:58.265+0000] {processor.py:836} INFO - DAG(s) dict_keys(['latest_only']) retrieved from /home/vscode/.local/lib/python3.10/site-packages/airflow/example_dags/example_latest_only.py
[2025-08-14T10:21:58.276+0000] {logging_mixin.py:150} INFO - [2025-08-14T10:21:58.275+0000] {dag.py:2742} INFO - Sync 1 DAGs
[2025-08-14T10:21:58.290+0000] {logging_mixin.py:150} INFO - [2025-08-14T10:21:58.290+0000] {dag.py:3504} INFO - Setting next_dagrun for latest_only to 2025-08-14T06:21:58.289852+00:00, run_after=2025-08-14T10:21:58.289852+00:00
[2025-08-14T10:21:58.305+0000] {processor.py:179} INFO - Processing /home/vscode/.local/lib/python3.10/site-packages/airflow/example_dags/example_latest_only.py took 0.048 seconds
[2025-08-14T10:22:47.339+0000] {processor.py:157} INFO - Started process (PID=22514) to work on /home/vscode/.local/lib/python3.10/site-packages/airflow/example_dags/example_latest_only.py
[2025-08-14T10:22:47.340+0000] {processor.py:826} INFO - Processing file /home/vscode/.local/lib/python3.10/site-packages/airflow/example_dags/example_latest_only.py for tasks to queue
[2025-08-14T10:22:47.340+0000] {logging_mixin.py:150} INFO - [2025-08-14T10:22:47.340+0000] {dagbag.py:541} INFO - Filling up the DagBag from /home/vscode/.local/lib/python3.10/site-packages/airflow/example_dags/example_latest_only.py
[2025-08-14T10:22:47.345+0000] {processor.py:836} INFO - DAG(s) dict_keys(['latest_only']) retrieved from /home/vscode/.local/lib/python3.10/site-packages/airflow/example_dags/example_latest_only.py
[2025-08-14T10:22:47.355+0000] {logging_mixin.py:150} INFO - [2025-08-14T10:22:47.355+0000] {dag.py:2742} INFO - Sync 1 DAGs
[2025-08-14T10:22:47.370+0000] {logging_mixin.py:150} INFO - [2025-08-14T10:22:47.369+0000] {dag.py:3504} INFO - Setting next_dagrun for latest_only to 2025-08-14T06:22:47.369825+00:00, run_after=2025-08-14T10:22:47.369825+00:00
[2025-08-14T10:22:47.386+0000] {processor.py:179} INFO - Processing /home/vscode/.local/lib/python3.10/site-packages/airflow/example_dags/example_latest_only.py took 0.049 seconds
[2025-08-14T10:23:31.990+0000] {processor.py:157} INFO - Started process (PID=22810) to work on /home/vscode/.local/lib/python3.10/site-packages/airflow/example_dags/example_latest_only.py
[2025-08-14T10:23:31.991+0000] {processor.py:826} INFO - Processing file /home/vscode/.local/lib/python3.10/site-packages/airflow/example_dags/example_latest_only.py for tasks to queue
[2025-08-14T10:23:31.993+0000] {logging_mixin.py:150} INFO - [2025-08-14T10:23:31.992+0000] {dagbag.py:541} INFO - Filling up the DagBag from /home/vscode/.local/lib/python3.10/site-packages/airflow/example_dags/example_latest_only.py
[2025-08-14T10:23:32.000+0000] {processor.py:836} INFO - DAG(s) dict_keys(['latest_only']) retrieved from /home/vscode/.local/lib/python3.10/site-packages/airflow/example_dags/example_latest_only.py
[2025-08-14T10:23:32.022+0000] {logging_mixin.py:150} INFO - [2025-08-14T10:23:32.022+0000] {dag.py:2742} INFO - Sync 1 DAGs
[2025-08-14T10:23:32.051+0000] {logging_mixin.py:150} INFO - [2025-08-14T10:23:32.051+0000] {dag.py:3504} INFO - Setting next_dagrun for latest_only to 2025-08-14T06:23:32.050806+00:00, run_after=2025-08-14T10:23:32.050806+00:00
[2025-08-14T10:23:32.084+0000] {processor.py:179} INFO - Processing /home/vscode/.local/lib/python3.10/site-packages/airflow/example_dags/example_latest_only.py took 0.099 seconds
[2025-08-14T10:24:18.048+0000] {processor.py:157} INFO - Started process (PID=23140) to work on /home/vscode/.local/lib/python3.10/site-packages/airflow/example_dags/example_latest_only.py
[2025-08-14T10:24:18.048+0000] {processor.py:826} INFO - Processing file /home/vscode/.local/lib/python3.10/site-packages/airflow/example_dags/example_latest_only.py for tasks to queue
[2025-08-14T10:24:18.049+0000] {logging_mixin.py:150} INFO - [2025-08-14T10:24:18.049+0000] {dagbag.py:541} INFO - Filling up the DagBag from /home/vscode/.local/lib/python3.10/site-packages/airflow/example_dags/example_latest_only.py
[2025-08-14T10:24:18.053+0000] {processor.py:836} INFO - DAG(s) dict_keys(['latest_only']) retrieved from /home/vscode/.local/lib/python3.10/site-packages/airflow/example_dags/example_latest_only.py
[2025-08-14T10:24:18.065+0000] {logging_mixin.py:150} INFO - [2025-08-14T10:24:18.065+0000] {dag.py:2742} INFO - Sync 1 DAGs
[2025-08-14T10:24:18.080+0000] {logging_mixin.py:150} INFO - [2025-08-14T10:24:18.080+0000] {dag.py:3504} INFO - Setting next_dagrun for latest_only to 2025-08-14T06:24:18.080599+00:00, run_after=2025-08-14T10:24:18.080599+00:00
[2025-08-14T10:24:18.096+0000] {processor.py:179} INFO - Processing /home/vscode/.local/lib/python3.10/site-packages/airflow/example_dags/example_latest_only.py took 0.051 seconds
[2025-08-14T10:25:05.441+0000] {processor.py:157} INFO - Started process (PID=23464) to work on /home/vscode/.local/lib/python3.10/site-packages/airflow/example_dags/example_latest_only.py
[2025-08-14T10:25:05.442+0000] {processor.py:826} INFO - Processing file /home/vscode/.local/lib/python3.10/site-packages/airflow/example_dags/example_latest_only.py for tasks to queue
[2025-08-14T10:25:05.443+0000] {logging_mixin.py:150} INFO - [2025-08-14T10:25:05.442+0000] {dagbag.py:541} INFO - Filling up the DagBag from /home/vscode/.local/lib/python3.10/site-packages/airflow/example_dags/example_latest_only.py
[2025-08-14T10:25:05.447+0000] {processor.py:836} INFO - DAG(s) dict_keys(['latest_only']) retrieved from /home/vscode/.local/lib/python3.10/site-packages/airflow/example_dags/example_latest_only.py
[2025-08-14T10:25:05.458+0000] {logging_mixin.py:150} INFO - [2025-08-14T10:25:05.458+0000] {dag.py:2742} INFO - Sync 1 DAGs
[2025-08-14T10:25:05.472+0000] {logging_mixin.py:150} INFO - [2025-08-14T10:25:05.472+0000] {dag.py:3504} INFO - Setting next_dagrun for latest_only to 2025-08-14T06:25:05.472528+00:00, run_after=2025-08-14T10:25:05.472528+00:00
[2025-08-14T10:25:05.488+0000] {processor.py:179} INFO - Processing /home/vscode/.local/lib/python3.10/site-packages/airflow/example_dags/example_latest_only.py took 0.049 seconds
[2025-08-14T10:25:48.289+0000] {processor.py:157} INFO - Started process (PID=23752) to work on /home/vscode/.local/lib/python3.10/site-packages/airflow/example_dags/example_latest_only.py
[2025-08-14T10:25:48.289+0000] {processor.py:826} INFO - Processing file /home/vscode/.local/lib/python3.10/site-packages/airflow/example_dags/example_latest_only.py for tasks to queue
[2025-08-14T10:25:48.290+0000] {logging_mixin.py:150} INFO - [2025-08-14T10:25:48.290+0000] {dagbag.py:541} INFO - Filling up the DagBag from /home/vscode/.local/lib/python3.10/site-packages/airflow/example_dags/example_latest_only.py
[2025-08-14T10:25:48.294+0000] {processor.py:836} INFO - DAG(s) dict_keys(['latest_only']) retrieved from /home/vscode/.local/lib/python3.10/site-packages/airflow/example_dags/example_latest_only.py
[2025-08-14T10:25:48.304+0000] {logging_mixin.py:150} INFO - [2025-08-14T10:25:48.304+0000] {dag.py:2742} INFO - Sync 1 DAGs
[2025-08-14T10:25:48.318+0000] {logging_mixin.py:150} INFO - [2025-08-14T10:25:48.318+0000] {dag.py:3504} INFO - Setting next_dagrun for latest_only to 2025-08-14T06:25:48.318068+00:00, run_after=2025-08-14T10:25:48.318068+00:00
[2025-08-14T10:25:48.333+0000] {processor.py:179} INFO - Processing /home/vscode/.local/lib/python3.10/site-packages/airflow/example_dags/example_latest_only.py took 0.047 seconds
[2025-08-14T10:26:36.751+0000] {processor.py:157} INFO - Started process (PID=24075) to work on /home/vscode/.local/lib/python3.10/site-packages/airflow/example_dags/example_latest_only.py
[2025-08-14T10:26:36.751+0000] {processor.py:826} INFO - Processing file /home/vscode/.local/lib/python3.10/site-packages/airflow/example_dags/example_latest_only.py for tasks to queue
[2025-08-14T10:26:36.752+0000] {logging_mixin.py:150} INFO - [2025-08-14T10:26:36.752+0000] {dagbag.py:541} INFO - Filling up the DagBag from /home/vscode/.local/lib/python3.10/site-packages/airflow/example_dags/example_latest_only.py
[2025-08-14T10:26:36.756+0000] {processor.py:836} INFO - DAG(s) dict_keys(['latest_only']) retrieved from /home/vscode/.local/lib/python3.10/site-packages/airflow/example_dags/example_latest_only.py
[2025-08-14T10:26:36.767+0000] {logging_mixin.py:150} INFO - [2025-08-14T10:26:36.767+0000] {dag.py:2742} INFO - Sync 1 DAGs
[2025-08-14T10:26:36.782+0000] {logging_mixin.py:150} INFO - [2025-08-14T10:26:36.781+0000] {dag.py:3504} INFO - Setting next_dagrun for latest_only to 2025-08-14T06:26:36.781700+00:00, run_after=2025-08-14T10:26:36.781700+00:00
[2025-08-14T10:26:36.798+0000] {processor.py:179} INFO - Processing /home/vscode/.local/lib/python3.10/site-packages/airflow/example_dags/example_latest_only.py took 0.050 seconds
[2025-08-14T10:27:24.426+0000] {processor.py:157} INFO - Started process (PID=24392) to work on /home/vscode/.local/lib/python3.10/site-packages/airflow/example_dags/example_latest_only.py
[2025-08-14T10:27:24.426+0000] {processor.py:826} INFO - Processing file /home/vscode/.local/lib/python3.10/site-packages/airflow/example_dags/example_latest_only.py for tasks to queue
[2025-08-14T10:27:24.427+0000] {logging_mixin.py:150} INFO - [2025-08-14T10:27:24.427+0000] {dagbag.py:541} INFO - Filling up the DagBag from /home/vscode/.local/lib/python3.10/site-packages/airflow/example_dags/example_latest_only.py
[2025-08-14T10:27:24.431+0000] {processor.py:836} INFO - DAG(s) dict_keys(['latest_only']) retrieved from /home/vscode/.local/lib/python3.10/site-packages/airflow/example_dags/example_latest_only.py
[2025-08-14T10:27:24.442+0000] {logging_mixin.py:150} INFO - [2025-08-14T10:27:24.442+0000] {dag.py:2742} INFO - Sync 1 DAGs
[2025-08-14T10:27:24.456+0000] {logging_mixin.py:150} INFO - [2025-08-14T10:27:24.456+0000] {dag.py:3504} INFO - Setting next_dagrun for latest_only to 2025-08-14T06:27:24.456645+00:00, run_after=2025-08-14T10:27:24.456645+00:00
[2025-08-14T10:27:24.472+0000] {processor.py:179} INFO - Processing /home/vscode/.local/lib/python3.10/site-packages/airflow/example_dags/example_latest_only.py took 0.049 seconds
[2025-08-14T10:28:08.051+0000] {processor.py:157} INFO - Started process (PID=24692) to work on /home/vscode/.local/lib/python3.10/site-packages/airflow/example_dags/example_latest_only.py
[2025-08-14T10:28:08.051+0000] {processor.py:826} INFO - Processing file /home/vscode/.local/lib/python3.10/site-packages/airflow/example_dags/example_latest_only.py for tasks to queue
[2025-08-14T10:28:08.052+0000] {logging_mixin.py:150} INFO - [2025-08-14T10:28:08.052+0000] {dagbag.py:541} INFO - Filling up the DagBag from /home/vscode/.local/lib/python3.10/site-packages/airflow/example_dags/example_latest_only.py
[2025-08-14T10:28:08.056+0000] {processor.py:836} INFO - DAG(s) dict_keys(['latest_only']) retrieved from /home/vscode/.local/lib/python3.10/site-packages/airflow/example_dags/example_latest_only.py
[2025-08-14T10:28:08.067+0000] {logging_mixin.py:150} INFO - [2025-08-14T10:28:08.067+0000] {dag.py:2742} INFO - Sync 1 DAGs
[2025-08-14T10:28:08.082+0000] {logging_mixin.py:150} INFO - [2025-08-14T10:28:08.082+0000] {dag.py:3504} INFO - Setting next_dagrun for latest_only to 2025-08-14T06:28:08.081941+00:00, run_after=2025-08-14T10:28:08.081941+00:00
[2025-08-14T10:28:08.097+0000] {processor.py:179} INFO - Processing /home/vscode/.local/lib/python3.10/site-packages/airflow/example_dags/example_latest_only.py took 0.049 seconds
[2025-08-14T10:28:57.814+0000] {processor.py:157} INFO - Started process (PID=25013) to work on /home/vscode/.local/lib/python3.10/site-packages/airflow/example_dags/example_latest_only.py
[2025-08-14T10:28:57.815+0000] {processor.py:826} INFO - Processing file /home/vscode/.local/lib/python3.10/site-packages/airflow/example_dags/example_latest_only.py for tasks to queue
[2025-08-14T10:28:57.815+0000] {logging_mixin.py:150} INFO - [2025-08-14T10:28:57.815+0000] {dagbag.py:541} INFO - Filling up the DagBag from /home/vscode/.local/lib/python3.10/site-packages/airflow/example_dags/example_latest_only.py
[2025-08-14T10:28:57.820+0000] {processor.py:836} INFO - DAG(s) dict_keys(['latest_only']) retrieved from /home/vscode/.local/lib/python3.10/site-packages/airflow/example_dags/example_latest_only.py
[2025-08-14T10:28:57.831+0000] {logging_mixin.py:150} INFO - [2025-08-14T10:28:57.830+0000] {dag.py:2742} INFO - Sync 1 DAGs
[2025-08-14T10:28:57.845+0000] {logging_mixin.py:150} INFO - [2025-08-14T10:28:57.844+0000] {dag.py:3504} INFO - Setting next_dagrun for latest_only to 2025-08-14T06:28:57.844765+00:00, run_after=2025-08-14T10:28:57.844765+00:00
[2025-08-14T10:28:57.862+0000] {processor.py:179} INFO - Processing /home/vscode/.local/lib/python3.10/site-packages/airflow/example_dags/example_latest_only.py took 0.050 seconds
[2025-08-14T10:29:42.484+0000] {processor.py:157} INFO - Started process (PID=25322) to work on /home/vscode/.local/lib/python3.10/site-packages/airflow/example_dags/example_latest_only.py
[2025-08-14T10:29:42.485+0000] {processor.py:826} INFO - Processing file /home/vscode/.local/lib/python3.10/site-packages/airflow/example_dags/example_latest_only.py for tasks to queue
[2025-08-14T10:29:42.485+0000] {logging_mixin.py:150} INFO - [2025-08-14T10:29:42.485+0000] {dagbag.py:541} INFO - Filling up the DagBag from /home/vscode/.local/lib/python3.10/site-packages/airflow/example_dags/example_latest_only.py
[2025-08-14T10:29:42.490+0000] {processor.py:836} INFO - DAG(s) dict_keys(['latest_only']) retrieved from /home/vscode/.local/lib/python3.10/site-packages/airflow/example_dags/example_latest_only.py
[2025-08-14T10:29:42.506+0000] {logging_mixin.py:150} INFO - [2025-08-14T10:29:42.505+0000] {dag.py:2742} INFO - Sync 1 DAGs
[2025-08-14T10:29:42.528+0000] {logging_mixin.py:150} INFO - [2025-08-14T10:29:42.528+0000] {dag.py:3504} INFO - Setting next_dagrun for latest_only to 2025-08-14T06:29:42.527822+00:00, run_after=2025-08-14T10:29:42.527822+00:00
[2025-08-14T10:29:42.553+0000] {processor.py:179} INFO - Processing /home/vscode/.local/lib/python3.10/site-packages/airflow/example_dags/example_latest_only.py took 0.071 seconds
[2025-08-14T10:30:29.979+0000] {processor.py:157} INFO - Started process (PID=25633) to work on /home/vscode/.local/lib/python3.10/site-packages/airflow/example_dags/example_latest_only.py
[2025-08-14T10:30:29.980+0000] {processor.py:826} INFO - Processing file /home/vscode/.local/lib/python3.10/site-packages/airflow/example_dags/example_latest_only.py for tasks to queue
[2025-08-14T10:30:29.981+0000] {logging_mixin.py:150} INFO - [2025-08-14T10:30:29.981+0000] {dagbag.py:541} INFO - Filling up the DagBag from /home/vscode/.local/lib/python3.10/site-packages/airflow/example_dags/example_latest_only.py
[2025-08-14T10:30:29.987+0000] {processor.py:836} INFO - DAG(s) dict_keys(['latest_only']) retrieved from /home/vscode/.local/lib/python3.10/site-packages/airflow/example_dags/example_latest_only.py
[2025-08-14T10:30:30.003+0000] {logging_mixin.py:150} INFO - [2025-08-14T10:30:30.003+0000] {dag.py:2742} INFO - Sync 1 DAGs
[2025-08-14T10:30:30.024+0000] {logging_mixin.py:150} INFO - [2025-08-14T10:30:30.024+0000] {dag.py:3504} INFO - Setting next_dagrun for latest_only to 2025-08-14T06:30:30.024151+00:00, run_after=2025-08-14T10:30:30.024151+00:00
[2025-08-14T10:30:30.044+0000] {processor.py:179} INFO - Processing /home/vscode/.local/lib/python3.10/site-packages/airflow/example_dags/example_latest_only.py took 0.068 seconds
[2025-08-14T10:31:15.457+0000] {processor.py:157} INFO - Started process (PID=25940) to work on /home/vscode/.local/lib/python3.10/site-packages/airflow/example_dags/example_latest_only.py
[2025-08-14T10:31:15.458+0000] {processor.py:826} INFO - Processing file /home/vscode/.local/lib/python3.10/site-packages/airflow/example_dags/example_latest_only.py for tasks to queue
[2025-08-14T10:31:15.458+0000] {logging_mixin.py:150} INFO - [2025-08-14T10:31:15.458+0000] {dagbag.py:541} INFO - Filling up the DagBag from /home/vscode/.local/lib/python3.10/site-packages/airflow/example_dags/example_latest_only.py
[2025-08-14T10:31:15.463+0000] {processor.py:836} INFO - DAG(s) dict_keys(['latest_only']) retrieved from /home/vscode/.local/lib/python3.10/site-packages/airflow/example_dags/example_latest_only.py
[2025-08-14T10:31:15.473+0000] {logging_mixin.py:150} INFO - [2025-08-14T10:31:15.473+0000] {dag.py:2742} INFO - Sync 1 DAGs
[2025-08-14T10:31:15.487+0000] {logging_mixin.py:150} INFO - [2025-08-14T10:31:15.487+0000] {dag.py:3504} INFO - Setting next_dagrun for latest_only to 2025-08-14T06:31:15.487679+00:00, run_after=2025-08-14T10:31:15.487679+00:00
[2025-08-14T10:31:15.503+0000] {processor.py:179} INFO - Processing /home/vscode/.local/lib/python3.10/site-packages/airflow/example_dags/example_latest_only.py took 0.048 seconds
[2025-08-14T10:31:59.556+0000] {processor.py:157} INFO - Started process (PID=26238) to work on /home/vscode/.local/lib/python3.10/site-packages/airflow/example_dags/example_latest_only.py
[2025-08-14T10:31:59.556+0000] {processor.py:826} INFO - Processing file /home/vscode/.local/lib/python3.10/site-packages/airflow/example_dags/example_latest_only.py for tasks to queue
[2025-08-14T10:31:59.557+0000] {logging_mixin.py:150} INFO - [2025-08-14T10:31:59.557+0000] {dagbag.py:541} INFO - Filling up the DagBag from /home/vscode/.local/lib/python3.10/site-packages/airflow/example_dags/example_latest_only.py
[2025-08-14T10:31:59.564+0000] {processor.py:836} INFO - DAG(s) dict_keys(['latest_only']) retrieved from /home/vscode/.local/lib/python3.10/site-packages/airflow/example_dags/example_latest_only.py
[2025-08-14T10:31:59.579+0000] {logging_mixin.py:150} INFO - [2025-08-14T10:31:59.579+0000] {dag.py:2742} INFO - Sync 1 DAGs
[2025-08-14T10:31:59.599+0000] {logging_mixin.py:150} INFO - [2025-08-14T10:31:59.599+0000] {dag.py:3504} INFO - Setting next_dagrun for latest_only to 2025-08-14T06:31:59.599393+00:00, run_after=2025-08-14T10:31:59.599393+00:00
[2025-08-14T10:31:59.614+0000] {processor.py:179} INFO - Processing /home/vscode/.local/lib/python3.10/site-packages/airflow/example_dags/example_latest_only.py took 0.062 seconds
[2025-08-14T10:32:42.928+0000] {processor.py:157} INFO - Started process (PID=26528) to work on /home/vscode/.local/lib/python3.10/site-packages/airflow/example_dags/example_latest_only.py
[2025-08-14T10:32:42.928+0000] {processor.py:826} INFO - Processing file /home/vscode/.local/lib/python3.10/site-packages/airflow/example_dags/example_latest_only.py for tasks to queue
[2025-08-14T10:32:42.929+0000] {logging_mixin.py:150} INFO - [2025-08-14T10:32:42.929+0000] {dagbag.py:541} INFO - Filling up the DagBag from /home/vscode/.local/lib/python3.10/site-packages/airflow/example_dags/example_latest_only.py
[2025-08-14T10:32:42.933+0000] {processor.py:836} INFO - DAG(s) dict_keys(['latest_only']) retrieved from /home/vscode/.local/lib/python3.10/site-packages/airflow/example_dags/example_latest_only.py
[2025-08-14T10:32:42.944+0000] {logging_mixin.py:150} INFO - [2025-08-14T10:32:42.944+0000] {dag.py:2742} INFO - Sync 1 DAGs
[2025-08-14T10:32:42.958+0000] {logging_mixin.py:150} INFO - [2025-08-14T10:32:42.958+0000] {dag.py:3504} INFO - Setting next_dagrun for latest_only to 2025-08-14T06:32:42.958710+00:00, run_after=2025-08-14T10:32:42.958710+00:00
[2025-08-14T10:32:42.975+0000] {processor.py:179} INFO - Processing /home/vscode/.local/lib/python3.10/site-packages/airflow/example_dags/example_latest_only.py took 0.049 seconds
[2025-08-14T10:33:26.885+0000] {processor.py:157} INFO - Started process (PID=26934) to work on /home/vscode/.local/lib/python3.10/site-packages/airflow/example_dags/example_latest_only.py
[2025-08-14T10:33:26.886+0000] {processor.py:826} INFO - Processing file /home/vscode/.local/lib/python3.10/site-packages/airflow/example_dags/example_latest_only.py for tasks to queue
[2025-08-14T10:33:26.886+0000] {logging_mixin.py:150} INFO - [2025-08-14T10:33:26.886+0000] {dagbag.py:541} INFO - Filling up the DagBag from /home/vscode/.local/lib/python3.10/site-packages/airflow/example_dags/example_latest_only.py
[2025-08-14T10:33:26.891+0000] {processor.py:836} INFO - DAG(s) dict_keys(['latest_only']) retrieved from /home/vscode/.local/lib/python3.10/site-packages/airflow/example_dags/example_latest_only.py
[2025-08-14T10:33:26.902+0000] {logging_mixin.py:150} INFO - [2025-08-14T10:33:26.901+0000] {dag.py:2742} INFO - Sync 1 DAGs
[2025-08-14T10:33:26.916+0000] {logging_mixin.py:150} INFO - [2025-08-14T10:33:26.915+0000] {dag.py:3504} INFO - Setting next_dagrun for latest_only to 2025-08-14T06:33:26.915793+00:00, run_after=2025-08-14T10:33:26.915793+00:00
[2025-08-14T10:33:26.932+0000] {processor.py:179} INFO - Processing /home/vscode/.local/lib/python3.10/site-packages/airflow/example_dags/example_latest_only.py took 0.050 seconds
[2025-08-14T10:34:10.870+0000] {processor.py:157} INFO - Started process (PID=27233) to work on /home/vscode/.local/lib/python3.10/site-packages/airflow/example_dags/example_latest_only.py
[2025-08-14T10:34:10.871+0000] {processor.py:826} INFO - Processing file /home/vscode/.local/lib/python3.10/site-packages/airflow/example_dags/example_latest_only.py for tasks to queue
[2025-08-14T10:34:10.872+0000] {logging_mixin.py:150} INFO - [2025-08-14T10:34:10.871+0000] {dagbag.py:541} INFO - Filling up the DagBag from /home/vscode/.local/lib/python3.10/site-packages/airflow/example_dags/example_latest_only.py
[2025-08-14T10:34:10.876+0000] {processor.py:836} INFO - DAG(s) dict_keys(['latest_only']) retrieved from /home/vscode/.local/lib/python3.10/site-packages/airflow/example_dags/example_latest_only.py
[2025-08-14T10:34:10.886+0000] {logging_mixin.py:150} INFO - [2025-08-14T10:34:10.886+0000] {dag.py:2742} INFO - Sync 1 DAGs
[2025-08-14T10:34:10.900+0000] {logging_mixin.py:150} INFO - [2025-08-14T10:34:10.900+0000] {dag.py:3504} INFO - Setting next_dagrun for latest_only to 2025-08-14T06:34:10.900405+00:00, run_after=2025-08-14T10:34:10.900405+00:00
[2025-08-14T10:34:10.915+0000] {processor.py:179} INFO - Processing /home/vscode/.local/lib/python3.10/site-packages/airflow/example_dags/example_latest_only.py took 0.047 seconds
[2025-08-14T10:34:59.453+0000] {processor.py:157} INFO - Started process (PID=27552) to work on /home/vscode/.local/lib/python3.10/site-packages/airflow/example_dags/example_latest_only.py
[2025-08-14T10:34:59.454+0000] {processor.py:826} INFO - Processing file /home/vscode/.local/lib/python3.10/site-packages/airflow/example_dags/example_latest_only.py for tasks to queue
[2025-08-14T10:34:59.454+0000] {logging_mixin.py:150} INFO - [2025-08-14T10:34:59.454+0000] {dagbag.py:541} INFO - Filling up the DagBag from /home/vscode/.local/lib/python3.10/site-packages/airflow/example_dags/example_latest_only.py
[2025-08-14T10:34:59.458+0000] {processor.py:836} INFO - DAG(s) dict_keys(['latest_only']) retrieved from /home/vscode/.local/lib/python3.10/site-packages/airflow/example_dags/example_latest_only.py
[2025-08-14T10:34:59.469+0000] {logging_mixin.py:150} INFO - [2025-08-14T10:34:59.469+0000] {dag.py:2742} INFO - Sync 1 DAGs
[2025-08-14T10:34:59.483+0000] {logging_mixin.py:150} INFO - [2025-08-14T10:34:59.483+0000] {dag.py:3504} INFO - Setting next_dagrun for latest_only to 2025-08-14T06:34:59.482948+00:00, run_after=2025-08-14T10:34:59.482948+00:00
[2025-08-14T10:34:59.498+0000] {processor.py:179} INFO - Processing /home/vscode/.local/lib/python3.10/site-packages/airflow/example_dags/example_latest_only.py took 0.048 seconds
[2025-08-14T10:35:44.396+0000] {processor.py:157} INFO - Started process (PID=27854) to work on /home/vscode/.local/lib/python3.10/site-packages/airflow/example_dags/example_latest_only.py
[2025-08-14T10:35:44.396+0000] {processor.py:826} INFO - Processing file /home/vscode/.local/lib/python3.10/site-packages/airflow/example_dags/example_latest_only.py for tasks to queue
[2025-08-14T10:35:44.397+0000] {logging_mixin.py:150} INFO - [2025-08-14T10:35:44.396+0000] {dagbag.py:541} INFO - Filling up the DagBag from /home/vscode/.local/lib/python3.10/site-packages/airflow/example_dags/example_latest_only.py
[2025-08-14T10:35:44.401+0000] {processor.py:836} INFO - DAG(s) dict_keys(['latest_only']) retrieved from /home/vscode/.local/lib/python3.10/site-packages/airflow/example_dags/example_latest_only.py
[2025-08-14T10:35:44.413+0000] {logging_mixin.py:150} INFO - [2025-08-14T10:35:44.413+0000] {dag.py:2742} INFO - Sync 1 DAGs
[2025-08-14T10:35:44.428+0000] {logging_mixin.py:150} INFO - [2025-08-14T10:35:44.428+0000] {dag.py:3504} INFO - Setting next_dagrun for latest_only to 2025-08-14T06:35:44.427849+00:00, run_after=2025-08-14T10:35:44.427849+00:00
[2025-08-14T10:35:44.443+0000] {processor.py:179} INFO - Processing /home/vscode/.local/lib/python3.10/site-packages/airflow/example_dags/example_latest_only.py took 0.050 seconds
[2025-08-14T10:36:31.669+0000] {processor.py:157} INFO - Started process (PID=28170) to work on /home/vscode/.local/lib/python3.10/site-packages/airflow/example_dags/example_latest_only.py
[2025-08-14T10:36:31.670+0000] {processor.py:826} INFO - Processing file /home/vscode/.local/lib/python3.10/site-packages/airflow/example_dags/example_latest_only.py for tasks to queue
[2025-08-14T10:36:31.671+0000] {logging_mixin.py:150} INFO - [2025-08-14T10:36:31.670+0000] {dagbag.py:541} INFO - Filling up the DagBag from /home/vscode/.local/lib/python3.10/site-packages/airflow/example_dags/example_latest_only.py
[2025-08-14T10:36:31.675+0000] {processor.py:836} INFO - DAG(s) dict_keys(['latest_only']) retrieved from /home/vscode/.local/lib/python3.10/site-packages/airflow/example_dags/example_latest_only.py
[2025-08-14T10:36:31.686+0000] {logging_mixin.py:150} INFO - [2025-08-14T10:36:31.686+0000] {dag.py:2742} INFO - Sync 1 DAGs
[2025-08-14T10:36:31.700+0000] {logging_mixin.py:150} INFO - [2025-08-14T10:36:31.699+0000] {dag.py:3504} INFO - Setting next_dagrun for latest_only to 2025-08-14T06:36:31.699845+00:00, run_after=2025-08-14T10:36:31.699845+00:00
[2025-08-14T10:36:31.715+0000] {processor.py:179} INFO - Processing /home/vscode/.local/lib/python3.10/site-packages/airflow/example_dags/example_latest_only.py took 0.047 seconds
[2025-08-14T10:37:16.796+0000] {processor.py:157} INFO - Started process (PID=28468) to work on /home/vscode/.local/lib/python3.10/site-packages/airflow/example_dags/example_latest_only.py
[2025-08-14T10:37:16.796+0000] {processor.py:826} INFO - Processing file /home/vscode/.local/lib/python3.10/site-packages/airflow/example_dags/example_latest_only.py for tasks to queue
[2025-08-14T10:37:16.797+0000] {logging_mixin.py:150} INFO - [2025-08-14T10:37:16.797+0000] {dagbag.py:541} INFO - Filling up the DagBag from /home/vscode/.local/lib/python3.10/site-packages/airflow/example_dags/example_latest_only.py
[2025-08-14T10:37:16.801+0000] {processor.py:836} INFO - DAG(s) dict_keys(['latest_only']) retrieved from /home/vscode/.local/lib/python3.10/site-packages/airflow/example_dags/example_latest_only.py
[2025-08-14T10:37:16.812+0000] {logging_mixin.py:150} INFO - [2025-08-14T10:37:16.812+0000] {dag.py:2742} INFO - Sync 1 DAGs
[2025-08-14T10:37:16.826+0000] {logging_mixin.py:150} INFO - [2025-08-14T10:37:16.826+0000] {dag.py:3504} INFO - Setting next_dagrun for latest_only to 2025-08-14T06:37:16.826561+00:00, run_after=2025-08-14T10:37:16.826561+00:00
[2025-08-14T10:37:16.841+0000] {processor.py:179} INFO - Processing /home/vscode/.local/lib/python3.10/site-packages/airflow/example_dags/example_latest_only.py took 0.048 seconds
[2025-08-14T10:38:06.868+0000] {processor.py:157} INFO - Started process (PID=28809) to work on /home/vscode/.local/lib/python3.10/site-packages/airflow/example_dags/example_latest_only.py
[2025-08-14T10:38:06.869+0000] {processor.py:826} INFO - Processing file /home/vscode/.local/lib/python3.10/site-packages/airflow/example_dags/example_latest_only.py for tasks to queue
[2025-08-14T10:38:06.870+0000] {logging_mixin.py:150} INFO - [2025-08-14T10:38:06.869+0000] {dagbag.py:541} INFO - Filling up the DagBag from /home/vscode/.local/lib/python3.10/site-packages/airflow/example_dags/example_latest_only.py
[2025-08-14T10:38:06.874+0000] {processor.py:836} INFO - DAG(s) dict_keys(['latest_only']) retrieved from /home/vscode/.local/lib/python3.10/site-packages/airflow/example_dags/example_latest_only.py
[2025-08-14T10:38:06.885+0000] {logging_mixin.py:150} INFO - [2025-08-14T10:38:06.885+0000] {dag.py:2742} INFO - Sync 1 DAGs
[2025-08-14T10:38:06.899+0000] {logging_mixin.py:150} INFO - [2025-08-14T10:38:06.899+0000] {dag.py:3504} INFO - Setting next_dagrun for latest_only to 2025-08-14T06:38:06.899597+00:00, run_after=2025-08-14T10:38:06.899597+00:00
[2025-08-14T10:38:06.918+0000] {processor.py:179} INFO - Processing /home/vscode/.local/lib/python3.10/site-packages/airflow/example_dags/example_latest_only.py took 0.052 seconds
[2025-08-14T10:38:51.542+0000] {processor.py:157} INFO - Started process (PID=29099) to work on /home/vscode/.local/lib/python3.10/site-packages/airflow/example_dags/example_latest_only.py
[2025-08-14T10:38:51.542+0000] {processor.py:826} INFO - Processing file /home/vscode/.local/lib/python3.10/site-packages/airflow/example_dags/example_latest_only.py for tasks to queue
[2025-08-14T10:38:51.543+0000] {logging_mixin.py:150} INFO - [2025-08-14T10:38:51.543+0000] {dagbag.py:541} INFO - Filling up the DagBag from /home/vscode/.local/lib/python3.10/site-packages/airflow/example_dags/example_latest_only.py
[2025-08-14T10:38:51.547+0000] {processor.py:836} INFO - DAG(s) dict_keys(['latest_only']) retrieved from /home/vscode/.local/lib/python3.10/site-packages/airflow/example_dags/example_latest_only.py
[2025-08-14T10:38:51.558+0000] {logging_mixin.py:150} INFO - [2025-08-14T10:38:51.558+0000] {dag.py:2742} INFO - Sync 1 DAGs
[2025-08-14T10:38:51.571+0000] {logging_mixin.py:150} INFO - [2025-08-14T10:38:51.571+0000] {dag.py:3504} INFO - Setting next_dagrun for latest_only to 2025-08-14T06:38:51.571721+00:00, run_after=2025-08-14T10:38:51.571721+00:00
[2025-08-14T10:38:51.587+0000] {processor.py:179} INFO - Processing /home/vscode/.local/lib/python3.10/site-packages/airflow/example_dags/example_latest_only.py took 0.048 seconds
[2025-08-14T10:39:40.213+0000] {processor.py:157} INFO - Started process (PID=29425) to work on /home/vscode/.local/lib/python3.10/site-packages/airflow/example_dags/example_latest_only.py
[2025-08-14T10:39:40.213+0000] {processor.py:826} INFO - Processing file /home/vscode/.local/lib/python3.10/site-packages/airflow/example_dags/example_latest_only.py for tasks to queue
[2025-08-14T10:39:40.214+0000] {logging_mixin.py:150} INFO - [2025-08-14T10:39:40.213+0000] {dagbag.py:541} INFO - Filling up the DagBag from /home/vscode/.local/lib/python3.10/site-packages/airflow/example_dags/example_latest_only.py
[2025-08-14T10:39:40.218+0000] {processor.py:836} INFO - DAG(s) dict_keys(['latest_only']) retrieved from /home/vscode/.local/lib/python3.10/site-packages/airflow/example_dags/example_latest_only.py
[2025-08-14T10:39:40.228+0000] {logging_mixin.py:150} INFO - [2025-08-14T10:39:40.228+0000] {dag.py:2742} INFO - Sync 1 DAGs
[2025-08-14T10:39:40.243+0000] {logging_mixin.py:150} INFO - [2025-08-14T10:39:40.243+0000] {dag.py:3504} INFO - Setting next_dagrun for latest_only to 2025-08-14T06:39:40.243049+00:00, run_after=2025-08-14T10:39:40.243049+00:00
[2025-08-14T10:39:40.258+0000] {processor.py:179} INFO - Processing /home/vscode/.local/lib/python3.10/site-packages/airflow/example_dags/example_latest_only.py took 0.048 seconds
[2025-08-14T10:40:28.621+0000] {processor.py:157} INFO - Started process (PID=29751) to work on /home/vscode/.local/lib/python3.10/site-packages/airflow/example_dags/example_latest_only.py
[2025-08-14T10:40:28.621+0000] {processor.py:826} INFO - Processing file /home/vscode/.local/lib/python3.10/site-packages/airflow/example_dags/example_latest_only.py for tasks to queue
[2025-08-14T10:40:28.622+0000] {logging_mixin.py:150} INFO - [2025-08-14T10:40:28.622+0000] {dagbag.py:541} INFO - Filling up the DagBag from /home/vscode/.local/lib/python3.10/site-packages/airflow/example_dags/example_latest_only.py
[2025-08-14T10:40:28.626+0000] {processor.py:836} INFO - DAG(s) dict_keys(['latest_only']) retrieved from /home/vscode/.local/lib/python3.10/site-packages/airflow/example_dags/example_latest_only.py
[2025-08-14T10:40:28.637+0000] {logging_mixin.py:150} INFO - [2025-08-14T10:40:28.637+0000] {dag.py:2742} INFO - Sync 1 DAGs
[2025-08-14T10:40:28.651+0000] {logging_mixin.py:150} INFO - [2025-08-14T10:40:28.651+0000] {dag.py:3504} INFO - Setting next_dagrun for latest_only to 2025-08-14T06:40:28.650923+00:00, run_after=2025-08-14T10:40:28.650923+00:00
[2025-08-14T10:40:28.666+0000] {processor.py:179} INFO - Processing /home/vscode/.local/lib/python3.10/site-packages/airflow/example_dags/example_latest_only.py took 0.047 seconds
[2025-08-14T10:41:16.915+0000] {processor.py:157} INFO - Started process (PID=30070) to work on /home/vscode/.local/lib/python3.10/site-packages/airflow/example_dags/example_latest_only.py
[2025-08-14T10:41:16.916+0000] {processor.py:826} INFO - Processing file /home/vscode/.local/lib/python3.10/site-packages/airflow/example_dags/example_latest_only.py for tasks to queue
[2025-08-14T10:41:16.917+0000] {logging_mixin.py:150} INFO - [2025-08-14T10:41:16.916+0000] {dagbag.py:541} INFO - Filling up the DagBag from /home/vscode/.local/lib/python3.10/site-packages/airflow/example_dags/example_latest_only.py
[2025-08-14T10:41:16.921+0000] {processor.py:836} INFO - DAG(s) dict_keys(['latest_only']) retrieved from /home/vscode/.local/lib/python3.10/site-packages/airflow/example_dags/example_latest_only.py
[2025-08-14T10:41:16.932+0000] {logging_mixin.py:150} INFO - [2025-08-14T10:41:16.932+0000] {dag.py:2742} INFO - Sync 1 DAGs
[2025-08-14T10:41:16.947+0000] {logging_mixin.py:150} INFO - [2025-08-14T10:41:16.947+0000] {dag.py:3504} INFO - Setting next_dagrun for latest_only to 2025-08-14T06:41:16.946853+00:00, run_after=2025-08-14T10:41:16.946853+00:00
[2025-08-14T10:41:16.962+0000] {processor.py:179} INFO - Processing /home/vscode/.local/lib/python3.10/site-packages/airflow/example_dags/example_latest_only.py took 0.049 seconds
[2025-08-14T10:42:04.595+0000] {processor.py:157} INFO - Started process (PID=30387) to work on /home/vscode/.local/lib/python3.10/site-packages/airflow/example_dags/example_latest_only.py
[2025-08-14T10:42:04.596+0000] {processor.py:826} INFO - Processing file /home/vscode/.local/lib/python3.10/site-packages/airflow/example_dags/example_latest_only.py for tasks to queue
[2025-08-14T10:42:04.596+0000] {logging_mixin.py:150} INFO - [2025-08-14T10:42:04.596+0000] {dagbag.py:541} INFO - Filling up the DagBag from /home/vscode/.local/lib/python3.10/site-packages/airflow/example_dags/example_latest_only.py
[2025-08-14T10:42:04.601+0000] {processor.py:836} INFO - DAG(s) dict_keys(['latest_only']) retrieved from /home/vscode/.local/lib/python3.10/site-packages/airflow/example_dags/example_latest_only.py
[2025-08-14T10:42:04.611+0000] {logging_mixin.py:150} INFO - [2025-08-14T10:42:04.611+0000] {dag.py:2742} INFO - Sync 1 DAGs
[2025-08-14T10:42:04.625+0000] {logging_mixin.py:150} INFO - [2025-08-14T10:42:04.625+0000] {dag.py:3504} INFO - Setting next_dagrun for latest_only to 2025-08-14T06:42:04.625154+00:00, run_after=2025-08-14T10:42:04.625154+00:00
[2025-08-14T10:42:04.641+0000] {processor.py:179} INFO - Processing /home/vscode/.local/lib/python3.10/site-packages/airflow/example_dags/example_latest_only.py took 0.048 seconds
[2025-08-14T10:42:50.732+0000] {processor.py:157} INFO - Started process (PID=30693) to work on /home/vscode/.local/lib/python3.10/site-packages/airflow/example_dags/example_latest_only.py
[2025-08-14T10:42:50.733+0000] {processor.py:826} INFO - Processing file /home/vscode/.local/lib/python3.10/site-packages/airflow/example_dags/example_latest_only.py for tasks to queue
[2025-08-14T10:42:50.733+0000] {logging_mixin.py:150} INFO - [2025-08-14T10:42:50.733+0000] {dagbag.py:541} INFO - Filling up the DagBag from /home/vscode/.local/lib/python3.10/site-packages/airflow/example_dags/example_latest_only.py
[2025-08-14T10:42:50.737+0000] {processor.py:836} INFO - DAG(s) dict_keys(['latest_only']) retrieved from /home/vscode/.local/lib/python3.10/site-packages/airflow/example_dags/example_latest_only.py
[2025-08-14T10:42:50.748+0000] {logging_mixin.py:150} INFO - [2025-08-14T10:42:50.748+0000] {dag.py:2742} INFO - Sync 1 DAGs
[2025-08-14T10:42:50.762+0000] {logging_mixin.py:150} INFO - [2025-08-14T10:42:50.762+0000] {dag.py:3504} INFO - Setting next_dagrun for latest_only to 2025-08-14T06:42:50.761858+00:00, run_after=2025-08-14T10:42:50.761858+00:00
[2025-08-14T10:42:50.777+0000] {processor.py:179} INFO - Processing /home/vscode/.local/lib/python3.10/site-packages/airflow/example_dags/example_latest_only.py took 0.047 seconds
[2025-08-14T10:43:40.947+0000] {processor.py:157} INFO - Started process (PID=31026) to work on /home/vscode/.local/lib/python3.10/site-packages/airflow/example_dags/example_latest_only.py
[2025-08-14T10:43:40.948+0000] {processor.py:826} INFO - Processing file /home/vscode/.local/lib/python3.10/site-packages/airflow/example_dags/example_latest_only.py for tasks to queue
[2025-08-14T10:43:40.948+0000] {logging_mixin.py:150} INFO - [2025-08-14T10:43:40.948+0000] {dagbag.py:541} INFO - Filling up the DagBag from /home/vscode/.local/lib/python3.10/site-packages/airflow/example_dags/example_latest_only.py
[2025-08-14T10:43:40.952+0000] {processor.py:836} INFO - DAG(s) dict_keys(['latest_only']) retrieved from /home/vscode/.local/lib/python3.10/site-packages/airflow/example_dags/example_latest_only.py
[2025-08-14T10:43:40.963+0000] {logging_mixin.py:150} INFO - [2025-08-14T10:43:40.963+0000] {dag.py:2742} INFO - Sync 1 DAGs
[2025-08-14T10:43:40.976+0000] {logging_mixin.py:150} INFO - [2025-08-14T10:43:40.976+0000] {dag.py:3504} INFO - Setting next_dagrun for latest_only to 2025-08-14T06:43:40.976753+00:00, run_after=2025-08-14T10:43:40.976753+00:00
[2025-08-14T10:43:40.992+0000] {processor.py:179} INFO - Processing /home/vscode/.local/lib/python3.10/site-packages/airflow/example_dags/example_latest_only.py took 0.047 seconds
[2025-08-14T10:44:25.463+0000] {processor.py:157} INFO - Started process (PID=31321) to work on /home/vscode/.local/lib/python3.10/site-packages/airflow/example_dags/example_latest_only.py
[2025-08-14T10:44:25.464+0000] {processor.py:826} INFO - Processing file /home/vscode/.local/lib/python3.10/site-packages/airflow/example_dags/example_latest_only.py for tasks to queue
[2025-08-14T10:44:25.465+0000] {logging_mixin.py:150} INFO - [2025-08-14T10:44:25.465+0000] {dagbag.py:541} INFO - Filling up the DagBag from /home/vscode/.local/lib/python3.10/site-packages/airflow/example_dags/example_latest_only.py
[2025-08-14T10:44:25.470+0000] {processor.py:836} INFO - DAG(s) dict_keys(['latest_only']) retrieved from /home/vscode/.local/lib/python3.10/site-packages/airflow/example_dags/example_latest_only.py
[2025-08-14T10:44:25.486+0000] {logging_mixin.py:150} INFO - [2025-08-14T10:44:25.485+0000] {dag.py:2742} INFO - Sync 1 DAGs
[2025-08-14T10:44:25.508+0000] {logging_mixin.py:150} INFO - [2025-08-14T10:44:25.508+0000] {dag.py:3504} INFO - Setting next_dagrun for latest_only to 2025-08-14T06:44:25.508204+00:00, run_after=2025-08-14T10:44:25.508204+00:00
[2025-08-14T10:44:25.532+0000] {processor.py:179} INFO - Processing /home/vscode/.local/lib/python3.10/site-packages/airflow/example_dags/example_latest_only.py took 0.070 seconds
[2025-08-14T10:45:14.506+0000] {processor.py:157} INFO - Started process (PID=31647) to work on /home/vscode/.local/lib/python3.10/site-packages/airflow/example_dags/example_latest_only.py
[2025-08-14T10:45:14.507+0000] {processor.py:826} INFO - Processing file /home/vscode/.local/lib/python3.10/site-packages/airflow/example_dags/example_latest_only.py for tasks to queue
[2025-08-14T10:45:14.508+0000] {logging_mixin.py:150} INFO - [2025-08-14T10:45:14.507+0000] {dagbag.py:541} INFO - Filling up the DagBag from /home/vscode/.local/lib/python3.10/site-packages/airflow/example_dags/example_latest_only.py
[2025-08-14T10:45:14.512+0000] {processor.py:836} INFO - DAG(s) dict_keys(['latest_only']) retrieved from /home/vscode/.local/lib/python3.10/site-packages/airflow/example_dags/example_latest_only.py
[2025-08-14T10:45:14.525+0000] {logging_mixin.py:150} INFO - [2025-08-14T10:45:14.524+0000] {dag.py:2742} INFO - Sync 1 DAGs
[2025-08-14T10:45:14.539+0000] {logging_mixin.py:150} INFO - [2025-08-14T10:45:14.539+0000] {dag.py:3504} INFO - Setting next_dagrun for latest_only to 2025-08-14T06:45:14.539126+00:00, run_after=2025-08-14T10:45:14.539126+00:00
[2025-08-14T10:45:14.555+0000] {processor.py:179} INFO - Processing /home/vscode/.local/lib/python3.10/site-packages/airflow/example_dags/example_latest_only.py took 0.051 seconds
[2025-08-14T10:45:57.923+0000] {processor.py:157} INFO - Started process (PID=31942) to work on /home/vscode/.local/lib/python3.10/site-packages/airflow/example_dags/example_latest_only.py
[2025-08-14T10:45:57.923+0000] {processor.py:826} INFO - Processing file /home/vscode/.local/lib/python3.10/site-packages/airflow/example_dags/example_latest_only.py for tasks to queue
[2025-08-14T10:45:57.924+0000] {logging_mixin.py:150} INFO - [2025-08-14T10:45:57.924+0000] {dagbag.py:541} INFO - Filling up the DagBag from /home/vscode/.local/lib/python3.10/site-packages/airflow/example_dags/example_latest_only.py
[2025-08-14T10:45:57.928+0000] {processor.py:836} INFO - DAG(s) dict_keys(['latest_only']) retrieved from /home/vscode/.local/lib/python3.10/site-packages/airflow/example_dags/example_latest_only.py
[2025-08-14T10:45:57.940+0000] {logging_mixin.py:150} INFO - [2025-08-14T10:45:57.940+0000] {dag.py:2742} INFO - Sync 1 DAGs
[2025-08-14T10:45:57.954+0000] {logging_mixin.py:150} INFO - [2025-08-14T10:45:57.954+0000] {dag.py:3504} INFO - Setting next_dagrun for latest_only to 2025-08-14T06:45:57.954001+00:00, run_after=2025-08-14T10:45:57.954001+00:00
[2025-08-14T10:45:57.969+0000] {processor.py:179} INFO - Processing /home/vscode/.local/lib/python3.10/site-packages/airflow/example_dags/example_latest_only.py took 0.048 seconds
[2025-08-14T10:46:46.237+0000] {processor.py:157} INFO - Started process (PID=32261) to work on /home/vscode/.local/lib/python3.10/site-packages/airflow/example_dags/example_latest_only.py
[2025-08-14T10:46:46.238+0000] {processor.py:826} INFO - Processing file /home/vscode/.local/lib/python3.10/site-packages/airflow/example_dags/example_latest_only.py for tasks to queue
[2025-08-14T10:46:46.238+0000] {logging_mixin.py:150} INFO - [2025-08-14T10:46:46.238+0000] {dagbag.py:541} INFO - Filling up the DagBag from /home/vscode/.local/lib/python3.10/site-packages/airflow/example_dags/example_latest_only.py
[2025-08-14T10:46:46.243+0000] {processor.py:836} INFO - DAG(s) dict_keys(['latest_only']) retrieved from /home/vscode/.local/lib/python3.10/site-packages/airflow/example_dags/example_latest_only.py
[2025-08-14T10:46:46.254+0000] {logging_mixin.py:150} INFO - [2025-08-14T10:46:46.254+0000] {dag.py:2742} INFO - Sync 1 DAGs
[2025-08-14T10:46:46.268+0000] {logging_mixin.py:150} INFO - [2025-08-14T10:46:46.268+0000] {dag.py:3504} INFO - Setting next_dagrun for latest_only to 2025-08-14T06:46:46.268565+00:00, run_after=2025-08-14T10:46:46.268565+00:00
[2025-08-14T10:46:46.284+0000] {processor.py:179} INFO - Processing /home/vscode/.local/lib/python3.10/site-packages/airflow/example_dags/example_latest_only.py took 0.049 seconds
[2025-08-14T10:47:30.298+0000] {processor.py:157} INFO - Started process (PID=32556) to work on /home/vscode/.local/lib/python3.10/site-packages/airflow/example_dags/example_latest_only.py
[2025-08-14T10:47:30.298+0000] {processor.py:826} INFO - Processing file /home/vscode/.local/lib/python3.10/site-packages/airflow/example_dags/example_latest_only.py for tasks to queue
[2025-08-14T10:47:30.299+0000] {logging_mixin.py:150} INFO - [2025-08-14T10:47:30.299+0000] {dagbag.py:541} INFO - Filling up the DagBag from /home/vscode/.local/lib/python3.10/site-packages/airflow/example_dags/example_latest_only.py
[2025-08-14T10:47:30.303+0000] {processor.py:836} INFO - DAG(s) dict_keys(['latest_only']) retrieved from /home/vscode/.local/lib/python3.10/site-packages/airflow/example_dags/example_latest_only.py
[2025-08-14T10:47:30.314+0000] {logging_mixin.py:150} INFO - [2025-08-14T10:47:30.313+0000] {dag.py:2742} INFO - Sync 1 DAGs
[2025-08-14T10:47:30.330+0000] {logging_mixin.py:150} INFO - [2025-08-14T10:47:30.330+0000] {dag.py:3504} INFO - Setting next_dagrun for latest_only to 2025-08-14T06:47:30.330134+00:00, run_after=2025-08-14T10:47:30.330134+00:00
[2025-08-14T10:47:30.347+0000] {processor.py:179} INFO - Processing /home/vscode/.local/lib/python3.10/site-packages/airflow/example_dags/example_latest_only.py took 0.051 seconds
[2025-08-14T10:48:11.289+0000] {processor.py:157} INFO - Started process (PID=32834) to work on /home/vscode/.local/lib/python3.10/site-packages/airflow/example_dags/example_latest_only.py
[2025-08-14T10:48:11.289+0000] {processor.py:826} INFO - Processing file /home/vscode/.local/lib/python3.10/site-packages/airflow/example_dags/example_latest_only.py for tasks to queue
[2025-08-14T10:48:11.290+0000] {logging_mixin.py:150} INFO - [2025-08-14T10:48:11.290+0000] {dagbag.py:541} INFO - Filling up the DagBag from /home/vscode/.local/lib/python3.10/site-packages/airflow/example_dags/example_latest_only.py
[2025-08-14T10:48:11.294+0000] {processor.py:836} INFO - DAG(s) dict_keys(['latest_only']) retrieved from /home/vscode/.local/lib/python3.10/site-packages/airflow/example_dags/example_latest_only.py
[2025-08-14T10:48:11.305+0000] {logging_mixin.py:150} INFO - [2025-08-14T10:48:11.305+0000] {dag.py:2742} INFO - Sync 1 DAGs
[2025-08-14T10:48:11.320+0000] {logging_mixin.py:150} INFO - [2025-08-14T10:48:11.319+0000] {dag.py:3504} INFO - Setting next_dagrun for latest_only to 2025-08-14T06:48:11.319805+00:00, run_after=2025-08-14T10:48:11.319805+00:00
[2025-08-14T10:48:11.335+0000] {processor.py:179} INFO - Processing /home/vscode/.local/lib/python3.10/site-packages/airflow/example_dags/example_latest_only.py took 0.048 seconds
[2025-08-14T10:48:57.650+0000] {processor.py:157} INFO - Started process (PID=33143) to work on /home/vscode/.local/lib/python3.10/site-packages/airflow/example_dags/example_latest_only.py
[2025-08-14T10:48:57.651+0000] {processor.py:826} INFO - Processing file /home/vscode/.local/lib/python3.10/site-packages/airflow/example_dags/example_latest_only.py for tasks to queue
[2025-08-14T10:48:57.651+0000] {logging_mixin.py:150} INFO - [2025-08-14T10:48:57.651+0000] {dagbag.py:541} INFO - Filling up the DagBag from /home/vscode/.local/lib/python3.10/site-packages/airflow/example_dags/example_latest_only.py
[2025-08-14T10:48:57.656+0000] {processor.py:836} INFO - DAG(s) dict_keys(['latest_only']) retrieved from /home/vscode/.local/lib/python3.10/site-packages/airflow/example_dags/example_latest_only.py
[2025-08-14T10:48:57.668+0000] {logging_mixin.py:150} INFO - [2025-08-14T10:48:57.668+0000] {dag.py:2742} INFO - Sync 1 DAGs
[2025-08-14T10:48:57.683+0000] {logging_mixin.py:150} INFO - [2025-08-14T10:48:57.683+0000] {dag.py:3504} INFO - Setting next_dagrun for latest_only to 2025-08-14T06:48:57.683404+00:00, run_after=2025-08-14T10:48:57.683404+00:00
[2025-08-14T10:48:57.699+0000] {processor.py:179} INFO - Processing /home/vscode/.local/lib/python3.10/site-packages/airflow/example_dags/example_latest_only.py took 0.052 seconds
[2025-08-14T10:49:42.778+0000] {processor.py:157} INFO - Started process (PID=33439) to work on /home/vscode/.local/lib/python3.10/site-packages/airflow/example_dags/example_latest_only.py
[2025-08-14T10:49:42.778+0000] {processor.py:826} INFO - Processing file /home/vscode/.local/lib/python3.10/site-packages/airflow/example_dags/example_latest_only.py for tasks to queue
[2025-08-14T10:49:42.779+0000] {logging_mixin.py:150} INFO - [2025-08-14T10:49:42.779+0000] {dagbag.py:541} INFO - Filling up the DagBag from /home/vscode/.local/lib/python3.10/site-packages/airflow/example_dags/example_latest_only.py
[2025-08-14T10:49:42.783+0000] {processor.py:836} INFO - DAG(s) dict_keys(['latest_only']) retrieved from /home/vscode/.local/lib/python3.10/site-packages/airflow/example_dags/example_latest_only.py
[2025-08-14T10:49:42.794+0000] {logging_mixin.py:150} INFO - [2025-08-14T10:49:42.794+0000] {dag.py:2742} INFO - Sync 1 DAGs
[2025-08-14T10:49:42.809+0000] {logging_mixin.py:150} INFO - [2025-08-14T10:49:42.808+0000] {dag.py:3504} INFO - Setting next_dagrun for latest_only to 2025-08-14T06:49:42.808775+00:00, run_after=2025-08-14T10:49:42.808775+00:00
[2025-08-14T10:49:42.825+0000] {processor.py:179} INFO - Processing /home/vscode/.local/lib/python3.10/site-packages/airflow/example_dags/example_latest_only.py took 0.049 seconds
[2025-08-14T10:50:33.986+0000] {processor.py:157} INFO - Started process (PID=33776) to work on /home/vscode/.local/lib/python3.10/site-packages/airflow/example_dags/example_latest_only.py
[2025-08-14T10:50:33.986+0000] {processor.py:826} INFO - Processing file /home/vscode/.local/lib/python3.10/site-packages/airflow/example_dags/example_latest_only.py for tasks to queue
[2025-08-14T10:50:33.987+0000] {logging_mixin.py:150} INFO - [2025-08-14T10:50:33.987+0000] {dagbag.py:541} INFO - Filling up the DagBag from /home/vscode/.local/lib/python3.10/site-packages/airflow/example_dags/example_latest_only.py
[2025-08-14T10:50:33.993+0000] {processor.py:836} INFO - DAG(s) dict_keys(['latest_only']) retrieved from /home/vscode/.local/lib/python3.10/site-packages/airflow/example_dags/example_latest_only.py
[2025-08-14T10:50:34.007+0000] {logging_mixin.py:150} INFO - [2025-08-14T10:50:34.007+0000] {dag.py:2742} INFO - Sync 1 DAGs
[2025-08-14T10:50:34.021+0000] {logging_mixin.py:150} INFO - [2025-08-14T10:50:34.021+0000] {dag.py:3504} INFO - Setting next_dagrun for latest_only to 2025-08-14T06:50:34.021591+00:00, run_after=2025-08-14T10:50:34.021591+00:00
[2025-08-14T10:50:34.036+0000] {processor.py:179} INFO - Processing /home/vscode/.local/lib/python3.10/site-packages/airflow/example_dags/example_latest_only.py took 0.054 seconds
[2025-08-14T10:51:19.138+0000] {processor.py:157} INFO - Started process (PID=34084) to work on /home/vscode/.local/lib/python3.10/site-packages/airflow/example_dags/example_latest_only.py
[2025-08-14T10:51:19.139+0000] {processor.py:826} INFO - Processing file /home/vscode/.local/lib/python3.10/site-packages/airflow/example_dags/example_latest_only.py for tasks to queue
[2025-08-14T10:51:19.139+0000] {logging_mixin.py:150} INFO - [2025-08-14T10:51:19.139+0000] {dagbag.py:541} INFO - Filling up the DagBag from /home/vscode/.local/lib/python3.10/site-packages/airflow/example_dags/example_latest_only.py
[2025-08-14T10:51:19.144+0000] {processor.py:836} INFO - DAG(s) dict_keys(['latest_only']) retrieved from /home/vscode/.local/lib/python3.10/site-packages/airflow/example_dags/example_latest_only.py
[2025-08-14T10:51:19.155+0000] {logging_mixin.py:150} INFO - [2025-08-14T10:51:19.155+0000] {dag.py:2742} INFO - Sync 1 DAGs
[2025-08-14T10:51:19.170+0000] {logging_mixin.py:150} INFO - [2025-08-14T10:51:19.170+0000] {dag.py:3504} INFO - Setting next_dagrun for latest_only to 2025-08-14T06:51:19.170313+00:00, run_after=2025-08-14T10:51:19.170313+00:00
[2025-08-14T10:51:19.186+0000] {processor.py:179} INFO - Processing /home/vscode/.local/lib/python3.10/site-packages/airflow/example_dags/example_latest_only.py took 0.050 seconds
[2025-08-14T10:52:08.867+0000] {processor.py:157} INFO - Started process (PID=34420) to work on /home/vscode/.local/lib/python3.10/site-packages/airflow/example_dags/example_latest_only.py
[2025-08-14T10:52:08.868+0000] {processor.py:826} INFO - Processing file /home/vscode/.local/lib/python3.10/site-packages/airflow/example_dags/example_latest_only.py for tasks to queue
[2025-08-14T10:52:08.868+0000] {logging_mixin.py:150} INFO - [2025-08-14T10:52:08.868+0000] {dagbag.py:541} INFO - Filling up the DagBag from /home/vscode/.local/lib/python3.10/site-packages/airflow/example_dags/example_latest_only.py
[2025-08-14T10:52:08.875+0000] {processor.py:836} INFO - DAG(s) dict_keys(['latest_only']) retrieved from /home/vscode/.local/lib/python3.10/site-packages/airflow/example_dags/example_latest_only.py
[2025-08-14T10:52:08.891+0000] {logging_mixin.py:150} INFO - [2025-08-14T10:52:08.891+0000] {dag.py:2742} INFO - Sync 1 DAGs
[2025-08-14T10:52:08.905+0000] {logging_mixin.py:150} INFO - [2025-08-14T10:52:08.905+0000] {dag.py:3504} INFO - Setting next_dagrun for latest_only to 2025-08-14T06:52:08.905589+00:00, run_after=2025-08-14T10:52:08.905589+00:00
[2025-08-14T10:52:08.922+0000] {processor.py:179} INFO - Processing /home/vscode/.local/lib/python3.10/site-packages/airflow/example_dags/example_latest_only.py took 0.058 seconds
[2025-08-14T10:52:55.965+0000] {processor.py:157} INFO - Started process (PID=34731) to work on /home/vscode/.local/lib/python3.10/site-packages/airflow/example_dags/example_latest_only.py
[2025-08-14T10:52:55.966+0000] {processor.py:826} INFO - Processing file /home/vscode/.local/lib/python3.10/site-packages/airflow/example_dags/example_latest_only.py for tasks to queue
[2025-08-14T10:52:55.967+0000] {logging_mixin.py:150} INFO - [2025-08-14T10:52:55.966+0000] {dagbag.py:541} INFO - Filling up the DagBag from /home/vscode/.local/lib/python3.10/site-packages/airflow/example_dags/example_latest_only.py
[2025-08-14T10:52:55.971+0000] {processor.py:836} INFO - DAG(s) dict_keys(['latest_only']) retrieved from /home/vscode/.local/lib/python3.10/site-packages/airflow/example_dags/example_latest_only.py
[2025-08-14T10:52:55.983+0000] {logging_mixin.py:150} INFO - [2025-08-14T10:52:55.982+0000] {dag.py:2742} INFO - Sync 1 DAGs
[2025-08-14T10:52:55.997+0000] {logging_mixin.py:150} INFO - [2025-08-14T10:52:55.997+0000] {dag.py:3504} INFO - Setting next_dagrun for latest_only to 2025-08-14T06:52:55.997145+00:00, run_after=2025-08-14T10:52:55.997145+00:00
[2025-08-14T10:52:56.014+0000] {processor.py:179} INFO - Processing /home/vscode/.local/lib/python3.10/site-packages/airflow/example_dags/example_latest_only.py took 0.051 seconds
[2025-08-14T10:53:51.268+0000] {processor.py:157} INFO - Started process (PID=36400) to work on /home/vscode/.local/lib/python3.10/site-packages/airflow/example_dags/example_latest_only.py
[2025-08-14T10:53:51.269+0000] {processor.py:826} INFO - Processing file /home/vscode/.local/lib/python3.10/site-packages/airflow/example_dags/example_latest_only.py for tasks to queue
[2025-08-14T10:53:51.270+0000] {logging_mixin.py:150} INFO - [2025-08-14T10:53:51.269+0000] {dagbag.py:541} INFO - Filling up the DagBag from /home/vscode/.local/lib/python3.10/site-packages/airflow/example_dags/example_latest_only.py
[2025-08-14T10:53:51.274+0000] {processor.py:836} INFO - DAG(s) dict_keys(['latest_only']) retrieved from /home/vscode/.local/lib/python3.10/site-packages/airflow/example_dags/example_latest_only.py
[2025-08-14T10:53:51.287+0000] {logging_mixin.py:150} INFO - [2025-08-14T10:53:51.286+0000] {dag.py:2742} INFO - Sync 1 DAGs
[2025-08-14T10:53:51.302+0000] {logging_mixin.py:150} INFO - [2025-08-14T10:53:51.302+0000] {dag.py:3504} INFO - Setting next_dagrun for latest_only to 2025-08-14T06:53:51.302203+00:00, run_after=2025-08-14T10:53:51.302203+00:00
[2025-08-14T10:53:51.319+0000] {processor.py:179} INFO - Processing /home/vscode/.local/lib/python3.10/site-packages/airflow/example_dags/example_latest_only.py took 0.054 seconds
[2025-08-14T10:54:45.674+0000] {processor.py:157} INFO - Started process (PID=37105) to work on /home/vscode/.local/lib/python3.10/site-packages/airflow/example_dags/example_latest_only.py
[2025-08-14T10:54:45.675+0000] {processor.py:826} INFO - Processing file /home/vscode/.local/lib/python3.10/site-packages/airflow/example_dags/example_latest_only.py for tasks to queue
[2025-08-14T10:54:45.675+0000] {logging_mixin.py:150} INFO - [2025-08-14T10:54:45.675+0000] {dagbag.py:541} INFO - Filling up the DagBag from /home/vscode/.local/lib/python3.10/site-packages/airflow/example_dags/example_latest_only.py
[2025-08-14T10:54:45.680+0000] {processor.py:836} INFO - DAG(s) dict_keys(['latest_only']) retrieved from /home/vscode/.local/lib/python3.10/site-packages/airflow/example_dags/example_latest_only.py
[2025-08-14T10:54:45.692+0000] {logging_mixin.py:150} INFO - [2025-08-14T10:54:45.692+0000] {dag.py:2742} INFO - Sync 1 DAGs
[2025-08-14T10:54:45.708+0000] {logging_mixin.py:150} INFO - [2025-08-14T10:54:45.707+0000] {dag.py:3504} INFO - Setting next_dagrun for latest_only to 2025-08-14T06:54:45.707764+00:00, run_after=2025-08-14T10:54:45.707764+00:00
[2025-08-14T10:54:45.723+0000] {processor.py:179} INFO - Processing /home/vscode/.local/lib/python3.10/site-packages/airflow/example_dags/example_latest_only.py took 0.052 seconds
[2025-08-14T10:55:29.182+0000] {processor.py:157} INFO - Started process (PID=37641) to work on /home/vscode/.local/lib/python3.10/site-packages/airflow/example_dags/example_latest_only.py
[2025-08-14T10:55:29.183+0000] {processor.py:826} INFO - Processing file /home/vscode/.local/lib/python3.10/site-packages/airflow/example_dags/example_latest_only.py for tasks to queue
[2025-08-14T10:55:29.183+0000] {logging_mixin.py:150} INFO - [2025-08-14T10:55:29.183+0000] {dagbag.py:541} INFO - Filling up the DagBag from /home/vscode/.local/lib/python3.10/site-packages/airflow/example_dags/example_latest_only.py
[2025-08-14T10:55:29.188+0000] {processor.py:836} INFO - DAG(s) dict_keys(['latest_only']) retrieved from /home/vscode/.local/lib/python3.10/site-packages/airflow/example_dags/example_latest_only.py
[2025-08-14T10:55:29.198+0000] {logging_mixin.py:150} INFO - [2025-08-14T10:55:29.198+0000] {dag.py:2742} INFO - Sync 1 DAGs
[2025-08-14T10:55:29.212+0000] {logging_mixin.py:150} INFO - [2025-08-14T10:55:29.212+0000] {dag.py:3504} INFO - Setting next_dagrun for latest_only to 2025-08-14T06:55:29.212068+00:00, run_after=2025-08-14T10:55:29.212068+00:00
[2025-08-14T10:55:29.228+0000] {processor.py:179} INFO - Processing /home/vscode/.local/lib/python3.10/site-packages/airflow/example_dags/example_latest_only.py took 0.048 seconds
[2025-08-14T10:56:16.561+0000] {processor.py:157} INFO - Started process (PID=38130) to work on /home/vscode/.local/lib/python3.10/site-packages/airflow/example_dags/example_latest_only.py
[2025-08-14T10:56:16.561+0000] {processor.py:826} INFO - Processing file /home/vscode/.local/lib/python3.10/site-packages/airflow/example_dags/example_latest_only.py for tasks to queue
[2025-08-14T10:56:16.562+0000] {logging_mixin.py:150} INFO - [2025-08-14T10:56:16.562+0000] {dagbag.py:541} INFO - Filling up the DagBag from /home/vscode/.local/lib/python3.10/site-packages/airflow/example_dags/example_latest_only.py
[2025-08-14T10:56:16.566+0000] {processor.py:836} INFO - DAG(s) dict_keys(['latest_only']) retrieved from /home/vscode/.local/lib/python3.10/site-packages/airflow/example_dags/example_latest_only.py
[2025-08-14T10:56:16.578+0000] {logging_mixin.py:150} INFO - [2025-08-14T10:56:16.577+0000] {dag.py:2742} INFO - Sync 1 DAGs
[2025-08-14T10:56:16.592+0000] {logging_mixin.py:150} INFO - [2025-08-14T10:56:16.592+0000] {dag.py:3504} INFO - Setting next_dagrun for latest_only to 2025-08-14T06:56:16.591944+00:00, run_after=2025-08-14T10:56:16.591944+00:00
[2025-08-14T10:56:16.608+0000] {processor.py:179} INFO - Processing /home/vscode/.local/lib/python3.10/site-packages/airflow/example_dags/example_latest_only.py took 0.050 seconds
[2025-08-14T10:57:09.519+0000] {processor.py:157} INFO - Started process (PID=38637) to work on /home/vscode/.local/lib/python3.10/site-packages/airflow/example_dags/example_latest_only.py
[2025-08-14T10:57:09.520+0000] {processor.py:826} INFO - Processing file /home/vscode/.local/lib/python3.10/site-packages/airflow/example_dags/example_latest_only.py for tasks to queue
[2025-08-14T10:57:09.520+0000] {logging_mixin.py:150} INFO - [2025-08-14T10:57:09.520+0000] {dagbag.py:541} INFO - Filling up the DagBag from /home/vscode/.local/lib/python3.10/site-packages/airflow/example_dags/example_latest_only.py
[2025-08-14T10:57:09.525+0000] {processor.py:836} INFO - DAG(s) dict_keys(['latest_only']) retrieved from /home/vscode/.local/lib/python3.10/site-packages/airflow/example_dags/example_latest_only.py
[2025-08-14T10:57:09.535+0000] {logging_mixin.py:150} INFO - [2025-08-14T10:57:09.535+0000] {dag.py:2742} INFO - Sync 1 DAGs
[2025-08-14T10:57:09.549+0000] {logging_mixin.py:150} INFO - [2025-08-14T10:57:09.549+0000] {dag.py:3504} INFO - Setting next_dagrun for latest_only to 2025-08-14T06:57:09.549243+00:00, run_after=2025-08-14T10:57:09.549243+00:00
[2025-08-14T10:57:09.565+0000] {processor.py:179} INFO - Processing /home/vscode/.local/lib/python3.10/site-packages/airflow/example_dags/example_latest_only.py took 0.048 seconds
[2025-08-14T10:57:55.465+0000] {processor.py:157} INFO - Started process (PID=39073) to work on /home/vscode/.local/lib/python3.10/site-packages/airflow/example_dags/example_latest_only.py
[2025-08-14T10:57:55.466+0000] {processor.py:826} INFO - Processing file /home/vscode/.local/lib/python3.10/site-packages/airflow/example_dags/example_latest_only.py for tasks to queue
[2025-08-14T10:57:55.466+0000] {logging_mixin.py:150} INFO - [2025-08-14T10:57:55.466+0000] {dagbag.py:541} INFO - Filling up the DagBag from /home/vscode/.local/lib/python3.10/site-packages/airflow/example_dags/example_latest_only.py
[2025-08-14T10:57:55.471+0000] {processor.py:836} INFO - DAG(s) dict_keys(['latest_only']) retrieved from /home/vscode/.local/lib/python3.10/site-packages/airflow/example_dags/example_latest_only.py
[2025-08-14T10:57:55.482+0000] {logging_mixin.py:150} INFO - [2025-08-14T10:57:55.482+0000] {dag.py:2742} INFO - Sync 1 DAGs
[2025-08-14T10:57:55.497+0000] {logging_mixin.py:150} INFO - [2025-08-14T10:57:55.497+0000] {dag.py:3504} INFO - Setting next_dagrun for latest_only to 2025-08-14T06:57:55.497366+00:00, run_after=2025-08-14T10:57:55.497366+00:00
[2025-08-14T10:57:55.513+0000] {processor.py:179} INFO - Processing /home/vscode/.local/lib/python3.10/site-packages/airflow/example_dags/example_latest_only.py took 0.050 seconds
[2025-08-14T10:58:42.150+0000] {processor.py:157} INFO - Started process (PID=39524) to work on /home/vscode/.local/lib/python3.10/site-packages/airflow/example_dags/example_latest_only.py
[2025-08-14T10:58:42.151+0000] {processor.py:826} INFO - Processing file /home/vscode/.local/lib/python3.10/site-packages/airflow/example_dags/example_latest_only.py for tasks to queue
[2025-08-14T10:58:42.151+0000] {logging_mixin.py:150} INFO - [2025-08-14T10:58:42.151+0000] {dagbag.py:541} INFO - Filling up the DagBag from /home/vscode/.local/lib/python3.10/site-packages/airflow/example_dags/example_latest_only.py
[2025-08-14T10:58:42.156+0000] {processor.py:836} INFO - DAG(s) dict_keys(['latest_only']) retrieved from /home/vscode/.local/lib/python3.10/site-packages/airflow/example_dags/example_latest_only.py
[2025-08-14T10:58:42.167+0000] {logging_mixin.py:150} INFO - [2025-08-14T10:58:42.167+0000] {dag.py:2742} INFO - Sync 1 DAGs
[2025-08-14T10:58:42.183+0000] {logging_mixin.py:150} INFO - [2025-08-14T10:58:42.182+0000] {dag.py:3504} INFO - Setting next_dagrun for latest_only to 2025-08-14T06:58:42.182772+00:00, run_after=2025-08-14T10:58:42.182772+00:00
[2025-08-14T10:58:42.198+0000] {processor.py:179} INFO - Processing /home/vscode/.local/lib/python3.10/site-packages/airflow/example_dags/example_latest_only.py took 0.050 seconds
[2025-08-14T10:59:26.269+0000] {processor.py:157} INFO - Started process (PID=39945) to work on /home/vscode/.local/lib/python3.10/site-packages/airflow/example_dags/example_latest_only.py
[2025-08-14T10:59:26.270+0000] {processor.py:826} INFO - Processing file /home/vscode/.local/lib/python3.10/site-packages/airflow/example_dags/example_latest_only.py for tasks to queue
[2025-08-14T10:59:26.271+0000] {logging_mixin.py:150} INFO - [2025-08-14T10:59:26.271+0000] {dagbag.py:541} INFO - Filling up the DagBag from /home/vscode/.local/lib/python3.10/site-packages/airflow/example_dags/example_latest_only.py
[2025-08-14T10:59:26.275+0000] {processor.py:836} INFO - DAG(s) dict_keys(['latest_only']) retrieved from /home/vscode/.local/lib/python3.10/site-packages/airflow/example_dags/example_latest_only.py
[2025-08-14T10:59:26.286+0000] {logging_mixin.py:150} INFO - [2025-08-14T10:59:26.286+0000] {dag.py:2742} INFO - Sync 1 DAGs
[2025-08-14T10:59:26.303+0000] {logging_mixin.py:150} INFO - [2025-08-14T10:59:26.302+0000] {dag.py:3504} INFO - Setting next_dagrun for latest_only to 2025-08-14T06:59:26.302777+00:00, run_after=2025-08-14T10:59:26.302777+00:00
[2025-08-14T10:59:26.325+0000] {processor.py:179} INFO - Processing /home/vscode/.local/lib/python3.10/site-packages/airflow/example_dags/example_latest_only.py took 0.057 seconds
[2025-08-14T11:00:12.821+0000] {processor.py:157} INFO - Started process (PID=40393) to work on /home/vscode/.local/lib/python3.10/site-packages/airflow/example_dags/example_latest_only.py
[2025-08-14T11:00:12.822+0000] {processor.py:826} INFO - Processing file /home/vscode/.local/lib/python3.10/site-packages/airflow/example_dags/example_latest_only.py for tasks to queue
[2025-08-14T11:00:12.823+0000] {logging_mixin.py:150} INFO - [2025-08-14T11:00:12.823+0000] {dagbag.py:541} INFO - Filling up the DagBag from /home/vscode/.local/lib/python3.10/site-packages/airflow/example_dags/example_latest_only.py
[2025-08-14T11:00:12.827+0000] {processor.py:836} INFO - DAG(s) dict_keys(['latest_only']) retrieved from /home/vscode/.local/lib/python3.10/site-packages/airflow/example_dags/example_latest_only.py
[2025-08-14T11:00:12.838+0000] {logging_mixin.py:150} INFO - [2025-08-14T11:00:12.838+0000] {dag.py:2742} INFO - Sync 1 DAGs
[2025-08-14T11:00:12.853+0000] {logging_mixin.py:150} INFO - [2025-08-14T11:00:12.853+0000] {dag.py:3504} INFO - Setting next_dagrun for latest_only to 2025-08-14T07:00:12.853061+00:00, run_after=2025-08-14T11:00:12.853061+00:00
[2025-08-14T11:00:12.870+0000] {processor.py:179} INFO - Processing /home/vscode/.local/lib/python3.10/site-packages/airflow/example_dags/example_latest_only.py took 0.051 seconds
[2025-08-14T11:01:00.142+0000] {processor.py:157} INFO - Started process (PID=40837) to work on /home/vscode/.local/lib/python3.10/site-packages/airflow/example_dags/example_latest_only.py
[2025-08-14T11:01:00.143+0000] {processor.py:826} INFO - Processing file /home/vscode/.local/lib/python3.10/site-packages/airflow/example_dags/example_latest_only.py for tasks to queue
[2025-08-14T11:01:00.143+0000] {logging_mixin.py:150} INFO - [2025-08-14T11:01:00.143+0000] {dagbag.py:541} INFO - Filling up the DagBag from /home/vscode/.local/lib/python3.10/site-packages/airflow/example_dags/example_latest_only.py
[2025-08-14T11:01:00.148+0000] {processor.py:836} INFO - DAG(s) dict_keys(['latest_only']) retrieved from /home/vscode/.local/lib/python3.10/site-packages/airflow/example_dags/example_latest_only.py
[2025-08-14T11:01:00.159+0000] {logging_mixin.py:150} INFO - [2025-08-14T11:01:00.159+0000] {dag.py:2742} INFO - Sync 1 DAGs
[2025-08-14T11:01:00.173+0000] {logging_mixin.py:150} INFO - [2025-08-14T11:01:00.172+0000] {dag.py:3504} INFO - Setting next_dagrun for latest_only to 2025-08-14T07:01:00.172798+00:00, run_after=2025-08-14T11:01:00.172798+00:00
[2025-08-14T11:01:00.188+0000] {processor.py:179} INFO - Processing /home/vscode/.local/lib/python3.10/site-packages/airflow/example_dags/example_latest_only.py took 0.048 seconds
[2025-08-14T11:01:52.007+0000] {processor.py:157} INFO - Started process (PID=41343) to work on /home/vscode/.local/lib/python3.10/site-packages/airflow/example_dags/example_latest_only.py
[2025-08-14T11:01:52.007+0000] {processor.py:826} INFO - Processing file /home/vscode/.local/lib/python3.10/site-packages/airflow/example_dags/example_latest_only.py for tasks to queue
[2025-08-14T11:01:52.008+0000] {logging_mixin.py:150} INFO - [2025-08-14T11:01:52.008+0000] {dagbag.py:541} INFO - Filling up the DagBag from /home/vscode/.local/lib/python3.10/site-packages/airflow/example_dags/example_latest_only.py
[2025-08-14T11:01:52.013+0000] {processor.py:836} INFO - DAG(s) dict_keys(['latest_only']) retrieved from /home/vscode/.local/lib/python3.10/site-packages/airflow/example_dags/example_latest_only.py
[2025-08-14T11:01:52.024+0000] {logging_mixin.py:150} INFO - [2025-08-14T11:01:52.024+0000] {dag.py:2742} INFO - Sync 1 DAGs
[2025-08-14T11:01:52.039+0000] {logging_mixin.py:150} INFO - [2025-08-14T11:01:52.039+0000] {dag.py:3504} INFO - Setting next_dagrun for latest_only to 2025-08-14T07:01:52.039289+00:00, run_after=2025-08-14T11:01:52.039289+00:00
[2025-08-14T11:01:52.054+0000] {processor.py:179} INFO - Processing /home/vscode/.local/lib/python3.10/site-packages/airflow/example_dags/example_latest_only.py took 0.050 seconds
[2025-08-14T11:02:39.317+0000] {processor.py:157} INFO - Started process (PID=41791) to work on /home/vscode/.local/lib/python3.10/site-packages/airflow/example_dags/example_latest_only.py
[2025-08-14T11:02:39.317+0000] {processor.py:826} INFO - Processing file /home/vscode/.local/lib/python3.10/site-packages/airflow/example_dags/example_latest_only.py for tasks to queue
[2025-08-14T11:02:39.318+0000] {logging_mixin.py:150} INFO - [2025-08-14T11:02:39.318+0000] {dagbag.py:541} INFO - Filling up the DagBag from /home/vscode/.local/lib/python3.10/site-packages/airflow/example_dags/example_latest_only.py
[2025-08-14T11:02:39.322+0000] {processor.py:836} INFO - DAG(s) dict_keys(['latest_only']) retrieved from /home/vscode/.local/lib/python3.10/site-packages/airflow/example_dags/example_latest_only.py
[2025-08-14T11:02:39.333+0000] {logging_mixin.py:150} INFO - [2025-08-14T11:02:39.333+0000] {dag.py:2742} INFO - Sync 1 DAGs
[2025-08-14T11:02:39.348+0000] {logging_mixin.py:150} INFO - [2025-08-14T11:02:39.348+0000] {dag.py:3504} INFO - Setting next_dagrun for latest_only to 2025-08-14T07:02:39.347976+00:00, run_after=2025-08-14T11:02:39.347976+00:00
[2025-08-14T11:02:39.364+0000] {processor.py:179} INFO - Processing /home/vscode/.local/lib/python3.10/site-packages/airflow/example_dags/example_latest_only.py took 0.050 seconds
[2025-08-14T11:03:25.450+0000] {processor.py:157} INFO - Started process (PID=42234) to work on /home/vscode/.local/lib/python3.10/site-packages/airflow/example_dags/example_latest_only.py
[2025-08-14T11:03:25.451+0000] {processor.py:826} INFO - Processing file /home/vscode/.local/lib/python3.10/site-packages/airflow/example_dags/example_latest_only.py for tasks to queue
[2025-08-14T11:03:25.451+0000] {logging_mixin.py:150} INFO - [2025-08-14T11:03:25.451+0000] {dagbag.py:541} INFO - Filling up the DagBag from /home/vscode/.local/lib/python3.10/site-packages/airflow/example_dags/example_latest_only.py
[2025-08-14T11:03:25.455+0000] {processor.py:836} INFO - DAG(s) dict_keys(['latest_only']) retrieved from /home/vscode/.local/lib/python3.10/site-packages/airflow/example_dags/example_latest_only.py
[2025-08-14T11:03:25.466+0000] {logging_mixin.py:150} INFO - [2025-08-14T11:03:25.466+0000] {dag.py:2742} INFO - Sync 1 DAGs
[2025-08-14T11:03:25.480+0000] {logging_mixin.py:150} INFO - [2025-08-14T11:03:25.480+0000] {dag.py:3504} INFO - Setting next_dagrun for latest_only to 2025-08-14T07:03:25.480210+00:00, run_after=2025-08-14T11:03:25.480210+00:00
[2025-08-14T11:03:25.496+0000] {processor.py:179} INFO - Processing /home/vscode/.local/lib/python3.10/site-packages/airflow/example_dags/example_latest_only.py took 0.048 seconds
[2025-08-14T11:04:08.699+0000] {processor.py:157} INFO - Started process (PID=42649) to work on /home/vscode/.local/lib/python3.10/site-packages/airflow/example_dags/example_latest_only.py
[2025-08-14T11:04:08.700+0000] {processor.py:826} INFO - Processing file /home/vscode/.local/lib/python3.10/site-packages/airflow/example_dags/example_latest_only.py for tasks to queue
[2025-08-14T11:04:08.700+0000] {logging_mixin.py:150} INFO - [2025-08-14T11:04:08.700+0000] {dagbag.py:541} INFO - Filling up the DagBag from /home/vscode/.local/lib/python3.10/site-packages/airflow/example_dags/example_latest_only.py
[2025-08-14T11:04:08.705+0000] {processor.py:836} INFO - DAG(s) dict_keys(['latest_only']) retrieved from /home/vscode/.local/lib/python3.10/site-packages/airflow/example_dags/example_latest_only.py
[2025-08-14T11:04:08.717+0000] {logging_mixin.py:150} INFO - [2025-08-14T11:04:08.717+0000] {dag.py:2742} INFO - Sync 1 DAGs
[2025-08-14T11:04:08.731+0000] {logging_mixin.py:150} INFO - [2025-08-14T11:04:08.731+0000] {dag.py:3504} INFO - Setting next_dagrun for latest_only to 2025-08-14T07:04:08.731552+00:00, run_after=2025-08-14T11:04:08.731552+00:00
[2025-08-14T11:04:08.749+0000] {processor.py:179} INFO - Processing /home/vscode/.local/lib/python3.10/site-packages/airflow/example_dags/example_latest_only.py took 0.052 seconds
[2025-08-14T11:05:01.511+0000] {processor.py:157} INFO - Started process (PID=43150) to work on /home/vscode/.local/lib/python3.10/site-packages/airflow/example_dags/example_latest_only.py
[2025-08-14T11:05:01.511+0000] {processor.py:826} INFO - Processing file /home/vscode/.local/lib/python3.10/site-packages/airflow/example_dags/example_latest_only.py for tasks to queue
[2025-08-14T11:05:01.512+0000] {logging_mixin.py:150} INFO - [2025-08-14T11:05:01.512+0000] {dagbag.py:541} INFO - Filling up the DagBag from /home/vscode/.local/lib/python3.10/site-packages/airflow/example_dags/example_latest_only.py
[2025-08-14T11:05:01.517+0000] {processor.py:836} INFO - DAG(s) dict_keys(['latest_only']) retrieved from /home/vscode/.local/lib/python3.10/site-packages/airflow/example_dags/example_latest_only.py
[2025-08-14T11:05:01.528+0000] {logging_mixin.py:150} INFO - [2025-08-14T11:05:01.528+0000] {dag.py:2742} INFO - Sync 1 DAGs
[2025-08-14T11:05:01.542+0000] {logging_mixin.py:150} INFO - [2025-08-14T11:05:01.542+0000] {dag.py:3504} INFO - Setting next_dagrun for latest_only to 2025-08-14T07:05:01.542587+00:00, run_after=2025-08-14T11:05:01.542587+00:00
[2025-08-14T11:05:01.558+0000] {processor.py:179} INFO - Processing /home/vscode/.local/lib/python3.10/site-packages/airflow/example_dags/example_latest_only.py took 0.049 seconds
[2025-08-14T11:05:45.945+0000] {processor.py:157} INFO - Started process (PID=43580) to work on /home/vscode/.local/lib/python3.10/site-packages/airflow/example_dags/example_latest_only.py
[2025-08-14T11:05:45.945+0000] {processor.py:826} INFO - Processing file /home/vscode/.local/lib/python3.10/site-packages/airflow/example_dags/example_latest_only.py for tasks to queue
[2025-08-14T11:05:45.946+0000] {logging_mixin.py:150} INFO - [2025-08-14T11:05:45.946+0000] {dagbag.py:541} INFO - Filling up the DagBag from /home/vscode/.local/lib/python3.10/site-packages/airflow/example_dags/example_latest_only.py
[2025-08-14T11:05:45.950+0000] {processor.py:836} INFO - DAG(s) dict_keys(['latest_only']) retrieved from /home/vscode/.local/lib/python3.10/site-packages/airflow/example_dags/example_latest_only.py
[2025-08-14T11:05:45.961+0000] {logging_mixin.py:150} INFO - [2025-08-14T11:05:45.961+0000] {dag.py:2742} INFO - Sync 1 DAGs
[2025-08-14T11:05:45.975+0000] {logging_mixin.py:150} INFO - [2025-08-14T11:05:45.975+0000] {dag.py:3504} INFO - Setting next_dagrun for latest_only to 2025-08-14T07:05:45.975209+00:00, run_after=2025-08-14T11:05:45.975209+00:00
[2025-08-14T11:05:45.990+0000] {processor.py:179} INFO - Processing /home/vscode/.local/lib/python3.10/site-packages/airflow/example_dags/example_latest_only.py took 0.048 seconds
[2025-08-14T11:06:29.160+0000] {processor.py:157} INFO - Started process (PID=43995) to work on /home/vscode/.local/lib/python3.10/site-packages/airflow/example_dags/example_latest_only.py
[2025-08-14T11:06:29.160+0000] {processor.py:826} INFO - Processing file /home/vscode/.local/lib/python3.10/site-packages/airflow/example_dags/example_latest_only.py for tasks to queue
[2025-08-14T11:06:29.161+0000] {logging_mixin.py:150} INFO - [2025-08-14T11:06:29.161+0000] {dagbag.py:541} INFO - Filling up the DagBag from /home/vscode/.local/lib/python3.10/site-packages/airflow/example_dags/example_latest_only.py
[2025-08-14T11:06:29.165+0000] {processor.py:836} INFO - DAG(s) dict_keys(['latest_only']) retrieved from /home/vscode/.local/lib/python3.10/site-packages/airflow/example_dags/example_latest_only.py
[2025-08-14T11:06:29.177+0000] {logging_mixin.py:150} INFO - [2025-08-14T11:06:29.177+0000] {dag.py:2742} INFO - Sync 1 DAGs
[2025-08-14T11:06:29.192+0000] {logging_mixin.py:150} INFO - [2025-08-14T11:06:29.192+0000] {dag.py:3504} INFO - Setting next_dagrun for latest_only to 2025-08-14T07:06:29.191925+00:00, run_after=2025-08-14T11:06:29.191925+00:00
[2025-08-14T11:06:29.209+0000] {processor.py:179} INFO - Processing /home/vscode/.local/lib/python3.10/site-packages/airflow/example_dags/example_latest_only.py took 0.052 seconds
[2025-08-14T11:07:16.548+0000] {processor.py:157} INFO - Started process (PID=44443) to work on /home/vscode/.local/lib/python3.10/site-packages/airflow/example_dags/example_latest_only.py
[2025-08-14T11:07:16.549+0000] {processor.py:826} INFO - Processing file /home/vscode/.local/lib/python3.10/site-packages/airflow/example_dags/example_latest_only.py for tasks to queue
[2025-08-14T11:07:16.549+0000] {logging_mixin.py:150} INFO - [2025-08-14T11:07:16.549+0000] {dagbag.py:541} INFO - Filling up the DagBag from /home/vscode/.local/lib/python3.10/site-packages/airflow/example_dags/example_latest_only.py
[2025-08-14T11:07:16.557+0000] {processor.py:836} INFO - DAG(s) dict_keys(['latest_only']) retrieved from /home/vscode/.local/lib/python3.10/site-packages/airflow/example_dags/example_latest_only.py
[2025-08-14T11:07:16.575+0000] {logging_mixin.py:150} INFO - [2025-08-14T11:07:16.574+0000] {dag.py:2742} INFO - Sync 1 DAGs
[2025-08-14T11:07:16.600+0000] {logging_mixin.py:150} INFO - [2025-08-14T11:07:16.600+0000] {dag.py:3504} INFO - Setting next_dagrun for latest_only to 2025-08-14T07:07:16.599990+00:00, run_after=2025-08-14T11:07:16.599990+00:00
[2025-08-14T11:07:16.621+0000] {processor.py:179} INFO - Processing /home/vscode/.local/lib/python3.10/site-packages/airflow/example_dags/example_latest_only.py took 0.076 seconds
[2025-08-14T11:08:01.626+0000] {processor.py:157} INFO - Started process (PID=44877) to work on /home/vscode/.local/lib/python3.10/site-packages/airflow/example_dags/example_latest_only.py
[2025-08-14T11:08:01.627+0000] {processor.py:826} INFO - Processing file /home/vscode/.local/lib/python3.10/site-packages/airflow/example_dags/example_latest_only.py for tasks to queue
[2025-08-14T11:08:01.628+0000] {logging_mixin.py:150} INFO - [2025-08-14T11:08:01.627+0000] {dagbag.py:541} INFO - Filling up the DagBag from /home/vscode/.local/lib/python3.10/site-packages/airflow/example_dags/example_latest_only.py
[2025-08-14T11:08:01.632+0000] {processor.py:836} INFO - DAG(s) dict_keys(['latest_only']) retrieved from /home/vscode/.local/lib/python3.10/site-packages/airflow/example_dags/example_latest_only.py
[2025-08-14T11:08:01.643+0000] {logging_mixin.py:150} INFO - [2025-08-14T11:08:01.643+0000] {dag.py:2742} INFO - Sync 1 DAGs
[2025-08-14T11:08:01.656+0000] {logging_mixin.py:150} INFO - [2025-08-14T11:08:01.656+0000] {dag.py:3504} INFO - Setting next_dagrun for latest_only to 2025-08-14T07:08:01.656661+00:00, run_after=2025-08-14T11:08:01.656661+00:00
[2025-08-14T11:08:01.673+0000] {processor.py:179} INFO - Processing /home/vscode/.local/lib/python3.10/site-packages/airflow/example_dags/example_latest_only.py took 0.049 seconds
[2025-08-14T11:08:46.192+0000] {processor.py:157} INFO - Started process (PID=45311) to work on /home/vscode/.local/lib/python3.10/site-packages/airflow/example_dags/example_latest_only.py
[2025-08-14T11:08:46.192+0000] {processor.py:826} INFO - Processing file /home/vscode/.local/lib/python3.10/site-packages/airflow/example_dags/example_latest_only.py for tasks to queue
[2025-08-14T11:08:46.193+0000] {logging_mixin.py:150} INFO - [2025-08-14T11:08:46.193+0000] {dagbag.py:541} INFO - Filling up the DagBag from /home/vscode/.local/lib/python3.10/site-packages/airflow/example_dags/example_latest_only.py
[2025-08-14T11:08:46.198+0000] {processor.py:836} INFO - DAG(s) dict_keys(['latest_only']) retrieved from /home/vscode/.local/lib/python3.10/site-packages/airflow/example_dags/example_latest_only.py
[2025-08-14T11:08:46.209+0000] {logging_mixin.py:150} INFO - [2025-08-14T11:08:46.209+0000] {dag.py:2742} INFO - Sync 1 DAGs
[2025-08-14T11:08:46.223+0000] {logging_mixin.py:150} INFO - [2025-08-14T11:08:46.223+0000] {dag.py:3504} INFO - Setting next_dagrun for latest_only to 2025-08-14T07:08:46.223298+00:00, run_after=2025-08-14T11:08:46.223298+00:00
[2025-08-14T11:08:46.238+0000] {processor.py:179} INFO - Processing /home/vscode/.local/lib/python3.10/site-packages/airflow/example_dags/example_latest_only.py took 0.049 seconds
[2025-08-14T11:09:36.413+0000] {processor.py:157} INFO - Started process (PID=45782) to work on /home/vscode/.local/lib/python3.10/site-packages/airflow/example_dags/example_latest_only.py
[2025-08-14T11:09:36.414+0000] {processor.py:826} INFO - Processing file /home/vscode/.local/lib/python3.10/site-packages/airflow/example_dags/example_latest_only.py for tasks to queue
[2025-08-14T11:09:36.414+0000] {logging_mixin.py:150} INFO - [2025-08-14T11:09:36.414+0000] {dagbag.py:541} INFO - Filling up the DagBag from /home/vscode/.local/lib/python3.10/site-packages/airflow/example_dags/example_latest_only.py
[2025-08-14T11:09:36.419+0000] {processor.py:836} INFO - DAG(s) dict_keys(['latest_only']) retrieved from /home/vscode/.local/lib/python3.10/site-packages/airflow/example_dags/example_latest_only.py
[2025-08-14T11:09:36.431+0000] {logging_mixin.py:150} INFO - [2025-08-14T11:09:36.430+0000] {dag.py:2742} INFO - Sync 1 DAGs
[2025-08-14T11:09:36.445+0000] {logging_mixin.py:150} INFO - [2025-08-14T11:09:36.445+0000] {dag.py:3504} INFO - Setting next_dagrun for latest_only to 2025-08-14T07:09:36.444967+00:00, run_after=2025-08-14T11:09:36.444967+00:00
[2025-08-14T11:09:36.460+0000] {processor.py:179} INFO - Processing /home/vscode/.local/lib/python3.10/site-packages/airflow/example_dags/example_latest_only.py took 0.050 seconds
[2025-08-14T11:10:29.015+0000] {processor.py:157} INFO - Started process (PID=46288) to work on /home/vscode/.local/lib/python3.10/site-packages/airflow/example_dags/example_latest_only.py
[2025-08-14T11:10:29.016+0000] {processor.py:826} INFO - Processing file /home/vscode/.local/lib/python3.10/site-packages/airflow/example_dags/example_latest_only.py for tasks to queue
[2025-08-14T11:10:29.016+0000] {logging_mixin.py:150} INFO - [2025-08-14T11:10:29.016+0000] {dagbag.py:541} INFO - Filling up the DagBag from /home/vscode/.local/lib/python3.10/site-packages/airflow/example_dags/example_latest_only.py
[2025-08-14T11:10:29.021+0000] {processor.py:836} INFO - DAG(s) dict_keys(['latest_only']) retrieved from /home/vscode/.local/lib/python3.10/site-packages/airflow/example_dags/example_latest_only.py
[2025-08-14T11:10:29.033+0000] {logging_mixin.py:150} INFO - [2025-08-14T11:10:29.033+0000] {dag.py:2742} INFO - Sync 1 DAGs
[2025-08-14T11:10:29.047+0000] {logging_mixin.py:150} INFO - [2025-08-14T11:10:29.047+0000] {dag.py:3504} INFO - Setting next_dagrun for latest_only to 2025-08-14T07:10:29.047716+00:00, run_after=2025-08-14T11:10:29.047716+00:00
[2025-08-14T11:10:29.063+0000] {processor.py:179} INFO - Processing /home/vscode/.local/lib/python3.10/site-packages/airflow/example_dags/example_latest_only.py took 0.050 seconds
[2025-08-14T11:11:11.826+0000] {processor.py:157} INFO - Started process (PID=46696) to work on /home/vscode/.local/lib/python3.10/site-packages/airflow/example_dags/example_latest_only.py
[2025-08-14T11:11:11.827+0000] {processor.py:826} INFO - Processing file /home/vscode/.local/lib/python3.10/site-packages/airflow/example_dags/example_latest_only.py for tasks to queue
[2025-08-14T11:11:11.828+0000] {logging_mixin.py:150} INFO - [2025-08-14T11:11:11.827+0000] {dagbag.py:541} INFO - Filling up the DagBag from /home/vscode/.local/lib/python3.10/site-packages/airflow/example_dags/example_latest_only.py
[2025-08-14T11:11:11.832+0000] {processor.py:836} INFO - DAG(s) dict_keys(['latest_only']) retrieved from /home/vscode/.local/lib/python3.10/site-packages/airflow/example_dags/example_latest_only.py
[2025-08-14T11:11:11.843+0000] {logging_mixin.py:150} INFO - [2025-08-14T11:11:11.843+0000] {dag.py:2742} INFO - Sync 1 DAGs
[2025-08-14T11:11:11.858+0000] {logging_mixin.py:150} INFO - [2025-08-14T11:11:11.858+0000] {dag.py:3504} INFO - Setting next_dagrun for latest_only to 2025-08-14T07:11:11.858103+00:00, run_after=2025-08-14T11:11:11.858103+00:00
[2025-08-14T11:11:11.874+0000] {processor.py:179} INFO - Processing /home/vscode/.local/lib/python3.10/site-packages/airflow/example_dags/example_latest_only.py took 0.050 seconds
[2025-08-14T11:11:52.944+0000] {processor.py:157} INFO - Started process (PID=47088) to work on /home/vscode/.local/lib/python3.10/site-packages/airflow/example_dags/example_latest_only.py
[2025-08-14T11:11:52.945+0000] {processor.py:826} INFO - Processing file /home/vscode/.local/lib/python3.10/site-packages/airflow/example_dags/example_latest_only.py for tasks to queue
[2025-08-14T11:11:52.946+0000] {logging_mixin.py:150} INFO - [2025-08-14T11:11:52.945+0000] {dagbag.py:541} INFO - Filling up the DagBag from /home/vscode/.local/lib/python3.10/site-packages/airflow/example_dags/example_latest_only.py
[2025-08-14T11:11:52.950+0000] {processor.py:836} INFO - DAG(s) dict_keys(['latest_only']) retrieved from /home/vscode/.local/lib/python3.10/site-packages/airflow/example_dags/example_latest_only.py
[2025-08-14T11:11:52.961+0000] {logging_mixin.py:150} INFO - [2025-08-14T11:11:52.961+0000] {dag.py:2742} INFO - Sync 1 DAGs
[2025-08-14T11:11:52.975+0000] {logging_mixin.py:150} INFO - [2025-08-14T11:11:52.975+0000] {dag.py:3504} INFO - Setting next_dagrun for latest_only to 2025-08-14T07:11:52.975279+00:00, run_after=2025-08-14T11:11:52.975279+00:00
[2025-08-14T11:11:52.991+0000] {processor.py:179} INFO - Processing /home/vscode/.local/lib/python3.10/site-packages/airflow/example_dags/example_latest_only.py took 0.049 seconds
[2025-08-14T11:12:37.456+0000] {processor.py:157} INFO - Started process (PID=47520) to work on /home/vscode/.local/lib/python3.10/site-packages/airflow/example_dags/example_latest_only.py
[2025-08-14T11:12:37.456+0000] {processor.py:826} INFO - Processing file /home/vscode/.local/lib/python3.10/site-packages/airflow/example_dags/example_latest_only.py for tasks to queue
[2025-08-14T11:12:37.457+0000] {logging_mixin.py:150} INFO - [2025-08-14T11:12:37.457+0000] {dagbag.py:541} INFO - Filling up the DagBag from /home/vscode/.local/lib/python3.10/site-packages/airflow/example_dags/example_latest_only.py
[2025-08-14T11:12:37.462+0000] {processor.py:836} INFO - DAG(s) dict_keys(['latest_only']) retrieved from /home/vscode/.local/lib/python3.10/site-packages/airflow/example_dags/example_latest_only.py
[2025-08-14T11:12:37.473+0000] {logging_mixin.py:150} INFO - [2025-08-14T11:12:37.473+0000] {dag.py:2742} INFO - Sync 1 DAGs
[2025-08-14T11:12:37.487+0000] {logging_mixin.py:150} INFO - [2025-08-14T11:12:37.487+0000] {dag.py:3504} INFO - Setting next_dagrun for latest_only to 2025-08-14T07:12:37.487599+00:00, run_after=2025-08-14T11:12:37.487599+00:00
[2025-08-14T11:12:37.503+0000] {processor.py:179} INFO - Processing /home/vscode/.local/lib/python3.10/site-packages/airflow/example_dags/example_latest_only.py took 0.049 seconds
[2025-08-14T11:13:25.483+0000] {processor.py:157} INFO - Started process (PID=47971) to work on /home/vscode/.local/lib/python3.10/site-packages/airflow/example_dags/example_latest_only.py
[2025-08-14T11:13:25.484+0000] {processor.py:826} INFO - Processing file /home/vscode/.local/lib/python3.10/site-packages/airflow/example_dags/example_latest_only.py for tasks to queue
[2025-08-14T11:13:25.485+0000] {logging_mixin.py:150} INFO - [2025-08-14T11:13:25.484+0000] {dagbag.py:541} INFO - Filling up the DagBag from /home/vscode/.local/lib/python3.10/site-packages/airflow/example_dags/example_latest_only.py
[2025-08-14T11:13:25.489+0000] {processor.py:836} INFO - DAG(s) dict_keys(['latest_only']) retrieved from /home/vscode/.local/lib/python3.10/site-packages/airflow/example_dags/example_latest_only.py
[2025-08-14T11:13:25.500+0000] {logging_mixin.py:150} INFO - [2025-08-14T11:13:25.500+0000] {dag.py:2742} INFO - Sync 1 DAGs
[2025-08-14T11:13:25.515+0000] {logging_mixin.py:150} INFO - [2025-08-14T11:13:25.515+0000] {dag.py:3504} INFO - Setting next_dagrun for latest_only to 2025-08-14T07:13:25.514875+00:00, run_after=2025-08-14T11:13:25.514875+00:00
[2025-08-14T11:13:25.531+0000] {processor.py:179} INFO - Processing /home/vscode/.local/lib/python3.10/site-packages/airflow/example_dags/example_latest_only.py took 0.050 seconds
[2025-08-14T11:14:15.405+0000] {processor.py:157} INFO - Started process (PID=48455) to work on /home/vscode/.local/lib/python3.10/site-packages/airflow/example_dags/example_latest_only.py
[2025-08-14T11:14:15.406+0000] {processor.py:826} INFO - Processing file /home/vscode/.local/lib/python3.10/site-packages/airflow/example_dags/example_latest_only.py for tasks to queue
[2025-08-14T11:14:15.407+0000] {logging_mixin.py:150} INFO - [2025-08-14T11:14:15.406+0000] {dagbag.py:541} INFO - Filling up the DagBag from /home/vscode/.local/lib/python3.10/site-packages/airflow/example_dags/example_latest_only.py
[2025-08-14T11:14:15.411+0000] {processor.py:836} INFO - DAG(s) dict_keys(['latest_only']) retrieved from /home/vscode/.local/lib/python3.10/site-packages/airflow/example_dags/example_latest_only.py
[2025-08-14T11:14:15.423+0000] {logging_mixin.py:150} INFO - [2025-08-14T11:14:15.423+0000] {dag.py:2742} INFO - Sync 1 DAGs
[2025-08-14T11:14:15.439+0000] {logging_mixin.py:150} INFO - [2025-08-14T11:14:15.439+0000] {dag.py:3504} INFO - Setting next_dagrun for latest_only to 2025-08-14T07:14:15.438877+00:00, run_after=2025-08-14T11:14:15.438877+00:00
[2025-08-14T11:14:15.454+0000] {processor.py:179} INFO - Processing /home/vscode/.local/lib/python3.10/site-packages/airflow/example_dags/example_latest_only.py took 0.051 seconds
[2025-08-14T11:15:02.076+0000] {processor.py:157} INFO - Started process (PID=48897) to work on /home/vscode/.local/lib/python3.10/site-packages/airflow/example_dags/example_latest_only.py
[2025-08-14T11:15:02.077+0000] {processor.py:826} INFO - Processing file /home/vscode/.local/lib/python3.10/site-packages/airflow/example_dags/example_latest_only.py for tasks to queue
[2025-08-14T11:15:02.078+0000] {logging_mixin.py:150} INFO - [2025-08-14T11:15:02.078+0000] {dagbag.py:541} INFO - Filling up the DagBag from /home/vscode/.local/lib/python3.10/site-packages/airflow/example_dags/example_latest_only.py
[2025-08-14T11:15:02.084+0000] {processor.py:836} INFO - DAG(s) dict_keys(['latest_only']) retrieved from /home/vscode/.local/lib/python3.10/site-packages/airflow/example_dags/example_latest_only.py
[2025-08-14T11:15:02.100+0000] {logging_mixin.py:150} INFO - [2025-08-14T11:15:02.100+0000] {dag.py:2742} INFO - Sync 1 DAGs
[2025-08-14T11:15:02.119+0000] {logging_mixin.py:150} INFO - [2025-08-14T11:15:02.118+0000] {dag.py:3504} INFO - Setting next_dagrun for latest_only to 2025-08-14T07:15:02.118670+00:00, run_after=2025-08-14T11:15:02.118670+00:00
[2025-08-14T11:15:02.135+0000] {processor.py:179} INFO - Processing /home/vscode/.local/lib/python3.10/site-packages/airflow/example_dags/example_latest_only.py took 0.062 seconds
[2025-08-14T11:15:50.425+0000] {processor.py:157} INFO - Started process (PID=49362) to work on /home/vscode/.local/lib/python3.10/site-packages/airflow/example_dags/example_latest_only.py
[2025-08-14T11:15:50.425+0000] {processor.py:826} INFO - Processing file /home/vscode/.local/lib/python3.10/site-packages/airflow/example_dags/example_latest_only.py for tasks to queue
[2025-08-14T11:15:50.426+0000] {logging_mixin.py:150} INFO - [2025-08-14T11:15:50.426+0000] {dagbag.py:541} INFO - Filling up the DagBag from /home/vscode/.local/lib/python3.10/site-packages/airflow/example_dags/example_latest_only.py
[2025-08-14T11:15:50.430+0000] {processor.py:836} INFO - DAG(s) dict_keys(['latest_only']) retrieved from /home/vscode/.local/lib/python3.10/site-packages/airflow/example_dags/example_latest_only.py
[2025-08-14T11:15:50.440+0000] {logging_mixin.py:150} INFO - [2025-08-14T11:15:50.440+0000] {dag.py:2742} INFO - Sync 1 DAGs
[2025-08-14T11:15:50.454+0000] {logging_mixin.py:150} INFO - [2025-08-14T11:15:50.454+0000] {dag.py:3504} INFO - Setting next_dagrun for latest_only to 2025-08-14T07:15:50.454395+00:00, run_after=2025-08-14T11:15:50.454395+00:00
[2025-08-14T11:15:50.469+0000] {processor.py:179} INFO - Processing /home/vscode/.local/lib/python3.10/site-packages/airflow/example_dags/example_latest_only.py took 0.047 seconds
[2025-08-14T11:16:39.412+0000] {processor.py:157} INFO - Started process (PID=49832) to work on /home/vscode/.local/lib/python3.10/site-packages/airflow/example_dags/example_latest_only.py
[2025-08-14T11:16:39.413+0000] {processor.py:826} INFO - Processing file /home/vscode/.local/lib/python3.10/site-packages/airflow/example_dags/example_latest_only.py for tasks to queue
[2025-08-14T11:16:39.413+0000] {logging_mixin.py:150} INFO - [2025-08-14T11:16:39.413+0000] {dagbag.py:541} INFO - Filling up the DagBag from /home/vscode/.local/lib/python3.10/site-packages/airflow/example_dags/example_latest_only.py
[2025-08-14T11:16:39.418+0000] {processor.py:836} INFO - DAG(s) dict_keys(['latest_only']) retrieved from /home/vscode/.local/lib/python3.10/site-packages/airflow/example_dags/example_latest_only.py
[2025-08-14T11:16:39.428+0000] {logging_mixin.py:150} INFO - [2025-08-14T11:16:39.428+0000] {dag.py:2742} INFO - Sync 1 DAGs
[2025-08-14T11:16:39.443+0000] {logging_mixin.py:150} INFO - [2025-08-14T11:16:39.442+0000] {dag.py:3504} INFO - Setting next_dagrun for latest_only to 2025-08-14T07:16:39.442757+00:00, run_after=2025-08-14T11:16:39.442757+00:00
[2025-08-14T11:16:39.459+0000] {processor.py:179} INFO - Processing /home/vscode/.local/lib/python3.10/site-packages/airflow/example_dags/example_latest_only.py took 0.050 seconds
[2025-08-14T11:17:21.975+0000] {processor.py:157} INFO - Started process (PID=50239) to work on /home/vscode/.local/lib/python3.10/site-packages/airflow/example_dags/example_latest_only.py
[2025-08-14T11:17:21.976+0000] {processor.py:826} INFO - Processing file /home/vscode/.local/lib/python3.10/site-packages/airflow/example_dags/example_latest_only.py for tasks to queue
[2025-08-14T11:17:21.976+0000] {logging_mixin.py:150} INFO - [2025-08-14T11:17:21.976+0000] {dagbag.py:541} INFO - Filling up the DagBag from /home/vscode/.local/lib/python3.10/site-packages/airflow/example_dags/example_latest_only.py
[2025-08-14T11:17:21.981+0000] {processor.py:836} INFO - DAG(s) dict_keys(['latest_only']) retrieved from /home/vscode/.local/lib/python3.10/site-packages/airflow/example_dags/example_latest_only.py
[2025-08-14T11:17:21.992+0000] {logging_mixin.py:150} INFO - [2025-08-14T11:17:21.992+0000] {dag.py:2742} INFO - Sync 1 DAGs
[2025-08-14T11:17:22.006+0000] {logging_mixin.py:150} INFO - [2025-08-14T11:17:22.006+0000] {dag.py:3504} INFO - Setting next_dagrun for latest_only to 2025-08-14T07:17:22.006520+00:00, run_after=2025-08-14T11:17:22.006520+00:00
[2025-08-14T11:17:22.023+0000] {processor.py:179} INFO - Processing /home/vscode/.local/lib/python3.10/site-packages/airflow/example_dags/example_latest_only.py took 0.049 seconds
[2025-08-14T11:18:07.222+0000] {processor.py:157} INFO - Started process (PID=50666) to work on /home/vscode/.local/lib/python3.10/site-packages/airflow/example_dags/example_latest_only.py
[2025-08-14T11:18:07.223+0000] {processor.py:826} INFO - Processing file /home/vscode/.local/lib/python3.10/site-packages/airflow/example_dags/example_latest_only.py for tasks to queue
[2025-08-14T11:18:07.223+0000] {logging_mixin.py:150} INFO - [2025-08-14T11:18:07.223+0000] {dagbag.py:541} INFO - Filling up the DagBag from /home/vscode/.local/lib/python3.10/site-packages/airflow/example_dags/example_latest_only.py
[2025-08-14T11:18:07.228+0000] {processor.py:836} INFO - DAG(s) dict_keys(['latest_only']) retrieved from /home/vscode/.local/lib/python3.10/site-packages/airflow/example_dags/example_latest_only.py
[2025-08-14T11:18:07.239+0000] {logging_mixin.py:150} INFO - [2025-08-14T11:18:07.239+0000] {dag.py:2742} INFO - Sync 1 DAGs
[2025-08-14T11:18:07.253+0000] {logging_mixin.py:150} INFO - [2025-08-14T11:18:07.253+0000] {dag.py:3504} INFO - Setting next_dagrun for latest_only to 2025-08-14T07:18:07.253521+00:00, run_after=2025-08-14T11:18:07.253521+00:00
[2025-08-14T11:18:07.269+0000] {processor.py:179} INFO - Processing /home/vscode/.local/lib/python3.10/site-packages/airflow/example_dags/example_latest_only.py took 0.049 seconds
[2025-08-14T11:18:50.826+0000] {processor.py:157} INFO - Started process (PID=51094) to work on /home/vscode/.local/lib/python3.10/site-packages/airflow/example_dags/example_latest_only.py
[2025-08-14T11:18:50.826+0000] {processor.py:826} INFO - Processing file /home/vscode/.local/lib/python3.10/site-packages/airflow/example_dags/example_latest_only.py for tasks to queue
[2025-08-14T11:18:50.827+0000] {logging_mixin.py:150} INFO - [2025-08-14T11:18:50.827+0000] {dagbag.py:541} INFO - Filling up the DagBag from /home/vscode/.local/lib/python3.10/site-packages/airflow/example_dags/example_latest_only.py
[2025-08-14T11:18:50.832+0000] {processor.py:836} INFO - DAG(s) dict_keys(['latest_only']) retrieved from /home/vscode/.local/lib/python3.10/site-packages/airflow/example_dags/example_latest_only.py
[2025-08-14T11:18:50.844+0000] {logging_mixin.py:150} INFO - [2025-08-14T11:18:50.843+0000] {dag.py:2742} INFO - Sync 1 DAGs
[2025-08-14T11:18:50.858+0000] {logging_mixin.py:150} INFO - [2025-08-14T11:18:50.858+0000] {dag.py:3504} INFO - Setting next_dagrun for latest_only to 2025-08-14T07:18:50.858700+00:00, run_after=2025-08-14T11:18:50.858700+00:00
[2025-08-14T11:18:50.874+0000] {processor.py:179} INFO - Processing /home/vscode/.local/lib/python3.10/site-packages/airflow/example_dags/example_latest_only.py took 0.051 seconds
[2025-08-14T11:19:35.619+0000] {processor.py:157} INFO - Started process (PID=51504) to work on /home/vscode/.local/lib/python3.10/site-packages/airflow/example_dags/example_latest_only.py
[2025-08-14T11:19:35.620+0000] {processor.py:826} INFO - Processing file /home/vscode/.local/lib/python3.10/site-packages/airflow/example_dags/example_latest_only.py for tasks to queue
[2025-08-14T11:19:35.621+0000] {logging_mixin.py:150} INFO - [2025-08-14T11:19:35.620+0000] {dagbag.py:541} INFO - Filling up the DagBag from /home/vscode/.local/lib/python3.10/site-packages/airflow/example_dags/example_latest_only.py
[2025-08-14T11:19:35.628+0000] {processor.py:836} INFO - DAG(s) dict_keys(['latest_only']) retrieved from /home/vscode/.local/lib/python3.10/site-packages/airflow/example_dags/example_latest_only.py
[2025-08-14T11:19:35.645+0000] {logging_mixin.py:150} INFO - [2025-08-14T11:19:35.644+0000] {dag.py:2742} INFO - Sync 1 DAGs
[2025-08-14T11:19:35.662+0000] {logging_mixin.py:150} INFO - [2025-08-14T11:19:35.662+0000] {dag.py:3504} INFO - Setting next_dagrun for latest_only to 2025-08-14T07:19:35.661900+00:00, run_after=2025-08-14T11:19:35.661900+00:00
[2025-08-14T11:19:35.683+0000] {processor.py:179} INFO - Processing /home/vscode/.local/lib/python3.10/site-packages/airflow/example_dags/example_latest_only.py took 0.067 seconds
[2025-08-14T11:20:22.799+0000] {processor.py:157} INFO - Started process (PID=51960) to work on /home/vscode/.local/lib/python3.10/site-packages/airflow/example_dags/example_latest_only.py
[2025-08-14T11:20:22.799+0000] {processor.py:826} INFO - Processing file /home/vscode/.local/lib/python3.10/site-packages/airflow/example_dags/example_latest_only.py for tasks to queue
[2025-08-14T11:20:22.800+0000] {logging_mixin.py:150} INFO - [2025-08-14T11:20:22.800+0000] {dagbag.py:541} INFO - Filling up the DagBag from /home/vscode/.local/lib/python3.10/site-packages/airflow/example_dags/example_latest_only.py
[2025-08-14T11:20:22.804+0000] {processor.py:836} INFO - DAG(s) dict_keys(['latest_only']) retrieved from /home/vscode/.local/lib/python3.10/site-packages/airflow/example_dags/example_latest_only.py
[2025-08-14T11:20:22.815+0000] {logging_mixin.py:150} INFO - [2025-08-14T11:20:22.815+0000] {dag.py:2742} INFO - Sync 1 DAGs
[2025-08-14T11:20:22.829+0000] {logging_mixin.py:150} INFO - [2025-08-14T11:20:22.829+0000] {dag.py:3504} INFO - Setting next_dagrun for latest_only to 2025-08-14T07:20:22.829438+00:00, run_after=2025-08-14T11:20:22.829438+00:00
[2025-08-14T11:20:22.845+0000] {processor.py:179} INFO - Processing /home/vscode/.local/lib/python3.10/site-packages/airflow/example_dags/example_latest_only.py took 0.048 seconds
[2025-08-14T11:21:07.908+0000] {processor.py:157} INFO - Started process (PID=52388) to work on /home/vscode/.local/lib/python3.10/site-packages/airflow/example_dags/example_latest_only.py
[2025-08-14T11:21:07.908+0000] {processor.py:826} INFO - Processing file /home/vscode/.local/lib/python3.10/site-packages/airflow/example_dags/example_latest_only.py for tasks to queue
[2025-08-14T11:21:07.909+0000] {logging_mixin.py:150} INFO - [2025-08-14T11:21:07.909+0000] {dagbag.py:541} INFO - Filling up the DagBag from /home/vscode/.local/lib/python3.10/site-packages/airflow/example_dags/example_latest_only.py
[2025-08-14T11:21:07.915+0000] {processor.py:836} INFO - DAG(s) dict_keys(['latest_only']) retrieved from /home/vscode/.local/lib/python3.10/site-packages/airflow/example_dags/example_latest_only.py
[2025-08-14T11:21:07.928+0000] {logging_mixin.py:150} INFO - [2025-08-14T11:21:07.928+0000] {dag.py:2742} INFO - Sync 1 DAGs
[2025-08-14T11:21:07.949+0000] {logging_mixin.py:150} INFO - [2025-08-14T11:21:07.948+0000] {dag.py:3504} INFO - Setting next_dagrun for latest_only to 2025-08-14T07:21:07.948520+00:00, run_after=2025-08-14T11:21:07.948520+00:00
[2025-08-14T11:21:07.986+0000] {processor.py:179} INFO - Processing /home/vscode/.local/lib/python3.10/site-packages/airflow/example_dags/example_latest_only.py took 0.081 seconds
[2025-08-14T11:21:54.072+0000] {processor.py:157} INFO - Started process (PID=52842) to work on /home/vscode/.local/lib/python3.10/site-packages/airflow/example_dags/example_latest_only.py
[2025-08-14T11:21:54.073+0000] {processor.py:826} INFO - Processing file /home/vscode/.local/lib/python3.10/site-packages/airflow/example_dags/example_latest_only.py for tasks to queue
[2025-08-14T11:21:54.073+0000] {logging_mixin.py:150} INFO - [2025-08-14T11:21:54.073+0000] {dagbag.py:541} INFO - Filling up the DagBag from /home/vscode/.local/lib/python3.10/site-packages/airflow/example_dags/example_latest_only.py
[2025-08-14T11:21:54.078+0000] {processor.py:836} INFO - DAG(s) dict_keys(['latest_only']) retrieved from /home/vscode/.local/lib/python3.10/site-packages/airflow/example_dags/example_latest_only.py
[2025-08-14T11:21:54.089+0000] {logging_mixin.py:150} INFO - [2025-08-14T11:21:54.089+0000] {dag.py:2742} INFO - Sync 1 DAGs
[2025-08-14T11:21:54.103+0000] {logging_mixin.py:150} INFO - [2025-08-14T11:21:54.103+0000] {dag.py:3504} INFO - Setting next_dagrun for latest_only to 2025-08-14T07:21:54.103583+00:00, run_after=2025-08-14T11:21:54.103583+00:00
[2025-08-14T11:21:54.120+0000] {processor.py:179} INFO - Processing /home/vscode/.local/lib/python3.10/site-packages/airflow/example_dags/example_latest_only.py took 0.050 seconds
[2025-08-14T11:22:40.901+0000] {processor.py:157} INFO - Started process (PID=53286) to work on /home/vscode/.local/lib/python3.10/site-packages/airflow/example_dags/example_latest_only.py
[2025-08-14T11:22:40.902+0000] {processor.py:826} INFO - Processing file /home/vscode/.local/lib/python3.10/site-packages/airflow/example_dags/example_latest_only.py for tasks to queue
[2025-08-14T11:22:40.902+0000] {logging_mixin.py:150} INFO - [2025-08-14T11:22:40.902+0000] {dagbag.py:541} INFO - Filling up the DagBag from /home/vscode/.local/lib/python3.10/site-packages/airflow/example_dags/example_latest_only.py
[2025-08-14T11:22:40.907+0000] {processor.py:836} INFO - DAG(s) dict_keys(['latest_only']) retrieved from /home/vscode/.local/lib/python3.10/site-packages/airflow/example_dags/example_latest_only.py
[2025-08-14T11:22:40.919+0000] {logging_mixin.py:150} INFO - [2025-08-14T11:22:40.918+0000] {dag.py:2742} INFO - Sync 1 DAGs
[2025-08-14T11:22:40.940+0000] {logging_mixin.py:150} INFO - [2025-08-14T11:22:40.940+0000] {dag.py:3504} INFO - Setting next_dagrun for latest_only to 2025-08-14T07:22:40.939797+00:00, run_after=2025-08-14T11:22:40.939797+00:00
[2025-08-14T11:22:40.962+0000] {processor.py:179} INFO - Processing /home/vscode/.local/lib/python3.10/site-packages/airflow/example_dags/example_latest_only.py took 0.063 seconds
[2025-08-14T11:23:27.541+0000] {processor.py:157} INFO - Started process (PID=53730) to work on /home/vscode/.local/lib/python3.10/site-packages/airflow/example_dags/example_latest_only.py
[2025-08-14T11:23:27.542+0000] {processor.py:826} INFO - Processing file /home/vscode/.local/lib/python3.10/site-packages/airflow/example_dags/example_latest_only.py for tasks to queue
[2025-08-14T11:23:27.542+0000] {logging_mixin.py:150} INFO - [2025-08-14T11:23:27.542+0000] {dagbag.py:541} INFO - Filling up the DagBag from /home/vscode/.local/lib/python3.10/site-packages/airflow/example_dags/example_latest_only.py
[2025-08-14T11:23:27.547+0000] {processor.py:836} INFO - DAG(s) dict_keys(['latest_only']) retrieved from /home/vscode/.local/lib/python3.10/site-packages/airflow/example_dags/example_latest_only.py
[2025-08-14T11:23:27.558+0000] {logging_mixin.py:150} INFO - [2025-08-14T11:23:27.558+0000] {dag.py:2742} INFO - Sync 1 DAGs
[2025-08-14T11:23:27.573+0000] {logging_mixin.py:150} INFO - [2025-08-14T11:23:27.573+0000] {dag.py:3504} INFO - Setting next_dagrun for latest_only to 2025-08-14T07:23:27.573177+00:00, run_after=2025-08-14T11:23:27.573177+00:00
[2025-08-14T11:23:27.588+0000] {processor.py:179} INFO - Processing /home/vscode/.local/lib/python3.10/site-packages/airflow/example_dags/example_latest_only.py took 0.049 seconds
[2025-08-14T11:24:14.926+0000] {processor.py:157} INFO - Started process (PID=54186) to work on /home/vscode/.local/lib/python3.10/site-packages/airflow/example_dags/example_latest_only.py
[2025-08-14T11:24:14.927+0000] {processor.py:826} INFO - Processing file /home/vscode/.local/lib/python3.10/site-packages/airflow/example_dags/example_latest_only.py for tasks to queue
[2025-08-14T11:24:14.927+0000] {logging_mixin.py:150} INFO - [2025-08-14T11:24:14.927+0000] {dagbag.py:541} INFO - Filling up the DagBag from /home/vscode/.local/lib/python3.10/site-packages/airflow/example_dags/example_latest_only.py
[2025-08-14T11:24:14.932+0000] {processor.py:836} INFO - DAG(s) dict_keys(['latest_only']) retrieved from /home/vscode/.local/lib/python3.10/site-packages/airflow/example_dags/example_latest_only.py
[2025-08-14T11:24:14.944+0000] {logging_mixin.py:150} INFO - [2025-08-14T11:24:14.944+0000] {dag.py:2742} INFO - Sync 1 DAGs
[2025-08-14T11:24:14.959+0000] {logging_mixin.py:150} INFO - [2025-08-14T11:24:14.959+0000] {dag.py:3504} INFO - Setting next_dagrun for latest_only to 2025-08-14T07:24:14.958934+00:00, run_after=2025-08-14T11:24:14.958934+00:00
[2025-08-14T11:24:14.975+0000] {processor.py:179} INFO - Processing /home/vscode/.local/lib/python3.10/site-packages/airflow/example_dags/example_latest_only.py took 0.051 seconds
[2025-08-14T11:25:06.361+0000] {processor.py:157} INFO - Started process (PID=54672) to work on /home/vscode/.local/lib/python3.10/site-packages/airflow/example_dags/example_latest_only.py
[2025-08-14T11:25:06.361+0000] {processor.py:826} INFO - Processing file /home/vscode/.local/lib/python3.10/site-packages/airflow/example_dags/example_latest_only.py for tasks to queue
[2025-08-14T11:25:06.362+0000] {logging_mixin.py:150} INFO - [2025-08-14T11:25:06.362+0000] {dagbag.py:541} INFO - Filling up the DagBag from /home/vscode/.local/lib/python3.10/site-packages/airflow/example_dags/example_latest_only.py
[2025-08-14T11:25:06.367+0000] {processor.py:836} INFO - DAG(s) dict_keys(['latest_only']) retrieved from /home/vscode/.local/lib/python3.10/site-packages/airflow/example_dags/example_latest_only.py
[2025-08-14T11:25:06.377+0000] {logging_mixin.py:150} INFO - [2025-08-14T11:25:06.377+0000] {dag.py:2742} INFO - Sync 1 DAGs
[2025-08-14T11:25:06.392+0000] {logging_mixin.py:150} INFO - [2025-08-14T11:25:06.391+0000] {dag.py:3504} INFO - Setting next_dagrun for latest_only to 2025-08-14T07:25:06.391753+00:00, run_after=2025-08-14T11:25:06.391753+00:00
[2025-08-14T11:25:06.407+0000] {processor.py:179} INFO - Processing /home/vscode/.local/lib/python3.10/site-packages/airflow/example_dags/example_latest_only.py took 0.050 seconds
[2025-08-14T11:25:55.479+0000] {processor.py:157} INFO - Started process (PID=55143) to work on /home/vscode/.local/lib/python3.10/site-packages/airflow/example_dags/example_latest_only.py
[2025-08-14T11:25:55.480+0000] {processor.py:826} INFO - Processing file /home/vscode/.local/lib/python3.10/site-packages/airflow/example_dags/example_latest_only.py for tasks to queue
[2025-08-14T11:25:55.480+0000] {logging_mixin.py:150} INFO - [2025-08-14T11:25:55.480+0000] {dagbag.py:541} INFO - Filling up the DagBag from /home/vscode/.local/lib/python3.10/site-packages/airflow/example_dags/example_latest_only.py
[2025-08-14T11:25:55.485+0000] {processor.py:836} INFO - DAG(s) dict_keys(['latest_only']) retrieved from /home/vscode/.local/lib/python3.10/site-packages/airflow/example_dags/example_latest_only.py
[2025-08-14T11:25:55.495+0000] {logging_mixin.py:150} INFO - [2025-08-14T11:25:55.495+0000] {dag.py:2742} INFO - Sync 1 DAGs
[2025-08-14T11:25:55.509+0000] {logging_mixin.py:150} INFO - [2025-08-14T11:25:55.509+0000] {dag.py:3504} INFO - Setting next_dagrun for latest_only to 2025-08-14T07:25:55.509518+00:00, run_after=2025-08-14T11:25:55.509518+00:00
[2025-08-14T11:25:55.524+0000] {processor.py:179} INFO - Processing /home/vscode/.local/lib/python3.10/site-packages/airflow/example_dags/example_latest_only.py took 0.048 seconds
