[2025-08-14T09:39:16.965+0000] {processor.py:157} INFO - Started process (PID=3574) to work on /home/vscode/.local/lib/python3.10/site-packages/airflow/example_dags/example_xcom.py
[2025-08-14T09:39:16.965+0000] {processor.py:826} INFO - Processing file /home/vscode/.local/lib/python3.10/site-packages/airflow/example_dags/example_xcom.py for tasks to queue
[2025-08-14T09:39:16.966+0000] {logging_mixin.py:150} INFO - [2025-08-14T09:39:16.966+0000] {dagbag.py:541} INFO - Filling up the DagBag from /home/vscode/.local/lib/python3.10/site-packages/airflow/example_dags/example_xcom.py
[2025-08-14T09:39:16.973+0000] {processor.py:836} INFO - DAG(s) dict_keys(['example_xcom']) retrieved from /home/vscode/.local/lib/python3.10/site-packages/airflow/example_dags/example_xcom.py
[2025-08-14T09:39:17.053+0000] {logging_mixin.py:150} INFO - [2025-08-14T09:39:17.053+0000] {manager.py:504} INFO - Created Permission View: can edit on DAG:example_xcom
[2025-08-14T09:39:17.062+0000] {logging_mixin.py:150} INFO - [2025-08-14T09:39:17.061+0000] {manager.py:504} INFO - Created Permission View: can read on DAG:example_xcom
[2025-08-14T09:39:17.068+0000] {logging_mixin.py:150} INFO - [2025-08-14T09:39:17.068+0000] {manager.py:504} INFO - Created Permission View: can delete on DAG:example_xcom
[2025-08-14T09:39:17.077+0000] {logging_mixin.py:150} INFO - [2025-08-14T09:39:17.077+0000] {dag.py:2742} INFO - Sync 1 DAGs
[2025-08-14T09:39:17.084+0000] {logging_mixin.py:150} INFO - [2025-08-14T09:39:17.084+0000] {dag.py:2763} INFO - Creating ORM DAG for example_xcom
[2025-08-14T09:39:17.092+0000] {logging_mixin.py:150} INFO - [2025-08-14T09:39:17.092+0000] {dag.py:3504} INFO - Setting next_dagrun for example_xcom to 2021-01-01T00:00:00+00:00, run_after=2021-01-01T00:00:00+00:00
[2025-08-14T09:39:17.108+0000] {processor.py:179} INFO - Processing /home/vscode/.local/lib/python3.10/site-packages/airflow/example_dags/example_xcom.py took 0.145 seconds
[2025-08-14T09:40:06.129+0000] {processor.py:157} INFO - Started process (PID=3910) to work on /home/vscode/.local/lib/python3.10/site-packages/airflow/example_dags/example_xcom.py
[2025-08-14T09:40:06.129+0000] {processor.py:826} INFO - Processing file /home/vscode/.local/lib/python3.10/site-packages/airflow/example_dags/example_xcom.py for tasks to queue
[2025-08-14T09:40:06.130+0000] {logging_mixin.py:150} INFO - [2025-08-14T09:40:06.130+0000] {dagbag.py:541} INFO - Filling up the DagBag from /home/vscode/.local/lib/python3.10/site-packages/airflow/example_dags/example_xcom.py
[2025-08-14T09:40:06.135+0000] {processor.py:836} INFO - DAG(s) dict_keys(['example_xcom']) retrieved from /home/vscode/.local/lib/python3.10/site-packages/airflow/example_dags/example_xcom.py
[2025-08-14T09:40:06.147+0000] {logging_mixin.py:150} INFO - [2025-08-14T09:40:06.147+0000] {dag.py:2742} INFO - Sync 1 DAGs
[2025-08-14T09:40:06.160+0000] {logging_mixin.py:150} INFO - [2025-08-14T09:40:06.160+0000] {dag.py:3504} INFO - Setting next_dagrun for example_xcom to 2021-01-01T00:00:00+00:00, run_after=2021-01-01T00:00:00+00:00
[2025-08-14T09:40:06.176+0000] {processor.py:179} INFO - Processing /home/vscode/.local/lib/python3.10/site-packages/airflow/example_dags/example_xcom.py took 0.049 seconds
[2025-08-14T09:40:49.994+0000] {processor.py:157} INFO - Started process (PID=4209) to work on /home/vscode/.local/lib/python3.10/site-packages/airflow/example_dags/example_xcom.py
[2025-08-14T09:40:49.995+0000] {processor.py:826} INFO - Processing file /home/vscode/.local/lib/python3.10/site-packages/airflow/example_dags/example_xcom.py for tasks to queue
[2025-08-14T09:40:49.995+0000] {logging_mixin.py:150} INFO - [2025-08-14T09:40:49.995+0000] {dagbag.py:541} INFO - Filling up the DagBag from /home/vscode/.local/lib/python3.10/site-packages/airflow/example_dags/example_xcom.py
[2025-08-14T09:40:50.001+0000] {processor.py:836} INFO - DAG(s) dict_keys(['example_xcom']) retrieved from /home/vscode/.local/lib/python3.10/site-packages/airflow/example_dags/example_xcom.py
[2025-08-14T09:40:50.013+0000] {logging_mixin.py:150} INFO - [2025-08-14T09:40:50.013+0000] {dag.py:2742} INFO - Sync 1 DAGs
[2025-08-14T09:40:50.026+0000] {logging_mixin.py:150} INFO - [2025-08-14T09:40:50.026+0000] {dag.py:3504} INFO - Setting next_dagrun for example_xcom to 2021-01-01T00:00:00+00:00, run_after=2021-01-01T00:00:00+00:00
[2025-08-14T09:40:50.041+0000] {processor.py:179} INFO - Processing /home/vscode/.local/lib/python3.10/site-packages/airflow/example_dags/example_xcom.py took 0.049 seconds
[2025-08-14T09:41:33.944+0000] {processor.py:157} INFO - Started process (PID=4531) to work on /home/vscode/.local/lib/python3.10/site-packages/airflow/example_dags/example_xcom.py
[2025-08-14T09:41:33.945+0000] {processor.py:826} INFO - Processing file /home/vscode/.local/lib/python3.10/site-packages/airflow/example_dags/example_xcom.py for tasks to queue
[2025-08-14T09:41:33.946+0000] {logging_mixin.py:150} INFO - [2025-08-14T09:41:33.945+0000] {dagbag.py:541} INFO - Filling up the DagBag from /home/vscode/.local/lib/python3.10/site-packages/airflow/example_dags/example_xcom.py
[2025-08-14T09:41:33.952+0000] {processor.py:836} INFO - DAG(s) dict_keys(['example_xcom']) retrieved from /home/vscode/.local/lib/python3.10/site-packages/airflow/example_dags/example_xcom.py
[2025-08-14T09:41:33.964+0000] {logging_mixin.py:150} INFO - [2025-08-14T09:41:33.964+0000] {dag.py:2742} INFO - Sync 1 DAGs
[2025-08-14T09:41:33.978+0000] {logging_mixin.py:150} INFO - [2025-08-14T09:41:33.978+0000] {dag.py:3504} INFO - Setting next_dagrun for example_xcom to 2021-01-01T00:00:00+00:00, run_after=2021-01-01T00:00:00+00:00
[2025-08-14T09:41:33.993+0000] {processor.py:179} INFO - Processing /home/vscode/.local/lib/python3.10/site-packages/airflow/example_dags/example_xcom.py took 0.052 seconds
[2025-08-14T09:42:18.518+0000] {processor.py:157} INFO - Started process (PID=4856) to work on /home/vscode/.local/lib/python3.10/site-packages/airflow/example_dags/example_xcom.py
[2025-08-14T09:42:18.519+0000] {processor.py:826} INFO - Processing file /home/vscode/.local/lib/python3.10/site-packages/airflow/example_dags/example_xcom.py for tasks to queue
[2025-08-14T09:42:18.519+0000] {logging_mixin.py:150} INFO - [2025-08-14T09:42:18.519+0000] {dagbag.py:541} INFO - Filling up the DagBag from /home/vscode/.local/lib/python3.10/site-packages/airflow/example_dags/example_xcom.py
[2025-08-14T09:42:18.524+0000] {processor.py:836} INFO - DAG(s) dict_keys(['example_xcom']) retrieved from /home/vscode/.local/lib/python3.10/site-packages/airflow/example_dags/example_xcom.py
[2025-08-14T09:42:18.536+0000] {logging_mixin.py:150} INFO - [2025-08-14T09:42:18.536+0000] {dag.py:2742} INFO - Sync 1 DAGs
[2025-08-14T09:42:18.550+0000] {logging_mixin.py:150} INFO - [2025-08-14T09:42:18.549+0000] {dag.py:3504} INFO - Setting next_dagrun for example_xcom to 2021-01-01T00:00:00+00:00, run_after=2021-01-01T00:00:00+00:00
[2025-08-14T09:42:18.564+0000] {processor.py:179} INFO - Processing /home/vscode/.local/lib/python3.10/site-packages/airflow/example_dags/example_xcom.py took 0.049 seconds
[2025-08-14T09:43:03.380+0000] {processor.py:157} INFO - Started process (PID=5175) to work on /home/vscode/.local/lib/python3.10/site-packages/airflow/example_dags/example_xcom.py
[2025-08-14T09:43:03.380+0000] {processor.py:826} INFO - Processing file /home/vscode/.local/lib/python3.10/site-packages/airflow/example_dags/example_xcom.py for tasks to queue
[2025-08-14T09:43:03.381+0000] {logging_mixin.py:150} INFO - [2025-08-14T09:43:03.381+0000] {dagbag.py:541} INFO - Filling up the DagBag from /home/vscode/.local/lib/python3.10/site-packages/airflow/example_dags/example_xcom.py
[2025-08-14T09:43:03.387+0000] {processor.py:836} INFO - DAG(s) dict_keys(['example_xcom']) retrieved from /home/vscode/.local/lib/python3.10/site-packages/airflow/example_dags/example_xcom.py
[2025-08-14T09:43:03.400+0000] {logging_mixin.py:150} INFO - [2025-08-14T09:43:03.400+0000] {dag.py:2742} INFO - Sync 1 DAGs
[2025-08-14T09:43:03.415+0000] {logging_mixin.py:150} INFO - [2025-08-14T09:43:03.415+0000] {dag.py:3504} INFO - Setting next_dagrun for example_xcom to 2021-01-01T00:00:00+00:00, run_after=2021-01-01T00:00:00+00:00
[2025-08-14T09:43:03.431+0000] {processor.py:179} INFO - Processing /home/vscode/.local/lib/python3.10/site-packages/airflow/example_dags/example_xcom.py took 0.053 seconds
[2025-08-14T09:43:49.447+0000] {processor.py:157} INFO - Started process (PID=5505) to work on /home/vscode/.local/lib/python3.10/site-packages/airflow/example_dags/example_xcom.py
[2025-08-14T09:43:49.448+0000] {processor.py:826} INFO - Processing file /home/vscode/.local/lib/python3.10/site-packages/airflow/example_dags/example_xcom.py for tasks to queue
[2025-08-14T09:43:49.449+0000] {logging_mixin.py:150} INFO - [2025-08-14T09:43:49.448+0000] {dagbag.py:541} INFO - Filling up the DagBag from /home/vscode/.local/lib/python3.10/site-packages/airflow/example_dags/example_xcom.py
[2025-08-14T09:43:49.454+0000] {processor.py:836} INFO - DAG(s) dict_keys(['example_xcom']) retrieved from /home/vscode/.local/lib/python3.10/site-packages/airflow/example_dags/example_xcom.py
[2025-08-14T09:43:49.468+0000] {logging_mixin.py:150} INFO - [2025-08-14T09:43:49.468+0000] {dag.py:2742} INFO - Sync 1 DAGs
[2025-08-14T09:43:49.481+0000] {logging_mixin.py:150} INFO - [2025-08-14T09:43:49.481+0000] {dag.py:3504} INFO - Setting next_dagrun for example_xcom to 2021-01-01T00:00:00+00:00, run_after=2021-01-01T00:00:00+00:00
[2025-08-14T09:43:49.496+0000] {processor.py:179} INFO - Processing /home/vscode/.local/lib/python3.10/site-packages/airflow/example_dags/example_xcom.py took 0.051 seconds
[2025-08-14T09:44:32.274+0000] {processor.py:157} INFO - Started process (PID=5830) to work on /home/vscode/.local/lib/python3.10/site-packages/airflow/example_dags/example_xcom.py
[2025-08-14T09:44:32.275+0000] {processor.py:826} INFO - Processing file /home/vscode/.local/lib/python3.10/site-packages/airflow/example_dags/example_xcom.py for tasks to queue
[2025-08-14T09:44:32.275+0000] {logging_mixin.py:150} INFO - [2025-08-14T09:44:32.275+0000] {dagbag.py:541} INFO - Filling up the DagBag from /home/vscode/.local/lib/python3.10/site-packages/airflow/example_dags/example_xcom.py
[2025-08-14T09:44:32.280+0000] {processor.py:836} INFO - DAG(s) dict_keys(['example_xcom']) retrieved from /home/vscode/.local/lib/python3.10/site-packages/airflow/example_dags/example_xcom.py
[2025-08-14T09:44:32.292+0000] {logging_mixin.py:150} INFO - [2025-08-14T09:44:32.292+0000] {dag.py:2742} INFO - Sync 1 DAGs
[2025-08-14T09:44:32.306+0000] {logging_mixin.py:150} INFO - [2025-08-14T09:44:32.306+0000] {dag.py:3504} INFO - Setting next_dagrun for example_xcom to 2021-01-01T00:00:00+00:00, run_after=2021-01-01T00:00:00+00:00
[2025-08-14T09:44:32.321+0000] {processor.py:179} INFO - Processing /home/vscode/.local/lib/python3.10/site-packages/airflow/example_dags/example_xcom.py took 0.049 seconds
[2025-08-14T09:45:13.395+0000] {processor.py:157} INFO - Started process (PID=6142) to work on /home/vscode/.local/lib/python3.10/site-packages/airflow/example_dags/example_xcom.py
[2025-08-14T09:45:13.396+0000] {processor.py:826} INFO - Processing file /home/vscode/.local/lib/python3.10/site-packages/airflow/example_dags/example_xcom.py for tasks to queue
[2025-08-14T09:45:13.396+0000] {logging_mixin.py:150} INFO - [2025-08-14T09:45:13.396+0000] {dagbag.py:541} INFO - Filling up the DagBag from /home/vscode/.local/lib/python3.10/site-packages/airflow/example_dags/example_xcom.py
[2025-08-14T09:45:13.402+0000] {processor.py:836} INFO - DAG(s) dict_keys(['example_xcom']) retrieved from /home/vscode/.local/lib/python3.10/site-packages/airflow/example_dags/example_xcom.py
[2025-08-14T09:45:13.415+0000] {logging_mixin.py:150} INFO - [2025-08-14T09:45:13.415+0000] {dag.py:2742} INFO - Sync 1 DAGs
[2025-08-14T09:45:13.429+0000] {logging_mixin.py:150} INFO - [2025-08-14T09:45:13.429+0000] {dag.py:3504} INFO - Setting next_dagrun for example_xcom to 2021-01-01T00:00:00+00:00, run_after=2021-01-01T00:00:00+00:00
[2025-08-14T09:45:13.444+0000] {processor.py:179} INFO - Processing /home/vscode/.local/lib/python3.10/site-packages/airflow/example_dags/example_xcom.py took 0.052 seconds
[2025-08-14T09:45:58.491+0000] {processor.py:157} INFO - Started process (PID=6441) to work on /home/vscode/.local/lib/python3.10/site-packages/airflow/example_dags/example_xcom.py
[2025-08-14T09:45:58.491+0000] {processor.py:826} INFO - Processing file /home/vscode/.local/lib/python3.10/site-packages/airflow/example_dags/example_xcom.py for tasks to queue
[2025-08-14T09:45:58.492+0000] {logging_mixin.py:150} INFO - [2025-08-14T09:45:58.492+0000] {dagbag.py:541} INFO - Filling up the DagBag from /home/vscode/.local/lib/python3.10/site-packages/airflow/example_dags/example_xcom.py
[2025-08-14T09:45:58.498+0000] {processor.py:836} INFO - DAG(s) dict_keys(['example_xcom']) retrieved from /home/vscode/.local/lib/python3.10/site-packages/airflow/example_dags/example_xcom.py
[2025-08-14T09:45:58.510+0000] {logging_mixin.py:150} INFO - [2025-08-14T09:45:58.510+0000] {dag.py:2742} INFO - Sync 1 DAGs
[2025-08-14T09:45:58.524+0000] {logging_mixin.py:150} INFO - [2025-08-14T09:45:58.524+0000] {dag.py:3504} INFO - Setting next_dagrun for example_xcom to 2021-01-01T00:00:00+00:00, run_after=2021-01-01T00:00:00+00:00
[2025-08-14T09:45:58.539+0000] {processor.py:179} INFO - Processing /home/vscode/.local/lib/python3.10/site-packages/airflow/example_dags/example_xcom.py took 0.051 seconds
[2025-08-14T09:46:44.170+0000] {processor.py:157} INFO - Started process (PID=6754) to work on /home/vscode/.local/lib/python3.10/site-packages/airflow/example_dags/example_xcom.py
[2025-08-14T09:46:44.170+0000] {processor.py:826} INFO - Processing file /home/vscode/.local/lib/python3.10/site-packages/airflow/example_dags/example_xcom.py for tasks to queue
[2025-08-14T09:46:44.171+0000] {logging_mixin.py:150} INFO - [2025-08-14T09:46:44.171+0000] {dagbag.py:541} INFO - Filling up the DagBag from /home/vscode/.local/lib/python3.10/site-packages/airflow/example_dags/example_xcom.py
[2025-08-14T09:46:44.176+0000] {processor.py:836} INFO - DAG(s) dict_keys(['example_xcom']) retrieved from /home/vscode/.local/lib/python3.10/site-packages/airflow/example_dags/example_xcom.py
[2025-08-14T09:46:44.190+0000] {logging_mixin.py:150} INFO - [2025-08-14T09:46:44.189+0000] {dag.py:2742} INFO - Sync 1 DAGs
[2025-08-14T09:46:44.203+0000] {logging_mixin.py:150} INFO - [2025-08-14T09:46:44.203+0000] {dag.py:3504} INFO - Setting next_dagrun for example_xcom to 2021-01-01T00:00:00+00:00, run_after=2021-01-01T00:00:00+00:00
[2025-08-14T09:46:44.218+0000] {processor.py:179} INFO - Processing /home/vscode/.local/lib/python3.10/site-packages/airflow/example_dags/example_xcom.py took 0.050 seconds
[2025-08-14T09:47:30.683+0000] {processor.py:157} INFO - Started process (PID=7059) to work on /home/vscode/.local/lib/python3.10/site-packages/airflow/example_dags/example_xcom.py
[2025-08-14T09:47:30.683+0000] {processor.py:826} INFO - Processing file /home/vscode/.local/lib/python3.10/site-packages/airflow/example_dags/example_xcom.py for tasks to queue
[2025-08-14T09:47:30.684+0000] {logging_mixin.py:150} INFO - [2025-08-14T09:47:30.684+0000] {dagbag.py:541} INFO - Filling up the DagBag from /home/vscode/.local/lib/python3.10/site-packages/airflow/example_dags/example_xcom.py
[2025-08-14T09:47:30.690+0000] {processor.py:836} INFO - DAG(s) dict_keys(['example_xcom']) retrieved from /home/vscode/.local/lib/python3.10/site-packages/airflow/example_dags/example_xcom.py
[2025-08-14T09:47:30.703+0000] {logging_mixin.py:150} INFO - [2025-08-14T09:47:30.702+0000] {dag.py:2742} INFO - Sync 1 DAGs
[2025-08-14T09:47:30.717+0000] {logging_mixin.py:150} INFO - [2025-08-14T09:47:30.717+0000] {dag.py:3504} INFO - Setting next_dagrun for example_xcom to 2021-01-01T00:00:00+00:00, run_after=2021-01-01T00:00:00+00:00
[2025-08-14T09:47:30.732+0000] {processor.py:179} INFO - Processing /home/vscode/.local/lib/python3.10/site-packages/airflow/example_dags/example_xcom.py took 0.052 seconds
[2025-08-14T09:48:18.522+0000] {processor.py:157} INFO - Started process (PID=7412) to work on /home/vscode/.local/lib/python3.10/site-packages/airflow/example_dags/example_xcom.py
[2025-08-14T09:48:18.523+0000] {processor.py:826} INFO - Processing file /home/vscode/.local/lib/python3.10/site-packages/airflow/example_dags/example_xcom.py for tasks to queue
[2025-08-14T09:48:18.523+0000] {logging_mixin.py:150} INFO - [2025-08-14T09:48:18.523+0000] {dagbag.py:541} INFO - Filling up the DagBag from /home/vscode/.local/lib/python3.10/site-packages/airflow/example_dags/example_xcom.py
[2025-08-14T09:48:18.529+0000] {processor.py:836} INFO - DAG(s) dict_keys(['example_xcom']) retrieved from /home/vscode/.local/lib/python3.10/site-packages/airflow/example_dags/example_xcom.py
[2025-08-14T09:48:18.541+0000] {logging_mixin.py:150} INFO - [2025-08-14T09:48:18.541+0000] {dag.py:2742} INFO - Sync 1 DAGs
[2025-08-14T09:48:18.554+0000] {logging_mixin.py:150} INFO - [2025-08-14T09:48:18.554+0000] {dag.py:3504} INFO - Setting next_dagrun for example_xcom to 2021-01-01T00:00:00+00:00, run_after=2021-01-01T00:00:00+00:00
[2025-08-14T09:48:18.569+0000] {processor.py:179} INFO - Processing /home/vscode/.local/lib/python3.10/site-packages/airflow/example_dags/example_xcom.py took 0.049 seconds
[2025-08-14T09:49:03.572+0000] {processor.py:157} INFO - Started process (PID=7751) to work on /home/vscode/.local/lib/python3.10/site-packages/airflow/example_dags/example_xcom.py
[2025-08-14T09:49:03.572+0000] {processor.py:826} INFO - Processing file /home/vscode/.local/lib/python3.10/site-packages/airflow/example_dags/example_xcom.py for tasks to queue
[2025-08-14T09:49:03.573+0000] {logging_mixin.py:150} INFO - [2025-08-14T09:49:03.573+0000] {dagbag.py:541} INFO - Filling up the DagBag from /home/vscode/.local/lib/python3.10/site-packages/airflow/example_dags/example_xcom.py
[2025-08-14T09:49:03.578+0000] {processor.py:836} INFO - DAG(s) dict_keys(['example_xcom']) retrieved from /home/vscode/.local/lib/python3.10/site-packages/airflow/example_dags/example_xcom.py
[2025-08-14T09:49:03.590+0000] {logging_mixin.py:150} INFO - [2025-08-14T09:49:03.590+0000] {dag.py:2742} INFO - Sync 1 DAGs
[2025-08-14T09:49:03.604+0000] {logging_mixin.py:150} INFO - [2025-08-14T09:49:03.604+0000] {dag.py:3504} INFO - Setting next_dagrun for example_xcom to 2021-01-01T00:00:00+00:00, run_after=2021-01-01T00:00:00+00:00
[2025-08-14T09:49:03.619+0000] {processor.py:179} INFO - Processing /home/vscode/.local/lib/python3.10/site-packages/airflow/example_dags/example_xcom.py took 0.050 seconds
[2025-08-14T09:49:50.288+0000] {processor.py:157} INFO - Started process (PID=8094) to work on /home/vscode/.local/lib/python3.10/site-packages/airflow/example_dags/example_xcom.py
[2025-08-14T09:49:50.289+0000] {processor.py:826} INFO - Processing file /home/vscode/.local/lib/python3.10/site-packages/airflow/example_dags/example_xcom.py for tasks to queue
[2025-08-14T09:49:50.290+0000] {logging_mixin.py:150} INFO - [2025-08-14T09:49:50.290+0000] {dagbag.py:541} INFO - Filling up the DagBag from /home/vscode/.local/lib/python3.10/site-packages/airflow/example_dags/example_xcom.py
[2025-08-14T09:49:50.297+0000] {processor.py:836} INFO - DAG(s) dict_keys(['example_xcom']) retrieved from /home/vscode/.local/lib/python3.10/site-packages/airflow/example_dags/example_xcom.py
[2025-08-14T09:49:50.310+0000] {logging_mixin.py:150} INFO - [2025-08-14T09:49:50.310+0000] {dag.py:2742} INFO - Sync 1 DAGs
[2025-08-14T09:49:50.331+0000] {logging_mixin.py:150} INFO - [2025-08-14T09:49:50.331+0000] {dag.py:3504} INFO - Setting next_dagrun for example_xcom to 2021-01-01T00:00:00+00:00, run_after=2021-01-01T00:00:00+00:00
[2025-08-14T09:49:50.360+0000] {processor.py:179} INFO - Processing /home/vscode/.local/lib/python3.10/site-packages/airflow/example_dags/example_xcom.py took 0.075 seconds
[2025-08-14T09:50:34.203+0000] {processor.py:157} INFO - Started process (PID=8427) to work on /home/vscode/.local/lib/python3.10/site-packages/airflow/example_dags/example_xcom.py
[2025-08-14T09:50:34.203+0000] {processor.py:826} INFO - Processing file /home/vscode/.local/lib/python3.10/site-packages/airflow/example_dags/example_xcom.py for tasks to queue
[2025-08-14T09:50:34.204+0000] {logging_mixin.py:150} INFO - [2025-08-14T09:50:34.203+0000] {dagbag.py:541} INFO - Filling up the DagBag from /home/vscode/.local/lib/python3.10/site-packages/airflow/example_dags/example_xcom.py
[2025-08-14T09:50:34.209+0000] {processor.py:836} INFO - DAG(s) dict_keys(['example_xcom']) retrieved from /home/vscode/.local/lib/python3.10/site-packages/airflow/example_dags/example_xcom.py
[2025-08-14T09:50:34.222+0000] {logging_mixin.py:150} INFO - [2025-08-14T09:50:34.221+0000] {dag.py:2742} INFO - Sync 1 DAGs
[2025-08-14T09:50:34.236+0000] {logging_mixin.py:150} INFO - [2025-08-14T09:50:34.235+0000] {dag.py:3504} INFO - Setting next_dagrun for example_xcom to 2021-01-01T00:00:00+00:00, run_after=2021-01-01T00:00:00+00:00
[2025-08-14T09:50:34.251+0000] {processor.py:179} INFO - Processing /home/vscode/.local/lib/python3.10/site-packages/airflow/example_dags/example_xcom.py took 0.050 seconds
[2025-08-14T09:51:17.021+0000] {processor.py:157} INFO - Started process (PID=8745) to work on /home/vscode/.local/lib/python3.10/site-packages/airflow/example_dags/example_xcom.py
[2025-08-14T09:51:17.022+0000] {processor.py:826} INFO - Processing file /home/vscode/.local/lib/python3.10/site-packages/airflow/example_dags/example_xcom.py for tasks to queue
[2025-08-14T09:51:17.022+0000] {logging_mixin.py:150} INFO - [2025-08-14T09:51:17.022+0000] {dagbag.py:541} INFO - Filling up the DagBag from /home/vscode/.local/lib/python3.10/site-packages/airflow/example_dags/example_xcom.py
[2025-08-14T09:51:17.028+0000] {processor.py:836} INFO - DAG(s) dict_keys(['example_xcom']) retrieved from /home/vscode/.local/lib/python3.10/site-packages/airflow/example_dags/example_xcom.py
[2025-08-14T09:51:17.045+0000] {logging_mixin.py:150} INFO - [2025-08-14T09:51:17.045+0000] {dag.py:2742} INFO - Sync 1 DAGs
[2025-08-14T09:51:17.066+0000] {logging_mixin.py:150} INFO - [2025-08-14T09:51:17.066+0000] {dag.py:3504} INFO - Setting next_dagrun for example_xcom to 2021-01-01T00:00:00+00:00, run_after=2021-01-01T00:00:00+00:00
[2025-08-14T09:51:17.095+0000] {processor.py:179} INFO - Processing /home/vscode/.local/lib/python3.10/site-packages/airflow/example_dags/example_xcom.py took 0.076 seconds
[2025-08-14T09:52:06.874+0000] {processor.py:157} INFO - Started process (PID=9085) to work on /home/vscode/.local/lib/python3.10/site-packages/airflow/example_dags/example_xcom.py
[2025-08-14T09:52:06.875+0000] {processor.py:826} INFO - Processing file /home/vscode/.local/lib/python3.10/site-packages/airflow/example_dags/example_xcom.py for tasks to queue
[2025-08-14T09:52:06.876+0000] {logging_mixin.py:150} INFO - [2025-08-14T09:52:06.875+0000] {dagbag.py:541} INFO - Filling up the DagBag from /home/vscode/.local/lib/python3.10/site-packages/airflow/example_dags/example_xcom.py
[2025-08-14T09:52:06.881+0000] {processor.py:836} INFO - DAG(s) dict_keys(['example_xcom']) retrieved from /home/vscode/.local/lib/python3.10/site-packages/airflow/example_dags/example_xcom.py
[2025-08-14T09:52:06.892+0000] {logging_mixin.py:150} INFO - [2025-08-14T09:52:06.892+0000] {dag.py:2742} INFO - Sync 1 DAGs
[2025-08-14T09:52:06.906+0000] {logging_mixin.py:150} INFO - [2025-08-14T09:52:06.906+0000] {dag.py:3504} INFO - Setting next_dagrun for example_xcom to 2021-01-01T00:00:00+00:00, run_after=2021-01-01T00:00:00+00:00
[2025-08-14T09:52:06.920+0000] {processor.py:179} INFO - Processing /home/vscode/.local/lib/python3.10/site-packages/airflow/example_dags/example_xcom.py took 0.048 seconds
[2025-08-14T09:52:53.792+0000] {processor.py:157} INFO - Started process (PID=9397) to work on /home/vscode/.local/lib/python3.10/site-packages/airflow/example_dags/example_xcom.py
[2025-08-14T09:52:53.792+0000] {processor.py:826} INFO - Processing file /home/vscode/.local/lib/python3.10/site-packages/airflow/example_dags/example_xcom.py for tasks to queue
[2025-08-14T09:52:53.793+0000] {logging_mixin.py:150} INFO - [2025-08-14T09:52:53.793+0000] {dagbag.py:541} INFO - Filling up the DagBag from /home/vscode/.local/lib/python3.10/site-packages/airflow/example_dags/example_xcom.py
[2025-08-14T09:52:53.799+0000] {processor.py:836} INFO - DAG(s) dict_keys(['example_xcom']) retrieved from /home/vscode/.local/lib/python3.10/site-packages/airflow/example_dags/example_xcom.py
[2025-08-14T09:52:53.811+0000] {logging_mixin.py:150} INFO - [2025-08-14T09:52:53.811+0000] {dag.py:2742} INFO - Sync 1 DAGs
[2025-08-14T09:52:53.825+0000] {logging_mixin.py:150} INFO - [2025-08-14T09:52:53.825+0000] {dag.py:3504} INFO - Setting next_dagrun for example_xcom to 2021-01-01T00:00:00+00:00, run_after=2021-01-01T00:00:00+00:00
[2025-08-14T09:52:53.840+0000] {processor.py:179} INFO - Processing /home/vscode/.local/lib/python3.10/site-packages/airflow/example_dags/example_xcom.py took 0.050 seconds
[2025-08-14T09:53:42.858+0000] {processor.py:157} INFO - Started process (PID=9718) to work on /home/vscode/.local/lib/python3.10/site-packages/airflow/example_dags/example_xcom.py
[2025-08-14T09:53:42.859+0000] {processor.py:826} INFO - Processing file /home/vscode/.local/lib/python3.10/site-packages/airflow/example_dags/example_xcom.py for tasks to queue
[2025-08-14T09:53:42.860+0000] {logging_mixin.py:150} INFO - [2025-08-14T09:53:42.859+0000] {dagbag.py:541} INFO - Filling up the DagBag from /home/vscode/.local/lib/python3.10/site-packages/airflow/example_dags/example_xcom.py
[2025-08-14T09:53:42.865+0000] {processor.py:836} INFO - DAG(s) dict_keys(['example_xcom']) retrieved from /home/vscode/.local/lib/python3.10/site-packages/airflow/example_dags/example_xcom.py
[2025-08-14T09:53:42.877+0000] {logging_mixin.py:150} INFO - [2025-08-14T09:53:42.877+0000] {dag.py:2742} INFO - Sync 1 DAGs
[2025-08-14T09:53:42.892+0000] {logging_mixin.py:150} INFO - [2025-08-14T09:53:42.891+0000] {dag.py:3504} INFO - Setting next_dagrun for example_xcom to 2021-01-01T00:00:00+00:00, run_after=2021-01-01T00:00:00+00:00
[2025-08-14T09:53:42.908+0000] {processor.py:179} INFO - Processing /home/vscode/.local/lib/python3.10/site-packages/airflow/example_dags/example_xcom.py took 0.052 seconds
[2025-08-14T09:54:25.221+0000] {processor.py:157} INFO - Started process (PID=10011) to work on /home/vscode/.local/lib/python3.10/site-packages/airflow/example_dags/example_xcom.py
[2025-08-14T09:54:25.222+0000] {processor.py:826} INFO - Processing file /home/vscode/.local/lib/python3.10/site-packages/airflow/example_dags/example_xcom.py for tasks to queue
[2025-08-14T09:54:25.222+0000] {logging_mixin.py:150} INFO - [2025-08-14T09:54:25.222+0000] {dagbag.py:541} INFO - Filling up the DagBag from /home/vscode/.local/lib/python3.10/site-packages/airflow/example_dags/example_xcom.py
[2025-08-14T09:54:25.228+0000] {processor.py:836} INFO - DAG(s) dict_keys(['example_xcom']) retrieved from /home/vscode/.local/lib/python3.10/site-packages/airflow/example_dags/example_xcom.py
[2025-08-14T09:54:25.240+0000] {logging_mixin.py:150} INFO - [2025-08-14T09:54:25.240+0000] {dag.py:2742} INFO - Sync 1 DAGs
[2025-08-14T09:54:25.253+0000] {logging_mixin.py:150} INFO - [2025-08-14T09:54:25.253+0000] {dag.py:3504} INFO - Setting next_dagrun for example_xcom to 2021-01-01T00:00:00+00:00, run_after=2021-01-01T00:00:00+00:00
[2025-08-14T09:54:25.269+0000] {processor.py:179} INFO - Processing /home/vscode/.local/lib/python3.10/site-packages/airflow/example_dags/example_xcom.py took 0.050 seconds
[2025-08-14T09:55:13.090+0000] {processor.py:157} INFO - Started process (PID=10325) to work on /home/vscode/.local/lib/python3.10/site-packages/airflow/example_dags/example_xcom.py
[2025-08-14T09:55:13.091+0000] {processor.py:826} INFO - Processing file /home/vscode/.local/lib/python3.10/site-packages/airflow/example_dags/example_xcom.py for tasks to queue
[2025-08-14T09:55:13.092+0000] {logging_mixin.py:150} INFO - [2025-08-14T09:55:13.091+0000] {dagbag.py:541} INFO - Filling up the DagBag from /home/vscode/.local/lib/python3.10/site-packages/airflow/example_dags/example_xcom.py
[2025-08-14T09:55:13.097+0000] {processor.py:836} INFO - DAG(s) dict_keys(['example_xcom']) retrieved from /home/vscode/.local/lib/python3.10/site-packages/airflow/example_dags/example_xcom.py
[2025-08-14T09:55:13.109+0000] {logging_mixin.py:150} INFO - [2025-08-14T09:55:13.109+0000] {dag.py:2742} INFO - Sync 1 DAGs
[2025-08-14T09:55:13.123+0000] {logging_mixin.py:150} INFO - [2025-08-14T09:55:13.122+0000] {dag.py:3504} INFO - Setting next_dagrun for example_xcom to 2021-01-01T00:00:00+00:00, run_after=2021-01-01T00:00:00+00:00
[2025-08-14T09:55:13.138+0000] {processor.py:179} INFO - Processing /home/vscode/.local/lib/python3.10/site-packages/airflow/example_dags/example_xcom.py took 0.050 seconds
[2025-08-14T09:55:58.309+0000] {processor.py:157} INFO - Started process (PID=10635) to work on /home/vscode/.local/lib/python3.10/site-packages/airflow/example_dags/example_xcom.py
[2025-08-14T09:55:58.310+0000] {processor.py:826} INFO - Processing file /home/vscode/.local/lib/python3.10/site-packages/airflow/example_dags/example_xcom.py for tasks to queue
[2025-08-14T09:55:58.310+0000] {logging_mixin.py:150} INFO - [2025-08-14T09:55:58.310+0000] {dagbag.py:541} INFO - Filling up the DagBag from /home/vscode/.local/lib/python3.10/site-packages/airflow/example_dags/example_xcom.py
[2025-08-14T09:55:58.318+0000] {processor.py:836} INFO - DAG(s) dict_keys(['example_xcom']) retrieved from /home/vscode/.local/lib/python3.10/site-packages/airflow/example_dags/example_xcom.py
[2025-08-14T09:55:58.338+0000] {logging_mixin.py:150} INFO - [2025-08-14T09:55:58.337+0000] {dag.py:2742} INFO - Sync 1 DAGs
[2025-08-14T09:55:58.361+0000] {logging_mixin.py:150} INFO - [2025-08-14T09:55:58.361+0000] {dag.py:3504} INFO - Setting next_dagrun for example_xcom to 2021-01-01T00:00:00+00:00, run_after=2021-01-01T00:00:00+00:00
[2025-08-14T09:55:58.385+0000] {processor.py:179} INFO - Processing /home/vscode/.local/lib/python3.10/site-packages/airflow/example_dags/example_xcom.py took 0.078 seconds
[2025-08-14T09:56:43.716+0000] {processor.py:157} INFO - Started process (PID=10997) to work on /home/vscode/.local/lib/python3.10/site-packages/airflow/example_dags/example_xcom.py
[2025-08-14T09:56:43.716+0000] {processor.py:826} INFO - Processing file /home/vscode/.local/lib/python3.10/site-packages/airflow/example_dags/example_xcom.py for tasks to queue
[2025-08-14T09:56:43.717+0000] {logging_mixin.py:150} INFO - [2025-08-14T09:56:43.716+0000] {dagbag.py:541} INFO - Filling up the DagBag from /home/vscode/.local/lib/python3.10/site-packages/airflow/example_dags/example_xcom.py
[2025-08-14T09:56:43.722+0000] {processor.py:836} INFO - DAG(s) dict_keys(['example_xcom']) retrieved from /home/vscode/.local/lib/python3.10/site-packages/airflow/example_dags/example_xcom.py
[2025-08-14T09:56:43.735+0000] {logging_mixin.py:150} INFO - [2025-08-14T09:56:43.735+0000] {dag.py:2742} INFO - Sync 1 DAGs
[2025-08-14T09:56:43.748+0000] {logging_mixin.py:150} INFO - [2025-08-14T09:56:43.748+0000] {dag.py:3504} INFO - Setting next_dagrun for example_xcom to 2021-01-01T00:00:00+00:00, run_after=2021-01-01T00:00:00+00:00
[2025-08-14T09:56:43.764+0000] {processor.py:179} INFO - Processing /home/vscode/.local/lib/python3.10/site-packages/airflow/example_dags/example_xcom.py took 0.051 seconds
[2025-08-14T09:57:31.830+0000] {processor.py:157} INFO - Started process (PID=11409) to work on /home/vscode/.local/lib/python3.10/site-packages/airflow/example_dags/example_xcom.py
[2025-08-14T09:57:31.830+0000] {processor.py:826} INFO - Processing file /home/vscode/.local/lib/python3.10/site-packages/airflow/example_dags/example_xcom.py for tasks to queue
[2025-08-14T09:57:31.831+0000] {logging_mixin.py:150} INFO - [2025-08-14T09:57:31.831+0000] {dagbag.py:541} INFO - Filling up the DagBag from /home/vscode/.local/lib/python3.10/site-packages/airflow/example_dags/example_xcom.py
[2025-08-14T09:57:31.836+0000] {processor.py:836} INFO - DAG(s) dict_keys(['example_xcom']) retrieved from /home/vscode/.local/lib/python3.10/site-packages/airflow/example_dags/example_xcom.py
[2025-08-14T09:57:31.848+0000] {logging_mixin.py:150} INFO - [2025-08-14T09:57:31.848+0000] {dag.py:2742} INFO - Sync 1 DAGs
[2025-08-14T09:57:31.862+0000] {logging_mixin.py:150} INFO - [2025-08-14T09:57:31.862+0000] {dag.py:3504} INFO - Setting next_dagrun for example_xcom to 2021-01-01T00:00:00+00:00, run_after=2021-01-01T00:00:00+00:00
[2025-08-14T09:57:31.877+0000] {processor.py:179} INFO - Processing /home/vscode/.local/lib/python3.10/site-packages/airflow/example_dags/example_xcom.py took 0.049 seconds
[2025-08-14T09:58:21.411+0000] {processor.py:157} INFO - Started process (PID=11737) to work on /home/vscode/.local/lib/python3.10/site-packages/airflow/example_dags/example_xcom.py
[2025-08-14T09:58:21.411+0000] {processor.py:826} INFO - Processing file /home/vscode/.local/lib/python3.10/site-packages/airflow/example_dags/example_xcom.py for tasks to queue
[2025-08-14T09:58:21.412+0000] {logging_mixin.py:150} INFO - [2025-08-14T09:58:21.412+0000] {dagbag.py:541} INFO - Filling up the DagBag from /home/vscode/.local/lib/python3.10/site-packages/airflow/example_dags/example_xcom.py
[2025-08-14T09:58:21.417+0000] {processor.py:836} INFO - DAG(s) dict_keys(['example_xcom']) retrieved from /home/vscode/.local/lib/python3.10/site-packages/airflow/example_dags/example_xcom.py
[2025-08-14T09:58:21.429+0000] {logging_mixin.py:150} INFO - [2025-08-14T09:58:21.429+0000] {dag.py:2742} INFO - Sync 1 DAGs
[2025-08-14T09:58:21.443+0000] {logging_mixin.py:150} INFO - [2025-08-14T09:58:21.443+0000] {dag.py:3504} INFO - Setting next_dagrun for example_xcom to 2021-01-01T00:00:00+00:00, run_after=2021-01-01T00:00:00+00:00
[2025-08-14T09:58:21.457+0000] {processor.py:179} INFO - Processing /home/vscode/.local/lib/python3.10/site-packages/airflow/example_dags/example_xcom.py took 0.049 seconds
[2025-08-14T10:05:54.533+0000] {processor.py:157} INFO - Started process (PID=15089) to work on /home/vscode/.local/lib/python3.10/site-packages/airflow/example_dags/example_xcom.py
[2025-08-14T10:05:54.534+0000] {processor.py:826} INFO - Processing file /home/vscode/.local/lib/python3.10/site-packages/airflow/example_dags/example_xcom.py for tasks to queue
[2025-08-14T10:05:54.535+0000] {logging_mixin.py:150} INFO - [2025-08-14T10:05:54.534+0000] {dagbag.py:541} INFO - Filling up the DagBag from /home/vscode/.local/lib/python3.10/site-packages/airflow/example_dags/example_xcom.py
[2025-08-14T10:05:54.541+0000] {processor.py:836} INFO - DAG(s) dict_keys(['example_xcom']) retrieved from /home/vscode/.local/lib/python3.10/site-packages/airflow/example_dags/example_xcom.py
[2025-08-14T10:05:54.554+0000] {logging_mixin.py:150} INFO - [2025-08-14T10:05:54.554+0000] {dag.py:2742} INFO - Sync 1 DAGs
[2025-08-14T10:05:54.570+0000] {logging_mixin.py:150} INFO - [2025-08-14T10:05:54.569+0000] {dag.py:3504} INFO - Setting next_dagrun for example_xcom to 2021-01-01T00:00:00+00:00, run_after=2021-01-01T00:00:00+00:00
[2025-08-14T10:05:54.585+0000] {processor.py:179} INFO - Processing /home/vscode/.local/lib/python3.10/site-packages/airflow/example_dags/example_xcom.py took 0.054 seconds
[2025-08-14T10:06:39.785+0000] {processor.py:157} INFO - Started process (PID=15401) to work on /home/vscode/.local/lib/python3.10/site-packages/airflow/example_dags/example_xcom.py
[2025-08-14T10:06:39.786+0000] {processor.py:826} INFO - Processing file /home/vscode/.local/lib/python3.10/site-packages/airflow/example_dags/example_xcom.py for tasks to queue
[2025-08-14T10:06:39.787+0000] {logging_mixin.py:150} INFO - [2025-08-14T10:06:39.786+0000] {dagbag.py:541} INFO - Filling up the DagBag from /home/vscode/.local/lib/python3.10/site-packages/airflow/example_dags/example_xcom.py
[2025-08-14T10:06:39.792+0000] {processor.py:836} INFO - DAG(s) dict_keys(['example_xcom']) retrieved from /home/vscode/.local/lib/python3.10/site-packages/airflow/example_dags/example_xcom.py
[2025-08-14T10:06:39.804+0000] {logging_mixin.py:150} INFO - [2025-08-14T10:06:39.804+0000] {dag.py:2742} INFO - Sync 1 DAGs
[2025-08-14T10:06:39.818+0000] {logging_mixin.py:150} INFO - [2025-08-14T10:06:39.818+0000] {dag.py:3504} INFO - Setting next_dagrun for example_xcom to 2021-01-01T00:00:00+00:00, run_after=2021-01-01T00:00:00+00:00
[2025-08-14T10:06:39.833+0000] {processor.py:179} INFO - Processing /home/vscode/.local/lib/python3.10/site-packages/airflow/example_dags/example_xcom.py took 0.050 seconds
[2025-08-14T10:07:23.593+0000] {processor.py:157} INFO - Started process (PID=15687) to work on /home/vscode/.local/lib/python3.10/site-packages/airflow/example_dags/example_xcom.py
[2025-08-14T10:07:23.593+0000] {processor.py:826} INFO - Processing file /home/vscode/.local/lib/python3.10/site-packages/airflow/example_dags/example_xcom.py for tasks to queue
[2025-08-14T10:07:23.594+0000] {logging_mixin.py:150} INFO - [2025-08-14T10:07:23.594+0000] {dagbag.py:541} INFO - Filling up the DagBag from /home/vscode/.local/lib/python3.10/site-packages/airflow/example_dags/example_xcom.py
[2025-08-14T10:07:23.600+0000] {processor.py:836} INFO - DAG(s) dict_keys(['example_xcom']) retrieved from /home/vscode/.local/lib/python3.10/site-packages/airflow/example_dags/example_xcom.py
[2025-08-14T10:07:23.613+0000] {logging_mixin.py:150} INFO - [2025-08-14T10:07:23.612+0000] {dag.py:2742} INFO - Sync 1 DAGs
[2025-08-14T10:07:23.627+0000] {logging_mixin.py:150} INFO - [2025-08-14T10:07:23.627+0000] {dag.py:3504} INFO - Setting next_dagrun for example_xcom to 2021-01-01T00:00:00+00:00, run_after=2021-01-01T00:00:00+00:00
[2025-08-14T10:07:23.642+0000] {processor.py:179} INFO - Processing /home/vscode/.local/lib/python3.10/site-packages/airflow/example_dags/example_xcom.py took 0.051 seconds
[2025-08-14T10:08:11.374+0000] {processor.py:157} INFO - Started process (PID=16088) to work on /home/vscode/.local/lib/python3.10/site-packages/airflow/example_dags/example_xcom.py
[2025-08-14T10:08:11.374+0000] {processor.py:826} INFO - Processing file /home/vscode/.local/lib/python3.10/site-packages/airflow/example_dags/example_xcom.py for tasks to queue
[2025-08-14T10:08:11.375+0000] {logging_mixin.py:150} INFO - [2025-08-14T10:08:11.375+0000] {dagbag.py:541} INFO - Filling up the DagBag from /home/vscode/.local/lib/python3.10/site-packages/airflow/example_dags/example_xcom.py
[2025-08-14T10:08:11.384+0000] {processor.py:836} INFO - DAG(s) dict_keys(['example_xcom']) retrieved from /home/vscode/.local/lib/python3.10/site-packages/airflow/example_dags/example_xcom.py
[2025-08-14T10:08:11.399+0000] {logging_mixin.py:150} INFO - [2025-08-14T10:08:11.399+0000] {dag.py:2742} INFO - Sync 1 DAGs
[2025-08-14T10:08:11.414+0000] {logging_mixin.py:150} INFO - [2025-08-14T10:08:11.414+0000] {dag.py:3504} INFO - Setting next_dagrun for example_xcom to 2021-01-01T00:00:00+00:00, run_after=2021-01-01T00:00:00+00:00
[2025-08-14T10:08:11.430+0000] {processor.py:179} INFO - Processing /home/vscode/.local/lib/python3.10/site-packages/airflow/example_dags/example_xcom.py took 0.059 seconds
[2025-08-14T10:08:58.682+0000] {processor.py:157} INFO - Started process (PID=16517) to work on /home/vscode/.local/lib/python3.10/site-packages/airflow/example_dags/example_xcom.py
[2025-08-14T10:08:58.682+0000] {processor.py:826} INFO - Processing file /home/vscode/.local/lib/python3.10/site-packages/airflow/example_dags/example_xcom.py for tasks to queue
[2025-08-14T10:08:58.683+0000] {logging_mixin.py:150} INFO - [2025-08-14T10:08:58.683+0000] {dagbag.py:541} INFO - Filling up the DagBag from /home/vscode/.local/lib/python3.10/site-packages/airflow/example_dags/example_xcom.py
[2025-08-14T10:08:58.689+0000] {processor.py:836} INFO - DAG(s) dict_keys(['example_xcom']) retrieved from /home/vscode/.local/lib/python3.10/site-packages/airflow/example_dags/example_xcom.py
[2025-08-14T10:08:58.694+0000] {logging_mixin.py:150} INFO - [2025-08-14T10:08:58.694+0000] {dag.py:2742} INFO - Sync 1 DAGs
[2025-08-14T10:08:58.710+0000] {logging_mixin.py:150} INFO - [2025-08-14T10:08:58.710+0000] {dag.py:3504} INFO - Setting next_dagrun for example_xcom to 2021-01-01T00:00:00+00:00, run_after=2021-01-01T00:00:00+00:00
[2025-08-14T10:08:58.725+0000] {processor.py:179} INFO - Processing /home/vscode/.local/lib/python3.10/site-packages/airflow/example_dags/example_xcom.py took 0.046 seconds
[2025-08-14T10:09:47.665+0000] {processor.py:157} INFO - Started process (PID=16882) to work on /home/vscode/.local/lib/python3.10/site-packages/airflow/example_dags/example_xcom.py
[2025-08-14T10:09:47.666+0000] {processor.py:826} INFO - Processing file /home/vscode/.local/lib/python3.10/site-packages/airflow/example_dags/example_xcom.py for tasks to queue
[2025-08-14T10:09:47.666+0000] {logging_mixin.py:150} INFO - [2025-08-14T10:09:47.666+0000] {dagbag.py:541} INFO - Filling up the DagBag from /home/vscode/.local/lib/python3.10/site-packages/airflow/example_dags/example_xcom.py
[2025-08-14T10:09:47.672+0000] {processor.py:836} INFO - DAG(s) dict_keys(['example_xcom']) retrieved from /home/vscode/.local/lib/python3.10/site-packages/airflow/example_dags/example_xcom.py
[2025-08-14T10:09:47.683+0000] {logging_mixin.py:150} INFO - [2025-08-14T10:09:47.683+0000] {dag.py:2742} INFO - Sync 1 DAGs
[2025-08-14T10:09:47.697+0000] {logging_mixin.py:150} INFO - [2025-08-14T10:09:47.697+0000] {dag.py:3504} INFO - Setting next_dagrun for example_xcom to 2021-01-01T00:00:00+00:00, run_after=2021-01-01T00:00:00+00:00
[2025-08-14T10:09:47.712+0000] {processor.py:179} INFO - Processing /home/vscode/.local/lib/python3.10/site-packages/airflow/example_dags/example_xcom.py took 0.049 seconds
[2025-08-14T10:10:32.062+0000] {processor.py:157} INFO - Started process (PID=17224) to work on /home/vscode/.local/lib/python3.10/site-packages/airflow/example_dags/example_xcom.py
[2025-08-14T10:10:32.063+0000] {processor.py:826} INFO - Processing file /home/vscode/.local/lib/python3.10/site-packages/airflow/example_dags/example_xcom.py for tasks to queue
[2025-08-14T10:10:32.064+0000] {logging_mixin.py:150} INFO - [2025-08-14T10:10:32.063+0000] {dagbag.py:541} INFO - Filling up the DagBag from /home/vscode/.local/lib/python3.10/site-packages/airflow/example_dags/example_xcom.py
[2025-08-14T10:10:32.069+0000] {processor.py:836} INFO - DAG(s) dict_keys(['example_xcom']) retrieved from /home/vscode/.local/lib/python3.10/site-packages/airflow/example_dags/example_xcom.py
[2025-08-14T10:10:32.082+0000] {logging_mixin.py:150} INFO - [2025-08-14T10:10:32.082+0000] {dag.py:2742} INFO - Sync 1 DAGs
[2025-08-14T10:10:32.096+0000] {logging_mixin.py:150} INFO - [2025-08-14T10:10:32.096+0000] {dag.py:3504} INFO - Setting next_dagrun for example_xcom to 2021-01-01T00:00:00+00:00, run_after=2021-01-01T00:00:00+00:00
[2025-08-14T10:10:32.112+0000] {processor.py:179} INFO - Processing /home/vscode/.local/lib/python3.10/site-packages/airflow/example_dags/example_xcom.py took 0.052 seconds
[2025-08-14T10:11:22.252+0000] {processor.py:157} INFO - Started process (PID=17598) to work on /home/vscode/.local/lib/python3.10/site-packages/airflow/example_dags/example_xcom.py
[2025-08-14T10:11:22.253+0000] {processor.py:826} INFO - Processing file /home/vscode/.local/lib/python3.10/site-packages/airflow/example_dags/example_xcom.py for tasks to queue
[2025-08-14T10:11:22.254+0000] {logging_mixin.py:150} INFO - [2025-08-14T10:11:22.253+0000] {dagbag.py:541} INFO - Filling up the DagBag from /home/vscode/.local/lib/python3.10/site-packages/airflow/example_dags/example_xcom.py
[2025-08-14T10:11:22.259+0000] {processor.py:836} INFO - DAG(s) dict_keys(['example_xcom']) retrieved from /home/vscode/.local/lib/python3.10/site-packages/airflow/example_dags/example_xcom.py
[2025-08-14T10:11:22.272+0000] {logging_mixin.py:150} INFO - [2025-08-14T10:11:22.272+0000] {dag.py:2742} INFO - Sync 1 DAGs
[2025-08-14T10:11:22.286+0000] {logging_mixin.py:150} INFO - [2025-08-14T10:11:22.286+0000] {dag.py:3504} INFO - Setting next_dagrun for example_xcom to 2021-01-01T00:00:00+00:00, run_after=2021-01-01T00:00:00+00:00
[2025-08-14T10:11:22.302+0000] {processor.py:179} INFO - Processing /home/vscode/.local/lib/python3.10/site-packages/airflow/example_dags/example_xcom.py took 0.052 seconds
[2025-08-14T10:12:06.096+0000] {processor.py:157} INFO - Started process (PID=17918) to work on /home/vscode/.local/lib/python3.10/site-packages/airflow/example_dags/example_xcom.py
[2025-08-14T10:12:06.097+0000] {processor.py:826} INFO - Processing file /home/vscode/.local/lib/python3.10/site-packages/airflow/example_dags/example_xcom.py for tasks to queue
[2025-08-14T10:12:06.098+0000] {logging_mixin.py:150} INFO - [2025-08-14T10:12:06.097+0000] {dagbag.py:541} INFO - Filling up the DagBag from /home/vscode/.local/lib/python3.10/site-packages/airflow/example_dags/example_xcom.py
[2025-08-14T10:12:06.103+0000] {processor.py:836} INFO - DAG(s) dict_keys(['example_xcom']) retrieved from /home/vscode/.local/lib/python3.10/site-packages/airflow/example_dags/example_xcom.py
[2025-08-14T10:12:06.115+0000] {logging_mixin.py:150} INFO - [2025-08-14T10:12:06.115+0000] {dag.py:2742} INFO - Sync 1 DAGs
[2025-08-14T10:12:06.129+0000] {logging_mixin.py:150} INFO - [2025-08-14T10:12:06.129+0000] {dag.py:3504} INFO - Setting next_dagrun for example_xcom to 2021-01-01T00:00:00+00:00, run_after=2021-01-01T00:00:00+00:00
[2025-08-14T10:12:06.143+0000] {processor.py:179} INFO - Processing /home/vscode/.local/lib/python3.10/site-packages/airflow/example_dags/example_xcom.py took 0.049 seconds
[2025-08-14T10:12:49.667+0000] {processor.py:157} INFO - Started process (PID=18242) to work on /home/vscode/.local/lib/python3.10/site-packages/airflow/example_dags/example_xcom.py
[2025-08-14T10:12:49.667+0000] {processor.py:826} INFO - Processing file /home/vscode/.local/lib/python3.10/site-packages/airflow/example_dags/example_xcom.py for tasks to queue
[2025-08-14T10:12:49.668+0000] {logging_mixin.py:150} INFO - [2025-08-14T10:12:49.668+0000] {dagbag.py:541} INFO - Filling up the DagBag from /home/vscode/.local/lib/python3.10/site-packages/airflow/example_dags/example_xcom.py
[2025-08-14T10:12:49.673+0000] {processor.py:836} INFO - DAG(s) dict_keys(['example_xcom']) retrieved from /home/vscode/.local/lib/python3.10/site-packages/airflow/example_dags/example_xcom.py
[2025-08-14T10:12:49.685+0000] {logging_mixin.py:150} INFO - [2025-08-14T10:12:49.685+0000] {dag.py:2742} INFO - Sync 1 DAGs
[2025-08-14T10:12:49.699+0000] {logging_mixin.py:150} INFO - [2025-08-14T10:12:49.699+0000] {dag.py:3504} INFO - Setting next_dagrun for example_xcom to 2021-01-01T00:00:00+00:00, run_after=2021-01-01T00:00:00+00:00
[2025-08-14T10:12:49.714+0000] {processor.py:179} INFO - Processing /home/vscode/.local/lib/python3.10/site-packages/airflow/example_dags/example_xcom.py took 0.050 seconds
[2025-08-14T10:13:43.044+0000] {processor.py:157} INFO - Started process (PID=18644) to work on /home/vscode/.local/lib/python3.10/site-packages/airflow/example_dags/example_xcom.py
[2025-08-14T10:13:43.045+0000] {processor.py:826} INFO - Processing file /home/vscode/.local/lib/python3.10/site-packages/airflow/example_dags/example_xcom.py for tasks to queue
[2025-08-14T10:13:43.045+0000] {logging_mixin.py:150} INFO - [2025-08-14T10:13:43.045+0000] {dagbag.py:541} INFO - Filling up the DagBag from /home/vscode/.local/lib/python3.10/site-packages/airflow/example_dags/example_xcom.py
[2025-08-14T10:13:43.051+0000] {processor.py:836} INFO - DAG(s) dict_keys(['example_xcom']) retrieved from /home/vscode/.local/lib/python3.10/site-packages/airflow/example_dags/example_xcom.py
[2025-08-14T10:13:43.063+0000] {logging_mixin.py:150} INFO - [2025-08-14T10:13:43.063+0000] {dag.py:2742} INFO - Sync 1 DAGs
[2025-08-14T10:13:43.077+0000] {logging_mixin.py:150} INFO - [2025-08-14T10:13:43.077+0000] {dag.py:3504} INFO - Setting next_dagrun for example_xcom to 2021-01-01T00:00:00+00:00, run_after=2021-01-01T00:00:00+00:00
[2025-08-14T10:13:43.092+0000] {processor.py:179} INFO - Processing /home/vscode/.local/lib/python3.10/site-packages/airflow/example_dags/example_xcom.py took 0.050 seconds
[2025-08-14T10:14:25.871+0000] {processor.py:157} INFO - Started process (PID=18963) to work on /home/vscode/.local/lib/python3.10/site-packages/airflow/example_dags/example_xcom.py
[2025-08-14T10:14:25.872+0000] {processor.py:826} INFO - Processing file /home/vscode/.local/lib/python3.10/site-packages/airflow/example_dags/example_xcom.py for tasks to queue
[2025-08-14T10:14:25.872+0000] {logging_mixin.py:150} INFO - [2025-08-14T10:14:25.872+0000] {dagbag.py:541} INFO - Filling up the DagBag from /home/vscode/.local/lib/python3.10/site-packages/airflow/example_dags/example_xcom.py
[2025-08-14T10:14:25.878+0000] {processor.py:836} INFO - DAG(s) dict_keys(['example_xcom']) retrieved from /home/vscode/.local/lib/python3.10/site-packages/airflow/example_dags/example_xcom.py
[2025-08-14T10:14:25.889+0000] {logging_mixin.py:150} INFO - [2025-08-14T10:14:25.889+0000] {dag.py:2742} INFO - Sync 1 DAGs
[2025-08-14T10:14:25.903+0000] {logging_mixin.py:150} INFO - [2025-08-14T10:14:25.903+0000] {dag.py:3504} INFO - Setting next_dagrun for example_xcom to 2021-01-01T00:00:00+00:00, run_after=2021-01-01T00:00:00+00:00
[2025-08-14T10:14:25.919+0000] {processor.py:179} INFO - Processing /home/vscode/.local/lib/python3.10/site-packages/airflow/example_dags/example_xcom.py took 0.050 seconds
[2025-08-14T10:15:13.231+0000] {processor.py:157} INFO - Started process (PID=19314) to work on /home/vscode/.local/lib/python3.10/site-packages/airflow/example_dags/example_xcom.py
[2025-08-14T10:15:13.231+0000] {processor.py:826} INFO - Processing file /home/vscode/.local/lib/python3.10/site-packages/airflow/example_dags/example_xcom.py for tasks to queue
[2025-08-14T10:15:13.232+0000] {logging_mixin.py:150} INFO - [2025-08-14T10:15:13.231+0000] {dagbag.py:541} INFO - Filling up the DagBag from /home/vscode/.local/lib/python3.10/site-packages/airflow/example_dags/example_xcom.py
[2025-08-14T10:15:13.237+0000] {processor.py:836} INFO - DAG(s) dict_keys(['example_xcom']) retrieved from /home/vscode/.local/lib/python3.10/site-packages/airflow/example_dags/example_xcom.py
[2025-08-14T10:15:13.249+0000] {logging_mixin.py:150} INFO - [2025-08-14T10:15:13.249+0000] {dag.py:2742} INFO - Sync 1 DAGs
[2025-08-14T10:15:13.263+0000] {logging_mixin.py:150} INFO - [2025-08-14T10:15:13.263+0000] {dag.py:3504} INFO - Setting next_dagrun for example_xcom to 2021-01-01T00:00:00+00:00, run_after=2021-01-01T00:00:00+00:00
[2025-08-14T10:15:13.278+0000] {processor.py:179} INFO - Processing /home/vscode/.local/lib/python3.10/site-packages/airflow/example_dags/example_xcom.py took 0.050 seconds
[2025-08-14T10:15:53.238+0000] {processor.py:157} INFO - Started process (PID=19621) to work on /home/vscode/.local/lib/python3.10/site-packages/airflow/example_dags/example_xcom.py
[2025-08-14T10:15:53.239+0000] {processor.py:826} INFO - Processing file /home/vscode/.local/lib/python3.10/site-packages/airflow/example_dags/example_xcom.py for tasks to queue
[2025-08-14T10:15:53.239+0000] {logging_mixin.py:150} INFO - [2025-08-14T10:15:53.239+0000] {dagbag.py:541} INFO - Filling up the DagBag from /home/vscode/.local/lib/python3.10/site-packages/airflow/example_dags/example_xcom.py
[2025-08-14T10:15:53.245+0000] {processor.py:836} INFO - DAG(s) dict_keys(['example_xcom']) retrieved from /home/vscode/.local/lib/python3.10/site-packages/airflow/example_dags/example_xcom.py
[2025-08-14T10:15:53.257+0000] {logging_mixin.py:150} INFO - [2025-08-14T10:15:53.257+0000] {dag.py:2742} INFO - Sync 1 DAGs
[2025-08-14T10:15:53.272+0000] {logging_mixin.py:150} INFO - [2025-08-14T10:15:53.272+0000] {dag.py:3504} INFO - Setting next_dagrun for example_xcom to 2021-01-01T00:00:00+00:00, run_after=2021-01-01T00:00:00+00:00
[2025-08-14T10:15:53.291+0000] {processor.py:179} INFO - Processing /home/vscode/.local/lib/python3.10/site-packages/airflow/example_dags/example_xcom.py took 0.055 seconds
[2025-08-14T10:16:40.876+0000] {processor.py:157} INFO - Started process (PID=19963) to work on /home/vscode/.local/lib/python3.10/site-packages/airflow/example_dags/example_xcom.py
[2025-08-14T10:16:40.877+0000] {processor.py:826} INFO - Processing file /home/vscode/.local/lib/python3.10/site-packages/airflow/example_dags/example_xcom.py for tasks to queue
[2025-08-14T10:16:40.878+0000] {logging_mixin.py:150} INFO - [2025-08-14T10:16:40.878+0000] {dagbag.py:541} INFO - Filling up the DagBag from /home/vscode/.local/lib/python3.10/site-packages/airflow/example_dags/example_xcom.py
[2025-08-14T10:16:40.886+0000] {processor.py:836} INFO - DAG(s) dict_keys(['example_xcom']) retrieved from /home/vscode/.local/lib/python3.10/site-packages/airflow/example_dags/example_xcom.py
[2025-08-14T10:16:40.907+0000] {logging_mixin.py:150} INFO - [2025-08-14T10:16:40.907+0000] {dag.py:2742} INFO - Sync 1 DAGs
[2025-08-14T10:16:40.930+0000] {logging_mixin.py:150} INFO - [2025-08-14T10:16:40.930+0000] {dag.py:3504} INFO - Setting next_dagrun for example_xcom to 2021-01-01T00:00:00+00:00, run_after=2021-01-01T00:00:00+00:00
[2025-08-14T10:16:40.952+0000] {processor.py:179} INFO - Processing /home/vscode/.local/lib/python3.10/site-packages/airflow/example_dags/example_xcom.py took 0.079 seconds
[2025-08-14T10:17:31.544+0000] {processor.py:157} INFO - Started process (PID=20345) to work on /home/vscode/.local/lib/python3.10/site-packages/airflow/example_dags/example_xcom.py
[2025-08-14T10:17:31.545+0000] {processor.py:826} INFO - Processing file /home/vscode/.local/lib/python3.10/site-packages/airflow/example_dags/example_xcom.py for tasks to queue
[2025-08-14T10:17:31.546+0000] {logging_mixin.py:150} INFO - [2025-08-14T10:17:31.546+0000] {dagbag.py:541} INFO - Filling up the DagBag from /home/vscode/.local/lib/python3.10/site-packages/airflow/example_dags/example_xcom.py
[2025-08-14T10:17:31.551+0000] {processor.py:836} INFO - DAG(s) dict_keys(['example_xcom']) retrieved from /home/vscode/.local/lib/python3.10/site-packages/airflow/example_dags/example_xcom.py
[2025-08-14T10:17:31.563+0000] {logging_mixin.py:150} INFO - [2025-08-14T10:17:31.563+0000] {dag.py:2742} INFO - Sync 1 DAGs
[2025-08-14T10:17:31.577+0000] {logging_mixin.py:150} INFO - [2025-08-14T10:17:31.577+0000] {dag.py:3504} INFO - Setting next_dagrun for example_xcom to 2021-01-01T00:00:00+00:00, run_after=2021-01-01T00:00:00+00:00
[2025-08-14T10:17:31.593+0000] {processor.py:179} INFO - Processing /home/vscode/.local/lib/python3.10/site-packages/airflow/example_dags/example_xcom.py took 0.051 seconds
[2025-08-14T10:18:17.180+0000] {processor.py:157} INFO - Started process (PID=20653) to work on /home/vscode/.local/lib/python3.10/site-packages/airflow/example_dags/example_xcom.py
[2025-08-14T10:18:17.180+0000] {processor.py:826} INFO - Processing file /home/vscode/.local/lib/python3.10/site-packages/airflow/example_dags/example_xcom.py for tasks to queue
[2025-08-14T10:18:17.181+0000] {logging_mixin.py:150} INFO - [2025-08-14T10:18:17.181+0000] {dagbag.py:541} INFO - Filling up the DagBag from /home/vscode/.local/lib/python3.10/site-packages/airflow/example_dags/example_xcom.py
[2025-08-14T10:18:17.186+0000] {processor.py:836} INFO - DAG(s) dict_keys(['example_xcom']) retrieved from /home/vscode/.local/lib/python3.10/site-packages/airflow/example_dags/example_xcom.py
[2025-08-14T10:18:17.198+0000] {logging_mixin.py:150} INFO - [2025-08-14T10:18:17.198+0000] {dag.py:2742} INFO - Sync 1 DAGs
[2025-08-14T10:18:17.212+0000] {logging_mixin.py:150} INFO - [2025-08-14T10:18:17.212+0000] {dag.py:3504} INFO - Setting next_dagrun for example_xcom to 2021-01-01T00:00:00+00:00, run_after=2021-01-01T00:00:00+00:00
[2025-08-14T10:18:17.231+0000] {processor.py:179} INFO - Processing /home/vscode/.local/lib/python3.10/site-packages/airflow/example_dags/example_xcom.py took 0.053 seconds
[2025-08-14T10:19:06.287+0000] {processor.py:157} INFO - Started process (PID=20979) to work on /home/vscode/.local/lib/python3.10/site-packages/airflow/example_dags/example_xcom.py
[2025-08-14T10:19:06.287+0000] {processor.py:826} INFO - Processing file /home/vscode/.local/lib/python3.10/site-packages/airflow/example_dags/example_xcom.py for tasks to queue
[2025-08-14T10:19:06.288+0000] {logging_mixin.py:150} INFO - [2025-08-14T10:19:06.288+0000] {dagbag.py:541} INFO - Filling up the DagBag from /home/vscode/.local/lib/python3.10/site-packages/airflow/example_dags/example_xcom.py
[2025-08-14T10:19:06.293+0000] {processor.py:836} INFO - DAG(s) dict_keys(['example_xcom']) retrieved from /home/vscode/.local/lib/python3.10/site-packages/airflow/example_dags/example_xcom.py
[2025-08-14T10:19:06.305+0000] {logging_mixin.py:150} INFO - [2025-08-14T10:19:06.305+0000] {dag.py:2742} INFO - Sync 1 DAGs
[2025-08-14T10:19:06.319+0000] {logging_mixin.py:150} INFO - [2025-08-14T10:19:06.319+0000] {dag.py:3504} INFO - Setting next_dagrun for example_xcom to 2021-01-01T00:00:00+00:00, run_after=2021-01-01T00:00:00+00:00
[2025-08-14T10:19:06.334+0000] {processor.py:179} INFO - Processing /home/vscode/.local/lib/python3.10/site-packages/airflow/example_dags/example_xcom.py took 0.049 seconds
[2025-08-14T10:19:53.062+0000] {processor.py:157} INFO - Started process (PID=21318) to work on /home/vscode/.local/lib/python3.10/site-packages/airflow/example_dags/example_xcom.py
[2025-08-14T10:19:53.062+0000] {processor.py:826} INFO - Processing file /home/vscode/.local/lib/python3.10/site-packages/airflow/example_dags/example_xcom.py for tasks to queue
[2025-08-14T10:19:53.063+0000] {logging_mixin.py:150} INFO - [2025-08-14T10:19:53.063+0000] {dagbag.py:541} INFO - Filling up the DagBag from /home/vscode/.local/lib/python3.10/site-packages/airflow/example_dags/example_xcom.py
[2025-08-14T10:19:53.069+0000] {processor.py:836} INFO - DAG(s) dict_keys(['example_xcom']) retrieved from /home/vscode/.local/lib/python3.10/site-packages/airflow/example_dags/example_xcom.py
[2025-08-14T10:19:53.081+0000] {logging_mixin.py:150} INFO - [2025-08-14T10:19:53.081+0000] {dag.py:2742} INFO - Sync 1 DAGs
[2025-08-14T10:19:53.096+0000] {logging_mixin.py:150} INFO - [2025-08-14T10:19:53.095+0000] {dag.py:3504} INFO - Setting next_dagrun for example_xcom to 2021-01-01T00:00:00+00:00, run_after=2021-01-01T00:00:00+00:00
[2025-08-14T10:19:53.111+0000] {processor.py:179} INFO - Processing /home/vscode/.local/lib/python3.10/site-packages/airflow/example_dags/example_xcom.py took 0.052 seconds
[2025-08-14T10:20:39.425+0000] {processor.py:157} INFO - Started process (PID=21660) to work on /home/vscode/.local/lib/python3.10/site-packages/airflow/example_dags/example_xcom.py
[2025-08-14T10:20:39.426+0000] {processor.py:826} INFO - Processing file /home/vscode/.local/lib/python3.10/site-packages/airflow/example_dags/example_xcom.py for tasks to queue
[2025-08-14T10:20:39.427+0000] {logging_mixin.py:150} INFO - [2025-08-14T10:20:39.426+0000] {dagbag.py:541} INFO - Filling up the DagBag from /home/vscode/.local/lib/python3.10/site-packages/airflow/example_dags/example_xcom.py
[2025-08-14T10:20:39.432+0000] {processor.py:836} INFO - DAG(s) dict_keys(['example_xcom']) retrieved from /home/vscode/.local/lib/python3.10/site-packages/airflow/example_dags/example_xcom.py
[2025-08-14T10:20:39.445+0000] {logging_mixin.py:150} INFO - [2025-08-14T10:20:39.445+0000] {dag.py:2742} INFO - Sync 1 DAGs
[2025-08-14T10:20:39.459+0000] {logging_mixin.py:150} INFO - [2025-08-14T10:20:39.459+0000] {dag.py:3504} INFO - Setting next_dagrun for example_xcom to 2021-01-01T00:00:00+00:00, run_after=2021-01-01T00:00:00+00:00
[2025-08-14T10:20:39.474+0000] {processor.py:179} INFO - Processing /home/vscode/.local/lib/python3.10/site-packages/airflow/example_dags/example_xcom.py took 0.051 seconds
[2025-08-14T10:21:27.423+0000] {processor.py:157} INFO - Started process (PID=21979) to work on /home/vscode/.local/lib/python3.10/site-packages/airflow/example_dags/example_xcom.py
[2025-08-14T10:21:27.424+0000] {processor.py:826} INFO - Processing file /home/vscode/.local/lib/python3.10/site-packages/airflow/example_dags/example_xcom.py for tasks to queue
[2025-08-14T10:21:27.424+0000] {logging_mixin.py:150} INFO - [2025-08-14T10:21:27.424+0000] {dagbag.py:541} INFO - Filling up the DagBag from /home/vscode/.local/lib/python3.10/site-packages/airflow/example_dags/example_xcom.py
[2025-08-14T10:21:27.430+0000] {processor.py:836} INFO - DAG(s) dict_keys(['example_xcom']) retrieved from /home/vscode/.local/lib/python3.10/site-packages/airflow/example_dags/example_xcom.py
[2025-08-14T10:21:27.443+0000] {logging_mixin.py:150} INFO - [2025-08-14T10:21:27.442+0000] {dag.py:2742} INFO - Sync 1 DAGs
[2025-08-14T10:21:27.457+0000] {logging_mixin.py:150} INFO - [2025-08-14T10:21:27.456+0000] {dag.py:3504} INFO - Setting next_dagrun for example_xcom to 2021-01-01T00:00:00+00:00, run_after=2021-01-01T00:00:00+00:00
[2025-08-14T10:21:27.472+0000] {processor.py:179} INFO - Processing /home/vscode/.local/lib/python3.10/site-packages/airflow/example_dags/example_xcom.py took 0.051 seconds
[2025-08-14T10:22:12.538+0000] {processor.py:157} INFO - Started process (PID=22282) to work on /home/vscode/.local/lib/python3.10/site-packages/airflow/example_dags/example_xcom.py
[2025-08-14T10:22:12.538+0000] {processor.py:826} INFO - Processing file /home/vscode/.local/lib/python3.10/site-packages/airflow/example_dags/example_xcom.py for tasks to queue
[2025-08-14T10:22:12.539+0000] {logging_mixin.py:150} INFO - [2025-08-14T10:22:12.539+0000] {dagbag.py:541} INFO - Filling up the DagBag from /home/vscode/.local/lib/python3.10/site-packages/airflow/example_dags/example_xcom.py
[2025-08-14T10:22:12.544+0000] {processor.py:836} INFO - DAG(s) dict_keys(['example_xcom']) retrieved from /home/vscode/.local/lib/python3.10/site-packages/airflow/example_dags/example_xcom.py
[2025-08-14T10:22:12.557+0000] {logging_mixin.py:150} INFO - [2025-08-14T10:22:12.557+0000] {dag.py:2742} INFO - Sync 1 DAGs
[2025-08-14T10:22:12.571+0000] {logging_mixin.py:150} INFO - [2025-08-14T10:22:12.570+0000] {dag.py:3504} INFO - Setting next_dagrun for example_xcom to 2021-01-01T00:00:00+00:00, run_after=2021-01-01T00:00:00+00:00
[2025-08-14T10:22:12.586+0000] {processor.py:179} INFO - Processing /home/vscode/.local/lib/python3.10/site-packages/airflow/example_dags/example_xcom.py took 0.050 seconds
[2025-08-14T10:23:00.003+0000] {processor.py:157} INFO - Started process (PID=22595) to work on /home/vscode/.local/lib/python3.10/site-packages/airflow/example_dags/example_xcom.py
[2025-08-14T10:23:00.003+0000] {processor.py:826} INFO - Processing file /home/vscode/.local/lib/python3.10/site-packages/airflow/example_dags/example_xcom.py for tasks to queue
[2025-08-14T10:23:00.004+0000] {logging_mixin.py:150} INFO - [2025-08-14T10:23:00.004+0000] {dagbag.py:541} INFO - Filling up the DagBag from /home/vscode/.local/lib/python3.10/site-packages/airflow/example_dags/example_xcom.py
[2025-08-14T10:23:00.009+0000] {processor.py:836} INFO - DAG(s) dict_keys(['example_xcom']) retrieved from /home/vscode/.local/lib/python3.10/site-packages/airflow/example_dags/example_xcom.py
[2025-08-14T10:23:00.022+0000] {logging_mixin.py:150} INFO - [2025-08-14T10:23:00.022+0000] {dag.py:2742} INFO - Sync 1 DAGs
[2025-08-14T10:23:00.037+0000] {logging_mixin.py:150} INFO - [2025-08-14T10:23:00.037+0000] {dag.py:3504} INFO - Setting next_dagrun for example_xcom to 2021-01-01T00:00:00+00:00, run_after=2021-01-01T00:00:00+00:00
[2025-08-14T10:23:00.053+0000] {processor.py:179} INFO - Processing /home/vscode/.local/lib/python3.10/site-packages/airflow/example_dags/example_xcom.py took 0.053 seconds
[2025-08-14T10:23:44.356+0000] {processor.py:157} INFO - Started process (PID=22899) to work on /home/vscode/.local/lib/python3.10/site-packages/airflow/example_dags/example_xcom.py
[2025-08-14T10:23:44.357+0000] {processor.py:826} INFO - Processing file /home/vscode/.local/lib/python3.10/site-packages/airflow/example_dags/example_xcom.py for tasks to queue
[2025-08-14T10:23:44.357+0000] {logging_mixin.py:150} INFO - [2025-08-14T10:23:44.357+0000] {dagbag.py:541} INFO - Filling up the DagBag from /home/vscode/.local/lib/python3.10/site-packages/airflow/example_dags/example_xcom.py
[2025-08-14T10:23:44.363+0000] {processor.py:836} INFO - DAG(s) dict_keys(['example_xcom']) retrieved from /home/vscode/.local/lib/python3.10/site-packages/airflow/example_dags/example_xcom.py
[2025-08-14T10:23:44.381+0000] {logging_mixin.py:150} INFO - [2025-08-14T10:23:44.380+0000] {dag.py:2742} INFO - Sync 1 DAGs
[2025-08-14T10:23:44.402+0000] {logging_mixin.py:150} INFO - [2025-08-14T10:23:44.402+0000] {dag.py:3504} INFO - Setting next_dagrun for example_xcom to 2021-01-01T00:00:00+00:00, run_after=2021-01-01T00:00:00+00:00
[2025-08-14T10:23:44.428+0000] {processor.py:179} INFO - Processing /home/vscode/.local/lib/python3.10/site-packages/airflow/example_dags/example_xcom.py took 0.075 seconds
[2025-08-14T10:24:31.205+0000] {processor.py:157} INFO - Started process (PID=23231) to work on /home/vscode/.local/lib/python3.10/site-packages/airflow/example_dags/example_xcom.py
[2025-08-14T10:24:31.206+0000] {processor.py:826} INFO - Processing file /home/vscode/.local/lib/python3.10/site-packages/airflow/example_dags/example_xcom.py for tasks to queue
[2025-08-14T10:24:31.206+0000] {logging_mixin.py:150} INFO - [2025-08-14T10:24:31.206+0000] {dagbag.py:541} INFO - Filling up the DagBag from /home/vscode/.local/lib/python3.10/site-packages/airflow/example_dags/example_xcom.py
[2025-08-14T10:24:31.212+0000] {processor.py:836} INFO - DAG(s) dict_keys(['example_xcom']) retrieved from /home/vscode/.local/lib/python3.10/site-packages/airflow/example_dags/example_xcom.py
[2025-08-14T10:24:31.225+0000] {logging_mixin.py:150} INFO - [2025-08-14T10:24:31.225+0000] {dag.py:2742} INFO - Sync 1 DAGs
[2025-08-14T10:24:31.239+0000] {logging_mixin.py:150} INFO - [2025-08-14T10:24:31.239+0000] {dag.py:3504} INFO - Setting next_dagrun for example_xcom to 2021-01-01T00:00:00+00:00, run_after=2021-01-01T00:00:00+00:00
[2025-08-14T10:24:31.255+0000] {processor.py:179} INFO - Processing /home/vscode/.local/lib/python3.10/site-packages/airflow/example_dags/example_xcom.py took 0.052 seconds
[2025-08-14T10:25:17.016+0000] {processor.py:157} INFO - Started process (PID=23549) to work on /home/vscode/.local/lib/python3.10/site-packages/airflow/example_dags/example_xcom.py
[2025-08-14T10:25:17.016+0000] {processor.py:826} INFO - Processing file /home/vscode/.local/lib/python3.10/site-packages/airflow/example_dags/example_xcom.py for tasks to queue
[2025-08-14T10:25:17.017+0000] {logging_mixin.py:150} INFO - [2025-08-14T10:25:17.017+0000] {dagbag.py:541} INFO - Filling up the DagBag from /home/vscode/.local/lib/python3.10/site-packages/airflow/example_dags/example_xcom.py
[2025-08-14T10:25:17.022+0000] {processor.py:836} INFO - DAG(s) dict_keys(['example_xcom']) retrieved from /home/vscode/.local/lib/python3.10/site-packages/airflow/example_dags/example_xcom.py
[2025-08-14T10:25:17.036+0000] {logging_mixin.py:150} INFO - [2025-08-14T10:25:17.036+0000] {dag.py:2742} INFO - Sync 1 DAGs
[2025-08-14T10:25:17.051+0000] {logging_mixin.py:150} INFO - [2025-08-14T10:25:17.051+0000] {dag.py:3504} INFO - Setting next_dagrun for example_xcom to 2021-01-01T00:00:00+00:00, run_after=2021-01-01T00:00:00+00:00
[2025-08-14T10:25:17.069+0000] {processor.py:179} INFO - Processing /home/vscode/.local/lib/python3.10/site-packages/airflow/example_dags/example_xcom.py took 0.055 seconds
[2025-08-14T10:26:00.846+0000] {processor.py:157} INFO - Started process (PID=23841) to work on /home/vscode/.local/lib/python3.10/site-packages/airflow/example_dags/example_xcom.py
[2025-08-14T10:26:00.847+0000] {processor.py:826} INFO - Processing file /home/vscode/.local/lib/python3.10/site-packages/airflow/example_dags/example_xcom.py for tasks to queue
[2025-08-14T10:26:00.847+0000] {logging_mixin.py:150} INFO - [2025-08-14T10:26:00.847+0000] {dagbag.py:541} INFO - Filling up the DagBag from /home/vscode/.local/lib/python3.10/site-packages/airflow/example_dags/example_xcom.py
[2025-08-14T10:26:00.853+0000] {processor.py:836} INFO - DAG(s) dict_keys(['example_xcom']) retrieved from /home/vscode/.local/lib/python3.10/site-packages/airflow/example_dags/example_xcom.py
[2025-08-14T10:26:00.864+0000] {logging_mixin.py:150} INFO - [2025-08-14T10:26:00.864+0000] {dag.py:2742} INFO - Sync 1 DAGs
[2025-08-14T10:26:00.878+0000] {logging_mixin.py:150} INFO - [2025-08-14T10:26:00.878+0000] {dag.py:3504} INFO - Setting next_dagrun for example_xcom to 2021-01-01T00:00:00+00:00, run_after=2021-01-01T00:00:00+00:00
[2025-08-14T10:26:00.893+0000] {processor.py:179} INFO - Processing /home/vscode/.local/lib/python3.10/site-packages/airflow/example_dags/example_xcom.py took 0.049 seconds
[2025-08-14T10:26:45.887+0000] {processor.py:157} INFO - Started process (PID=24136) to work on /home/vscode/.local/lib/python3.10/site-packages/airflow/example_dags/example_xcom.py
[2025-08-14T10:26:45.888+0000] {processor.py:826} INFO - Processing file /home/vscode/.local/lib/python3.10/site-packages/airflow/example_dags/example_xcom.py for tasks to queue
[2025-08-14T10:26:45.889+0000] {logging_mixin.py:150} INFO - [2025-08-14T10:26:45.888+0000] {dagbag.py:541} INFO - Filling up the DagBag from /home/vscode/.local/lib/python3.10/site-packages/airflow/example_dags/example_xcom.py
[2025-08-14T10:26:45.894+0000] {processor.py:836} INFO - DAG(s) dict_keys(['example_xcom']) retrieved from /home/vscode/.local/lib/python3.10/site-packages/airflow/example_dags/example_xcom.py
[2025-08-14T10:26:45.906+0000] {logging_mixin.py:150} INFO - [2025-08-14T10:26:45.906+0000] {dag.py:2742} INFO - Sync 1 DAGs
[2025-08-14T10:26:45.920+0000] {logging_mixin.py:150} INFO - [2025-08-14T10:26:45.920+0000] {dag.py:3504} INFO - Setting next_dagrun for example_xcom to 2021-01-01T00:00:00+00:00, run_after=2021-01-01T00:00:00+00:00
[2025-08-14T10:26:45.935+0000] {processor.py:179} INFO - Processing /home/vscode/.local/lib/python3.10/site-packages/airflow/example_dags/example_xcom.py took 0.049 seconds
[2025-08-14T10:27:36.214+0000] {processor.py:157} INFO - Started process (PID=24470) to work on /home/vscode/.local/lib/python3.10/site-packages/airflow/example_dags/example_xcom.py
[2025-08-14T10:27:36.214+0000] {processor.py:826} INFO - Processing file /home/vscode/.local/lib/python3.10/site-packages/airflow/example_dags/example_xcom.py for tasks to queue
[2025-08-14T10:27:36.215+0000] {logging_mixin.py:150} INFO - [2025-08-14T10:27:36.215+0000] {dagbag.py:541} INFO - Filling up the DagBag from /home/vscode/.local/lib/python3.10/site-packages/airflow/example_dags/example_xcom.py
[2025-08-14T10:27:36.221+0000] {processor.py:836} INFO - DAG(s) dict_keys(['example_xcom']) retrieved from /home/vscode/.local/lib/python3.10/site-packages/airflow/example_dags/example_xcom.py
[2025-08-14T10:27:36.234+0000] {logging_mixin.py:150} INFO - [2025-08-14T10:27:36.234+0000] {dag.py:2742} INFO - Sync 1 DAGs
[2025-08-14T10:27:36.249+0000] {logging_mixin.py:150} INFO - [2025-08-14T10:27:36.249+0000] {dag.py:3504} INFO - Setting next_dagrun for example_xcom to 2021-01-01T00:00:00+00:00, run_after=2021-01-01T00:00:00+00:00
[2025-08-14T10:27:36.265+0000] {processor.py:179} INFO - Processing /home/vscode/.local/lib/python3.10/site-packages/airflow/example_dags/example_xcom.py took 0.053 seconds
[2025-08-14T10:28:21.584+0000] {processor.py:157} INFO - Started process (PID=24778) to work on /home/vscode/.local/lib/python3.10/site-packages/airflow/example_dags/example_xcom.py
[2025-08-14T10:28:21.585+0000] {processor.py:826} INFO - Processing file /home/vscode/.local/lib/python3.10/site-packages/airflow/example_dags/example_xcom.py for tasks to queue
[2025-08-14T10:28:21.586+0000] {logging_mixin.py:150} INFO - [2025-08-14T10:28:21.586+0000] {dagbag.py:541} INFO - Filling up the DagBag from /home/vscode/.local/lib/python3.10/site-packages/airflow/example_dags/example_xcom.py
[2025-08-14T10:28:21.591+0000] {processor.py:836} INFO - DAG(s) dict_keys(['example_xcom']) retrieved from /home/vscode/.local/lib/python3.10/site-packages/airflow/example_dags/example_xcom.py
[2025-08-14T10:28:21.603+0000] {logging_mixin.py:150} INFO - [2025-08-14T10:28:21.603+0000] {dag.py:2742} INFO - Sync 1 DAGs
[2025-08-14T10:28:21.617+0000] {logging_mixin.py:150} INFO - [2025-08-14T10:28:21.617+0000] {dag.py:3504} INFO - Setting next_dagrun for example_xcom to 2021-01-01T00:00:00+00:00, run_after=2021-01-01T00:00:00+00:00
[2025-08-14T10:28:21.633+0000] {processor.py:179} INFO - Processing /home/vscode/.local/lib/python3.10/site-packages/airflow/example_dags/example_xcom.py took 0.051 seconds
[2025-08-14T10:29:08.794+0000] {processor.py:157} INFO - Started process (PID=25090) to work on /home/vscode/.local/lib/python3.10/site-packages/airflow/example_dags/example_xcom.py
[2025-08-14T10:29:08.795+0000] {processor.py:826} INFO - Processing file /home/vscode/.local/lib/python3.10/site-packages/airflow/example_dags/example_xcom.py for tasks to queue
[2025-08-14T10:29:08.795+0000] {logging_mixin.py:150} INFO - [2025-08-14T10:29:08.795+0000] {dagbag.py:541} INFO - Filling up the DagBag from /home/vscode/.local/lib/python3.10/site-packages/airflow/example_dags/example_xcom.py
[2025-08-14T10:29:08.801+0000] {processor.py:836} INFO - DAG(s) dict_keys(['example_xcom']) retrieved from /home/vscode/.local/lib/python3.10/site-packages/airflow/example_dags/example_xcom.py
[2025-08-14T10:29:08.813+0000] {logging_mixin.py:150} INFO - [2025-08-14T10:29:08.813+0000] {dag.py:2742} INFO - Sync 1 DAGs
[2025-08-14T10:29:08.827+0000] {logging_mixin.py:150} INFO - [2025-08-14T10:29:08.827+0000] {dag.py:3504} INFO - Setting next_dagrun for example_xcom to 2021-01-01T00:00:00+00:00, run_after=2021-01-01T00:00:00+00:00
[2025-08-14T10:29:08.841+0000] {processor.py:179} INFO - Processing /home/vscode/.local/lib/python3.10/site-packages/airflow/example_dags/example_xcom.py took 0.050 seconds
[2025-08-14T10:29:53.320+0000] {processor.py:157} INFO - Started process (PID=25392) to work on /home/vscode/.local/lib/python3.10/site-packages/airflow/example_dags/example_xcom.py
[2025-08-14T10:29:53.321+0000] {processor.py:826} INFO - Processing file /home/vscode/.local/lib/python3.10/site-packages/airflow/example_dags/example_xcom.py for tasks to queue
[2025-08-14T10:29:53.321+0000] {logging_mixin.py:150} INFO - [2025-08-14T10:29:53.321+0000] {dagbag.py:541} INFO - Filling up the DagBag from /home/vscode/.local/lib/python3.10/site-packages/airflow/example_dags/example_xcom.py
[2025-08-14T10:29:53.327+0000] {processor.py:836} INFO - DAG(s) dict_keys(['example_xcom']) retrieved from /home/vscode/.local/lib/python3.10/site-packages/airflow/example_dags/example_xcom.py
[2025-08-14T10:29:53.339+0000] {logging_mixin.py:150} INFO - [2025-08-14T10:29:53.339+0000] {dag.py:2742} INFO - Sync 1 DAGs
[2025-08-14T10:29:53.358+0000] {logging_mixin.py:150} INFO - [2025-08-14T10:29:53.357+0000] {dag.py:3504} INFO - Setting next_dagrun for example_xcom to 2021-01-01T00:00:00+00:00, run_after=2021-01-01T00:00:00+00:00
[2025-08-14T10:29:53.386+0000] {processor.py:179} INFO - Processing /home/vscode/.local/lib/python3.10/site-packages/airflow/example_dags/example_xcom.py took 0.068 seconds
[2025-08-14T10:30:42.763+0000] {processor.py:157} INFO - Started process (PID=25719) to work on /home/vscode/.local/lib/python3.10/site-packages/airflow/example_dags/example_xcom.py
[2025-08-14T10:30:42.763+0000] {processor.py:826} INFO - Processing file /home/vscode/.local/lib/python3.10/site-packages/airflow/example_dags/example_xcom.py for tasks to queue
[2025-08-14T10:30:42.764+0000] {logging_mixin.py:150} INFO - [2025-08-14T10:30:42.764+0000] {dagbag.py:541} INFO - Filling up the DagBag from /home/vscode/.local/lib/python3.10/site-packages/airflow/example_dags/example_xcom.py
[2025-08-14T10:30:42.769+0000] {processor.py:836} INFO - DAG(s) dict_keys(['example_xcom']) retrieved from /home/vscode/.local/lib/python3.10/site-packages/airflow/example_dags/example_xcom.py
[2025-08-14T10:30:42.782+0000] {logging_mixin.py:150} INFO - [2025-08-14T10:30:42.781+0000] {dag.py:2742} INFO - Sync 1 DAGs
[2025-08-14T10:30:42.796+0000] {logging_mixin.py:150} INFO - [2025-08-14T10:30:42.796+0000] {dag.py:3504} INFO - Setting next_dagrun for example_xcom to 2021-01-01T00:00:00+00:00, run_after=2021-01-01T00:00:00+00:00
[2025-08-14T10:30:42.811+0000] {processor.py:179} INFO - Processing /home/vscode/.local/lib/python3.10/site-packages/airflow/example_dags/example_xcom.py took 0.051 seconds
[2025-08-14T10:31:26.588+0000] {processor.py:157} INFO - Started process (PID=26010) to work on /home/vscode/.local/lib/python3.10/site-packages/airflow/example_dags/example_xcom.py
[2025-08-14T10:31:26.589+0000] {processor.py:826} INFO - Processing file /home/vscode/.local/lib/python3.10/site-packages/airflow/example_dags/example_xcom.py for tasks to queue
[2025-08-14T10:31:26.589+0000] {logging_mixin.py:150} INFO - [2025-08-14T10:31:26.589+0000] {dagbag.py:541} INFO - Filling up the DagBag from /home/vscode/.local/lib/python3.10/site-packages/airflow/example_dags/example_xcom.py
[2025-08-14T10:31:26.595+0000] {processor.py:836} INFO - DAG(s) dict_keys(['example_xcom']) retrieved from /home/vscode/.local/lib/python3.10/site-packages/airflow/example_dags/example_xcom.py
[2025-08-14T10:31:26.606+0000] {logging_mixin.py:150} INFO - [2025-08-14T10:31:26.606+0000] {dag.py:2742} INFO - Sync 1 DAGs
[2025-08-14T10:31:26.620+0000] {logging_mixin.py:150} INFO - [2025-08-14T10:31:26.620+0000] {dag.py:3504} INFO - Setting next_dagrun for example_xcom to 2021-01-01T00:00:00+00:00, run_after=2021-01-01T00:00:00+00:00
[2025-08-14T10:31:26.634+0000] {processor.py:179} INFO - Processing /home/vscode/.local/lib/python3.10/site-packages/airflow/example_dags/example_xcom.py took 0.048 seconds
[2025-08-14T10:32:10.918+0000] {processor.py:157} INFO - Started process (PID=26311) to work on /home/vscode/.local/lib/python3.10/site-packages/airflow/example_dags/example_xcom.py
[2025-08-14T10:32:10.918+0000] {processor.py:826} INFO - Processing file /home/vscode/.local/lib/python3.10/site-packages/airflow/example_dags/example_xcom.py for tasks to queue
[2025-08-14T10:32:10.919+0000] {logging_mixin.py:150} INFO - [2025-08-14T10:32:10.919+0000] {dagbag.py:541} INFO - Filling up the DagBag from /home/vscode/.local/lib/python3.10/site-packages/airflow/example_dags/example_xcom.py
[2025-08-14T10:32:10.925+0000] {processor.py:836} INFO - DAG(s) dict_keys(['example_xcom']) retrieved from /home/vscode/.local/lib/python3.10/site-packages/airflow/example_dags/example_xcom.py
[2025-08-14T10:32:10.940+0000] {logging_mixin.py:150} INFO - [2025-08-14T10:32:10.940+0000] {dag.py:2742} INFO - Sync 1 DAGs
[2025-08-14T10:32:10.959+0000] {logging_mixin.py:150} INFO - [2025-08-14T10:32:10.959+0000] {dag.py:3504} INFO - Setting next_dagrun for example_xcom to 2021-01-01T00:00:00+00:00, run_after=2021-01-01T00:00:00+00:00
[2025-08-14T10:32:10.979+0000] {processor.py:179} INFO - Processing /home/vscode/.local/lib/python3.10/site-packages/airflow/example_dags/example_xcom.py took 0.063 seconds
[2025-08-14T10:32:53.064+0000] {processor.py:157} INFO - Started process (PID=26591) to work on /home/vscode/.local/lib/python3.10/site-packages/airflow/example_dags/example_xcom.py
[2025-08-14T10:32:53.065+0000] {processor.py:826} INFO - Processing file /home/vscode/.local/lib/python3.10/site-packages/airflow/example_dags/example_xcom.py for tasks to queue
[2025-08-14T10:32:53.065+0000] {logging_mixin.py:150} INFO - [2025-08-14T10:32:53.065+0000] {dagbag.py:541} INFO - Filling up the DagBag from /home/vscode/.local/lib/python3.10/site-packages/airflow/example_dags/example_xcom.py
[2025-08-14T10:32:53.071+0000] {processor.py:836} INFO - DAG(s) dict_keys(['example_xcom']) retrieved from /home/vscode/.local/lib/python3.10/site-packages/airflow/example_dags/example_xcom.py
[2025-08-14T10:32:53.084+0000] {logging_mixin.py:150} INFO - [2025-08-14T10:32:53.084+0000] {dag.py:2742} INFO - Sync 1 DAGs
[2025-08-14T10:32:53.099+0000] {logging_mixin.py:150} INFO - [2025-08-14T10:32:53.099+0000] {dag.py:3504} INFO - Setting next_dagrun for example_xcom to 2021-01-01T00:00:00+00:00, run_after=2021-01-01T00:00:00+00:00
[2025-08-14T10:32:53.117+0000] {processor.py:179} INFO - Processing /home/vscode/.local/lib/python3.10/site-packages/airflow/example_dags/example_xcom.py took 0.055 seconds
[2025-08-14T10:33:39.468+0000] {processor.py:157} INFO - Started process (PID=27018) to work on /home/vscode/.local/lib/python3.10/site-packages/airflow/example_dags/example_xcom.py
[2025-08-14T10:33:39.469+0000] {processor.py:826} INFO - Processing file /home/vscode/.local/lib/python3.10/site-packages/airflow/example_dags/example_xcom.py for tasks to queue
[2025-08-14T10:33:39.469+0000] {logging_mixin.py:150} INFO - [2025-08-14T10:33:39.469+0000] {dagbag.py:541} INFO - Filling up the DagBag from /home/vscode/.local/lib/python3.10/site-packages/airflow/example_dags/example_xcom.py
[2025-08-14T10:33:39.475+0000] {processor.py:836} INFO - DAG(s) dict_keys(['example_xcom']) retrieved from /home/vscode/.local/lib/python3.10/site-packages/airflow/example_dags/example_xcom.py
[2025-08-14T10:33:39.487+0000] {logging_mixin.py:150} INFO - [2025-08-14T10:33:39.487+0000] {dag.py:2742} INFO - Sync 1 DAGs
[2025-08-14T10:33:39.501+0000] {logging_mixin.py:150} INFO - [2025-08-14T10:33:39.501+0000] {dag.py:3504} INFO - Setting next_dagrun for example_xcom to 2021-01-01T00:00:00+00:00, run_after=2021-01-01T00:00:00+00:00
[2025-08-14T10:33:39.516+0000] {processor.py:179} INFO - Processing /home/vscode/.local/lib/python3.10/site-packages/airflow/example_dags/example_xcom.py took 0.050 seconds
[2025-08-14T10:34:23.142+0000] {processor.py:157} INFO - Started process (PID=27311) to work on /home/vscode/.local/lib/python3.10/site-packages/airflow/example_dags/example_xcom.py
[2025-08-14T10:34:23.143+0000] {processor.py:826} INFO - Processing file /home/vscode/.local/lib/python3.10/site-packages/airflow/example_dags/example_xcom.py for tasks to queue
[2025-08-14T10:34:23.144+0000] {logging_mixin.py:150} INFO - [2025-08-14T10:34:23.144+0000] {dagbag.py:541} INFO - Filling up the DagBag from /home/vscode/.local/lib/python3.10/site-packages/airflow/example_dags/example_xcom.py
[2025-08-14T10:34:23.150+0000] {processor.py:836} INFO - DAG(s) dict_keys(['example_xcom']) retrieved from /home/vscode/.local/lib/python3.10/site-packages/airflow/example_dags/example_xcom.py
[2025-08-14T10:34:23.163+0000] {logging_mixin.py:150} INFO - [2025-08-14T10:34:23.163+0000] {dag.py:2742} INFO - Sync 1 DAGs
[2025-08-14T10:34:23.178+0000] {logging_mixin.py:150} INFO - [2025-08-14T10:34:23.178+0000] {dag.py:3504} INFO - Setting next_dagrun for example_xcom to 2021-01-01T00:00:00+00:00, run_after=2021-01-01T00:00:00+00:00
[2025-08-14T10:34:23.193+0000] {processor.py:179} INFO - Processing /home/vscode/.local/lib/python3.10/site-packages/airflow/example_dags/example_xcom.py took 0.054 seconds
[2025-08-14T10:35:09.734+0000] {processor.py:157} INFO - Started process (PID=27622) to work on /home/vscode/.local/lib/python3.10/site-packages/airflow/example_dags/example_xcom.py
[2025-08-14T10:35:09.735+0000] {processor.py:826} INFO - Processing file /home/vscode/.local/lib/python3.10/site-packages/airflow/example_dags/example_xcom.py for tasks to queue
[2025-08-14T10:35:09.736+0000] {logging_mixin.py:150} INFO - [2025-08-14T10:35:09.735+0000] {dagbag.py:541} INFO - Filling up the DagBag from /home/vscode/.local/lib/python3.10/site-packages/airflow/example_dags/example_xcom.py
[2025-08-14T10:35:09.741+0000] {processor.py:836} INFO - DAG(s) dict_keys(['example_xcom']) retrieved from /home/vscode/.local/lib/python3.10/site-packages/airflow/example_dags/example_xcom.py
[2025-08-14T10:35:09.754+0000] {logging_mixin.py:150} INFO - [2025-08-14T10:35:09.754+0000] {dag.py:2742} INFO - Sync 1 DAGs
[2025-08-14T10:35:09.768+0000] {logging_mixin.py:150} INFO - [2025-08-14T10:35:09.768+0000] {dag.py:3504} INFO - Setting next_dagrun for example_xcom to 2021-01-01T00:00:00+00:00, run_after=2021-01-01T00:00:00+00:00
[2025-08-14T10:35:09.783+0000] {processor.py:179} INFO - Processing /home/vscode/.local/lib/python3.10/site-packages/airflow/example_dags/example_xcom.py took 0.051 seconds
[2025-08-14T10:35:54.076+0000] {processor.py:157} INFO - Started process (PID=27922) to work on /home/vscode/.local/lib/python3.10/site-packages/airflow/example_dags/example_xcom.py
[2025-08-14T10:35:54.077+0000] {processor.py:826} INFO - Processing file /home/vscode/.local/lib/python3.10/site-packages/airflow/example_dags/example_xcom.py for tasks to queue
[2025-08-14T10:35:54.077+0000] {logging_mixin.py:150} INFO - [2025-08-14T10:35:54.077+0000] {dagbag.py:541} INFO - Filling up the DagBag from /home/vscode/.local/lib/python3.10/site-packages/airflow/example_dags/example_xcom.py
[2025-08-14T10:35:54.083+0000] {processor.py:836} INFO - DAG(s) dict_keys(['example_xcom']) retrieved from /home/vscode/.local/lib/python3.10/site-packages/airflow/example_dags/example_xcom.py
[2025-08-14T10:35:54.095+0000] {logging_mixin.py:150} INFO - [2025-08-14T10:35:54.095+0000] {dag.py:2742} INFO - Sync 1 DAGs
[2025-08-14T10:35:54.110+0000] {logging_mixin.py:150} INFO - [2025-08-14T10:35:54.110+0000] {dag.py:3504} INFO - Setting next_dagrun for example_xcom to 2021-01-01T00:00:00+00:00, run_after=2021-01-01T00:00:00+00:00
[2025-08-14T10:35:54.125+0000] {processor.py:179} INFO - Processing /home/vscode/.local/lib/python3.10/site-packages/airflow/example_dags/example_xcom.py took 0.051 seconds
[2025-08-14T10:36:44.661+0000] {processor.py:157} INFO - Started process (PID=28251) to work on /home/vscode/.local/lib/python3.10/site-packages/airflow/example_dags/example_xcom.py
[2025-08-14T10:36:44.662+0000] {processor.py:826} INFO - Processing file /home/vscode/.local/lib/python3.10/site-packages/airflow/example_dags/example_xcom.py for tasks to queue
[2025-08-14T10:36:44.662+0000] {logging_mixin.py:150} INFO - [2025-08-14T10:36:44.662+0000] {dagbag.py:541} INFO - Filling up the DagBag from /home/vscode/.local/lib/python3.10/site-packages/airflow/example_dags/example_xcom.py
[2025-08-14T10:36:44.668+0000] {processor.py:836} INFO - DAG(s) dict_keys(['example_xcom']) retrieved from /home/vscode/.local/lib/python3.10/site-packages/airflow/example_dags/example_xcom.py
[2025-08-14T10:36:44.681+0000] {logging_mixin.py:150} INFO - [2025-08-14T10:36:44.681+0000] {dag.py:2742} INFO - Sync 1 DAGs
[2025-08-14T10:36:44.695+0000] {logging_mixin.py:150} INFO - [2025-08-14T10:36:44.695+0000] {dag.py:3504} INFO - Setting next_dagrun for example_xcom to 2021-01-01T00:00:00+00:00, run_after=2021-01-01T00:00:00+00:00
[2025-08-14T10:36:44.711+0000] {processor.py:179} INFO - Processing /home/vscode/.local/lib/python3.10/site-packages/airflow/example_dags/example_xcom.py took 0.052 seconds
[2025-08-14T10:37:28.788+0000] {processor.py:157} INFO - Started process (PID=28552) to work on /home/vscode/.local/lib/python3.10/site-packages/airflow/example_dags/example_xcom.py
[2025-08-14T10:37:28.789+0000] {processor.py:826} INFO - Processing file /home/vscode/.local/lib/python3.10/site-packages/airflow/example_dags/example_xcom.py for tasks to queue
[2025-08-14T10:37:28.789+0000] {logging_mixin.py:150} INFO - [2025-08-14T10:37:28.789+0000] {dagbag.py:541} INFO - Filling up the DagBag from /home/vscode/.local/lib/python3.10/site-packages/airflow/example_dags/example_xcom.py
[2025-08-14T10:37:28.795+0000] {processor.py:836} INFO - DAG(s) dict_keys(['example_xcom']) retrieved from /home/vscode/.local/lib/python3.10/site-packages/airflow/example_dags/example_xcom.py
[2025-08-14T10:37:28.808+0000] {logging_mixin.py:150} INFO - [2025-08-14T10:37:28.808+0000] {dag.py:2742} INFO - Sync 1 DAGs
[2025-08-14T10:37:28.825+0000] {logging_mixin.py:150} INFO - [2025-08-14T10:37:28.825+0000] {dag.py:3504} INFO - Setting next_dagrun for example_xcom to 2021-01-01T00:00:00+00:00, run_after=2021-01-01T00:00:00+00:00
[2025-08-14T10:37:28.854+0000] {processor.py:179} INFO - Processing /home/vscode/.local/lib/python3.10/site-packages/airflow/example_dags/example_xcom.py took 0.068 seconds
[2025-08-14T10:38:17.008+0000] {processor.py:157} INFO - Started process (PID=28874) to work on /home/vscode/.local/lib/python3.10/site-packages/airflow/example_dags/example_xcom.py
[2025-08-14T10:38:17.009+0000] {processor.py:826} INFO - Processing file /home/vscode/.local/lib/python3.10/site-packages/airflow/example_dags/example_xcom.py for tasks to queue
[2025-08-14T10:38:17.009+0000] {logging_mixin.py:150} INFO - [2025-08-14T10:38:17.009+0000] {dagbag.py:541} INFO - Filling up the DagBag from /home/vscode/.local/lib/python3.10/site-packages/airflow/example_dags/example_xcom.py
[2025-08-14T10:38:17.015+0000] {processor.py:836} INFO - DAG(s) dict_keys(['example_xcom']) retrieved from /home/vscode/.local/lib/python3.10/site-packages/airflow/example_dags/example_xcom.py
[2025-08-14T10:38:17.030+0000] {logging_mixin.py:150} INFO - [2025-08-14T10:38:17.030+0000] {dag.py:2742} INFO - Sync 1 DAGs
[2025-08-14T10:38:17.045+0000] {logging_mixin.py:150} INFO - [2025-08-14T10:38:17.045+0000] {dag.py:3504} INFO - Setting next_dagrun for example_xcom to 2021-01-01T00:00:00+00:00, run_after=2021-01-01T00:00:00+00:00
[2025-08-14T10:38:17.062+0000] {processor.py:179} INFO - Processing /home/vscode/.local/lib/python3.10/site-packages/airflow/example_dags/example_xcom.py took 0.058 seconds
[2025-08-14T10:39:05.834+0000] {processor.py:157} INFO - Started process (PID=29192) to work on /home/vscode/.local/lib/python3.10/site-packages/airflow/example_dags/example_xcom.py
[2025-08-14T10:39:05.835+0000] {processor.py:826} INFO - Processing file /home/vscode/.local/lib/python3.10/site-packages/airflow/example_dags/example_xcom.py for tasks to queue
[2025-08-14T10:39:05.836+0000] {logging_mixin.py:150} INFO - [2025-08-14T10:39:05.835+0000] {dagbag.py:541} INFO - Filling up the DagBag from /home/vscode/.local/lib/python3.10/site-packages/airflow/example_dags/example_xcom.py
[2025-08-14T10:39:05.843+0000] {processor.py:836} INFO - DAG(s) dict_keys(['example_xcom']) retrieved from /home/vscode/.local/lib/python3.10/site-packages/airflow/example_dags/example_xcom.py
[2025-08-14T10:39:05.861+0000] {logging_mixin.py:150} INFO - [2025-08-14T10:39:05.861+0000] {dag.py:2742} INFO - Sync 1 DAGs
[2025-08-14T10:39:05.882+0000] {logging_mixin.py:150} INFO - [2025-08-14T10:39:05.882+0000] {dag.py:3504} INFO - Setting next_dagrun for example_xcom to 2021-01-01T00:00:00+00:00, run_after=2021-01-01T00:00:00+00:00
[2025-08-14T10:39:05.900+0000] {processor.py:179} INFO - Processing /home/vscode/.local/lib/python3.10/site-packages/airflow/example_dags/example_xcom.py took 0.069 seconds
[2025-08-14T10:39:51.063+0000] {processor.py:157} INFO - Started process (PID=29495) to work on /home/vscode/.local/lib/python3.10/site-packages/airflow/example_dags/example_xcom.py
[2025-08-14T10:39:51.064+0000] {processor.py:826} INFO - Processing file /home/vscode/.local/lib/python3.10/site-packages/airflow/example_dags/example_xcom.py for tasks to queue
[2025-08-14T10:39:51.064+0000] {logging_mixin.py:150} INFO - [2025-08-14T10:39:51.064+0000] {dagbag.py:541} INFO - Filling up the DagBag from /home/vscode/.local/lib/python3.10/site-packages/airflow/example_dags/example_xcom.py
[2025-08-14T10:39:51.070+0000] {processor.py:836} INFO - DAG(s) dict_keys(['example_xcom']) retrieved from /home/vscode/.local/lib/python3.10/site-packages/airflow/example_dags/example_xcom.py
[2025-08-14T10:39:51.082+0000] {logging_mixin.py:150} INFO - [2025-08-14T10:39:51.081+0000] {dag.py:2742} INFO - Sync 1 DAGs
[2025-08-14T10:39:51.096+0000] {logging_mixin.py:150} INFO - [2025-08-14T10:39:51.095+0000] {dag.py:3504} INFO - Setting next_dagrun for example_xcom to 2021-01-01T00:00:00+00:00, run_after=2021-01-01T00:00:00+00:00
[2025-08-14T10:39:51.111+0000] {processor.py:179} INFO - Processing /home/vscode/.local/lib/python3.10/site-packages/airflow/example_dags/example_xcom.py took 0.050 seconds
[2025-08-14T10:40:41.019+0000] {processor.py:157} INFO - Started process (PID=29830) to work on /home/vscode/.local/lib/python3.10/site-packages/airflow/example_dags/example_xcom.py
[2025-08-14T10:40:41.019+0000] {processor.py:826} INFO - Processing file /home/vscode/.local/lib/python3.10/site-packages/airflow/example_dags/example_xcom.py for tasks to queue
[2025-08-14T10:40:41.020+0000] {logging_mixin.py:150} INFO - [2025-08-14T10:40:41.020+0000] {dagbag.py:541} INFO - Filling up the DagBag from /home/vscode/.local/lib/python3.10/site-packages/airflow/example_dags/example_xcom.py
[2025-08-14T10:40:41.026+0000] {processor.py:836} INFO - DAG(s) dict_keys(['example_xcom']) retrieved from /home/vscode/.local/lib/python3.10/site-packages/airflow/example_dags/example_xcom.py
[2025-08-14T10:40:41.038+0000] {logging_mixin.py:150} INFO - [2025-08-14T10:40:41.038+0000] {dag.py:2742} INFO - Sync 1 DAGs
[2025-08-14T10:40:41.052+0000] {logging_mixin.py:150} INFO - [2025-08-14T10:40:41.052+0000] {dag.py:3504} INFO - Setting next_dagrun for example_xcom to 2021-01-01T00:00:00+00:00, run_after=2021-01-01T00:00:00+00:00
[2025-08-14T10:40:41.067+0000] {processor.py:179} INFO - Processing /home/vscode/.local/lib/python3.10/site-packages/airflow/example_dags/example_xcom.py took 0.050 seconds
[2025-08-14T10:41:28.545+0000] {processor.py:157} INFO - Started process (PID=30149) to work on /home/vscode/.local/lib/python3.10/site-packages/airflow/example_dags/example_xcom.py
[2025-08-14T10:41:28.546+0000] {processor.py:826} INFO - Processing file /home/vscode/.local/lib/python3.10/site-packages/airflow/example_dags/example_xcom.py for tasks to queue
[2025-08-14T10:41:28.546+0000] {logging_mixin.py:150} INFO - [2025-08-14T10:41:28.546+0000] {dagbag.py:541} INFO - Filling up the DagBag from /home/vscode/.local/lib/python3.10/site-packages/airflow/example_dags/example_xcom.py
[2025-08-14T10:41:28.552+0000] {processor.py:836} INFO - DAG(s) dict_keys(['example_xcom']) retrieved from /home/vscode/.local/lib/python3.10/site-packages/airflow/example_dags/example_xcom.py
[2025-08-14T10:41:28.564+0000] {logging_mixin.py:150} INFO - [2025-08-14T10:41:28.564+0000] {dag.py:2742} INFO - Sync 1 DAGs
[2025-08-14T10:41:28.578+0000] {logging_mixin.py:150} INFO - [2025-08-14T10:41:28.578+0000] {dag.py:3504} INFO - Setting next_dagrun for example_xcom to 2021-01-01T00:00:00+00:00, run_after=2021-01-01T00:00:00+00:00
[2025-08-14T10:41:28.593+0000] {processor.py:179} INFO - Processing /home/vscode/.local/lib/python3.10/site-packages/airflow/example_dags/example_xcom.py took 0.050 seconds
[2025-08-14T10:42:17.366+0000] {processor.py:157} INFO - Started process (PID=30473) to work on /home/vscode/.local/lib/python3.10/site-packages/airflow/example_dags/example_xcom.py
[2025-08-14T10:42:17.367+0000] {processor.py:826} INFO - Processing file /home/vscode/.local/lib/python3.10/site-packages/airflow/example_dags/example_xcom.py for tasks to queue
[2025-08-14T10:42:17.368+0000] {logging_mixin.py:150} INFO - [2025-08-14T10:42:17.367+0000] {dagbag.py:541} INFO - Filling up the DagBag from /home/vscode/.local/lib/python3.10/site-packages/airflow/example_dags/example_xcom.py
[2025-08-14T10:42:17.373+0000] {processor.py:836} INFO - DAG(s) dict_keys(['example_xcom']) retrieved from /home/vscode/.local/lib/python3.10/site-packages/airflow/example_dags/example_xcom.py
[2025-08-14T10:42:17.384+0000] {logging_mixin.py:150} INFO - [2025-08-14T10:42:17.384+0000] {dag.py:2742} INFO - Sync 1 DAGs
[2025-08-14T10:42:17.398+0000] {logging_mixin.py:150} INFO - [2025-08-14T10:42:17.398+0000] {dag.py:3504} INFO - Setting next_dagrun for example_xcom to 2021-01-01T00:00:00+00:00, run_after=2021-01-01T00:00:00+00:00
[2025-08-14T10:42:17.414+0000] {processor.py:179} INFO - Processing /home/vscode/.local/lib/python3.10/site-packages/airflow/example_dags/example_xcom.py took 0.049 seconds
[2025-08-14T10:43:02.150+0000] {processor.py:157} INFO - Started process (PID=30769) to work on /home/vscode/.local/lib/python3.10/site-packages/airflow/example_dags/example_xcom.py
[2025-08-14T10:43:02.151+0000] {processor.py:826} INFO - Processing file /home/vscode/.local/lib/python3.10/site-packages/airflow/example_dags/example_xcom.py for tasks to queue
[2025-08-14T10:43:02.152+0000] {logging_mixin.py:150} INFO - [2025-08-14T10:43:02.151+0000] {dagbag.py:541} INFO - Filling up the DagBag from /home/vscode/.local/lib/python3.10/site-packages/airflow/example_dags/example_xcom.py
[2025-08-14T10:43:02.157+0000] {processor.py:836} INFO - DAG(s) dict_keys(['example_xcom']) retrieved from /home/vscode/.local/lib/python3.10/site-packages/airflow/example_dags/example_xcom.py
[2025-08-14T10:43:02.169+0000] {logging_mixin.py:150} INFO - [2025-08-14T10:43:02.169+0000] {dag.py:2742} INFO - Sync 1 DAGs
[2025-08-14T10:43:02.183+0000] {logging_mixin.py:150} INFO - [2025-08-14T10:43:02.182+0000] {dag.py:3504} INFO - Setting next_dagrun for example_xcom to 2021-01-01T00:00:00+00:00, run_after=2021-01-01T00:00:00+00:00
[2025-08-14T10:43:02.198+0000] {processor.py:179} INFO - Processing /home/vscode/.local/lib/python3.10/site-packages/airflow/example_dags/example_xcom.py took 0.049 seconds
[2025-08-14T10:43:52.358+0000] {processor.py:157} INFO - Started process (PID=31098) to work on /home/vscode/.local/lib/python3.10/site-packages/airflow/example_dags/example_xcom.py
[2025-08-14T10:43:52.359+0000] {processor.py:826} INFO - Processing file /home/vscode/.local/lib/python3.10/site-packages/airflow/example_dags/example_xcom.py for tasks to queue
[2025-08-14T10:43:52.360+0000] {logging_mixin.py:150} INFO - [2025-08-14T10:43:52.359+0000] {dagbag.py:541} INFO - Filling up the DagBag from /home/vscode/.local/lib/python3.10/site-packages/airflow/example_dags/example_xcom.py
[2025-08-14T10:43:52.366+0000] {processor.py:836} INFO - DAG(s) dict_keys(['example_xcom']) retrieved from /home/vscode/.local/lib/python3.10/site-packages/airflow/example_dags/example_xcom.py
[2025-08-14T10:43:52.378+0000] {logging_mixin.py:150} INFO - [2025-08-14T10:43:52.378+0000] {dag.py:2742} INFO - Sync 1 DAGs
[2025-08-14T10:43:52.393+0000] {logging_mixin.py:150} INFO - [2025-08-14T10:43:52.392+0000] {dag.py:3504} INFO - Setting next_dagrun for example_xcom to 2021-01-01T00:00:00+00:00, run_after=2021-01-01T00:00:00+00:00
[2025-08-14T10:43:52.409+0000] {processor.py:179} INFO - Processing /home/vscode/.local/lib/python3.10/site-packages/airflow/example_dags/example_xcom.py took 0.053 seconds
[2025-08-14T10:44:38.608+0000] {processor.py:157} INFO - Started process (PID=31414) to work on /home/vscode/.local/lib/python3.10/site-packages/airflow/example_dags/example_xcom.py
[2025-08-14T10:44:38.608+0000] {processor.py:826} INFO - Processing file /home/vscode/.local/lib/python3.10/site-packages/airflow/example_dags/example_xcom.py for tasks to queue
[2025-08-14T10:44:38.609+0000] {logging_mixin.py:150} INFO - [2025-08-14T10:44:38.608+0000] {dagbag.py:541} INFO - Filling up the DagBag from /home/vscode/.local/lib/python3.10/site-packages/airflow/example_dags/example_xcom.py
[2025-08-14T10:44:38.614+0000] {processor.py:836} INFO - DAG(s) dict_keys(['example_xcom']) retrieved from /home/vscode/.local/lib/python3.10/site-packages/airflow/example_dags/example_xcom.py
[2025-08-14T10:44:38.626+0000] {logging_mixin.py:150} INFO - [2025-08-14T10:44:38.626+0000] {dag.py:2742} INFO - Sync 1 DAGs
[2025-08-14T10:44:38.639+0000] {logging_mixin.py:150} INFO - [2025-08-14T10:44:38.639+0000] {dag.py:3504} INFO - Setting next_dagrun for example_xcom to 2021-01-01T00:00:00+00:00, run_after=2021-01-01T00:00:00+00:00
[2025-08-14T10:44:38.654+0000] {processor.py:179} INFO - Processing /home/vscode/.local/lib/python3.10/site-packages/airflow/example_dags/example_xcom.py took 0.049 seconds
[2025-08-14T10:45:27.064+0000] {processor.py:157} INFO - Started process (PID=31739) to work on /home/vscode/.local/lib/python3.10/site-packages/airflow/example_dags/example_xcom.py
[2025-08-14T10:45:27.065+0000] {processor.py:826} INFO - Processing file /home/vscode/.local/lib/python3.10/site-packages/airflow/example_dags/example_xcom.py for tasks to queue
[2025-08-14T10:45:27.065+0000] {logging_mixin.py:150} INFO - [2025-08-14T10:45:27.065+0000] {dagbag.py:541} INFO - Filling up the DagBag from /home/vscode/.local/lib/python3.10/site-packages/airflow/example_dags/example_xcom.py
[2025-08-14T10:45:27.071+0000] {processor.py:836} INFO - DAG(s) dict_keys(['example_xcom']) retrieved from /home/vscode/.local/lib/python3.10/site-packages/airflow/example_dags/example_xcom.py
[2025-08-14T10:45:27.084+0000] {logging_mixin.py:150} INFO - [2025-08-14T10:45:27.084+0000] {dag.py:2742} INFO - Sync 1 DAGs
[2025-08-14T10:45:27.099+0000] {logging_mixin.py:150} INFO - [2025-08-14T10:45:27.099+0000] {dag.py:3504} INFO - Setting next_dagrun for example_xcom to 2021-01-01T00:00:00+00:00, run_after=2021-01-01T00:00:00+00:00
[2025-08-14T10:45:27.117+0000] {processor.py:179} INFO - Processing /home/vscode/.local/lib/python3.10/site-packages/airflow/example_dags/example_xcom.py took 0.055 seconds
[2025-08-14T10:46:10.470+0000] {processor.py:157} INFO - Started process (PID=32027) to work on /home/vscode/.local/lib/python3.10/site-packages/airflow/example_dags/example_xcom.py
[2025-08-14T10:46:10.471+0000] {processor.py:826} INFO - Processing file /home/vscode/.local/lib/python3.10/site-packages/airflow/example_dags/example_xcom.py for tasks to queue
[2025-08-14T10:46:10.472+0000] {logging_mixin.py:150} INFO - [2025-08-14T10:46:10.472+0000] {dagbag.py:541} INFO - Filling up the DagBag from /home/vscode/.local/lib/python3.10/site-packages/airflow/example_dags/example_xcom.py
[2025-08-14T10:46:10.480+0000] {processor.py:836} INFO - DAG(s) dict_keys(['example_xcom']) retrieved from /home/vscode/.local/lib/python3.10/site-packages/airflow/example_dags/example_xcom.py
[2025-08-14T10:46:10.498+0000] {logging_mixin.py:150} INFO - [2025-08-14T10:46:10.497+0000] {dag.py:2742} INFO - Sync 1 DAGs
[2025-08-14T10:46:10.518+0000] {logging_mixin.py:150} INFO - [2025-08-14T10:46:10.518+0000] {dag.py:3504} INFO - Setting next_dagrun for example_xcom to 2021-01-01T00:00:00+00:00, run_after=2021-01-01T00:00:00+00:00
[2025-08-14T10:46:10.537+0000] {processor.py:179} INFO - Processing /home/vscode/.local/lib/python3.10/site-packages/airflow/example_dags/example_xcom.py took 0.069 seconds
[2025-08-14T10:46:59.597+0000] {processor.py:157} INFO - Started process (PID=32355) to work on /home/vscode/.local/lib/python3.10/site-packages/airflow/example_dags/example_xcom.py
[2025-08-14T10:46:59.598+0000] {processor.py:826} INFO - Processing file /home/vscode/.local/lib/python3.10/site-packages/airflow/example_dags/example_xcom.py for tasks to queue
[2025-08-14T10:46:59.598+0000] {logging_mixin.py:150} INFO - [2025-08-14T10:46:59.598+0000] {dagbag.py:541} INFO - Filling up the DagBag from /home/vscode/.local/lib/python3.10/site-packages/airflow/example_dags/example_xcom.py
[2025-08-14T10:46:59.604+0000] {processor.py:836} INFO - DAG(s) dict_keys(['example_xcom']) retrieved from /home/vscode/.local/lib/python3.10/site-packages/airflow/example_dags/example_xcom.py
[2025-08-14T10:46:59.617+0000] {logging_mixin.py:150} INFO - [2025-08-14T10:46:59.617+0000] {dag.py:2742} INFO - Sync 1 DAGs
[2025-08-14T10:46:59.631+0000] {logging_mixin.py:150} INFO - [2025-08-14T10:46:59.631+0000] {dag.py:3504} INFO - Setting next_dagrun for example_xcom to 2021-01-01T00:00:00+00:00, run_after=2021-01-01T00:00:00+00:00
[2025-08-14T10:46:59.646+0000] {processor.py:179} INFO - Processing /home/vscode/.local/lib/python3.10/site-packages/airflow/example_dags/example_xcom.py took 0.051 seconds
[2025-08-14T10:47:43.171+0000] {processor.py:157} INFO - Started process (PID=32643) to work on /home/vscode/.local/lib/python3.10/site-packages/airflow/example_dags/example_xcom.py
[2025-08-14T10:47:43.171+0000] {processor.py:826} INFO - Processing file /home/vscode/.local/lib/python3.10/site-packages/airflow/example_dags/example_xcom.py for tasks to queue
[2025-08-14T10:47:43.172+0000] {logging_mixin.py:150} INFO - [2025-08-14T10:47:43.172+0000] {dagbag.py:541} INFO - Filling up the DagBag from /home/vscode/.local/lib/python3.10/site-packages/airflow/example_dags/example_xcom.py
[2025-08-14T10:47:43.179+0000] {processor.py:836} INFO - DAG(s) dict_keys(['example_xcom']) retrieved from /home/vscode/.local/lib/python3.10/site-packages/airflow/example_dags/example_xcom.py
[2025-08-14T10:47:43.197+0000] {logging_mixin.py:150} INFO - [2025-08-14T10:47:43.197+0000] {dag.py:2742} INFO - Sync 1 DAGs
[2025-08-14T10:47:43.221+0000] {logging_mixin.py:150} INFO - [2025-08-14T10:47:43.221+0000] {dag.py:3504} INFO - Setting next_dagrun for example_xcom to 2021-01-01T00:00:00+00:00, run_after=2021-01-01T00:00:00+00:00
[2025-08-14T10:47:43.237+0000] {processor.py:179} INFO - Processing /home/vscode/.local/lib/python3.10/site-packages/airflow/example_dags/example_xcom.py took 0.068 seconds
[2025-08-14T10:48:23.687+0000] {processor.py:157} INFO - Started process (PID=32911) to work on /home/vscode/.local/lib/python3.10/site-packages/airflow/example_dags/example_xcom.py
[2025-08-14T10:48:23.687+0000] {processor.py:826} INFO - Processing file /home/vscode/.local/lib/python3.10/site-packages/airflow/example_dags/example_xcom.py for tasks to queue
[2025-08-14T10:48:23.688+0000] {logging_mixin.py:150} INFO - [2025-08-14T10:48:23.688+0000] {dagbag.py:541} INFO - Filling up the DagBag from /home/vscode/.local/lib/python3.10/site-packages/airflow/example_dags/example_xcom.py
[2025-08-14T10:48:23.693+0000] {processor.py:836} INFO - DAG(s) dict_keys(['example_xcom']) retrieved from /home/vscode/.local/lib/python3.10/site-packages/airflow/example_dags/example_xcom.py
[2025-08-14T10:48:23.705+0000] {logging_mixin.py:150} INFO - [2025-08-14T10:48:23.705+0000] {dag.py:2742} INFO - Sync 1 DAGs
[2025-08-14T10:48:23.724+0000] {logging_mixin.py:150} INFO - [2025-08-14T10:48:23.724+0000] {dag.py:3504} INFO - Setting next_dagrun for example_xcom to 2021-01-01T00:00:00+00:00, run_after=2021-01-01T00:00:00+00:00
[2025-08-14T10:48:23.743+0000] {processor.py:179} INFO - Processing /home/vscode/.local/lib/python3.10/site-packages/airflow/example_dags/example_xcom.py took 0.058 seconds
[2025-08-14T10:49:10.203+0000] {processor.py:157} INFO - Started process (PID=33229) to work on /home/vscode/.local/lib/python3.10/site-packages/airflow/example_dags/example_xcom.py
[2025-08-14T10:49:10.204+0000] {processor.py:826} INFO - Processing file /home/vscode/.local/lib/python3.10/site-packages/airflow/example_dags/example_xcom.py for tasks to queue
[2025-08-14T10:49:10.204+0000] {logging_mixin.py:150} INFO - [2025-08-14T10:49:10.204+0000] {dagbag.py:541} INFO - Filling up the DagBag from /home/vscode/.local/lib/python3.10/site-packages/airflow/example_dags/example_xcom.py
[2025-08-14T10:49:10.210+0000] {processor.py:836} INFO - DAG(s) dict_keys(['example_xcom']) retrieved from /home/vscode/.local/lib/python3.10/site-packages/airflow/example_dags/example_xcom.py
[2025-08-14T10:49:10.224+0000] {logging_mixin.py:150} INFO - [2025-08-14T10:49:10.224+0000] {dag.py:2742} INFO - Sync 1 DAGs
[2025-08-14T10:49:10.238+0000] {logging_mixin.py:150} INFO - [2025-08-14T10:49:10.238+0000] {dag.py:3504} INFO - Setting next_dagrun for example_xcom to 2021-01-01T00:00:00+00:00, run_after=2021-01-01T00:00:00+00:00
[2025-08-14T10:49:10.254+0000] {processor.py:179} INFO - Processing /home/vscode/.local/lib/python3.10/site-packages/airflow/example_dags/example_xcom.py took 0.053 seconds
[2025-08-14T10:49:56.021+0000] {processor.py:157} INFO - Started process (PID=33526) to work on /home/vscode/.local/lib/python3.10/site-packages/airflow/example_dags/example_xcom.py
[2025-08-14T10:49:56.021+0000] {processor.py:826} INFO - Processing file /home/vscode/.local/lib/python3.10/site-packages/airflow/example_dags/example_xcom.py for tasks to queue
[2025-08-14T10:49:56.022+0000] {logging_mixin.py:150} INFO - [2025-08-14T10:49:56.022+0000] {dagbag.py:541} INFO - Filling up the DagBag from /home/vscode/.local/lib/python3.10/site-packages/airflow/example_dags/example_xcom.py
[2025-08-14T10:49:56.028+0000] {processor.py:836} INFO - DAG(s) dict_keys(['example_xcom']) retrieved from /home/vscode/.local/lib/python3.10/site-packages/airflow/example_dags/example_xcom.py
[2025-08-14T10:49:56.040+0000] {logging_mixin.py:150} INFO - [2025-08-14T10:49:56.040+0000] {dag.py:2742} INFO - Sync 1 DAGs
[2025-08-14T10:49:56.054+0000] {logging_mixin.py:150} INFO - [2025-08-14T10:49:56.054+0000] {dag.py:3504} INFO - Setting next_dagrun for example_xcom to 2021-01-01T00:00:00+00:00, run_after=2021-01-01T00:00:00+00:00
[2025-08-14T10:49:56.070+0000] {processor.py:179} INFO - Processing /home/vscode/.local/lib/python3.10/site-packages/airflow/example_dags/example_xcom.py took 0.052 seconds
[2025-08-14T10:50:45.393+0000] {processor.py:157} INFO - Started process (PID=33854) to work on /home/vscode/.local/lib/python3.10/site-packages/airflow/example_dags/example_xcom.py
[2025-08-14T10:50:45.393+0000] {processor.py:826} INFO - Processing file /home/vscode/.local/lib/python3.10/site-packages/airflow/example_dags/example_xcom.py for tasks to queue
[2025-08-14T10:50:45.394+0000] {logging_mixin.py:150} INFO - [2025-08-14T10:50:45.394+0000] {dagbag.py:541} INFO - Filling up the DagBag from /home/vscode/.local/lib/python3.10/site-packages/airflow/example_dags/example_xcom.py
[2025-08-14T10:50:45.400+0000] {processor.py:836} INFO - DAG(s) dict_keys(['example_xcom']) retrieved from /home/vscode/.local/lib/python3.10/site-packages/airflow/example_dags/example_xcom.py
[2025-08-14T10:50:45.412+0000] {logging_mixin.py:150} INFO - [2025-08-14T10:50:45.412+0000] {dag.py:2742} INFO - Sync 1 DAGs
[2025-08-14T10:50:45.426+0000] {logging_mixin.py:150} INFO - [2025-08-14T10:50:45.426+0000] {dag.py:3504} INFO - Setting next_dagrun for example_xcom to 2021-01-01T00:00:00+00:00, run_after=2021-01-01T00:00:00+00:00
[2025-08-14T10:50:45.442+0000] {processor.py:179} INFO - Processing /home/vscode/.local/lib/python3.10/site-packages/airflow/example_dags/example_xcom.py took 0.051 seconds
[2025-08-14T10:51:31.697+0000] {processor.py:157} INFO - Started process (PID=34166) to work on /home/vscode/.local/lib/python3.10/site-packages/airflow/example_dags/example_xcom.py
[2025-08-14T10:51:31.698+0000] {processor.py:826} INFO - Processing file /home/vscode/.local/lib/python3.10/site-packages/airflow/example_dags/example_xcom.py for tasks to queue
[2025-08-14T10:51:31.699+0000] {logging_mixin.py:150} INFO - [2025-08-14T10:51:31.699+0000] {dagbag.py:541} INFO - Filling up the DagBag from /home/vscode/.local/lib/python3.10/site-packages/airflow/example_dags/example_xcom.py
[2025-08-14T10:51:31.706+0000] {processor.py:836} INFO - DAG(s) dict_keys(['example_xcom']) retrieved from /home/vscode/.local/lib/python3.10/site-packages/airflow/example_dags/example_xcom.py
[2025-08-14T10:51:31.719+0000] {logging_mixin.py:150} INFO - [2025-08-14T10:51:31.719+0000] {dag.py:2742} INFO - Sync 1 DAGs
[2025-08-14T10:51:31.733+0000] {logging_mixin.py:150} INFO - [2025-08-14T10:51:31.733+0000] {dag.py:3504} INFO - Setting next_dagrun for example_xcom to 2021-01-01T00:00:00+00:00, run_after=2021-01-01T00:00:00+00:00
[2025-08-14T10:51:31.748+0000] {processor.py:179} INFO - Processing /home/vscode/.local/lib/python3.10/site-packages/airflow/example_dags/example_xcom.py took 0.056 seconds
[2025-08-14T10:52:17.858+0000] {processor.py:157} INFO - Started process (PID=34474) to work on /home/vscode/.local/lib/python3.10/site-packages/airflow/example_dags/example_xcom.py
[2025-08-14T10:52:17.859+0000] {processor.py:826} INFO - Processing file /home/vscode/.local/lib/python3.10/site-packages/airflow/example_dags/example_xcom.py for tasks to queue
[2025-08-14T10:52:17.859+0000] {logging_mixin.py:150} INFO - [2025-08-14T10:52:17.859+0000] {dagbag.py:541} INFO - Filling up the DagBag from /home/vscode/.local/lib/python3.10/site-packages/airflow/example_dags/example_xcom.py
[2025-08-14T10:52:17.865+0000] {processor.py:836} INFO - DAG(s) dict_keys(['example_xcom']) retrieved from /home/vscode/.local/lib/python3.10/site-packages/airflow/example_dags/example_xcom.py
[2025-08-14T10:52:17.878+0000] {logging_mixin.py:150} INFO - [2025-08-14T10:52:17.877+0000] {dag.py:2742} INFO - Sync 1 DAGs
[2025-08-14T10:52:17.892+0000] {logging_mixin.py:150} INFO - [2025-08-14T10:52:17.892+0000] {dag.py:3504} INFO - Setting next_dagrun for example_xcom to 2021-01-01T00:00:00+00:00, run_after=2021-01-01T00:00:00+00:00
[2025-08-14T10:52:17.915+0000] {processor.py:179} INFO - Processing /home/vscode/.local/lib/python3.10/site-packages/airflow/example_dags/example_xcom.py took 0.059 seconds
[2025-08-14T10:53:05.125+0000] {processor.py:157} INFO - Started process (PID=34785) to work on /home/vscode/.local/lib/python3.10/site-packages/airflow/example_dags/example_xcom.py
[2025-08-14T10:53:05.126+0000] {processor.py:826} INFO - Processing file /home/vscode/.local/lib/python3.10/site-packages/airflow/example_dags/example_xcom.py for tasks to queue
[2025-08-14T10:53:05.126+0000] {logging_mixin.py:150} INFO - [2025-08-14T10:53:05.126+0000] {dagbag.py:541} INFO - Filling up the DagBag from /home/vscode/.local/lib/python3.10/site-packages/airflow/example_dags/example_xcom.py
[2025-08-14T10:53:05.132+0000] {processor.py:836} INFO - DAG(s) dict_keys(['example_xcom']) retrieved from /home/vscode/.local/lib/python3.10/site-packages/airflow/example_dags/example_xcom.py
[2025-08-14T10:53:05.144+0000] {logging_mixin.py:150} INFO - [2025-08-14T10:53:05.144+0000] {dag.py:2742} INFO - Sync 1 DAGs
[2025-08-14T10:53:05.165+0000] {logging_mixin.py:150} INFO - [2025-08-14T10:53:05.165+0000] {dag.py:3504} INFO - Setting next_dagrun for example_xcom to 2021-01-01T00:00:00+00:00, run_after=2021-01-01T00:00:00+00:00
[2025-08-14T10:53:05.190+0000] {processor.py:179} INFO - Processing /home/vscode/.local/lib/python3.10/site-packages/airflow/example_dags/example_xcom.py took 0.067 seconds
[2025-08-14T10:53:46.398+0000] {processor.py:157} INFO - Started process (PID=35867) to work on /home/vscode/.local/lib/python3.10/site-packages/airflow/example_dags/example_xcom.py
[2025-08-14T10:53:46.401+0000] {processor.py:826} INFO - Processing file /home/vscode/.local/lib/python3.10/site-packages/airflow/example_dags/example_xcom.py for tasks to queue
[2025-08-14T10:53:46.403+0000] {logging_mixin.py:150} INFO - [2025-08-14T10:53:46.401+0000] {dagbag.py:541} INFO - Filling up the DagBag from /home/vscode/.local/lib/python3.10/site-packages/airflow/example_dags/example_xcom.py
[2025-08-14T10:53:46.424+0000] {processor.py:836} INFO - DAG(s) dict_keys(['example_xcom']) retrieved from /home/vscode/.local/lib/python3.10/site-packages/airflow/example_dags/example_xcom.py
[2025-08-14T10:53:46.457+0000] {logging_mixin.py:150} INFO - [2025-08-14T10:53:46.457+0000] {dag.py:2742} INFO - Sync 1 DAGs
[2025-08-14T10:53:46.503+0000] {logging_mixin.py:150} INFO - [2025-08-14T10:53:46.502+0000] {dag.py:3504} INFO - Setting next_dagrun for example_xcom to 2021-01-01T00:00:00+00:00, run_after=2021-01-01T00:00:00+00:00
[2025-08-14T10:53:46.571+0000] {processor.py:179} INFO - Processing /home/vscode/.local/lib/python3.10/site-packages/airflow/example_dags/example_xcom.py took 0.182 seconds
[2025-08-14T10:54:27.381+0000] {processor.py:157} INFO - Started process (PID=36837) to work on /home/vscode/.local/lib/python3.10/site-packages/airflow/example_dags/example_xcom.py
[2025-08-14T10:54:27.382+0000] {processor.py:826} INFO - Processing file /home/vscode/.local/lib/python3.10/site-packages/airflow/example_dags/example_xcom.py for tasks to queue
[2025-08-14T10:54:27.382+0000] {logging_mixin.py:150} INFO - [2025-08-14T10:54:27.382+0000] {dagbag.py:541} INFO - Filling up the DagBag from /home/vscode/.local/lib/python3.10/site-packages/airflow/example_dags/example_xcom.py
[2025-08-14T10:54:27.388+0000] {processor.py:836} INFO - DAG(s) dict_keys(['example_xcom']) retrieved from /home/vscode/.local/lib/python3.10/site-packages/airflow/example_dags/example_xcom.py
[2025-08-14T10:54:27.400+0000] {logging_mixin.py:150} INFO - [2025-08-14T10:54:27.400+0000] {dag.py:2742} INFO - Sync 1 DAGs
[2025-08-14T10:54:27.414+0000] {logging_mixin.py:150} INFO - [2025-08-14T10:54:27.414+0000] {dag.py:3504} INFO - Setting next_dagrun for example_xcom to 2021-01-01T00:00:00+00:00, run_after=2021-01-01T00:00:00+00:00
[2025-08-14T10:54:27.429+0000] {processor.py:179} INFO - Processing /home/vscode/.local/lib/python3.10/site-packages/airflow/example_dags/example_xcom.py took 0.050 seconds
[2025-08-14T10:55:10.619+0000] {processor.py:157} INFO - Started process (PID=37424) to work on /home/vscode/.local/lib/python3.10/site-packages/airflow/example_dags/example_xcom.py
[2025-08-14T10:55:10.619+0000] {processor.py:826} INFO - Processing file /home/vscode/.local/lib/python3.10/site-packages/airflow/example_dags/example_xcom.py for tasks to queue
[2025-08-14T10:55:10.620+0000] {logging_mixin.py:150} INFO - [2025-08-14T10:55:10.620+0000] {dagbag.py:541} INFO - Filling up the DagBag from /home/vscode/.local/lib/python3.10/site-packages/airflow/example_dags/example_xcom.py
[2025-08-14T10:55:10.625+0000] {processor.py:836} INFO - DAG(s) dict_keys(['example_xcom']) retrieved from /home/vscode/.local/lib/python3.10/site-packages/airflow/example_dags/example_xcom.py
[2025-08-14T10:55:10.637+0000] {logging_mixin.py:150} INFO - [2025-08-14T10:55:10.637+0000] {dag.py:2742} INFO - Sync 1 DAGs
[2025-08-14T10:55:10.650+0000] {logging_mixin.py:150} INFO - [2025-08-14T10:55:10.650+0000] {dag.py:3504} INFO - Setting next_dagrun for example_xcom to 2021-01-01T00:00:00+00:00, run_after=2021-01-01T00:00:00+00:00
[2025-08-14T10:55:10.666+0000] {processor.py:179} INFO - Processing /home/vscode/.local/lib/python3.10/site-packages/airflow/example_dags/example_xcom.py took 0.050 seconds
[2025-08-14T10:55:57.626+0000] {processor.py:157} INFO - Started process (PID=37952) to work on /home/vscode/.local/lib/python3.10/site-packages/airflow/example_dags/example_xcom.py
[2025-08-14T10:55:57.629+0000] {processor.py:826} INFO - Processing file /home/vscode/.local/lib/python3.10/site-packages/airflow/example_dags/example_xcom.py for tasks to queue
[2025-08-14T10:55:57.630+0000] {logging_mixin.py:150} INFO - [2025-08-14T10:55:57.630+0000] {dagbag.py:541} INFO - Filling up the DagBag from /home/vscode/.local/lib/python3.10/site-packages/airflow/example_dags/example_xcom.py
[2025-08-14T10:55:57.647+0000] {processor.py:836} INFO - DAG(s) dict_keys(['example_xcom']) retrieved from /home/vscode/.local/lib/python3.10/site-packages/airflow/example_dags/example_xcom.py
[2025-08-14T10:55:57.667+0000] {logging_mixin.py:150} INFO - [2025-08-14T10:55:57.666+0000] {dag.py:2742} INFO - Sync 1 DAGs
[2025-08-14T10:55:57.689+0000] {logging_mixin.py:150} INFO - [2025-08-14T10:55:57.689+0000] {dag.py:3504} INFO - Setting next_dagrun for example_xcom to 2021-01-01T00:00:00+00:00, run_after=2021-01-01T00:00:00+00:00
[2025-08-14T10:55:57.734+0000] {processor.py:179} INFO - Processing /home/vscode/.local/lib/python3.10/site-packages/airflow/example_dags/example_xcom.py took 0.113 seconds
[2025-08-14T10:56:48.956+0000] {processor.py:157} INFO - Started process (PID=38434) to work on /home/vscode/.local/lib/python3.10/site-packages/airflow/example_dags/example_xcom.py
[2025-08-14T10:56:48.957+0000] {processor.py:826} INFO - Processing file /home/vscode/.local/lib/python3.10/site-packages/airflow/example_dags/example_xcom.py for tasks to queue
[2025-08-14T10:56:48.957+0000] {logging_mixin.py:150} INFO - [2025-08-14T10:56:48.957+0000] {dagbag.py:541} INFO - Filling up the DagBag from /home/vscode/.local/lib/python3.10/site-packages/airflow/example_dags/example_xcom.py
[2025-08-14T10:56:48.962+0000] {processor.py:836} INFO - DAG(s) dict_keys(['example_xcom']) retrieved from /home/vscode/.local/lib/python3.10/site-packages/airflow/example_dags/example_xcom.py
[2025-08-14T10:56:48.975+0000] {logging_mixin.py:150} INFO - [2025-08-14T10:56:48.975+0000] {dag.py:2742} INFO - Sync 1 DAGs
[2025-08-14T10:56:48.990+0000] {logging_mixin.py:150} INFO - [2025-08-14T10:56:48.990+0000] {dag.py:3504} INFO - Setting next_dagrun for example_xcom to 2021-01-01T00:00:00+00:00, run_after=2021-01-01T00:00:00+00:00
[2025-08-14T10:56:49.005+0000] {processor.py:179} INFO - Processing /home/vscode/.local/lib/python3.10/site-packages/airflow/example_dags/example_xcom.py took 0.052 seconds
[2025-08-14T10:57:35.218+0000] {processor.py:157} INFO - Started process (PID=38888) to work on /home/vscode/.local/lib/python3.10/site-packages/airflow/example_dags/example_xcom.py
[2025-08-14T10:57:35.220+0000] {processor.py:826} INFO - Processing file /home/vscode/.local/lib/python3.10/site-packages/airflow/example_dags/example_xcom.py for tasks to queue
[2025-08-14T10:57:35.221+0000] {logging_mixin.py:150} INFO - [2025-08-14T10:57:35.221+0000] {dagbag.py:541} INFO - Filling up the DagBag from /home/vscode/.local/lib/python3.10/site-packages/airflow/example_dags/example_xcom.py
[2025-08-14T10:57:35.233+0000] {processor.py:836} INFO - DAG(s) dict_keys(['example_xcom']) retrieved from /home/vscode/.local/lib/python3.10/site-packages/airflow/example_dags/example_xcom.py
[2025-08-14T10:57:35.247+0000] {logging_mixin.py:150} INFO - [2025-08-14T10:57:35.247+0000] {dag.py:2742} INFO - Sync 1 DAGs
[2025-08-14T10:57:35.261+0000] {logging_mixin.py:150} INFO - [2025-08-14T10:57:35.261+0000] {dag.py:3504} INFO - Setting next_dagrun for example_xcom to 2021-01-01T00:00:00+00:00, run_after=2021-01-01T00:00:00+00:00
[2025-08-14T10:57:35.277+0000] {processor.py:179} INFO - Processing /home/vscode/.local/lib/python3.10/site-packages/airflow/example_dags/example_xcom.py took 0.062 seconds
[2025-08-14T10:58:23.017+0000] {processor.py:157} INFO - Started process (PID=39338) to work on /home/vscode/.local/lib/python3.10/site-packages/airflow/example_dags/example_xcom.py
[2025-08-14T10:58:23.017+0000] {processor.py:826} INFO - Processing file /home/vscode/.local/lib/python3.10/site-packages/airflow/example_dags/example_xcom.py for tasks to queue
[2025-08-14T10:58:23.018+0000] {logging_mixin.py:150} INFO - [2025-08-14T10:58:23.018+0000] {dagbag.py:541} INFO - Filling up the DagBag from /home/vscode/.local/lib/python3.10/site-packages/airflow/example_dags/example_xcom.py
[2025-08-14T10:58:23.024+0000] {processor.py:836} INFO - DAG(s) dict_keys(['example_xcom']) retrieved from /home/vscode/.local/lib/python3.10/site-packages/airflow/example_dags/example_xcom.py
[2025-08-14T10:58:23.036+0000] {logging_mixin.py:150} INFO - [2025-08-14T10:58:23.036+0000] {dag.py:2742} INFO - Sync 1 DAGs
[2025-08-14T10:58:23.051+0000] {logging_mixin.py:150} INFO - [2025-08-14T10:58:23.051+0000] {dag.py:3504} INFO - Setting next_dagrun for example_xcom to 2021-01-01T00:00:00+00:00, run_after=2021-01-01T00:00:00+00:00
[2025-08-14T10:58:23.066+0000] {processor.py:179} INFO - Processing /home/vscode/.local/lib/python3.10/site-packages/airflow/example_dags/example_xcom.py took 0.051 seconds
[2025-08-14T10:59:07.687+0000] {processor.py:157} INFO - Started process (PID=39768) to work on /home/vscode/.local/lib/python3.10/site-packages/airflow/example_dags/example_xcom.py
[2025-08-14T10:59:07.688+0000] {processor.py:826} INFO - Processing file /home/vscode/.local/lib/python3.10/site-packages/airflow/example_dags/example_xcom.py for tasks to queue
[2025-08-14T10:59:07.689+0000] {logging_mixin.py:150} INFO - [2025-08-14T10:59:07.688+0000] {dagbag.py:541} INFO - Filling up the DagBag from /home/vscode/.local/lib/python3.10/site-packages/airflow/example_dags/example_xcom.py
[2025-08-14T10:59:07.694+0000] {processor.py:836} INFO - DAG(s) dict_keys(['example_xcom']) retrieved from /home/vscode/.local/lib/python3.10/site-packages/airflow/example_dags/example_xcom.py
[2025-08-14T10:59:07.707+0000] {logging_mixin.py:150} INFO - [2025-08-14T10:59:07.707+0000] {dag.py:2742} INFO - Sync 1 DAGs
[2025-08-14T10:59:07.727+0000] {logging_mixin.py:150} INFO - [2025-08-14T10:59:07.727+0000] {dag.py:3504} INFO - Setting next_dagrun for example_xcom to 2021-01-01T00:00:00+00:00, run_after=2021-01-01T00:00:00+00:00
[2025-08-14T10:59:07.752+0000] {processor.py:179} INFO - Processing /home/vscode/.local/lib/python3.10/site-packages/airflow/example_dags/example_xcom.py took 0.066 seconds
[2025-08-14T10:59:53.985+0000] {processor.py:157} INFO - Started process (PID=40211) to work on /home/vscode/.local/lib/python3.10/site-packages/airflow/example_dags/example_xcom.py
[2025-08-14T10:59:53.986+0000] {processor.py:826} INFO - Processing file /home/vscode/.local/lib/python3.10/site-packages/airflow/example_dags/example_xcom.py for tasks to queue
[2025-08-14T10:59:53.986+0000] {logging_mixin.py:150} INFO - [2025-08-14T10:59:53.986+0000] {dagbag.py:541} INFO - Filling up the DagBag from /home/vscode/.local/lib/python3.10/site-packages/airflow/example_dags/example_xcom.py
[2025-08-14T10:59:53.991+0000] {processor.py:836} INFO - DAG(s) dict_keys(['example_xcom']) retrieved from /home/vscode/.local/lib/python3.10/site-packages/airflow/example_dags/example_xcom.py
[2025-08-14T10:59:54.004+0000] {logging_mixin.py:150} INFO - [2025-08-14T10:59:54.003+0000] {dag.py:2742} INFO - Sync 1 DAGs
[2025-08-14T10:59:54.017+0000] {logging_mixin.py:150} INFO - [2025-08-14T10:59:54.017+0000] {dag.py:3504} INFO - Setting next_dagrun for example_xcom to 2021-01-01T00:00:00+00:00, run_after=2021-01-01T00:00:00+00:00
[2025-08-14T10:59:54.032+0000] {processor.py:179} INFO - Processing /home/vscode/.local/lib/python3.10/site-packages/airflow/example_dags/example_xcom.py took 0.049 seconds
[2025-08-14T11:00:40.182+0000] {processor.py:157} INFO - Started process (PID=40653) to work on /home/vscode/.local/lib/python3.10/site-packages/airflow/example_dags/example_xcom.py
[2025-08-14T11:00:40.183+0000] {processor.py:826} INFO - Processing file /home/vscode/.local/lib/python3.10/site-packages/airflow/example_dags/example_xcom.py for tasks to queue
[2025-08-14T11:00:40.183+0000] {logging_mixin.py:150} INFO - [2025-08-14T11:00:40.183+0000] {dagbag.py:541} INFO - Filling up the DagBag from /home/vscode/.local/lib/python3.10/site-packages/airflow/example_dags/example_xcom.py
[2025-08-14T11:00:40.189+0000] {processor.py:836} INFO - DAG(s) dict_keys(['example_xcom']) retrieved from /home/vscode/.local/lib/python3.10/site-packages/airflow/example_dags/example_xcom.py
[2025-08-14T11:00:40.201+0000] {logging_mixin.py:150} INFO - [2025-08-14T11:00:40.201+0000] {dag.py:2742} INFO - Sync 1 DAGs
[2025-08-14T11:00:40.216+0000] {logging_mixin.py:150} INFO - [2025-08-14T11:00:40.216+0000] {dag.py:3504} INFO - Setting next_dagrun for example_xcom to 2021-01-01T00:00:00+00:00, run_after=2021-01-01T00:00:00+00:00
[2025-08-14T11:00:40.231+0000] {processor.py:179} INFO - Processing /home/vscode/.local/lib/python3.10/site-packages/airflow/example_dags/example_xcom.py took 0.052 seconds
[2025-08-14T11:01:28.688+0000] {processor.py:157} INFO - Started process (PID=41116) to work on /home/vscode/.local/lib/python3.10/site-packages/airflow/example_dags/example_xcom.py
[2025-08-14T11:01:28.688+0000] {processor.py:826} INFO - Processing file /home/vscode/.local/lib/python3.10/site-packages/airflow/example_dags/example_xcom.py for tasks to queue
[2025-08-14T11:01:28.689+0000] {logging_mixin.py:150} INFO - [2025-08-14T11:01:28.689+0000] {dagbag.py:541} INFO - Filling up the DagBag from /home/vscode/.local/lib/python3.10/site-packages/airflow/example_dags/example_xcom.py
[2025-08-14T11:01:28.695+0000] {processor.py:836} INFO - DAG(s) dict_keys(['example_xcom']) retrieved from /home/vscode/.local/lib/python3.10/site-packages/airflow/example_dags/example_xcom.py
[2025-08-14T11:01:28.707+0000] {logging_mixin.py:150} INFO - [2025-08-14T11:01:28.707+0000] {dag.py:2742} INFO - Sync 1 DAGs
[2025-08-14T11:01:28.721+0000] {logging_mixin.py:150} INFO - [2025-08-14T11:01:28.721+0000] {dag.py:3504} INFO - Setting next_dagrun for example_xcom to 2021-01-01T00:00:00+00:00, run_after=2021-01-01T00:00:00+00:00
[2025-08-14T11:01:28.736+0000] {processor.py:179} INFO - Processing /home/vscode/.local/lib/python3.10/site-packages/airflow/example_dags/example_xcom.py took 0.051 seconds
[2025-08-14T11:02:15.988+0000] {processor.py:157} INFO - Started process (PID=41566) to work on /home/vscode/.local/lib/python3.10/site-packages/airflow/example_dags/example_xcom.py
[2025-08-14T11:02:15.988+0000] {processor.py:826} INFO - Processing file /home/vscode/.local/lib/python3.10/site-packages/airflow/example_dags/example_xcom.py for tasks to queue
[2025-08-14T11:02:15.989+0000] {logging_mixin.py:150} INFO - [2025-08-14T11:02:15.989+0000] {dagbag.py:541} INFO - Filling up the DagBag from /home/vscode/.local/lib/python3.10/site-packages/airflow/example_dags/example_xcom.py
[2025-08-14T11:02:15.994+0000] {processor.py:836} INFO - DAG(s) dict_keys(['example_xcom']) retrieved from /home/vscode/.local/lib/python3.10/site-packages/airflow/example_dags/example_xcom.py
[2025-08-14T11:02:16.007+0000] {logging_mixin.py:150} INFO - [2025-08-14T11:02:16.007+0000] {dag.py:2742} INFO - Sync 1 DAGs
[2025-08-14T11:02:16.021+0000] {logging_mixin.py:150} INFO - [2025-08-14T11:02:16.021+0000] {dag.py:3504} INFO - Setting next_dagrun for example_xcom to 2021-01-01T00:00:00+00:00, run_after=2021-01-01T00:00:00+00:00
[2025-08-14T11:02:16.036+0000] {processor.py:179} INFO - Processing /home/vscode/.local/lib/python3.10/site-packages/airflow/example_dags/example_xcom.py took 0.051 seconds
[2025-08-14T11:03:03.286+0000] {processor.py:157} INFO - Started process (PID=42021) to work on /home/vscode/.local/lib/python3.10/site-packages/airflow/example_dags/example_xcom.py
[2025-08-14T11:03:03.287+0000] {processor.py:826} INFO - Processing file /home/vscode/.local/lib/python3.10/site-packages/airflow/example_dags/example_xcom.py for tasks to queue
[2025-08-14T11:03:03.288+0000] {logging_mixin.py:150} INFO - [2025-08-14T11:03:03.287+0000] {dagbag.py:541} INFO - Filling up the DagBag from /home/vscode/.local/lib/python3.10/site-packages/airflow/example_dags/example_xcom.py
[2025-08-14T11:03:03.293+0000] {processor.py:836} INFO - DAG(s) dict_keys(['example_xcom']) retrieved from /home/vscode/.local/lib/python3.10/site-packages/airflow/example_dags/example_xcom.py
[2025-08-14T11:03:03.305+0000] {logging_mixin.py:150} INFO - [2025-08-14T11:03:03.305+0000] {dag.py:2742} INFO - Sync 1 DAGs
[2025-08-14T11:03:03.319+0000] {logging_mixin.py:150} INFO - [2025-08-14T11:03:03.319+0000] {dag.py:3504} INFO - Setting next_dagrun for example_xcom to 2021-01-01T00:00:00+00:00, run_after=2021-01-01T00:00:00+00:00
[2025-08-14T11:03:03.334+0000] {processor.py:179} INFO - Processing /home/vscode/.local/lib/python3.10/site-packages/airflow/example_dags/example_xcom.py took 0.050 seconds
[2025-08-14T11:03:48.433+0000] {processor.py:157} INFO - Started process (PID=42451) to work on /home/vscode/.local/lib/python3.10/site-packages/airflow/example_dags/example_xcom.py
[2025-08-14T11:03:48.434+0000] {processor.py:826} INFO - Processing file /home/vscode/.local/lib/python3.10/site-packages/airflow/example_dags/example_xcom.py for tasks to queue
[2025-08-14T11:03:48.434+0000] {logging_mixin.py:150} INFO - [2025-08-14T11:03:48.434+0000] {dagbag.py:541} INFO - Filling up the DagBag from /home/vscode/.local/lib/python3.10/site-packages/airflow/example_dags/example_xcom.py
[2025-08-14T11:03:48.440+0000] {processor.py:836} INFO - DAG(s) dict_keys(['example_xcom']) retrieved from /home/vscode/.local/lib/python3.10/site-packages/airflow/example_dags/example_xcom.py
[2025-08-14T11:03:48.453+0000] {logging_mixin.py:150} INFO - [2025-08-14T11:03:48.453+0000] {dag.py:2742} INFO - Sync 1 DAGs
[2025-08-14T11:03:48.468+0000] {logging_mixin.py:150} INFO - [2025-08-14T11:03:48.468+0000] {dag.py:3504} INFO - Setting next_dagrun for example_xcom to 2021-01-01T00:00:00+00:00, run_after=2021-01-01T00:00:00+00:00
[2025-08-14T11:03:48.484+0000] {processor.py:179} INFO - Processing /home/vscode/.local/lib/python3.10/site-packages/airflow/example_dags/example_xcom.py took 0.054 seconds
[2025-08-14T11:04:37.972+0000] {processor.py:157} INFO - Started process (PID=42923) to work on /home/vscode/.local/lib/python3.10/site-packages/airflow/example_dags/example_xcom.py
[2025-08-14T11:04:37.973+0000] {processor.py:826} INFO - Processing file /home/vscode/.local/lib/python3.10/site-packages/airflow/example_dags/example_xcom.py for tasks to queue
[2025-08-14T11:04:37.973+0000] {logging_mixin.py:150} INFO - [2025-08-14T11:04:37.973+0000] {dagbag.py:541} INFO - Filling up the DagBag from /home/vscode/.local/lib/python3.10/site-packages/airflow/example_dags/example_xcom.py
[2025-08-14T11:04:37.979+0000] {processor.py:836} INFO - DAG(s) dict_keys(['example_xcom']) retrieved from /home/vscode/.local/lib/python3.10/site-packages/airflow/example_dags/example_xcom.py
[2025-08-14T11:04:37.991+0000] {logging_mixin.py:150} INFO - [2025-08-14T11:04:37.991+0000] {dag.py:2742} INFO - Sync 1 DAGs
[2025-08-14T11:04:38.006+0000] {logging_mixin.py:150} INFO - [2025-08-14T11:04:38.006+0000] {dag.py:3504} INFO - Setting next_dagrun for example_xcom to 2021-01-01T00:00:00+00:00, run_after=2021-01-01T00:00:00+00:00
[2025-08-14T11:04:38.022+0000] {processor.py:179} INFO - Processing /home/vscode/.local/lib/python3.10/site-packages/airflow/example_dags/example_xcom.py took 0.053 seconds
[2025-08-14T11:05:27.229+0000] {processor.py:157} INFO - Started process (PID=43395) to work on /home/vscode/.local/lib/python3.10/site-packages/airflow/example_dags/example_xcom.py
[2025-08-14T11:05:27.229+0000] {processor.py:826} INFO - Processing file /home/vscode/.local/lib/python3.10/site-packages/airflow/example_dags/example_xcom.py for tasks to queue
[2025-08-14T11:05:27.230+0000] {logging_mixin.py:150} INFO - [2025-08-14T11:05:27.230+0000] {dagbag.py:541} INFO - Filling up the DagBag from /home/vscode/.local/lib/python3.10/site-packages/airflow/example_dags/example_xcom.py
[2025-08-14T11:05:27.236+0000] {processor.py:836} INFO - DAG(s) dict_keys(['example_xcom']) retrieved from /home/vscode/.local/lib/python3.10/site-packages/airflow/example_dags/example_xcom.py
[2025-08-14T11:05:27.247+0000] {logging_mixin.py:150} INFO - [2025-08-14T11:05:27.247+0000] {dag.py:2742} INFO - Sync 1 DAGs
[2025-08-14T11:05:27.261+0000] {logging_mixin.py:150} INFO - [2025-08-14T11:05:27.261+0000] {dag.py:3504} INFO - Setting next_dagrun for example_xcom to 2021-01-01T00:00:00+00:00, run_after=2021-01-01T00:00:00+00:00
[2025-08-14T11:05:27.276+0000] {processor.py:179} INFO - Processing /home/vscode/.local/lib/python3.10/site-packages/airflow/example_dags/example_xcom.py took 0.050 seconds
[2025-08-14T11:06:07.902+0000] {processor.py:157} INFO - Started process (PID=43793) to work on /home/vscode/.local/lib/python3.10/site-packages/airflow/example_dags/example_xcom.py
[2025-08-14T11:06:07.903+0000] {processor.py:826} INFO - Processing file /home/vscode/.local/lib/python3.10/site-packages/airflow/example_dags/example_xcom.py for tasks to queue
[2025-08-14T11:06:07.904+0000] {logging_mixin.py:150} INFO - [2025-08-14T11:06:07.903+0000] {dagbag.py:541} INFO - Filling up the DagBag from /home/vscode/.local/lib/python3.10/site-packages/airflow/example_dags/example_xcom.py
[2025-08-14T11:06:07.909+0000] {processor.py:836} INFO - DAG(s) dict_keys(['example_xcom']) retrieved from /home/vscode/.local/lib/python3.10/site-packages/airflow/example_dags/example_xcom.py
[2025-08-14T11:06:07.921+0000] {logging_mixin.py:150} INFO - [2025-08-14T11:06:07.921+0000] {dag.py:2742} INFO - Sync 1 DAGs
[2025-08-14T11:06:07.936+0000] {logging_mixin.py:150} INFO - [2025-08-14T11:06:07.936+0000] {dag.py:3504} INFO - Setting next_dagrun for example_xcom to 2021-01-01T00:00:00+00:00, run_after=2021-01-01T00:00:00+00:00
[2025-08-14T11:06:07.952+0000] {processor.py:179} INFO - Processing /home/vscode/.local/lib/python3.10/site-packages/airflow/example_dags/example_xcom.py took 0.052 seconds
[2025-08-14T11:06:57.142+0000] {processor.py:157} INFO - Started process (PID=44266) to work on /home/vscode/.local/lib/python3.10/site-packages/airflow/example_dags/example_xcom.py
[2025-08-14T11:06:57.143+0000] {processor.py:826} INFO - Processing file /home/vscode/.local/lib/python3.10/site-packages/airflow/example_dags/example_xcom.py for tasks to queue
[2025-08-14T11:06:57.144+0000] {logging_mixin.py:150} INFO - [2025-08-14T11:06:57.143+0000] {dagbag.py:541} INFO - Filling up the DagBag from /home/vscode/.local/lib/python3.10/site-packages/airflow/example_dags/example_xcom.py
[2025-08-14T11:06:57.149+0000] {processor.py:836} INFO - DAG(s) dict_keys(['example_xcom']) retrieved from /home/vscode/.local/lib/python3.10/site-packages/airflow/example_dags/example_xcom.py
[2025-08-14T11:06:57.161+0000] {logging_mixin.py:150} INFO - [2025-08-14T11:06:57.161+0000] {dag.py:2742} INFO - Sync 1 DAGs
[2025-08-14T11:06:57.176+0000] {logging_mixin.py:150} INFO - [2025-08-14T11:06:57.176+0000] {dag.py:3504} INFO - Setting next_dagrun for example_xcom to 2021-01-01T00:00:00+00:00, run_after=2021-01-01T00:00:00+00:00
[2025-08-14T11:06:57.192+0000] {processor.py:179} INFO - Processing /home/vscode/.local/lib/python3.10/site-packages/airflow/example_dags/example_xcom.py took 0.052 seconds
[2025-08-14T11:07:43.395+0000] {processor.py:157} INFO - Started process (PID=44695) to work on /home/vscode/.local/lib/python3.10/site-packages/airflow/example_dags/example_xcom.py
[2025-08-14T11:07:43.396+0000] {processor.py:826} INFO - Processing file /home/vscode/.local/lib/python3.10/site-packages/airflow/example_dags/example_xcom.py for tasks to queue
[2025-08-14T11:07:43.397+0000] {logging_mixin.py:150} INFO - [2025-08-14T11:07:43.396+0000] {dagbag.py:541} INFO - Filling up the DagBag from /home/vscode/.local/lib/python3.10/site-packages/airflow/example_dags/example_xcom.py
[2025-08-14T11:07:43.402+0000] {processor.py:836} INFO - DAG(s) dict_keys(['example_xcom']) retrieved from /home/vscode/.local/lib/python3.10/site-packages/airflow/example_dags/example_xcom.py
[2025-08-14T11:07:43.414+0000] {logging_mixin.py:150} INFO - [2025-08-14T11:07:43.414+0000] {dag.py:2742} INFO - Sync 1 DAGs
[2025-08-14T11:07:43.428+0000] {logging_mixin.py:150} INFO - [2025-08-14T11:07:43.428+0000] {dag.py:3504} INFO - Setting next_dagrun for example_xcom to 2021-01-01T00:00:00+00:00, run_after=2021-01-01T00:00:00+00:00
[2025-08-14T11:07:43.448+0000] {processor.py:179} INFO - Processing /home/vscode/.local/lib/python3.10/site-packages/airflow/example_dags/example_xcom.py took 0.055 seconds
[2025-08-14T11:08:26.757+0000] {processor.py:157} INFO - Started process (PID=45115) to work on /home/vscode/.local/lib/python3.10/site-packages/airflow/example_dags/example_xcom.py
[2025-08-14T11:08:26.757+0000] {processor.py:826} INFO - Processing file /home/vscode/.local/lib/python3.10/site-packages/airflow/example_dags/example_xcom.py for tasks to queue
[2025-08-14T11:08:26.758+0000] {logging_mixin.py:150} INFO - [2025-08-14T11:08:26.758+0000] {dagbag.py:541} INFO - Filling up the DagBag from /home/vscode/.local/lib/python3.10/site-packages/airflow/example_dags/example_xcom.py
[2025-08-14T11:08:26.764+0000] {processor.py:836} INFO - DAG(s) dict_keys(['example_xcom']) retrieved from /home/vscode/.local/lib/python3.10/site-packages/airflow/example_dags/example_xcom.py
[2025-08-14T11:08:26.776+0000] {logging_mixin.py:150} INFO - [2025-08-14T11:08:26.776+0000] {dag.py:2742} INFO - Sync 1 DAGs
[2025-08-14T11:08:26.791+0000] {logging_mixin.py:150} INFO - [2025-08-14T11:08:26.791+0000] {dag.py:3504} INFO - Setting next_dagrun for example_xcom to 2021-01-01T00:00:00+00:00, run_after=2021-01-01T00:00:00+00:00
[2025-08-14T11:08:26.808+0000] {processor.py:179} INFO - Processing /home/vscode/.local/lib/python3.10/site-packages/airflow/example_dags/example_xcom.py took 0.053 seconds
[2025-08-14T11:09:13.620+0000] {processor.py:157} INFO - Started process (PID=45564) to work on /home/vscode/.local/lib/python3.10/site-packages/airflow/example_dags/example_xcom.py
[2025-08-14T11:09:13.620+0000] {processor.py:826} INFO - Processing file /home/vscode/.local/lib/python3.10/site-packages/airflow/example_dags/example_xcom.py for tasks to queue
[2025-08-14T11:09:13.621+0000] {logging_mixin.py:150} INFO - [2025-08-14T11:09:13.621+0000] {dagbag.py:541} INFO - Filling up the DagBag from /home/vscode/.local/lib/python3.10/site-packages/airflow/example_dags/example_xcom.py
[2025-08-14T11:09:13.626+0000] {processor.py:836} INFO - DAG(s) dict_keys(['example_xcom']) retrieved from /home/vscode/.local/lib/python3.10/site-packages/airflow/example_dags/example_xcom.py
[2025-08-14T11:09:13.638+0000] {logging_mixin.py:150} INFO - [2025-08-14T11:09:13.638+0000] {dag.py:2742} INFO - Sync 1 DAGs
[2025-08-14T11:09:13.652+0000] {logging_mixin.py:150} INFO - [2025-08-14T11:09:13.652+0000] {dag.py:3504} INFO - Setting next_dagrun for example_xcom to 2021-01-01T00:00:00+00:00, run_after=2021-01-01T00:00:00+00:00
[2025-08-14T11:09:13.667+0000] {processor.py:179} INFO - Processing /home/vscode/.local/lib/python3.10/site-packages/airflow/example_dags/example_xcom.py took 0.050 seconds
[2025-08-14T11:10:05.034+0000] {processor.py:157} INFO - Started process (PID=46054) to work on /home/vscode/.local/lib/python3.10/site-packages/airflow/example_dags/example_xcom.py
[2025-08-14T11:10:05.035+0000] {processor.py:826} INFO - Processing file /home/vscode/.local/lib/python3.10/site-packages/airflow/example_dags/example_xcom.py for tasks to queue
[2025-08-14T11:10:05.035+0000] {logging_mixin.py:150} INFO - [2025-08-14T11:10:05.035+0000] {dagbag.py:541} INFO - Filling up the DagBag from /home/vscode/.local/lib/python3.10/site-packages/airflow/example_dags/example_xcom.py
[2025-08-14T11:10:05.041+0000] {processor.py:836} INFO - DAG(s) dict_keys(['example_xcom']) retrieved from /home/vscode/.local/lib/python3.10/site-packages/airflow/example_dags/example_xcom.py
[2025-08-14T11:10:05.052+0000] {logging_mixin.py:150} INFO - [2025-08-14T11:10:05.052+0000] {dag.py:2742} INFO - Sync 1 DAGs
[2025-08-14T11:10:05.066+0000] {logging_mixin.py:150} INFO - [2025-08-14T11:10:05.066+0000] {dag.py:3504} INFO - Setting next_dagrun for example_xcom to 2021-01-01T00:00:00+00:00, run_after=2021-01-01T00:00:00+00:00
[2025-08-14T11:10:05.082+0000] {processor.py:179} INFO - Processing /home/vscode/.local/lib/python3.10/site-packages/airflow/example_dags/example_xcom.py took 0.051 seconds
[2025-08-14T11:10:52.708+0000] {processor.py:157} INFO - Started process (PID=46506) to work on /home/vscode/.local/lib/python3.10/site-packages/airflow/example_dags/example_xcom.py
[2025-08-14T11:10:52.709+0000] {processor.py:826} INFO - Processing file /home/vscode/.local/lib/python3.10/site-packages/airflow/example_dags/example_xcom.py for tasks to queue
[2025-08-14T11:10:52.710+0000] {logging_mixin.py:150} INFO - [2025-08-14T11:10:52.709+0000] {dagbag.py:541} INFO - Filling up the DagBag from /home/vscode/.local/lib/python3.10/site-packages/airflow/example_dags/example_xcom.py
[2025-08-14T11:10:52.715+0000] {processor.py:836} INFO - DAG(s) dict_keys(['example_xcom']) retrieved from /home/vscode/.local/lib/python3.10/site-packages/airflow/example_dags/example_xcom.py
[2025-08-14T11:10:52.727+0000] {logging_mixin.py:150} INFO - [2025-08-14T11:10:52.727+0000] {dag.py:2742} INFO - Sync 1 DAGs
[2025-08-14T11:10:52.741+0000] {logging_mixin.py:150} INFO - [2025-08-14T11:10:52.741+0000] {dag.py:3504} INFO - Setting next_dagrun for example_xcom to 2021-01-01T00:00:00+00:00, run_after=2021-01-01T00:00:00+00:00
[2025-08-14T11:10:52.756+0000] {processor.py:179} INFO - Processing /home/vscode/.local/lib/python3.10/site-packages/airflow/example_dags/example_xcom.py took 0.050 seconds
[2025-08-14T11:11:33.531+0000] {processor.py:157} INFO - Started process (PID=46903) to work on /home/vscode/.local/lib/python3.10/site-packages/airflow/example_dags/example_xcom.py
[2025-08-14T11:11:33.531+0000] {processor.py:826} INFO - Processing file /home/vscode/.local/lib/python3.10/site-packages/airflow/example_dags/example_xcom.py for tasks to queue
[2025-08-14T11:11:33.532+0000] {logging_mixin.py:150} INFO - [2025-08-14T11:11:33.532+0000] {dagbag.py:541} INFO - Filling up the DagBag from /home/vscode/.local/lib/python3.10/site-packages/airflow/example_dags/example_xcom.py
[2025-08-14T11:11:33.538+0000] {processor.py:836} INFO - DAG(s) dict_keys(['example_xcom']) retrieved from /home/vscode/.local/lib/python3.10/site-packages/airflow/example_dags/example_xcom.py
[2025-08-14T11:11:33.550+0000] {logging_mixin.py:150} INFO - [2025-08-14T11:11:33.550+0000] {dag.py:2742} INFO - Sync 1 DAGs
[2025-08-14T11:11:33.564+0000] {logging_mixin.py:150} INFO - [2025-08-14T11:11:33.564+0000] {dag.py:3504} INFO - Setting next_dagrun for example_xcom to 2021-01-01T00:00:00+00:00, run_after=2021-01-01T00:00:00+00:00
[2025-08-14T11:11:33.579+0000] {processor.py:179} INFO - Processing /home/vscode/.local/lib/python3.10/site-packages/airflow/example_dags/example_xcom.py took 0.050 seconds
[2025-08-14T11:12:15.775+0000] {processor.py:157} INFO - Started process (PID=47315) to work on /home/vscode/.local/lib/python3.10/site-packages/airflow/example_dags/example_xcom.py
[2025-08-14T11:12:15.775+0000] {processor.py:826} INFO - Processing file /home/vscode/.local/lib/python3.10/site-packages/airflow/example_dags/example_xcom.py for tasks to queue
[2025-08-14T11:12:15.776+0000] {logging_mixin.py:150} INFO - [2025-08-14T11:12:15.776+0000] {dagbag.py:541} INFO - Filling up the DagBag from /home/vscode/.local/lib/python3.10/site-packages/airflow/example_dags/example_xcom.py
[2025-08-14T11:12:15.782+0000] {processor.py:836} INFO - DAG(s) dict_keys(['example_xcom']) retrieved from /home/vscode/.local/lib/python3.10/site-packages/airflow/example_dags/example_xcom.py
[2025-08-14T11:12:15.799+0000] {logging_mixin.py:150} INFO - [2025-08-14T11:12:15.799+0000] {dag.py:2742} INFO - Sync 1 DAGs
[2025-08-14T11:12:15.820+0000] {logging_mixin.py:150} INFO - [2025-08-14T11:12:15.819+0000] {dag.py:3504} INFO - Setting next_dagrun for example_xcom to 2021-01-01T00:00:00+00:00, run_after=2021-01-01T00:00:00+00:00
[2025-08-14T11:12:15.864+0000] {processor.py:179} INFO - Processing /home/vscode/.local/lib/python3.10/site-packages/airflow/example_dags/example_xcom.py took 0.091 seconds
[2025-08-14T11:13:04.447+0000] {processor.py:157} INFO - Started process (PID=47773) to work on /home/vscode/.local/lib/python3.10/site-packages/airflow/example_dags/example_xcom.py
[2025-08-14T11:13:04.448+0000] {processor.py:826} INFO - Processing file /home/vscode/.local/lib/python3.10/site-packages/airflow/example_dags/example_xcom.py for tasks to queue
[2025-08-14T11:13:04.449+0000] {logging_mixin.py:150} INFO - [2025-08-14T11:13:04.448+0000] {dagbag.py:541} INFO - Filling up the DagBag from /home/vscode/.local/lib/python3.10/site-packages/airflow/example_dags/example_xcom.py
[2025-08-14T11:13:04.456+0000] {processor.py:836} INFO - DAG(s) dict_keys(['example_xcom']) retrieved from /home/vscode/.local/lib/python3.10/site-packages/airflow/example_dags/example_xcom.py
[2025-08-14T11:13:04.471+0000] {logging_mixin.py:150} INFO - [2025-08-14T11:13:04.470+0000] {dag.py:2742} INFO - Sync 1 DAGs
[2025-08-14T11:13:04.485+0000] {logging_mixin.py:150} INFO - [2025-08-14T11:13:04.484+0000] {dag.py:3504} INFO - Setting next_dagrun for example_xcom to 2021-01-01T00:00:00+00:00, run_after=2021-01-01T00:00:00+00:00
[2025-08-14T11:13:04.499+0000] {processor.py:179} INFO - Processing /home/vscode/.local/lib/python3.10/site-packages/airflow/example_dags/example_xcom.py took 0.054 seconds
[2025-08-14T11:13:53.988+0000] {processor.py:157} INFO - Started process (PID=48243) to work on /home/vscode/.local/lib/python3.10/site-packages/airflow/example_dags/example_xcom.py
[2025-08-14T11:13:53.989+0000] {processor.py:826} INFO - Processing file /home/vscode/.local/lib/python3.10/site-packages/airflow/example_dags/example_xcom.py for tasks to queue
[2025-08-14T11:13:53.990+0000] {logging_mixin.py:150} INFO - [2025-08-14T11:13:53.989+0000] {dagbag.py:541} INFO - Filling up the DagBag from /home/vscode/.local/lib/python3.10/site-packages/airflow/example_dags/example_xcom.py
[2025-08-14T11:13:53.995+0000] {processor.py:836} INFO - DAG(s) dict_keys(['example_xcom']) retrieved from /home/vscode/.local/lib/python3.10/site-packages/airflow/example_dags/example_xcom.py
[2025-08-14T11:13:54.007+0000] {logging_mixin.py:150} INFO - [2025-08-14T11:13:54.007+0000] {dag.py:2742} INFO - Sync 1 DAGs
[2025-08-14T11:13:54.021+0000] {logging_mixin.py:150} INFO - [2025-08-14T11:13:54.021+0000] {dag.py:3504} INFO - Setting next_dagrun for example_xcom to 2021-01-01T00:00:00+00:00, run_after=2021-01-01T00:00:00+00:00
[2025-08-14T11:13:54.037+0000] {processor.py:179} INFO - Processing /home/vscode/.local/lib/python3.10/site-packages/airflow/example_dags/example_xcom.py took 0.050 seconds
[2025-08-14T11:14:38.679+0000] {processor.py:157} INFO - Started process (PID=48676) to work on /home/vscode/.local/lib/python3.10/site-packages/airflow/example_dags/example_xcom.py
[2025-08-14T11:14:38.680+0000] {processor.py:826} INFO - Processing file /home/vscode/.local/lib/python3.10/site-packages/airflow/example_dags/example_xcom.py for tasks to queue
[2025-08-14T11:14:38.681+0000] {logging_mixin.py:150} INFO - [2025-08-14T11:14:38.680+0000] {dagbag.py:541} INFO - Filling up the DagBag from /home/vscode/.local/lib/python3.10/site-packages/airflow/example_dags/example_xcom.py
[2025-08-14T11:14:38.686+0000] {processor.py:836} INFO - DAG(s) dict_keys(['example_xcom']) retrieved from /home/vscode/.local/lib/python3.10/site-packages/airflow/example_dags/example_xcom.py
[2025-08-14T11:14:38.698+0000] {logging_mixin.py:150} INFO - [2025-08-14T11:14:38.698+0000] {dag.py:2742} INFO - Sync 1 DAGs
[2025-08-14T11:14:38.712+0000] {logging_mixin.py:150} INFO - [2025-08-14T11:14:38.712+0000] {dag.py:3504} INFO - Setting next_dagrun for example_xcom to 2021-01-01T00:00:00+00:00, run_after=2021-01-01T00:00:00+00:00
[2025-08-14T11:14:38.728+0000] {processor.py:179} INFO - Processing /home/vscode/.local/lib/python3.10/site-packages/airflow/example_dags/example_xcom.py took 0.051 seconds
[2025-08-14T11:15:28.930+0000] {processor.py:157} INFO - Started process (PID=49156) to work on /home/vscode/.local/lib/python3.10/site-packages/airflow/example_dags/example_xcom.py
[2025-08-14T11:15:28.930+0000] {processor.py:826} INFO - Processing file /home/vscode/.local/lib/python3.10/site-packages/airflow/example_dags/example_xcom.py for tasks to queue
[2025-08-14T11:15:28.931+0000] {logging_mixin.py:150} INFO - [2025-08-14T11:15:28.931+0000] {dagbag.py:541} INFO - Filling up the DagBag from /home/vscode/.local/lib/python3.10/site-packages/airflow/example_dags/example_xcom.py
[2025-08-14T11:15:28.937+0000] {processor.py:836} INFO - DAG(s) dict_keys(['example_xcom']) retrieved from /home/vscode/.local/lib/python3.10/site-packages/airflow/example_dags/example_xcom.py
[2025-08-14T11:15:28.949+0000] {logging_mixin.py:150} INFO - [2025-08-14T11:15:28.949+0000] {dag.py:2742} INFO - Sync 1 DAGs
[2025-08-14T11:15:28.963+0000] {logging_mixin.py:150} INFO - [2025-08-14T11:15:28.963+0000] {dag.py:3504} INFO - Setting next_dagrun for example_xcom to 2021-01-01T00:00:00+00:00, run_after=2021-01-01T00:00:00+00:00
[2025-08-14T11:15:28.978+0000] {processor.py:179} INFO - Processing /home/vscode/.local/lib/python3.10/site-packages/airflow/example_dags/example_xcom.py took 0.051 seconds
[2025-08-14T11:16:16.885+0000] {processor.py:157} INFO - Started process (PID=49619) to work on /home/vscode/.local/lib/python3.10/site-packages/airflow/example_dags/example_xcom.py
[2025-08-14T11:16:16.886+0000] {processor.py:826} INFO - Processing file /home/vscode/.local/lib/python3.10/site-packages/airflow/example_dags/example_xcom.py for tasks to queue
[2025-08-14T11:16:16.887+0000] {logging_mixin.py:150} INFO - [2025-08-14T11:16:16.886+0000] {dagbag.py:541} INFO - Filling up the DagBag from /home/vscode/.local/lib/python3.10/site-packages/airflow/example_dags/example_xcom.py
[2025-08-14T11:16:16.894+0000] {processor.py:836} INFO - DAG(s) dict_keys(['example_xcom']) retrieved from /home/vscode/.local/lib/python3.10/site-packages/airflow/example_dags/example_xcom.py
[2025-08-14T11:16:16.916+0000] {logging_mixin.py:150} INFO - [2025-08-14T11:16:16.916+0000] {dag.py:2742} INFO - Sync 1 DAGs
[2025-08-14T11:16:16.931+0000] {logging_mixin.py:150} INFO - [2025-08-14T11:16:16.931+0000] {dag.py:3504} INFO - Setting next_dagrun for example_xcom to 2021-01-01T00:00:00+00:00, run_after=2021-01-01T00:00:00+00:00
[2025-08-14T11:16:16.946+0000] {processor.py:179} INFO - Processing /home/vscode/.local/lib/python3.10/site-packages/airflow/example_dags/example_xcom.py took 0.064 seconds
[2025-08-14T11:17:01.421+0000] {processor.py:157} INFO - Started process (PID=50039) to work on /home/vscode/.local/lib/python3.10/site-packages/airflow/example_dags/example_xcom.py
[2025-08-14T11:17:01.422+0000] {processor.py:826} INFO - Processing file /home/vscode/.local/lib/python3.10/site-packages/airflow/example_dags/example_xcom.py for tasks to queue
[2025-08-14T11:17:01.423+0000] {logging_mixin.py:150} INFO - [2025-08-14T11:17:01.422+0000] {dagbag.py:541} INFO - Filling up the DagBag from /home/vscode/.local/lib/python3.10/site-packages/airflow/example_dags/example_xcom.py
[2025-08-14T11:17:01.428+0000] {processor.py:836} INFO - DAG(s) dict_keys(['example_xcom']) retrieved from /home/vscode/.local/lib/python3.10/site-packages/airflow/example_dags/example_xcom.py
[2025-08-14T11:17:01.440+0000] {logging_mixin.py:150} INFO - [2025-08-14T11:17:01.440+0000] {dag.py:2742} INFO - Sync 1 DAGs
[2025-08-14T11:17:01.454+0000] {logging_mixin.py:150} INFO - [2025-08-14T11:17:01.454+0000] {dag.py:3504} INFO - Setting next_dagrun for example_xcom to 2021-01-01T00:00:00+00:00, run_after=2021-01-01T00:00:00+00:00
[2025-08-14T11:17:01.470+0000] {processor.py:179} INFO - Processing /home/vscode/.local/lib/python3.10/site-packages/airflow/example_dags/example_xcom.py took 0.051 seconds
[2025-08-14T11:17:43.690+0000] {processor.py:157} INFO - Started process (PID=50444) to work on /home/vscode/.local/lib/python3.10/site-packages/airflow/example_dags/example_xcom.py
[2025-08-14T11:17:43.691+0000] {processor.py:826} INFO - Processing file /home/vscode/.local/lib/python3.10/site-packages/airflow/example_dags/example_xcom.py for tasks to queue
[2025-08-14T11:17:43.692+0000] {logging_mixin.py:150} INFO - [2025-08-14T11:17:43.691+0000] {dagbag.py:541} INFO - Filling up the DagBag from /home/vscode/.local/lib/python3.10/site-packages/airflow/example_dags/example_xcom.py
[2025-08-14T11:17:43.697+0000] {processor.py:836} INFO - DAG(s) dict_keys(['example_xcom']) retrieved from /home/vscode/.local/lib/python3.10/site-packages/airflow/example_dags/example_xcom.py
[2025-08-14T11:17:43.709+0000] {logging_mixin.py:150} INFO - [2025-08-14T11:17:43.709+0000] {dag.py:2742} INFO - Sync 1 DAGs
[2025-08-14T11:17:43.726+0000] {logging_mixin.py:150} INFO - [2025-08-14T11:17:43.726+0000] {dag.py:3504} INFO - Setting next_dagrun for example_xcom to 2021-01-01T00:00:00+00:00, run_after=2021-01-01T00:00:00+00:00
[2025-08-14T11:17:43.740+0000] {processor.py:179} INFO - Processing /home/vscode/.local/lib/python3.10/site-packages/airflow/example_dags/example_xcom.py took 0.052 seconds
[2025-08-14T11:18:29.934+0000] {processor.py:157} INFO - Started process (PID=50886) to work on /home/vscode/.local/lib/python3.10/site-packages/airflow/example_dags/example_xcom.py
[2025-08-14T11:18:29.935+0000] {processor.py:826} INFO - Processing file /home/vscode/.local/lib/python3.10/site-packages/airflow/example_dags/example_xcom.py for tasks to queue
[2025-08-14T11:18:29.935+0000] {logging_mixin.py:150} INFO - [2025-08-14T11:18:29.935+0000] {dagbag.py:541} INFO - Filling up the DagBag from /home/vscode/.local/lib/python3.10/site-packages/airflow/example_dags/example_xcom.py
[2025-08-14T11:18:29.941+0000] {processor.py:836} INFO - DAG(s) dict_keys(['example_xcom']) retrieved from /home/vscode/.local/lib/python3.10/site-packages/airflow/example_dags/example_xcom.py
[2025-08-14T11:18:29.953+0000] {logging_mixin.py:150} INFO - [2025-08-14T11:18:29.953+0000] {dag.py:2742} INFO - Sync 1 DAGs
[2025-08-14T11:18:29.968+0000] {logging_mixin.py:150} INFO - [2025-08-14T11:18:29.968+0000] {dag.py:3504} INFO - Setting next_dagrun for example_xcom to 2021-01-01T00:00:00+00:00, run_after=2021-01-01T00:00:00+00:00
[2025-08-14T11:18:29.983+0000] {processor.py:179} INFO - Processing /home/vscode/.local/lib/python3.10/site-packages/airflow/example_dags/example_xcom.py took 0.052 seconds
[2025-08-14T11:19:12.194+0000] {processor.py:157} INFO - Started process (PID=51292) to work on /home/vscode/.local/lib/python3.10/site-packages/airflow/example_dags/example_xcom.py
[2025-08-14T11:19:12.195+0000] {processor.py:826} INFO - Processing file /home/vscode/.local/lib/python3.10/site-packages/airflow/example_dags/example_xcom.py for tasks to queue
[2025-08-14T11:19:12.196+0000] {logging_mixin.py:150} INFO - [2025-08-14T11:19:12.195+0000] {dagbag.py:541} INFO - Filling up the DagBag from /home/vscode/.local/lib/python3.10/site-packages/airflow/example_dags/example_xcom.py
[2025-08-14T11:19:12.201+0000] {processor.py:836} INFO - DAG(s) dict_keys(['example_xcom']) retrieved from /home/vscode/.local/lib/python3.10/site-packages/airflow/example_dags/example_xcom.py
[2025-08-14T11:19:12.213+0000] {logging_mixin.py:150} INFO - [2025-08-14T11:19:12.213+0000] {dag.py:2742} INFO - Sync 1 DAGs
[2025-08-14T11:19:12.226+0000] {logging_mixin.py:150} INFO - [2025-08-14T11:19:12.226+0000] {dag.py:3504} INFO - Setting next_dagrun for example_xcom to 2021-01-01T00:00:00+00:00, run_after=2021-01-01T00:00:00+00:00
[2025-08-14T11:19:12.241+0000] {processor.py:179} INFO - Processing /home/vscode/.local/lib/python3.10/site-packages/airflow/example_dags/example_xcom.py took 0.049 seconds
[2025-08-14T11:19:50.750+0000] {processor.py:157} INFO - Started process (PID=51660) to work on /home/vscode/.local/lib/python3.10/site-packages/airflow/example_dags/example_xcom.py
[2025-08-14T11:19:50.751+0000] {processor.py:826} INFO - Processing file /home/vscode/.local/lib/python3.10/site-packages/airflow/example_dags/example_xcom.py for tasks to queue
[2025-08-14T11:19:50.752+0000] {logging_mixin.py:150} INFO - [2025-08-14T11:19:50.751+0000] {dagbag.py:541} INFO - Filling up the DagBag from /home/vscode/.local/lib/python3.10/site-packages/airflow/example_dags/example_xcom.py
[2025-08-14T11:19:50.757+0000] {processor.py:836} INFO - DAG(s) dict_keys(['example_xcom']) retrieved from /home/vscode/.local/lib/python3.10/site-packages/airflow/example_dags/example_xcom.py
[2025-08-14T11:19:50.770+0000] {logging_mixin.py:150} INFO - [2025-08-14T11:19:50.770+0000] {dag.py:2742} INFO - Sync 1 DAGs
[2025-08-14T11:19:50.785+0000] {logging_mixin.py:150} INFO - [2025-08-14T11:19:50.784+0000] {dag.py:3504} INFO - Setting next_dagrun for example_xcom to 2021-01-01T00:00:00+00:00, run_after=2021-01-01T00:00:00+00:00
[2025-08-14T11:19:50.801+0000] {processor.py:179} INFO - Processing /home/vscode/.local/lib/python3.10/site-packages/airflow/example_dags/example_xcom.py took 0.052 seconds
[2025-08-14T11:20:34.208+0000] {processor.py:157} INFO - Started process (PID=52074) to work on /home/vscode/.local/lib/python3.10/site-packages/airflow/example_dags/example_xcom.py
[2025-08-14T11:20:34.208+0000] {processor.py:826} INFO - Processing file /home/vscode/.local/lib/python3.10/site-packages/airflow/example_dags/example_xcom.py for tasks to queue
[2025-08-14T11:20:34.209+0000] {logging_mixin.py:150} INFO - [2025-08-14T11:20:34.209+0000] {dagbag.py:541} INFO - Filling up the DagBag from /home/vscode/.local/lib/python3.10/site-packages/airflow/example_dags/example_xcom.py
[2025-08-14T11:20:34.214+0000] {processor.py:836} INFO - DAG(s) dict_keys(['example_xcom']) retrieved from /home/vscode/.local/lib/python3.10/site-packages/airflow/example_dags/example_xcom.py
[2025-08-14T11:20:34.228+0000] {logging_mixin.py:150} INFO - [2025-08-14T11:20:34.228+0000] {dag.py:2742} INFO - Sync 1 DAGs
[2025-08-14T11:20:34.243+0000] {logging_mixin.py:150} INFO - [2025-08-14T11:20:34.243+0000] {dag.py:3504} INFO - Setting next_dagrun for example_xcom to 2021-01-01T00:00:00+00:00, run_after=2021-01-01T00:00:00+00:00
[2025-08-14T11:20:34.259+0000] {processor.py:179} INFO - Processing /home/vscode/.local/lib/python3.10/site-packages/airflow/example_dags/example_xcom.py took 0.054 seconds
[2025-08-14T11:21:22.709+0000] {processor.py:157} INFO - Started process (PID=52531) to work on /home/vscode/.local/lib/python3.10/site-packages/airflow/example_dags/example_xcom.py
[2025-08-14T11:21:22.709+0000] {processor.py:826} INFO - Processing file /home/vscode/.local/lib/python3.10/site-packages/airflow/example_dags/example_xcom.py for tasks to queue
[2025-08-14T11:21:22.710+0000] {logging_mixin.py:150} INFO - [2025-08-14T11:21:22.710+0000] {dagbag.py:541} INFO - Filling up the DagBag from /home/vscode/.local/lib/python3.10/site-packages/airflow/example_dags/example_xcom.py
[2025-08-14T11:21:22.716+0000] {processor.py:836} INFO - DAG(s) dict_keys(['example_xcom']) retrieved from /home/vscode/.local/lib/python3.10/site-packages/airflow/example_dags/example_xcom.py
[2025-08-14T11:21:22.729+0000] {logging_mixin.py:150} INFO - [2025-08-14T11:21:22.729+0000] {dag.py:2742} INFO - Sync 1 DAGs
[2025-08-14T11:21:22.744+0000] {logging_mixin.py:150} INFO - [2025-08-14T11:21:22.744+0000] {dag.py:3504} INFO - Setting next_dagrun for example_xcom to 2021-01-01T00:00:00+00:00, run_after=2021-01-01T00:00:00+00:00
[2025-08-14T11:21:22.760+0000] {processor.py:179} INFO - Processing /home/vscode/.local/lib/python3.10/site-packages/airflow/example_dags/example_xcom.py took 0.054 seconds
[2025-08-14T11:22:08.135+0000] {processor.py:157} INFO - Started process (PID=52972) to work on /home/vscode/.local/lib/python3.10/site-packages/airflow/example_dags/example_xcom.py
[2025-08-14T11:22:08.137+0000] {processor.py:826} INFO - Processing file /home/vscode/.local/lib/python3.10/site-packages/airflow/example_dags/example_xcom.py for tasks to queue
[2025-08-14T11:22:08.138+0000] {logging_mixin.py:150} INFO - [2025-08-14T11:22:08.138+0000] {dagbag.py:541} INFO - Filling up the DagBag from /home/vscode/.local/lib/python3.10/site-packages/airflow/example_dags/example_xcom.py
[2025-08-14T11:22:08.149+0000] {processor.py:836} INFO - DAG(s) dict_keys(['example_xcom']) retrieved from /home/vscode/.local/lib/python3.10/site-packages/airflow/example_dags/example_xcom.py
[2025-08-14T11:22:08.171+0000] {logging_mixin.py:150} INFO - [2025-08-14T11:22:08.170+0000] {dag.py:2742} INFO - Sync 1 DAGs
[2025-08-14T11:22:08.187+0000] {logging_mixin.py:150} INFO - [2025-08-14T11:22:08.186+0000] {dag.py:3504} INFO - Setting next_dagrun for example_xcom to 2021-01-01T00:00:00+00:00, run_after=2021-01-01T00:00:00+00:00
[2025-08-14T11:22:08.201+0000] {processor.py:179} INFO - Processing /home/vscode/.local/lib/python3.10/site-packages/airflow/example_dags/example_xcom.py took 0.072 seconds
[2025-08-14T11:22:54.875+0000] {processor.py:157} INFO - Started process (PID=53417) to work on /home/vscode/.local/lib/python3.10/site-packages/airflow/example_dags/example_xcom.py
[2025-08-14T11:22:54.876+0000] {processor.py:826} INFO - Processing file /home/vscode/.local/lib/python3.10/site-packages/airflow/example_dags/example_xcom.py for tasks to queue
[2025-08-14T11:22:54.877+0000] {logging_mixin.py:150} INFO - [2025-08-14T11:22:54.876+0000] {dagbag.py:541} INFO - Filling up the DagBag from /home/vscode/.local/lib/python3.10/site-packages/airflow/example_dags/example_xcom.py
[2025-08-14T11:22:54.882+0000] {processor.py:836} INFO - DAG(s) dict_keys(['example_xcom']) retrieved from /home/vscode/.local/lib/python3.10/site-packages/airflow/example_dags/example_xcom.py
[2025-08-14T11:22:54.894+0000] {logging_mixin.py:150} INFO - [2025-08-14T11:22:54.894+0000] {dag.py:2742} INFO - Sync 1 DAGs
[2025-08-14T11:22:54.908+0000] {logging_mixin.py:150} INFO - [2025-08-14T11:22:54.908+0000] {dag.py:3504} INFO - Setting next_dagrun for example_xcom to 2021-01-01T00:00:00+00:00, run_after=2021-01-01T00:00:00+00:00
[2025-08-14T11:22:54.922+0000] {processor.py:179} INFO - Processing /home/vscode/.local/lib/python3.10/site-packages/airflow/example_dags/example_xcom.py took 0.049 seconds
[2025-08-14T11:23:42.823+0000] {processor.py:157} INFO - Started process (PID=53880) to work on /home/vscode/.local/lib/python3.10/site-packages/airflow/example_dags/example_xcom.py
[2025-08-14T11:23:42.824+0000] {processor.py:826} INFO - Processing file /home/vscode/.local/lib/python3.10/site-packages/airflow/example_dags/example_xcom.py for tasks to queue
[2025-08-14T11:23:42.825+0000] {logging_mixin.py:150} INFO - [2025-08-14T11:23:42.824+0000] {dagbag.py:541} INFO - Filling up the DagBag from /home/vscode/.local/lib/python3.10/site-packages/airflow/example_dags/example_xcom.py
[2025-08-14T11:23:42.831+0000] {processor.py:836} INFO - DAG(s) dict_keys(['example_xcom']) retrieved from /home/vscode/.local/lib/python3.10/site-packages/airflow/example_dags/example_xcom.py
[2025-08-14T11:23:42.843+0000] {logging_mixin.py:150} INFO - [2025-08-14T11:23:42.843+0000] {dag.py:2742} INFO - Sync 1 DAGs
[2025-08-14T11:23:42.858+0000] {logging_mixin.py:150} INFO - [2025-08-14T11:23:42.857+0000] {dag.py:3504} INFO - Setting next_dagrun for example_xcom to 2021-01-01T00:00:00+00:00, run_after=2021-01-01T00:00:00+00:00
[2025-08-14T11:23:42.873+0000] {processor.py:179} INFO - Processing /home/vscode/.local/lib/python3.10/site-packages/airflow/example_dags/example_xcom.py took 0.052 seconds
[2025-08-14T11:24:29.228+0000] {processor.py:157} INFO - Started process (PID=54316) to work on /home/vscode/.local/lib/python3.10/site-packages/airflow/example_dags/example_xcom.py
[2025-08-14T11:24:29.228+0000] {processor.py:826} INFO - Processing file /home/vscode/.local/lib/python3.10/site-packages/airflow/example_dags/example_xcom.py for tasks to queue
[2025-08-14T11:24:29.229+0000] {logging_mixin.py:150} INFO - [2025-08-14T11:24:29.229+0000] {dagbag.py:541} INFO - Filling up the DagBag from /home/vscode/.local/lib/python3.10/site-packages/airflow/example_dags/example_xcom.py
[2025-08-14T11:24:29.234+0000] {processor.py:836} INFO - DAG(s) dict_keys(['example_xcom']) retrieved from /home/vscode/.local/lib/python3.10/site-packages/airflow/example_dags/example_xcom.py
[2025-08-14T11:24:29.246+0000] {logging_mixin.py:150} INFO - [2025-08-14T11:24:29.246+0000] {dag.py:2742} INFO - Sync 1 DAGs
[2025-08-14T11:24:29.260+0000] {logging_mixin.py:150} INFO - [2025-08-14T11:24:29.260+0000] {dag.py:3504} INFO - Setting next_dagrun for example_xcom to 2021-01-01T00:00:00+00:00, run_after=2021-01-01T00:00:00+00:00
[2025-08-14T11:24:29.276+0000] {processor.py:179} INFO - Processing /home/vscode/.local/lib/python3.10/site-packages/airflow/example_dags/example_xcom.py took 0.050 seconds
[2025-08-14T11:25:20.654+0000] {processor.py:157} INFO - Started process (PID=54809) to work on /home/vscode/.local/lib/python3.10/site-packages/airflow/example_dags/example_xcom.py
[2025-08-14T11:25:20.655+0000] {processor.py:826} INFO - Processing file /home/vscode/.local/lib/python3.10/site-packages/airflow/example_dags/example_xcom.py for tasks to queue
[2025-08-14T11:25:20.656+0000] {logging_mixin.py:150} INFO - [2025-08-14T11:25:20.656+0000] {dagbag.py:541} INFO - Filling up the DagBag from /home/vscode/.local/lib/python3.10/site-packages/airflow/example_dags/example_xcom.py
[2025-08-14T11:25:20.666+0000] {processor.py:836} INFO - DAG(s) dict_keys(['example_xcom']) retrieved from /home/vscode/.local/lib/python3.10/site-packages/airflow/example_dags/example_xcom.py
[2025-08-14T11:25:20.685+0000] {logging_mixin.py:150} INFO - [2025-08-14T11:25:20.685+0000] {dag.py:2742} INFO - Sync 1 DAGs
[2025-08-14T11:25:20.706+0000] {logging_mixin.py:150} INFO - [2025-08-14T11:25:20.705+0000] {dag.py:3504} INFO - Setting next_dagrun for example_xcom to 2021-01-01T00:00:00+00:00, run_after=2021-01-01T00:00:00+00:00
[2025-08-14T11:25:20.729+0000] {processor.py:179} INFO - Processing /home/vscode/.local/lib/python3.10/site-packages/airflow/example_dags/example_xcom.py took 0.078 seconds
[2025-08-14T11:26:09.164+0000] {processor.py:157} INFO - Started process (PID=55273) to work on /home/vscode/.local/lib/python3.10/site-packages/airflow/example_dags/example_xcom.py
[2025-08-14T11:26:09.164+0000] {processor.py:826} INFO - Processing file /home/vscode/.local/lib/python3.10/site-packages/airflow/example_dags/example_xcom.py for tasks to queue
[2025-08-14T11:26:09.165+0000] {logging_mixin.py:150} INFO - [2025-08-14T11:26:09.165+0000] {dagbag.py:541} INFO - Filling up the DagBag from /home/vscode/.local/lib/python3.10/site-packages/airflow/example_dags/example_xcom.py
[2025-08-14T11:26:09.171+0000] {processor.py:836} INFO - DAG(s) dict_keys(['example_xcom']) retrieved from /home/vscode/.local/lib/python3.10/site-packages/airflow/example_dags/example_xcom.py
[2025-08-14T11:26:09.183+0000] {logging_mixin.py:150} INFO - [2025-08-14T11:26:09.183+0000] {dag.py:2742} INFO - Sync 1 DAGs
[2025-08-14T11:26:09.198+0000] {logging_mixin.py:150} INFO - [2025-08-14T11:26:09.198+0000] {dag.py:3504} INFO - Setting next_dagrun for example_xcom to 2021-01-01T00:00:00+00:00, run_after=2021-01-01T00:00:00+00:00
[2025-08-14T11:26:09.213+0000] {processor.py:179} INFO - Processing /home/vscode/.local/lib/python3.10/site-packages/airflow/example_dags/example_xcom.py took 0.052 seconds
