[2025-08-14T09:39:37.637+0000] {processor.py:157} INFO - Started process (PID=3718) to work on /home/vscode/.local/lib/python3.10/site-packages/airflow/example_dags/example_nested_branch_dag.py
[2025-08-14T09:39:37.638+0000] {processor.py:826} INFO - Processing file /home/vscode/.local/lib/python3.10/site-packages/airflow/example_dags/example_nested_branch_dag.py for tasks to queue
[2025-08-14T09:39:37.639+0000] {logging_mixin.py:150} INFO - [2025-08-14T09:39:37.638+0000] {dagbag.py:541} INFO - Filling up the DagBag from /home/vscode/.local/lib/python3.10/site-packages/airflow/example_dags/example_nested_branch_dag.py
[2025-08-14T09:39:37.647+0000] {processor.py:836} INFO - DAG(s) dict_keys(['example_nested_branch_dag']) retrieved from /home/vscode/.local/lib/python3.10/site-packages/airflow/example_dags/example_nested_branch_dag.py
[2025-08-14T09:39:37.727+0000] {logging_mixin.py:150} INFO - [2025-08-14T09:39:37.726+0000] {manager.py:504} INFO - Created Permission View: can edit on DAG:example_nested_branch_dag
[2025-08-14T09:39:37.735+0000] {logging_mixin.py:150} INFO - [2025-08-14T09:39:37.735+0000] {manager.py:504} INFO - Created Permission View: can read on DAG:example_nested_branch_dag
[2025-08-14T09:39:37.742+0000] {logging_mixin.py:150} INFO - [2025-08-14T09:39:37.742+0000] {manager.py:504} INFO - Created Permission View: can delete on DAG:example_nested_branch_dag
[2025-08-14T09:39:37.750+0000] {logging_mixin.py:150} INFO - [2025-08-14T09:39:37.750+0000] {dag.py:2742} INFO - Sync 1 DAGs
[2025-08-14T09:39:37.759+0000] {logging_mixin.py:150} INFO - [2025-08-14T09:39:37.759+0000] {dag.py:2763} INFO - Creating ORM DAG for example_nested_branch_dag
[2025-08-14T09:39:37.768+0000] {logging_mixin.py:150} INFO - [2025-08-14T09:39:37.768+0000] {dag.py:3504} INFO - Setting next_dagrun for example_nested_branch_dag to 2025-08-13T00:00:00+00:00, run_after=2025-08-14T00:00:00+00:00
[2025-08-14T09:39:37.785+0000] {processor.py:179} INFO - Processing /home/vscode/.local/lib/python3.10/site-packages/airflow/example_dags/example_nested_branch_dag.py took 0.149 seconds
[2025-08-14T09:40:24.135+0000] {processor.py:157} INFO - Started process (PID=4035) to work on /home/vscode/.local/lib/python3.10/site-packages/airflow/example_dags/example_nested_branch_dag.py
[2025-08-14T09:40:24.136+0000] {processor.py:826} INFO - Processing file /home/vscode/.local/lib/python3.10/site-packages/airflow/example_dags/example_nested_branch_dag.py for tasks to queue
[2025-08-14T09:40:24.137+0000] {logging_mixin.py:150} INFO - [2025-08-14T09:40:24.136+0000] {dagbag.py:541} INFO - Filling up the DagBag from /home/vscode/.local/lib/python3.10/site-packages/airflow/example_dags/example_nested_branch_dag.py
[2025-08-14T09:40:24.144+0000] {processor.py:836} INFO - DAG(s) dict_keys(['example_nested_branch_dag']) retrieved from /home/vscode/.local/lib/python3.10/site-packages/airflow/example_dags/example_nested_branch_dag.py
[2025-08-14T09:40:24.157+0000] {logging_mixin.py:150} INFO - [2025-08-14T09:40:24.157+0000] {dag.py:2742} INFO - Sync 1 DAGs
[2025-08-14T09:40:24.173+0000] {logging_mixin.py:150} INFO - [2025-08-14T09:40:24.172+0000] {dag.py:3504} INFO - Setting next_dagrun for example_nested_branch_dag to 2025-08-13T00:00:00+00:00, run_after=2025-08-14T00:00:00+00:00
[2025-08-14T09:40:24.188+0000] {processor.py:179} INFO - Processing /home/vscode/.local/lib/python3.10/site-packages/airflow/example_dags/example_nested_branch_dag.py took 0.055 seconds
[2025-08-14T09:41:07.704+0000] {processor.py:157} INFO - Started process (PID=4332) to work on /home/vscode/.local/lib/python3.10/site-packages/airflow/example_dags/example_nested_branch_dag.py
[2025-08-14T09:41:07.704+0000] {processor.py:826} INFO - Processing file /home/vscode/.local/lib/python3.10/site-packages/airflow/example_dags/example_nested_branch_dag.py for tasks to queue
[2025-08-14T09:41:07.705+0000] {logging_mixin.py:150} INFO - [2025-08-14T09:41:07.705+0000] {dagbag.py:541} INFO - Filling up the DagBag from /home/vscode/.local/lib/python3.10/site-packages/airflow/example_dags/example_nested_branch_dag.py
[2025-08-14T09:41:07.712+0000] {processor.py:836} INFO - DAG(s) dict_keys(['example_nested_branch_dag']) retrieved from /home/vscode/.local/lib/python3.10/site-packages/airflow/example_dags/example_nested_branch_dag.py
[2025-08-14T09:41:07.725+0000] {logging_mixin.py:150} INFO - [2025-08-14T09:41:07.724+0000] {dag.py:2742} INFO - Sync 1 DAGs
[2025-08-14T09:41:07.740+0000] {logging_mixin.py:150} INFO - [2025-08-14T09:41:07.740+0000] {dag.py:3504} INFO - Setting next_dagrun for example_nested_branch_dag to 2025-08-13T00:00:00+00:00, run_after=2025-08-14T00:00:00+00:00
[2025-08-14T09:41:07.757+0000] {processor.py:179} INFO - Processing /home/vscode/.local/lib/python3.10/site-packages/airflow/example_dags/example_nested_branch_dag.py took 0.056 seconds
[2025-08-14T09:41:54.034+0000] {processor.py:157} INFO - Started process (PID=4677) to work on /home/vscode/.local/lib/python3.10/site-packages/airflow/example_dags/example_nested_branch_dag.py
[2025-08-14T09:41:54.035+0000] {processor.py:826} INFO - Processing file /home/vscode/.local/lib/python3.10/site-packages/airflow/example_dags/example_nested_branch_dag.py for tasks to queue
[2025-08-14T09:41:54.036+0000] {logging_mixin.py:150} INFO - [2025-08-14T09:41:54.036+0000] {dagbag.py:541} INFO - Filling up the DagBag from /home/vscode/.local/lib/python3.10/site-packages/airflow/example_dags/example_nested_branch_dag.py
[2025-08-14T09:41:54.045+0000] {processor.py:836} INFO - DAG(s) dict_keys(['example_nested_branch_dag']) retrieved from /home/vscode/.local/lib/python3.10/site-packages/airflow/example_dags/example_nested_branch_dag.py
[2025-08-14T09:41:54.063+0000] {logging_mixin.py:150} INFO - [2025-08-14T09:41:54.063+0000] {dag.py:2742} INFO - Sync 1 DAGs
[2025-08-14T09:41:54.086+0000] {logging_mixin.py:150} INFO - [2025-08-14T09:41:54.086+0000] {dag.py:3504} INFO - Setting next_dagrun for example_nested_branch_dag to 2025-08-13T00:00:00+00:00, run_after=2025-08-14T00:00:00+00:00
[2025-08-14T09:41:54.105+0000] {processor.py:179} INFO - Processing /home/vscode/.local/lib/python3.10/site-packages/airflow/example_dags/example_nested_branch_dag.py took 0.073 seconds
[2025-08-14T09:42:37.936+0000] {processor.py:157} INFO - Started process (PID=4992) to work on /home/vscode/.local/lib/python3.10/site-packages/airflow/example_dags/example_nested_branch_dag.py
[2025-08-14T09:42:37.937+0000] {processor.py:826} INFO - Processing file /home/vscode/.local/lib/python3.10/site-packages/airflow/example_dags/example_nested_branch_dag.py for tasks to queue
[2025-08-14T09:42:37.937+0000] {logging_mixin.py:150} INFO - [2025-08-14T09:42:37.937+0000] {dagbag.py:541} INFO - Filling up the DagBag from /home/vscode/.local/lib/python3.10/site-packages/airflow/example_dags/example_nested_branch_dag.py
[2025-08-14T09:42:37.944+0000] {processor.py:836} INFO - DAG(s) dict_keys(['example_nested_branch_dag']) retrieved from /home/vscode/.local/lib/python3.10/site-packages/airflow/example_dags/example_nested_branch_dag.py
[2025-08-14T09:42:37.957+0000] {logging_mixin.py:150} INFO - [2025-08-14T09:42:37.957+0000] {dag.py:2742} INFO - Sync 1 DAGs
[2025-08-14T09:42:37.973+0000] {logging_mixin.py:150} INFO - [2025-08-14T09:42:37.973+0000] {dag.py:3504} INFO - Setting next_dagrun for example_nested_branch_dag to 2025-08-13T00:00:00+00:00, run_after=2025-08-14T00:00:00+00:00
[2025-08-14T09:42:37.989+0000] {processor.py:179} INFO - Processing /home/vscode/.local/lib/python3.10/site-packages/airflow/example_dags/example_nested_branch_dag.py took 0.055 seconds
[2025-08-14T09:43:26.439+0000] {processor.py:157} INFO - Started process (PID=5336) to work on /home/vscode/.local/lib/python3.10/site-packages/airflow/example_dags/example_nested_branch_dag.py
[2025-08-14T09:43:26.440+0000] {processor.py:826} INFO - Processing file /home/vscode/.local/lib/python3.10/site-packages/airflow/example_dags/example_nested_branch_dag.py for tasks to queue
[2025-08-14T09:43:26.441+0000] {logging_mixin.py:150} INFO - [2025-08-14T09:43:26.440+0000] {dagbag.py:541} INFO - Filling up the DagBag from /home/vscode/.local/lib/python3.10/site-packages/airflow/example_dags/example_nested_branch_dag.py
[2025-08-14T09:43:26.448+0000] {processor.py:836} INFO - DAG(s) dict_keys(['example_nested_branch_dag']) retrieved from /home/vscode/.local/lib/python3.10/site-packages/airflow/example_dags/example_nested_branch_dag.py
[2025-08-14T09:43:26.461+0000] {logging_mixin.py:150} INFO - [2025-08-14T09:43:26.461+0000] {dag.py:2742} INFO - Sync 1 DAGs
[2025-08-14T09:43:26.476+0000] {logging_mixin.py:150} INFO - [2025-08-14T09:43:26.476+0000] {dag.py:3504} INFO - Setting next_dagrun for example_nested_branch_dag to 2025-08-13T00:00:00+00:00, run_after=2025-08-14T00:00:00+00:00
[2025-08-14T09:43:26.491+0000] {processor.py:179} INFO - Processing /home/vscode/.local/lib/python3.10/site-packages/airflow/example_dags/example_nested_branch_dag.py took 0.054 seconds
[2025-08-14T09:44:10.681+0000] {processor.py:157} INFO - Started process (PID=5674) to work on /home/vscode/.local/lib/python3.10/site-packages/airflow/example_dags/example_nested_branch_dag.py
[2025-08-14T09:44:10.681+0000] {processor.py:826} INFO - Processing file /home/vscode/.local/lib/python3.10/site-packages/airflow/example_dags/example_nested_branch_dag.py for tasks to queue
[2025-08-14T09:44:10.682+0000] {logging_mixin.py:150} INFO - [2025-08-14T09:44:10.682+0000] {dagbag.py:541} INFO - Filling up the DagBag from /home/vscode/.local/lib/python3.10/site-packages/airflow/example_dags/example_nested_branch_dag.py
[2025-08-14T09:44:10.689+0000] {processor.py:836} INFO - DAG(s) dict_keys(['example_nested_branch_dag']) retrieved from /home/vscode/.local/lib/python3.10/site-packages/airflow/example_dags/example_nested_branch_dag.py
[2025-08-14T09:44:10.702+0000] {logging_mixin.py:150} INFO - [2025-08-14T09:44:10.702+0000] {dag.py:2742} INFO - Sync 1 DAGs
[2025-08-14T09:44:10.718+0000] {logging_mixin.py:150} INFO - [2025-08-14T09:44:10.718+0000] {dag.py:3504} INFO - Setting next_dagrun for example_nested_branch_dag to 2025-08-13T00:00:00+00:00, run_after=2025-08-14T00:00:00+00:00
[2025-08-14T09:44:10.733+0000] {processor.py:179} INFO - Processing /home/vscode/.local/lib/python3.10/site-packages/airflow/example_dags/example_nested_branch_dag.py took 0.054 seconds
[2025-08-14T09:44:52.840+0000] {processor.py:157} INFO - Started process (PID=5985) to work on /home/vscode/.local/lib/python3.10/site-packages/airflow/example_dags/example_nested_branch_dag.py
[2025-08-14T09:44:52.841+0000] {processor.py:826} INFO - Processing file /home/vscode/.local/lib/python3.10/site-packages/airflow/example_dags/example_nested_branch_dag.py for tasks to queue
[2025-08-14T09:44:52.841+0000] {logging_mixin.py:150} INFO - [2025-08-14T09:44:52.841+0000] {dagbag.py:541} INFO - Filling up the DagBag from /home/vscode/.local/lib/python3.10/site-packages/airflow/example_dags/example_nested_branch_dag.py
[2025-08-14T09:44:52.849+0000] {processor.py:836} INFO - DAG(s) dict_keys(['example_nested_branch_dag']) retrieved from /home/vscode/.local/lib/python3.10/site-packages/airflow/example_dags/example_nested_branch_dag.py
[2025-08-14T09:44:52.862+0000] {logging_mixin.py:150} INFO - [2025-08-14T09:44:52.862+0000] {dag.py:2742} INFO - Sync 1 DAGs
[2025-08-14T09:44:52.878+0000] {logging_mixin.py:150} INFO - [2025-08-14T09:44:52.878+0000] {dag.py:3504} INFO - Setting next_dagrun for example_nested_branch_dag to 2025-08-13T00:00:00+00:00, run_after=2025-08-14T00:00:00+00:00
[2025-08-14T09:44:52.894+0000] {processor.py:179} INFO - Processing /home/vscode/.local/lib/python3.10/site-packages/airflow/example_dags/example_nested_branch_dag.py took 0.056 seconds
[2025-08-14T09:45:40.231+0000] {processor.py:157} INFO - Started process (PID=6314) to work on /home/vscode/.local/lib/python3.10/site-packages/airflow/example_dags/example_nested_branch_dag.py
[2025-08-14T09:45:40.232+0000] {processor.py:826} INFO - Processing file /home/vscode/.local/lib/python3.10/site-packages/airflow/example_dags/example_nested_branch_dag.py for tasks to queue
[2025-08-14T09:45:40.232+0000] {logging_mixin.py:150} INFO - [2025-08-14T09:45:40.232+0000] {dagbag.py:541} INFO - Filling up the DagBag from /home/vscode/.local/lib/python3.10/site-packages/airflow/example_dags/example_nested_branch_dag.py
[2025-08-14T09:45:40.239+0000] {processor.py:836} INFO - DAG(s) dict_keys(['example_nested_branch_dag']) retrieved from /home/vscode/.local/lib/python3.10/site-packages/airflow/example_dags/example_nested_branch_dag.py
[2025-08-14T09:45:40.256+0000] {logging_mixin.py:150} INFO - [2025-08-14T09:45:40.256+0000] {dag.py:2742} INFO - Sync 1 DAGs
[2025-08-14T09:45:40.278+0000] {logging_mixin.py:150} INFO - [2025-08-14T09:45:40.278+0000] {dag.py:3504} INFO - Setting next_dagrun for example_nested_branch_dag to 2025-08-13T00:00:00+00:00, run_after=2025-08-14T00:00:00+00:00
[2025-08-14T09:45:40.301+0000] {processor.py:179} INFO - Processing /home/vscode/.local/lib/python3.10/site-packages/airflow/example_dags/example_nested_branch_dag.py took 0.071 seconds
[2025-08-14T09:46:27.602+0000] {processor.py:157} INFO - Started process (PID=6638) to work on /home/vscode/.local/lib/python3.10/site-packages/airflow/example_dags/example_nested_branch_dag.py
[2025-08-14T09:46:27.603+0000] {processor.py:826} INFO - Processing file /home/vscode/.local/lib/python3.10/site-packages/airflow/example_dags/example_nested_branch_dag.py for tasks to queue
[2025-08-14T09:46:27.604+0000] {logging_mixin.py:150} INFO - [2025-08-14T09:46:27.604+0000] {dagbag.py:541} INFO - Filling up the DagBag from /home/vscode/.local/lib/python3.10/site-packages/airflow/example_dags/example_nested_branch_dag.py
[2025-08-14T09:46:27.615+0000] {processor.py:836} INFO - DAG(s) dict_keys(['example_nested_branch_dag']) retrieved from /home/vscode/.local/lib/python3.10/site-packages/airflow/example_dags/example_nested_branch_dag.py
[2025-08-14T09:46:27.633+0000] {logging_mixin.py:150} INFO - [2025-08-14T09:46:27.633+0000] {dag.py:2742} INFO - Sync 1 DAGs
[2025-08-14T09:46:27.653+0000] {logging_mixin.py:150} INFO - [2025-08-14T09:46:27.653+0000] {dag.py:3504} INFO - Setting next_dagrun for example_nested_branch_dag to 2025-08-13T00:00:00+00:00, run_after=2025-08-14T00:00:00+00:00
[2025-08-14T09:46:27.669+0000] {processor.py:179} INFO - Processing /home/vscode/.local/lib/python3.10/site-packages/airflow/example_dags/example_nested_branch_dag.py took 0.069 seconds
[2025-08-14T09:47:14.957+0000] {processor.py:157} INFO - Started process (PID=6960) to work on /home/vscode/.local/lib/python3.10/site-packages/airflow/example_dags/example_nested_branch_dag.py
[2025-08-14T09:47:14.957+0000] {processor.py:826} INFO - Processing file /home/vscode/.local/lib/python3.10/site-packages/airflow/example_dags/example_nested_branch_dag.py for tasks to queue
[2025-08-14T09:47:14.958+0000] {logging_mixin.py:150} INFO - [2025-08-14T09:47:14.958+0000] {dagbag.py:541} INFO - Filling up the DagBag from /home/vscode/.local/lib/python3.10/site-packages/airflow/example_dags/example_nested_branch_dag.py
[2025-08-14T09:47:14.965+0000] {processor.py:836} INFO - DAG(s) dict_keys(['example_nested_branch_dag']) retrieved from /home/vscode/.local/lib/python3.10/site-packages/airflow/example_dags/example_nested_branch_dag.py
[2025-08-14T09:47:14.977+0000] {logging_mixin.py:150} INFO - [2025-08-14T09:47:14.977+0000] {dag.py:2742} INFO - Sync 1 DAGs
[2025-08-14T09:47:14.992+0000] {logging_mixin.py:150} INFO - [2025-08-14T09:47:14.992+0000] {dag.py:3504} INFO - Setting next_dagrun for example_nested_branch_dag to 2025-08-13T00:00:00+00:00, run_after=2025-08-14T00:00:00+00:00
[2025-08-14T09:47:15.008+0000] {processor.py:179} INFO - Processing /home/vscode/.local/lib/python3.10/site-packages/airflow/example_dags/example_nested_branch_dag.py took 0.053 seconds
[2025-08-14T09:48:01.086+0000] {processor.py:157} INFO - Started process (PID=7270) to work on /home/vscode/.local/lib/python3.10/site-packages/airflow/example_dags/example_nested_branch_dag.py
[2025-08-14T09:48:01.087+0000] {processor.py:826} INFO - Processing file /home/vscode/.local/lib/python3.10/site-packages/airflow/example_dags/example_nested_branch_dag.py for tasks to queue
[2025-08-14T09:48:01.087+0000] {logging_mixin.py:150} INFO - [2025-08-14T09:48:01.087+0000] {dagbag.py:541} INFO - Filling up the DagBag from /home/vscode/.local/lib/python3.10/site-packages/airflow/example_dags/example_nested_branch_dag.py
[2025-08-14T09:48:01.094+0000] {processor.py:836} INFO - DAG(s) dict_keys(['example_nested_branch_dag']) retrieved from /home/vscode/.local/lib/python3.10/site-packages/airflow/example_dags/example_nested_branch_dag.py
[2025-08-14T09:48:01.107+0000] {logging_mixin.py:150} INFO - [2025-08-14T09:48:01.107+0000] {dag.py:2742} INFO - Sync 1 DAGs
[2025-08-14T09:48:01.123+0000] {logging_mixin.py:150} INFO - [2025-08-14T09:48:01.122+0000] {dag.py:3504} INFO - Setting next_dagrun for example_nested_branch_dag to 2025-08-13T00:00:00+00:00, run_after=2025-08-14T00:00:00+00:00
[2025-08-14T09:48:01.138+0000] {processor.py:179} INFO - Processing /home/vscode/.local/lib/python3.10/site-packages/airflow/example_dags/example_nested_branch_dag.py took 0.054 seconds
[2025-08-14T09:48:48.149+0000] {processor.py:157} INFO - Started process (PID=7627) to work on /home/vscode/.local/lib/python3.10/site-packages/airflow/example_dags/example_nested_branch_dag.py
[2025-08-14T09:48:48.150+0000] {processor.py:826} INFO - Processing file /home/vscode/.local/lib/python3.10/site-packages/airflow/example_dags/example_nested_branch_dag.py for tasks to queue
[2025-08-14T09:48:48.150+0000] {logging_mixin.py:150} INFO - [2025-08-14T09:48:48.150+0000] {dagbag.py:541} INFO - Filling up the DagBag from /home/vscode/.local/lib/python3.10/site-packages/airflow/example_dags/example_nested_branch_dag.py
[2025-08-14T09:48:48.158+0000] {processor.py:836} INFO - DAG(s) dict_keys(['example_nested_branch_dag']) retrieved from /home/vscode/.local/lib/python3.10/site-packages/airflow/example_dags/example_nested_branch_dag.py
[2025-08-14T09:48:48.171+0000] {logging_mixin.py:150} INFO - [2025-08-14T09:48:48.170+0000] {dag.py:2742} INFO - Sync 1 DAGs
[2025-08-14T09:48:48.188+0000] {logging_mixin.py:150} INFO - [2025-08-14T09:48:48.188+0000] {dag.py:3504} INFO - Setting next_dagrun for example_nested_branch_dag to 2025-08-13T00:00:00+00:00, run_after=2025-08-14T00:00:00+00:00
[2025-08-14T09:48:48.205+0000] {processor.py:179} INFO - Processing /home/vscode/.local/lib/python3.10/site-packages/airflow/example_dags/example_nested_branch_dag.py took 0.058 seconds
[2025-08-14T09:49:32.282+0000] {processor.py:157} INFO - Started process (PID=7954) to work on /home/vscode/.local/lib/python3.10/site-packages/airflow/example_dags/example_nested_branch_dag.py
[2025-08-14T09:49:32.283+0000] {processor.py:826} INFO - Processing file /home/vscode/.local/lib/python3.10/site-packages/airflow/example_dags/example_nested_branch_dag.py for tasks to queue
[2025-08-14T09:49:32.284+0000] {logging_mixin.py:150} INFO - [2025-08-14T09:49:32.284+0000] {dagbag.py:541} INFO - Filling up the DagBag from /home/vscode/.local/lib/python3.10/site-packages/airflow/example_dags/example_nested_branch_dag.py
[2025-08-14T09:49:32.292+0000] {processor.py:836} INFO - DAG(s) dict_keys(['example_nested_branch_dag']) retrieved from /home/vscode/.local/lib/python3.10/site-packages/airflow/example_dags/example_nested_branch_dag.py
[2025-08-14T09:49:32.307+0000] {logging_mixin.py:150} INFO - [2025-08-14T09:49:32.307+0000] {dag.py:2742} INFO - Sync 1 DAGs
[2025-08-14T09:49:32.325+0000] {logging_mixin.py:150} INFO - [2025-08-14T09:49:32.325+0000] {dag.py:3504} INFO - Setting next_dagrun for example_nested_branch_dag to 2025-08-13T00:00:00+00:00, run_after=2025-08-14T00:00:00+00:00
[2025-08-14T09:49:32.385+0000] {processor.py:179} INFO - Processing /home/vscode/.local/lib/python3.10/site-packages/airflow/example_dags/example_nested_branch_dag.py took 0.105 seconds
[2025-08-14T09:50:19.925+0000] {processor.py:157} INFO - Started process (PID=8313) to work on /home/vscode/.local/lib/python3.10/site-packages/airflow/example_dags/example_nested_branch_dag.py
[2025-08-14T09:50:19.926+0000] {processor.py:826} INFO - Processing file /home/vscode/.local/lib/python3.10/site-packages/airflow/example_dags/example_nested_branch_dag.py for tasks to queue
[2025-08-14T09:50:19.927+0000] {logging_mixin.py:150} INFO - [2025-08-14T09:50:19.926+0000] {dagbag.py:541} INFO - Filling up the DagBag from /home/vscode/.local/lib/python3.10/site-packages/airflow/example_dags/example_nested_branch_dag.py
[2025-08-14T09:50:19.934+0000] {processor.py:836} INFO - DAG(s) dict_keys(['example_nested_branch_dag']) retrieved from /home/vscode/.local/lib/python3.10/site-packages/airflow/example_dags/example_nested_branch_dag.py
[2025-08-14T09:50:19.947+0000] {logging_mixin.py:150} INFO - [2025-08-14T09:50:19.947+0000] {dag.py:2742} INFO - Sync 1 DAGs
[2025-08-14T09:50:19.964+0000] {logging_mixin.py:150} INFO - [2025-08-14T09:50:19.964+0000] {dag.py:3504} INFO - Setting next_dagrun for example_nested_branch_dag to 2025-08-13T00:00:00+00:00, run_after=2025-08-14T00:00:00+00:00
[2025-08-14T09:50:19.980+0000] {processor.py:179} INFO - Processing /home/vscode/.local/lib/python3.10/site-packages/airflow/example_dags/example_nested_branch_dag.py took 0.056 seconds
[2025-08-14T09:51:01.631+0000] {processor.py:157} INFO - Started process (PID=8624) to work on /home/vscode/.local/lib/python3.10/site-packages/airflow/example_dags/example_nested_branch_dag.py
[2025-08-14T09:51:01.632+0000] {processor.py:826} INFO - Processing file /home/vscode/.local/lib/python3.10/site-packages/airflow/example_dags/example_nested_branch_dag.py for tasks to queue
[2025-08-14T09:51:01.632+0000] {logging_mixin.py:150} INFO - [2025-08-14T09:51:01.632+0000] {dagbag.py:541} INFO - Filling up the DagBag from /home/vscode/.local/lib/python3.10/site-packages/airflow/example_dags/example_nested_branch_dag.py
[2025-08-14T09:51:01.640+0000] {processor.py:836} INFO - DAG(s) dict_keys(['example_nested_branch_dag']) retrieved from /home/vscode/.local/lib/python3.10/site-packages/airflow/example_dags/example_nested_branch_dag.py
[2025-08-14T09:51:01.652+0000] {logging_mixin.py:150} INFO - [2025-08-14T09:51:01.652+0000] {dag.py:2742} INFO - Sync 1 DAGs
[2025-08-14T09:51:01.667+0000] {logging_mixin.py:150} INFO - [2025-08-14T09:51:01.667+0000] {dag.py:3504} INFO - Setting next_dagrun for example_nested_branch_dag to 2025-08-13T00:00:00+00:00, run_after=2025-08-14T00:00:00+00:00
[2025-08-14T09:51:01.683+0000] {processor.py:179} INFO - Processing /home/vscode/.local/lib/python3.10/site-packages/airflow/example_dags/example_nested_branch_dag.py took 0.054 seconds
[2025-08-14T09:51:47.864+0000] {processor.py:157} INFO - Started process (PID=8957) to work on /home/vscode/.local/lib/python3.10/site-packages/airflow/example_dags/example_nested_branch_dag.py
[2025-08-14T09:51:47.864+0000] {processor.py:826} INFO - Processing file /home/vscode/.local/lib/python3.10/site-packages/airflow/example_dags/example_nested_branch_dag.py for tasks to queue
[2025-08-14T09:51:47.865+0000] {logging_mixin.py:150} INFO - [2025-08-14T09:51:47.864+0000] {dagbag.py:541} INFO - Filling up the DagBag from /home/vscode/.local/lib/python3.10/site-packages/airflow/example_dags/example_nested_branch_dag.py
[2025-08-14T09:51:47.872+0000] {processor.py:836} INFO - DAG(s) dict_keys(['example_nested_branch_dag']) retrieved from /home/vscode/.local/lib/python3.10/site-packages/airflow/example_dags/example_nested_branch_dag.py
[2025-08-14T09:51:47.884+0000] {logging_mixin.py:150} INFO - [2025-08-14T09:51:47.884+0000] {dag.py:2742} INFO - Sync 1 DAGs
[2025-08-14T09:51:47.899+0000] {logging_mixin.py:150} INFO - [2025-08-14T09:51:47.899+0000] {dag.py:3504} INFO - Setting next_dagrun for example_nested_branch_dag to 2025-08-13T00:00:00+00:00, run_after=2025-08-14T00:00:00+00:00
[2025-08-14T09:51:47.915+0000] {processor.py:179} INFO - Processing /home/vscode/.local/lib/python3.10/site-packages/airflow/example_dags/example_nested_branch_dag.py took 0.053 seconds
[2025-08-14T09:52:37.235+0000] {processor.py:157} INFO - Started process (PID=9285) to work on /home/vscode/.local/lib/python3.10/site-packages/airflow/example_dags/example_nested_branch_dag.py
[2025-08-14T09:52:37.235+0000] {processor.py:826} INFO - Processing file /home/vscode/.local/lib/python3.10/site-packages/airflow/example_dags/example_nested_branch_dag.py for tasks to queue
[2025-08-14T09:52:37.236+0000] {logging_mixin.py:150} INFO - [2025-08-14T09:52:37.236+0000] {dagbag.py:541} INFO - Filling up the DagBag from /home/vscode/.local/lib/python3.10/site-packages/airflow/example_dags/example_nested_branch_dag.py
[2025-08-14T09:52:37.243+0000] {processor.py:836} INFO - DAG(s) dict_keys(['example_nested_branch_dag']) retrieved from /home/vscode/.local/lib/python3.10/site-packages/airflow/example_dags/example_nested_branch_dag.py
[2025-08-14T09:52:37.256+0000] {logging_mixin.py:150} INFO - [2025-08-14T09:52:37.255+0000] {dag.py:2742} INFO - Sync 1 DAGs
[2025-08-14T09:52:37.270+0000] {logging_mixin.py:150} INFO - [2025-08-14T09:52:37.270+0000] {dag.py:3504} INFO - Setting next_dagrun for example_nested_branch_dag to 2025-08-13T00:00:00+00:00, run_after=2025-08-14T00:00:00+00:00
[2025-08-14T09:52:37.285+0000] {processor.py:179} INFO - Processing /home/vscode/.local/lib/python3.10/site-packages/airflow/example_dags/example_nested_branch_dag.py took 0.053 seconds
[2025-08-14T09:53:25.248+0000] {processor.py:157} INFO - Started process (PID=9605) to work on /home/vscode/.local/lib/python3.10/site-packages/airflow/example_dags/example_nested_branch_dag.py
[2025-08-14T09:53:25.249+0000] {processor.py:826} INFO - Processing file /home/vscode/.local/lib/python3.10/site-packages/airflow/example_dags/example_nested_branch_dag.py for tasks to queue
[2025-08-14T09:53:25.250+0000] {logging_mixin.py:150} INFO - [2025-08-14T09:53:25.249+0000] {dagbag.py:541} INFO - Filling up the DagBag from /home/vscode/.local/lib/python3.10/site-packages/airflow/example_dags/example_nested_branch_dag.py
[2025-08-14T09:53:25.257+0000] {processor.py:836} INFO - DAG(s) dict_keys(['example_nested_branch_dag']) retrieved from /home/vscode/.local/lib/python3.10/site-packages/airflow/example_dags/example_nested_branch_dag.py
[2025-08-14T09:53:25.269+0000] {logging_mixin.py:150} INFO - [2025-08-14T09:53:25.269+0000] {dag.py:2742} INFO - Sync 1 DAGs
[2025-08-14T09:53:25.284+0000] {logging_mixin.py:150} INFO - [2025-08-14T09:53:25.284+0000] {dag.py:3504} INFO - Setting next_dagrun for example_nested_branch_dag to 2025-08-13T00:00:00+00:00, run_after=2025-08-14T00:00:00+00:00
[2025-08-14T09:53:25.300+0000] {processor.py:179} INFO - Processing /home/vscode/.local/lib/python3.10/site-packages/airflow/example_dags/example_nested_branch_dag.py took 0.054 seconds
[2025-08-14T09:54:09.687+0000] {processor.py:157} INFO - Started process (PID=9900) to work on /home/vscode/.local/lib/python3.10/site-packages/airflow/example_dags/example_nested_branch_dag.py
[2025-08-14T09:54:09.688+0000] {processor.py:826} INFO - Processing file /home/vscode/.local/lib/python3.10/site-packages/airflow/example_dags/example_nested_branch_dag.py for tasks to queue
[2025-08-14T09:54:09.688+0000] {logging_mixin.py:150} INFO - [2025-08-14T09:54:09.688+0000] {dagbag.py:541} INFO - Filling up the DagBag from /home/vscode/.local/lib/python3.10/site-packages/airflow/example_dags/example_nested_branch_dag.py
[2025-08-14T09:54:09.695+0000] {processor.py:836} INFO - DAG(s) dict_keys(['example_nested_branch_dag']) retrieved from /home/vscode/.local/lib/python3.10/site-packages/airflow/example_dags/example_nested_branch_dag.py
[2025-08-14T09:54:09.708+0000] {logging_mixin.py:150} INFO - [2025-08-14T09:54:09.708+0000] {dag.py:2742} INFO - Sync 1 DAGs
[2025-08-14T09:54:09.723+0000] {logging_mixin.py:150} INFO - [2025-08-14T09:54:09.722+0000] {dag.py:3504} INFO - Setting next_dagrun for example_nested_branch_dag to 2025-08-13T00:00:00+00:00, run_after=2025-08-14T00:00:00+00:00
[2025-08-14T09:54:09.737+0000] {processor.py:179} INFO - Processing /home/vscode/.local/lib/python3.10/site-packages/airflow/example_dags/example_nested_branch_dag.py took 0.053 seconds
[2025-08-14T09:54:55.491+0000] {processor.py:157} INFO - Started process (PID=10210) to work on /home/vscode/.local/lib/python3.10/site-packages/airflow/example_dags/example_nested_branch_dag.py
[2025-08-14T09:54:55.492+0000] {processor.py:826} INFO - Processing file /home/vscode/.local/lib/python3.10/site-packages/airflow/example_dags/example_nested_branch_dag.py for tasks to queue
[2025-08-14T09:54:55.493+0000] {logging_mixin.py:150} INFO - [2025-08-14T09:54:55.492+0000] {dagbag.py:541} INFO - Filling up the DagBag from /home/vscode/.local/lib/python3.10/site-packages/airflow/example_dags/example_nested_branch_dag.py
[2025-08-14T09:54:55.500+0000] {processor.py:836} INFO - DAG(s) dict_keys(['example_nested_branch_dag']) retrieved from /home/vscode/.local/lib/python3.10/site-packages/airflow/example_dags/example_nested_branch_dag.py
[2025-08-14T09:54:55.513+0000] {logging_mixin.py:150} INFO - [2025-08-14T09:54:55.513+0000] {dag.py:2742} INFO - Sync 1 DAGs
[2025-08-14T09:54:55.529+0000] {logging_mixin.py:150} INFO - [2025-08-14T09:54:55.529+0000] {dag.py:3504} INFO - Setting next_dagrun for example_nested_branch_dag to 2025-08-13T00:00:00+00:00, run_after=2025-08-14T00:00:00+00:00
[2025-08-14T09:54:55.545+0000] {processor.py:179} INFO - Processing /home/vscode/.local/lib/python3.10/site-packages/airflow/example_dags/example_nested_branch_dag.py took 0.056 seconds
[2025-08-14T09:55:39.930+0000] {processor.py:157} INFO - Started process (PID=10507) to work on /home/vscode/.local/lib/python3.10/site-packages/airflow/example_dags/example_nested_branch_dag.py
[2025-08-14T09:55:39.931+0000] {processor.py:826} INFO - Processing file /home/vscode/.local/lib/python3.10/site-packages/airflow/example_dags/example_nested_branch_dag.py for tasks to queue
[2025-08-14T09:55:39.931+0000] {logging_mixin.py:150} INFO - [2025-08-14T09:55:39.931+0000] {dagbag.py:541} INFO - Filling up the DagBag from /home/vscode/.local/lib/python3.10/site-packages/airflow/example_dags/example_nested_branch_dag.py
[2025-08-14T09:55:39.938+0000] {processor.py:836} INFO - DAG(s) dict_keys(['example_nested_branch_dag']) retrieved from /home/vscode/.local/lib/python3.10/site-packages/airflow/example_dags/example_nested_branch_dag.py
[2025-08-14T09:55:39.950+0000] {logging_mixin.py:150} INFO - [2025-08-14T09:55:39.950+0000] {dag.py:2742} INFO - Sync 1 DAGs
[2025-08-14T09:55:39.965+0000] {logging_mixin.py:150} INFO - [2025-08-14T09:55:39.965+0000] {dag.py:3504} INFO - Setting next_dagrun for example_nested_branch_dag to 2025-08-13T00:00:00+00:00, run_after=2025-08-14T00:00:00+00:00
[2025-08-14T09:55:39.980+0000] {processor.py:179} INFO - Processing /home/vscode/.local/lib/python3.10/site-packages/airflow/example_dags/example_nested_branch_dag.py took 0.052 seconds
[2025-08-14T09:56:29.711+0000] {processor.py:157} INFO - Started process (PID=10898) to work on /home/vscode/.local/lib/python3.10/site-packages/airflow/example_dags/example_nested_branch_dag.py
[2025-08-14T09:56:29.712+0000] {processor.py:826} INFO - Processing file /home/vscode/.local/lib/python3.10/site-packages/airflow/example_dags/example_nested_branch_dag.py for tasks to queue
[2025-08-14T09:56:29.712+0000] {logging_mixin.py:150} INFO - [2025-08-14T09:56:29.712+0000] {dagbag.py:541} INFO - Filling up the DagBag from /home/vscode/.local/lib/python3.10/site-packages/airflow/example_dags/example_nested_branch_dag.py
[2025-08-14T09:56:29.719+0000] {processor.py:836} INFO - DAG(s) dict_keys(['example_nested_branch_dag']) retrieved from /home/vscode/.local/lib/python3.10/site-packages/airflow/example_dags/example_nested_branch_dag.py
[2025-08-14T09:56:29.732+0000] {logging_mixin.py:150} INFO - [2025-08-14T09:56:29.731+0000] {dag.py:2742} INFO - Sync 1 DAGs
[2025-08-14T09:56:29.746+0000] {logging_mixin.py:150} INFO - [2025-08-14T09:56:29.746+0000] {dag.py:3504} INFO - Setting next_dagrun for example_nested_branch_dag to 2025-08-13T00:00:00+00:00, run_after=2025-08-14T00:00:00+00:00
[2025-08-14T09:56:29.762+0000] {processor.py:179} INFO - Processing /home/vscode/.local/lib/python3.10/site-packages/airflow/example_dags/example_nested_branch_dag.py took 0.052 seconds
[2025-08-14T09:57:16.128+0000] {processor.py:157} INFO - Started process (PID=11230) to work on /home/vscode/.local/lib/python3.10/site-packages/airflow/example_dags/example_nested_branch_dag.py
[2025-08-14T09:57:16.129+0000] {processor.py:826} INFO - Processing file /home/vscode/.local/lib/python3.10/site-packages/airflow/example_dags/example_nested_branch_dag.py for tasks to queue
[2025-08-14T09:57:16.130+0000] {logging_mixin.py:150} INFO - [2025-08-14T09:57:16.129+0000] {dagbag.py:541} INFO - Filling up the DagBag from /home/vscode/.local/lib/python3.10/site-packages/airflow/example_dags/example_nested_branch_dag.py
[2025-08-14T09:57:16.136+0000] {processor.py:836} INFO - DAG(s) dict_keys(['example_nested_branch_dag']) retrieved from /home/vscode/.local/lib/python3.10/site-packages/airflow/example_dags/example_nested_branch_dag.py
[2025-08-14T09:57:16.149+0000] {logging_mixin.py:150} INFO - [2025-08-14T09:57:16.149+0000] {dag.py:2742} INFO - Sync 1 DAGs
[2025-08-14T09:57:16.163+0000] {logging_mixin.py:150} INFO - [2025-08-14T09:57:16.163+0000] {dag.py:3504} INFO - Setting next_dagrun for example_nested_branch_dag to 2025-08-13T00:00:00+00:00, run_after=2025-08-14T00:00:00+00:00
[2025-08-14T09:57:16.178+0000] {processor.py:179} INFO - Processing /home/vscode/.local/lib/python3.10/site-packages/airflow/example_dags/example_nested_branch_dag.py took 0.051 seconds
[2025-08-14T09:58:04.219+0000] {processor.py:157} INFO - Started process (PID=11625) to work on /home/vscode/.local/lib/python3.10/site-packages/airflow/example_dags/example_nested_branch_dag.py
[2025-08-14T09:58:04.220+0000] {processor.py:826} INFO - Processing file /home/vscode/.local/lib/python3.10/site-packages/airflow/example_dags/example_nested_branch_dag.py for tasks to queue
[2025-08-14T09:58:04.220+0000] {logging_mixin.py:150} INFO - [2025-08-14T09:58:04.220+0000] {dagbag.py:541} INFO - Filling up the DagBag from /home/vscode/.local/lib/python3.10/site-packages/airflow/example_dags/example_nested_branch_dag.py
[2025-08-14T09:58:04.229+0000] {processor.py:836} INFO - DAG(s) dict_keys(['example_nested_branch_dag']) retrieved from /home/vscode/.local/lib/python3.10/site-packages/airflow/example_dags/example_nested_branch_dag.py
[2025-08-14T09:58:04.243+0000] {logging_mixin.py:150} INFO - [2025-08-14T09:58:04.243+0000] {dag.py:2742} INFO - Sync 1 DAGs
[2025-08-14T09:58:04.259+0000] {logging_mixin.py:150} INFO - [2025-08-14T09:58:04.259+0000] {dag.py:3504} INFO - Setting next_dagrun for example_nested_branch_dag to 2025-08-13T00:00:00+00:00, run_after=2025-08-14T00:00:00+00:00
[2025-08-14T09:58:04.274+0000] {processor.py:179} INFO - Processing /home/vscode/.local/lib/python3.10/site-packages/airflow/example_dags/example_nested_branch_dag.py took 0.058 seconds
[2025-08-14T09:58:52.210+0000] {processor.py:157} INFO - Started process (PID=12050) to work on /home/vscode/.local/lib/python3.10/site-packages/airflow/example_dags/example_nested_branch_dag.py
[2025-08-14T09:58:52.211+0000] {processor.py:826} INFO - Processing file /home/vscode/.local/lib/python3.10/site-packages/airflow/example_dags/example_nested_branch_dag.py for tasks to queue
[2025-08-14T09:58:52.211+0000] {logging_mixin.py:150} INFO - [2025-08-14T09:58:52.211+0000] {dagbag.py:541} INFO - Filling up the DagBag from /home/vscode/.local/lib/python3.10/site-packages/airflow/example_dags/example_nested_branch_dag.py
[2025-08-14T09:58:52.218+0000] {processor.py:836} INFO - DAG(s) dict_keys(['example_nested_branch_dag']) retrieved from /home/vscode/.local/lib/python3.10/site-packages/airflow/example_dags/example_nested_branch_dag.py
[2025-08-14T09:58:52.233+0000] {logging_mixin.py:150} INFO - [2025-08-14T09:58:52.232+0000] {dag.py:2742} INFO - Sync 1 DAGs
[2025-08-14T09:58:52.247+0000] {logging_mixin.py:150} INFO - [2025-08-14T09:58:52.247+0000] {dag.py:3504} INFO - Setting next_dagrun for example_nested_branch_dag to 2025-08-13T00:00:00+00:00, run_after=2025-08-14T00:00:00+00:00
[2025-08-14T09:58:52.263+0000] {processor.py:179} INFO - Processing /home/vscode/.local/lib/python3.10/site-packages/airflow/example_dags/example_nested_branch_dag.py took 0.055 seconds
[2025-08-14T10:06:11.402+0000] {processor.py:157} INFO - Started process (PID=15205) to work on /home/vscode/.local/lib/python3.10/site-packages/airflow/example_dags/example_nested_branch_dag.py
[2025-08-14T10:06:11.403+0000] {processor.py:826} INFO - Processing file /home/vscode/.local/lib/python3.10/site-packages/airflow/example_dags/example_nested_branch_dag.py for tasks to queue
[2025-08-14T10:06:11.404+0000] {logging_mixin.py:150} INFO - [2025-08-14T10:06:11.404+0000] {dagbag.py:541} INFO - Filling up the DagBag from /home/vscode/.local/lib/python3.10/site-packages/airflow/example_dags/example_nested_branch_dag.py
[2025-08-14T10:06:11.415+0000] {processor.py:836} INFO - DAG(s) dict_keys(['example_nested_branch_dag']) retrieved from /home/vscode/.local/lib/python3.10/site-packages/airflow/example_dags/example_nested_branch_dag.py
[2025-08-14T10:06:11.436+0000] {logging_mixin.py:150} INFO - [2025-08-14T10:06:11.436+0000] {dag.py:2742} INFO - Sync 1 DAGs
[2025-08-14T10:06:11.454+0000] {logging_mixin.py:150} INFO - [2025-08-14T10:06:11.454+0000] {dag.py:3504} INFO - Setting next_dagrun for example_nested_branch_dag to 2025-08-13T00:00:00+00:00, run_after=2025-08-14T00:00:00+00:00
[2025-08-14T10:06:11.469+0000] {processor.py:179} INFO - Processing /home/vscode/.local/lib/python3.10/site-packages/airflow/example_dags/example_nested_branch_dag.py took 0.069 seconds
[2025-08-14T10:06:56.647+0000] {processor.py:157} INFO - Started process (PID=15509) to work on /home/vscode/.local/lib/python3.10/site-packages/airflow/example_dags/example_nested_branch_dag.py
[2025-08-14T10:06:56.648+0000] {processor.py:826} INFO - Processing file /home/vscode/.local/lib/python3.10/site-packages/airflow/example_dags/example_nested_branch_dag.py for tasks to queue
[2025-08-14T10:06:56.649+0000] {logging_mixin.py:150} INFO - [2025-08-14T10:06:56.648+0000] {dagbag.py:541} INFO - Filling up the DagBag from /home/vscode/.local/lib/python3.10/site-packages/airflow/example_dags/example_nested_branch_dag.py
[2025-08-14T10:06:56.656+0000] {processor.py:836} INFO - DAG(s) dict_keys(['example_nested_branch_dag']) retrieved from /home/vscode/.local/lib/python3.10/site-packages/airflow/example_dags/example_nested_branch_dag.py
[2025-08-14T10:06:56.669+0000] {logging_mixin.py:150} INFO - [2025-08-14T10:06:56.669+0000] {dag.py:2742} INFO - Sync 1 DAGs
[2025-08-14T10:06:56.685+0000] {logging_mixin.py:150} INFO - [2025-08-14T10:06:56.684+0000] {dag.py:3504} INFO - Setting next_dagrun for example_nested_branch_dag to 2025-08-13T00:00:00+00:00, run_after=2025-08-14T00:00:00+00:00
[2025-08-14T10:06:56.700+0000] {processor.py:179} INFO - Processing /home/vscode/.local/lib/python3.10/site-packages/airflow/example_dags/example_nested_branch_dag.py took 0.055 seconds
[2025-08-14T10:07:42.581+0000] {processor.py:157} INFO - Started process (PID=15816) to work on /home/vscode/.local/lib/python3.10/site-packages/airflow/example_dags/example_nested_branch_dag.py
[2025-08-14T10:07:42.582+0000] {processor.py:826} INFO - Processing file /home/vscode/.local/lib/python3.10/site-packages/airflow/example_dags/example_nested_branch_dag.py for tasks to queue
[2025-08-14T10:07:42.582+0000] {logging_mixin.py:150} INFO - [2025-08-14T10:07:42.582+0000] {dagbag.py:541} INFO - Filling up the DagBag from /home/vscode/.local/lib/python3.10/site-packages/airflow/example_dags/example_nested_branch_dag.py
[2025-08-14T10:07:42.590+0000] {processor.py:836} INFO - DAG(s) dict_keys(['example_nested_branch_dag']) retrieved from /home/vscode/.local/lib/python3.10/site-packages/airflow/example_dags/example_nested_branch_dag.py
[2025-08-14T10:07:42.603+0000] {logging_mixin.py:150} INFO - [2025-08-14T10:07:42.603+0000] {dag.py:2742} INFO - Sync 1 DAGs
[2025-08-14T10:07:42.619+0000] {logging_mixin.py:150} INFO - [2025-08-14T10:07:42.619+0000] {dag.py:3504} INFO - Setting next_dagrun for example_nested_branch_dag to 2025-08-13T00:00:00+00:00, run_after=2025-08-14T00:00:00+00:00
[2025-08-14T10:07:42.636+0000] {processor.py:179} INFO - Processing /home/vscode/.local/lib/python3.10/site-packages/airflow/example_dags/example_nested_branch_dag.py took 0.057 seconds
[2025-08-14T10:08:31.824+0000] {processor.py:157} INFO - Started process (PID=16232) to work on /home/vscode/.local/lib/python3.10/site-packages/airflow/example_dags/example_nested_branch_dag.py
[2025-08-14T10:08:31.825+0000] {processor.py:826} INFO - Processing file /home/vscode/.local/lib/python3.10/site-packages/airflow/example_dags/example_nested_branch_dag.py for tasks to queue
[2025-08-14T10:08:31.825+0000] {logging_mixin.py:150} INFO - [2025-08-14T10:08:31.825+0000] {dagbag.py:541} INFO - Filling up the DagBag from /home/vscode/.local/lib/python3.10/site-packages/airflow/example_dags/example_nested_branch_dag.py
[2025-08-14T10:08:31.835+0000] {processor.py:836} INFO - DAG(s) dict_keys(['example_nested_branch_dag']) retrieved from /home/vscode/.local/lib/python3.10/site-packages/airflow/example_dags/example_nested_branch_dag.py
[2025-08-14T10:08:31.853+0000] {logging_mixin.py:150} INFO - [2025-08-14T10:08:31.853+0000] {dag.py:2742} INFO - Sync 1 DAGs
[2025-08-14T10:08:31.876+0000] {logging_mixin.py:150} INFO - [2025-08-14T10:08:31.876+0000] {dag.py:3504} INFO - Setting next_dagrun for example_nested_branch_dag to 2025-08-13T00:00:00+00:00, run_after=2025-08-14T00:00:00+00:00
[2025-08-14T10:08:31.895+0000] {processor.py:179} INFO - Processing /home/vscode/.local/lib/python3.10/site-packages/airflow/example_dags/example_nested_branch_dag.py took 0.073 seconds
[2025-08-14T10:09:21.615+0000] {processor.py:157} INFO - Started process (PID=16700) to work on /home/vscode/.local/lib/python3.10/site-packages/airflow/example_dags/example_nested_branch_dag.py
[2025-08-14T10:09:21.615+0000] {processor.py:826} INFO - Processing file /home/vscode/.local/lib/python3.10/site-packages/airflow/example_dags/example_nested_branch_dag.py for tasks to queue
[2025-08-14T10:09:21.616+0000] {logging_mixin.py:150} INFO - [2025-08-14T10:09:21.616+0000] {dagbag.py:541} INFO - Filling up the DagBag from /home/vscode/.local/lib/python3.10/site-packages/airflow/example_dags/example_nested_branch_dag.py
[2025-08-14T10:09:21.624+0000] {processor.py:836} INFO - DAG(s) dict_keys(['example_nested_branch_dag']) retrieved from /home/vscode/.local/lib/python3.10/site-packages/airflow/example_dags/example_nested_branch_dag.py
[2025-08-14T10:09:21.637+0000] {logging_mixin.py:150} INFO - [2025-08-14T10:09:21.637+0000] {dag.py:2742} INFO - Sync 1 DAGs
[2025-08-14T10:09:21.652+0000] {logging_mixin.py:150} INFO - [2025-08-14T10:09:21.652+0000] {dag.py:3504} INFO - Setting next_dagrun for example_nested_branch_dag to 2025-08-13T00:00:00+00:00, run_after=2025-08-14T00:00:00+00:00
[2025-08-14T10:09:21.667+0000] {processor.py:179} INFO - Processing /home/vscode/.local/lib/python3.10/site-packages/airflow/example_dags/example_nested_branch_dag.py took 0.055 seconds
[2025-08-14T10:10:09.307+0000] {processor.py:157} INFO - Started process (PID=17044) to work on /home/vscode/.local/lib/python3.10/site-packages/airflow/example_dags/example_nested_branch_dag.py
[2025-08-14T10:10:09.308+0000] {processor.py:826} INFO - Processing file /home/vscode/.local/lib/python3.10/site-packages/airflow/example_dags/example_nested_branch_dag.py for tasks to queue
[2025-08-14T10:10:09.308+0000] {logging_mixin.py:150} INFO - [2025-08-14T10:10:09.308+0000] {dagbag.py:541} INFO - Filling up the DagBag from /home/vscode/.local/lib/python3.10/site-packages/airflow/example_dags/example_nested_branch_dag.py
[2025-08-14T10:10:09.316+0000] {processor.py:836} INFO - DAG(s) dict_keys(['example_nested_branch_dag']) retrieved from /home/vscode/.local/lib/python3.10/site-packages/airflow/example_dags/example_nested_branch_dag.py
[2025-08-14T10:10:09.328+0000] {logging_mixin.py:150} INFO - [2025-08-14T10:10:09.328+0000] {dag.py:2742} INFO - Sync 1 DAGs
[2025-08-14T10:10:09.343+0000] {logging_mixin.py:150} INFO - [2025-08-14T10:10:09.343+0000] {dag.py:3504} INFO - Setting next_dagrun for example_nested_branch_dag to 2025-08-13T00:00:00+00:00, run_after=2025-08-14T00:00:00+00:00
[2025-08-14T10:10:09.359+0000] {processor.py:179} INFO - Processing /home/vscode/.local/lib/python3.10/site-packages/airflow/example_dags/example_nested_branch_dag.py took 0.055 seconds
[2025-08-14T10:10:54.357+0000] {processor.py:157} INFO - Started process (PID=17387) to work on /home/vscode/.local/lib/python3.10/site-packages/airflow/example_dags/example_nested_branch_dag.py
[2025-08-14T10:10:54.358+0000] {processor.py:826} INFO - Processing file /home/vscode/.local/lib/python3.10/site-packages/airflow/example_dags/example_nested_branch_dag.py for tasks to queue
[2025-08-14T10:10:54.358+0000] {logging_mixin.py:150} INFO - [2025-08-14T10:10:54.358+0000] {dagbag.py:541} INFO - Filling up the DagBag from /home/vscode/.local/lib/python3.10/site-packages/airflow/example_dags/example_nested_branch_dag.py
[2025-08-14T10:10:54.365+0000] {processor.py:836} INFO - DAG(s) dict_keys(['example_nested_branch_dag']) retrieved from /home/vscode/.local/lib/python3.10/site-packages/airflow/example_dags/example_nested_branch_dag.py
[2025-08-14T10:10:54.378+0000] {logging_mixin.py:150} INFO - [2025-08-14T10:10:54.378+0000] {dag.py:2742} INFO - Sync 1 DAGs
[2025-08-14T10:10:54.394+0000] {logging_mixin.py:150} INFO - [2025-08-14T10:10:54.393+0000] {dag.py:3504} INFO - Setting next_dagrun for example_nested_branch_dag to 2025-08-13T00:00:00+00:00, run_after=2025-08-14T00:00:00+00:00
[2025-08-14T10:10:54.408+0000] {processor.py:179} INFO - Processing /home/vscode/.local/lib/python3.10/site-packages/airflow/example_dags/example_nested_branch_dag.py took 0.054 seconds
[2025-08-14T10:11:42.795+0000] {processor.py:157} INFO - Started process (PID=17753) to work on /home/vscode/.local/lib/python3.10/site-packages/airflow/example_dags/example_nested_branch_dag.py
[2025-08-14T10:11:42.796+0000] {processor.py:826} INFO - Processing file /home/vscode/.local/lib/python3.10/site-packages/airflow/example_dags/example_nested_branch_dag.py for tasks to queue
[2025-08-14T10:11:42.797+0000] {logging_mixin.py:150} INFO - [2025-08-14T10:11:42.796+0000] {dagbag.py:541} INFO - Filling up the DagBag from /home/vscode/.local/lib/python3.10/site-packages/airflow/example_dags/example_nested_branch_dag.py
[2025-08-14T10:11:42.804+0000] {processor.py:836} INFO - DAG(s) dict_keys(['example_nested_branch_dag']) retrieved from /home/vscode/.local/lib/python3.10/site-packages/airflow/example_dags/example_nested_branch_dag.py
[2025-08-14T10:11:42.817+0000] {logging_mixin.py:150} INFO - [2025-08-14T10:11:42.816+0000] {dag.py:2742} INFO - Sync 1 DAGs
[2025-08-14T10:11:42.832+0000] {logging_mixin.py:150} INFO - [2025-08-14T10:11:42.832+0000] {dag.py:3504} INFO - Setting next_dagrun for example_nested_branch_dag to 2025-08-13T00:00:00+00:00, run_after=2025-08-14T00:00:00+00:00
[2025-08-14T10:11:42.848+0000] {processor.py:179} INFO - Processing /home/vscode/.local/lib/python3.10/site-packages/airflow/example_dags/example_nested_branch_dag.py took 0.055 seconds
[2025-08-14T10:12:26.827+0000] {processor.py:157} INFO - Started process (PID=18078) to work on /home/vscode/.local/lib/python3.10/site-packages/airflow/example_dags/example_nested_branch_dag.py
[2025-08-14T10:12:26.827+0000] {processor.py:826} INFO - Processing file /home/vscode/.local/lib/python3.10/site-packages/airflow/example_dags/example_nested_branch_dag.py for tasks to queue
[2025-08-14T10:12:26.828+0000] {logging_mixin.py:150} INFO - [2025-08-14T10:12:26.828+0000] {dagbag.py:541} INFO - Filling up the DagBag from /home/vscode/.local/lib/python3.10/site-packages/airflow/example_dags/example_nested_branch_dag.py
[2025-08-14T10:12:26.835+0000] {processor.py:836} INFO - DAG(s) dict_keys(['example_nested_branch_dag']) retrieved from /home/vscode/.local/lib/python3.10/site-packages/airflow/example_dags/example_nested_branch_dag.py
[2025-08-14T10:12:26.848+0000] {logging_mixin.py:150} INFO - [2025-08-14T10:12:26.848+0000] {dag.py:2742} INFO - Sync 1 DAGs
[2025-08-14T10:12:26.868+0000] {logging_mixin.py:150} INFO - [2025-08-14T10:12:26.868+0000] {dag.py:3504} INFO - Setting next_dagrun for example_nested_branch_dag to 2025-08-13T00:00:00+00:00, run_after=2025-08-14T00:00:00+00:00
[2025-08-14T10:12:26.884+0000] {processor.py:179} INFO - Processing /home/vscode/.local/lib/python3.10/site-packages/airflow/example_dags/example_nested_branch_dag.py took 0.059 seconds
[2025-08-14T10:13:15.898+0000] {processor.py:157} INFO - Started process (PID=18440) to work on /home/vscode/.local/lib/python3.10/site-packages/airflow/example_dags/example_nested_branch_dag.py
[2025-08-14T10:13:15.898+0000] {processor.py:826} INFO - Processing file /home/vscode/.local/lib/python3.10/site-packages/airflow/example_dags/example_nested_branch_dag.py for tasks to queue
[2025-08-14T10:13:15.899+0000] {logging_mixin.py:150} INFO - [2025-08-14T10:13:15.899+0000] {dagbag.py:541} INFO - Filling up the DagBag from /home/vscode/.local/lib/python3.10/site-packages/airflow/example_dags/example_nested_branch_dag.py
[2025-08-14T10:13:15.906+0000] {processor.py:836} INFO - DAG(s) dict_keys(['example_nested_branch_dag']) retrieved from /home/vscode/.local/lib/python3.10/site-packages/airflow/example_dags/example_nested_branch_dag.py
[2025-08-14T10:13:15.918+0000] {logging_mixin.py:150} INFO - [2025-08-14T10:13:15.918+0000] {dag.py:2742} INFO - Sync 1 DAGs
[2025-08-14T10:13:15.933+0000] {logging_mixin.py:150} INFO - [2025-08-14T10:13:15.933+0000] {dag.py:3504} INFO - Setting next_dagrun for example_nested_branch_dag to 2025-08-13T00:00:00+00:00, run_after=2025-08-14T00:00:00+00:00
[2025-08-14T10:13:15.961+0000] {processor.py:179} INFO - Processing /home/vscode/.local/lib/python3.10/site-packages/airflow/example_dags/example_nested_branch_dag.py took 0.065 seconds
[2025-08-14T10:14:04.174+0000] {processor.py:157} INFO - Started process (PID=18807) to work on /home/vscode/.local/lib/python3.10/site-packages/airflow/example_dags/example_nested_branch_dag.py
[2025-08-14T10:14:04.174+0000] {processor.py:826} INFO - Processing file /home/vscode/.local/lib/python3.10/site-packages/airflow/example_dags/example_nested_branch_dag.py for tasks to queue
[2025-08-14T10:14:04.175+0000] {logging_mixin.py:150} INFO - [2025-08-14T10:14:04.175+0000] {dagbag.py:541} INFO - Filling up the DagBag from /home/vscode/.local/lib/python3.10/site-packages/airflow/example_dags/example_nested_branch_dag.py
[2025-08-14T10:14:04.182+0000] {processor.py:836} INFO - DAG(s) dict_keys(['example_nested_branch_dag']) retrieved from /home/vscode/.local/lib/python3.10/site-packages/airflow/example_dags/example_nested_branch_dag.py
[2025-08-14T10:14:04.195+0000] {logging_mixin.py:150} INFO - [2025-08-14T10:14:04.195+0000] {dag.py:2742} INFO - Sync 1 DAGs
[2025-08-14T10:14:04.210+0000] {logging_mixin.py:150} INFO - [2025-08-14T10:14:04.210+0000] {dag.py:3504} INFO - Setting next_dagrun for example_nested_branch_dag to 2025-08-13T00:00:00+00:00, run_after=2025-08-14T00:00:00+00:00
[2025-08-14T10:14:04.225+0000] {processor.py:179} INFO - Processing /home/vscode/.local/lib/python3.10/site-packages/airflow/example_dags/example_nested_branch_dag.py took 0.053 seconds
[2025-08-14T10:14:48.264+0000] {processor.py:157} INFO - Started process (PID=19130) to work on /home/vscode/.local/lib/python3.10/site-packages/airflow/example_dags/example_nested_branch_dag.py
[2025-08-14T10:14:48.265+0000] {processor.py:826} INFO - Processing file /home/vscode/.local/lib/python3.10/site-packages/airflow/example_dags/example_nested_branch_dag.py for tasks to queue
[2025-08-14T10:14:48.266+0000] {logging_mixin.py:150} INFO - [2025-08-14T10:14:48.265+0000] {dagbag.py:541} INFO - Filling up the DagBag from /home/vscode/.local/lib/python3.10/site-packages/airflow/example_dags/example_nested_branch_dag.py
[2025-08-14T10:14:48.275+0000] {processor.py:836} INFO - DAG(s) dict_keys(['example_nested_branch_dag']) retrieved from /home/vscode/.local/lib/python3.10/site-packages/airflow/example_dags/example_nested_branch_dag.py
[2025-08-14T10:14:48.289+0000] {logging_mixin.py:150} INFO - [2025-08-14T10:14:48.289+0000] {dag.py:2742} INFO - Sync 1 DAGs
[2025-08-14T10:14:48.305+0000] {logging_mixin.py:150} INFO - [2025-08-14T10:14:48.305+0000] {dag.py:3504} INFO - Setting next_dagrun for example_nested_branch_dag to 2025-08-13T00:00:00+00:00, run_after=2025-08-14T00:00:00+00:00
[2025-08-14T10:14:48.320+0000] {processor.py:179} INFO - Processing /home/vscode/.local/lib/python3.10/site-packages/airflow/example_dags/example_nested_branch_dag.py took 0.058 seconds
[2025-08-14T10:15:31.516+0000] {processor.py:157} INFO - Started process (PID=19449) to work on /home/vscode/.local/lib/python3.10/site-packages/airflow/example_dags/example_nested_branch_dag.py
[2025-08-14T10:15:31.516+0000] {processor.py:826} INFO - Processing file /home/vscode/.local/lib/python3.10/site-packages/airflow/example_dags/example_nested_branch_dag.py for tasks to queue
[2025-08-14T10:15:31.517+0000] {logging_mixin.py:150} INFO - [2025-08-14T10:15:31.517+0000] {dagbag.py:541} INFO - Filling up the DagBag from /home/vscode/.local/lib/python3.10/site-packages/airflow/example_dags/example_nested_branch_dag.py
[2025-08-14T10:15:31.524+0000] {processor.py:836} INFO - DAG(s) dict_keys(['example_nested_branch_dag']) retrieved from /home/vscode/.local/lib/python3.10/site-packages/airflow/example_dags/example_nested_branch_dag.py
[2025-08-14T10:15:31.536+0000] {logging_mixin.py:150} INFO - [2025-08-14T10:15:31.536+0000] {dag.py:2742} INFO - Sync 1 DAGs
[2025-08-14T10:15:31.550+0000] {logging_mixin.py:150} INFO - [2025-08-14T10:15:31.550+0000] {dag.py:3504} INFO - Setting next_dagrun for example_nested_branch_dag to 2025-08-13T00:00:00+00:00, run_after=2025-08-14T00:00:00+00:00
[2025-08-14T10:15:31.565+0000] {processor.py:179} INFO - Processing /home/vscode/.local/lib/python3.10/site-packages/airflow/example_dags/example_nested_branch_dag.py took 0.052 seconds
[2025-08-14T10:16:21.740+0000] {processor.py:157} INFO - Started process (PID=19824) to work on /home/vscode/.local/lib/python3.10/site-packages/airflow/example_dags/example_nested_branch_dag.py
[2025-08-14T10:16:21.741+0000] {processor.py:826} INFO - Processing file /home/vscode/.local/lib/python3.10/site-packages/airflow/example_dags/example_nested_branch_dag.py for tasks to queue
[2025-08-14T10:16:21.742+0000] {logging_mixin.py:150} INFO - [2025-08-14T10:16:21.741+0000] {dagbag.py:541} INFO - Filling up the DagBag from /home/vscode/.local/lib/python3.10/site-packages/airflow/example_dags/example_nested_branch_dag.py
[2025-08-14T10:16:21.749+0000] {processor.py:836} INFO - DAG(s) dict_keys(['example_nested_branch_dag']) retrieved from /home/vscode/.local/lib/python3.10/site-packages/airflow/example_dags/example_nested_branch_dag.py
[2025-08-14T10:16:21.762+0000] {logging_mixin.py:150} INFO - [2025-08-14T10:16:21.762+0000] {dag.py:2742} INFO - Sync 1 DAGs
[2025-08-14T10:16:21.777+0000] {logging_mixin.py:150} INFO - [2025-08-14T10:16:21.777+0000] {dag.py:3504} INFO - Setting next_dagrun for example_nested_branch_dag to 2025-08-13T00:00:00+00:00, run_after=2025-08-14T00:00:00+00:00
[2025-08-14T10:16:21.792+0000] {processor.py:179} INFO - Processing /home/vscode/.local/lib/python3.10/site-packages/airflow/example_dags/example_nested_branch_dag.py took 0.053 seconds
[2025-08-14T10:17:09.145+0000] {processor.py:157} INFO - Started process (PID=20183) to work on /home/vscode/.local/lib/python3.10/site-packages/airflow/example_dags/example_nested_branch_dag.py
[2025-08-14T10:17:09.146+0000] {processor.py:826} INFO - Processing file /home/vscode/.local/lib/python3.10/site-packages/airflow/example_dags/example_nested_branch_dag.py for tasks to queue
[2025-08-14T10:17:09.146+0000] {logging_mixin.py:150} INFO - [2025-08-14T10:17:09.146+0000] {dagbag.py:541} INFO - Filling up the DagBag from /home/vscode/.local/lib/python3.10/site-packages/airflow/example_dags/example_nested_branch_dag.py
[2025-08-14T10:17:09.153+0000] {processor.py:836} INFO - DAG(s) dict_keys(['example_nested_branch_dag']) retrieved from /home/vscode/.local/lib/python3.10/site-packages/airflow/example_dags/example_nested_branch_dag.py
[2025-08-14T10:17:09.165+0000] {logging_mixin.py:150} INFO - [2025-08-14T10:17:09.165+0000] {dag.py:2742} INFO - Sync 1 DAGs
[2025-08-14T10:17:09.180+0000] {logging_mixin.py:150} INFO - [2025-08-14T10:17:09.180+0000] {dag.py:3504} INFO - Setting next_dagrun for example_nested_branch_dag to 2025-08-13T00:00:00+00:00, run_after=2025-08-14T00:00:00+00:00
[2025-08-14T10:17:09.195+0000] {processor.py:179} INFO - Processing /home/vscode/.local/lib/python3.10/site-packages/airflow/example_dags/example_nested_branch_dag.py took 0.053 seconds
[2025-08-14T10:17:55.208+0000] {processor.py:157} INFO - Started process (PID=20502) to work on /home/vscode/.local/lib/python3.10/site-packages/airflow/example_dags/example_nested_branch_dag.py
[2025-08-14T10:17:55.209+0000] {processor.py:826} INFO - Processing file /home/vscode/.local/lib/python3.10/site-packages/airflow/example_dags/example_nested_branch_dag.py for tasks to queue
[2025-08-14T10:17:55.209+0000] {logging_mixin.py:150} INFO - [2025-08-14T10:17:55.209+0000] {dagbag.py:541} INFO - Filling up the DagBag from /home/vscode/.local/lib/python3.10/site-packages/airflow/example_dags/example_nested_branch_dag.py
[2025-08-14T10:17:55.217+0000] {processor.py:836} INFO - DAG(s) dict_keys(['example_nested_branch_dag']) retrieved from /home/vscode/.local/lib/python3.10/site-packages/airflow/example_dags/example_nested_branch_dag.py
[2025-08-14T10:17:55.229+0000] {logging_mixin.py:150} INFO - [2025-08-14T10:17:55.229+0000] {dag.py:2742} INFO - Sync 1 DAGs
[2025-08-14T10:17:55.243+0000] {logging_mixin.py:150} INFO - [2025-08-14T10:17:55.243+0000] {dag.py:3504} INFO - Setting next_dagrun for example_nested_branch_dag to 2025-08-13T00:00:00+00:00, run_after=2025-08-14T00:00:00+00:00
[2025-08-14T10:17:55.258+0000] {processor.py:179} INFO - Processing /home/vscode/.local/lib/python3.10/site-packages/airflow/example_dags/example_nested_branch_dag.py took 0.052 seconds
[2025-08-14T10:18:41.160+0000] {processor.py:157} INFO - Started process (PID=20815) to work on /home/vscode/.local/lib/python3.10/site-packages/airflow/example_dags/example_nested_branch_dag.py
[2025-08-14T10:18:41.160+0000] {processor.py:826} INFO - Processing file /home/vscode/.local/lib/python3.10/site-packages/airflow/example_dags/example_nested_branch_dag.py for tasks to queue
[2025-08-14T10:18:41.161+0000] {logging_mixin.py:150} INFO - [2025-08-14T10:18:41.161+0000] {dagbag.py:541} INFO - Filling up the DagBag from /home/vscode/.local/lib/python3.10/site-packages/airflow/example_dags/example_nested_branch_dag.py
[2025-08-14T10:18:41.168+0000] {processor.py:836} INFO - DAG(s) dict_keys(['example_nested_branch_dag']) retrieved from /home/vscode/.local/lib/python3.10/site-packages/airflow/example_dags/example_nested_branch_dag.py
[2025-08-14T10:18:41.180+0000] {logging_mixin.py:150} INFO - [2025-08-14T10:18:41.180+0000] {dag.py:2742} INFO - Sync 1 DAGs
[2025-08-14T10:18:41.195+0000] {logging_mixin.py:150} INFO - [2025-08-14T10:18:41.195+0000] {dag.py:3504} INFO - Setting next_dagrun for example_nested_branch_dag to 2025-08-13T00:00:00+00:00, run_after=2025-08-14T00:00:00+00:00
[2025-08-14T10:18:41.212+0000] {processor.py:179} INFO - Processing /home/vscode/.local/lib/python3.10/site-packages/airflow/example_dags/example_nested_branch_dag.py took 0.054 seconds
[2025-08-14T10:19:31.701+0000] {processor.py:157} INFO - Started process (PID=21152) to work on /home/vscode/.local/lib/python3.10/site-packages/airflow/example_dags/example_nested_branch_dag.py
[2025-08-14T10:19:31.702+0000] {processor.py:826} INFO - Processing file /home/vscode/.local/lib/python3.10/site-packages/airflow/example_dags/example_nested_branch_dag.py for tasks to queue
[2025-08-14T10:19:31.703+0000] {logging_mixin.py:150} INFO - [2025-08-14T10:19:31.702+0000] {dagbag.py:541} INFO - Filling up the DagBag from /home/vscode/.local/lib/python3.10/site-packages/airflow/example_dags/example_nested_branch_dag.py
[2025-08-14T10:19:31.710+0000] {processor.py:836} INFO - DAG(s) dict_keys(['example_nested_branch_dag']) retrieved from /home/vscode/.local/lib/python3.10/site-packages/airflow/example_dags/example_nested_branch_dag.py
[2025-08-14T10:19:31.722+0000] {logging_mixin.py:150} INFO - [2025-08-14T10:19:31.722+0000] {dag.py:2742} INFO - Sync 1 DAGs
[2025-08-14T10:19:31.738+0000] {logging_mixin.py:150} INFO - [2025-08-14T10:19:31.738+0000] {dag.py:3504} INFO - Setting next_dagrun for example_nested_branch_dag to 2025-08-13T00:00:00+00:00, run_after=2025-08-14T00:00:00+00:00
[2025-08-14T10:19:31.753+0000] {processor.py:179} INFO - Processing /home/vscode/.local/lib/python3.10/site-packages/airflow/example_dags/example_nested_branch_dag.py took 0.054 seconds
[2025-08-14T10:20:15.357+0000] {processor.py:157} INFO - Started process (PID=21500) to work on /home/vscode/.local/lib/python3.10/site-packages/airflow/example_dags/example_nested_branch_dag.py
[2025-08-14T10:20:15.358+0000] {processor.py:826} INFO - Processing file /home/vscode/.local/lib/python3.10/site-packages/airflow/example_dags/example_nested_branch_dag.py for tasks to queue
[2025-08-14T10:20:15.358+0000] {logging_mixin.py:150} INFO - [2025-08-14T10:20:15.358+0000] {dagbag.py:541} INFO - Filling up the DagBag from /home/vscode/.local/lib/python3.10/site-packages/airflow/example_dags/example_nested_branch_dag.py
[2025-08-14T10:20:15.366+0000] {processor.py:836} INFO - DAG(s) dict_keys(['example_nested_branch_dag']) retrieved from /home/vscode/.local/lib/python3.10/site-packages/airflow/example_dags/example_nested_branch_dag.py
[2025-08-14T10:20:15.379+0000] {logging_mixin.py:150} INFO - [2025-08-14T10:20:15.379+0000] {dag.py:2742} INFO - Sync 1 DAGs
[2025-08-14T10:20:15.394+0000] {logging_mixin.py:150} INFO - [2025-08-14T10:20:15.394+0000] {dag.py:3504} INFO - Setting next_dagrun for example_nested_branch_dag to 2025-08-13T00:00:00+00:00, run_after=2025-08-14T00:00:00+00:00
[2025-08-14T10:20:15.409+0000] {processor.py:179} INFO - Processing /home/vscode/.local/lib/python3.10/site-packages/airflow/example_dags/example_nested_branch_dag.py took 0.055 seconds
[2025-08-14T10:21:02.710+0000] {processor.py:157} INFO - Started process (PID=21816) to work on /home/vscode/.local/lib/python3.10/site-packages/airflow/example_dags/example_nested_branch_dag.py
[2025-08-14T10:21:02.710+0000] {processor.py:826} INFO - Processing file /home/vscode/.local/lib/python3.10/site-packages/airflow/example_dags/example_nested_branch_dag.py for tasks to queue
[2025-08-14T10:21:02.711+0000] {logging_mixin.py:150} INFO - [2025-08-14T10:21:02.711+0000] {dagbag.py:541} INFO - Filling up the DagBag from /home/vscode/.local/lib/python3.10/site-packages/airflow/example_dags/example_nested_branch_dag.py
[2025-08-14T10:21:02.718+0000] {processor.py:836} INFO - DAG(s) dict_keys(['example_nested_branch_dag']) retrieved from /home/vscode/.local/lib/python3.10/site-packages/airflow/example_dags/example_nested_branch_dag.py
[2025-08-14T10:21:02.730+0000] {logging_mixin.py:150} INFO - [2025-08-14T10:21:02.730+0000] {dag.py:2742} INFO - Sync 1 DAGs
[2025-08-14T10:21:02.745+0000] {logging_mixin.py:150} INFO - [2025-08-14T10:21:02.745+0000] {dag.py:3504} INFO - Setting next_dagrun for example_nested_branch_dag to 2025-08-13T00:00:00+00:00, run_after=2025-08-14T00:00:00+00:00
[2025-08-14T10:21:02.759+0000] {processor.py:179} INFO - Processing /home/vscode/.local/lib/python3.10/site-packages/airflow/example_dags/example_nested_branch_dag.py took 0.052 seconds
[2025-08-14T10:21:51.982+0000] {processor.py:157} INFO - Started process (PID=22144) to work on /home/vscode/.local/lib/python3.10/site-packages/airflow/example_dags/example_nested_branch_dag.py
[2025-08-14T10:21:51.982+0000] {processor.py:826} INFO - Processing file /home/vscode/.local/lib/python3.10/site-packages/airflow/example_dags/example_nested_branch_dag.py for tasks to queue
[2025-08-14T10:21:51.983+0000] {logging_mixin.py:150} INFO - [2025-08-14T10:21:51.982+0000] {dagbag.py:541} INFO - Filling up the DagBag from /home/vscode/.local/lib/python3.10/site-packages/airflow/example_dags/example_nested_branch_dag.py
[2025-08-14T10:21:51.990+0000] {processor.py:836} INFO - DAG(s) dict_keys(['example_nested_branch_dag']) retrieved from /home/vscode/.local/lib/python3.10/site-packages/airflow/example_dags/example_nested_branch_dag.py
[2025-08-14T10:21:52.002+0000] {logging_mixin.py:150} INFO - [2025-08-14T10:21:52.001+0000] {dag.py:2742} INFO - Sync 1 DAGs
[2025-08-14T10:21:52.016+0000] {logging_mixin.py:150} INFO - [2025-08-14T10:21:52.016+0000] {dag.py:3504} INFO - Setting next_dagrun for example_nested_branch_dag to 2025-08-13T00:00:00+00:00, run_after=2025-08-14T00:00:00+00:00
[2025-08-14T10:21:52.031+0000] {processor.py:179} INFO - Processing /home/vscode/.local/lib/python3.10/site-packages/airflow/example_dags/example_nested_branch_dag.py took 0.052 seconds
[2025-08-14T10:22:40.519+0000] {processor.py:157} INFO - Started process (PID=22470) to work on /home/vscode/.local/lib/python3.10/site-packages/airflow/example_dags/example_nested_branch_dag.py
[2025-08-14T10:22:40.519+0000] {processor.py:826} INFO - Processing file /home/vscode/.local/lib/python3.10/site-packages/airflow/example_dags/example_nested_branch_dag.py for tasks to queue
[2025-08-14T10:22:40.520+0000] {logging_mixin.py:150} INFO - [2025-08-14T10:22:40.520+0000] {dagbag.py:541} INFO - Filling up the DagBag from /home/vscode/.local/lib/python3.10/site-packages/airflow/example_dags/example_nested_branch_dag.py
[2025-08-14T10:22:40.528+0000] {processor.py:836} INFO - DAG(s) dict_keys(['example_nested_branch_dag']) retrieved from /home/vscode/.local/lib/python3.10/site-packages/airflow/example_dags/example_nested_branch_dag.py
[2025-08-14T10:22:40.540+0000] {logging_mixin.py:150} INFO - [2025-08-14T10:22:40.540+0000] {dag.py:2742} INFO - Sync 1 DAGs
[2025-08-14T10:22:40.556+0000] {logging_mixin.py:150} INFO - [2025-08-14T10:22:40.556+0000] {dag.py:3504} INFO - Setting next_dagrun for example_nested_branch_dag to 2025-08-13T00:00:00+00:00, run_after=2025-08-14T00:00:00+00:00
[2025-08-14T10:22:40.571+0000] {processor.py:179} INFO - Processing /home/vscode/.local/lib/python3.10/site-packages/airflow/example_dags/example_nested_branch_dag.py took 0.055 seconds
[2025-08-14T10:23:29.690+0000] {processor.py:157} INFO - Started process (PID=22799) to work on /home/vscode/.local/lib/python3.10/site-packages/airflow/example_dags/example_nested_branch_dag.py
[2025-08-14T10:23:29.690+0000] {processor.py:826} INFO - Processing file /home/vscode/.local/lib/python3.10/site-packages/airflow/example_dags/example_nested_branch_dag.py for tasks to queue
[2025-08-14T10:23:29.691+0000] {logging_mixin.py:150} INFO - [2025-08-14T10:23:29.691+0000] {dagbag.py:541} INFO - Filling up the DagBag from /home/vscode/.local/lib/python3.10/site-packages/airflow/example_dags/example_nested_branch_dag.py
[2025-08-14T10:23:29.698+0000] {processor.py:836} INFO - DAG(s) dict_keys(['example_nested_branch_dag']) retrieved from /home/vscode/.local/lib/python3.10/site-packages/airflow/example_dags/example_nested_branch_dag.py
[2025-08-14T10:23:29.711+0000] {logging_mixin.py:150} INFO - [2025-08-14T10:23:29.711+0000] {dag.py:2742} INFO - Sync 1 DAGs
[2025-08-14T10:23:29.727+0000] {logging_mixin.py:150} INFO - [2025-08-14T10:23:29.727+0000] {dag.py:3504} INFO - Setting next_dagrun for example_nested_branch_dag to 2025-08-13T00:00:00+00:00, run_after=2025-08-14T00:00:00+00:00
[2025-08-14T10:23:29.743+0000] {processor.py:179} INFO - Processing /home/vscode/.local/lib/python3.10/site-packages/airflow/example_dags/example_nested_branch_dag.py took 0.055 seconds
[2025-08-14T10:24:15.752+0000] {processor.py:157} INFO - Started process (PID=23114) to work on /home/vscode/.local/lib/python3.10/site-packages/airflow/example_dags/example_nested_branch_dag.py
[2025-08-14T10:24:15.753+0000] {processor.py:826} INFO - Processing file /home/vscode/.local/lib/python3.10/site-packages/airflow/example_dags/example_nested_branch_dag.py for tasks to queue
[2025-08-14T10:24:15.753+0000] {logging_mixin.py:150} INFO - [2025-08-14T10:24:15.753+0000] {dagbag.py:541} INFO - Filling up the DagBag from /home/vscode/.local/lib/python3.10/site-packages/airflow/example_dags/example_nested_branch_dag.py
[2025-08-14T10:24:15.760+0000] {processor.py:836} INFO - DAG(s) dict_keys(['example_nested_branch_dag']) retrieved from /home/vscode/.local/lib/python3.10/site-packages/airflow/example_dags/example_nested_branch_dag.py
[2025-08-14T10:24:15.773+0000] {logging_mixin.py:150} INFO - [2025-08-14T10:24:15.773+0000] {dag.py:2742} INFO - Sync 1 DAGs
[2025-08-14T10:24:15.788+0000] {logging_mixin.py:150} INFO - [2025-08-14T10:24:15.788+0000] {dag.py:3504} INFO - Setting next_dagrun for example_nested_branch_dag to 2025-08-13T00:00:00+00:00, run_after=2025-08-14T00:00:00+00:00
[2025-08-14T10:24:15.803+0000] {processor.py:179} INFO - Processing /home/vscode/.local/lib/python3.10/site-packages/airflow/example_dags/example_nested_branch_dag.py took 0.053 seconds
[2025-08-14T10:25:03.173+0000] {processor.py:157} INFO - Started process (PID=23448) to work on /home/vscode/.local/lib/python3.10/site-packages/airflow/example_dags/example_nested_branch_dag.py
[2025-08-14T10:25:03.174+0000] {processor.py:826} INFO - Processing file /home/vscode/.local/lib/python3.10/site-packages/airflow/example_dags/example_nested_branch_dag.py for tasks to queue
[2025-08-14T10:25:03.174+0000] {logging_mixin.py:150} INFO - [2025-08-14T10:25:03.174+0000] {dagbag.py:541} INFO - Filling up the DagBag from /home/vscode/.local/lib/python3.10/site-packages/airflow/example_dags/example_nested_branch_dag.py
[2025-08-14T10:25:03.182+0000] {processor.py:836} INFO - DAG(s) dict_keys(['example_nested_branch_dag']) retrieved from /home/vscode/.local/lib/python3.10/site-packages/airflow/example_dags/example_nested_branch_dag.py
[2025-08-14T10:25:03.195+0000] {logging_mixin.py:150} INFO - [2025-08-14T10:25:03.195+0000] {dag.py:2742} INFO - Sync 1 DAGs
[2025-08-14T10:25:03.210+0000] {logging_mixin.py:150} INFO - [2025-08-14T10:25:03.210+0000] {dag.py:3504} INFO - Setting next_dagrun for example_nested_branch_dag to 2025-08-13T00:00:00+00:00, run_after=2025-08-14T00:00:00+00:00
[2025-08-14T10:25:03.225+0000] {processor.py:179} INFO - Processing /home/vscode/.local/lib/python3.10/site-packages/airflow/example_dags/example_nested_branch_dag.py took 0.055 seconds
[2025-08-14T10:25:46.244+0000] {processor.py:157} INFO - Started process (PID=23736) to work on /home/vscode/.local/lib/python3.10/site-packages/airflow/example_dags/example_nested_branch_dag.py
[2025-08-14T10:25:46.244+0000] {processor.py:826} INFO - Processing file /home/vscode/.local/lib/python3.10/site-packages/airflow/example_dags/example_nested_branch_dag.py for tasks to queue
[2025-08-14T10:25:46.245+0000] {logging_mixin.py:150} INFO - [2025-08-14T10:25:46.245+0000] {dagbag.py:541} INFO - Filling up the DagBag from /home/vscode/.local/lib/python3.10/site-packages/airflow/example_dags/example_nested_branch_dag.py
[2025-08-14T10:25:46.252+0000] {processor.py:836} INFO - DAG(s) dict_keys(['example_nested_branch_dag']) retrieved from /home/vscode/.local/lib/python3.10/site-packages/airflow/example_dags/example_nested_branch_dag.py
[2025-08-14T10:25:46.264+0000] {logging_mixin.py:150} INFO - [2025-08-14T10:25:46.264+0000] {dag.py:2742} INFO - Sync 1 DAGs
[2025-08-14T10:25:46.279+0000] {logging_mixin.py:150} INFO - [2025-08-14T10:25:46.279+0000] {dag.py:3504} INFO - Setting next_dagrun for example_nested_branch_dag to 2025-08-13T00:00:00+00:00, run_after=2025-08-14T00:00:00+00:00
[2025-08-14T10:25:46.293+0000] {processor.py:179} INFO - Processing /home/vscode/.local/lib/python3.10/site-packages/airflow/example_dags/example_nested_branch_dag.py took 0.052 seconds
[2025-08-14T10:26:34.470+0000] {processor.py:157} INFO - Started process (PID=24065) to work on /home/vscode/.local/lib/python3.10/site-packages/airflow/example_dags/example_nested_branch_dag.py
[2025-08-14T10:26:34.471+0000] {processor.py:826} INFO - Processing file /home/vscode/.local/lib/python3.10/site-packages/airflow/example_dags/example_nested_branch_dag.py for tasks to queue
[2025-08-14T10:26:34.472+0000] {logging_mixin.py:150} INFO - [2025-08-14T10:26:34.471+0000] {dagbag.py:541} INFO - Filling up the DagBag from /home/vscode/.local/lib/python3.10/site-packages/airflow/example_dags/example_nested_branch_dag.py
[2025-08-14T10:26:34.478+0000] {processor.py:836} INFO - DAG(s) dict_keys(['example_nested_branch_dag']) retrieved from /home/vscode/.local/lib/python3.10/site-packages/airflow/example_dags/example_nested_branch_dag.py
[2025-08-14T10:26:34.491+0000] {logging_mixin.py:150} INFO - [2025-08-14T10:26:34.490+0000] {dag.py:2742} INFO - Sync 1 DAGs
[2025-08-14T10:26:34.506+0000] {logging_mixin.py:150} INFO - [2025-08-14T10:26:34.506+0000] {dag.py:3504} INFO - Setting next_dagrun for example_nested_branch_dag to 2025-08-13T00:00:00+00:00, run_after=2025-08-14T00:00:00+00:00
[2025-08-14T10:26:34.521+0000] {processor.py:179} INFO - Processing /home/vscode/.local/lib/python3.10/site-packages/airflow/example_dags/example_nested_branch_dag.py took 0.052 seconds
[2025-08-14T10:27:22.157+0000] {processor.py:157} INFO - Started process (PID=24382) to work on /home/vscode/.local/lib/python3.10/site-packages/airflow/example_dags/example_nested_branch_dag.py
[2025-08-14T10:27:22.158+0000] {processor.py:826} INFO - Processing file /home/vscode/.local/lib/python3.10/site-packages/airflow/example_dags/example_nested_branch_dag.py for tasks to queue
[2025-08-14T10:27:22.159+0000] {logging_mixin.py:150} INFO - [2025-08-14T10:27:22.158+0000] {dagbag.py:541} INFO - Filling up the DagBag from /home/vscode/.local/lib/python3.10/site-packages/airflow/example_dags/example_nested_branch_dag.py
[2025-08-14T10:27:22.166+0000] {processor.py:836} INFO - DAG(s) dict_keys(['example_nested_branch_dag']) retrieved from /home/vscode/.local/lib/python3.10/site-packages/airflow/example_dags/example_nested_branch_dag.py
[2025-08-14T10:27:22.178+0000] {logging_mixin.py:150} INFO - [2025-08-14T10:27:22.178+0000] {dag.py:2742} INFO - Sync 1 DAGs
[2025-08-14T10:27:22.193+0000] {logging_mixin.py:150} INFO - [2025-08-14T10:27:22.193+0000] {dag.py:3504} INFO - Setting next_dagrun for example_nested_branch_dag to 2025-08-13T00:00:00+00:00, run_after=2025-08-14T00:00:00+00:00
[2025-08-14T10:27:22.208+0000] {processor.py:179} INFO - Processing /home/vscode/.local/lib/python3.10/site-packages/airflow/example_dags/example_nested_branch_dag.py took 0.054 seconds
[2025-08-14T10:28:07.055+0000] {processor.py:157} INFO - Started process (PID=24677) to work on /home/vscode/.local/lib/python3.10/site-packages/airflow/example_dags/example_nested_branch_dag.py
[2025-08-14T10:28:07.055+0000] {processor.py:826} INFO - Processing file /home/vscode/.local/lib/python3.10/site-packages/airflow/example_dags/example_nested_branch_dag.py for tasks to queue
[2025-08-14T10:28:07.056+0000] {logging_mixin.py:150} INFO - [2025-08-14T10:28:07.056+0000] {dagbag.py:541} INFO - Filling up the DagBag from /home/vscode/.local/lib/python3.10/site-packages/airflow/example_dags/example_nested_branch_dag.py
[2025-08-14T10:28:07.063+0000] {processor.py:836} INFO - DAG(s) dict_keys(['example_nested_branch_dag']) retrieved from /home/vscode/.local/lib/python3.10/site-packages/airflow/example_dags/example_nested_branch_dag.py
[2025-08-14T10:28:07.075+0000] {logging_mixin.py:150} INFO - [2025-08-14T10:28:07.075+0000] {dag.py:2742} INFO - Sync 1 DAGs
[2025-08-14T10:28:07.090+0000] {logging_mixin.py:150} INFO - [2025-08-14T10:28:07.090+0000] {dag.py:3504} INFO - Setting next_dagrun for example_nested_branch_dag to 2025-08-13T00:00:00+00:00, run_after=2025-08-14T00:00:00+00:00
[2025-08-14T10:28:07.105+0000] {processor.py:179} INFO - Processing /home/vscode/.local/lib/python3.10/site-packages/airflow/example_dags/example_nested_branch_dag.py took 0.052 seconds
[2025-08-14T10:28:55.548+0000] {processor.py:157} INFO - Started process (PID=25003) to work on /home/vscode/.local/lib/python3.10/site-packages/airflow/example_dags/example_nested_branch_dag.py
[2025-08-14T10:28:55.549+0000] {processor.py:826} INFO - Processing file /home/vscode/.local/lib/python3.10/site-packages/airflow/example_dags/example_nested_branch_dag.py for tasks to queue
[2025-08-14T10:28:55.549+0000] {logging_mixin.py:150} INFO - [2025-08-14T10:28:55.549+0000] {dagbag.py:541} INFO - Filling up the DagBag from /home/vscode/.local/lib/python3.10/site-packages/airflow/example_dags/example_nested_branch_dag.py
[2025-08-14T10:28:55.556+0000] {processor.py:836} INFO - DAG(s) dict_keys(['example_nested_branch_dag']) retrieved from /home/vscode/.local/lib/python3.10/site-packages/airflow/example_dags/example_nested_branch_dag.py
[2025-08-14T10:28:55.569+0000] {logging_mixin.py:150} INFO - [2025-08-14T10:28:55.569+0000] {dag.py:2742} INFO - Sync 1 DAGs
[2025-08-14T10:28:55.583+0000] {logging_mixin.py:150} INFO - [2025-08-14T10:28:55.583+0000] {dag.py:3504} INFO - Setting next_dagrun for example_nested_branch_dag to 2025-08-13T00:00:00+00:00, run_after=2025-08-14T00:00:00+00:00
[2025-08-14T10:28:55.602+0000] {processor.py:179} INFO - Processing /home/vscode/.local/lib/python3.10/site-packages/airflow/example_dags/example_nested_branch_dag.py took 0.056 seconds
[2025-08-14T10:29:40.775+0000] {processor.py:157} INFO - Started process (PID=25306) to work on /home/vscode/.local/lib/python3.10/site-packages/airflow/example_dags/example_nested_branch_dag.py
[2025-08-14T10:29:40.776+0000] {processor.py:826} INFO - Processing file /home/vscode/.local/lib/python3.10/site-packages/airflow/example_dags/example_nested_branch_dag.py for tasks to queue
[2025-08-14T10:29:40.776+0000] {logging_mixin.py:150} INFO - [2025-08-14T10:29:40.776+0000] {dagbag.py:541} INFO - Filling up the DagBag from /home/vscode/.local/lib/python3.10/site-packages/airflow/example_dags/example_nested_branch_dag.py
[2025-08-14T10:29:40.783+0000] {processor.py:836} INFO - DAG(s) dict_keys(['example_nested_branch_dag']) retrieved from /home/vscode/.local/lib/python3.10/site-packages/airflow/example_dags/example_nested_branch_dag.py
[2025-08-14T10:29:40.796+0000] {logging_mixin.py:150} INFO - [2025-08-14T10:29:40.796+0000] {dag.py:2742} INFO - Sync 1 DAGs
[2025-08-14T10:29:40.812+0000] {logging_mixin.py:150} INFO - [2025-08-14T10:29:40.812+0000] {dag.py:3504} INFO - Setting next_dagrun for example_nested_branch_dag to 2025-08-13T00:00:00+00:00, run_after=2025-08-14T00:00:00+00:00
[2025-08-14T10:29:40.828+0000] {processor.py:179} INFO - Processing /home/vscode/.local/lib/python3.10/site-packages/airflow/example_dags/example_nested_branch_dag.py took 0.055 seconds
[2025-08-14T10:30:28.168+0000] {processor.py:157} INFO - Started process (PID=25617) to work on /home/vscode/.local/lib/python3.10/site-packages/airflow/example_dags/example_nested_branch_dag.py
[2025-08-14T10:30:28.169+0000] {processor.py:826} INFO - Processing file /home/vscode/.local/lib/python3.10/site-packages/airflow/example_dags/example_nested_branch_dag.py for tasks to queue
[2025-08-14T10:30:28.169+0000] {logging_mixin.py:150} INFO - [2025-08-14T10:30:28.169+0000] {dagbag.py:541} INFO - Filling up the DagBag from /home/vscode/.local/lib/python3.10/site-packages/airflow/example_dags/example_nested_branch_dag.py
[2025-08-14T10:30:28.177+0000] {processor.py:836} INFO - DAG(s) dict_keys(['example_nested_branch_dag']) retrieved from /home/vscode/.local/lib/python3.10/site-packages/airflow/example_dags/example_nested_branch_dag.py
[2025-08-14T10:30:28.189+0000] {logging_mixin.py:150} INFO - [2025-08-14T10:30:28.189+0000] {dag.py:2742} INFO - Sync 1 DAGs
[2025-08-14T10:30:28.203+0000] {logging_mixin.py:150} INFO - [2025-08-14T10:30:28.203+0000] {dag.py:3504} INFO - Setting next_dagrun for example_nested_branch_dag to 2025-08-13T00:00:00+00:00, run_after=2025-08-14T00:00:00+00:00
[2025-08-14T10:30:28.218+0000] {processor.py:179} INFO - Processing /home/vscode/.local/lib/python3.10/site-packages/airflow/example_dags/example_nested_branch_dag.py took 0.052 seconds
[2025-08-14T10:31:13.186+0000] {processor.py:157} INFO - Started process (PID=25923) to work on /home/vscode/.local/lib/python3.10/site-packages/airflow/example_dags/example_nested_branch_dag.py
[2025-08-14T10:31:13.187+0000] {processor.py:826} INFO - Processing file /home/vscode/.local/lib/python3.10/site-packages/airflow/example_dags/example_nested_branch_dag.py for tasks to queue
[2025-08-14T10:31:13.188+0000] {logging_mixin.py:150} INFO - [2025-08-14T10:31:13.187+0000] {dagbag.py:541} INFO - Filling up the DagBag from /home/vscode/.local/lib/python3.10/site-packages/airflow/example_dags/example_nested_branch_dag.py
[2025-08-14T10:31:13.195+0000] {processor.py:836} INFO - DAG(s) dict_keys(['example_nested_branch_dag']) retrieved from /home/vscode/.local/lib/python3.10/site-packages/airflow/example_dags/example_nested_branch_dag.py
[2025-08-14T10:31:13.208+0000] {logging_mixin.py:150} INFO - [2025-08-14T10:31:13.208+0000] {dag.py:2742} INFO - Sync 1 DAGs
[2025-08-14T10:31:13.224+0000] {logging_mixin.py:150} INFO - [2025-08-14T10:31:13.224+0000] {dag.py:3504} INFO - Setting next_dagrun for example_nested_branch_dag to 2025-08-13T00:00:00+00:00, run_after=2025-08-14T00:00:00+00:00
[2025-08-14T10:31:13.239+0000] {processor.py:179} INFO - Processing /home/vscode/.local/lib/python3.10/site-packages/airflow/example_dags/example_nested_branch_dag.py took 0.055 seconds
[2025-08-14T10:31:57.987+0000] {processor.py:157} INFO - Started process (PID=26225) to work on /home/vscode/.local/lib/python3.10/site-packages/airflow/example_dags/example_nested_branch_dag.py
[2025-08-14T10:31:57.988+0000] {processor.py:826} INFO - Processing file /home/vscode/.local/lib/python3.10/site-packages/airflow/example_dags/example_nested_branch_dag.py for tasks to queue
[2025-08-14T10:31:57.988+0000] {logging_mixin.py:150} INFO - [2025-08-14T10:31:57.988+0000] {dagbag.py:541} INFO - Filling up the DagBag from /home/vscode/.local/lib/python3.10/site-packages/airflow/example_dags/example_nested_branch_dag.py
[2025-08-14T10:31:57.996+0000] {processor.py:836} INFO - DAG(s) dict_keys(['example_nested_branch_dag']) retrieved from /home/vscode/.local/lib/python3.10/site-packages/airflow/example_dags/example_nested_branch_dag.py
[2025-08-14T10:31:58.009+0000] {logging_mixin.py:150} INFO - [2025-08-14T10:31:58.009+0000] {dag.py:2742} INFO - Sync 1 DAGs
[2025-08-14T10:31:58.025+0000] {logging_mixin.py:150} INFO - [2025-08-14T10:31:58.024+0000] {dag.py:3504} INFO - Setting next_dagrun for example_nested_branch_dag to 2025-08-13T00:00:00+00:00, run_after=2025-08-14T00:00:00+00:00
[2025-08-14T10:31:58.040+0000] {processor.py:179} INFO - Processing /home/vscode/.local/lib/python3.10/site-packages/airflow/example_dags/example_nested_branch_dag.py took 0.055 seconds
[2025-08-14T10:32:41.188+0000] {processor.py:157} INFO - Started process (PID=26518) to work on /home/vscode/.local/lib/python3.10/site-packages/airflow/example_dags/example_nested_branch_dag.py
[2025-08-14T10:32:41.189+0000] {processor.py:826} INFO - Processing file /home/vscode/.local/lib/python3.10/site-packages/airflow/example_dags/example_nested_branch_dag.py for tasks to queue
[2025-08-14T10:32:41.189+0000] {logging_mixin.py:150} INFO - [2025-08-14T10:32:41.189+0000] {dagbag.py:541} INFO - Filling up the DagBag from /home/vscode/.local/lib/python3.10/site-packages/airflow/example_dags/example_nested_branch_dag.py
[2025-08-14T10:32:41.197+0000] {processor.py:836} INFO - DAG(s) dict_keys(['example_nested_branch_dag']) retrieved from /home/vscode/.local/lib/python3.10/site-packages/airflow/example_dags/example_nested_branch_dag.py
[2025-08-14T10:32:41.209+0000] {logging_mixin.py:150} INFO - [2025-08-14T10:32:41.209+0000] {dag.py:2742} INFO - Sync 1 DAGs
[2025-08-14T10:32:41.224+0000] {logging_mixin.py:150} INFO - [2025-08-14T10:32:41.224+0000] {dag.py:3504} INFO - Setting next_dagrun for example_nested_branch_dag to 2025-08-13T00:00:00+00:00, run_after=2025-08-14T00:00:00+00:00
[2025-08-14T10:32:41.239+0000] {processor.py:179} INFO - Processing /home/vscode/.local/lib/python3.10/site-packages/airflow/example_dags/example_nested_branch_dag.py took 0.053 seconds
[2025-08-14T10:33:25.465+0000] {processor.py:157} INFO - Started process (PID=26924) to work on /home/vscode/.local/lib/python3.10/site-packages/airflow/example_dags/example_nested_branch_dag.py
[2025-08-14T10:33:25.466+0000] {processor.py:826} INFO - Processing file /home/vscode/.local/lib/python3.10/site-packages/airflow/example_dags/example_nested_branch_dag.py for tasks to queue
[2025-08-14T10:33:25.467+0000] {logging_mixin.py:150} INFO - [2025-08-14T10:33:25.466+0000] {dagbag.py:541} INFO - Filling up the DagBag from /home/vscode/.local/lib/python3.10/site-packages/airflow/example_dags/example_nested_branch_dag.py
[2025-08-14T10:33:25.474+0000] {processor.py:836} INFO - DAG(s) dict_keys(['example_nested_branch_dag']) retrieved from /home/vscode/.local/lib/python3.10/site-packages/airflow/example_dags/example_nested_branch_dag.py
[2025-08-14T10:33:25.486+0000] {logging_mixin.py:150} INFO - [2025-08-14T10:33:25.486+0000] {dag.py:2742} INFO - Sync 1 DAGs
[2025-08-14T10:33:25.501+0000] {logging_mixin.py:150} INFO - [2025-08-14T10:33:25.501+0000] {dag.py:3504} INFO - Setting next_dagrun for example_nested_branch_dag to 2025-08-13T00:00:00+00:00, run_after=2025-08-14T00:00:00+00:00
[2025-08-14T10:33:25.516+0000] {processor.py:179} INFO - Processing /home/vscode/.local/lib/python3.10/site-packages/airflow/example_dags/example_nested_branch_dag.py took 0.053 seconds
[2025-08-14T10:34:09.151+0000] {processor.py:157} INFO - Started process (PID=27223) to work on /home/vscode/.local/lib/python3.10/site-packages/airflow/example_dags/example_nested_branch_dag.py
[2025-08-14T10:34:09.152+0000] {processor.py:826} INFO - Processing file /home/vscode/.local/lib/python3.10/site-packages/airflow/example_dags/example_nested_branch_dag.py for tasks to queue
[2025-08-14T10:34:09.153+0000] {logging_mixin.py:150} INFO - [2025-08-14T10:34:09.152+0000] {dagbag.py:541} INFO - Filling up the DagBag from /home/vscode/.local/lib/python3.10/site-packages/airflow/example_dags/example_nested_branch_dag.py
[2025-08-14T10:34:09.160+0000] {processor.py:836} INFO - DAG(s) dict_keys(['example_nested_branch_dag']) retrieved from /home/vscode/.local/lib/python3.10/site-packages/airflow/example_dags/example_nested_branch_dag.py
[2025-08-14T10:34:09.173+0000] {logging_mixin.py:150} INFO - [2025-08-14T10:34:09.173+0000] {dag.py:2742} INFO - Sync 1 DAGs
[2025-08-14T10:34:09.188+0000] {logging_mixin.py:150} INFO - [2025-08-14T10:34:09.188+0000] {dag.py:3504} INFO - Setting next_dagrun for example_nested_branch_dag to 2025-08-13T00:00:00+00:00, run_after=2025-08-14T00:00:00+00:00
[2025-08-14T10:34:09.203+0000] {processor.py:179} INFO - Processing /home/vscode/.local/lib/python3.10/site-packages/airflow/example_dags/example_nested_branch_dag.py took 0.054 seconds
[2025-08-14T10:34:57.415+0000] {processor.py:157} INFO - Started process (PID=27542) to work on /home/vscode/.local/lib/python3.10/site-packages/airflow/example_dags/example_nested_branch_dag.py
[2025-08-14T10:34:57.416+0000] {processor.py:826} INFO - Processing file /home/vscode/.local/lib/python3.10/site-packages/airflow/example_dags/example_nested_branch_dag.py for tasks to queue
[2025-08-14T10:34:57.417+0000] {logging_mixin.py:150} INFO - [2025-08-14T10:34:57.416+0000] {dagbag.py:541} INFO - Filling up the DagBag from /home/vscode/.local/lib/python3.10/site-packages/airflow/example_dags/example_nested_branch_dag.py
[2025-08-14T10:34:57.424+0000] {processor.py:836} INFO - DAG(s) dict_keys(['example_nested_branch_dag']) retrieved from /home/vscode/.local/lib/python3.10/site-packages/airflow/example_dags/example_nested_branch_dag.py
[2025-08-14T10:34:57.436+0000] {logging_mixin.py:150} INFO - [2025-08-14T10:34:57.436+0000] {dag.py:2742} INFO - Sync 1 DAGs
[2025-08-14T10:34:57.451+0000] {logging_mixin.py:150} INFO - [2025-08-14T10:34:57.451+0000] {dag.py:3504} INFO - Setting next_dagrun for example_nested_branch_dag to 2025-08-13T00:00:00+00:00, run_after=2025-08-14T00:00:00+00:00
[2025-08-14T10:34:57.466+0000] {processor.py:179} INFO - Processing /home/vscode/.local/lib/python3.10/site-packages/airflow/example_dags/example_nested_branch_dag.py took 0.053 seconds
[2025-08-14T10:35:42.844+0000] {processor.py:157} INFO - Started process (PID=27845) to work on /home/vscode/.local/lib/python3.10/site-packages/airflow/example_dags/example_nested_branch_dag.py
[2025-08-14T10:35:42.845+0000] {processor.py:826} INFO - Processing file /home/vscode/.local/lib/python3.10/site-packages/airflow/example_dags/example_nested_branch_dag.py for tasks to queue
[2025-08-14T10:35:42.845+0000] {logging_mixin.py:150} INFO - [2025-08-14T10:35:42.845+0000] {dagbag.py:541} INFO - Filling up the DagBag from /home/vscode/.local/lib/python3.10/site-packages/airflow/example_dags/example_nested_branch_dag.py
[2025-08-14T10:35:42.852+0000] {processor.py:836} INFO - DAG(s) dict_keys(['example_nested_branch_dag']) retrieved from /home/vscode/.local/lib/python3.10/site-packages/airflow/example_dags/example_nested_branch_dag.py
[2025-08-14T10:35:42.865+0000] {logging_mixin.py:150} INFO - [2025-08-14T10:35:42.865+0000] {dag.py:2742} INFO - Sync 1 DAGs
[2025-08-14T10:35:42.881+0000] {logging_mixin.py:150} INFO - [2025-08-14T10:35:42.880+0000] {dag.py:3504} INFO - Setting next_dagrun for example_nested_branch_dag to 2025-08-13T00:00:00+00:00, run_after=2025-08-14T00:00:00+00:00
[2025-08-14T10:35:42.896+0000] {processor.py:179} INFO - Processing /home/vscode/.local/lib/python3.10/site-packages/airflow/example_dags/example_nested_branch_dag.py took 0.054 seconds
[2025-08-14T10:36:29.398+0000] {processor.py:157} INFO - Started process (PID=28154) to work on /home/vscode/.local/lib/python3.10/site-packages/airflow/example_dags/example_nested_branch_dag.py
[2025-08-14T10:36:29.399+0000] {processor.py:826} INFO - Processing file /home/vscode/.local/lib/python3.10/site-packages/airflow/example_dags/example_nested_branch_dag.py for tasks to queue
[2025-08-14T10:36:29.399+0000] {logging_mixin.py:150} INFO - [2025-08-14T10:36:29.399+0000] {dagbag.py:541} INFO - Filling up the DagBag from /home/vscode/.local/lib/python3.10/site-packages/airflow/example_dags/example_nested_branch_dag.py
[2025-08-14T10:36:29.406+0000] {processor.py:836} INFO - DAG(s) dict_keys(['example_nested_branch_dag']) retrieved from /home/vscode/.local/lib/python3.10/site-packages/airflow/example_dags/example_nested_branch_dag.py
[2025-08-14T10:36:29.419+0000] {logging_mixin.py:150} INFO - [2025-08-14T10:36:29.419+0000] {dag.py:2742} INFO - Sync 1 DAGs
[2025-08-14T10:36:29.434+0000] {logging_mixin.py:150} INFO - [2025-08-14T10:36:29.434+0000] {dag.py:3504} INFO - Setting next_dagrun for example_nested_branch_dag to 2025-08-13T00:00:00+00:00, run_after=2025-08-14T00:00:00+00:00
[2025-08-14T10:36:29.449+0000] {processor.py:179} INFO - Processing /home/vscode/.local/lib/python3.10/site-packages/airflow/example_dags/example_nested_branch_dag.py took 0.053 seconds
[2025-08-14T10:37:15.065+0000] {processor.py:157} INFO - Started process (PID=28459) to work on /home/vscode/.local/lib/python3.10/site-packages/airflow/example_dags/example_nested_branch_dag.py
[2025-08-14T10:37:15.066+0000] {processor.py:826} INFO - Processing file /home/vscode/.local/lib/python3.10/site-packages/airflow/example_dags/example_nested_branch_dag.py for tasks to queue
[2025-08-14T10:37:15.066+0000] {logging_mixin.py:150} INFO - [2025-08-14T10:37:15.066+0000] {dagbag.py:541} INFO - Filling up the DagBag from /home/vscode/.local/lib/python3.10/site-packages/airflow/example_dags/example_nested_branch_dag.py
[2025-08-14T10:37:15.074+0000] {processor.py:836} INFO - DAG(s) dict_keys(['example_nested_branch_dag']) retrieved from /home/vscode/.local/lib/python3.10/site-packages/airflow/example_dags/example_nested_branch_dag.py
[2025-08-14T10:37:15.086+0000] {logging_mixin.py:150} INFO - [2025-08-14T10:37:15.086+0000] {dag.py:2742} INFO - Sync 1 DAGs
[2025-08-14T10:37:15.102+0000] {logging_mixin.py:150} INFO - [2025-08-14T10:37:15.102+0000] {dag.py:3504} INFO - Setting next_dagrun for example_nested_branch_dag to 2025-08-13T00:00:00+00:00, run_after=2025-08-14T00:00:00+00:00
[2025-08-14T10:37:15.117+0000] {processor.py:179} INFO - Processing /home/vscode/.local/lib/python3.10/site-packages/airflow/example_dags/example_nested_branch_dag.py took 0.054 seconds
[2025-08-14T10:38:05.288+0000] {processor.py:157} INFO - Started process (PID=28794) to work on /home/vscode/.local/lib/python3.10/site-packages/airflow/example_dags/example_nested_branch_dag.py
[2025-08-14T10:38:05.289+0000] {processor.py:826} INFO - Processing file /home/vscode/.local/lib/python3.10/site-packages/airflow/example_dags/example_nested_branch_dag.py for tasks to queue
[2025-08-14T10:38:05.290+0000] {logging_mixin.py:150} INFO - [2025-08-14T10:38:05.289+0000] {dagbag.py:541} INFO - Filling up the DagBag from /home/vscode/.local/lib/python3.10/site-packages/airflow/example_dags/example_nested_branch_dag.py
[2025-08-14T10:38:05.297+0000] {processor.py:836} INFO - DAG(s) dict_keys(['example_nested_branch_dag']) retrieved from /home/vscode/.local/lib/python3.10/site-packages/airflow/example_dags/example_nested_branch_dag.py
[2025-08-14T10:38:05.309+0000] {logging_mixin.py:150} INFO - [2025-08-14T10:38:05.309+0000] {dag.py:2742} INFO - Sync 1 DAGs
[2025-08-14T10:38:05.324+0000] {logging_mixin.py:150} INFO - [2025-08-14T10:38:05.324+0000] {dag.py:3504} INFO - Setting next_dagrun for example_nested_branch_dag to 2025-08-13T00:00:00+00:00, run_after=2025-08-14T00:00:00+00:00
[2025-08-14T10:38:05.340+0000] {processor.py:179} INFO - Processing /home/vscode/.local/lib/python3.10/site-packages/airflow/example_dags/example_nested_branch_dag.py took 0.054 seconds
[2025-08-14T10:38:49.267+0000] {processor.py:157} INFO - Started process (PID=29083) to work on /home/vscode/.local/lib/python3.10/site-packages/airflow/example_dags/example_nested_branch_dag.py
[2025-08-14T10:38:49.268+0000] {processor.py:826} INFO - Processing file /home/vscode/.local/lib/python3.10/site-packages/airflow/example_dags/example_nested_branch_dag.py for tasks to queue
[2025-08-14T10:38:49.268+0000] {logging_mixin.py:150} INFO - [2025-08-14T10:38:49.268+0000] {dagbag.py:541} INFO - Filling up the DagBag from /home/vscode/.local/lib/python3.10/site-packages/airflow/example_dags/example_nested_branch_dag.py
[2025-08-14T10:38:49.276+0000] {processor.py:836} INFO - DAG(s) dict_keys(['example_nested_branch_dag']) retrieved from /home/vscode/.local/lib/python3.10/site-packages/airflow/example_dags/example_nested_branch_dag.py
[2025-08-14T10:38:49.288+0000] {logging_mixin.py:150} INFO - [2025-08-14T10:38:49.288+0000] {dag.py:2742} INFO - Sync 1 DAGs
[2025-08-14T10:38:49.303+0000] {logging_mixin.py:150} INFO - [2025-08-14T10:38:49.303+0000] {dag.py:3504} INFO - Setting next_dagrun for example_nested_branch_dag to 2025-08-13T00:00:00+00:00, run_after=2025-08-14T00:00:00+00:00
[2025-08-14T10:38:49.318+0000] {processor.py:179} INFO - Processing /home/vscode/.local/lib/python3.10/site-packages/airflow/example_dags/example_nested_branch_dag.py took 0.053 seconds
[2025-08-14T10:39:37.935+0000] {processor.py:157} INFO - Started process (PID=29408) to work on /home/vscode/.local/lib/python3.10/site-packages/airflow/example_dags/example_nested_branch_dag.py
[2025-08-14T10:39:37.936+0000] {processor.py:826} INFO - Processing file /home/vscode/.local/lib/python3.10/site-packages/airflow/example_dags/example_nested_branch_dag.py for tasks to queue
[2025-08-14T10:39:37.936+0000] {logging_mixin.py:150} INFO - [2025-08-14T10:39:37.936+0000] {dagbag.py:541} INFO - Filling up the DagBag from /home/vscode/.local/lib/python3.10/site-packages/airflow/example_dags/example_nested_branch_dag.py
[2025-08-14T10:39:37.944+0000] {processor.py:836} INFO - DAG(s) dict_keys(['example_nested_branch_dag']) retrieved from /home/vscode/.local/lib/python3.10/site-packages/airflow/example_dags/example_nested_branch_dag.py
[2025-08-14T10:39:37.956+0000] {logging_mixin.py:150} INFO - [2025-08-14T10:39:37.956+0000] {dag.py:2742} INFO - Sync 1 DAGs
[2025-08-14T10:39:37.971+0000] {logging_mixin.py:150} INFO - [2025-08-14T10:39:37.971+0000] {dag.py:3504} INFO - Setting next_dagrun for example_nested_branch_dag to 2025-08-13T00:00:00+00:00, run_after=2025-08-14T00:00:00+00:00
[2025-08-14T10:39:37.987+0000] {processor.py:179} INFO - Processing /home/vscode/.local/lib/python3.10/site-packages/airflow/example_dags/example_nested_branch_dag.py took 0.054 seconds
[2025-08-14T10:40:27.014+0000] {processor.py:157} INFO - Started process (PID=29735) to work on /home/vscode/.local/lib/python3.10/site-packages/airflow/example_dags/example_nested_branch_dag.py
[2025-08-14T10:40:27.015+0000] {processor.py:826} INFO - Processing file /home/vscode/.local/lib/python3.10/site-packages/airflow/example_dags/example_nested_branch_dag.py for tasks to queue
[2025-08-14T10:40:27.015+0000] {logging_mixin.py:150} INFO - [2025-08-14T10:40:27.015+0000] {dagbag.py:541} INFO - Filling up the DagBag from /home/vscode/.local/lib/python3.10/site-packages/airflow/example_dags/example_nested_branch_dag.py
[2025-08-14T10:40:27.022+0000] {processor.py:836} INFO - DAG(s) dict_keys(['example_nested_branch_dag']) retrieved from /home/vscode/.local/lib/python3.10/site-packages/airflow/example_dags/example_nested_branch_dag.py
[2025-08-14T10:40:27.034+0000] {logging_mixin.py:150} INFO - [2025-08-14T10:40:27.034+0000] {dag.py:2742} INFO - Sync 1 DAGs
[2025-08-14T10:40:27.049+0000] {logging_mixin.py:150} INFO - [2025-08-14T10:40:27.049+0000] {dag.py:3504} INFO - Setting next_dagrun for example_nested_branch_dag to 2025-08-13T00:00:00+00:00, run_after=2025-08-14T00:00:00+00:00
[2025-08-14T10:40:27.063+0000] {processor.py:179} INFO - Processing /home/vscode/.local/lib/python3.10/site-packages/airflow/example_dags/example_nested_branch_dag.py took 0.052 seconds
[2025-08-14T10:41:14.649+0000] {processor.py:157} INFO - Started process (PID=30054) to work on /home/vscode/.local/lib/python3.10/site-packages/airflow/example_dags/example_nested_branch_dag.py
[2025-08-14T10:41:14.650+0000] {processor.py:826} INFO - Processing file /home/vscode/.local/lib/python3.10/site-packages/airflow/example_dags/example_nested_branch_dag.py for tasks to queue
[2025-08-14T10:41:14.650+0000] {logging_mixin.py:150} INFO - [2025-08-14T10:41:14.650+0000] {dagbag.py:541} INFO - Filling up the DagBag from /home/vscode/.local/lib/python3.10/site-packages/airflow/example_dags/example_nested_branch_dag.py
[2025-08-14T10:41:14.657+0000] {processor.py:836} INFO - DAG(s) dict_keys(['example_nested_branch_dag']) retrieved from /home/vscode/.local/lib/python3.10/site-packages/airflow/example_dags/example_nested_branch_dag.py
[2025-08-14T10:41:14.670+0000] {logging_mixin.py:150} INFO - [2025-08-14T10:41:14.670+0000] {dag.py:2742} INFO - Sync 1 DAGs
[2025-08-14T10:41:14.685+0000] {logging_mixin.py:150} INFO - [2025-08-14T10:41:14.685+0000] {dag.py:3504} INFO - Setting next_dagrun for example_nested_branch_dag to 2025-08-13T00:00:00+00:00, run_after=2025-08-14T00:00:00+00:00
[2025-08-14T10:41:14.701+0000] {processor.py:179} INFO - Processing /home/vscode/.local/lib/python3.10/site-packages/airflow/example_dags/example_nested_branch_dag.py took 0.054 seconds
[2025-08-14T10:42:02.332+0000] {processor.py:157} INFO - Started process (PID=30371) to work on /home/vscode/.local/lib/python3.10/site-packages/airflow/example_dags/example_nested_branch_dag.py
[2025-08-14T10:42:02.333+0000] {processor.py:826} INFO - Processing file /home/vscode/.local/lib/python3.10/site-packages/airflow/example_dags/example_nested_branch_dag.py for tasks to queue
[2025-08-14T10:42:02.333+0000] {logging_mixin.py:150} INFO - [2025-08-14T10:42:02.333+0000] {dagbag.py:541} INFO - Filling up the DagBag from /home/vscode/.local/lib/python3.10/site-packages/airflow/example_dags/example_nested_branch_dag.py
[2025-08-14T10:42:02.341+0000] {processor.py:836} INFO - DAG(s) dict_keys(['example_nested_branch_dag']) retrieved from /home/vscode/.local/lib/python3.10/site-packages/airflow/example_dags/example_nested_branch_dag.py
[2025-08-14T10:42:02.353+0000] {logging_mixin.py:150} INFO - [2025-08-14T10:42:02.353+0000] {dag.py:2742} INFO - Sync 1 DAGs
[2025-08-14T10:42:02.368+0000] {logging_mixin.py:150} INFO - [2025-08-14T10:42:02.368+0000] {dag.py:3504} INFO - Setting next_dagrun for example_nested_branch_dag to 2025-08-13T00:00:00+00:00, run_after=2025-08-14T00:00:00+00:00
[2025-08-14T10:42:02.383+0000] {processor.py:179} INFO - Processing /home/vscode/.local/lib/python3.10/site-packages/airflow/example_dags/example_nested_branch_dag.py took 0.053 seconds
[2025-08-14T10:42:49.162+0000] {processor.py:157} INFO - Started process (PID=30683) to work on /home/vscode/.local/lib/python3.10/site-packages/airflow/example_dags/example_nested_branch_dag.py
[2025-08-14T10:42:49.163+0000] {processor.py:826} INFO - Processing file /home/vscode/.local/lib/python3.10/site-packages/airflow/example_dags/example_nested_branch_dag.py for tasks to queue
[2025-08-14T10:42:49.163+0000] {logging_mixin.py:150} INFO - [2025-08-14T10:42:49.163+0000] {dagbag.py:541} INFO - Filling up the DagBag from /home/vscode/.local/lib/python3.10/site-packages/airflow/example_dags/example_nested_branch_dag.py
[2025-08-14T10:42:49.171+0000] {processor.py:836} INFO - DAG(s) dict_keys(['example_nested_branch_dag']) retrieved from /home/vscode/.local/lib/python3.10/site-packages/airflow/example_dags/example_nested_branch_dag.py
[2025-08-14T10:42:49.184+0000] {logging_mixin.py:150} INFO - [2025-08-14T10:42:49.184+0000] {dag.py:2742} INFO - Sync 1 DAGs
[2025-08-14T10:42:49.201+0000] {logging_mixin.py:150} INFO - [2025-08-14T10:42:49.200+0000] {dag.py:3504} INFO - Setting next_dagrun for example_nested_branch_dag to 2025-08-13T00:00:00+00:00, run_after=2025-08-14T00:00:00+00:00
[2025-08-14T10:42:49.217+0000] {processor.py:179} INFO - Processing /home/vscode/.local/lib/python3.10/site-packages/airflow/example_dags/example_nested_branch_dag.py took 0.057 seconds
[2025-08-14T10:43:39.253+0000] {processor.py:157} INFO - Started process (PID=31016) to work on /home/vscode/.local/lib/python3.10/site-packages/airflow/example_dags/example_nested_branch_dag.py
[2025-08-14T10:43:39.253+0000] {processor.py:826} INFO - Processing file /home/vscode/.local/lib/python3.10/site-packages/airflow/example_dags/example_nested_branch_dag.py for tasks to queue
[2025-08-14T10:43:39.254+0000] {logging_mixin.py:150} INFO - [2025-08-14T10:43:39.254+0000] {dagbag.py:541} INFO - Filling up the DagBag from /home/vscode/.local/lib/python3.10/site-packages/airflow/example_dags/example_nested_branch_dag.py
[2025-08-14T10:43:39.261+0000] {processor.py:836} INFO - DAG(s) dict_keys(['example_nested_branch_dag']) retrieved from /home/vscode/.local/lib/python3.10/site-packages/airflow/example_dags/example_nested_branch_dag.py
[2025-08-14T10:43:39.273+0000] {logging_mixin.py:150} INFO - [2025-08-14T10:43:39.273+0000] {dag.py:2742} INFO - Sync 1 DAGs
[2025-08-14T10:43:39.288+0000] {logging_mixin.py:150} INFO - [2025-08-14T10:43:39.288+0000] {dag.py:3504} INFO - Setting next_dagrun for example_nested_branch_dag to 2025-08-13T00:00:00+00:00, run_after=2025-08-14T00:00:00+00:00
[2025-08-14T10:43:39.303+0000] {processor.py:179} INFO - Processing /home/vscode/.local/lib/python3.10/site-packages/airflow/example_dags/example_nested_branch_dag.py took 0.052 seconds
[2025-08-14T10:44:23.191+0000] {processor.py:157} INFO - Started process (PID=31305) to work on /home/vscode/.local/lib/python3.10/site-packages/airflow/example_dags/example_nested_branch_dag.py
[2025-08-14T10:44:23.191+0000] {processor.py:826} INFO - Processing file /home/vscode/.local/lib/python3.10/site-packages/airflow/example_dags/example_nested_branch_dag.py for tasks to queue
[2025-08-14T10:44:23.192+0000] {logging_mixin.py:150} INFO - [2025-08-14T10:44:23.192+0000] {dagbag.py:541} INFO - Filling up the DagBag from /home/vscode/.local/lib/python3.10/site-packages/airflow/example_dags/example_nested_branch_dag.py
[2025-08-14T10:44:23.199+0000] {processor.py:836} INFO - DAG(s) dict_keys(['example_nested_branch_dag']) retrieved from /home/vscode/.local/lib/python3.10/site-packages/airflow/example_dags/example_nested_branch_dag.py
[2025-08-14T10:44:23.211+0000] {logging_mixin.py:150} INFO - [2025-08-14T10:44:23.211+0000] {dag.py:2742} INFO - Sync 1 DAGs
[2025-08-14T10:44:23.226+0000] {logging_mixin.py:150} INFO - [2025-08-14T10:44:23.226+0000] {dag.py:3504} INFO - Setting next_dagrun for example_nested_branch_dag to 2025-08-13T00:00:00+00:00, run_after=2025-08-14T00:00:00+00:00
[2025-08-14T10:44:23.249+0000] {processor.py:179} INFO - Processing /home/vscode/.local/lib/python3.10/site-packages/airflow/example_dags/example_nested_branch_dag.py took 0.060 seconds
[2025-08-14T10:45:12.242+0000] {processor.py:157} INFO - Started process (PID=31631) to work on /home/vscode/.local/lib/python3.10/site-packages/airflow/example_dags/example_nested_branch_dag.py
[2025-08-14T10:45:12.243+0000] {processor.py:826} INFO - Processing file /home/vscode/.local/lib/python3.10/site-packages/airflow/example_dags/example_nested_branch_dag.py for tasks to queue
[2025-08-14T10:45:12.243+0000] {logging_mixin.py:150} INFO - [2025-08-14T10:45:12.243+0000] {dagbag.py:541} INFO - Filling up the DagBag from /home/vscode/.local/lib/python3.10/site-packages/airflow/example_dags/example_nested_branch_dag.py
[2025-08-14T10:45:12.250+0000] {processor.py:836} INFO - DAG(s) dict_keys(['example_nested_branch_dag']) retrieved from /home/vscode/.local/lib/python3.10/site-packages/airflow/example_dags/example_nested_branch_dag.py
[2025-08-14T10:45:12.262+0000] {logging_mixin.py:150} INFO - [2025-08-14T10:45:12.262+0000] {dag.py:2742} INFO - Sync 1 DAGs
[2025-08-14T10:45:12.284+0000] {logging_mixin.py:150} INFO - [2025-08-14T10:45:12.284+0000] {dag.py:3504} INFO - Setting next_dagrun for example_nested_branch_dag to 2025-08-13T00:00:00+00:00, run_after=2025-08-14T00:00:00+00:00
[2025-08-14T10:45:12.308+0000] {processor.py:179} INFO - Processing /home/vscode/.local/lib/python3.10/site-packages/airflow/example_dags/example_nested_branch_dag.py took 0.068 seconds
[2025-08-14T10:45:55.651+0000] {processor.py:157} INFO - Started process (PID=31931) to work on /home/vscode/.local/lib/python3.10/site-packages/airflow/example_dags/example_nested_branch_dag.py
[2025-08-14T10:45:55.652+0000] {processor.py:826} INFO - Processing file /home/vscode/.local/lib/python3.10/site-packages/airflow/example_dags/example_nested_branch_dag.py for tasks to queue
[2025-08-14T10:45:55.652+0000] {logging_mixin.py:150} INFO - [2025-08-14T10:45:55.652+0000] {dagbag.py:541} INFO - Filling up the DagBag from /home/vscode/.local/lib/python3.10/site-packages/airflow/example_dags/example_nested_branch_dag.py
[2025-08-14T10:45:55.660+0000] {processor.py:836} INFO - DAG(s) dict_keys(['example_nested_branch_dag']) retrieved from /home/vscode/.local/lib/python3.10/site-packages/airflow/example_dags/example_nested_branch_dag.py
[2025-08-14T10:45:55.673+0000] {logging_mixin.py:150} INFO - [2025-08-14T10:45:55.673+0000] {dag.py:2742} INFO - Sync 1 DAGs
[2025-08-14T10:45:55.689+0000] {logging_mixin.py:150} INFO - [2025-08-14T10:45:55.689+0000] {dag.py:3504} INFO - Setting next_dagrun for example_nested_branch_dag to 2025-08-13T00:00:00+00:00, run_after=2025-08-14T00:00:00+00:00
[2025-08-14T10:45:55.704+0000] {processor.py:179} INFO - Processing /home/vscode/.local/lib/python3.10/site-packages/airflow/example_dags/example_nested_branch_dag.py took 0.055 seconds
[2025-08-14T10:46:44.701+0000] {processor.py:157} INFO - Started process (PID=32249) to work on /home/vscode/.local/lib/python3.10/site-packages/airflow/example_dags/example_nested_branch_dag.py
[2025-08-14T10:46:44.701+0000] {processor.py:826} INFO - Processing file /home/vscode/.local/lib/python3.10/site-packages/airflow/example_dags/example_nested_branch_dag.py for tasks to queue
[2025-08-14T10:46:44.702+0000] {logging_mixin.py:150} INFO - [2025-08-14T10:46:44.702+0000] {dagbag.py:541} INFO - Filling up the DagBag from /home/vscode/.local/lib/python3.10/site-packages/airflow/example_dags/example_nested_branch_dag.py
[2025-08-14T10:46:44.711+0000] {processor.py:836} INFO - DAG(s) dict_keys(['example_nested_branch_dag']) retrieved from /home/vscode/.local/lib/python3.10/site-packages/airflow/example_dags/example_nested_branch_dag.py
[2025-08-14T10:46:44.724+0000] {logging_mixin.py:150} INFO - [2025-08-14T10:46:44.724+0000] {dag.py:2742} INFO - Sync 1 DAGs
[2025-08-14T10:46:44.739+0000] {logging_mixin.py:150} INFO - [2025-08-14T10:46:44.739+0000] {dag.py:3504} INFO - Setting next_dagrun for example_nested_branch_dag to 2025-08-13T00:00:00+00:00, run_after=2025-08-14T00:00:00+00:00
[2025-08-14T10:46:44.754+0000] {processor.py:179} INFO - Processing /home/vscode/.local/lib/python3.10/site-packages/airflow/example_dags/example_nested_branch_dag.py took 0.057 seconds
[2025-08-14T10:47:28.026+0000] {processor.py:157} INFO - Started process (PID=32546) to work on /home/vscode/.local/lib/python3.10/site-packages/airflow/example_dags/example_nested_branch_dag.py
[2025-08-14T10:47:28.027+0000] {processor.py:826} INFO - Processing file /home/vscode/.local/lib/python3.10/site-packages/airflow/example_dags/example_nested_branch_dag.py for tasks to queue
[2025-08-14T10:47:28.028+0000] {logging_mixin.py:150} INFO - [2025-08-14T10:47:28.027+0000] {dagbag.py:541} INFO - Filling up the DagBag from /home/vscode/.local/lib/python3.10/site-packages/airflow/example_dags/example_nested_branch_dag.py
[2025-08-14T10:47:28.034+0000] {processor.py:836} INFO - DAG(s) dict_keys(['example_nested_branch_dag']) retrieved from /home/vscode/.local/lib/python3.10/site-packages/airflow/example_dags/example_nested_branch_dag.py
[2025-08-14T10:47:28.047+0000] {logging_mixin.py:150} INFO - [2025-08-14T10:47:28.047+0000] {dag.py:2742} INFO - Sync 1 DAGs
[2025-08-14T10:47:28.062+0000] {logging_mixin.py:150} INFO - [2025-08-14T10:47:28.062+0000] {dag.py:3504} INFO - Setting next_dagrun for example_nested_branch_dag to 2025-08-13T00:00:00+00:00, run_after=2025-08-14T00:00:00+00:00
[2025-08-14T10:47:28.080+0000] {processor.py:179} INFO - Processing /home/vscode/.local/lib/python3.10/site-packages/airflow/example_dags/example_nested_branch_dag.py took 0.056 seconds
[2025-08-14T10:48:09.016+0000] {processor.py:157} INFO - Started process (PID=32824) to work on /home/vscode/.local/lib/python3.10/site-packages/airflow/example_dags/example_nested_branch_dag.py
[2025-08-14T10:48:09.016+0000] {processor.py:826} INFO - Processing file /home/vscode/.local/lib/python3.10/site-packages/airflow/example_dags/example_nested_branch_dag.py for tasks to queue
[2025-08-14T10:48:09.017+0000] {logging_mixin.py:150} INFO - [2025-08-14T10:48:09.017+0000] {dagbag.py:541} INFO - Filling up the DagBag from /home/vscode/.local/lib/python3.10/site-packages/airflow/example_dags/example_nested_branch_dag.py
[2025-08-14T10:48:09.025+0000] {processor.py:836} INFO - DAG(s) dict_keys(['example_nested_branch_dag']) retrieved from /home/vscode/.local/lib/python3.10/site-packages/airflow/example_dags/example_nested_branch_dag.py
[2025-08-14T10:48:09.037+0000] {logging_mixin.py:150} INFO - [2025-08-14T10:48:09.037+0000] {dag.py:2742} INFO - Sync 1 DAGs
[2025-08-14T10:48:09.052+0000] {logging_mixin.py:150} INFO - [2025-08-14T10:48:09.052+0000] {dag.py:3504} INFO - Setting next_dagrun for example_nested_branch_dag to 2025-08-13T00:00:00+00:00, run_after=2025-08-14T00:00:00+00:00
[2025-08-14T10:48:09.068+0000] {processor.py:179} INFO - Processing /home/vscode/.local/lib/python3.10/site-packages/airflow/example_dags/example_nested_branch_dag.py took 0.055 seconds
[2025-08-14T10:48:55.376+0000] {processor.py:157} INFO - Started process (PID=33121) to work on /home/vscode/.local/lib/python3.10/site-packages/airflow/example_dags/example_nested_branch_dag.py
[2025-08-14T10:48:55.377+0000] {processor.py:826} INFO - Processing file /home/vscode/.local/lib/python3.10/site-packages/airflow/example_dags/example_nested_branch_dag.py for tasks to queue
[2025-08-14T10:48:55.377+0000] {logging_mixin.py:150} INFO - [2025-08-14T10:48:55.377+0000] {dagbag.py:541} INFO - Filling up the DagBag from /home/vscode/.local/lib/python3.10/site-packages/airflow/example_dags/example_nested_branch_dag.py
[2025-08-14T10:48:55.384+0000] {processor.py:836} INFO - DAG(s) dict_keys(['example_nested_branch_dag']) retrieved from /home/vscode/.local/lib/python3.10/site-packages/airflow/example_dags/example_nested_branch_dag.py
[2025-08-14T10:48:55.397+0000] {logging_mixin.py:150} INFO - [2025-08-14T10:48:55.397+0000] {dag.py:2742} INFO - Sync 1 DAGs
[2025-08-14T10:48:55.412+0000] {logging_mixin.py:150} INFO - [2025-08-14T10:48:55.412+0000] {dag.py:3504} INFO - Setting next_dagrun for example_nested_branch_dag to 2025-08-13T00:00:00+00:00, run_after=2025-08-14T00:00:00+00:00
[2025-08-14T10:48:55.427+0000] {processor.py:179} INFO - Processing /home/vscode/.local/lib/python3.10/site-packages/airflow/example_dags/example_nested_branch_dag.py took 0.053 seconds
[2025-08-14T10:49:41.042+0000] {processor.py:157} INFO - Started process (PID=33436) to work on /home/vscode/.local/lib/python3.10/site-packages/airflow/example_dags/example_nested_branch_dag.py
[2025-08-14T10:49:41.043+0000] {processor.py:826} INFO - Processing file /home/vscode/.local/lib/python3.10/site-packages/airflow/example_dags/example_nested_branch_dag.py for tasks to queue
[2025-08-14T10:49:41.043+0000] {logging_mixin.py:150} INFO - [2025-08-14T10:49:41.043+0000] {dagbag.py:541} INFO - Filling up the DagBag from /home/vscode/.local/lib/python3.10/site-packages/airflow/example_dags/example_nested_branch_dag.py
[2025-08-14T10:49:41.051+0000] {processor.py:836} INFO - DAG(s) dict_keys(['example_nested_branch_dag']) retrieved from /home/vscode/.local/lib/python3.10/site-packages/airflow/example_dags/example_nested_branch_dag.py
[2025-08-14T10:49:41.064+0000] {logging_mixin.py:150} INFO - [2025-08-14T10:49:41.064+0000] {dag.py:2742} INFO - Sync 1 DAGs
[2025-08-14T10:49:41.079+0000] {logging_mixin.py:150} INFO - [2025-08-14T10:49:41.079+0000] {dag.py:3504} INFO - Setting next_dagrun for example_nested_branch_dag to 2025-08-13T00:00:00+00:00, run_after=2025-08-14T00:00:00+00:00
[2025-08-14T10:49:41.096+0000] {processor.py:179} INFO - Processing /home/vscode/.local/lib/python3.10/site-packages/airflow/example_dags/example_nested_branch_dag.py took 0.056 seconds
[2025-08-14T10:50:32.244+0000] {processor.py:157} INFO - Started process (PID=33773) to work on /home/vscode/.local/lib/python3.10/site-packages/airflow/example_dags/example_nested_branch_dag.py
[2025-08-14T10:50:32.244+0000] {processor.py:826} INFO - Processing file /home/vscode/.local/lib/python3.10/site-packages/airflow/example_dags/example_nested_branch_dag.py for tasks to queue
[2025-08-14T10:50:32.245+0000] {logging_mixin.py:150} INFO - [2025-08-14T10:50:32.245+0000] {dagbag.py:541} INFO - Filling up the DagBag from /home/vscode/.local/lib/python3.10/site-packages/airflow/example_dags/example_nested_branch_dag.py
[2025-08-14T10:50:32.252+0000] {processor.py:836} INFO - DAG(s) dict_keys(['example_nested_branch_dag']) retrieved from /home/vscode/.local/lib/python3.10/site-packages/airflow/example_dags/example_nested_branch_dag.py
[2025-08-14T10:50:32.264+0000] {logging_mixin.py:150} INFO - [2025-08-14T10:50:32.264+0000] {dag.py:2742} INFO - Sync 1 DAGs
[2025-08-14T10:50:32.279+0000] {logging_mixin.py:150} INFO - [2025-08-14T10:50:32.278+0000] {dag.py:3504} INFO - Setting next_dagrun for example_nested_branch_dag to 2025-08-13T00:00:00+00:00, run_after=2025-08-14T00:00:00+00:00
[2025-08-14T10:50:32.294+0000] {processor.py:179} INFO - Processing /home/vscode/.local/lib/python3.10/site-packages/airflow/example_dags/example_nested_branch_dag.py took 0.052 seconds
[2025-08-14T10:51:17.075+0000] {processor.py:157} INFO - Started process (PID=34068) to work on /home/vscode/.local/lib/python3.10/site-packages/airflow/example_dags/example_nested_branch_dag.py
[2025-08-14T10:51:17.076+0000] {processor.py:826} INFO - Processing file /home/vscode/.local/lib/python3.10/site-packages/airflow/example_dags/example_nested_branch_dag.py for tasks to queue
[2025-08-14T10:51:17.077+0000] {logging_mixin.py:150} INFO - [2025-08-14T10:51:17.076+0000] {dagbag.py:541} INFO - Filling up the DagBag from /home/vscode/.local/lib/python3.10/site-packages/airflow/example_dags/example_nested_branch_dag.py
[2025-08-14T10:51:17.084+0000] {processor.py:836} INFO - DAG(s) dict_keys(['example_nested_branch_dag']) retrieved from /home/vscode/.local/lib/python3.10/site-packages/airflow/example_dags/example_nested_branch_dag.py
[2025-08-14T10:51:17.096+0000] {logging_mixin.py:150} INFO - [2025-08-14T10:51:17.096+0000] {dag.py:2742} INFO - Sync 1 DAGs
[2025-08-14T10:51:17.111+0000] {logging_mixin.py:150} INFO - [2025-08-14T10:51:17.111+0000] {dag.py:3504} INFO - Setting next_dagrun for example_nested_branch_dag to 2025-08-13T00:00:00+00:00, run_after=2025-08-14T00:00:00+00:00
[2025-08-14T10:51:17.126+0000] {processor.py:179} INFO - Processing /home/vscode/.local/lib/python3.10/site-packages/airflow/example_dags/example_nested_branch_dag.py took 0.052 seconds
[2025-08-14T10:52:06.593+0000] {processor.py:157} INFO - Started process (PID=34398) to work on /home/vscode/.local/lib/python3.10/site-packages/airflow/example_dags/example_nested_branch_dag.py
[2025-08-14T10:52:06.593+0000] {processor.py:826} INFO - Processing file /home/vscode/.local/lib/python3.10/site-packages/airflow/example_dags/example_nested_branch_dag.py for tasks to queue
[2025-08-14T10:52:06.594+0000] {logging_mixin.py:150} INFO - [2025-08-14T10:52:06.594+0000] {dagbag.py:541} INFO - Filling up the DagBag from /home/vscode/.local/lib/python3.10/site-packages/airflow/example_dags/example_nested_branch_dag.py
[2025-08-14T10:52:06.601+0000] {processor.py:836} INFO - DAG(s) dict_keys(['example_nested_branch_dag']) retrieved from /home/vscode/.local/lib/python3.10/site-packages/airflow/example_dags/example_nested_branch_dag.py
[2025-08-14T10:52:06.614+0000] {logging_mixin.py:150} INFO - [2025-08-14T10:52:06.614+0000] {dag.py:2742} INFO - Sync 1 DAGs
[2025-08-14T10:52:06.630+0000] {logging_mixin.py:150} INFO - [2025-08-14T10:52:06.630+0000] {dag.py:3504} INFO - Setting next_dagrun for example_nested_branch_dag to 2025-08-13T00:00:00+00:00, run_after=2025-08-14T00:00:00+00:00
[2025-08-14T10:52:06.646+0000] {processor.py:179} INFO - Processing /home/vscode/.local/lib/python3.10/site-packages/airflow/example_dags/example_nested_branch_dag.py took 0.056 seconds
[2025-08-14T10:52:53.699+0000] {processor.py:157} INFO - Started process (PID=34715) to work on /home/vscode/.local/lib/python3.10/site-packages/airflow/example_dags/example_nested_branch_dag.py
[2025-08-14T10:52:53.700+0000] {processor.py:826} INFO - Processing file /home/vscode/.local/lib/python3.10/site-packages/airflow/example_dags/example_nested_branch_dag.py for tasks to queue
[2025-08-14T10:52:53.701+0000] {logging_mixin.py:150} INFO - [2025-08-14T10:52:53.700+0000] {dagbag.py:541} INFO - Filling up the DagBag from /home/vscode/.local/lib/python3.10/site-packages/airflow/example_dags/example_nested_branch_dag.py
[2025-08-14T10:52:53.708+0000] {processor.py:836} INFO - DAG(s) dict_keys(['example_nested_branch_dag']) retrieved from /home/vscode/.local/lib/python3.10/site-packages/airflow/example_dags/example_nested_branch_dag.py
[2025-08-14T10:52:53.721+0000] {logging_mixin.py:150} INFO - [2025-08-14T10:52:53.721+0000] {dag.py:2742} INFO - Sync 1 DAGs
[2025-08-14T10:52:53.737+0000] {logging_mixin.py:150} INFO - [2025-08-14T10:52:53.737+0000] {dag.py:3504} INFO - Setting next_dagrun for example_nested_branch_dag to 2025-08-13T00:00:00+00:00, run_after=2025-08-14T00:00:00+00:00
[2025-08-14T10:52:53.752+0000] {processor.py:179} INFO - Processing /home/vscode/.local/lib/python3.10/site-packages/airflow/example_dags/example_nested_branch_dag.py took 0.055 seconds
[2025-08-14T10:53:48.886+0000] {processor.py:157} INFO - Started process (PID=36395) to work on /home/vscode/.local/lib/python3.10/site-packages/airflow/example_dags/example_nested_branch_dag.py
[2025-08-14T10:53:48.888+0000] {processor.py:826} INFO - Processing file /home/vscode/.local/lib/python3.10/site-packages/airflow/example_dags/example_nested_branch_dag.py for tasks to queue
[2025-08-14T10:53:48.892+0000] {logging_mixin.py:150} INFO - [2025-08-14T10:53:48.891+0000] {dagbag.py:541} INFO - Filling up the DagBag from /home/vscode/.local/lib/python3.10/site-packages/airflow/example_dags/example_nested_branch_dag.py
[2025-08-14T10:53:48.953+0000] {processor.py:836} INFO - DAG(s) dict_keys(['example_nested_branch_dag']) retrieved from /home/vscode/.local/lib/python3.10/site-packages/airflow/example_dags/example_nested_branch_dag.py
[2025-08-14T10:53:49.018+0000] {logging_mixin.py:150} INFO - [2025-08-14T10:53:49.018+0000] {dag.py:2742} INFO - Sync 1 DAGs
[2025-08-14T10:53:49.068+0000] {logging_mixin.py:150} INFO - [2025-08-14T10:53:49.068+0000] {dag.py:3504} INFO - Setting next_dagrun for example_nested_branch_dag to 2025-08-13T00:00:00+00:00, run_after=2025-08-14T00:00:00+00:00
[2025-08-14T10:53:49.117+0000] {processor.py:179} INFO - Processing /home/vscode/.local/lib/python3.10/site-packages/airflow/example_dags/example_nested_branch_dag.py took 0.248 seconds
[2025-08-14T10:54:31.393+0000] {processor.py:157} INFO - Started process (PID=36908) to work on /home/vscode/.local/lib/python3.10/site-packages/airflow/example_dags/example_nested_branch_dag.py
[2025-08-14T10:54:31.394+0000] {processor.py:826} INFO - Processing file /home/vscode/.local/lib/python3.10/site-packages/airflow/example_dags/example_nested_branch_dag.py for tasks to queue
[2025-08-14T10:54:31.395+0000] {logging_mixin.py:150} INFO - [2025-08-14T10:54:31.394+0000] {dagbag.py:541} INFO - Filling up the DagBag from /home/vscode/.local/lib/python3.10/site-packages/airflow/example_dags/example_nested_branch_dag.py
[2025-08-14T10:54:31.402+0000] {processor.py:836} INFO - DAG(s) dict_keys(['example_nested_branch_dag']) retrieved from /home/vscode/.local/lib/python3.10/site-packages/airflow/example_dags/example_nested_branch_dag.py
[2025-08-14T10:54:31.414+0000] {logging_mixin.py:150} INFO - [2025-08-14T10:54:31.414+0000] {dag.py:2742} INFO - Sync 1 DAGs
[2025-08-14T10:54:31.429+0000] {logging_mixin.py:150} INFO - [2025-08-14T10:54:31.429+0000] {dag.py:3504} INFO - Setting next_dagrun for example_nested_branch_dag to 2025-08-13T00:00:00+00:00, run_after=2025-08-14T00:00:00+00:00
[2025-08-14T10:54:31.444+0000] {processor.py:179} INFO - Processing /home/vscode/.local/lib/python3.10/site-packages/airflow/example_dags/example_nested_branch_dag.py took 0.053 seconds
[2025-08-14T10:55:15.934+0000] {processor.py:157} INFO - Started process (PID=37475) to work on /home/vscode/.local/lib/python3.10/site-packages/airflow/example_dags/example_nested_branch_dag.py
[2025-08-14T10:55:15.934+0000] {processor.py:826} INFO - Processing file /home/vscode/.local/lib/python3.10/site-packages/airflow/example_dags/example_nested_branch_dag.py for tasks to queue
[2025-08-14T10:55:15.935+0000] {logging_mixin.py:150} INFO - [2025-08-14T10:55:15.935+0000] {dagbag.py:541} INFO - Filling up the DagBag from /home/vscode/.local/lib/python3.10/site-packages/airflow/example_dags/example_nested_branch_dag.py
[2025-08-14T10:55:15.942+0000] {processor.py:836} INFO - DAG(s) dict_keys(['example_nested_branch_dag']) retrieved from /home/vscode/.local/lib/python3.10/site-packages/airflow/example_dags/example_nested_branch_dag.py
[2025-08-14T10:55:15.954+0000] {logging_mixin.py:150} INFO - [2025-08-14T10:55:15.954+0000] {dag.py:2742} INFO - Sync 1 DAGs
[2025-08-14T10:55:15.969+0000] {logging_mixin.py:150} INFO - [2025-08-14T10:55:15.969+0000] {dag.py:3504} INFO - Setting next_dagrun for example_nested_branch_dag to 2025-08-13T00:00:00+00:00, run_after=2025-08-14T00:00:00+00:00
[2025-08-14T10:55:15.984+0000] {processor.py:179} INFO - Processing /home/vscode/.local/lib/python3.10/site-packages/airflow/example_dags/example_nested_branch_dag.py took 0.053 seconds
[2025-08-14T10:56:02.860+0000] {processor.py:157} INFO - Started process (PID=38008) to work on /home/vscode/.local/lib/python3.10/site-packages/airflow/example_dags/example_nested_branch_dag.py
[2025-08-14T10:56:02.860+0000] {processor.py:826} INFO - Processing file /home/vscode/.local/lib/python3.10/site-packages/airflow/example_dags/example_nested_branch_dag.py for tasks to queue
[2025-08-14T10:56:02.861+0000] {logging_mixin.py:150} INFO - [2025-08-14T10:56:02.861+0000] {dagbag.py:541} INFO - Filling up the DagBag from /home/vscode/.local/lib/python3.10/site-packages/airflow/example_dags/example_nested_branch_dag.py
[2025-08-14T10:56:02.868+0000] {processor.py:836} INFO - DAG(s) dict_keys(['example_nested_branch_dag']) retrieved from /home/vscode/.local/lib/python3.10/site-packages/airflow/example_dags/example_nested_branch_dag.py
[2025-08-14T10:56:02.880+0000] {logging_mixin.py:150} INFO - [2025-08-14T10:56:02.880+0000] {dag.py:2742} INFO - Sync 1 DAGs
[2025-08-14T10:56:02.899+0000] {logging_mixin.py:150} INFO - [2025-08-14T10:56:02.898+0000] {dag.py:3504} INFO - Setting next_dagrun for example_nested_branch_dag to 2025-08-13T00:00:00+00:00, run_after=2025-08-14T00:00:00+00:00
[2025-08-14T10:56:02.934+0000] {processor.py:179} INFO - Processing /home/vscode/.local/lib/python3.10/site-packages/airflow/example_dags/example_nested_branch_dag.py took 0.077 seconds
[2025-08-14T10:56:55.243+0000] {processor.py:157} INFO - Started process (PID=38495) to work on /home/vscode/.local/lib/python3.10/site-packages/airflow/example_dags/example_nested_branch_dag.py
[2025-08-14T10:56:55.243+0000] {processor.py:826} INFO - Processing file /home/vscode/.local/lib/python3.10/site-packages/airflow/example_dags/example_nested_branch_dag.py for tasks to queue
[2025-08-14T10:56:55.244+0000] {logging_mixin.py:150} INFO - [2025-08-14T10:56:55.244+0000] {dagbag.py:541} INFO - Filling up the DagBag from /home/vscode/.local/lib/python3.10/site-packages/airflow/example_dags/example_nested_branch_dag.py
[2025-08-14T10:56:55.251+0000] {processor.py:836} INFO - DAG(s) dict_keys(['example_nested_branch_dag']) retrieved from /home/vscode/.local/lib/python3.10/site-packages/airflow/example_dags/example_nested_branch_dag.py
[2025-08-14T10:56:55.263+0000] {logging_mixin.py:150} INFO - [2025-08-14T10:56:55.263+0000] {dag.py:2742} INFO - Sync 1 DAGs
[2025-08-14T10:56:55.279+0000] {logging_mixin.py:150} INFO - [2025-08-14T10:56:55.279+0000] {dag.py:3504} INFO - Setting next_dagrun for example_nested_branch_dag to 2025-08-13T00:00:00+00:00, run_after=2025-08-14T00:00:00+00:00
[2025-08-14T10:56:55.294+0000] {processor.py:179} INFO - Processing /home/vscode/.local/lib/python3.10/site-packages/airflow/example_dags/example_nested_branch_dag.py took 0.053 seconds
[2025-08-14T10:57:42.479+0000] {processor.py:157} INFO - Started process (PID=38950) to work on /home/vscode/.local/lib/python3.10/site-packages/airflow/example_dags/example_nested_branch_dag.py
[2025-08-14T10:57:42.480+0000] {processor.py:826} INFO - Processing file /home/vscode/.local/lib/python3.10/site-packages/airflow/example_dags/example_nested_branch_dag.py for tasks to queue
[2025-08-14T10:57:42.481+0000] {logging_mixin.py:150} INFO - [2025-08-14T10:57:42.480+0000] {dagbag.py:541} INFO - Filling up the DagBag from /home/vscode/.local/lib/python3.10/site-packages/airflow/example_dags/example_nested_branch_dag.py
[2025-08-14T10:57:42.488+0000] {processor.py:836} INFO - DAG(s) dict_keys(['example_nested_branch_dag']) retrieved from /home/vscode/.local/lib/python3.10/site-packages/airflow/example_dags/example_nested_branch_dag.py
[2025-08-14T10:57:42.500+0000] {logging_mixin.py:150} INFO - [2025-08-14T10:57:42.500+0000] {dag.py:2742} INFO - Sync 1 DAGs
[2025-08-14T10:57:42.515+0000] {logging_mixin.py:150} INFO - [2025-08-14T10:57:42.515+0000] {dag.py:3504} INFO - Setting next_dagrun for example_nested_branch_dag to 2025-08-13T00:00:00+00:00, run_after=2025-08-14T00:00:00+00:00
[2025-08-14T10:57:42.530+0000] {processor.py:179} INFO - Processing /home/vscode/.local/lib/python3.10/site-packages/airflow/example_dags/example_nested_branch_dag.py took 0.053 seconds
[2025-08-14T10:58:29.968+0000] {processor.py:157} INFO - Started process (PID=39406) to work on /home/vscode/.local/lib/python3.10/site-packages/airflow/example_dags/example_nested_branch_dag.py
[2025-08-14T10:58:29.969+0000] {processor.py:826} INFO - Processing file /home/vscode/.local/lib/python3.10/site-packages/airflow/example_dags/example_nested_branch_dag.py for tasks to queue
[2025-08-14T10:58:29.970+0000] {logging_mixin.py:150} INFO - [2025-08-14T10:58:29.970+0000] {dagbag.py:541} INFO - Filling up the DagBag from /home/vscode/.local/lib/python3.10/site-packages/airflow/example_dags/example_nested_branch_dag.py
[2025-08-14T10:58:29.977+0000] {processor.py:836} INFO - DAG(s) dict_keys(['example_nested_branch_dag']) retrieved from /home/vscode/.local/lib/python3.10/site-packages/airflow/example_dags/example_nested_branch_dag.py
[2025-08-14T10:58:29.993+0000] {logging_mixin.py:150} INFO - [2025-08-14T10:58:29.993+0000] {dag.py:2742} INFO - Sync 1 DAGs
[2025-08-14T10:58:30.015+0000] {logging_mixin.py:150} INFO - [2025-08-14T10:58:30.014+0000] {dag.py:3504} INFO - Setting next_dagrun for example_nested_branch_dag to 2025-08-13T00:00:00+00:00, run_after=2025-08-14T00:00:00+00:00
[2025-08-14T10:58:30.036+0000] {processor.py:179} INFO - Processing /home/vscode/.local/lib/python3.10/site-packages/airflow/example_dags/example_nested_branch_dag.py took 0.070 seconds
[2025-08-14T10:59:13.991+0000] {processor.py:157} INFO - Started process (PID=39832) to work on /home/vscode/.local/lib/python3.10/site-packages/airflow/example_dags/example_nested_branch_dag.py
[2025-08-14T10:59:13.992+0000] {processor.py:826} INFO - Processing file /home/vscode/.local/lib/python3.10/site-packages/airflow/example_dags/example_nested_branch_dag.py for tasks to queue
[2025-08-14T10:59:13.993+0000] {logging_mixin.py:150} INFO - [2025-08-14T10:59:13.992+0000] {dagbag.py:541} INFO - Filling up the DagBag from /home/vscode/.local/lib/python3.10/site-packages/airflow/example_dags/example_nested_branch_dag.py
[2025-08-14T10:59:14.004+0000] {processor.py:836} INFO - DAG(s) dict_keys(['example_nested_branch_dag']) retrieved from /home/vscode/.local/lib/python3.10/site-packages/airflow/example_dags/example_nested_branch_dag.py
[2025-08-14T10:59:14.019+0000] {logging_mixin.py:150} INFO - [2025-08-14T10:59:14.018+0000] {dag.py:2742} INFO - Sync 1 DAGs
[2025-08-14T10:59:14.034+0000] {logging_mixin.py:150} INFO - [2025-08-14T10:59:14.034+0000] {dag.py:3504} INFO - Setting next_dagrun for example_nested_branch_dag to 2025-08-13T00:00:00+00:00, run_after=2025-08-14T00:00:00+00:00
[2025-08-14T10:59:14.051+0000] {processor.py:179} INFO - Processing /home/vscode/.local/lib/python3.10/site-packages/airflow/example_dags/example_nested_branch_dag.py took 0.063 seconds
[2025-08-14T11:00:00.263+0000] {processor.py:157} INFO - Started process (PID=40267) to work on /home/vscode/.local/lib/python3.10/site-packages/airflow/example_dags/example_nested_branch_dag.py
[2025-08-14T11:00:00.264+0000] {processor.py:826} INFO - Processing file /home/vscode/.local/lib/python3.10/site-packages/airflow/example_dags/example_nested_branch_dag.py for tasks to queue
[2025-08-14T11:00:00.264+0000] {logging_mixin.py:150} INFO - [2025-08-14T11:00:00.264+0000] {dagbag.py:541} INFO - Filling up the DagBag from /home/vscode/.local/lib/python3.10/site-packages/airflow/example_dags/example_nested_branch_dag.py
[2025-08-14T11:00:00.271+0000] {processor.py:836} INFO - DAG(s) dict_keys(['example_nested_branch_dag']) retrieved from /home/vscode/.local/lib/python3.10/site-packages/airflow/example_dags/example_nested_branch_dag.py
[2025-08-14T11:00:00.284+0000] {logging_mixin.py:150} INFO - [2025-08-14T11:00:00.284+0000] {dag.py:2742} INFO - Sync 1 DAGs
[2025-08-14T11:00:00.300+0000] {logging_mixin.py:150} INFO - [2025-08-14T11:00:00.300+0000] {dag.py:3504} INFO - Setting next_dagrun for example_nested_branch_dag to 2025-08-13T00:00:00+00:00, run_after=2025-08-14T00:00:00+00:00
[2025-08-14T11:00:00.316+0000] {processor.py:179} INFO - Processing /home/vscode/.local/lib/python3.10/site-packages/airflow/example_dags/example_nested_branch_dag.py took 0.055 seconds
[2025-08-14T11:00:47.594+0000] {processor.py:157} INFO - Started process (PID=40723) to work on /home/vscode/.local/lib/python3.10/site-packages/airflow/example_dags/example_nested_branch_dag.py
[2025-08-14T11:00:47.595+0000] {processor.py:826} INFO - Processing file /home/vscode/.local/lib/python3.10/site-packages/airflow/example_dags/example_nested_branch_dag.py for tasks to queue
[2025-08-14T11:00:47.596+0000] {logging_mixin.py:150} INFO - [2025-08-14T11:00:47.595+0000] {dagbag.py:541} INFO - Filling up the DagBag from /home/vscode/.local/lib/python3.10/site-packages/airflow/example_dags/example_nested_branch_dag.py
[2025-08-14T11:00:47.603+0000] {processor.py:836} INFO - DAG(s) dict_keys(['example_nested_branch_dag']) retrieved from /home/vscode/.local/lib/python3.10/site-packages/airflow/example_dags/example_nested_branch_dag.py
[2025-08-14T11:00:47.615+0000] {logging_mixin.py:150} INFO - [2025-08-14T11:00:47.615+0000] {dag.py:2742} INFO - Sync 1 DAGs
[2025-08-14T11:00:47.631+0000] {logging_mixin.py:150} INFO - [2025-08-14T11:00:47.630+0000] {dag.py:3504} INFO - Setting next_dagrun for example_nested_branch_dag to 2025-08-13T00:00:00+00:00, run_after=2025-08-14T00:00:00+00:00
[2025-08-14T11:00:47.647+0000] {processor.py:179} INFO - Processing /home/vscode/.local/lib/python3.10/site-packages/airflow/example_dags/example_nested_branch_dag.py took 0.055 seconds
[2025-08-14T11:01:37.828+0000] {processor.py:157} INFO - Started process (PID=41200) to work on /home/vscode/.local/lib/python3.10/site-packages/airflow/example_dags/example_nested_branch_dag.py
[2025-08-14T11:01:37.829+0000] {processor.py:826} INFO - Processing file /home/vscode/.local/lib/python3.10/site-packages/airflow/example_dags/example_nested_branch_dag.py for tasks to queue
[2025-08-14T11:01:37.830+0000] {logging_mixin.py:150} INFO - [2025-08-14T11:01:37.830+0000] {dagbag.py:541} INFO - Filling up the DagBag from /home/vscode/.local/lib/python3.10/site-packages/airflow/example_dags/example_nested_branch_dag.py
[2025-08-14T11:01:37.837+0000] {processor.py:836} INFO - DAG(s) dict_keys(['example_nested_branch_dag']) retrieved from /home/vscode/.local/lib/python3.10/site-packages/airflow/example_dags/example_nested_branch_dag.py
[2025-08-14T11:01:37.850+0000] {logging_mixin.py:150} INFO - [2025-08-14T11:01:37.850+0000] {dag.py:2742} INFO - Sync 1 DAGs
[2025-08-14T11:01:37.865+0000] {logging_mixin.py:150} INFO - [2025-08-14T11:01:37.865+0000] {dag.py:3504} INFO - Setting next_dagrun for example_nested_branch_dag to 2025-08-13T00:00:00+00:00, run_after=2025-08-14T00:00:00+00:00
[2025-08-14T11:01:37.881+0000] {processor.py:179} INFO - Processing /home/vscode/.local/lib/python3.10/site-packages/airflow/example_dags/example_nested_branch_dag.py took 0.055 seconds
[2025-08-14T11:02:24.988+0000] {processor.py:157} INFO - Started process (PID=41655) to work on /home/vscode/.local/lib/python3.10/site-packages/airflow/example_dags/example_nested_branch_dag.py
[2025-08-14T11:02:24.988+0000] {processor.py:826} INFO - Processing file /home/vscode/.local/lib/python3.10/site-packages/airflow/example_dags/example_nested_branch_dag.py for tasks to queue
[2025-08-14T11:02:24.989+0000] {logging_mixin.py:150} INFO - [2025-08-14T11:02:24.989+0000] {dagbag.py:541} INFO - Filling up the DagBag from /home/vscode/.local/lib/python3.10/site-packages/airflow/example_dags/example_nested_branch_dag.py
[2025-08-14T11:02:24.996+0000] {processor.py:836} INFO - DAG(s) dict_keys(['example_nested_branch_dag']) retrieved from /home/vscode/.local/lib/python3.10/site-packages/airflow/example_dags/example_nested_branch_dag.py
[2025-08-14T11:02:25.009+0000] {logging_mixin.py:150} INFO - [2025-08-14T11:02:25.008+0000] {dag.py:2742} INFO - Sync 1 DAGs
[2025-08-14T11:02:25.023+0000] {logging_mixin.py:150} INFO - [2025-08-14T11:02:25.023+0000] {dag.py:3504} INFO - Setting next_dagrun for example_nested_branch_dag to 2025-08-13T00:00:00+00:00, run_after=2025-08-14T00:00:00+00:00
[2025-08-14T11:02:25.038+0000] {processor.py:179} INFO - Processing /home/vscode/.local/lib/python3.10/site-packages/airflow/example_dags/example_nested_branch_dag.py took 0.053 seconds
[2025-08-14T11:03:12.170+0000] {processor.py:157} INFO - Started process (PID=42111) to work on /home/vscode/.local/lib/python3.10/site-packages/airflow/example_dags/example_nested_branch_dag.py
[2025-08-14T11:03:12.171+0000] {processor.py:826} INFO - Processing file /home/vscode/.local/lib/python3.10/site-packages/airflow/example_dags/example_nested_branch_dag.py for tasks to queue
[2025-08-14T11:03:12.172+0000] {logging_mixin.py:150} INFO - [2025-08-14T11:03:12.172+0000] {dagbag.py:541} INFO - Filling up the DagBag from /home/vscode/.local/lib/python3.10/site-packages/airflow/example_dags/example_nested_branch_dag.py
[2025-08-14T11:03:12.179+0000] {processor.py:836} INFO - DAG(s) dict_keys(['example_nested_branch_dag']) retrieved from /home/vscode/.local/lib/python3.10/site-packages/airflow/example_dags/example_nested_branch_dag.py
[2025-08-14T11:03:12.192+0000] {logging_mixin.py:150} INFO - [2025-08-14T11:03:12.192+0000] {dag.py:2742} INFO - Sync 1 DAGs
[2025-08-14T11:03:12.207+0000] {logging_mixin.py:150} INFO - [2025-08-14T11:03:12.207+0000] {dag.py:3504} INFO - Setting next_dagrun for example_nested_branch_dag to 2025-08-13T00:00:00+00:00, run_after=2025-08-14T00:00:00+00:00
[2025-08-14T11:03:12.222+0000] {processor.py:179} INFO - Processing /home/vscode/.local/lib/python3.10/site-packages/airflow/example_dags/example_nested_branch_dag.py took 0.054 seconds
[2025-08-14T11:03:56.440+0000] {processor.py:157} INFO - Started process (PID=42534) to work on /home/vscode/.local/lib/python3.10/site-packages/airflow/example_dags/example_nested_branch_dag.py
[2025-08-14T11:03:56.441+0000] {processor.py:826} INFO - Processing file /home/vscode/.local/lib/python3.10/site-packages/airflow/example_dags/example_nested_branch_dag.py for tasks to queue
[2025-08-14T11:03:56.441+0000] {logging_mixin.py:150} INFO - [2025-08-14T11:03:56.441+0000] {dagbag.py:541} INFO - Filling up the DagBag from /home/vscode/.local/lib/python3.10/site-packages/airflow/example_dags/example_nested_branch_dag.py
[2025-08-14T11:03:56.448+0000] {processor.py:836} INFO - DAG(s) dict_keys(['example_nested_branch_dag']) retrieved from /home/vscode/.local/lib/python3.10/site-packages/airflow/example_dags/example_nested_branch_dag.py
[2025-08-14T11:03:56.461+0000] {logging_mixin.py:150} INFO - [2025-08-14T11:03:56.461+0000] {dag.py:2742} INFO - Sync 1 DAGs
[2025-08-14T11:03:56.476+0000] {logging_mixin.py:150} INFO - [2025-08-14T11:03:56.476+0000] {dag.py:3504} INFO - Setting next_dagrun for example_nested_branch_dag to 2025-08-13T00:00:00+00:00, run_after=2025-08-14T00:00:00+00:00
[2025-08-14T11:03:56.492+0000] {processor.py:179} INFO - Processing /home/vscode/.local/lib/python3.10/site-packages/airflow/example_dags/example_nested_branch_dag.py took 0.055 seconds
[2025-08-14T11:04:46.971+0000] {processor.py:157} INFO - Started process (PID=43013) to work on /home/vscode/.local/lib/python3.10/site-packages/airflow/example_dags/example_nested_branch_dag.py
[2025-08-14T11:04:46.971+0000] {processor.py:826} INFO - Processing file /home/vscode/.local/lib/python3.10/site-packages/airflow/example_dags/example_nested_branch_dag.py for tasks to queue
[2025-08-14T11:04:46.972+0000] {logging_mixin.py:150} INFO - [2025-08-14T11:04:46.972+0000] {dagbag.py:541} INFO - Filling up the DagBag from /home/vscode/.local/lib/python3.10/site-packages/airflow/example_dags/example_nested_branch_dag.py
[2025-08-14T11:04:46.979+0000] {processor.py:836} INFO - DAG(s) dict_keys(['example_nested_branch_dag']) retrieved from /home/vscode/.local/lib/python3.10/site-packages/airflow/example_dags/example_nested_branch_dag.py
[2025-08-14T11:04:46.991+0000] {logging_mixin.py:150} INFO - [2025-08-14T11:04:46.991+0000] {dag.py:2742} INFO - Sync 1 DAGs
[2025-08-14T11:04:47.006+0000] {logging_mixin.py:150} INFO - [2025-08-14T11:04:47.006+0000] {dag.py:3504} INFO - Setting next_dagrun for example_nested_branch_dag to 2025-08-13T00:00:00+00:00, run_after=2025-08-14T00:00:00+00:00
[2025-08-14T11:04:47.021+0000] {processor.py:179} INFO - Processing /home/vscode/.local/lib/python3.10/site-packages/airflow/example_dags/example_nested_branch_dag.py took 0.052 seconds
[2025-08-14T11:05:34.925+0000] {processor.py:157} INFO - Started process (PID=43478) to work on /home/vscode/.local/lib/python3.10/site-packages/airflow/example_dags/example_nested_branch_dag.py
[2025-08-14T11:05:34.926+0000] {processor.py:826} INFO - Processing file /home/vscode/.local/lib/python3.10/site-packages/airflow/example_dags/example_nested_branch_dag.py for tasks to queue
[2025-08-14T11:05:34.927+0000] {logging_mixin.py:150} INFO - [2025-08-14T11:05:34.927+0000] {dagbag.py:541} INFO - Filling up the DagBag from /home/vscode/.local/lib/python3.10/site-packages/airflow/example_dags/example_nested_branch_dag.py
[2025-08-14T11:05:34.934+0000] {processor.py:836} INFO - DAG(s) dict_keys(['example_nested_branch_dag']) retrieved from /home/vscode/.local/lib/python3.10/site-packages/airflow/example_dags/example_nested_branch_dag.py
[2025-08-14T11:05:34.948+0000] {logging_mixin.py:150} INFO - [2025-08-14T11:05:34.948+0000] {dag.py:2742} INFO - Sync 1 DAGs
[2025-08-14T11:05:34.965+0000] {logging_mixin.py:150} INFO - [2025-08-14T11:05:34.965+0000] {dag.py:3504} INFO - Setting next_dagrun for example_nested_branch_dag to 2025-08-13T00:00:00+00:00, run_after=2025-08-14T00:00:00+00:00
[2025-08-14T11:05:34.981+0000] {processor.py:179} INFO - Processing /home/vscode/.local/lib/python3.10/site-packages/airflow/example_dags/example_nested_branch_dag.py took 0.058 seconds
[2025-08-14T11:06:27.742+0000] {processor.py:157} INFO - Started process (PID=43985) to work on /home/vscode/.local/lib/python3.10/site-packages/airflow/example_dags/example_nested_branch_dag.py
[2025-08-14T11:06:27.742+0000] {processor.py:826} INFO - Processing file /home/vscode/.local/lib/python3.10/site-packages/airflow/example_dags/example_nested_branch_dag.py for tasks to queue
[2025-08-14T11:06:27.743+0000] {logging_mixin.py:150} INFO - [2025-08-14T11:06:27.743+0000] {dagbag.py:541} INFO - Filling up the DagBag from /home/vscode/.local/lib/python3.10/site-packages/airflow/example_dags/example_nested_branch_dag.py
[2025-08-14T11:06:27.750+0000] {processor.py:836} INFO - DAG(s) dict_keys(['example_nested_branch_dag']) retrieved from /home/vscode/.local/lib/python3.10/site-packages/airflow/example_dags/example_nested_branch_dag.py
[2025-08-14T11:06:27.763+0000] {logging_mixin.py:150} INFO - [2025-08-14T11:06:27.763+0000] {dag.py:2742} INFO - Sync 1 DAGs
[2025-08-14T11:06:27.778+0000] {logging_mixin.py:150} INFO - [2025-08-14T11:06:27.778+0000] {dag.py:3504} INFO - Setting next_dagrun for example_nested_branch_dag to 2025-08-13T00:00:00+00:00, run_after=2025-08-14T00:00:00+00:00
[2025-08-14T11:06:27.794+0000] {processor.py:179} INFO - Processing /home/vscode/.local/lib/python3.10/site-packages/airflow/example_dags/example_nested_branch_dag.py took 0.054 seconds
[2025-08-14T11:07:14.258+0000] {processor.py:157} INFO - Started process (PID=44427) to work on /home/vscode/.local/lib/python3.10/site-packages/airflow/example_dags/example_nested_branch_dag.py
[2025-08-14T11:07:14.259+0000] {processor.py:826} INFO - Processing file /home/vscode/.local/lib/python3.10/site-packages/airflow/example_dags/example_nested_branch_dag.py for tasks to queue
[2025-08-14T11:07:14.259+0000] {logging_mixin.py:150} INFO - [2025-08-14T11:07:14.259+0000] {dagbag.py:541} INFO - Filling up the DagBag from /home/vscode/.local/lib/python3.10/site-packages/airflow/example_dags/example_nested_branch_dag.py
[2025-08-14T11:07:14.267+0000] {processor.py:836} INFO - DAG(s) dict_keys(['example_nested_branch_dag']) retrieved from /home/vscode/.local/lib/python3.10/site-packages/airflow/example_dags/example_nested_branch_dag.py
[2025-08-14T11:07:14.280+0000] {logging_mixin.py:150} INFO - [2025-08-14T11:07:14.280+0000] {dag.py:2742} INFO - Sync 1 DAGs
[2025-08-14T11:07:14.296+0000] {logging_mixin.py:150} INFO - [2025-08-14T11:07:14.296+0000] {dag.py:3504} INFO - Setting next_dagrun for example_nested_branch_dag to 2025-08-13T00:00:00+00:00, run_after=2025-08-14T00:00:00+00:00
[2025-08-14T11:07:14.312+0000] {processor.py:179} INFO - Processing /home/vscode/.local/lib/python3.10/site-packages/airflow/example_dags/example_nested_branch_dag.py took 0.056 seconds
[2025-08-14T11:07:59.356+0000] {processor.py:157} INFO - Started process (PID=44855) to work on /home/vscode/.local/lib/python3.10/site-packages/airflow/example_dags/example_nested_branch_dag.py
[2025-08-14T11:07:59.357+0000] {processor.py:826} INFO - Processing file /home/vscode/.local/lib/python3.10/site-packages/airflow/example_dags/example_nested_branch_dag.py for tasks to queue
[2025-08-14T11:07:59.357+0000] {logging_mixin.py:150} INFO - [2025-08-14T11:07:59.357+0000] {dagbag.py:541} INFO - Filling up the DagBag from /home/vscode/.local/lib/python3.10/site-packages/airflow/example_dags/example_nested_branch_dag.py
[2025-08-14T11:07:59.365+0000] {processor.py:836} INFO - DAG(s) dict_keys(['example_nested_branch_dag']) retrieved from /home/vscode/.local/lib/python3.10/site-packages/airflow/example_dags/example_nested_branch_dag.py
[2025-08-14T11:07:59.378+0000] {logging_mixin.py:150} INFO - [2025-08-14T11:07:59.378+0000] {dag.py:2742} INFO - Sync 1 DAGs
[2025-08-14T11:07:59.395+0000] {logging_mixin.py:150} INFO - [2025-08-14T11:07:59.395+0000] {dag.py:3504} INFO - Setting next_dagrun for example_nested_branch_dag to 2025-08-13T00:00:00+00:00, run_after=2025-08-14T00:00:00+00:00
[2025-08-14T11:07:59.416+0000] {processor.py:179} INFO - Processing /home/vscode/.local/lib/python3.10/site-packages/airflow/example_dags/example_nested_branch_dag.py took 0.062 seconds
[2025-08-14T11:08:43.922+0000] {processor.py:157} INFO - Started process (PID=45288) to work on /home/vscode/.local/lib/python3.10/site-packages/airflow/example_dags/example_nested_branch_dag.py
[2025-08-14T11:08:43.923+0000] {processor.py:826} INFO - Processing file /home/vscode/.local/lib/python3.10/site-packages/airflow/example_dags/example_nested_branch_dag.py for tasks to queue
[2025-08-14T11:08:43.924+0000] {logging_mixin.py:150} INFO - [2025-08-14T11:08:43.923+0000] {dagbag.py:541} INFO - Filling up the DagBag from /home/vscode/.local/lib/python3.10/site-packages/airflow/example_dags/example_nested_branch_dag.py
[2025-08-14T11:08:43.931+0000] {processor.py:836} INFO - DAG(s) dict_keys(['example_nested_branch_dag']) retrieved from /home/vscode/.local/lib/python3.10/site-packages/airflow/example_dags/example_nested_branch_dag.py
[2025-08-14T11:08:43.944+0000] {logging_mixin.py:150} INFO - [2025-08-14T11:08:43.944+0000] {dag.py:2742} INFO - Sync 1 DAGs
[2025-08-14T11:08:43.964+0000] {logging_mixin.py:150} INFO - [2025-08-14T11:08:43.963+0000] {dag.py:3504} INFO - Setting next_dagrun for example_nested_branch_dag to 2025-08-13T00:00:00+00:00, run_after=2025-08-14T00:00:00+00:00
[2025-08-14T11:08:43.984+0000] {processor.py:179} INFO - Processing /home/vscode/.local/lib/python3.10/site-packages/airflow/example_dags/example_nested_branch_dag.py took 0.064 seconds
[2025-08-14T11:09:34.138+0000] {processor.py:157} INFO - Started process (PID=45761) to work on /home/vscode/.local/lib/python3.10/site-packages/airflow/example_dags/example_nested_branch_dag.py
[2025-08-14T11:09:34.139+0000] {processor.py:826} INFO - Processing file /home/vscode/.local/lib/python3.10/site-packages/airflow/example_dags/example_nested_branch_dag.py for tasks to queue
[2025-08-14T11:09:34.140+0000] {logging_mixin.py:150} INFO - [2025-08-14T11:09:34.140+0000] {dagbag.py:541} INFO - Filling up the DagBag from /home/vscode/.local/lib/python3.10/site-packages/airflow/example_dags/example_nested_branch_dag.py
[2025-08-14T11:09:34.151+0000] {processor.py:836} INFO - DAG(s) dict_keys(['example_nested_branch_dag']) retrieved from /home/vscode/.local/lib/python3.10/site-packages/airflow/example_dags/example_nested_branch_dag.py
[2025-08-14T11:09:34.172+0000] {logging_mixin.py:150} INFO - [2025-08-14T11:09:34.172+0000] {dag.py:2742} INFO - Sync 1 DAGs
[2025-08-14T11:09:34.194+0000] {logging_mixin.py:150} INFO - [2025-08-14T11:09:34.194+0000] {dag.py:3504} INFO - Setting next_dagrun for example_nested_branch_dag to 2025-08-13T00:00:00+00:00, run_after=2025-08-14T00:00:00+00:00
[2025-08-14T11:09:34.221+0000] {processor.py:179} INFO - Processing /home/vscode/.local/lib/python3.10/site-packages/airflow/example_dags/example_nested_branch_dag.py took 0.086 seconds
[2025-08-14T11:10:26.733+0000] {processor.py:157} INFO - Started process (PID=46260) to work on /home/vscode/.local/lib/python3.10/site-packages/airflow/example_dags/example_nested_branch_dag.py
[2025-08-14T11:10:26.734+0000] {processor.py:826} INFO - Processing file /home/vscode/.local/lib/python3.10/site-packages/airflow/example_dags/example_nested_branch_dag.py for tasks to queue
[2025-08-14T11:10:26.735+0000] {logging_mixin.py:150} INFO - [2025-08-14T11:10:26.734+0000] {dagbag.py:541} INFO - Filling up the DagBag from /home/vscode/.local/lib/python3.10/site-packages/airflow/example_dags/example_nested_branch_dag.py
[2025-08-14T11:10:26.742+0000] {processor.py:836} INFO - DAG(s) dict_keys(['example_nested_branch_dag']) retrieved from /home/vscode/.local/lib/python3.10/site-packages/airflow/example_dags/example_nested_branch_dag.py
[2025-08-14T11:10:26.754+0000] {logging_mixin.py:150} INFO - [2025-08-14T11:10:26.754+0000] {dag.py:2742} INFO - Sync 1 DAGs
[2025-08-14T11:10:26.769+0000] {logging_mixin.py:150} INFO - [2025-08-14T11:10:26.769+0000] {dag.py:3504} INFO - Setting next_dagrun for example_nested_branch_dag to 2025-08-13T00:00:00+00:00, run_after=2025-08-14T00:00:00+00:00
[2025-08-14T11:10:26.784+0000] {processor.py:179} INFO - Processing /home/vscode/.local/lib/python3.10/site-packages/airflow/example_dags/example_nested_branch_dag.py took 0.053 seconds
[2025-08-14T11:11:10.096+0000] {processor.py:157} INFO - Started process (PID=46680) to work on /home/vscode/.local/lib/python3.10/site-packages/airflow/example_dags/example_nested_branch_dag.py
[2025-08-14T11:11:10.097+0000] {processor.py:826} INFO - Processing file /home/vscode/.local/lib/python3.10/site-packages/airflow/example_dags/example_nested_branch_dag.py for tasks to queue
[2025-08-14T11:11:10.098+0000] {logging_mixin.py:150} INFO - [2025-08-14T11:11:10.097+0000] {dagbag.py:541} INFO - Filling up the DagBag from /home/vscode/.local/lib/python3.10/site-packages/airflow/example_dags/example_nested_branch_dag.py
[2025-08-14T11:11:10.105+0000] {processor.py:836} INFO - DAG(s) dict_keys(['example_nested_branch_dag']) retrieved from /home/vscode/.local/lib/python3.10/site-packages/airflow/example_dags/example_nested_branch_dag.py
[2025-08-14T11:11:10.118+0000] {logging_mixin.py:150} INFO - [2025-08-14T11:11:10.118+0000] {dag.py:2742} INFO - Sync 1 DAGs
[2025-08-14T11:11:10.134+0000] {logging_mixin.py:150} INFO - [2025-08-14T11:11:10.134+0000] {dag.py:3504} INFO - Setting next_dagrun for example_nested_branch_dag to 2025-08-13T00:00:00+00:00, run_after=2025-08-14T00:00:00+00:00
[2025-08-14T11:11:10.149+0000] {processor.py:179} INFO - Processing /home/vscode/.local/lib/python3.10/site-packages/airflow/example_dags/example_nested_branch_dag.py took 0.055 seconds
[2025-08-14T11:11:52.161+0000] {processor.py:157} INFO - Started process (PID=47079) to work on /home/vscode/.local/lib/python3.10/site-packages/airflow/example_dags/example_nested_branch_dag.py
[2025-08-14T11:11:52.161+0000] {processor.py:826} INFO - Processing file /home/vscode/.local/lib/python3.10/site-packages/airflow/example_dags/example_nested_branch_dag.py for tasks to queue
[2025-08-14T11:11:52.162+0000] {logging_mixin.py:150} INFO - [2025-08-14T11:11:52.162+0000] {dagbag.py:541} INFO - Filling up the DagBag from /home/vscode/.local/lib/python3.10/site-packages/airflow/example_dags/example_nested_branch_dag.py
[2025-08-14T11:11:52.169+0000] {processor.py:836} INFO - DAG(s) dict_keys(['example_nested_branch_dag']) retrieved from /home/vscode/.local/lib/python3.10/site-packages/airflow/example_dags/example_nested_branch_dag.py
[2025-08-14T11:11:52.182+0000] {logging_mixin.py:150} INFO - [2025-08-14T11:11:52.182+0000] {dag.py:2742} INFO - Sync 1 DAGs
[2025-08-14T11:11:52.197+0000] {logging_mixin.py:150} INFO - [2025-08-14T11:11:52.197+0000] {dag.py:3504} INFO - Setting next_dagrun for example_nested_branch_dag to 2025-08-13T00:00:00+00:00, run_after=2025-08-14T00:00:00+00:00
[2025-08-14T11:11:52.213+0000] {processor.py:179} INFO - Processing /home/vscode/.local/lib/python3.10/site-packages/airflow/example_dags/example_nested_branch_dag.py took 0.055 seconds
[2025-08-14T11:12:35.184+0000] {processor.py:157} INFO - Started process (PID=47491) to work on /home/vscode/.local/lib/python3.10/site-packages/airflow/example_dags/example_nested_branch_dag.py
[2025-08-14T11:12:35.184+0000] {processor.py:826} INFO - Processing file /home/vscode/.local/lib/python3.10/site-packages/airflow/example_dags/example_nested_branch_dag.py for tasks to queue
[2025-08-14T11:12:35.185+0000] {logging_mixin.py:150} INFO - [2025-08-14T11:12:35.185+0000] {dagbag.py:541} INFO - Filling up the DagBag from /home/vscode/.local/lib/python3.10/site-packages/airflow/example_dags/example_nested_branch_dag.py
[2025-08-14T11:12:35.193+0000] {processor.py:836} INFO - DAG(s) dict_keys(['example_nested_branch_dag']) retrieved from /home/vscode/.local/lib/python3.10/site-packages/airflow/example_dags/example_nested_branch_dag.py
[2025-08-14T11:12:35.206+0000] {logging_mixin.py:150} INFO - [2025-08-14T11:12:35.206+0000] {dag.py:2742} INFO - Sync 1 DAGs
[2025-08-14T11:12:35.221+0000] {logging_mixin.py:150} INFO - [2025-08-14T11:12:35.221+0000] {dag.py:3504} INFO - Setting next_dagrun for example_nested_branch_dag to 2025-08-13T00:00:00+00:00, run_after=2025-08-14T00:00:00+00:00
[2025-08-14T11:12:35.237+0000] {processor.py:179} INFO - Processing /home/vscode/.local/lib/python3.10/site-packages/airflow/example_dags/example_nested_branch_dag.py took 0.055 seconds
[2025-08-14T11:13:23.585+0000] {processor.py:157} INFO - Started process (PID=47955) to work on /home/vscode/.local/lib/python3.10/site-packages/airflow/example_dags/example_nested_branch_dag.py
[2025-08-14T11:13:23.586+0000] {processor.py:826} INFO - Processing file /home/vscode/.local/lib/python3.10/site-packages/airflow/example_dags/example_nested_branch_dag.py for tasks to queue
[2025-08-14T11:13:23.587+0000] {logging_mixin.py:150} INFO - [2025-08-14T11:13:23.586+0000] {dagbag.py:541} INFO - Filling up the DagBag from /home/vscode/.local/lib/python3.10/site-packages/airflow/example_dags/example_nested_branch_dag.py
[2025-08-14T11:13:23.594+0000] {processor.py:836} INFO - DAG(s) dict_keys(['example_nested_branch_dag']) retrieved from /home/vscode/.local/lib/python3.10/site-packages/airflow/example_dags/example_nested_branch_dag.py
[2025-08-14T11:13:23.607+0000] {logging_mixin.py:150} INFO - [2025-08-14T11:13:23.607+0000] {dag.py:2742} INFO - Sync 1 DAGs
[2025-08-14T11:13:23.622+0000] {logging_mixin.py:150} INFO - [2025-08-14T11:13:23.622+0000] {dag.py:3504} INFO - Setting next_dagrun for example_nested_branch_dag to 2025-08-13T00:00:00+00:00, run_after=2025-08-14T00:00:00+00:00
[2025-08-14T11:13:23.637+0000] {processor.py:179} INFO - Processing /home/vscode/.local/lib/python3.10/site-packages/airflow/example_dags/example_nested_branch_dag.py took 0.054 seconds
[2025-08-14T11:14:14.120+0000] {processor.py:157} INFO - Started process (PID=48434) to work on /home/vscode/.local/lib/python3.10/site-packages/airflow/example_dags/example_nested_branch_dag.py
[2025-08-14T11:14:14.121+0000] {processor.py:826} INFO - Processing file /home/vscode/.local/lib/python3.10/site-packages/airflow/example_dags/example_nested_branch_dag.py for tasks to queue
[2025-08-14T11:14:14.122+0000] {logging_mixin.py:150} INFO - [2025-08-14T11:14:14.121+0000] {dagbag.py:541} INFO - Filling up the DagBag from /home/vscode/.local/lib/python3.10/site-packages/airflow/example_dags/example_nested_branch_dag.py
[2025-08-14T11:14:14.129+0000] {processor.py:836} INFO - DAG(s) dict_keys(['example_nested_branch_dag']) retrieved from /home/vscode/.local/lib/python3.10/site-packages/airflow/example_dags/example_nested_branch_dag.py
[2025-08-14T11:14:14.142+0000] {logging_mixin.py:150} INFO - [2025-08-14T11:14:14.142+0000] {dag.py:2742} INFO - Sync 1 DAGs
[2025-08-14T11:14:14.157+0000] {logging_mixin.py:150} INFO - [2025-08-14T11:14:14.157+0000] {dag.py:3504} INFO - Setting next_dagrun for example_nested_branch_dag to 2025-08-13T00:00:00+00:00, run_after=2025-08-14T00:00:00+00:00
[2025-08-14T11:14:14.175+0000] {processor.py:179} INFO - Processing /home/vscode/.local/lib/python3.10/site-packages/airflow/example_dags/example_nested_branch_dag.py took 0.057 seconds
[2025-08-14T11:15:00.375+0000] {processor.py:157} INFO - Started process (PID=48884) to work on /home/vscode/.local/lib/python3.10/site-packages/airflow/example_dags/example_nested_branch_dag.py
[2025-08-14T11:15:00.376+0000] {processor.py:826} INFO - Processing file /home/vscode/.local/lib/python3.10/site-packages/airflow/example_dags/example_nested_branch_dag.py for tasks to queue
[2025-08-14T11:15:00.377+0000] {logging_mixin.py:150} INFO - [2025-08-14T11:15:00.377+0000] {dagbag.py:541} INFO - Filling up the DagBag from /home/vscode/.local/lib/python3.10/site-packages/airflow/example_dags/example_nested_branch_dag.py
[2025-08-14T11:15:00.388+0000] {processor.py:836} INFO - DAG(s) dict_keys(['example_nested_branch_dag']) retrieved from /home/vscode/.local/lib/python3.10/site-packages/airflow/example_dags/example_nested_branch_dag.py
[2025-08-14T11:15:00.410+0000] {logging_mixin.py:150} INFO - [2025-08-14T11:15:00.410+0000] {dag.py:2742} INFO - Sync 1 DAGs
[2025-08-14T11:15:00.434+0000] {logging_mixin.py:150} INFO - [2025-08-14T11:15:00.433+0000] {dag.py:3504} INFO - Setting next_dagrun for example_nested_branch_dag to 2025-08-13T00:00:00+00:00, run_after=2025-08-14T00:00:00+00:00
[2025-08-14T11:15:00.451+0000] {processor.py:179} INFO - Processing /home/vscode/.local/lib/python3.10/site-packages/airflow/example_dags/example_nested_branch_dag.py took 0.079 seconds
[2025-08-14T11:15:48.623+0000] {processor.py:157} INFO - Started process (PID=49346) to work on /home/vscode/.local/lib/python3.10/site-packages/airflow/example_dags/example_nested_branch_dag.py
[2025-08-14T11:15:48.623+0000] {processor.py:826} INFO - Processing file /home/vscode/.local/lib/python3.10/site-packages/airflow/example_dags/example_nested_branch_dag.py for tasks to queue
[2025-08-14T11:15:48.624+0000] {logging_mixin.py:150} INFO - [2025-08-14T11:15:48.624+0000] {dagbag.py:541} INFO - Filling up the DagBag from /home/vscode/.local/lib/python3.10/site-packages/airflow/example_dags/example_nested_branch_dag.py
[2025-08-14T11:15:48.631+0000] {processor.py:836} INFO - DAG(s) dict_keys(['example_nested_branch_dag']) retrieved from /home/vscode/.local/lib/python3.10/site-packages/airflow/example_dags/example_nested_branch_dag.py
[2025-08-14T11:15:48.644+0000] {logging_mixin.py:150} INFO - [2025-08-14T11:15:48.644+0000] {dag.py:2742} INFO - Sync 1 DAGs
[2025-08-14T11:15:48.661+0000] {logging_mixin.py:150} INFO - [2025-08-14T11:15:48.661+0000] {dag.py:3504} INFO - Setting next_dagrun for example_nested_branch_dag to 2025-08-13T00:00:00+00:00, run_after=2025-08-14T00:00:00+00:00
[2025-08-14T11:15:48.676+0000] {processor.py:179} INFO - Processing /home/vscode/.local/lib/python3.10/site-packages/airflow/example_dags/example_nested_branch_dag.py took 0.056 seconds
[2025-08-14T11:16:37.147+0000] {processor.py:157} INFO - Started process (PID=49816) to work on /home/vscode/.local/lib/python3.10/site-packages/airflow/example_dags/example_nested_branch_dag.py
[2025-08-14T11:16:37.148+0000] {processor.py:826} INFO - Processing file /home/vscode/.local/lib/python3.10/site-packages/airflow/example_dags/example_nested_branch_dag.py for tasks to queue
[2025-08-14T11:16:37.148+0000] {logging_mixin.py:150} INFO - [2025-08-14T11:16:37.148+0000] {dagbag.py:541} INFO - Filling up the DagBag from /home/vscode/.local/lib/python3.10/site-packages/airflow/example_dags/example_nested_branch_dag.py
[2025-08-14T11:16:37.156+0000] {processor.py:836} INFO - DAG(s) dict_keys(['example_nested_branch_dag']) retrieved from /home/vscode/.local/lib/python3.10/site-packages/airflow/example_dags/example_nested_branch_dag.py
[2025-08-14T11:16:37.170+0000] {logging_mixin.py:150} INFO - [2025-08-14T11:16:37.169+0000] {dag.py:2742} INFO - Sync 1 DAGs
[2025-08-14T11:16:37.185+0000] {logging_mixin.py:150} INFO - [2025-08-14T11:16:37.185+0000] {dag.py:3504} INFO - Setting next_dagrun for example_nested_branch_dag to 2025-08-13T00:00:00+00:00, run_after=2025-08-14T00:00:00+00:00
[2025-08-14T11:16:37.200+0000] {processor.py:179} INFO - Processing /home/vscode/.local/lib/python3.10/site-packages/airflow/example_dags/example_nested_branch_dag.py took 0.055 seconds
[2025-08-14T11:17:20.533+0000] {processor.py:157} INFO - Started process (PID=50229) to work on /home/vscode/.local/lib/python3.10/site-packages/airflow/example_dags/example_nested_branch_dag.py
[2025-08-14T11:17:20.533+0000] {processor.py:826} INFO - Processing file /home/vscode/.local/lib/python3.10/site-packages/airflow/example_dags/example_nested_branch_dag.py for tasks to queue
[2025-08-14T11:17:20.534+0000] {logging_mixin.py:150} INFO - [2025-08-14T11:17:20.534+0000] {dagbag.py:541} INFO - Filling up the DagBag from /home/vscode/.local/lib/python3.10/site-packages/airflow/example_dags/example_nested_branch_dag.py
[2025-08-14T11:17:20.541+0000] {processor.py:836} INFO - DAG(s) dict_keys(['example_nested_branch_dag']) retrieved from /home/vscode/.local/lib/python3.10/site-packages/airflow/example_dags/example_nested_branch_dag.py
[2025-08-14T11:17:20.554+0000] {logging_mixin.py:150} INFO - [2025-08-14T11:17:20.554+0000] {dag.py:2742} INFO - Sync 1 DAGs
[2025-08-14T11:17:20.569+0000] {logging_mixin.py:150} INFO - [2025-08-14T11:17:20.569+0000] {dag.py:3504} INFO - Setting next_dagrun for example_nested_branch_dag to 2025-08-13T00:00:00+00:00, run_after=2025-08-14T00:00:00+00:00
[2025-08-14T11:17:20.585+0000] {processor.py:179} INFO - Processing /home/vscode/.local/lib/python3.10/site-packages/airflow/example_dags/example_nested_branch_dag.py took 0.054 seconds
[2025-08-14T11:18:05.934+0000] {processor.py:157} INFO - Started process (PID=50657) to work on /home/vscode/.local/lib/python3.10/site-packages/airflow/example_dags/example_nested_branch_dag.py
[2025-08-14T11:18:05.935+0000] {processor.py:826} INFO - Processing file /home/vscode/.local/lib/python3.10/site-packages/airflow/example_dags/example_nested_branch_dag.py for tasks to queue
[2025-08-14T11:18:05.935+0000] {logging_mixin.py:150} INFO - [2025-08-14T11:18:05.935+0000] {dagbag.py:541} INFO - Filling up the DagBag from /home/vscode/.local/lib/python3.10/site-packages/airflow/example_dags/example_nested_branch_dag.py
[2025-08-14T11:18:05.942+0000] {processor.py:836} INFO - DAG(s) dict_keys(['example_nested_branch_dag']) retrieved from /home/vscode/.local/lib/python3.10/site-packages/airflow/example_dags/example_nested_branch_dag.py
[2025-08-14T11:18:05.955+0000] {logging_mixin.py:150} INFO - [2025-08-14T11:18:05.955+0000] {dag.py:2742} INFO - Sync 1 DAGs
[2025-08-14T11:18:05.969+0000] {logging_mixin.py:150} INFO - [2025-08-14T11:18:05.969+0000] {dag.py:3504} INFO - Setting next_dagrun for example_nested_branch_dag to 2025-08-13T00:00:00+00:00, run_after=2025-08-14T00:00:00+00:00
[2025-08-14T11:18:05.984+0000] {processor.py:179} INFO - Processing /home/vscode/.local/lib/python3.10/site-packages/airflow/example_dags/example_nested_branch_dag.py took 0.052 seconds
[2025-08-14T11:18:49.351+0000] {processor.py:157} INFO - Started process (PID=51079) to work on /home/vscode/.local/lib/python3.10/site-packages/airflow/example_dags/example_nested_branch_dag.py
[2025-08-14T11:18:49.352+0000] {processor.py:826} INFO - Processing file /home/vscode/.local/lib/python3.10/site-packages/airflow/example_dags/example_nested_branch_dag.py for tasks to queue
[2025-08-14T11:18:49.353+0000] {logging_mixin.py:150} INFO - [2025-08-14T11:18:49.353+0000] {dagbag.py:541} INFO - Filling up the DagBag from /home/vscode/.local/lib/python3.10/site-packages/airflow/example_dags/example_nested_branch_dag.py
[2025-08-14T11:18:49.360+0000] {processor.py:836} INFO - DAG(s) dict_keys(['example_nested_branch_dag']) retrieved from /home/vscode/.local/lib/python3.10/site-packages/airflow/example_dags/example_nested_branch_dag.py
[2025-08-14T11:18:49.374+0000] {logging_mixin.py:150} INFO - [2025-08-14T11:18:49.374+0000] {dag.py:2742} INFO - Sync 1 DAGs
[2025-08-14T11:18:49.391+0000] {logging_mixin.py:150} INFO - [2025-08-14T11:18:49.390+0000] {dag.py:3504} INFO - Setting next_dagrun for example_nested_branch_dag to 2025-08-13T00:00:00+00:00, run_after=2025-08-14T00:00:00+00:00
[2025-08-14T11:18:49.409+0000] {processor.py:179} INFO - Processing /home/vscode/.local/lib/python3.10/site-packages/airflow/example_dags/example_nested_branch_dag.py took 0.060 seconds
[2025-08-14T11:19:33.890+0000] {processor.py:157} INFO - Started process (PID=51494) to work on /home/vscode/.local/lib/python3.10/site-packages/airflow/example_dags/example_nested_branch_dag.py
[2025-08-14T11:19:33.890+0000] {processor.py:826} INFO - Processing file /home/vscode/.local/lib/python3.10/site-packages/airflow/example_dags/example_nested_branch_dag.py for tasks to queue
[2025-08-14T11:19:33.891+0000] {logging_mixin.py:150} INFO - [2025-08-14T11:19:33.891+0000] {dagbag.py:541} INFO - Filling up the DagBag from /home/vscode/.local/lib/python3.10/site-packages/airflow/example_dags/example_nested_branch_dag.py
[2025-08-14T11:19:33.898+0000] {processor.py:836} INFO - DAG(s) dict_keys(['example_nested_branch_dag']) retrieved from /home/vscode/.local/lib/python3.10/site-packages/airflow/example_dags/example_nested_branch_dag.py
[2025-08-14T11:19:33.911+0000] {logging_mixin.py:150} INFO - [2025-08-14T11:19:33.911+0000] {dag.py:2742} INFO - Sync 1 DAGs
[2025-08-14T11:19:33.926+0000] {logging_mixin.py:150} INFO - [2025-08-14T11:19:33.926+0000] {dag.py:3504} INFO - Setting next_dagrun for example_nested_branch_dag to 2025-08-13T00:00:00+00:00, run_after=2025-08-14T00:00:00+00:00
[2025-08-14T11:19:33.942+0000] {processor.py:179} INFO - Processing /home/vscode/.local/lib/python3.10/site-packages/airflow/example_dags/example_nested_branch_dag.py took 0.054 seconds
[2025-08-14T11:20:21.028+0000] {processor.py:157} INFO - Started process (PID=51944) to work on /home/vscode/.local/lib/python3.10/site-packages/airflow/example_dags/example_nested_branch_dag.py
[2025-08-14T11:20:21.029+0000] {processor.py:826} INFO - Processing file /home/vscode/.local/lib/python3.10/site-packages/airflow/example_dags/example_nested_branch_dag.py for tasks to queue
[2025-08-14T11:20:21.029+0000] {logging_mixin.py:150} INFO - [2025-08-14T11:20:21.029+0000] {dagbag.py:541} INFO - Filling up the DagBag from /home/vscode/.local/lib/python3.10/site-packages/airflow/example_dags/example_nested_branch_dag.py
[2025-08-14T11:20:21.038+0000] {processor.py:836} INFO - DAG(s) dict_keys(['example_nested_branch_dag']) retrieved from /home/vscode/.local/lib/python3.10/site-packages/airflow/example_dags/example_nested_branch_dag.py
[2025-08-14T11:20:21.058+0000] {logging_mixin.py:150} INFO - [2025-08-14T11:20:21.058+0000] {dag.py:2742} INFO - Sync 1 DAGs
[2025-08-14T11:20:21.084+0000] {logging_mixin.py:150} INFO - [2025-08-14T11:20:21.083+0000] {dag.py:3504} INFO - Setting next_dagrun for example_nested_branch_dag to 2025-08-13T00:00:00+00:00, run_after=2025-08-14T00:00:00+00:00
[2025-08-14T11:20:21.105+0000] {processor.py:179} INFO - Processing /home/vscode/.local/lib/python3.10/site-packages/airflow/example_dags/example_nested_branch_dag.py took 0.079 seconds
[2025-08-14T11:21:06.432+0000] {processor.py:157} INFO - Started process (PID=52379) to work on /home/vscode/.local/lib/python3.10/site-packages/airflow/example_dags/example_nested_branch_dag.py
[2025-08-14T11:21:06.432+0000] {processor.py:826} INFO - Processing file /home/vscode/.local/lib/python3.10/site-packages/airflow/example_dags/example_nested_branch_dag.py for tasks to queue
[2025-08-14T11:21:06.433+0000] {logging_mixin.py:150} INFO - [2025-08-14T11:21:06.433+0000] {dagbag.py:541} INFO - Filling up the DagBag from /home/vscode/.local/lib/python3.10/site-packages/airflow/example_dags/example_nested_branch_dag.py
[2025-08-14T11:21:06.440+0000] {processor.py:836} INFO - DAG(s) dict_keys(['example_nested_branch_dag']) retrieved from /home/vscode/.local/lib/python3.10/site-packages/airflow/example_dags/example_nested_branch_dag.py
[2025-08-14T11:21:06.453+0000] {logging_mixin.py:150} INFO - [2025-08-14T11:21:06.453+0000] {dag.py:2742} INFO - Sync 1 DAGs
[2025-08-14T11:21:06.468+0000] {logging_mixin.py:150} INFO - [2025-08-14T11:21:06.468+0000] {dag.py:3504} INFO - Setting next_dagrun for example_nested_branch_dag to 2025-08-13T00:00:00+00:00, run_after=2025-08-14T00:00:00+00:00
[2025-08-14T11:21:06.486+0000] {processor.py:179} INFO - Processing /home/vscode/.local/lib/python3.10/site-packages/airflow/example_dags/example_nested_branch_dag.py took 0.057 seconds
[2025-08-14T11:21:52.474+0000] {processor.py:157} INFO - Started process (PID=52827) to work on /home/vscode/.local/lib/python3.10/site-packages/airflow/example_dags/example_nested_branch_dag.py
[2025-08-14T11:21:52.474+0000] {processor.py:826} INFO - Processing file /home/vscode/.local/lib/python3.10/site-packages/airflow/example_dags/example_nested_branch_dag.py for tasks to queue
[2025-08-14T11:21:52.475+0000] {logging_mixin.py:150} INFO - [2025-08-14T11:21:52.475+0000] {dagbag.py:541} INFO - Filling up the DagBag from /home/vscode/.local/lib/python3.10/site-packages/airflow/example_dags/example_nested_branch_dag.py
[2025-08-14T11:21:52.483+0000] {processor.py:836} INFO - DAG(s) dict_keys(['example_nested_branch_dag']) retrieved from /home/vscode/.local/lib/python3.10/site-packages/airflow/example_dags/example_nested_branch_dag.py
[2025-08-14T11:21:52.496+0000] {logging_mixin.py:150} INFO - [2025-08-14T11:21:52.495+0000] {dag.py:2742} INFO - Sync 1 DAGs
[2025-08-14T11:21:52.511+0000] {logging_mixin.py:150} INFO - [2025-08-14T11:21:52.511+0000] {dag.py:3504} INFO - Setting next_dagrun for example_nested_branch_dag to 2025-08-13T00:00:00+00:00, run_after=2025-08-14T00:00:00+00:00
[2025-08-14T11:21:52.526+0000] {processor.py:179} INFO - Processing /home/vscode/.local/lib/python3.10/site-packages/airflow/example_dags/example_nested_branch_dag.py took 0.054 seconds
[2025-08-14T11:22:39.520+0000] {processor.py:157} INFO - Started process (PID=53271) to work on /home/vscode/.local/lib/python3.10/site-packages/airflow/example_dags/example_nested_branch_dag.py
[2025-08-14T11:22:39.521+0000] {processor.py:826} INFO - Processing file /home/vscode/.local/lib/python3.10/site-packages/airflow/example_dags/example_nested_branch_dag.py for tasks to queue
[2025-08-14T11:22:39.522+0000] {logging_mixin.py:150} INFO - [2025-08-14T11:22:39.521+0000] {dagbag.py:541} INFO - Filling up the DagBag from /home/vscode/.local/lib/python3.10/site-packages/airflow/example_dags/example_nested_branch_dag.py
[2025-08-14T11:22:39.529+0000] {processor.py:836} INFO - DAG(s) dict_keys(['example_nested_branch_dag']) retrieved from /home/vscode/.local/lib/python3.10/site-packages/airflow/example_dags/example_nested_branch_dag.py
[2025-08-14T11:22:39.542+0000] {logging_mixin.py:150} INFO - [2025-08-14T11:22:39.542+0000] {dag.py:2742} INFO - Sync 1 DAGs
[2025-08-14T11:22:39.557+0000] {logging_mixin.py:150} INFO - [2025-08-14T11:22:39.557+0000] {dag.py:3504} INFO - Setting next_dagrun for example_nested_branch_dag to 2025-08-13T00:00:00+00:00, run_after=2025-08-14T00:00:00+00:00
[2025-08-14T11:22:39.577+0000] {processor.py:179} INFO - Processing /home/vscode/.local/lib/python3.10/site-packages/airflow/example_dags/example_nested_branch_dag.py took 0.058 seconds
[2025-08-14T11:23:26.052+0000] {processor.py:157} INFO - Started process (PID=53714) to work on /home/vscode/.local/lib/python3.10/site-packages/airflow/example_dags/example_nested_branch_dag.py
[2025-08-14T11:23:26.053+0000] {processor.py:826} INFO - Processing file /home/vscode/.local/lib/python3.10/site-packages/airflow/example_dags/example_nested_branch_dag.py for tasks to queue
[2025-08-14T11:23:26.053+0000] {logging_mixin.py:150} INFO - [2025-08-14T11:23:26.053+0000] {dagbag.py:541} INFO - Filling up the DagBag from /home/vscode/.local/lib/python3.10/site-packages/airflow/example_dags/example_nested_branch_dag.py
[2025-08-14T11:23:26.060+0000] {processor.py:836} INFO - DAG(s) dict_keys(['example_nested_branch_dag']) retrieved from /home/vscode/.local/lib/python3.10/site-packages/airflow/example_dags/example_nested_branch_dag.py
[2025-08-14T11:23:26.073+0000] {logging_mixin.py:150} INFO - [2025-08-14T11:23:26.073+0000] {dag.py:2742} INFO - Sync 1 DAGs
[2025-08-14T11:23:26.087+0000] {logging_mixin.py:150} INFO - [2025-08-14T11:23:26.087+0000] {dag.py:3504} INFO - Setting next_dagrun for example_nested_branch_dag to 2025-08-13T00:00:00+00:00, run_after=2025-08-14T00:00:00+00:00
[2025-08-14T11:23:26.102+0000] {processor.py:179} INFO - Processing /home/vscode/.local/lib/python3.10/site-packages/airflow/example_dags/example_nested_branch_dag.py took 0.052 seconds
[2025-08-14T11:24:12.654+0000] {processor.py:157} INFO - Started process (PID=54164) to work on /home/vscode/.local/lib/python3.10/site-packages/airflow/example_dags/example_nested_branch_dag.py
[2025-08-14T11:24:12.654+0000] {processor.py:826} INFO - Processing file /home/vscode/.local/lib/python3.10/site-packages/airflow/example_dags/example_nested_branch_dag.py for tasks to queue
[2025-08-14T11:24:12.655+0000] {logging_mixin.py:150} INFO - [2025-08-14T11:24:12.655+0000] {dagbag.py:541} INFO - Filling up the DagBag from /home/vscode/.local/lib/python3.10/site-packages/airflow/example_dags/example_nested_branch_dag.py
[2025-08-14T11:24:12.662+0000] {processor.py:836} INFO - DAG(s) dict_keys(['example_nested_branch_dag']) retrieved from /home/vscode/.local/lib/python3.10/site-packages/airflow/example_dags/example_nested_branch_dag.py
[2025-08-14T11:24:12.676+0000] {logging_mixin.py:150} INFO - [2025-08-14T11:24:12.675+0000] {dag.py:2742} INFO - Sync 1 DAGs
[2025-08-14T11:24:12.692+0000] {logging_mixin.py:150} INFO - [2025-08-14T11:24:12.692+0000] {dag.py:3504} INFO - Setting next_dagrun for example_nested_branch_dag to 2025-08-13T00:00:00+00:00, run_after=2025-08-14T00:00:00+00:00
[2025-08-14T11:24:12.707+0000] {processor.py:179} INFO - Processing /home/vscode/.local/lib/python3.10/site-packages/airflow/example_dags/example_nested_branch_dag.py took 0.056 seconds
[2025-08-14T11:25:04.087+0000] {processor.py:157} INFO - Started process (PID=54656) to work on /home/vscode/.local/lib/python3.10/site-packages/airflow/example_dags/example_nested_branch_dag.py
[2025-08-14T11:25:04.088+0000] {processor.py:826} INFO - Processing file /home/vscode/.local/lib/python3.10/site-packages/airflow/example_dags/example_nested_branch_dag.py for tasks to queue
[2025-08-14T11:25:04.088+0000] {logging_mixin.py:150} INFO - [2025-08-14T11:25:04.088+0000] {dagbag.py:541} INFO - Filling up the DagBag from /home/vscode/.local/lib/python3.10/site-packages/airflow/example_dags/example_nested_branch_dag.py
[2025-08-14T11:25:04.095+0000] {processor.py:836} INFO - DAG(s) dict_keys(['example_nested_branch_dag']) retrieved from /home/vscode/.local/lib/python3.10/site-packages/airflow/example_dags/example_nested_branch_dag.py
[2025-08-14T11:25:04.108+0000] {logging_mixin.py:150} INFO - [2025-08-14T11:25:04.108+0000] {dag.py:2742} INFO - Sync 1 DAGs
[2025-08-14T11:25:04.123+0000] {logging_mixin.py:150} INFO - [2025-08-14T11:25:04.122+0000] {dag.py:3504} INFO - Setting next_dagrun for example_nested_branch_dag to 2025-08-13T00:00:00+00:00, run_after=2025-08-14T00:00:00+00:00
[2025-08-14T11:25:04.137+0000] {processor.py:179} INFO - Processing /home/vscode/.local/lib/python3.10/site-packages/airflow/example_dags/example_nested_branch_dag.py took 0.052 seconds
[2025-08-14T11:25:54.041+0000] {processor.py:157} INFO - Started process (PID=55128) to work on /home/vscode/.local/lib/python3.10/site-packages/airflow/example_dags/example_nested_branch_dag.py
[2025-08-14T11:25:54.041+0000] {processor.py:826} INFO - Processing file /home/vscode/.local/lib/python3.10/site-packages/airflow/example_dags/example_nested_branch_dag.py for tasks to queue
[2025-08-14T11:25:54.042+0000] {logging_mixin.py:150} INFO - [2025-08-14T11:25:54.042+0000] {dagbag.py:541} INFO - Filling up the DagBag from /home/vscode/.local/lib/python3.10/site-packages/airflow/example_dags/example_nested_branch_dag.py
[2025-08-14T11:25:54.049+0000] {processor.py:836} INFO - DAG(s) dict_keys(['example_nested_branch_dag']) retrieved from /home/vscode/.local/lib/python3.10/site-packages/airflow/example_dags/example_nested_branch_dag.py
[2025-08-14T11:25:54.061+0000] {logging_mixin.py:150} INFO - [2025-08-14T11:25:54.061+0000] {dag.py:2742} INFO - Sync 1 DAGs
[2025-08-14T11:25:54.077+0000] {logging_mixin.py:150} INFO - [2025-08-14T11:25:54.077+0000] {dag.py:3504} INFO - Setting next_dagrun for example_nested_branch_dag to 2025-08-13T00:00:00+00:00, run_after=2025-08-14T00:00:00+00:00
[2025-08-14T11:25:54.092+0000] {processor.py:179} INFO - Processing /home/vscode/.local/lib/python3.10/site-packages/airflow/example_dags/example_nested_branch_dag.py took 0.053 seconds
