[2025-08-14T09:39:11.822+0000] {processor.py:157} INFO - Started process (PID=3540) to work on /home/vscode/.local/lib/python3.10/site-packages/airflow/example_dags/example_time_delta_sensor_async.py
[2025-08-14T09:39:11.823+0000] {processor.py:826} INFO - Processing file /home/vscode/.local/lib/python3.10/site-packages/airflow/example_dags/example_time_delta_sensor_async.py for tasks to queue
[2025-08-14T09:39:11.824+0000] {logging_mixin.py:150} INFO - [2025-08-14T09:39:11.824+0000] {dagbag.py:541} INFO - Filling up the DagBag from /home/vscode/.local/lib/python3.10/site-packages/airflow/example_dags/example_time_delta_sensor_async.py
[2025-08-14T09:39:11.832+0000] {processor.py:836} INFO - DAG(s) dict_keys(['example_time_delta_sensor_async']) retrieved from /home/vscode/.local/lib/python3.10/site-packages/airflow/example_dags/example_time_delta_sensor_async.py
[2025-08-14T09:39:11.949+0000] {logging_mixin.py:150} INFO - [2025-08-14T09:39:11.948+0000] {manager.py:504} INFO - Created Permission View: can edit on DAG:example_time_delta_sensor_async
[2025-08-14T09:39:11.960+0000] {logging_mixin.py:150} INFO - [2025-08-14T09:39:11.960+0000] {manager.py:504} INFO - Created Permission View: can read on DAG:example_time_delta_sensor_async
[2025-08-14T09:39:11.969+0000] {logging_mixin.py:150} INFO - [2025-08-14T09:39:11.969+0000] {manager.py:504} INFO - Created Permission View: can delete on DAG:example_time_delta_sensor_async
[2025-08-14T09:39:11.981+0000] {logging_mixin.py:150} INFO - [2025-08-14T09:39:11.981+0000] {dag.py:2742} INFO - Sync 1 DAGs
[2025-08-14T09:39:11.992+0000] {logging_mixin.py:150} INFO - [2025-08-14T09:39:11.992+0000] {dag.py:2763} INFO - Creating ORM DAG for example_time_delta_sensor_async
[2025-08-14T09:39:12.001+0000] {logging_mixin.py:150} INFO - [2025-08-14T09:39:12.001+0000] {dag.py:3504} INFO - Setting next_dagrun for example_time_delta_sensor_async to None, run_after=None
[2025-08-14T09:39:12.020+0000] {processor.py:179} INFO - Processing /home/vscode/.local/lib/python3.10/site-packages/airflow/example_dags/example_time_delta_sensor_async.py took 0.201 seconds
[2025-08-14T09:40:02.491+0000] {processor.py:157} INFO - Started process (PID=3885) to work on /home/vscode/.local/lib/python3.10/site-packages/airflow/example_dags/example_time_delta_sensor_async.py
[2025-08-14T09:40:02.492+0000] {processor.py:826} INFO - Processing file /home/vscode/.local/lib/python3.10/site-packages/airflow/example_dags/example_time_delta_sensor_async.py for tasks to queue
[2025-08-14T09:40:02.493+0000] {logging_mixin.py:150} INFO - [2025-08-14T09:40:02.492+0000] {dagbag.py:541} INFO - Filling up the DagBag from /home/vscode/.local/lib/python3.10/site-packages/airflow/example_dags/example_time_delta_sensor_async.py
[2025-08-14T09:40:02.496+0000] {processor.py:836} INFO - DAG(s) dict_keys(['example_time_delta_sensor_async']) retrieved from /home/vscode/.local/lib/python3.10/site-packages/airflow/example_dags/example_time_delta_sensor_async.py
[2025-08-14T09:40:02.508+0000] {logging_mixin.py:150} INFO - [2025-08-14T09:40:02.508+0000] {dag.py:2742} INFO - Sync 1 DAGs
[2025-08-14T09:40:02.522+0000] {logging_mixin.py:150} INFO - [2025-08-14T09:40:02.521+0000] {dag.py:3504} INFO - Setting next_dagrun for example_time_delta_sensor_async to None, run_after=None
[2025-08-14T09:40:02.537+0000] {processor.py:179} INFO - Processing /home/vscode/.local/lib/python3.10/site-packages/airflow/example_dags/example_time_delta_sensor_async.py took 0.048 seconds
[2025-08-14T09:40:45.997+0000] {processor.py:157} INFO - Started process (PID=4177) to work on /home/vscode/.local/lib/python3.10/site-packages/airflow/example_dags/example_time_delta_sensor_async.py
[2025-08-14T09:40:45.997+0000] {processor.py:826} INFO - Processing file /home/vscode/.local/lib/python3.10/site-packages/airflow/example_dags/example_time_delta_sensor_async.py for tasks to queue
[2025-08-14T09:40:45.998+0000] {logging_mixin.py:150} INFO - [2025-08-14T09:40:45.998+0000] {dagbag.py:541} INFO - Filling up the DagBag from /home/vscode/.local/lib/python3.10/site-packages/airflow/example_dags/example_time_delta_sensor_async.py
[2025-08-14T09:40:46.001+0000] {processor.py:836} INFO - DAG(s) dict_keys(['example_time_delta_sensor_async']) retrieved from /home/vscode/.local/lib/python3.10/site-packages/airflow/example_dags/example_time_delta_sensor_async.py
[2025-08-14T09:40:46.013+0000] {logging_mixin.py:150} INFO - [2025-08-14T09:40:46.013+0000] {dag.py:2742} INFO - Sync 1 DAGs
[2025-08-14T09:40:46.027+0000] {logging_mixin.py:150} INFO - [2025-08-14T09:40:46.027+0000] {dag.py:3504} INFO - Setting next_dagrun for example_time_delta_sensor_async to None, run_after=None
[2025-08-14T09:40:46.043+0000] {processor.py:179} INFO - Processing /home/vscode/.local/lib/python3.10/site-packages/airflow/example_dags/example_time_delta_sensor_async.py took 0.048 seconds
[2025-08-14T09:41:30.613+0000] {processor.py:157} INFO - Started process (PID=4502) to work on /home/vscode/.local/lib/python3.10/site-packages/airflow/example_dags/example_time_delta_sensor_async.py
[2025-08-14T09:41:30.614+0000] {processor.py:826} INFO - Processing file /home/vscode/.local/lib/python3.10/site-packages/airflow/example_dags/example_time_delta_sensor_async.py for tasks to queue
[2025-08-14T09:41:30.615+0000] {logging_mixin.py:150} INFO - [2025-08-14T09:41:30.614+0000] {dagbag.py:541} INFO - Filling up the DagBag from /home/vscode/.local/lib/python3.10/site-packages/airflow/example_dags/example_time_delta_sensor_async.py
[2025-08-14T09:41:30.618+0000] {processor.py:836} INFO - DAG(s) dict_keys(['example_time_delta_sensor_async']) retrieved from /home/vscode/.local/lib/python3.10/site-packages/airflow/example_dags/example_time_delta_sensor_async.py
[2025-08-14T09:41:30.630+0000] {logging_mixin.py:150} INFO - [2025-08-14T09:41:30.630+0000] {dag.py:2742} INFO - Sync 1 DAGs
[2025-08-14T09:41:30.644+0000] {logging_mixin.py:150} INFO - [2025-08-14T09:41:30.644+0000] {dag.py:3504} INFO - Setting next_dagrun for example_time_delta_sensor_async to None, run_after=None
[2025-08-14T09:41:30.661+0000] {processor.py:179} INFO - Processing /home/vscode/.local/lib/python3.10/site-packages/airflow/example_dags/example_time_delta_sensor_async.py took 0.050 seconds
[2025-08-14T09:42:14.487+0000] {processor.py:157} INFO - Started process (PID=4832) to work on /home/vscode/.local/lib/python3.10/site-packages/airflow/example_dags/example_time_delta_sensor_async.py
[2025-08-14T09:42:14.488+0000] {processor.py:826} INFO - Processing file /home/vscode/.local/lib/python3.10/site-packages/airflow/example_dags/example_time_delta_sensor_async.py for tasks to queue
[2025-08-14T09:42:14.489+0000] {logging_mixin.py:150} INFO - [2025-08-14T09:42:14.488+0000] {dagbag.py:541} INFO - Filling up the DagBag from /home/vscode/.local/lib/python3.10/site-packages/airflow/example_dags/example_time_delta_sensor_async.py
[2025-08-14T09:42:14.493+0000] {processor.py:836} INFO - DAG(s) dict_keys(['example_time_delta_sensor_async']) retrieved from /home/vscode/.local/lib/python3.10/site-packages/airflow/example_dags/example_time_delta_sensor_async.py
[2025-08-14T09:42:14.506+0000] {logging_mixin.py:150} INFO - [2025-08-14T09:42:14.506+0000] {dag.py:2742} INFO - Sync 1 DAGs
[2025-08-14T09:42:14.520+0000] {logging_mixin.py:150} INFO - [2025-08-14T09:42:14.520+0000] {dag.py:3504} INFO - Setting next_dagrun for example_time_delta_sensor_async to None, run_after=None
[2025-08-14T09:42:14.539+0000] {processor.py:179} INFO - Processing /home/vscode/.local/lib/python3.10/site-packages/airflow/example_dags/example_time_delta_sensor_async.py took 0.054 seconds
[2025-08-14T09:42:59.738+0000] {processor.py:157} INFO - Started process (PID=5150) to work on /home/vscode/.local/lib/python3.10/site-packages/airflow/example_dags/example_time_delta_sensor_async.py
[2025-08-14T09:42:59.739+0000] {processor.py:826} INFO - Processing file /home/vscode/.local/lib/python3.10/site-packages/airflow/example_dags/example_time_delta_sensor_async.py for tasks to queue
[2025-08-14T09:42:59.739+0000] {logging_mixin.py:150} INFO - [2025-08-14T09:42:59.739+0000] {dagbag.py:541} INFO - Filling up the DagBag from /home/vscode/.local/lib/python3.10/site-packages/airflow/example_dags/example_time_delta_sensor_async.py
[2025-08-14T09:42:59.743+0000] {processor.py:836} INFO - DAG(s) dict_keys(['example_time_delta_sensor_async']) retrieved from /home/vscode/.local/lib/python3.10/site-packages/airflow/example_dags/example_time_delta_sensor_async.py
[2025-08-14T09:42:59.756+0000] {logging_mixin.py:150} INFO - [2025-08-14T09:42:59.756+0000] {dag.py:2742} INFO - Sync 1 DAGs
[2025-08-14T09:42:59.771+0000] {logging_mixin.py:150} INFO - [2025-08-14T09:42:59.771+0000] {dag.py:3504} INFO - Setting next_dagrun for example_time_delta_sensor_async to None, run_after=None
[2025-08-14T09:42:59.789+0000] {processor.py:179} INFO - Processing /home/vscode/.local/lib/python3.10/site-packages/airflow/example_dags/example_time_delta_sensor_async.py took 0.053 seconds
[2025-08-14T09:43:45.583+0000] {processor.py:157} INFO - Started process (PID=5481) to work on /home/vscode/.local/lib/python3.10/site-packages/airflow/example_dags/example_time_delta_sensor_async.py
[2025-08-14T09:43:45.584+0000] {processor.py:826} INFO - Processing file /home/vscode/.local/lib/python3.10/site-packages/airflow/example_dags/example_time_delta_sensor_async.py for tasks to queue
[2025-08-14T09:43:45.585+0000] {logging_mixin.py:150} INFO - [2025-08-14T09:43:45.585+0000] {dagbag.py:541} INFO - Filling up the DagBag from /home/vscode/.local/lib/python3.10/site-packages/airflow/example_dags/example_time_delta_sensor_async.py
[2025-08-14T09:43:45.589+0000] {processor.py:836} INFO - DAG(s) dict_keys(['example_time_delta_sensor_async']) retrieved from /home/vscode/.local/lib/python3.10/site-packages/airflow/example_dags/example_time_delta_sensor_async.py
[2025-08-14T09:43:45.603+0000] {logging_mixin.py:150} INFO - [2025-08-14T09:43:45.603+0000] {dag.py:2742} INFO - Sync 1 DAGs
[2025-08-14T09:43:45.618+0000] {logging_mixin.py:150} INFO - [2025-08-14T09:43:45.618+0000] {dag.py:3504} INFO - Setting next_dagrun for example_time_delta_sensor_async to None, run_after=None
[2025-08-14T09:43:45.635+0000] {processor.py:179} INFO - Processing /home/vscode/.local/lib/python3.10/site-packages/airflow/example_dags/example_time_delta_sensor_async.py took 0.054 seconds
[2025-08-14T09:44:28.270+0000] {processor.py:157} INFO - Started process (PID=5794) to work on /home/vscode/.local/lib/python3.10/site-packages/airflow/example_dags/example_time_delta_sensor_async.py
[2025-08-14T09:44:28.271+0000] {processor.py:826} INFO - Processing file /home/vscode/.local/lib/python3.10/site-packages/airflow/example_dags/example_time_delta_sensor_async.py for tasks to queue
[2025-08-14T09:44:28.271+0000] {logging_mixin.py:150} INFO - [2025-08-14T09:44:28.271+0000] {dagbag.py:541} INFO - Filling up the DagBag from /home/vscode/.local/lib/python3.10/site-packages/airflow/example_dags/example_time_delta_sensor_async.py
[2025-08-14T09:44:28.275+0000] {processor.py:836} INFO - DAG(s) dict_keys(['example_time_delta_sensor_async']) retrieved from /home/vscode/.local/lib/python3.10/site-packages/airflow/example_dags/example_time_delta_sensor_async.py
[2025-08-14T09:44:28.286+0000] {logging_mixin.py:150} INFO - [2025-08-14T09:44:28.286+0000] {dag.py:2742} INFO - Sync 1 DAGs
[2025-08-14T09:44:28.299+0000] {logging_mixin.py:150} INFO - [2025-08-14T09:44:28.299+0000] {dag.py:3504} INFO - Setting next_dagrun for example_time_delta_sensor_async to None, run_after=None
[2025-08-14T09:44:28.315+0000] {processor.py:179} INFO - Processing /home/vscode/.local/lib/python3.10/site-packages/airflow/example_dags/example_time_delta_sensor_async.py took 0.047 seconds
[2025-08-14T09:45:09.401+0000] {processor.py:157} INFO - Started process (PID=6110) to work on /home/vscode/.local/lib/python3.10/site-packages/airflow/example_dags/example_time_delta_sensor_async.py
[2025-08-14T09:45:09.402+0000] {processor.py:826} INFO - Processing file /home/vscode/.local/lib/python3.10/site-packages/airflow/example_dags/example_time_delta_sensor_async.py for tasks to queue
[2025-08-14T09:45:09.402+0000] {logging_mixin.py:150} INFO - [2025-08-14T09:45:09.402+0000] {dagbag.py:541} INFO - Filling up the DagBag from /home/vscode/.local/lib/python3.10/site-packages/airflow/example_dags/example_time_delta_sensor_async.py
[2025-08-14T09:45:09.406+0000] {processor.py:836} INFO - DAG(s) dict_keys(['example_time_delta_sensor_async']) retrieved from /home/vscode/.local/lib/python3.10/site-packages/airflow/example_dags/example_time_delta_sensor_async.py
[2025-08-14T09:45:09.418+0000] {logging_mixin.py:150} INFO - [2025-08-14T09:45:09.417+0000] {dag.py:2742} INFO - Sync 1 DAGs
[2025-08-14T09:45:09.432+0000] {logging_mixin.py:150} INFO - [2025-08-14T09:45:09.432+0000] {dag.py:3504} INFO - Setting next_dagrun for example_time_delta_sensor_async to None, run_after=None
[2025-08-14T09:45:09.447+0000] {processor.py:179} INFO - Processing /home/vscode/.local/lib/python3.10/site-packages/airflow/example_dags/example_time_delta_sensor_async.py took 0.048 seconds
[2025-08-14T09:45:55.631+0000] {processor.py:157} INFO - Started process (PID=6422) to work on /home/vscode/.local/lib/python3.10/site-packages/airflow/example_dags/example_time_delta_sensor_async.py
[2025-08-14T09:45:55.631+0000] {processor.py:826} INFO - Processing file /home/vscode/.local/lib/python3.10/site-packages/airflow/example_dags/example_time_delta_sensor_async.py for tasks to queue
[2025-08-14T09:45:55.632+0000] {logging_mixin.py:150} INFO - [2025-08-14T09:45:55.632+0000] {dagbag.py:541} INFO - Filling up the DagBag from /home/vscode/.local/lib/python3.10/site-packages/airflow/example_dags/example_time_delta_sensor_async.py
[2025-08-14T09:45:55.635+0000] {processor.py:836} INFO - DAG(s) dict_keys(['example_time_delta_sensor_async']) retrieved from /home/vscode/.local/lib/python3.10/site-packages/airflow/example_dags/example_time_delta_sensor_async.py
[2025-08-14T09:45:55.647+0000] {logging_mixin.py:150} INFO - [2025-08-14T09:45:55.647+0000] {dag.py:2742} INFO - Sync 1 DAGs
[2025-08-14T09:45:55.662+0000] {logging_mixin.py:150} INFO - [2025-08-14T09:45:55.662+0000] {dag.py:3504} INFO - Setting next_dagrun for example_time_delta_sensor_async to None, run_after=None
[2025-08-14T09:45:55.677+0000] {processor.py:179} INFO - Processing /home/vscode/.local/lib/python3.10/site-packages/airflow/example_dags/example_time_delta_sensor_async.py took 0.049 seconds
[2025-08-14T09:46:39.615+0000] {processor.py:157} INFO - Started process (PID=6711) to work on /home/vscode/.local/lib/python3.10/site-packages/airflow/example_dags/example_time_delta_sensor_async.py
[2025-08-14T09:46:39.616+0000] {processor.py:826} INFO - Processing file /home/vscode/.local/lib/python3.10/site-packages/airflow/example_dags/example_time_delta_sensor_async.py for tasks to queue
[2025-08-14T09:46:39.617+0000] {logging_mixin.py:150} INFO - [2025-08-14T09:46:39.616+0000] {dagbag.py:541} INFO - Filling up the DagBag from /home/vscode/.local/lib/python3.10/site-packages/airflow/example_dags/example_time_delta_sensor_async.py
[2025-08-14T09:46:39.620+0000] {processor.py:836} INFO - DAG(s) dict_keys(['example_time_delta_sensor_async']) retrieved from /home/vscode/.local/lib/python3.10/site-packages/airflow/example_dags/example_time_delta_sensor_async.py
[2025-08-14T09:46:39.631+0000] {logging_mixin.py:150} INFO - [2025-08-14T09:46:39.631+0000] {dag.py:2742} INFO - Sync 1 DAGs
[2025-08-14T09:46:39.645+0000] {logging_mixin.py:150} INFO - [2025-08-14T09:46:39.645+0000] {dag.py:3504} INFO - Setting next_dagrun for example_time_delta_sensor_async to None, run_after=None
[2025-08-14T09:46:39.660+0000] {processor.py:179} INFO - Processing /home/vscode/.local/lib/python3.10/site-packages/airflow/example_dags/example_time_delta_sensor_async.py took 0.047 seconds
[2025-08-14T09:47:12.687+0000] {processor.py:157} INFO - Started process (PID=6950) to work on /home/vscode/.local/lib/python3.10/site-packages/airflow/example_dags/example_time_delta_sensor_async.py
[2025-08-14T09:47:12.687+0000] {processor.py:826} INFO - Processing file /home/vscode/.local/lib/python3.10/site-packages/airflow/example_dags/example_time_delta_sensor_async.py for tasks to queue
[2025-08-14T09:47:12.688+0000] {logging_mixin.py:150} INFO - [2025-08-14T09:47:12.687+0000] {dagbag.py:541} INFO - Filling up the DagBag from /home/vscode/.local/lib/python3.10/site-packages/airflow/example_dags/example_time_delta_sensor_async.py
[2025-08-14T09:47:12.691+0000] {processor.py:836} INFO - DAG(s) dict_keys(['example_time_delta_sensor_async']) retrieved from /home/vscode/.local/lib/python3.10/site-packages/airflow/example_dags/example_time_delta_sensor_async.py
[2025-08-14T09:47:12.703+0000] {logging_mixin.py:150} INFO - [2025-08-14T09:47:12.703+0000] {dag.py:2742} INFO - Sync 1 DAGs
[2025-08-14T09:47:12.716+0000] {logging_mixin.py:150} INFO - [2025-08-14T09:47:12.716+0000] {dag.py:3504} INFO - Setting next_dagrun for example_time_delta_sensor_async to None, run_after=None
[2025-08-14T09:47:12.731+0000] {processor.py:179} INFO - Processing /home/vscode/.local/lib/python3.10/site-packages/airflow/example_dags/example_time_delta_sensor_async.py took 0.047 seconds
[2025-08-14T09:47:58.818+0000] {processor.py:157} INFO - Started process (PID=7260) to work on /home/vscode/.local/lib/python3.10/site-packages/airflow/example_dags/example_time_delta_sensor_async.py
[2025-08-14T09:47:58.818+0000] {processor.py:826} INFO - Processing file /home/vscode/.local/lib/python3.10/site-packages/airflow/example_dags/example_time_delta_sensor_async.py for tasks to queue
[2025-08-14T09:47:58.819+0000] {logging_mixin.py:150} INFO - [2025-08-14T09:47:58.819+0000] {dagbag.py:541} INFO - Filling up the DagBag from /home/vscode/.local/lib/python3.10/site-packages/airflow/example_dags/example_time_delta_sensor_async.py
[2025-08-14T09:47:58.822+0000] {processor.py:836} INFO - DAG(s) dict_keys(['example_time_delta_sensor_async']) retrieved from /home/vscode/.local/lib/python3.10/site-packages/airflow/example_dags/example_time_delta_sensor_async.py
[2025-08-14T09:47:58.833+0000] {logging_mixin.py:150} INFO - [2025-08-14T09:47:58.833+0000] {dag.py:2742} INFO - Sync 1 DAGs
[2025-08-14T09:47:58.847+0000] {logging_mixin.py:150} INFO - [2025-08-14T09:47:58.846+0000] {dag.py:3504} INFO - Setting next_dagrun for example_time_delta_sensor_async to None, run_after=None
[2025-08-14T09:47:58.861+0000] {processor.py:179} INFO - Processing /home/vscode/.local/lib/python3.10/site-packages/airflow/example_dags/example_time_delta_sensor_async.py took 0.045 seconds
[2025-08-14T09:48:46.417+0000] {processor.py:157} INFO - Started process (PID=7614) to work on /home/vscode/.local/lib/python3.10/site-packages/airflow/example_dags/example_time_delta_sensor_async.py
[2025-08-14T09:48:46.418+0000] {processor.py:826} INFO - Processing file /home/vscode/.local/lib/python3.10/site-packages/airflow/example_dags/example_time_delta_sensor_async.py for tasks to queue
[2025-08-14T09:48:46.418+0000] {logging_mixin.py:150} INFO - [2025-08-14T09:48:46.418+0000] {dagbag.py:541} INFO - Filling up the DagBag from /home/vscode/.local/lib/python3.10/site-packages/airflow/example_dags/example_time_delta_sensor_async.py
[2025-08-14T09:48:46.422+0000] {processor.py:836} INFO - DAG(s) dict_keys(['example_time_delta_sensor_async']) retrieved from /home/vscode/.local/lib/python3.10/site-packages/airflow/example_dags/example_time_delta_sensor_async.py
[2025-08-14T09:48:46.434+0000] {logging_mixin.py:150} INFO - [2025-08-14T09:48:46.433+0000] {dag.py:2742} INFO - Sync 1 DAGs
[2025-08-14T09:48:46.448+0000] {logging_mixin.py:150} INFO - [2025-08-14T09:48:46.448+0000] {dag.py:3504} INFO - Setting next_dagrun for example_time_delta_sensor_async to None, run_after=None
[2025-08-14T09:48:46.465+0000] {processor.py:179} INFO - Processing /home/vscode/.local/lib/python3.10/site-packages/airflow/example_dags/example_time_delta_sensor_async.py took 0.050 seconds
[2025-08-14T09:49:30.013+0000] {processor.py:157} INFO - Started process (PID=7944) to work on /home/vscode/.local/lib/python3.10/site-packages/airflow/example_dags/example_time_delta_sensor_async.py
[2025-08-14T09:49:30.013+0000] {processor.py:826} INFO - Processing file /home/vscode/.local/lib/python3.10/site-packages/airflow/example_dags/example_time_delta_sensor_async.py for tasks to queue
[2025-08-14T09:49:30.014+0000] {logging_mixin.py:150} INFO - [2025-08-14T09:49:30.014+0000] {dagbag.py:541} INFO - Filling up the DagBag from /home/vscode/.local/lib/python3.10/site-packages/airflow/example_dags/example_time_delta_sensor_async.py
[2025-08-14T09:49:30.017+0000] {processor.py:836} INFO - DAG(s) dict_keys(['example_time_delta_sensor_async']) retrieved from /home/vscode/.local/lib/python3.10/site-packages/airflow/example_dags/example_time_delta_sensor_async.py
[2025-08-14T09:49:30.029+0000] {logging_mixin.py:150} INFO - [2025-08-14T09:49:30.029+0000] {dag.py:2742} INFO - Sync 1 DAGs
[2025-08-14T09:49:30.042+0000] {logging_mixin.py:150} INFO - [2025-08-14T09:49:30.042+0000] {dag.py:3504} INFO - Setting next_dagrun for example_time_delta_sensor_async to None, run_after=None
[2025-08-14T09:49:30.058+0000] {processor.py:179} INFO - Processing /home/vscode/.local/lib/python3.10/site-packages/airflow/example_dags/example_time_delta_sensor_async.py took 0.047 seconds
[2025-08-14T09:50:05.125+0000] {processor.py:157} INFO - Started process (PID=8205) to work on /home/vscode/.local/lib/python3.10/site-packages/airflow/example_dags/example_time_delta_sensor_async.py
[2025-08-14T09:50:05.126+0000] {processor.py:826} INFO - Processing file /home/vscode/.local/lib/python3.10/site-packages/airflow/example_dags/example_time_delta_sensor_async.py for tasks to queue
[2025-08-14T09:50:05.126+0000] {logging_mixin.py:150} INFO - [2025-08-14T09:50:05.126+0000] {dagbag.py:541} INFO - Filling up the DagBag from /home/vscode/.local/lib/python3.10/site-packages/airflow/example_dags/example_time_delta_sensor_async.py
[2025-08-14T09:50:05.129+0000] {processor.py:836} INFO - DAG(s) dict_keys(['example_time_delta_sensor_async']) retrieved from /home/vscode/.local/lib/python3.10/site-packages/airflow/example_dags/example_time_delta_sensor_async.py
[2025-08-14T09:50:05.141+0000] {logging_mixin.py:150} INFO - [2025-08-14T09:50:05.141+0000] {dag.py:2742} INFO - Sync 1 DAGs
[2025-08-14T09:50:05.154+0000] {logging_mixin.py:150} INFO - [2025-08-14T09:50:05.154+0000] {dag.py:3504} INFO - Setting next_dagrun for example_time_delta_sensor_async to None, run_after=None
[2025-08-14T09:50:05.170+0000] {processor.py:179} INFO - Processing /home/vscode/.local/lib/python3.10/site-packages/airflow/example_dags/example_time_delta_sensor_async.py took 0.047 seconds
[2025-08-14T09:50:49.627+0000] {processor.py:157} INFO - Started process (PID=8536) to work on /home/vscode/.local/lib/python3.10/site-packages/airflow/example_dags/example_time_delta_sensor_async.py
[2025-08-14T09:50:49.627+0000] {processor.py:826} INFO - Processing file /home/vscode/.local/lib/python3.10/site-packages/airflow/example_dags/example_time_delta_sensor_async.py for tasks to queue
[2025-08-14T09:50:49.628+0000] {logging_mixin.py:150} INFO - [2025-08-14T09:50:49.628+0000] {dagbag.py:541} INFO - Filling up the DagBag from /home/vscode/.local/lib/python3.10/site-packages/airflow/example_dags/example_time_delta_sensor_async.py
[2025-08-14T09:50:49.633+0000] {processor.py:836} INFO - DAG(s) dict_keys(['example_time_delta_sensor_async']) retrieved from /home/vscode/.local/lib/python3.10/site-packages/airflow/example_dags/example_time_delta_sensor_async.py
[2025-08-14T09:50:49.645+0000] {logging_mixin.py:150} INFO - [2025-08-14T09:50:49.645+0000] {dag.py:2742} INFO - Sync 1 DAGs
[2025-08-14T09:50:49.659+0000] {logging_mixin.py:150} INFO - [2025-08-14T09:50:49.659+0000] {dag.py:3504} INFO - Setting next_dagrun for example_time_delta_sensor_async to None, run_after=None
[2025-08-14T09:50:49.674+0000] {processor.py:179} INFO - Processing /home/vscode/.local/lib/python3.10/site-packages/airflow/example_dags/example_time_delta_sensor_async.py took 0.051 seconds
[2025-08-14T09:51:32.440+0000] {processor.py:157} INFO - Started process (PID=8848) to work on /home/vscode/.local/lib/python3.10/site-packages/airflow/example_dags/example_time_delta_sensor_async.py
[2025-08-14T09:51:32.441+0000] {processor.py:826} INFO - Processing file /home/vscode/.local/lib/python3.10/site-packages/airflow/example_dags/example_time_delta_sensor_async.py for tasks to queue
[2025-08-14T09:51:32.441+0000] {logging_mixin.py:150} INFO - [2025-08-14T09:51:32.441+0000] {dagbag.py:541} INFO - Filling up the DagBag from /home/vscode/.local/lib/python3.10/site-packages/airflow/example_dags/example_time_delta_sensor_async.py
[2025-08-14T09:51:32.445+0000] {processor.py:836} INFO - DAG(s) dict_keys(['example_time_delta_sensor_async']) retrieved from /home/vscode/.local/lib/python3.10/site-packages/airflow/example_dags/example_time_delta_sensor_async.py
[2025-08-14T09:51:32.456+0000] {logging_mixin.py:150} INFO - [2025-08-14T09:51:32.456+0000] {dag.py:2742} INFO - Sync 1 DAGs
[2025-08-14T09:51:32.469+0000] {logging_mixin.py:150} INFO - [2025-08-14T09:51:32.469+0000] {dag.py:3504} INFO - Setting next_dagrun for example_time_delta_sensor_async to None, run_after=None
[2025-08-14T09:51:32.485+0000] {processor.py:179} INFO - Processing /home/vscode/.local/lib/python3.10/site-packages/airflow/example_dags/example_time_delta_sensor_async.py took 0.047 seconds
[2025-08-14T09:52:21.862+0000] {processor.py:157} INFO - Started process (PID=9181) to work on /home/vscode/.local/lib/python3.10/site-packages/airflow/example_dags/example_time_delta_sensor_async.py
[2025-08-14T09:52:21.863+0000] {processor.py:826} INFO - Processing file /home/vscode/.local/lib/python3.10/site-packages/airflow/example_dags/example_time_delta_sensor_async.py for tasks to queue
[2025-08-14T09:52:21.864+0000] {logging_mixin.py:150} INFO - [2025-08-14T09:52:21.863+0000] {dagbag.py:541} INFO - Filling up the DagBag from /home/vscode/.local/lib/python3.10/site-packages/airflow/example_dags/example_time_delta_sensor_async.py
[2025-08-14T09:52:21.867+0000] {processor.py:836} INFO - DAG(s) dict_keys(['example_time_delta_sensor_async']) retrieved from /home/vscode/.local/lib/python3.10/site-packages/airflow/example_dags/example_time_delta_sensor_async.py
[2025-08-14T09:52:21.880+0000] {logging_mixin.py:150} INFO - [2025-08-14T09:52:21.880+0000] {dag.py:2742} INFO - Sync 1 DAGs
[2025-08-14T09:52:21.894+0000] {logging_mixin.py:150} INFO - [2025-08-14T09:52:21.894+0000] {dag.py:3504} INFO - Setting next_dagrun for example_time_delta_sensor_async to None, run_after=None
[2025-08-14T09:52:21.910+0000] {processor.py:179} INFO - Processing /home/vscode/.local/lib/python3.10/site-packages/airflow/example_dags/example_time_delta_sensor_async.py took 0.050 seconds
[2025-08-14T09:53:09.232+0000] {processor.py:157} INFO - Started process (PID=9499) to work on /home/vscode/.local/lib/python3.10/site-packages/airflow/example_dags/example_time_delta_sensor_async.py
[2025-08-14T09:53:09.233+0000] {processor.py:826} INFO - Processing file /home/vscode/.local/lib/python3.10/site-packages/airflow/example_dags/example_time_delta_sensor_async.py for tasks to queue
[2025-08-14T09:53:09.234+0000] {logging_mixin.py:150} INFO - [2025-08-14T09:53:09.233+0000] {dagbag.py:541} INFO - Filling up the DagBag from /home/vscode/.local/lib/python3.10/site-packages/airflow/example_dags/example_time_delta_sensor_async.py
[2025-08-14T09:53:09.237+0000] {processor.py:836} INFO - DAG(s) dict_keys(['example_time_delta_sensor_async']) retrieved from /home/vscode/.local/lib/python3.10/site-packages/airflow/example_dags/example_time_delta_sensor_async.py
[2025-08-14T09:53:09.249+0000] {logging_mixin.py:150} INFO - [2025-08-14T09:53:09.249+0000] {dag.py:2742} INFO - Sync 1 DAGs
[2025-08-14T09:53:09.262+0000] {logging_mixin.py:150} INFO - [2025-08-14T09:53:09.262+0000] {dag.py:3504} INFO - Setting next_dagrun for example_time_delta_sensor_async to None, run_after=None
[2025-08-14T09:53:09.278+0000] {processor.py:179} INFO - Processing /home/vscode/.local/lib/python3.10/site-packages/airflow/example_dags/example_time_delta_sensor_async.py took 0.048 seconds
[2025-08-14T09:53:56.003+0000] {processor.py:157} INFO - Started process (PID=9812) to work on /home/vscode/.local/lib/python3.10/site-packages/airflow/example_dags/example_time_delta_sensor_async.py
[2025-08-14T09:53:56.003+0000] {processor.py:826} INFO - Processing file /home/vscode/.local/lib/python3.10/site-packages/airflow/example_dags/example_time_delta_sensor_async.py for tasks to queue
[2025-08-14T09:53:56.004+0000] {logging_mixin.py:150} INFO - [2025-08-14T09:53:56.004+0000] {dagbag.py:541} INFO - Filling up the DagBag from /home/vscode/.local/lib/python3.10/site-packages/airflow/example_dags/example_time_delta_sensor_async.py
[2025-08-14T09:53:56.007+0000] {processor.py:836} INFO - DAG(s) dict_keys(['example_time_delta_sensor_async']) retrieved from /home/vscode/.local/lib/python3.10/site-packages/airflow/example_dags/example_time_delta_sensor_async.py
[2025-08-14T09:53:56.018+0000] {logging_mixin.py:150} INFO - [2025-08-14T09:53:56.018+0000] {dag.py:2742} INFO - Sync 1 DAGs
[2025-08-14T09:53:56.031+0000] {logging_mixin.py:150} INFO - [2025-08-14T09:53:56.031+0000] {dag.py:3504} INFO - Setting next_dagrun for example_time_delta_sensor_async to None, run_after=None
[2025-08-14T09:53:56.046+0000] {processor.py:179} INFO - Processing /home/vscode/.local/lib/python3.10/site-packages/airflow/example_dags/example_time_delta_sensor_async.py took 0.045 seconds
[2025-08-14T09:54:39.411+0000] {processor.py:157} INFO - Started process (PID=10105) to work on /home/vscode/.local/lib/python3.10/site-packages/airflow/example_dags/example_time_delta_sensor_async.py
[2025-08-14T09:54:39.411+0000] {processor.py:826} INFO - Processing file /home/vscode/.local/lib/python3.10/site-packages/airflow/example_dags/example_time_delta_sensor_async.py for tasks to queue
[2025-08-14T09:54:39.412+0000] {logging_mixin.py:150} INFO - [2025-08-14T09:54:39.412+0000] {dagbag.py:541} INFO - Filling up the DagBag from /home/vscode/.local/lib/python3.10/site-packages/airflow/example_dags/example_time_delta_sensor_async.py
[2025-08-14T09:54:39.415+0000] {processor.py:836} INFO - DAG(s) dict_keys(['example_time_delta_sensor_async']) retrieved from /home/vscode/.local/lib/python3.10/site-packages/airflow/example_dags/example_time_delta_sensor_async.py
[2025-08-14T09:54:39.427+0000] {logging_mixin.py:150} INFO - [2025-08-14T09:54:39.427+0000] {dag.py:2742} INFO - Sync 1 DAGs
[2025-08-14T09:54:39.441+0000] {logging_mixin.py:150} INFO - [2025-08-14T09:54:39.441+0000] {dag.py:3504} INFO - Setting next_dagrun for example_time_delta_sensor_async to None, run_after=None
[2025-08-14T09:54:39.457+0000] {processor.py:179} INFO - Processing /home/vscode/.local/lib/python3.10/site-packages/airflow/example_dags/example_time_delta_sensor_async.py took 0.048 seconds
[2025-08-14T09:55:24.659+0000] {processor.py:157} INFO - Started process (PID=10403) to work on /home/vscode/.local/lib/python3.10/site-packages/airflow/example_dags/example_time_delta_sensor_async.py
[2025-08-14T09:55:24.659+0000] {processor.py:826} INFO - Processing file /home/vscode/.local/lib/python3.10/site-packages/airflow/example_dags/example_time_delta_sensor_async.py for tasks to queue
[2025-08-14T09:55:24.660+0000] {logging_mixin.py:150} INFO - [2025-08-14T09:55:24.660+0000] {dagbag.py:541} INFO - Filling up the DagBag from /home/vscode/.local/lib/python3.10/site-packages/airflow/example_dags/example_time_delta_sensor_async.py
[2025-08-14T09:55:24.663+0000] {processor.py:836} INFO - DAG(s) dict_keys(['example_time_delta_sensor_async']) retrieved from /home/vscode/.local/lib/python3.10/site-packages/airflow/example_dags/example_time_delta_sensor_async.py
[2025-08-14T09:55:24.677+0000] {logging_mixin.py:150} INFO - [2025-08-14T09:55:24.677+0000] {dag.py:2742} INFO - Sync 1 DAGs
[2025-08-14T09:55:24.699+0000] {logging_mixin.py:150} INFO - [2025-08-14T09:55:24.699+0000] {dag.py:3504} INFO - Setting next_dagrun for example_time_delta_sensor_async to None, run_after=None
[2025-08-14T09:55:24.720+0000] {processor.py:179} INFO - Processing /home/vscode/.local/lib/python3.10/site-packages/airflow/example_dags/example_time_delta_sensor_async.py took 0.063 seconds
[2025-08-14T09:56:13.439+0000] {processor.py:157} INFO - Started process (PID=10742) to work on /home/vscode/.local/lib/python3.10/site-packages/airflow/example_dags/example_time_delta_sensor_async.py
[2025-08-14T09:56:13.439+0000] {processor.py:826} INFO - Processing file /home/vscode/.local/lib/python3.10/site-packages/airflow/example_dags/example_time_delta_sensor_async.py for tasks to queue
[2025-08-14T09:56:13.440+0000] {logging_mixin.py:150} INFO - [2025-08-14T09:56:13.440+0000] {dagbag.py:541} INFO - Filling up the DagBag from /home/vscode/.local/lib/python3.10/site-packages/airflow/example_dags/example_time_delta_sensor_async.py
[2025-08-14T09:56:13.443+0000] {processor.py:836} INFO - DAG(s) dict_keys(['example_time_delta_sensor_async']) retrieved from /home/vscode/.local/lib/python3.10/site-packages/airflow/example_dags/example_time_delta_sensor_async.py
[2025-08-14T09:56:13.456+0000] {logging_mixin.py:150} INFO - [2025-08-14T09:56:13.456+0000] {dag.py:2742} INFO - Sync 1 DAGs
[2025-08-14T09:56:13.474+0000] {logging_mixin.py:150} INFO - [2025-08-14T09:56:13.474+0000] {dag.py:3504} INFO - Setting next_dagrun for example_time_delta_sensor_async to None, run_after=None
[2025-08-14T09:56:13.490+0000] {processor.py:179} INFO - Processing /home/vscode/.local/lib/python3.10/site-packages/airflow/example_dags/example_time_delta_sensor_async.py took 0.054 seconds
[2025-08-14T09:56:57.719+0000] {processor.py:157} INFO - Started process (PID=11099) to work on /home/vscode/.local/lib/python3.10/site-packages/airflow/example_dags/example_time_delta_sensor_async.py
[2025-08-14T09:56:57.719+0000] {processor.py:826} INFO - Processing file /home/vscode/.local/lib/python3.10/site-packages/airflow/example_dags/example_time_delta_sensor_async.py for tasks to queue
[2025-08-14T09:56:57.720+0000] {logging_mixin.py:150} INFO - [2025-08-14T09:56:57.720+0000] {dagbag.py:541} INFO - Filling up the DagBag from /home/vscode/.local/lib/python3.10/site-packages/airflow/example_dags/example_time_delta_sensor_async.py
[2025-08-14T09:56:57.723+0000] {processor.py:836} INFO - DAG(s) dict_keys(['example_time_delta_sensor_async']) retrieved from /home/vscode/.local/lib/python3.10/site-packages/airflow/example_dags/example_time_delta_sensor_async.py
[2025-08-14T09:56:57.734+0000] {logging_mixin.py:150} INFO - [2025-08-14T09:56:57.734+0000] {dag.py:2742} INFO - Sync 1 DAGs
[2025-08-14T09:56:57.748+0000] {logging_mixin.py:150} INFO - [2025-08-14T09:56:57.748+0000] {dag.py:3504} INFO - Setting next_dagrun for example_time_delta_sensor_async to None, run_after=None
[2025-08-14T09:56:57.763+0000] {processor.py:179} INFO - Processing /home/vscode/.local/lib/python3.10/site-packages/airflow/example_dags/example_time_delta_sensor_async.py took 0.046 seconds
[2025-08-14T09:57:46.466+0000] {processor.py:157} INFO - Started process (PID=11504) to work on /home/vscode/.local/lib/python3.10/site-packages/airflow/example_dags/example_time_delta_sensor_async.py
[2025-08-14T09:57:46.466+0000] {processor.py:826} INFO - Processing file /home/vscode/.local/lib/python3.10/site-packages/airflow/example_dags/example_time_delta_sensor_async.py for tasks to queue
[2025-08-14T09:57:46.467+0000] {logging_mixin.py:150} INFO - [2025-08-14T09:57:46.467+0000] {dagbag.py:541} INFO - Filling up the DagBag from /home/vscode/.local/lib/python3.10/site-packages/airflow/example_dags/example_time_delta_sensor_async.py
[2025-08-14T09:57:46.470+0000] {processor.py:836} INFO - DAG(s) dict_keys(['example_time_delta_sensor_async']) retrieved from /home/vscode/.local/lib/python3.10/site-packages/airflow/example_dags/example_time_delta_sensor_async.py
[2025-08-14T09:57:46.481+0000] {logging_mixin.py:150} INFO - [2025-08-14T09:57:46.481+0000] {dag.py:2742} INFO - Sync 1 DAGs
[2025-08-14T09:57:46.495+0000] {logging_mixin.py:150} INFO - [2025-08-14T09:57:46.495+0000] {dag.py:3504} INFO - Setting next_dagrun for example_time_delta_sensor_async to None, run_after=None
[2025-08-14T09:57:46.511+0000] {processor.py:179} INFO - Processing /home/vscode/.local/lib/python3.10/site-packages/airflow/example_dags/example_time_delta_sensor_async.py took 0.048 seconds
[2025-08-14T09:58:33.430+0000] {processor.py:157} INFO - Started process (PID=11824) to work on /home/vscode/.local/lib/python3.10/site-packages/airflow/example_dags/example_time_delta_sensor_async.py
[2025-08-14T09:58:33.431+0000] {processor.py:826} INFO - Processing file /home/vscode/.local/lib/python3.10/site-packages/airflow/example_dags/example_time_delta_sensor_async.py for tasks to queue
[2025-08-14T09:58:33.432+0000] {logging_mixin.py:150} INFO - [2025-08-14T09:58:33.431+0000] {dagbag.py:541} INFO - Filling up the DagBag from /home/vscode/.local/lib/python3.10/site-packages/airflow/example_dags/example_time_delta_sensor_async.py
[2025-08-14T09:58:33.435+0000] {processor.py:836} INFO - DAG(s) dict_keys(['example_time_delta_sensor_async']) retrieved from /home/vscode/.local/lib/python3.10/site-packages/airflow/example_dags/example_time_delta_sensor_async.py
[2025-08-14T09:58:33.447+0000] {logging_mixin.py:150} INFO - [2025-08-14T09:58:33.447+0000] {dag.py:2742} INFO - Sync 1 DAGs
[2025-08-14T09:58:33.461+0000] {logging_mixin.py:150} INFO - [2025-08-14T09:58:33.461+0000] {dag.py:3504} INFO - Setting next_dagrun for example_time_delta_sensor_async to None, run_after=None
[2025-08-14T09:58:33.477+0000] {processor.py:179} INFO - Processing /home/vscode/.local/lib/python3.10/site-packages/airflow/example_dags/example_time_delta_sensor_async.py took 0.049 seconds
[2025-08-14T10:05:50.657+0000] {processor.py:157} INFO - Started process (PID=15069) to work on /home/vscode/.local/lib/python3.10/site-packages/airflow/example_dags/example_time_delta_sensor_async.py
[2025-08-14T10:05:50.658+0000] {processor.py:826} INFO - Processing file /home/vscode/.local/lib/python3.10/site-packages/airflow/example_dags/example_time_delta_sensor_async.py for tasks to queue
[2025-08-14T10:05:50.659+0000] {logging_mixin.py:150} INFO - [2025-08-14T10:05:50.659+0000] {dagbag.py:541} INFO - Filling up the DagBag from /home/vscode/.local/lib/python3.10/site-packages/airflow/example_dags/example_time_delta_sensor_async.py
[2025-08-14T10:05:50.668+0000] {processor.py:836} INFO - DAG(s) dict_keys(['example_time_delta_sensor_async']) retrieved from /home/vscode/.local/lib/python3.10/site-packages/airflow/example_dags/example_time_delta_sensor_async.py
[2025-08-14T10:05:50.694+0000] {logging_mixin.py:150} INFO - [2025-08-14T10:05:50.694+0000] {dag.py:2742} INFO - Sync 1 DAGs
[2025-08-14T10:05:50.716+0000] {logging_mixin.py:150} INFO - [2025-08-14T10:05:50.716+0000] {dag.py:3504} INFO - Setting next_dagrun for example_time_delta_sensor_async to None, run_after=None
[2025-08-14T10:05:50.754+0000] {processor.py:179} INFO - Processing /home/vscode/.local/lib/python3.10/site-packages/airflow/example_dags/example_time_delta_sensor_async.py took 0.100 seconds
[2025-08-14T10:06:35.681+0000] {processor.py:157} INFO - Started process (PID=15368) to work on /home/vscode/.local/lib/python3.10/site-packages/airflow/example_dags/example_time_delta_sensor_async.py
[2025-08-14T10:06:35.682+0000] {processor.py:826} INFO - Processing file /home/vscode/.local/lib/python3.10/site-packages/airflow/example_dags/example_time_delta_sensor_async.py for tasks to queue
[2025-08-14T10:06:35.682+0000] {logging_mixin.py:150} INFO - [2025-08-14T10:06:35.682+0000] {dagbag.py:541} INFO - Filling up the DagBag from /home/vscode/.local/lib/python3.10/site-packages/airflow/example_dags/example_time_delta_sensor_async.py
[2025-08-14T10:06:35.686+0000] {processor.py:836} INFO - DAG(s) dict_keys(['example_time_delta_sensor_async']) retrieved from /home/vscode/.local/lib/python3.10/site-packages/airflow/example_dags/example_time_delta_sensor_async.py
[2025-08-14T10:06:35.697+0000] {logging_mixin.py:150} INFO - [2025-08-14T10:06:35.697+0000] {dag.py:2742} INFO - Sync 1 DAGs
[2025-08-14T10:06:35.711+0000] {logging_mixin.py:150} INFO - [2025-08-14T10:06:35.711+0000] {dag.py:3504} INFO - Setting next_dagrun for example_time_delta_sensor_async to None, run_after=None
[2025-08-14T10:06:35.727+0000] {processor.py:179} INFO - Processing /home/vscode/.local/lib/python3.10/site-packages/airflow/example_dags/example_time_delta_sensor_async.py took 0.048 seconds
[2025-08-14T10:07:20.726+0000] {processor.py:157} INFO - Started process (PID=15669) to work on /home/vscode/.local/lib/python3.10/site-packages/airflow/example_dags/example_time_delta_sensor_async.py
[2025-08-14T10:07:20.727+0000] {processor.py:826} INFO - Processing file /home/vscode/.local/lib/python3.10/site-packages/airflow/example_dags/example_time_delta_sensor_async.py for tasks to queue
[2025-08-14T10:07:20.727+0000] {logging_mixin.py:150} INFO - [2025-08-14T10:07:20.727+0000] {dagbag.py:541} INFO - Filling up the DagBag from /home/vscode/.local/lib/python3.10/site-packages/airflow/example_dags/example_time_delta_sensor_async.py
[2025-08-14T10:07:20.731+0000] {processor.py:836} INFO - DAG(s) dict_keys(['example_time_delta_sensor_async']) retrieved from /home/vscode/.local/lib/python3.10/site-packages/airflow/example_dags/example_time_delta_sensor_async.py
[2025-08-14T10:07:20.742+0000] {logging_mixin.py:150} INFO - [2025-08-14T10:07:20.742+0000] {dag.py:2742} INFO - Sync 1 DAGs
[2025-08-14T10:07:20.755+0000] {logging_mixin.py:150} INFO - [2025-08-14T10:07:20.755+0000] {dag.py:3504} INFO - Setting next_dagrun for example_time_delta_sensor_async to None, run_after=None
[2025-08-14T10:07:20.771+0000] {processor.py:179} INFO - Processing /home/vscode/.local/lib/python3.10/site-packages/airflow/example_dags/example_time_delta_sensor_async.py took 0.046 seconds
[2025-08-14T10:08:07.357+0000] {processor.py:157} INFO - Started process (PID=16056) to work on /home/vscode/.local/lib/python3.10/site-packages/airflow/example_dags/example_time_delta_sensor_async.py
[2025-08-14T10:08:07.358+0000] {processor.py:826} INFO - Processing file /home/vscode/.local/lib/python3.10/site-packages/airflow/example_dags/example_time_delta_sensor_async.py for tasks to queue
[2025-08-14T10:08:07.359+0000] {logging_mixin.py:150} INFO - [2025-08-14T10:08:07.358+0000] {dagbag.py:541} INFO - Filling up the DagBag from /home/vscode/.local/lib/python3.10/site-packages/airflow/example_dags/example_time_delta_sensor_async.py
[2025-08-14T10:08:07.362+0000] {processor.py:836} INFO - DAG(s) dict_keys(['example_time_delta_sensor_async']) retrieved from /home/vscode/.local/lib/python3.10/site-packages/airflow/example_dags/example_time_delta_sensor_async.py
[2025-08-14T10:08:07.374+0000] {logging_mixin.py:150} INFO - [2025-08-14T10:08:07.374+0000] {dag.py:2742} INFO - Sync 1 DAGs
[2025-08-14T10:08:07.389+0000] {logging_mixin.py:150} INFO - [2025-08-14T10:08:07.389+0000] {dag.py:3504} INFO - Setting next_dagrun for example_time_delta_sensor_async to None, run_after=None
[2025-08-14T10:08:07.405+0000] {processor.py:179} INFO - Processing /home/vscode/.local/lib/python3.10/site-packages/airflow/example_dags/example_time_delta_sensor_async.py took 0.049 seconds
[2025-08-14T10:08:54.689+0000] {processor.py:157} INFO - Started process (PID=16478) to work on /home/vscode/.local/lib/python3.10/site-packages/airflow/example_dags/example_time_delta_sensor_async.py
[2025-08-14T10:08:54.690+0000] {processor.py:826} INFO - Processing file /home/vscode/.local/lib/python3.10/site-packages/airflow/example_dags/example_time_delta_sensor_async.py for tasks to queue
[2025-08-14T10:08:54.691+0000] {logging_mixin.py:150} INFO - [2025-08-14T10:08:54.690+0000] {dagbag.py:541} INFO - Filling up the DagBag from /home/vscode/.local/lib/python3.10/site-packages/airflow/example_dags/example_time_delta_sensor_async.py
[2025-08-14T10:08:54.695+0000] {processor.py:836} INFO - DAG(s) dict_keys(['example_time_delta_sensor_async']) retrieved from /home/vscode/.local/lib/python3.10/site-packages/airflow/example_dags/example_time_delta_sensor_async.py
[2025-08-14T10:08:54.704+0000] {logging_mixin.py:150} INFO - [2025-08-14T10:08:54.704+0000] {dag.py:2742} INFO - Sync 1 DAGs
[2025-08-14T10:08:54.728+0000] {logging_mixin.py:150} INFO - [2025-08-14T10:08:54.728+0000] {dag.py:3504} INFO - Setting next_dagrun for example_time_delta_sensor_async to None, run_after=None
[2025-08-14T10:08:54.765+0000] {processor.py:179} INFO - Processing /home/vscode/.local/lib/python3.10/site-packages/airflow/example_dags/example_time_delta_sensor_async.py took 0.079 seconds
[2025-08-14T10:09:44.089+0000] {processor.py:157} INFO - Started process (PID=16864) to work on /home/vscode/.local/lib/python3.10/site-packages/airflow/example_dags/example_time_delta_sensor_async.py
[2025-08-14T10:09:44.090+0000] {processor.py:826} INFO - Processing file /home/vscode/.local/lib/python3.10/site-packages/airflow/example_dags/example_time_delta_sensor_async.py for tasks to queue
[2025-08-14T10:09:44.090+0000] {logging_mixin.py:150} INFO - [2025-08-14T10:09:44.090+0000] {dagbag.py:541} INFO - Filling up the DagBag from /home/vscode/.local/lib/python3.10/site-packages/airflow/example_dags/example_time_delta_sensor_async.py
[2025-08-14T10:09:44.094+0000] {processor.py:836} INFO - DAG(s) dict_keys(['example_time_delta_sensor_async']) retrieved from /home/vscode/.local/lib/python3.10/site-packages/airflow/example_dags/example_time_delta_sensor_async.py
[2025-08-14T10:09:44.105+0000] {logging_mixin.py:150} INFO - [2025-08-14T10:09:44.105+0000] {dag.py:2742} INFO - Sync 1 DAGs
[2025-08-14T10:09:44.119+0000] {logging_mixin.py:150} INFO - [2025-08-14T10:09:44.119+0000] {dag.py:3504} INFO - Setting next_dagrun for example_time_delta_sensor_async to None, run_after=None
[2025-08-14T10:09:44.135+0000] {processor.py:179} INFO - Processing /home/vscode/.local/lib/python3.10/site-packages/airflow/example_dags/example_time_delta_sensor_async.py took 0.048 seconds
[2025-08-14T10:10:28.284+0000] {processor.py:157} INFO - Started process (PID=17188) to work on /home/vscode/.local/lib/python3.10/site-packages/airflow/example_dags/example_time_delta_sensor_async.py
[2025-08-14T10:10:28.285+0000] {processor.py:826} INFO - Processing file /home/vscode/.local/lib/python3.10/site-packages/airflow/example_dags/example_time_delta_sensor_async.py for tasks to queue
[2025-08-14T10:10:28.285+0000] {logging_mixin.py:150} INFO - [2025-08-14T10:10:28.285+0000] {dagbag.py:541} INFO - Filling up the DagBag from /home/vscode/.local/lib/python3.10/site-packages/airflow/example_dags/example_time_delta_sensor_async.py
[2025-08-14T10:10:28.289+0000] {processor.py:836} INFO - DAG(s) dict_keys(['example_time_delta_sensor_async']) retrieved from /home/vscode/.local/lib/python3.10/site-packages/airflow/example_dags/example_time_delta_sensor_async.py
[2025-08-14T10:10:28.300+0000] {logging_mixin.py:150} INFO - [2025-08-14T10:10:28.300+0000] {dag.py:2742} INFO - Sync 1 DAGs
[2025-08-14T10:10:28.314+0000] {logging_mixin.py:150} INFO - [2025-08-14T10:10:28.314+0000] {dag.py:3504} INFO - Setting next_dagrun for example_time_delta_sensor_async to None, run_after=None
[2025-08-14T10:10:28.329+0000] {processor.py:179} INFO - Processing /home/vscode/.local/lib/python3.10/site-packages/airflow/example_dags/example_time_delta_sensor_async.py took 0.047 seconds
[2025-08-14T10:11:17.755+0000] {processor.py:157} INFO - Started process (PID=17556) to work on /home/vscode/.local/lib/python3.10/site-packages/airflow/example_dags/example_time_delta_sensor_async.py
[2025-08-14T10:11:17.755+0000] {processor.py:826} INFO - Processing file /home/vscode/.local/lib/python3.10/site-packages/airflow/example_dags/example_time_delta_sensor_async.py for tasks to queue
[2025-08-14T10:11:17.756+0000] {logging_mixin.py:150} INFO - [2025-08-14T10:11:17.756+0000] {dagbag.py:541} INFO - Filling up the DagBag from /home/vscode/.local/lib/python3.10/site-packages/airflow/example_dags/example_time_delta_sensor_async.py
[2025-08-14T10:11:17.759+0000] {processor.py:836} INFO - DAG(s) dict_keys(['example_time_delta_sensor_async']) retrieved from /home/vscode/.local/lib/python3.10/site-packages/airflow/example_dags/example_time_delta_sensor_async.py
[2025-08-14T10:11:17.771+0000] {logging_mixin.py:150} INFO - [2025-08-14T10:11:17.771+0000] {dag.py:2742} INFO - Sync 1 DAGs
[2025-08-14T10:11:17.785+0000] {logging_mixin.py:150} INFO - [2025-08-14T10:11:17.785+0000] {dag.py:3504} INFO - Setting next_dagrun for example_time_delta_sensor_async to None, run_after=None
[2025-08-14T10:11:17.800+0000] {processor.py:179} INFO - Processing /home/vscode/.local/lib/python3.10/site-packages/airflow/example_dags/example_time_delta_sensor_async.py took 0.047 seconds
[2025-08-14T10:12:02.246+0000] {processor.py:157} INFO - Started process (PID=17892) to work on /home/vscode/.local/lib/python3.10/site-packages/airflow/example_dags/example_time_delta_sensor_async.py
[2025-08-14T10:12:02.246+0000] {processor.py:826} INFO - Processing file /home/vscode/.local/lib/python3.10/site-packages/airflow/example_dags/example_time_delta_sensor_async.py for tasks to queue
[2025-08-14T10:12:02.247+0000] {logging_mixin.py:150} INFO - [2025-08-14T10:12:02.246+0000] {dagbag.py:541} INFO - Filling up the DagBag from /home/vscode/.local/lib/python3.10/site-packages/airflow/example_dags/example_time_delta_sensor_async.py
[2025-08-14T10:12:02.250+0000] {processor.py:836} INFO - DAG(s) dict_keys(['example_time_delta_sensor_async']) retrieved from /home/vscode/.local/lib/python3.10/site-packages/airflow/example_dags/example_time_delta_sensor_async.py
[2025-08-14T10:12:02.261+0000] {logging_mixin.py:150} INFO - [2025-08-14T10:12:02.261+0000] {dag.py:2742} INFO - Sync 1 DAGs
[2025-08-14T10:12:02.275+0000] {logging_mixin.py:150} INFO - [2025-08-14T10:12:02.275+0000] {dag.py:3504} INFO - Setting next_dagrun for example_time_delta_sensor_async to None, run_after=None
[2025-08-14T10:12:02.290+0000] {processor.py:179} INFO - Processing /home/vscode/.local/lib/python3.10/site-packages/airflow/example_dags/example_time_delta_sensor_async.py took 0.046 seconds
[2025-08-14T10:12:45.615+0000] {processor.py:157} INFO - Started process (PID=18212) to work on /home/vscode/.local/lib/python3.10/site-packages/airflow/example_dags/example_time_delta_sensor_async.py
[2025-08-14T10:12:45.615+0000] {processor.py:826} INFO - Processing file /home/vscode/.local/lib/python3.10/site-packages/airflow/example_dags/example_time_delta_sensor_async.py for tasks to queue
[2025-08-14T10:12:45.616+0000] {logging_mixin.py:150} INFO - [2025-08-14T10:12:45.616+0000] {dagbag.py:541} INFO - Filling up the DagBag from /home/vscode/.local/lib/python3.10/site-packages/airflow/example_dags/example_time_delta_sensor_async.py
[2025-08-14T10:12:45.619+0000] {processor.py:836} INFO - DAG(s) dict_keys(['example_time_delta_sensor_async']) retrieved from /home/vscode/.local/lib/python3.10/site-packages/airflow/example_dags/example_time_delta_sensor_async.py
[2025-08-14T10:12:45.630+0000] {logging_mixin.py:150} INFO - [2025-08-14T10:12:45.630+0000] {dag.py:2742} INFO - Sync 1 DAGs
[2025-08-14T10:12:45.644+0000] {logging_mixin.py:150} INFO - [2025-08-14T10:12:45.644+0000] {dag.py:3504} INFO - Setting next_dagrun for example_time_delta_sensor_async to None, run_after=None
[2025-08-14T10:12:45.658+0000] {processor.py:179} INFO - Processing /home/vscode/.local/lib/python3.10/site-packages/airflow/example_dags/example_time_delta_sensor_async.py took 0.046 seconds
[2025-08-14T10:13:21.573+0000] {processor.py:157} INFO - Started process (PID=18478) to work on /home/vscode/.local/lib/python3.10/site-packages/airflow/example_dags/example_time_delta_sensor_async.py
[2025-08-14T10:13:21.573+0000] {processor.py:826} INFO - Processing file /home/vscode/.local/lib/python3.10/site-packages/airflow/example_dags/example_time_delta_sensor_async.py for tasks to queue
[2025-08-14T10:13:21.574+0000] {logging_mixin.py:150} INFO - [2025-08-14T10:13:21.574+0000] {dagbag.py:541} INFO - Filling up the DagBag from /home/vscode/.local/lib/python3.10/site-packages/airflow/example_dags/example_time_delta_sensor_async.py
[2025-08-14T10:13:21.578+0000] {processor.py:836} INFO - DAG(s) dict_keys(['example_time_delta_sensor_async']) retrieved from /home/vscode/.local/lib/python3.10/site-packages/airflow/example_dags/example_time_delta_sensor_async.py
[2025-08-14T10:13:21.590+0000] {logging_mixin.py:150} INFO - [2025-08-14T10:13:21.590+0000] {dag.py:2742} INFO - Sync 1 DAGs
[2025-08-14T10:13:21.605+0000] {logging_mixin.py:150} INFO - [2025-08-14T10:13:21.605+0000] {dag.py:3504} INFO - Setting next_dagrun for example_time_delta_sensor_async to None, run_after=None
[2025-08-14T10:13:21.620+0000] {processor.py:179} INFO - Processing /home/vscode/.local/lib/python3.10/site-packages/airflow/example_dags/example_time_delta_sensor_async.py took 0.049 seconds
[2025-08-14T10:13:55.030+0000] {processor.py:157} INFO - Started process (PID=18732) to work on /home/vscode/.local/lib/python3.10/site-packages/airflow/example_dags/example_time_delta_sensor_async.py
[2025-08-14T10:13:55.031+0000] {processor.py:826} INFO - Processing file /home/vscode/.local/lib/python3.10/site-packages/airflow/example_dags/example_time_delta_sensor_async.py for tasks to queue
[2025-08-14T10:13:55.031+0000] {logging_mixin.py:150} INFO - [2025-08-14T10:13:55.031+0000] {dagbag.py:541} INFO - Filling up the DagBag from /home/vscode/.local/lib/python3.10/site-packages/airflow/example_dags/example_time_delta_sensor_async.py
[2025-08-14T10:13:55.034+0000] {processor.py:836} INFO - DAG(s) dict_keys(['example_time_delta_sensor_async']) retrieved from /home/vscode/.local/lib/python3.10/site-packages/airflow/example_dags/example_time_delta_sensor_async.py
[2025-08-14T10:13:55.046+0000] {logging_mixin.py:150} INFO - [2025-08-14T10:13:55.046+0000] {dag.py:2742} INFO - Sync 1 DAGs
[2025-08-14T10:13:55.059+0000] {logging_mixin.py:150} INFO - [2025-08-14T10:13:55.059+0000] {dag.py:3504} INFO - Setting next_dagrun for example_time_delta_sensor_async to None, run_after=None
[2025-08-14T10:13:55.075+0000] {processor.py:179} INFO - Processing /home/vscode/.local/lib/python3.10/site-packages/airflow/example_dags/example_time_delta_sensor_async.py took 0.047 seconds
[2025-08-14T10:14:38.126+0000] {processor.py:157} INFO - Started process (PID=19053) to work on /home/vscode/.local/lib/python3.10/site-packages/airflow/example_dags/example_time_delta_sensor_async.py
[2025-08-14T10:14:38.126+0000] {processor.py:826} INFO - Processing file /home/vscode/.local/lib/python3.10/site-packages/airflow/example_dags/example_time_delta_sensor_async.py for tasks to queue
[2025-08-14T10:14:38.127+0000] {logging_mixin.py:150} INFO - [2025-08-14T10:14:38.127+0000] {dagbag.py:541} INFO - Filling up the DagBag from /home/vscode/.local/lib/python3.10/site-packages/airflow/example_dags/example_time_delta_sensor_async.py
[2025-08-14T10:14:38.130+0000] {processor.py:836} INFO - DAG(s) dict_keys(['example_time_delta_sensor_async']) retrieved from /home/vscode/.local/lib/python3.10/site-packages/airflow/example_dags/example_time_delta_sensor_async.py
[2025-08-14T10:14:38.144+0000] {logging_mixin.py:150} INFO - [2025-08-14T10:14:38.144+0000] {dag.py:2742} INFO - Sync 1 DAGs
[2025-08-14T10:14:38.161+0000] {logging_mixin.py:150} INFO - [2025-08-14T10:14:38.161+0000] {dag.py:3504} INFO - Setting next_dagrun for example_time_delta_sensor_async to None, run_after=None
[2025-08-14T10:14:38.179+0000] {processor.py:179} INFO - Processing /home/vscode/.local/lib/python3.10/site-packages/airflow/example_dags/example_time_delta_sensor_async.py took 0.055 seconds
[2025-08-14T10:15:21.237+0000] {processor.py:157} INFO - Started process (PID=19372) to work on /home/vscode/.local/lib/python3.10/site-packages/airflow/example_dags/example_time_delta_sensor_async.py
[2025-08-14T10:15:21.237+0000] {processor.py:826} INFO - Processing file /home/vscode/.local/lib/python3.10/site-packages/airflow/example_dags/example_time_delta_sensor_async.py for tasks to queue
[2025-08-14T10:15:21.238+0000] {logging_mixin.py:150} INFO - [2025-08-14T10:15:21.238+0000] {dagbag.py:541} INFO - Filling up the DagBag from /home/vscode/.local/lib/python3.10/site-packages/airflow/example_dags/example_time_delta_sensor_async.py
[2025-08-14T10:15:21.242+0000] {processor.py:836} INFO - DAG(s) dict_keys(['example_time_delta_sensor_async']) retrieved from /home/vscode/.local/lib/python3.10/site-packages/airflow/example_dags/example_time_delta_sensor_async.py
[2025-08-14T10:15:21.253+0000] {logging_mixin.py:150} INFO - [2025-08-14T10:15:21.253+0000] {dag.py:2742} INFO - Sync 1 DAGs
[2025-08-14T10:15:21.266+0000] {logging_mixin.py:150} INFO - [2025-08-14T10:15:21.266+0000] {dag.py:3504} INFO - Setting next_dagrun for example_time_delta_sensor_async to None, run_after=None
[2025-08-14T10:15:21.282+0000] {processor.py:179} INFO - Processing /home/vscode/.local/lib/python3.10/site-packages/airflow/example_dags/example_time_delta_sensor_async.py took 0.047 seconds
[2025-08-14T10:16:01.340+0000] {processor.py:157} INFO - Started process (PID=19671) to work on /home/vscode/.local/lib/python3.10/site-packages/airflow/example_dags/example_time_delta_sensor_async.py
[2025-08-14T10:16:01.340+0000] {processor.py:826} INFO - Processing file /home/vscode/.local/lib/python3.10/site-packages/airflow/example_dags/example_time_delta_sensor_async.py for tasks to queue
[2025-08-14T10:16:01.341+0000] {logging_mixin.py:150} INFO - [2025-08-14T10:16:01.341+0000] {dagbag.py:541} INFO - Filling up the DagBag from /home/vscode/.local/lib/python3.10/site-packages/airflow/example_dags/example_time_delta_sensor_async.py
[2025-08-14T10:16:01.345+0000] {processor.py:836} INFO - DAG(s) dict_keys(['example_time_delta_sensor_async']) retrieved from /home/vscode/.local/lib/python3.10/site-packages/airflow/example_dags/example_time_delta_sensor_async.py
[2025-08-14T10:16:01.356+0000] {logging_mixin.py:150} INFO - [2025-08-14T10:16:01.355+0000] {dag.py:2742} INFO - Sync 1 DAGs
[2025-08-14T10:16:01.369+0000] {logging_mixin.py:150} INFO - [2025-08-14T10:16:01.369+0000] {dag.py:3504} INFO - Setting next_dagrun for example_time_delta_sensor_async to None, run_after=None
[2025-08-14T10:16:01.385+0000] {processor.py:179} INFO - Processing /home/vscode/.local/lib/python3.10/site-packages/airflow/example_dags/example_time_delta_sensor_async.py took 0.047 seconds
[2025-08-14T10:16:39.446+0000] {processor.py:157} INFO - Started process (PID=19954) to work on /home/vscode/.local/lib/python3.10/site-packages/airflow/example_dags/example_time_delta_sensor_async.py
[2025-08-14T10:16:39.447+0000] {processor.py:826} INFO - Processing file /home/vscode/.local/lib/python3.10/site-packages/airflow/example_dags/example_time_delta_sensor_async.py for tasks to queue
[2025-08-14T10:16:39.447+0000] {logging_mixin.py:150} INFO - [2025-08-14T10:16:39.447+0000] {dagbag.py:541} INFO - Filling up the DagBag from /home/vscode/.local/lib/python3.10/site-packages/airflow/example_dags/example_time_delta_sensor_async.py
[2025-08-14T10:16:39.451+0000] {processor.py:836} INFO - DAG(s) dict_keys(['example_time_delta_sensor_async']) retrieved from /home/vscode/.local/lib/python3.10/site-packages/airflow/example_dags/example_time_delta_sensor_async.py
[2025-08-14T10:16:39.462+0000] {logging_mixin.py:150} INFO - [2025-08-14T10:16:39.462+0000] {dag.py:2742} INFO - Sync 1 DAGs
[2025-08-14T10:16:39.476+0000] {logging_mixin.py:150} INFO - [2025-08-14T10:16:39.476+0000] {dag.py:3504} INFO - Setting next_dagrun for example_time_delta_sensor_async to None, run_after=None
[2025-08-14T10:16:39.491+0000] {processor.py:179} INFO - Processing /home/vscode/.local/lib/python3.10/site-packages/airflow/example_dags/example_time_delta_sensor_async.py took 0.047 seconds
[2025-08-14T10:17:29.073+0000] {processor.py:157} INFO - Started process (PID=20328) to work on /home/vscode/.local/lib/python3.10/site-packages/airflow/example_dags/example_time_delta_sensor_async.py
[2025-08-14T10:17:29.073+0000] {processor.py:826} INFO - Processing file /home/vscode/.local/lib/python3.10/site-packages/airflow/example_dags/example_time_delta_sensor_async.py for tasks to queue
[2025-08-14T10:17:29.074+0000] {logging_mixin.py:150} INFO - [2025-08-14T10:17:29.074+0000] {dagbag.py:541} INFO - Filling up the DagBag from /home/vscode/.local/lib/python3.10/site-packages/airflow/example_dags/example_time_delta_sensor_async.py
[2025-08-14T10:17:29.077+0000] {processor.py:836} INFO - DAG(s) dict_keys(['example_time_delta_sensor_async']) retrieved from /home/vscode/.local/lib/python3.10/site-packages/airflow/example_dags/example_time_delta_sensor_async.py
[2025-08-14T10:17:29.089+0000] {logging_mixin.py:150} INFO - [2025-08-14T10:17:29.089+0000] {dag.py:2742} INFO - Sync 1 DAGs
[2025-08-14T10:17:29.104+0000] {logging_mixin.py:150} INFO - [2025-08-14T10:17:29.104+0000] {dag.py:3504} INFO - Setting next_dagrun for example_time_delta_sensor_async to None, run_after=None
[2025-08-14T10:17:29.121+0000] {processor.py:179} INFO - Processing /home/vscode/.local/lib/python3.10/site-packages/airflow/example_dags/example_time_delta_sensor_async.py took 0.050 seconds
[2025-08-14T10:18:14.306+0000] {processor.py:157} INFO - Started process (PID=20641) to work on /home/vscode/.local/lib/python3.10/site-packages/airflow/example_dags/example_time_delta_sensor_async.py
[2025-08-14T10:18:14.306+0000] {processor.py:826} INFO - Processing file /home/vscode/.local/lib/python3.10/site-packages/airflow/example_dags/example_time_delta_sensor_async.py for tasks to queue
[2025-08-14T10:18:14.307+0000] {logging_mixin.py:150} INFO - [2025-08-14T10:18:14.307+0000] {dagbag.py:541} INFO - Filling up the DagBag from /home/vscode/.local/lib/python3.10/site-packages/airflow/example_dags/example_time_delta_sensor_async.py
[2025-08-14T10:18:14.310+0000] {processor.py:836} INFO - DAG(s) dict_keys(['example_time_delta_sensor_async']) retrieved from /home/vscode/.local/lib/python3.10/site-packages/airflow/example_dags/example_time_delta_sensor_async.py
[2025-08-14T10:18:14.322+0000] {logging_mixin.py:150} INFO - [2025-08-14T10:18:14.321+0000] {dag.py:2742} INFO - Sync 1 DAGs
[2025-08-14T10:18:14.335+0000] {logging_mixin.py:150} INFO - [2025-08-14T10:18:14.335+0000] {dag.py:3504} INFO - Setting next_dagrun for example_time_delta_sensor_async to None, run_after=None
[2025-08-14T10:18:14.350+0000] {processor.py:179} INFO - Processing /home/vscode/.local/lib/python3.10/site-packages/airflow/example_dags/example_time_delta_sensor_async.py took 0.047 seconds
[2025-08-14T10:19:02.328+0000] {processor.py:157} INFO - Started process (PID=20953) to work on /home/vscode/.local/lib/python3.10/site-packages/airflow/example_dags/example_time_delta_sensor_async.py
[2025-08-14T10:19:02.329+0000] {processor.py:826} INFO - Processing file /home/vscode/.local/lib/python3.10/site-packages/airflow/example_dags/example_time_delta_sensor_async.py for tasks to queue
[2025-08-14T10:19:02.329+0000] {logging_mixin.py:150} INFO - [2025-08-14T10:19:02.329+0000] {dagbag.py:541} INFO - Filling up the DagBag from /home/vscode/.local/lib/python3.10/site-packages/airflow/example_dags/example_time_delta_sensor_async.py
[2025-08-14T10:19:02.333+0000] {processor.py:836} INFO - DAG(s) dict_keys(['example_time_delta_sensor_async']) retrieved from /home/vscode/.local/lib/python3.10/site-packages/airflow/example_dags/example_time_delta_sensor_async.py
[2025-08-14T10:19:02.345+0000] {logging_mixin.py:150} INFO - [2025-08-14T10:19:02.345+0000] {dag.py:2742} INFO - Sync 1 DAGs
[2025-08-14T10:19:02.359+0000] {logging_mixin.py:150} INFO - [2025-08-14T10:19:02.359+0000] {dag.py:3504} INFO - Setting next_dagrun for example_time_delta_sensor_async to None, run_after=None
[2025-08-14T10:19:02.375+0000] {processor.py:179} INFO - Processing /home/vscode/.local/lib/python3.10/site-packages/airflow/example_dags/example_time_delta_sensor_async.py took 0.049 seconds
[2025-08-14T10:19:35.423+0000] {processor.py:157} INFO - Started process (PID=21185) to work on /home/vscode/.local/lib/python3.10/site-packages/airflow/example_dags/example_time_delta_sensor_async.py
[2025-08-14T10:19:35.424+0000] {processor.py:826} INFO - Processing file /home/vscode/.local/lib/python3.10/site-packages/airflow/example_dags/example_time_delta_sensor_async.py for tasks to queue
[2025-08-14T10:19:35.424+0000] {logging_mixin.py:150} INFO - [2025-08-14T10:19:35.424+0000] {dagbag.py:541} INFO - Filling up the DagBag from /home/vscode/.local/lib/python3.10/site-packages/airflow/example_dags/example_time_delta_sensor_async.py
[2025-08-14T10:19:35.427+0000] {processor.py:836} INFO - DAG(s) dict_keys(['example_time_delta_sensor_async']) retrieved from /home/vscode/.local/lib/python3.10/site-packages/airflow/example_dags/example_time_delta_sensor_async.py
[2025-08-14T10:19:35.440+0000] {logging_mixin.py:150} INFO - [2025-08-14T10:19:35.439+0000] {dag.py:2742} INFO - Sync 1 DAGs
[2025-08-14T10:19:35.454+0000] {logging_mixin.py:150} INFO - [2025-08-14T10:19:35.454+0000] {dag.py:3504} INFO - Setting next_dagrun for example_time_delta_sensor_async to None, run_after=None
[2025-08-14T10:19:35.470+0000] {processor.py:179} INFO - Processing /home/vscode/.local/lib/python3.10/site-packages/airflow/example_dags/example_time_delta_sensor_async.py took 0.049 seconds
[2025-08-14T10:20:20.493+0000] {processor.py:157} INFO - Started process (PID=21532) to work on /home/vscode/.local/lib/python3.10/site-packages/airflow/example_dags/example_time_delta_sensor_async.py
[2025-08-14T10:20:20.493+0000] {processor.py:826} INFO - Processing file /home/vscode/.local/lib/python3.10/site-packages/airflow/example_dags/example_time_delta_sensor_async.py for tasks to queue
[2025-08-14T10:20:20.494+0000] {logging_mixin.py:150} INFO - [2025-08-14T10:20:20.494+0000] {dagbag.py:541} INFO - Filling up the DagBag from /home/vscode/.local/lib/python3.10/site-packages/airflow/example_dags/example_time_delta_sensor_async.py
[2025-08-14T10:20:20.497+0000] {processor.py:836} INFO - DAG(s) dict_keys(['example_time_delta_sensor_async']) retrieved from /home/vscode/.local/lib/python3.10/site-packages/airflow/example_dags/example_time_delta_sensor_async.py
[2025-08-14T10:20:20.509+0000] {logging_mixin.py:150} INFO - [2025-08-14T10:20:20.509+0000] {dag.py:2742} INFO - Sync 1 DAGs
[2025-08-14T10:20:20.523+0000] {logging_mixin.py:150} INFO - [2025-08-14T10:20:20.523+0000] {dag.py:3504} INFO - Setting next_dagrun for example_time_delta_sensor_async to None, run_after=None
[2025-08-14T10:20:20.538+0000] {processor.py:179} INFO - Processing /home/vscode/.local/lib/python3.10/site-packages/airflow/example_dags/example_time_delta_sensor_async.py took 0.048 seconds
[2025-08-14T10:21:07.996+0000] {processor.py:157} INFO - Started process (PID=21850) to work on /home/vscode/.local/lib/python3.10/site-packages/airflow/example_dags/example_time_delta_sensor_async.py
[2025-08-14T10:21:07.996+0000] {processor.py:826} INFO - Processing file /home/vscode/.local/lib/python3.10/site-packages/airflow/example_dags/example_time_delta_sensor_async.py for tasks to queue
[2025-08-14T10:21:07.997+0000] {logging_mixin.py:150} INFO - [2025-08-14T10:21:07.997+0000] {dagbag.py:541} INFO - Filling up the DagBag from /home/vscode/.local/lib/python3.10/site-packages/airflow/example_dags/example_time_delta_sensor_async.py
[2025-08-14T10:21:08.000+0000] {processor.py:836} INFO - DAG(s) dict_keys(['example_time_delta_sensor_async']) retrieved from /home/vscode/.local/lib/python3.10/site-packages/airflow/example_dags/example_time_delta_sensor_async.py
[2025-08-14T10:21:08.012+0000] {logging_mixin.py:150} INFO - [2025-08-14T10:21:08.012+0000] {dag.py:2742} INFO - Sync 1 DAGs
[2025-08-14T10:21:08.025+0000] {logging_mixin.py:150} INFO - [2025-08-14T10:21:08.025+0000] {dag.py:3504} INFO - Setting next_dagrun for example_time_delta_sensor_async to None, run_after=None
[2025-08-14T10:21:08.040+0000] {processor.py:179} INFO - Processing /home/vscode/.local/lib/python3.10/site-packages/airflow/example_dags/example_time_delta_sensor_async.py took 0.047 seconds
[2025-08-14T10:21:56.786+0000] {processor.py:157} INFO - Started process (PID=22178) to work on /home/vscode/.local/lib/python3.10/site-packages/airflow/example_dags/example_time_delta_sensor_async.py
[2025-08-14T10:21:56.786+0000] {processor.py:826} INFO - Processing file /home/vscode/.local/lib/python3.10/site-packages/airflow/example_dags/example_time_delta_sensor_async.py for tasks to queue
[2025-08-14T10:21:56.787+0000] {logging_mixin.py:150} INFO - [2025-08-14T10:21:56.787+0000] {dagbag.py:541} INFO - Filling up the DagBag from /home/vscode/.local/lib/python3.10/site-packages/airflow/example_dags/example_time_delta_sensor_async.py
[2025-08-14T10:21:56.790+0000] {processor.py:836} INFO - DAG(s) dict_keys(['example_time_delta_sensor_async']) retrieved from /home/vscode/.local/lib/python3.10/site-packages/airflow/example_dags/example_time_delta_sensor_async.py
[2025-08-14T10:21:56.802+0000] {logging_mixin.py:150} INFO - [2025-08-14T10:21:56.802+0000] {dag.py:2742} INFO - Sync 1 DAGs
[2025-08-14T10:21:56.816+0000] {logging_mixin.py:150} INFO - [2025-08-14T10:21:56.816+0000] {dag.py:3504} INFO - Setting next_dagrun for example_time_delta_sensor_async to None, run_after=None
[2025-08-14T10:21:56.831+0000] {processor.py:179} INFO - Processing /home/vscode/.local/lib/python3.10/site-packages/airflow/example_dags/example_time_delta_sensor_async.py took 0.047 seconds
[2025-08-14T10:22:43.383+0000] {processor.py:157} INFO - Started process (PID=22482) to work on /home/vscode/.local/lib/python3.10/site-packages/airflow/example_dags/example_time_delta_sensor_async.py
[2025-08-14T10:22:43.384+0000] {processor.py:826} INFO - Processing file /home/vscode/.local/lib/python3.10/site-packages/airflow/example_dags/example_time_delta_sensor_async.py for tasks to queue
[2025-08-14T10:22:43.384+0000] {logging_mixin.py:150} INFO - [2025-08-14T10:22:43.384+0000] {dagbag.py:541} INFO - Filling up the DagBag from /home/vscode/.local/lib/python3.10/site-packages/airflow/example_dags/example_time_delta_sensor_async.py
[2025-08-14T10:22:43.388+0000] {processor.py:836} INFO - DAG(s) dict_keys(['example_time_delta_sensor_async']) retrieved from /home/vscode/.local/lib/python3.10/site-packages/airflow/example_dags/example_time_delta_sensor_async.py
[2025-08-14T10:22:43.400+0000] {logging_mixin.py:150} INFO - [2025-08-14T10:22:43.400+0000] {dag.py:2742} INFO - Sync 1 DAGs
[2025-08-14T10:22:43.414+0000] {logging_mixin.py:150} INFO - [2025-08-14T10:22:43.413+0000] {dag.py:3504} INFO - Setting next_dagrun for example_time_delta_sensor_async to None, run_after=None
[2025-08-14T10:22:43.429+0000] {processor.py:179} INFO - Processing /home/vscode/.local/lib/python3.10/site-packages/airflow/example_dags/example_time_delta_sensor_async.py took 0.048 seconds
[2025-08-14T10:23:26.822+0000] {processor.py:157} INFO - Started process (PID=22775) to work on /home/vscode/.local/lib/python3.10/site-packages/airflow/example_dags/example_time_delta_sensor_async.py
[2025-08-14T10:23:26.823+0000] {processor.py:826} INFO - Processing file /home/vscode/.local/lib/python3.10/site-packages/airflow/example_dags/example_time_delta_sensor_async.py for tasks to queue
[2025-08-14T10:23:26.824+0000] {logging_mixin.py:150} INFO - [2025-08-14T10:23:26.823+0000] {dagbag.py:541} INFO - Filling up the DagBag from /home/vscode/.local/lib/python3.10/site-packages/airflow/example_dags/example_time_delta_sensor_async.py
[2025-08-14T10:23:26.827+0000] {processor.py:836} INFO - DAG(s) dict_keys(['example_time_delta_sensor_async']) retrieved from /home/vscode/.local/lib/python3.10/site-packages/airflow/example_dags/example_time_delta_sensor_async.py
[2025-08-14T10:23:26.839+0000] {logging_mixin.py:150} INFO - [2025-08-14T10:23:26.839+0000] {dag.py:2742} INFO - Sync 1 DAGs
[2025-08-14T10:23:26.853+0000] {logging_mixin.py:150} INFO - [2025-08-14T10:23:26.853+0000] {dag.py:3504} INFO - Setting next_dagrun for example_time_delta_sensor_async to None, run_after=None
[2025-08-14T10:23:26.869+0000] {processor.py:179} INFO - Processing /home/vscode/.local/lib/python3.10/site-packages/airflow/example_dags/example_time_delta_sensor_async.py took 0.048 seconds
[2025-08-14T10:24:12.885+0000] {processor.py:157} INFO - Started process (PID=23102) to work on /home/vscode/.local/lib/python3.10/site-packages/airflow/example_dags/example_time_delta_sensor_async.py
[2025-08-14T10:24:12.885+0000] {processor.py:826} INFO - Processing file /home/vscode/.local/lib/python3.10/site-packages/airflow/example_dags/example_time_delta_sensor_async.py for tasks to queue
[2025-08-14T10:24:12.886+0000] {logging_mixin.py:150} INFO - [2025-08-14T10:24:12.886+0000] {dagbag.py:541} INFO - Filling up the DagBag from /home/vscode/.local/lib/python3.10/site-packages/airflow/example_dags/example_time_delta_sensor_async.py
[2025-08-14T10:24:12.891+0000] {processor.py:836} INFO - DAG(s) dict_keys(['example_time_delta_sensor_async']) retrieved from /home/vscode/.local/lib/python3.10/site-packages/airflow/example_dags/example_time_delta_sensor_async.py
[2025-08-14T10:24:12.905+0000] {logging_mixin.py:150} INFO - [2025-08-14T10:24:12.905+0000] {dag.py:2742} INFO - Sync 1 DAGs
[2025-08-14T10:24:12.925+0000] {logging_mixin.py:150} INFO - [2025-08-14T10:24:12.925+0000] {dag.py:3504} INFO - Setting next_dagrun for example_time_delta_sensor_async to None, run_after=None
[2025-08-14T10:24:12.944+0000] {processor.py:179} INFO - Processing /home/vscode/.local/lib/python3.10/site-packages/airflow/example_dags/example_time_delta_sensor_async.py took 0.062 seconds
[2025-08-14T10:25:00.295+0000] {processor.py:157} INFO - Started process (PID=23436) to work on /home/vscode/.local/lib/python3.10/site-packages/airflow/example_dags/example_time_delta_sensor_async.py
[2025-08-14T10:25:00.296+0000] {processor.py:826} INFO - Processing file /home/vscode/.local/lib/python3.10/site-packages/airflow/example_dags/example_time_delta_sensor_async.py for tasks to queue
[2025-08-14T10:25:00.297+0000] {logging_mixin.py:150} INFO - [2025-08-14T10:25:00.296+0000] {dagbag.py:541} INFO - Filling up the DagBag from /home/vscode/.local/lib/python3.10/site-packages/airflow/example_dags/example_time_delta_sensor_async.py
[2025-08-14T10:25:00.301+0000] {processor.py:836} INFO - DAG(s) dict_keys(['example_time_delta_sensor_async']) retrieved from /home/vscode/.local/lib/python3.10/site-packages/airflow/example_dags/example_time_delta_sensor_async.py
[2025-08-14T10:25:00.314+0000] {logging_mixin.py:150} INFO - [2025-08-14T10:25:00.314+0000] {dag.py:2742} INFO - Sync 1 DAGs
[2025-08-14T10:25:00.332+0000] {logging_mixin.py:150} INFO - [2025-08-14T10:25:00.332+0000] {dag.py:3504} INFO - Setting next_dagrun for example_time_delta_sensor_async to None, run_after=None
[2025-08-14T10:25:00.374+0000] {processor.py:179} INFO - Processing /home/vscode/.local/lib/python3.10/site-packages/airflow/example_dags/example_time_delta_sensor_async.py took 0.081 seconds
[2025-08-14T10:25:43.489+0000] {processor.py:157} INFO - Started process (PID=23724) to work on /home/vscode/.local/lib/python3.10/site-packages/airflow/example_dags/example_time_delta_sensor_async.py
[2025-08-14T10:25:43.490+0000] {processor.py:826} INFO - Processing file /home/vscode/.local/lib/python3.10/site-packages/airflow/example_dags/example_time_delta_sensor_async.py for tasks to queue
[2025-08-14T10:25:43.490+0000] {logging_mixin.py:150} INFO - [2025-08-14T10:25:43.490+0000] {dagbag.py:541} INFO - Filling up the DagBag from /home/vscode/.local/lib/python3.10/site-packages/airflow/example_dags/example_time_delta_sensor_async.py
[2025-08-14T10:25:43.494+0000] {processor.py:836} INFO - DAG(s) dict_keys(['example_time_delta_sensor_async']) retrieved from /home/vscode/.local/lib/python3.10/site-packages/airflow/example_dags/example_time_delta_sensor_async.py
[2025-08-14T10:25:43.505+0000] {logging_mixin.py:150} INFO - [2025-08-14T10:25:43.505+0000] {dag.py:2742} INFO - Sync 1 DAGs
[2025-08-14T10:25:43.518+0000] {logging_mixin.py:150} INFO - [2025-08-14T10:25:43.518+0000] {dag.py:3504} INFO - Setting next_dagrun for example_time_delta_sensor_async to None, run_after=None
[2025-08-14T10:25:43.533+0000] {processor.py:179} INFO - Processing /home/vscode/.local/lib/python3.10/site-packages/airflow/example_dags/example_time_delta_sensor_async.py took 0.046 seconds
[2025-08-14T10:26:31.603+0000] {processor.py:157} INFO - Started process (PID=24041) to work on /home/vscode/.local/lib/python3.10/site-packages/airflow/example_dags/example_time_delta_sensor_async.py
[2025-08-14T10:26:31.603+0000] {processor.py:826} INFO - Processing file /home/vscode/.local/lib/python3.10/site-packages/airflow/example_dags/example_time_delta_sensor_async.py for tasks to queue
[2025-08-14T10:26:31.604+0000] {logging_mixin.py:150} INFO - [2025-08-14T10:26:31.603+0000] {dagbag.py:541} INFO - Filling up the DagBag from /home/vscode/.local/lib/python3.10/site-packages/airflow/example_dags/example_time_delta_sensor_async.py
[2025-08-14T10:26:31.607+0000] {processor.py:836} INFO - DAG(s) dict_keys(['example_time_delta_sensor_async']) retrieved from /home/vscode/.local/lib/python3.10/site-packages/airflow/example_dags/example_time_delta_sensor_async.py
[2025-08-14T10:26:31.618+0000] {logging_mixin.py:150} INFO - [2025-08-14T10:26:31.618+0000] {dag.py:2742} INFO - Sync 1 DAGs
[2025-08-14T10:26:31.632+0000] {logging_mixin.py:150} INFO - [2025-08-14T10:26:31.632+0000] {dag.py:3504} INFO - Setting next_dagrun for example_time_delta_sensor_async to None, run_after=None
[2025-08-14T10:26:31.648+0000] {processor.py:179} INFO - Processing /home/vscode/.local/lib/python3.10/site-packages/airflow/example_dags/example_time_delta_sensor_async.py took 0.047 seconds
[2025-08-14T10:27:18.567+0000] {processor.py:157} INFO - Started process (PID=24356) to work on /home/vscode/.local/lib/python3.10/site-packages/airflow/example_dags/example_time_delta_sensor_async.py
[2025-08-14T10:27:18.568+0000] {processor.py:826} INFO - Processing file /home/vscode/.local/lib/python3.10/site-packages/airflow/example_dags/example_time_delta_sensor_async.py for tasks to queue
[2025-08-14T10:27:18.569+0000] {logging_mixin.py:150} INFO - [2025-08-14T10:27:18.568+0000] {dagbag.py:541} INFO - Filling up the DagBag from /home/vscode/.local/lib/python3.10/site-packages/airflow/example_dags/example_time_delta_sensor_async.py
[2025-08-14T10:27:18.572+0000] {processor.py:836} INFO - DAG(s) dict_keys(['example_time_delta_sensor_async']) retrieved from /home/vscode/.local/lib/python3.10/site-packages/airflow/example_dags/example_time_delta_sensor_async.py
[2025-08-14T10:27:18.583+0000] {logging_mixin.py:150} INFO - [2025-08-14T10:27:18.583+0000] {dag.py:2742} INFO - Sync 1 DAGs
[2025-08-14T10:27:18.597+0000] {logging_mixin.py:150} INFO - [2025-08-14T10:27:18.597+0000] {dag.py:3504} INFO - Setting next_dagrun for example_time_delta_sensor_async to None, run_after=None
[2025-08-14T10:27:18.612+0000] {processor.py:179} INFO - Processing /home/vscode/.local/lib/python3.10/site-packages/airflow/example_dags/example_time_delta_sensor_async.py took 0.047 seconds
[2025-08-14T10:28:03.056+0000] {processor.py:157} INFO - Started process (PID=24651) to work on /home/vscode/.local/lib/python3.10/site-packages/airflow/example_dags/example_time_delta_sensor_async.py
[2025-08-14T10:28:03.057+0000] {processor.py:826} INFO - Processing file /home/vscode/.local/lib/python3.10/site-packages/airflow/example_dags/example_time_delta_sensor_async.py for tasks to queue
[2025-08-14T10:28:03.058+0000] {logging_mixin.py:150} INFO - [2025-08-14T10:28:03.057+0000] {dagbag.py:541} INFO - Filling up the DagBag from /home/vscode/.local/lib/python3.10/site-packages/airflow/example_dags/example_time_delta_sensor_async.py
[2025-08-14T10:28:03.061+0000] {processor.py:836} INFO - DAG(s) dict_keys(['example_time_delta_sensor_async']) retrieved from /home/vscode/.local/lib/python3.10/site-packages/airflow/example_dags/example_time_delta_sensor_async.py
[2025-08-14T10:28:03.073+0000] {logging_mixin.py:150} INFO - [2025-08-14T10:28:03.072+0000] {dag.py:2742} INFO - Sync 1 DAGs
[2025-08-14T10:28:03.092+0000] {logging_mixin.py:150} INFO - [2025-08-14T10:28:03.092+0000] {dag.py:3504} INFO - Setting next_dagrun for example_time_delta_sensor_async to None, run_after=None
[2025-08-14T10:28:03.107+0000] {processor.py:179} INFO - Processing /home/vscode/.local/lib/python3.10/site-packages/airflow/example_dags/example_time_delta_sensor_async.py took 0.053 seconds
[2025-08-14T10:28:51.989+0000] {processor.py:157} INFO - Started process (PID=24977) to work on /home/vscode/.local/lib/python3.10/site-packages/airflow/example_dags/example_time_delta_sensor_async.py
[2025-08-14T10:28:51.989+0000] {processor.py:826} INFO - Processing file /home/vscode/.local/lib/python3.10/site-packages/airflow/example_dags/example_time_delta_sensor_async.py for tasks to queue
[2025-08-14T10:28:51.990+0000] {logging_mixin.py:150} INFO - [2025-08-14T10:28:51.990+0000] {dagbag.py:541} INFO - Filling up the DagBag from /home/vscode/.local/lib/python3.10/site-packages/airflow/example_dags/example_time_delta_sensor_async.py
[2025-08-14T10:28:51.993+0000] {processor.py:836} INFO - DAG(s) dict_keys(['example_time_delta_sensor_async']) retrieved from /home/vscode/.local/lib/python3.10/site-packages/airflow/example_dags/example_time_delta_sensor_async.py
[2025-08-14T10:28:52.005+0000] {logging_mixin.py:150} INFO - [2025-08-14T10:28:52.005+0000] {dag.py:2742} INFO - Sync 1 DAGs
[2025-08-14T10:28:52.018+0000] {logging_mixin.py:150} INFO - [2025-08-14T10:28:52.018+0000] {dag.py:3504} INFO - Setting next_dagrun for example_time_delta_sensor_async to None, run_after=None
[2025-08-14T10:28:52.034+0000] {processor.py:179} INFO - Processing /home/vscode/.local/lib/python3.10/site-packages/airflow/example_dags/example_time_delta_sensor_async.py took 0.047 seconds
[2025-08-14T10:29:37.907+0000] {processor.py:157} INFO - Started process (PID=25281) to work on /home/vscode/.local/lib/python3.10/site-packages/airflow/example_dags/example_time_delta_sensor_async.py
[2025-08-14T10:29:37.908+0000] {processor.py:826} INFO - Processing file /home/vscode/.local/lib/python3.10/site-packages/airflow/example_dags/example_time_delta_sensor_async.py for tasks to queue
[2025-08-14T10:29:37.909+0000] {logging_mixin.py:150} INFO - [2025-08-14T10:29:37.908+0000] {dagbag.py:541} INFO - Filling up the DagBag from /home/vscode/.local/lib/python3.10/site-packages/airflow/example_dags/example_time_delta_sensor_async.py
[2025-08-14T10:29:37.913+0000] {processor.py:836} INFO - DAG(s) dict_keys(['example_time_delta_sensor_async']) retrieved from /home/vscode/.local/lib/python3.10/site-packages/airflow/example_dags/example_time_delta_sensor_async.py
[2025-08-14T10:29:37.925+0000] {logging_mixin.py:150} INFO - [2025-08-14T10:29:37.925+0000] {dag.py:2742} INFO - Sync 1 DAGs
[2025-08-14T10:29:37.939+0000] {logging_mixin.py:150} INFO - [2025-08-14T10:29:37.939+0000] {dag.py:3504} INFO - Setting next_dagrun for example_time_delta_sensor_async to None, run_after=None
[2025-08-14T10:29:37.956+0000] {processor.py:179} INFO - Processing /home/vscode/.local/lib/python3.10/site-packages/airflow/example_dags/example_time_delta_sensor_async.py took 0.051 seconds
[2025-08-14T10:30:23.806+0000] {processor.py:157} INFO - Started process (PID=25591) to work on /home/vscode/.local/lib/python3.10/site-packages/airflow/example_dags/example_time_delta_sensor_async.py
[2025-08-14T10:30:23.807+0000] {processor.py:826} INFO - Processing file /home/vscode/.local/lib/python3.10/site-packages/airflow/example_dags/example_time_delta_sensor_async.py for tasks to queue
[2025-08-14T10:30:23.807+0000] {logging_mixin.py:150} INFO - [2025-08-14T10:30:23.807+0000] {dagbag.py:541} INFO - Filling up the DagBag from /home/vscode/.local/lib/python3.10/site-packages/airflow/example_dags/example_time_delta_sensor_async.py
[2025-08-14T10:30:23.810+0000] {processor.py:836} INFO - DAG(s) dict_keys(['example_time_delta_sensor_async']) retrieved from /home/vscode/.local/lib/python3.10/site-packages/airflow/example_dags/example_time_delta_sensor_async.py
[2025-08-14T10:30:23.822+0000] {logging_mixin.py:150} INFO - [2025-08-14T10:30:23.822+0000] {dag.py:2742} INFO - Sync 1 DAGs
[2025-08-14T10:30:23.835+0000] {logging_mixin.py:150} INFO - [2025-08-14T10:30:23.835+0000] {dag.py:3504} INFO - Setting next_dagrun for example_time_delta_sensor_async to None, run_after=None
[2025-08-14T10:30:23.852+0000] {processor.py:179} INFO - Processing /home/vscode/.local/lib/python3.10/site-packages/airflow/example_dags/example_time_delta_sensor_async.py took 0.048 seconds
[2025-08-14T10:30:56.629+0000] {processor.py:157} INFO - Started process (PID=25811) to work on /home/vscode/.local/lib/python3.10/site-packages/airflow/example_dags/example_time_delta_sensor_async.py
[2025-08-14T10:30:56.630+0000] {processor.py:826} INFO - Processing file /home/vscode/.local/lib/python3.10/site-packages/airflow/example_dags/example_time_delta_sensor_async.py for tasks to queue
[2025-08-14T10:30:56.631+0000] {logging_mixin.py:150} INFO - [2025-08-14T10:30:56.630+0000] {dagbag.py:541} INFO - Filling up the DagBag from /home/vscode/.local/lib/python3.10/site-packages/airflow/example_dags/example_time_delta_sensor_async.py
[2025-08-14T10:30:56.634+0000] {processor.py:836} INFO - DAG(s) dict_keys(['example_time_delta_sensor_async']) retrieved from /home/vscode/.local/lib/python3.10/site-packages/airflow/example_dags/example_time_delta_sensor_async.py
[2025-08-14T10:30:56.646+0000] {logging_mixin.py:150} INFO - [2025-08-14T10:30:56.646+0000] {dag.py:2742} INFO - Sync 1 DAGs
[2025-08-14T10:30:56.660+0000] {logging_mixin.py:150} INFO - [2025-08-14T10:30:56.660+0000] {dag.py:3504} INFO - Setting next_dagrun for example_time_delta_sensor_async to None, run_after=None
[2025-08-14T10:30:56.675+0000] {processor.py:179} INFO - Processing /home/vscode/.local/lib/python3.10/site-packages/airflow/example_dags/example_time_delta_sensor_async.py took 0.049 seconds
[2025-08-14T10:31:40.970+0000] {processor.py:157} INFO - Started process (PID=26105) to work on /home/vscode/.local/lib/python3.10/site-packages/airflow/example_dags/example_time_delta_sensor_async.py
[2025-08-14T10:31:40.970+0000] {processor.py:826} INFO - Processing file /home/vscode/.local/lib/python3.10/site-packages/airflow/example_dags/example_time_delta_sensor_async.py for tasks to queue
[2025-08-14T10:31:40.971+0000] {logging_mixin.py:150} INFO - [2025-08-14T10:31:40.971+0000] {dagbag.py:541} INFO - Filling up the DagBag from /home/vscode/.local/lib/python3.10/site-packages/airflow/example_dags/example_time_delta_sensor_async.py
[2025-08-14T10:31:40.975+0000] {processor.py:836} INFO - DAG(s) dict_keys(['example_time_delta_sensor_async']) retrieved from /home/vscode/.local/lib/python3.10/site-packages/airflow/example_dags/example_time_delta_sensor_async.py
[2025-08-14T10:31:40.987+0000] {logging_mixin.py:150} INFO - [2025-08-14T10:31:40.987+0000] {dag.py:2742} INFO - Sync 1 DAGs
[2025-08-14T10:31:41.002+0000] {logging_mixin.py:150} INFO - [2025-08-14T10:31:41.002+0000] {dag.py:3504} INFO - Setting next_dagrun for example_time_delta_sensor_async to None, run_after=None
[2025-08-14T10:31:41.018+0000] {processor.py:179} INFO - Processing /home/vscode/.local/lib/python3.10/site-packages/airflow/example_dags/example_time_delta_sensor_async.py took 0.050 seconds
[2025-08-14T10:32:24.066+0000] {processor.py:157} INFO - Started process (PID=26393) to work on /home/vscode/.local/lib/python3.10/site-packages/airflow/example_dags/example_time_delta_sensor_async.py
[2025-08-14T10:32:24.066+0000] {processor.py:826} INFO - Processing file /home/vscode/.local/lib/python3.10/site-packages/airflow/example_dags/example_time_delta_sensor_async.py for tasks to queue
[2025-08-14T10:32:24.067+0000] {logging_mixin.py:150} INFO - [2025-08-14T10:32:24.067+0000] {dagbag.py:541} INFO - Filling up the DagBag from /home/vscode/.local/lib/python3.10/site-packages/airflow/example_dags/example_time_delta_sensor_async.py
[2025-08-14T10:32:24.070+0000] {processor.py:836} INFO - DAG(s) dict_keys(['example_time_delta_sensor_async']) retrieved from /home/vscode/.local/lib/python3.10/site-packages/airflow/example_dags/example_time_delta_sensor_async.py
[2025-08-14T10:32:24.082+0000] {logging_mixin.py:150} INFO - [2025-08-14T10:32:24.082+0000] {dag.py:2742} INFO - Sync 1 DAGs
[2025-08-14T10:32:24.097+0000] {logging_mixin.py:150} INFO - [2025-08-14T10:32:24.097+0000] {dag.py:3504} INFO - Setting next_dagrun for example_time_delta_sensor_async to None, run_after=None
[2025-08-14T10:32:24.113+0000] {processor.py:179} INFO - Processing /home/vscode/.local/lib/python3.10/site-packages/airflow/example_dags/example_time_delta_sensor_async.py took 0.049 seconds
[2025-08-14T10:33:06.419+0000] {processor.py:157} INFO - Started process (PID=26723) to work on /home/vscode/.local/lib/python3.10/site-packages/airflow/example_dags/example_time_delta_sensor_async.py
[2025-08-14T10:33:06.419+0000] {processor.py:826} INFO - Processing file /home/vscode/.local/lib/python3.10/site-packages/airflow/example_dags/example_time_delta_sensor_async.py for tasks to queue
[2025-08-14T10:33:06.420+0000] {logging_mixin.py:150} INFO - [2025-08-14T10:33:06.420+0000] {dagbag.py:541} INFO - Filling up the DagBag from /home/vscode/.local/lib/python3.10/site-packages/airflow/example_dags/example_time_delta_sensor_async.py
[2025-08-14T10:33:06.423+0000] {processor.py:836} INFO - DAG(s) dict_keys(['example_time_delta_sensor_async']) retrieved from /home/vscode/.local/lib/python3.10/site-packages/airflow/example_dags/example_time_delta_sensor_async.py
[2025-08-14T10:33:06.434+0000] {logging_mixin.py:150} INFO - [2025-08-14T10:33:06.434+0000] {dag.py:2742} INFO - Sync 1 DAGs
[2025-08-14T10:33:06.448+0000] {logging_mixin.py:150} INFO - [2025-08-14T10:33:06.448+0000] {dag.py:3504} INFO - Setting next_dagrun for example_time_delta_sensor_async to None, run_after=None
[2025-08-14T10:33:06.463+0000] {processor.py:179} INFO - Processing /home/vscode/.local/lib/python3.10/site-packages/airflow/example_dags/example_time_delta_sensor_async.py took 0.047 seconds
[2025-08-14T10:33:51.458+0000] {processor.py:157} INFO - Started process (PID=27103) to work on /home/vscode/.local/lib/python3.10/site-packages/airflow/example_dags/example_time_delta_sensor_async.py
[2025-08-14T10:33:51.458+0000] {processor.py:826} INFO - Processing file /home/vscode/.local/lib/python3.10/site-packages/airflow/example_dags/example_time_delta_sensor_async.py for tasks to queue
[2025-08-14T10:33:51.459+0000] {logging_mixin.py:150} INFO - [2025-08-14T10:33:51.459+0000] {dagbag.py:541} INFO - Filling up the DagBag from /home/vscode/.local/lib/python3.10/site-packages/airflow/example_dags/example_time_delta_sensor_async.py
[2025-08-14T10:33:51.462+0000] {processor.py:836} INFO - DAG(s) dict_keys(['example_time_delta_sensor_async']) retrieved from /home/vscode/.local/lib/python3.10/site-packages/airflow/example_dags/example_time_delta_sensor_async.py
[2025-08-14T10:33:51.475+0000] {logging_mixin.py:150} INFO - [2025-08-14T10:33:51.475+0000] {dag.py:2742} INFO - Sync 1 DAGs
[2025-08-14T10:33:51.489+0000] {logging_mixin.py:150} INFO - [2025-08-14T10:33:51.489+0000] {dag.py:3504} INFO - Setting next_dagrun for example_time_delta_sensor_async to None, run_after=None
[2025-08-14T10:33:51.509+0000] {processor.py:179} INFO - Processing /home/vscode/.local/lib/python3.10/site-packages/airflow/example_dags/example_time_delta_sensor_async.py took 0.053 seconds
[2025-08-14T10:34:37.715+0000] {processor.py:157} INFO - Started process (PID=27407) to work on /home/vscode/.local/lib/python3.10/site-packages/airflow/example_dags/example_time_delta_sensor_async.py
[2025-08-14T10:34:37.716+0000] {processor.py:826} INFO - Processing file /home/vscode/.local/lib/python3.10/site-packages/airflow/example_dags/example_time_delta_sensor_async.py for tasks to queue
[2025-08-14T10:34:37.717+0000] {logging_mixin.py:150} INFO - [2025-08-14T10:34:37.716+0000] {dagbag.py:541} INFO - Filling up the DagBag from /home/vscode/.local/lib/python3.10/site-packages/airflow/example_dags/example_time_delta_sensor_async.py
[2025-08-14T10:34:37.720+0000] {processor.py:836} INFO - DAG(s) dict_keys(['example_time_delta_sensor_async']) retrieved from /home/vscode/.local/lib/python3.10/site-packages/airflow/example_dags/example_time_delta_sensor_async.py
[2025-08-14T10:34:37.731+0000] {logging_mixin.py:150} INFO - [2025-08-14T10:34:37.731+0000] {dag.py:2742} INFO - Sync 1 DAGs
[2025-08-14T10:34:37.749+0000] {logging_mixin.py:150} INFO - [2025-08-14T10:34:37.749+0000] {dag.py:3504} INFO - Setting next_dagrun for example_time_delta_sensor_async to None, run_after=None
[2025-08-14T10:34:37.773+0000] {processor.py:179} INFO - Processing /home/vscode/.local/lib/python3.10/site-packages/airflow/example_dags/example_time_delta_sensor_async.py took 0.060 seconds
[2025-08-14T10:35:23.833+0000] {processor.py:157} INFO - Started process (PID=27716) to work on /home/vscode/.local/lib/python3.10/site-packages/airflow/example_dags/example_time_delta_sensor_async.py
[2025-08-14T10:35:23.834+0000] {processor.py:826} INFO - Processing file /home/vscode/.local/lib/python3.10/site-packages/airflow/example_dags/example_time_delta_sensor_async.py for tasks to queue
[2025-08-14T10:35:23.835+0000] {logging_mixin.py:150} INFO - [2025-08-14T10:35:23.835+0000] {dagbag.py:541} INFO - Filling up the DagBag from /home/vscode/.local/lib/python3.10/site-packages/airflow/example_dags/example_time_delta_sensor_async.py
[2025-08-14T10:35:23.840+0000] {processor.py:836} INFO - DAG(s) dict_keys(['example_time_delta_sensor_async']) retrieved from /home/vscode/.local/lib/python3.10/site-packages/airflow/example_dags/example_time_delta_sensor_async.py
[2025-08-14T10:35:23.863+0000] {logging_mixin.py:150} INFO - [2025-08-14T10:35:23.863+0000] {dag.py:2742} INFO - Sync 1 DAGs
[2025-08-14T10:35:23.887+0000] {logging_mixin.py:150} INFO - [2025-08-14T10:35:23.887+0000] {dag.py:3504} INFO - Setting next_dagrun for example_time_delta_sensor_async to None, run_after=None
[2025-08-14T10:35:23.911+0000] {processor.py:179} INFO - Processing /home/vscode/.local/lib/python3.10/site-packages/airflow/example_dags/example_time_delta_sensor_async.py took 0.081 seconds
[2025-08-14T10:36:07.224+0000] {processor.py:157} INFO - Started process (PID=28002) to work on /home/vscode/.local/lib/python3.10/site-packages/airflow/example_dags/example_time_delta_sensor_async.py
[2025-08-14T10:36:07.224+0000] {processor.py:826} INFO - Processing file /home/vscode/.local/lib/python3.10/site-packages/airflow/example_dags/example_time_delta_sensor_async.py for tasks to queue
[2025-08-14T10:36:07.225+0000] {logging_mixin.py:150} INFO - [2025-08-14T10:36:07.225+0000] {dagbag.py:541} INFO - Filling up the DagBag from /home/vscode/.local/lib/python3.10/site-packages/airflow/example_dags/example_time_delta_sensor_async.py
[2025-08-14T10:36:07.228+0000] {processor.py:836} INFO - DAG(s) dict_keys(['example_time_delta_sensor_async']) retrieved from /home/vscode/.local/lib/python3.10/site-packages/airflow/example_dags/example_time_delta_sensor_async.py
[2025-08-14T10:36:07.240+0000] {logging_mixin.py:150} INFO - [2025-08-14T10:36:07.240+0000] {dag.py:2742} INFO - Sync 1 DAGs
[2025-08-14T10:36:07.255+0000] {logging_mixin.py:150} INFO - [2025-08-14T10:36:07.254+0000] {dag.py:3504} INFO - Setting next_dagrun for example_time_delta_sensor_async to None, run_after=None
[2025-08-14T10:36:07.275+0000] {processor.py:179} INFO - Processing /home/vscode/.local/lib/python3.10/site-packages/airflow/example_dags/example_time_delta_sensor_async.py took 0.053 seconds
[2025-08-14T10:36:43.393+0000] {processor.py:157} INFO - Started process (PID=28248) to work on /home/vscode/.local/lib/python3.10/site-packages/airflow/example_dags/example_time_delta_sensor_async.py
[2025-08-14T10:36:43.394+0000] {processor.py:826} INFO - Processing file /home/vscode/.local/lib/python3.10/site-packages/airflow/example_dags/example_time_delta_sensor_async.py for tasks to queue
[2025-08-14T10:36:43.395+0000] {logging_mixin.py:150} INFO - [2025-08-14T10:36:43.394+0000] {dagbag.py:541} INFO - Filling up the DagBag from /home/vscode/.local/lib/python3.10/site-packages/airflow/example_dags/example_time_delta_sensor_async.py
[2025-08-14T10:36:43.398+0000] {processor.py:836} INFO - DAG(s) dict_keys(['example_time_delta_sensor_async']) retrieved from /home/vscode/.local/lib/python3.10/site-packages/airflow/example_dags/example_time_delta_sensor_async.py
[2025-08-14T10:36:43.410+0000] {logging_mixin.py:150} INFO - [2025-08-14T10:36:43.410+0000] {dag.py:2742} INFO - Sync 1 DAGs
[2025-08-14T10:36:43.425+0000] {logging_mixin.py:150} INFO - [2025-08-14T10:36:43.424+0000] {dag.py:3504} INFO - Setting next_dagrun for example_time_delta_sensor_async to None, run_after=None
[2025-08-14T10:36:43.442+0000] {processor.py:179} INFO - Processing /home/vscode/.local/lib/python3.10/site-packages/airflow/example_dags/example_time_delta_sensor_async.py took 0.051 seconds
[2025-08-14T10:37:27.071+0000] {processor.py:157} INFO - Started process (PID=28537) to work on /home/vscode/.local/lib/python3.10/site-packages/airflow/example_dags/example_time_delta_sensor_async.py
[2025-08-14T10:37:27.071+0000] {processor.py:826} INFO - Processing file /home/vscode/.local/lib/python3.10/site-packages/airflow/example_dags/example_time_delta_sensor_async.py for tasks to queue
[2025-08-14T10:37:27.072+0000] {logging_mixin.py:150} INFO - [2025-08-14T10:37:27.072+0000] {dagbag.py:541} INFO - Filling up the DagBag from /home/vscode/.local/lib/python3.10/site-packages/airflow/example_dags/example_time_delta_sensor_async.py
[2025-08-14T10:37:27.075+0000] {processor.py:836} INFO - DAG(s) dict_keys(['example_time_delta_sensor_async']) retrieved from /home/vscode/.local/lib/python3.10/site-packages/airflow/example_dags/example_time_delta_sensor_async.py
[2025-08-14T10:37:27.087+0000] {logging_mixin.py:150} INFO - [2025-08-14T10:37:27.086+0000] {dag.py:2742} INFO - Sync 1 DAGs
[2025-08-14T10:37:27.100+0000] {logging_mixin.py:150} INFO - [2025-08-14T10:37:27.100+0000] {dag.py:3504} INFO - Setting next_dagrun for example_time_delta_sensor_async to None, run_after=None
[2025-08-14T10:37:27.115+0000] {processor.py:179} INFO - Processing /home/vscode/.local/lib/python3.10/site-packages/airflow/example_dags/example_time_delta_sensor_async.py took 0.046 seconds
[2025-08-14T10:38:00.155+0000] {processor.py:157} INFO - Started process (PID=28754) to work on /home/vscode/.local/lib/python3.10/site-packages/airflow/example_dags/example_time_delta_sensor_async.py
[2025-08-14T10:38:00.159+0000] {processor.py:826} INFO - Processing file /home/vscode/.local/lib/python3.10/site-packages/airflow/example_dags/example_time_delta_sensor_async.py for tasks to queue
[2025-08-14T10:38:00.160+0000] {logging_mixin.py:150} INFO - [2025-08-14T10:38:00.160+0000] {dagbag.py:541} INFO - Filling up the DagBag from /home/vscode/.local/lib/python3.10/site-packages/airflow/example_dags/example_time_delta_sensor_async.py
[2025-08-14T10:38:00.169+0000] {processor.py:836} INFO - DAG(s) dict_keys(['example_time_delta_sensor_async']) retrieved from /home/vscode/.local/lib/python3.10/site-packages/airflow/example_dags/example_time_delta_sensor_async.py
[2025-08-14T10:38:00.188+0000] {logging_mixin.py:150} INFO - [2025-08-14T10:38:00.188+0000] {dag.py:2742} INFO - Sync 1 DAGs
[2025-08-14T10:38:00.202+0000] {logging_mixin.py:150} INFO - [2025-08-14T10:38:00.202+0000] {dag.py:3504} INFO - Setting next_dagrun for example_time_delta_sensor_async to None, run_after=None
[2025-08-14T10:38:00.218+0000] {processor.py:179} INFO - Processing /home/vscode/.local/lib/python3.10/site-packages/airflow/example_dags/example_time_delta_sensor_async.py took 0.067 seconds
[2025-08-14T10:38:44.129+0000] {processor.py:157} INFO - Started process (PID=29055) to work on /home/vscode/.local/lib/python3.10/site-packages/airflow/example_dags/example_time_delta_sensor_async.py
[2025-08-14T10:38:44.129+0000] {processor.py:826} INFO - Processing file /home/vscode/.local/lib/python3.10/site-packages/airflow/example_dags/example_time_delta_sensor_async.py for tasks to queue
[2025-08-14T10:38:44.130+0000] {logging_mixin.py:150} INFO - [2025-08-14T10:38:44.130+0000] {dagbag.py:541} INFO - Filling up the DagBag from /home/vscode/.local/lib/python3.10/site-packages/airflow/example_dags/example_time_delta_sensor_async.py
[2025-08-14T10:38:44.134+0000] {processor.py:836} INFO - DAG(s) dict_keys(['example_time_delta_sensor_async']) retrieved from /home/vscode/.local/lib/python3.10/site-packages/airflow/example_dags/example_time_delta_sensor_async.py
[2025-08-14T10:38:44.146+0000] {logging_mixin.py:150} INFO - [2025-08-14T10:38:44.146+0000] {dag.py:2742} INFO - Sync 1 DAGs
[2025-08-14T10:38:44.160+0000] {logging_mixin.py:150} INFO - [2025-08-14T10:38:44.160+0000] {dag.py:3504} INFO - Setting next_dagrun for example_time_delta_sensor_async to None, run_after=None
[2025-08-14T10:38:44.175+0000] {processor.py:179} INFO - Processing /home/vscode/.local/lib/python3.10/site-packages/airflow/example_dags/example_time_delta_sensor_async.py took 0.049 seconds
[2025-08-14T10:39:18.929+0000] {processor.py:157} INFO - Started process (PID=29285) to work on /home/vscode/.local/lib/python3.10/site-packages/airflow/example_dags/example_time_delta_sensor_async.py
[2025-08-14T10:39:18.930+0000] {processor.py:826} INFO - Processing file /home/vscode/.local/lib/python3.10/site-packages/airflow/example_dags/example_time_delta_sensor_async.py for tasks to queue
[2025-08-14T10:39:18.930+0000] {logging_mixin.py:150} INFO - [2025-08-14T10:39:18.930+0000] {dagbag.py:541} INFO - Filling up the DagBag from /home/vscode/.local/lib/python3.10/site-packages/airflow/example_dags/example_time_delta_sensor_async.py
[2025-08-14T10:39:18.934+0000] {processor.py:836} INFO - DAG(s) dict_keys(['example_time_delta_sensor_async']) retrieved from /home/vscode/.local/lib/python3.10/site-packages/airflow/example_dags/example_time_delta_sensor_async.py
[2025-08-14T10:39:18.945+0000] {logging_mixin.py:150} INFO - [2025-08-14T10:39:18.945+0000] {dag.py:2742} INFO - Sync 1 DAGs
[2025-08-14T10:39:18.959+0000] {logging_mixin.py:150} INFO - [2025-08-14T10:39:18.959+0000] {dag.py:3504} INFO - Setting next_dagrun for example_time_delta_sensor_async to None, run_after=None
[2025-08-14T10:39:18.974+0000] {processor.py:179} INFO - Processing /home/vscode/.local/lib/python3.10/site-packages/airflow/example_dags/example_time_delta_sensor_async.py took 0.047 seconds
[2025-08-14T10:40:05.892+0000] {processor.py:157} INFO - Started process (PID=29596) to work on /home/vscode/.local/lib/python3.10/site-packages/airflow/example_dags/example_time_delta_sensor_async.py
[2025-08-14T10:40:05.893+0000] {processor.py:826} INFO - Processing file /home/vscode/.local/lib/python3.10/site-packages/airflow/example_dags/example_time_delta_sensor_async.py for tasks to queue
[2025-08-14T10:40:05.894+0000] {logging_mixin.py:150} INFO - [2025-08-14T10:40:05.894+0000] {dagbag.py:541} INFO - Filling up the DagBag from /home/vscode/.local/lib/python3.10/site-packages/airflow/example_dags/example_time_delta_sensor_async.py
[2025-08-14T10:40:05.901+0000] {processor.py:836} INFO - DAG(s) dict_keys(['example_time_delta_sensor_async']) retrieved from /home/vscode/.local/lib/python3.10/site-packages/airflow/example_dags/example_time_delta_sensor_async.py
[2025-08-14T10:40:05.922+0000] {logging_mixin.py:150} INFO - [2025-08-14T10:40:05.921+0000] {dag.py:2742} INFO - Sync 1 DAGs
[2025-08-14T10:40:05.944+0000] {logging_mixin.py:150} INFO - [2025-08-14T10:40:05.943+0000] {dag.py:3504} INFO - Setting next_dagrun for example_time_delta_sensor_async to None, run_after=None
[2025-08-14T10:40:05.960+0000] {processor.py:179} INFO - Processing /home/vscode/.local/lib/python3.10/site-packages/airflow/example_dags/example_time_delta_sensor_async.py took 0.071 seconds
[2025-08-14T10:40:38.755+0000] {processor.py:157} INFO - Started process (PID=29820) to work on /home/vscode/.local/lib/python3.10/site-packages/airflow/example_dags/example_time_delta_sensor_async.py
[2025-08-14T10:40:38.756+0000] {processor.py:826} INFO - Processing file /home/vscode/.local/lib/python3.10/site-packages/airflow/example_dags/example_time_delta_sensor_async.py for tasks to queue
[2025-08-14T10:40:38.756+0000] {logging_mixin.py:150} INFO - [2025-08-14T10:40:38.756+0000] {dagbag.py:541} INFO - Filling up the DagBag from /home/vscode/.local/lib/python3.10/site-packages/airflow/example_dags/example_time_delta_sensor_async.py
[2025-08-14T10:40:38.760+0000] {processor.py:836} INFO - DAG(s) dict_keys(['example_time_delta_sensor_async']) retrieved from /home/vscode/.local/lib/python3.10/site-packages/airflow/example_dags/example_time_delta_sensor_async.py
[2025-08-14T10:40:38.772+0000] {logging_mixin.py:150} INFO - [2025-08-14T10:40:38.771+0000] {dag.py:2742} INFO - Sync 1 DAGs
[2025-08-14T10:40:38.785+0000] {logging_mixin.py:150} INFO - [2025-08-14T10:40:38.785+0000] {dag.py:3504} INFO - Setting next_dagrun for example_time_delta_sensor_async to None, run_after=None
[2025-08-14T10:40:38.803+0000] {processor.py:179} INFO - Processing /home/vscode/.local/lib/python3.10/site-packages/airflow/example_dags/example_time_delta_sensor_async.py took 0.050 seconds
[2025-08-14T10:41:27.941+0000] {processor.py:157} INFO - Started process (PID=30146) to work on /home/vscode/.local/lib/python3.10/site-packages/airflow/example_dags/example_time_delta_sensor_async.py
[2025-08-14T10:41:27.942+0000] {processor.py:826} INFO - Processing file /home/vscode/.local/lib/python3.10/site-packages/airflow/example_dags/example_time_delta_sensor_async.py for tasks to queue
[2025-08-14T10:41:27.943+0000] {logging_mixin.py:150} INFO - [2025-08-14T10:41:27.942+0000] {dagbag.py:541} INFO - Filling up the DagBag from /home/vscode/.local/lib/python3.10/site-packages/airflow/example_dags/example_time_delta_sensor_async.py
[2025-08-14T10:41:27.946+0000] {processor.py:836} INFO - DAG(s) dict_keys(['example_time_delta_sensor_async']) retrieved from /home/vscode/.local/lib/python3.10/site-packages/airflow/example_dags/example_time_delta_sensor_async.py
[2025-08-14T10:41:27.958+0000] {logging_mixin.py:150} INFO - [2025-08-14T10:41:27.958+0000] {dag.py:2742} INFO - Sync 1 DAGs
[2025-08-14T10:41:27.972+0000] {logging_mixin.py:150} INFO - [2025-08-14T10:41:27.971+0000] {dag.py:3504} INFO - Setting next_dagrun for example_time_delta_sensor_async to None, run_after=None
[2025-08-14T10:41:27.988+0000] {processor.py:179} INFO - Processing /home/vscode/.local/lib/python3.10/site-packages/airflow/example_dags/example_time_delta_sensor_async.py took 0.049 seconds
[2025-08-14T10:42:15.099+0000] {processor.py:157} INFO - Started process (PID=30456) to work on /home/vscode/.local/lib/python3.10/site-packages/airflow/example_dags/example_time_delta_sensor_async.py
[2025-08-14T10:42:15.099+0000] {processor.py:826} INFO - Processing file /home/vscode/.local/lib/python3.10/site-packages/airflow/example_dags/example_time_delta_sensor_async.py for tasks to queue
[2025-08-14T10:42:15.100+0000] {logging_mixin.py:150} INFO - [2025-08-14T10:42:15.100+0000] {dagbag.py:541} INFO - Filling up the DagBag from /home/vscode/.local/lib/python3.10/site-packages/airflow/example_dags/example_time_delta_sensor_async.py
[2025-08-14T10:42:15.103+0000] {processor.py:836} INFO - DAG(s) dict_keys(['example_time_delta_sensor_async']) retrieved from /home/vscode/.local/lib/python3.10/site-packages/airflow/example_dags/example_time_delta_sensor_async.py
[2025-08-14T10:42:15.114+0000] {logging_mixin.py:150} INFO - [2025-08-14T10:42:15.114+0000] {dag.py:2742} INFO - Sync 1 DAGs
[2025-08-14T10:42:15.128+0000] {logging_mixin.py:150} INFO - [2025-08-14T10:42:15.128+0000] {dag.py:3504} INFO - Setting next_dagrun for example_time_delta_sensor_async to None, run_after=None
[2025-08-14T10:42:15.144+0000] {processor.py:179} INFO - Processing /home/vscode/.local/lib/python3.10/site-packages/airflow/example_dags/example_time_delta_sensor_async.py took 0.048 seconds
[2025-08-14T10:43:00.413+0000] {processor.py:157} INFO - Started process (PID=30759) to work on /home/vscode/.local/lib/python3.10/site-packages/airflow/example_dags/example_time_delta_sensor_async.py
[2025-08-14T10:43:00.413+0000] {processor.py:826} INFO - Processing file /home/vscode/.local/lib/python3.10/site-packages/airflow/example_dags/example_time_delta_sensor_async.py for tasks to queue
[2025-08-14T10:43:00.414+0000] {logging_mixin.py:150} INFO - [2025-08-14T10:43:00.414+0000] {dagbag.py:541} INFO - Filling up the DagBag from /home/vscode/.local/lib/python3.10/site-packages/airflow/example_dags/example_time_delta_sensor_async.py
[2025-08-14T10:43:00.417+0000] {processor.py:836} INFO - DAG(s) dict_keys(['example_time_delta_sensor_async']) retrieved from /home/vscode/.local/lib/python3.10/site-packages/airflow/example_dags/example_time_delta_sensor_async.py
[2025-08-14T10:43:00.429+0000] {logging_mixin.py:150} INFO - [2025-08-14T10:43:00.429+0000] {dag.py:2742} INFO - Sync 1 DAGs
[2025-08-14T10:43:00.443+0000] {logging_mixin.py:150} INFO - [2025-08-14T10:43:00.443+0000] {dag.py:3504} INFO - Setting next_dagrun for example_time_delta_sensor_async to None, run_after=None
[2025-08-14T10:43:00.459+0000] {processor.py:179} INFO - Processing /home/vscode/.local/lib/python3.10/site-packages/airflow/example_dags/example_time_delta_sensor_async.py took 0.048 seconds
[2025-08-14T10:43:36.385+0000] {processor.py:157} INFO - Started process (PID=30995) to work on /home/vscode/.local/lib/python3.10/site-packages/airflow/example_dags/example_time_delta_sensor_async.py
[2025-08-14T10:43:36.386+0000] {processor.py:826} INFO - Processing file /home/vscode/.local/lib/python3.10/site-packages/airflow/example_dags/example_time_delta_sensor_async.py for tasks to queue
[2025-08-14T10:43:36.387+0000] {logging_mixin.py:150} INFO - [2025-08-14T10:43:36.386+0000] {dagbag.py:541} INFO - Filling up the DagBag from /home/vscode/.local/lib/python3.10/site-packages/airflow/example_dags/example_time_delta_sensor_async.py
[2025-08-14T10:43:36.391+0000] {processor.py:836} INFO - DAG(s) dict_keys(['example_time_delta_sensor_async']) retrieved from /home/vscode/.local/lib/python3.10/site-packages/airflow/example_dags/example_time_delta_sensor_async.py
[2025-08-14T10:43:36.404+0000] {logging_mixin.py:150} INFO - [2025-08-14T10:43:36.404+0000] {dag.py:2742} INFO - Sync 1 DAGs
[2025-08-14T10:43:36.419+0000] {logging_mixin.py:150} INFO - [2025-08-14T10:43:36.418+0000] {dag.py:3504} INFO - Setting next_dagrun for example_time_delta_sensor_async to None, run_after=None
[2025-08-14T10:43:36.433+0000] {processor.py:179} INFO - Processing /home/vscode/.local/lib/python3.10/site-packages/airflow/example_dags/example_time_delta_sensor_async.py took 0.051 seconds
[2025-08-14T10:44:20.330+0000] {processor.py:157} INFO - Started process (PID=31287) to work on /home/vscode/.local/lib/python3.10/site-packages/airflow/example_dags/example_time_delta_sensor_async.py
[2025-08-14T10:44:20.331+0000] {processor.py:826} INFO - Processing file /home/vscode/.local/lib/python3.10/site-packages/airflow/example_dags/example_time_delta_sensor_async.py for tasks to queue
[2025-08-14T10:44:20.331+0000] {logging_mixin.py:150} INFO - [2025-08-14T10:44:20.331+0000] {dagbag.py:541} INFO - Filling up the DagBag from /home/vscode/.local/lib/python3.10/site-packages/airflow/example_dags/example_time_delta_sensor_async.py
[2025-08-14T10:44:20.335+0000] {processor.py:836} INFO - DAG(s) dict_keys(['example_time_delta_sensor_async']) retrieved from /home/vscode/.local/lib/python3.10/site-packages/airflow/example_dags/example_time_delta_sensor_async.py
[2025-08-14T10:44:20.347+0000] {logging_mixin.py:150} INFO - [2025-08-14T10:44:20.347+0000] {dag.py:2742} INFO - Sync 1 DAGs
[2025-08-14T10:44:20.361+0000] {logging_mixin.py:150} INFO - [2025-08-14T10:44:20.361+0000] {dag.py:3504} INFO - Setting next_dagrun for example_time_delta_sensor_async to None, run_after=None
[2025-08-14T10:44:20.376+0000] {processor.py:179} INFO - Processing /home/vscode/.local/lib/python3.10/site-packages/airflow/example_dags/example_time_delta_sensor_async.py took 0.048 seconds
[2025-08-14T10:45:09.468+0000] {processor.py:157} INFO - Started process (PID=31613) to work on /home/vscode/.local/lib/python3.10/site-packages/airflow/example_dags/example_time_delta_sensor_async.py
[2025-08-14T10:45:09.469+0000] {processor.py:826} INFO - Processing file /home/vscode/.local/lib/python3.10/site-packages/airflow/example_dags/example_time_delta_sensor_async.py for tasks to queue
[2025-08-14T10:45:09.469+0000] {logging_mixin.py:150} INFO - [2025-08-14T10:45:09.469+0000] {dagbag.py:541} INFO - Filling up the DagBag from /home/vscode/.local/lib/python3.10/site-packages/airflow/example_dags/example_time_delta_sensor_async.py
[2025-08-14T10:45:09.473+0000] {processor.py:836} INFO - DAG(s) dict_keys(['example_time_delta_sensor_async']) retrieved from /home/vscode/.local/lib/python3.10/site-packages/airflow/example_dags/example_time_delta_sensor_async.py
[2025-08-14T10:45:09.484+0000] {logging_mixin.py:150} INFO - [2025-08-14T10:45:09.484+0000] {dag.py:2742} INFO - Sync 1 DAGs
[2025-08-14T10:45:09.499+0000] {logging_mixin.py:150} INFO - [2025-08-14T10:45:09.499+0000] {dag.py:3504} INFO - Setting next_dagrun for example_time_delta_sensor_async to None, run_after=None
[2025-08-14T10:45:09.519+0000] {processor.py:179} INFO - Processing /home/vscode/.local/lib/python3.10/site-packages/airflow/example_dags/example_time_delta_sensor_async.py took 0.053 seconds
[2025-08-14T10:45:52.777+0000] {processor.py:157} INFO - Started process (PID=31902) to work on /home/vscode/.local/lib/python3.10/site-packages/airflow/example_dags/example_time_delta_sensor_async.py
[2025-08-14T10:45:52.777+0000] {processor.py:826} INFO - Processing file /home/vscode/.local/lib/python3.10/site-packages/airflow/example_dags/example_time_delta_sensor_async.py for tasks to queue
[2025-08-14T10:45:52.778+0000] {logging_mixin.py:150} INFO - [2025-08-14T10:45:52.778+0000] {dagbag.py:541} INFO - Filling up the DagBag from /home/vscode/.local/lib/python3.10/site-packages/airflow/example_dags/example_time_delta_sensor_async.py
[2025-08-14T10:45:52.781+0000] {processor.py:836} INFO - DAG(s) dict_keys(['example_time_delta_sensor_async']) retrieved from /home/vscode/.local/lib/python3.10/site-packages/airflow/example_dags/example_time_delta_sensor_async.py
[2025-08-14T10:45:52.792+0000] {logging_mixin.py:150} INFO - [2025-08-14T10:45:52.792+0000] {dag.py:2742} INFO - Sync 1 DAGs
[2025-08-14T10:45:52.806+0000] {logging_mixin.py:150} INFO - [2025-08-14T10:45:52.806+0000] {dag.py:3504} INFO - Setting next_dagrun for example_time_delta_sensor_async to None, run_after=None
[2025-08-14T10:45:52.821+0000] {processor.py:179} INFO - Processing /home/vscode/.local/lib/python3.10/site-packages/airflow/example_dags/example_time_delta_sensor_async.py took 0.046 seconds
[2025-08-14T10:46:41.908+0000] {processor.py:157} INFO - Started process (PID=32234) to work on /home/vscode/.local/lib/python3.10/site-packages/airflow/example_dags/example_time_delta_sensor_async.py
[2025-08-14T10:46:41.909+0000] {processor.py:826} INFO - Processing file /home/vscode/.local/lib/python3.10/site-packages/airflow/example_dags/example_time_delta_sensor_async.py for tasks to queue
[2025-08-14T10:46:41.910+0000] {logging_mixin.py:150} INFO - [2025-08-14T10:46:41.909+0000] {dagbag.py:541} INFO - Filling up the DagBag from /home/vscode/.local/lib/python3.10/site-packages/airflow/example_dags/example_time_delta_sensor_async.py
[2025-08-14T10:46:41.913+0000] {processor.py:836} INFO - DAG(s) dict_keys(['example_time_delta_sensor_async']) retrieved from /home/vscode/.local/lib/python3.10/site-packages/airflow/example_dags/example_time_delta_sensor_async.py
[2025-08-14T10:46:41.925+0000] {logging_mixin.py:150} INFO - [2025-08-14T10:46:41.925+0000] {dag.py:2742} INFO - Sync 1 DAGs
[2025-08-14T10:46:41.940+0000] {logging_mixin.py:150} INFO - [2025-08-14T10:46:41.940+0000] {dag.py:3504} INFO - Setting next_dagrun for example_time_delta_sensor_async to None, run_after=None
[2025-08-14T10:46:41.956+0000] {processor.py:179} INFO - Processing /home/vscode/.local/lib/python3.10/site-packages/airflow/example_dags/example_time_delta_sensor_async.py took 0.051 seconds
[2025-08-14T10:47:25.165+0000] {processor.py:157} INFO - Started process (PID=32528) to work on /home/vscode/.local/lib/python3.10/site-packages/airflow/example_dags/example_time_delta_sensor_async.py
[2025-08-14T10:47:25.166+0000] {processor.py:826} INFO - Processing file /home/vscode/.local/lib/python3.10/site-packages/airflow/example_dags/example_time_delta_sensor_async.py for tasks to queue
[2025-08-14T10:47:25.167+0000] {logging_mixin.py:150} INFO - [2025-08-14T10:47:25.166+0000] {dagbag.py:541} INFO - Filling up the DagBag from /home/vscode/.local/lib/python3.10/site-packages/airflow/example_dags/example_time_delta_sensor_async.py
[2025-08-14T10:47:25.173+0000] {processor.py:836} INFO - DAG(s) dict_keys(['example_time_delta_sensor_async']) retrieved from /home/vscode/.local/lib/python3.10/site-packages/airflow/example_dags/example_time_delta_sensor_async.py
[2025-08-14T10:47:25.186+0000] {logging_mixin.py:150} INFO - [2025-08-14T10:47:25.186+0000] {dag.py:2742} INFO - Sync 1 DAGs
[2025-08-14T10:47:25.201+0000] {logging_mixin.py:150} INFO - [2025-08-14T10:47:25.200+0000] {dag.py:3504} INFO - Setting next_dagrun for example_time_delta_sensor_async to None, run_after=None
[2025-08-14T10:47:25.215+0000] {processor.py:179} INFO - Processing /home/vscode/.local/lib/python3.10/site-packages/airflow/example_dags/example_time_delta_sensor_async.py took 0.054 seconds
[2025-08-14T10:48:06.147+0000] {processor.py:157} INFO - Started process (PID=32801) to work on /home/vscode/.local/lib/python3.10/site-packages/airflow/example_dags/example_time_delta_sensor_async.py
[2025-08-14T10:48:06.148+0000] {processor.py:826} INFO - Processing file /home/vscode/.local/lib/python3.10/site-packages/airflow/example_dags/example_time_delta_sensor_async.py for tasks to queue
[2025-08-14T10:48:06.148+0000] {logging_mixin.py:150} INFO - [2025-08-14T10:48:06.148+0000] {dagbag.py:541} INFO - Filling up the DagBag from /home/vscode/.local/lib/python3.10/site-packages/airflow/example_dags/example_time_delta_sensor_async.py
[2025-08-14T10:48:06.152+0000] {processor.py:836} INFO - DAG(s) dict_keys(['example_time_delta_sensor_async']) retrieved from /home/vscode/.local/lib/python3.10/site-packages/airflow/example_dags/example_time_delta_sensor_async.py
[2025-08-14T10:48:06.163+0000] {logging_mixin.py:150} INFO - [2025-08-14T10:48:06.163+0000] {dag.py:2742} INFO - Sync 1 DAGs
[2025-08-14T10:48:06.177+0000] {logging_mixin.py:150} INFO - [2025-08-14T10:48:06.176+0000] {dag.py:3504} INFO - Setting next_dagrun for example_time_delta_sensor_async to None, run_after=None
[2025-08-14T10:48:06.192+0000] {processor.py:179} INFO - Processing /home/vscode/.local/lib/python3.10/site-packages/airflow/example_dags/example_time_delta_sensor_async.py took 0.047 seconds
[2025-08-14T10:48:53.648+0000] {processor.py:157} INFO - Started process (PID=33110) to work on /home/vscode/.local/lib/python3.10/site-packages/airflow/example_dags/example_time_delta_sensor_async.py
[2025-08-14T10:48:53.649+0000] {processor.py:826} INFO - Processing file /home/vscode/.local/lib/python3.10/site-packages/airflow/example_dags/example_time_delta_sensor_async.py for tasks to queue
[2025-08-14T10:48:53.650+0000] {logging_mixin.py:150} INFO - [2025-08-14T10:48:53.649+0000] {dagbag.py:541} INFO - Filling up the DagBag from /home/vscode/.local/lib/python3.10/site-packages/airflow/example_dags/example_time_delta_sensor_async.py
[2025-08-14T10:48:53.654+0000] {processor.py:836} INFO - DAG(s) dict_keys(['example_time_delta_sensor_async']) retrieved from /home/vscode/.local/lib/python3.10/site-packages/airflow/example_dags/example_time_delta_sensor_async.py
[2025-08-14T10:48:53.674+0000] {logging_mixin.py:150} INFO - [2025-08-14T10:48:53.673+0000] {dag.py:2742} INFO - Sync 1 DAGs
[2025-08-14T10:48:53.695+0000] {logging_mixin.py:150} INFO - [2025-08-14T10:48:53.695+0000] {dag.py:3504} INFO - Setting next_dagrun for example_time_delta_sensor_async to None, run_after=None
[2025-08-14T10:48:53.711+0000] {processor.py:179} INFO - Processing /home/vscode/.local/lib/python3.10/site-packages/airflow/example_dags/example_time_delta_sensor_async.py took 0.068 seconds
[2025-08-14T10:49:37.638+0000] {processor.py:157} INFO - Started process (PID=33411) to work on /home/vscode/.local/lib/python3.10/site-packages/airflow/example_dags/example_time_delta_sensor_async.py
[2025-08-14T10:49:37.639+0000] {processor.py:826} INFO - Processing file /home/vscode/.local/lib/python3.10/site-packages/airflow/example_dags/example_time_delta_sensor_async.py for tasks to queue
[2025-08-14T10:49:37.640+0000] {logging_mixin.py:150} INFO - [2025-08-14T10:49:37.639+0000] {dagbag.py:541} INFO - Filling up the DagBag from /home/vscode/.local/lib/python3.10/site-packages/airflow/example_dags/example_time_delta_sensor_async.py
[2025-08-14T10:49:37.643+0000] {processor.py:836} INFO - DAG(s) dict_keys(['example_time_delta_sensor_async']) retrieved from /home/vscode/.local/lib/python3.10/site-packages/airflow/example_dags/example_time_delta_sensor_async.py
[2025-08-14T10:49:37.655+0000] {logging_mixin.py:150} INFO - [2025-08-14T10:49:37.654+0000] {dag.py:2742} INFO - Sync 1 DAGs
[2025-08-14T10:49:37.669+0000] {logging_mixin.py:150} INFO - [2025-08-14T10:49:37.669+0000] {dag.py:3504} INFO - Setting next_dagrun for example_time_delta_sensor_async to None, run_after=None
[2025-08-14T10:49:37.685+0000] {processor.py:179} INFO - Processing /home/vscode/.local/lib/python3.10/site-packages/airflow/example_dags/example_time_delta_sensor_async.py took 0.049 seconds
[2025-08-14T10:50:27.703+0000] {processor.py:157} INFO - Started process (PID=33740) to work on /home/vscode/.local/lib/python3.10/site-packages/airflow/example_dags/example_time_delta_sensor_async.py
[2025-08-14T10:50:27.704+0000] {processor.py:826} INFO - Processing file /home/vscode/.local/lib/python3.10/site-packages/airflow/example_dags/example_time_delta_sensor_async.py for tasks to queue
[2025-08-14T10:50:27.704+0000] {logging_mixin.py:150} INFO - [2025-08-14T10:50:27.704+0000] {dagbag.py:541} INFO - Filling up the DagBag from /home/vscode/.local/lib/python3.10/site-packages/airflow/example_dags/example_time_delta_sensor_async.py
[2025-08-14T10:50:27.708+0000] {processor.py:836} INFO - DAG(s) dict_keys(['example_time_delta_sensor_async']) retrieved from /home/vscode/.local/lib/python3.10/site-packages/airflow/example_dags/example_time_delta_sensor_async.py
[2025-08-14T10:50:27.720+0000] {logging_mixin.py:150} INFO - [2025-08-14T10:50:27.720+0000] {dag.py:2742} INFO - Sync 1 DAGs
[2025-08-14T10:50:27.733+0000] {logging_mixin.py:150} INFO - [2025-08-14T10:50:27.733+0000] {dag.py:3504} INFO - Setting next_dagrun for example_time_delta_sensor_async to None, run_after=None
[2025-08-14T10:50:27.749+0000] {processor.py:179} INFO - Processing /home/vscode/.local/lib/python3.10/site-packages/airflow/example_dags/example_time_delta_sensor_async.py took 0.048 seconds
[2025-08-14T10:51:13.396+0000] {processor.py:157} INFO - Started process (PID=34049) to work on /home/vscode/.local/lib/python3.10/site-packages/airflow/example_dags/example_time_delta_sensor_async.py
[2025-08-14T10:51:13.396+0000] {processor.py:826} INFO - Processing file /home/vscode/.local/lib/python3.10/site-packages/airflow/example_dags/example_time_delta_sensor_async.py for tasks to queue
[2025-08-14T10:51:13.397+0000] {logging_mixin.py:150} INFO - [2025-08-14T10:51:13.397+0000] {dagbag.py:541} INFO - Filling up the DagBag from /home/vscode/.local/lib/python3.10/site-packages/airflow/example_dags/example_time_delta_sensor_async.py
[2025-08-14T10:51:13.400+0000] {processor.py:836} INFO - DAG(s) dict_keys(['example_time_delta_sensor_async']) retrieved from /home/vscode/.local/lib/python3.10/site-packages/airflow/example_dags/example_time_delta_sensor_async.py
[2025-08-14T10:51:13.412+0000] {logging_mixin.py:150} INFO - [2025-08-14T10:51:13.412+0000] {dag.py:2742} INFO - Sync 1 DAGs
[2025-08-14T10:51:13.427+0000] {logging_mixin.py:150} INFO - [2025-08-14T10:51:13.427+0000] {dag.py:3504} INFO - Setting next_dagrun for example_time_delta_sensor_async to None, run_after=None
[2025-08-14T10:51:13.443+0000] {processor.py:179} INFO - Processing /home/vscode/.local/lib/python3.10/site-packages/airflow/example_dags/example_time_delta_sensor_async.py took 0.049 seconds
[2025-08-14T10:51:46.831+0000] {processor.py:157} INFO - Started process (PID=34272) to work on /home/vscode/.local/lib/python3.10/site-packages/airflow/example_dags/example_time_delta_sensor_async.py
[2025-08-14T10:51:46.832+0000] {processor.py:826} INFO - Processing file /home/vscode/.local/lib/python3.10/site-packages/airflow/example_dags/example_time_delta_sensor_async.py for tasks to queue
[2025-08-14T10:51:46.832+0000] {logging_mixin.py:150} INFO - [2025-08-14T10:51:46.832+0000] {dagbag.py:541} INFO - Filling up the DagBag from /home/vscode/.local/lib/python3.10/site-packages/airflow/example_dags/example_time_delta_sensor_async.py
[2025-08-14T10:51:46.837+0000] {processor.py:836} INFO - DAG(s) dict_keys(['example_time_delta_sensor_async']) retrieved from /home/vscode/.local/lib/python3.10/site-packages/airflow/example_dags/example_time_delta_sensor_async.py
[2025-08-14T10:51:46.856+0000] {logging_mixin.py:150} INFO - [2025-08-14T10:51:46.855+0000] {dag.py:2742} INFO - Sync 1 DAGs
[2025-08-14T10:51:46.870+0000] {logging_mixin.py:150} INFO - [2025-08-14T10:51:46.870+0000] {dag.py:3504} INFO - Setting next_dagrun for example_time_delta_sensor_async to None, run_after=None
[2025-08-14T10:51:46.885+0000] {processor.py:179} INFO - Processing /home/vscode/.local/lib/python3.10/site-packages/airflow/example_dags/example_time_delta_sensor_async.py took 0.057 seconds
[2025-08-14T10:52:33.140+0000] {processor.py:157} INFO - Started process (PID=34570) to work on /home/vscode/.local/lib/python3.10/site-packages/airflow/example_dags/example_time_delta_sensor_async.py
[2025-08-14T10:52:33.140+0000] {processor.py:826} INFO - Processing file /home/vscode/.local/lib/python3.10/site-packages/airflow/example_dags/example_time_delta_sensor_async.py for tasks to queue
[2025-08-14T10:52:33.141+0000] {logging_mixin.py:150} INFO - [2025-08-14T10:52:33.140+0000] {dagbag.py:541} INFO - Filling up the DagBag from /home/vscode/.local/lib/python3.10/site-packages/airflow/example_dags/example_time_delta_sensor_async.py
[2025-08-14T10:52:33.144+0000] {processor.py:836} INFO - DAG(s) dict_keys(['example_time_delta_sensor_async']) retrieved from /home/vscode/.local/lib/python3.10/site-packages/airflow/example_dags/example_time_delta_sensor_async.py
[2025-08-14T10:52:33.158+0000] {logging_mixin.py:150} INFO - [2025-08-14T10:52:33.158+0000] {dag.py:2742} INFO - Sync 1 DAGs
[2025-08-14T10:52:33.179+0000] {logging_mixin.py:150} INFO - [2025-08-14T10:52:33.179+0000] {dag.py:3504} INFO - Setting next_dagrun for example_time_delta_sensor_async to None, run_after=None
[2025-08-14T10:52:33.199+0000] {processor.py:179} INFO - Processing /home/vscode/.local/lib/python3.10/site-packages/airflow/example_dags/example_time_delta_sensor_async.py took 0.062 seconds
[2025-08-14T10:53:19.813+0000] {processor.py:157} INFO - Started process (PID=34887) to work on /home/vscode/.local/lib/python3.10/site-packages/airflow/example_dags/example_time_delta_sensor_async.py
[2025-08-14T10:53:19.813+0000] {processor.py:826} INFO - Processing file /home/vscode/.local/lib/python3.10/site-packages/airflow/example_dags/example_time_delta_sensor_async.py for tasks to queue
[2025-08-14T10:53:19.814+0000] {logging_mixin.py:150} INFO - [2025-08-14T10:53:19.814+0000] {dagbag.py:541} INFO - Filling up the DagBag from /home/vscode/.local/lib/python3.10/site-packages/airflow/example_dags/example_time_delta_sensor_async.py
[2025-08-14T10:53:19.817+0000] {processor.py:836} INFO - DAG(s) dict_keys(['example_time_delta_sensor_async']) retrieved from /home/vscode/.local/lib/python3.10/site-packages/airflow/example_dags/example_time_delta_sensor_async.py
[2025-08-14T10:53:19.828+0000] {logging_mixin.py:150} INFO - [2025-08-14T10:53:19.828+0000] {dag.py:2742} INFO - Sync 1 DAGs
[2025-08-14T10:53:19.842+0000] {logging_mixin.py:150} INFO - [2025-08-14T10:53:19.842+0000] {dag.py:3504} INFO - Setting next_dagrun for example_time_delta_sensor_async to None, run_after=None
[2025-08-14T10:53:19.856+0000] {processor.py:179} INFO - Processing /home/vscode/.local/lib/python3.10/site-packages/airflow/example_dags/example_time_delta_sensor_async.py took 0.046 seconds
[2025-08-14T10:54:00.501+0000] {processor.py:157} INFO - Started process (PID=36456) to work on /home/vscode/.local/lib/python3.10/site-packages/airflow/example_dags/example_time_delta_sensor_async.py
[2025-08-14T10:54:00.502+0000] {processor.py:826} INFO - Processing file /home/vscode/.local/lib/python3.10/site-packages/airflow/example_dags/example_time_delta_sensor_async.py for tasks to queue
[2025-08-14T10:54:00.502+0000] {logging_mixin.py:150} INFO - [2025-08-14T10:54:00.502+0000] {dagbag.py:541} INFO - Filling up the DagBag from /home/vscode/.local/lib/python3.10/site-packages/airflow/example_dags/example_time_delta_sensor_async.py
[2025-08-14T10:54:00.506+0000] {processor.py:836} INFO - DAG(s) dict_keys(['example_time_delta_sensor_async']) retrieved from /home/vscode/.local/lib/python3.10/site-packages/airflow/example_dags/example_time_delta_sensor_async.py
[2025-08-14T10:54:00.518+0000] {logging_mixin.py:150} INFO - [2025-08-14T10:54:00.518+0000] {dag.py:2742} INFO - Sync 1 DAGs
[2025-08-14T10:54:00.532+0000] {logging_mixin.py:150} INFO - [2025-08-14T10:54:00.532+0000] {dag.py:3504} INFO - Setting next_dagrun for example_time_delta_sensor_async to None, run_after=None
[2025-08-14T10:54:00.547+0000] {processor.py:179} INFO - Processing /home/vscode/.local/lib/python3.10/site-packages/airflow/example_dags/example_time_delta_sensor_async.py took 0.048 seconds
[2025-08-14T10:54:38.946+0000] {processor.py:157} INFO - Started process (PID=37001) to work on /home/vscode/.local/lib/python3.10/site-packages/airflow/example_dags/example_time_delta_sensor_async.py
[2025-08-14T10:54:38.947+0000] {processor.py:826} INFO - Processing file /home/vscode/.local/lib/python3.10/site-packages/airflow/example_dags/example_time_delta_sensor_async.py for tasks to queue
[2025-08-14T10:54:38.948+0000] {logging_mixin.py:150} INFO - [2025-08-14T10:54:38.947+0000] {dagbag.py:541} INFO - Filling up the DagBag from /home/vscode/.local/lib/python3.10/site-packages/airflow/example_dags/example_time_delta_sensor_async.py
[2025-08-14T10:54:38.951+0000] {processor.py:836} INFO - DAG(s) dict_keys(['example_time_delta_sensor_async']) retrieved from /home/vscode/.local/lib/python3.10/site-packages/airflow/example_dags/example_time_delta_sensor_async.py
[2025-08-14T10:54:38.963+0000] {logging_mixin.py:150} INFO - [2025-08-14T10:54:38.963+0000] {dag.py:2742} INFO - Sync 1 DAGs
[2025-08-14T10:54:38.977+0000] {logging_mixin.py:150} INFO - [2025-08-14T10:54:38.976+0000] {dag.py:3504} INFO - Setting next_dagrun for example_time_delta_sensor_async to None, run_after=None
[2025-08-14T10:54:38.992+0000] {processor.py:179} INFO - Processing /home/vscode/.local/lib/python3.10/site-packages/airflow/example_dags/example_time_delta_sensor_async.py took 0.047 seconds
[2025-08-14T10:55:21.770+0000] {processor.py:157} INFO - Started process (PID=37539) to work on /home/vscode/.local/lib/python3.10/site-packages/airflow/example_dags/example_time_delta_sensor_async.py
[2025-08-14T10:55:21.771+0000] {processor.py:826} INFO - Processing file /home/vscode/.local/lib/python3.10/site-packages/airflow/example_dags/example_time_delta_sensor_async.py for tasks to queue
[2025-08-14T10:55:21.771+0000] {logging_mixin.py:150} INFO - [2025-08-14T10:55:21.771+0000] {dagbag.py:541} INFO - Filling up the DagBag from /home/vscode/.local/lib/python3.10/site-packages/airflow/example_dags/example_time_delta_sensor_async.py
[2025-08-14T10:55:21.775+0000] {processor.py:836} INFO - DAG(s) dict_keys(['example_time_delta_sensor_async']) retrieved from /home/vscode/.local/lib/python3.10/site-packages/airflow/example_dags/example_time_delta_sensor_async.py
[2025-08-14T10:55:21.786+0000] {logging_mixin.py:150} INFO - [2025-08-14T10:55:21.786+0000] {dag.py:2742} INFO - Sync 1 DAGs
[2025-08-14T10:55:21.801+0000] {logging_mixin.py:150} INFO - [2025-08-14T10:55:21.801+0000] {dag.py:3504} INFO - Setting next_dagrun for example_time_delta_sensor_async to None, run_after=None
[2025-08-14T10:55:21.816+0000] {processor.py:179} INFO - Processing /home/vscode/.local/lib/python3.10/site-packages/airflow/example_dags/example_time_delta_sensor_async.py took 0.047 seconds
[2025-08-14T10:56:08.005+0000] {processor.py:157} INFO - Started process (PID=38045) to work on /home/vscode/.local/lib/python3.10/site-packages/airflow/example_dags/example_time_delta_sensor_async.py
[2025-08-14T10:56:08.006+0000] {processor.py:826} INFO - Processing file /home/vscode/.local/lib/python3.10/site-packages/airflow/example_dags/example_time_delta_sensor_async.py for tasks to queue
[2025-08-14T10:56:08.007+0000] {logging_mixin.py:150} INFO - [2025-08-14T10:56:08.006+0000] {dagbag.py:541} INFO - Filling up the DagBag from /home/vscode/.local/lib/python3.10/site-packages/airflow/example_dags/example_time_delta_sensor_async.py
[2025-08-14T10:56:08.011+0000] {processor.py:836} INFO - DAG(s) dict_keys(['example_time_delta_sensor_async']) retrieved from /home/vscode/.local/lib/python3.10/site-packages/airflow/example_dags/example_time_delta_sensor_async.py
[2025-08-14T10:56:08.029+0000] {logging_mixin.py:150} INFO - [2025-08-14T10:56:08.029+0000] {dag.py:2742} INFO - Sync 1 DAGs
[2025-08-14T10:56:08.049+0000] {logging_mixin.py:150} INFO - [2025-08-14T10:56:08.049+0000] {dag.py:3504} INFO - Setting next_dagrun for example_time_delta_sensor_async to None, run_after=None
[2025-08-14T10:56:08.067+0000] {processor.py:179} INFO - Processing /home/vscode/.local/lib/python3.10/site-packages/airflow/example_dags/example_time_delta_sensor_async.py took 0.065 seconds
[2025-08-14T10:56:45.071+0000] {processor.py:157} INFO - Started process (PID=38399) to work on /home/vscode/.local/lib/python3.10/site-packages/airflow/example_dags/example_time_delta_sensor_async.py
[2025-08-14T10:56:45.071+0000] {processor.py:826} INFO - Processing file /home/vscode/.local/lib/python3.10/site-packages/airflow/example_dags/example_time_delta_sensor_async.py for tasks to queue
[2025-08-14T10:56:45.072+0000] {logging_mixin.py:150} INFO - [2025-08-14T10:56:45.072+0000] {dagbag.py:541} INFO - Filling up the DagBag from /home/vscode/.local/lib/python3.10/site-packages/airflow/example_dags/example_time_delta_sensor_async.py
[2025-08-14T10:56:45.077+0000] {processor.py:836} INFO - DAG(s) dict_keys(['example_time_delta_sensor_async']) retrieved from /home/vscode/.local/lib/python3.10/site-packages/airflow/example_dags/example_time_delta_sensor_async.py
[2025-08-14T10:56:45.095+0000] {logging_mixin.py:150} INFO - [2025-08-14T10:56:45.094+0000] {dag.py:2742} INFO - Sync 1 DAGs
[2025-08-14T10:56:45.116+0000] {logging_mixin.py:150} INFO - [2025-08-14T10:56:45.116+0000] {dag.py:3504} INFO - Setting next_dagrun for example_time_delta_sensor_async to None, run_after=None
[2025-08-14T10:56:45.133+0000] {processor.py:179} INFO - Processing /home/vscode/.local/lib/python3.10/site-packages/airflow/example_dags/example_time_delta_sensor_async.py took 0.065 seconds
[2025-08-14T10:57:31.208+0000] {processor.py:157} INFO - Started process (PID=38850) to work on /home/vscode/.local/lib/python3.10/site-packages/airflow/example_dags/example_time_delta_sensor_async.py
[2025-08-14T10:57:31.209+0000] {processor.py:826} INFO - Processing file /home/vscode/.local/lib/python3.10/site-packages/airflow/example_dags/example_time_delta_sensor_async.py for tasks to queue
[2025-08-14T10:57:31.209+0000] {logging_mixin.py:150} INFO - [2025-08-14T10:57:31.209+0000] {dagbag.py:541} INFO - Filling up the DagBag from /home/vscode/.local/lib/python3.10/site-packages/airflow/example_dags/example_time_delta_sensor_async.py
[2025-08-14T10:57:31.213+0000] {processor.py:836} INFO - DAG(s) dict_keys(['example_time_delta_sensor_async']) retrieved from /home/vscode/.local/lib/python3.10/site-packages/airflow/example_dags/example_time_delta_sensor_async.py
[2025-08-14T10:57:31.225+0000] {logging_mixin.py:150} INFO - [2025-08-14T10:57:31.225+0000] {dag.py:2742} INFO - Sync 1 DAGs
[2025-08-14T10:57:31.240+0000] {logging_mixin.py:150} INFO - [2025-08-14T10:57:31.239+0000] {dag.py:3504} INFO - Setting next_dagrun for example_time_delta_sensor_async to None, run_after=None
[2025-08-14T10:57:31.255+0000] {processor.py:179} INFO - Processing /home/vscode/.local/lib/python3.10/site-packages/airflow/example_dags/example_time_delta_sensor_async.py took 0.050 seconds
[2025-08-14T10:58:19.716+0000] {processor.py:157} INFO - Started process (PID=39310) to work on /home/vscode/.local/lib/python3.10/site-packages/airflow/example_dags/example_time_delta_sensor_async.py
[2025-08-14T10:58:19.717+0000] {processor.py:826} INFO - Processing file /home/vscode/.local/lib/python3.10/site-packages/airflow/example_dags/example_time_delta_sensor_async.py for tasks to queue
[2025-08-14T10:58:19.718+0000] {logging_mixin.py:150} INFO - [2025-08-14T10:58:19.717+0000] {dagbag.py:541} INFO - Filling up the DagBag from /home/vscode/.local/lib/python3.10/site-packages/airflow/example_dags/example_time_delta_sensor_async.py
[2025-08-14T10:58:19.722+0000] {processor.py:836} INFO - DAG(s) dict_keys(['example_time_delta_sensor_async']) retrieved from /home/vscode/.local/lib/python3.10/site-packages/airflow/example_dags/example_time_delta_sensor_async.py
[2025-08-14T10:58:19.739+0000] {logging_mixin.py:150} INFO - [2025-08-14T10:58:19.739+0000] {dag.py:2742} INFO - Sync 1 DAGs
[2025-08-14T10:58:19.761+0000] {logging_mixin.py:150} INFO - [2025-08-14T10:58:19.761+0000] {dag.py:3504} INFO - Setting next_dagrun for example_time_delta_sensor_async to None, run_after=None
[2025-08-14T10:58:19.776+0000] {processor.py:179} INFO - Processing /home/vscode/.local/lib/python3.10/site-packages/airflow/example_dags/example_time_delta_sensor_async.py took 0.063 seconds
[2025-08-14T10:59:03.690+0000] {processor.py:157} INFO - Started process (PID=39733) to work on /home/vscode/.local/lib/python3.10/site-packages/airflow/example_dags/example_time_delta_sensor_async.py
[2025-08-14T10:59:03.691+0000] {processor.py:826} INFO - Processing file /home/vscode/.local/lib/python3.10/site-packages/airflow/example_dags/example_time_delta_sensor_async.py for tasks to queue
[2025-08-14T10:59:03.692+0000] {logging_mixin.py:150} INFO - [2025-08-14T10:59:03.691+0000] {dagbag.py:541} INFO - Filling up the DagBag from /home/vscode/.local/lib/python3.10/site-packages/airflow/example_dags/example_time_delta_sensor_async.py
[2025-08-14T10:59:03.697+0000] {processor.py:836} INFO - DAG(s) dict_keys(['example_time_delta_sensor_async']) retrieved from /home/vscode/.local/lib/python3.10/site-packages/airflow/example_dags/example_time_delta_sensor_async.py
[2025-08-14T10:59:03.711+0000] {logging_mixin.py:150} INFO - [2025-08-14T10:59:03.711+0000] {dag.py:2742} INFO - Sync 1 DAGs
[2025-08-14T10:59:03.725+0000] {logging_mixin.py:150} INFO - [2025-08-14T10:59:03.725+0000] {dag.py:3504} INFO - Setting next_dagrun for example_time_delta_sensor_async to None, run_after=None
[2025-08-14T10:59:03.741+0000] {processor.py:179} INFO - Processing /home/vscode/.local/lib/python3.10/site-packages/airflow/example_dags/example_time_delta_sensor_async.py took 0.054 seconds
[2025-08-14T10:59:49.985+0000] {processor.py:157} INFO - Started process (PID=40167) to work on /home/vscode/.local/lib/python3.10/site-packages/airflow/example_dags/example_time_delta_sensor_async.py
[2025-08-14T10:59:49.985+0000] {processor.py:826} INFO - Processing file /home/vscode/.local/lib/python3.10/site-packages/airflow/example_dags/example_time_delta_sensor_async.py for tasks to queue
[2025-08-14T10:59:49.986+0000] {logging_mixin.py:150} INFO - [2025-08-14T10:59:49.986+0000] {dagbag.py:541} INFO - Filling up the DagBag from /home/vscode/.local/lib/python3.10/site-packages/airflow/example_dags/example_time_delta_sensor_async.py
[2025-08-14T10:59:49.989+0000] {processor.py:836} INFO - DAG(s) dict_keys(['example_time_delta_sensor_async']) retrieved from /home/vscode/.local/lib/python3.10/site-packages/airflow/example_dags/example_time_delta_sensor_async.py
[2025-08-14T10:59:50.001+0000] {logging_mixin.py:150} INFO - [2025-08-14T10:59:50.001+0000] {dag.py:2742} INFO - Sync 1 DAGs
[2025-08-14T10:59:50.014+0000] {logging_mixin.py:150} INFO - [2025-08-14T10:59:50.014+0000] {dag.py:3504} INFO - Setting next_dagrun for example_time_delta_sensor_async to None, run_after=None
[2025-08-14T10:59:50.030+0000] {processor.py:179} INFO - Processing /home/vscode/.local/lib/python3.10/site-packages/airflow/example_dags/example_time_delta_sensor_async.py took 0.047 seconds
[2025-08-14T11:00:36.180+0000] {processor.py:157} INFO - Started process (PID=40615) to work on /home/vscode/.local/lib/python3.10/site-packages/airflow/example_dags/example_time_delta_sensor_async.py
[2025-08-14T11:00:36.181+0000] {processor.py:826} INFO - Processing file /home/vscode/.local/lib/python3.10/site-packages/airflow/example_dags/example_time_delta_sensor_async.py for tasks to queue
[2025-08-14T11:00:36.182+0000] {logging_mixin.py:150} INFO - [2025-08-14T11:00:36.181+0000] {dagbag.py:541} INFO - Filling up the DagBag from /home/vscode/.local/lib/python3.10/site-packages/airflow/example_dags/example_time_delta_sensor_async.py
[2025-08-14T11:00:36.185+0000] {processor.py:836} INFO - DAG(s) dict_keys(['example_time_delta_sensor_async']) retrieved from /home/vscode/.local/lib/python3.10/site-packages/airflow/example_dags/example_time_delta_sensor_async.py
[2025-08-14T11:00:36.198+0000] {logging_mixin.py:150} INFO - [2025-08-14T11:00:36.198+0000] {dag.py:2742} INFO - Sync 1 DAGs
[2025-08-14T11:00:36.214+0000] {logging_mixin.py:150} INFO - [2025-08-14T11:00:36.214+0000] {dag.py:3504} INFO - Setting next_dagrun for example_time_delta_sensor_async to None, run_after=None
[2025-08-14T11:00:36.231+0000] {processor.py:179} INFO - Processing /home/vscode/.local/lib/python3.10/site-packages/airflow/example_dags/example_time_delta_sensor_async.py took 0.053 seconds
[2025-08-14T11:01:24.987+0000] {processor.py:157} INFO - Started process (PID=41084) to work on /home/vscode/.local/lib/python3.10/site-packages/airflow/example_dags/example_time_delta_sensor_async.py
[2025-08-14T11:01:24.988+0000] {processor.py:826} INFO - Processing file /home/vscode/.local/lib/python3.10/site-packages/airflow/example_dags/example_time_delta_sensor_async.py for tasks to queue
[2025-08-14T11:01:24.989+0000] {logging_mixin.py:150} INFO - [2025-08-14T11:01:24.988+0000] {dagbag.py:541} INFO - Filling up the DagBag from /home/vscode/.local/lib/python3.10/site-packages/airflow/example_dags/example_time_delta_sensor_async.py
[2025-08-14T11:01:24.993+0000] {processor.py:836} INFO - DAG(s) dict_keys(['example_time_delta_sensor_async']) retrieved from /home/vscode/.local/lib/python3.10/site-packages/airflow/example_dags/example_time_delta_sensor_async.py
[2025-08-14T11:01:25.004+0000] {logging_mixin.py:150} INFO - [2025-08-14T11:01:25.004+0000] {dag.py:2742} INFO - Sync 1 DAGs
[2025-08-14T11:01:25.018+0000] {logging_mixin.py:150} INFO - [2025-08-14T11:01:25.018+0000] {dag.py:3504} INFO - Setting next_dagrun for example_time_delta_sensor_async to None, run_after=None
[2025-08-14T11:01:25.033+0000] {processor.py:179} INFO - Processing /home/vscode/.local/lib/python3.10/site-packages/airflow/example_dags/example_time_delta_sensor_async.py took 0.049 seconds
[2025-08-14T11:01:59.426+0000] {processor.py:157} INFO - Started process (PID=41407) to work on /home/vscode/.local/lib/python3.10/site-packages/airflow/example_dags/example_time_delta_sensor_async.py
[2025-08-14T11:01:59.427+0000] {processor.py:826} INFO - Processing file /home/vscode/.local/lib/python3.10/site-packages/airflow/example_dags/example_time_delta_sensor_async.py for tasks to queue
[2025-08-14T11:01:59.427+0000] {logging_mixin.py:150} INFO - [2025-08-14T11:01:59.427+0000] {dagbag.py:541} INFO - Filling up the DagBag from /home/vscode/.local/lib/python3.10/site-packages/airflow/example_dags/example_time_delta_sensor_async.py
[2025-08-14T11:01:59.431+0000] {processor.py:836} INFO - DAG(s) dict_keys(['example_time_delta_sensor_async']) retrieved from /home/vscode/.local/lib/python3.10/site-packages/airflow/example_dags/example_time_delta_sensor_async.py
[2025-08-14T11:01:59.442+0000] {logging_mixin.py:150} INFO - [2025-08-14T11:01:59.442+0000] {dag.py:2742} INFO - Sync 1 DAGs
[2025-08-14T11:01:59.456+0000] {logging_mixin.py:150} INFO - [2025-08-14T11:01:59.456+0000] {dag.py:3504} INFO - Setting next_dagrun for example_time_delta_sensor_async to None, run_after=None
[2025-08-14T11:01:59.472+0000] {processor.py:179} INFO - Processing /home/vscode/.local/lib/python3.10/site-packages/airflow/example_dags/example_time_delta_sensor_async.py took 0.048 seconds
[2025-08-14T11:02:47.523+0000] {processor.py:157} INFO - Started process (PID=41869) to work on /home/vscode/.local/lib/python3.10/site-packages/airflow/example_dags/example_time_delta_sensor_async.py
[2025-08-14T11:02:47.524+0000] {processor.py:826} INFO - Processing file /home/vscode/.local/lib/python3.10/site-packages/airflow/example_dags/example_time_delta_sensor_async.py for tasks to queue
[2025-08-14T11:02:47.524+0000] {logging_mixin.py:150} INFO - [2025-08-14T11:02:47.524+0000] {dagbag.py:541} INFO - Filling up the DagBag from /home/vscode/.local/lib/python3.10/site-packages/airflow/example_dags/example_time_delta_sensor_async.py
[2025-08-14T11:02:47.527+0000] {processor.py:836} INFO - DAG(s) dict_keys(['example_time_delta_sensor_async']) retrieved from /home/vscode/.local/lib/python3.10/site-packages/airflow/example_dags/example_time_delta_sensor_async.py
[2025-08-14T11:02:47.539+0000] {logging_mixin.py:150} INFO - [2025-08-14T11:02:47.539+0000] {dag.py:2742} INFO - Sync 1 DAGs
[2025-08-14T11:02:47.552+0000] {logging_mixin.py:150} INFO - [2025-08-14T11:02:47.552+0000] {dag.py:3504} INFO - Setting next_dagrun for example_time_delta_sensor_async to None, run_after=None
[2025-08-14T11:02:47.568+0000] {processor.py:179} INFO - Processing /home/vscode/.local/lib/python3.10/site-packages/airflow/example_dags/example_time_delta_sensor_async.py took 0.047 seconds
[2025-08-14T11:03:33.996+0000] {processor.py:157} INFO - Started process (PID=42318) to work on /home/vscode/.local/lib/python3.10/site-packages/airflow/example_dags/example_time_delta_sensor_async.py
[2025-08-14T11:03:33.997+0000] {processor.py:826} INFO - Processing file /home/vscode/.local/lib/python3.10/site-packages/airflow/example_dags/example_time_delta_sensor_async.py for tasks to queue
[2025-08-14T11:03:33.997+0000] {logging_mixin.py:150} INFO - [2025-08-14T11:03:33.997+0000] {dagbag.py:541} INFO - Filling up the DagBag from /home/vscode/.local/lib/python3.10/site-packages/airflow/example_dags/example_time_delta_sensor_async.py
[2025-08-14T11:03:34.001+0000] {processor.py:836} INFO - DAG(s) dict_keys(['example_time_delta_sensor_async']) retrieved from /home/vscode/.local/lib/python3.10/site-packages/airflow/example_dags/example_time_delta_sensor_async.py
[2025-08-14T11:03:34.013+0000] {logging_mixin.py:150} INFO - [2025-08-14T11:03:34.013+0000] {dag.py:2742} INFO - Sync 1 DAGs
[2025-08-14T11:03:34.027+0000] {logging_mixin.py:150} INFO - [2025-08-14T11:03:34.027+0000] {dag.py:3504} INFO - Setting next_dagrun for example_time_delta_sensor_async to None, run_after=None
[2025-08-14T11:03:34.043+0000] {processor.py:179} INFO - Processing /home/vscode/.local/lib/python3.10/site-packages/airflow/example_dags/example_time_delta_sensor_async.py took 0.049 seconds
[2025-08-14T11:04:17.700+0000] {processor.py:157} INFO - Started process (PID=42732) to work on /home/vscode/.local/lib/python3.10/site-packages/airflow/example_dags/example_time_delta_sensor_async.py
[2025-08-14T11:04:17.700+0000] {processor.py:826} INFO - Processing file /home/vscode/.local/lib/python3.10/site-packages/airflow/example_dags/example_time_delta_sensor_async.py for tasks to queue
[2025-08-14T11:04:17.701+0000] {logging_mixin.py:150} INFO - [2025-08-14T11:04:17.701+0000] {dagbag.py:541} INFO - Filling up the DagBag from /home/vscode/.local/lib/python3.10/site-packages/airflow/example_dags/example_time_delta_sensor_async.py
[2025-08-14T11:04:17.705+0000] {processor.py:836} INFO - DAG(s) dict_keys(['example_time_delta_sensor_async']) retrieved from /home/vscode/.local/lib/python3.10/site-packages/airflow/example_dags/example_time_delta_sensor_async.py
[2025-08-14T11:04:17.720+0000] {logging_mixin.py:150} INFO - [2025-08-14T11:04:17.720+0000] {dag.py:2742} INFO - Sync 1 DAGs
[2025-08-14T11:04:17.741+0000] {logging_mixin.py:150} INFO - [2025-08-14T11:04:17.741+0000] {dag.py:3504} INFO - Setting next_dagrun for example_time_delta_sensor_async to None, run_after=None
[2025-08-14T11:04:17.761+0000] {processor.py:179} INFO - Processing /home/vscode/.local/lib/python3.10/site-packages/airflow/example_dags/example_time_delta_sensor_async.py took 0.064 seconds
[2025-08-14T11:04:52.660+0000] {processor.py:157} INFO - Started process (PID=43066) to work on /home/vscode/.local/lib/python3.10/site-packages/airflow/example_dags/example_time_delta_sensor_async.py
[2025-08-14T11:04:52.660+0000] {processor.py:826} INFO - Processing file /home/vscode/.local/lib/python3.10/site-packages/airflow/example_dags/example_time_delta_sensor_async.py for tasks to queue
[2025-08-14T11:04:52.661+0000] {logging_mixin.py:150} INFO - [2025-08-14T11:04:52.661+0000] {dagbag.py:541} INFO - Filling up the DagBag from /home/vscode/.local/lib/python3.10/site-packages/airflow/example_dags/example_time_delta_sensor_async.py
[2025-08-14T11:04:52.665+0000] {processor.py:836} INFO - DAG(s) dict_keys(['example_time_delta_sensor_async']) retrieved from /home/vscode/.local/lib/python3.10/site-packages/airflow/example_dags/example_time_delta_sensor_async.py
[2025-08-14T11:04:52.682+0000] {logging_mixin.py:150} INFO - [2025-08-14T11:04:52.682+0000] {dag.py:2742} INFO - Sync 1 DAGs
[2025-08-14T11:04:52.703+0000] {logging_mixin.py:150} INFO - [2025-08-14T11:04:52.703+0000] {dag.py:3504} INFO - Setting next_dagrun for example_time_delta_sensor_async to None, run_after=None
[2025-08-14T11:04:52.724+0000] {processor.py:179} INFO - Processing /home/vscode/.local/lib/python3.10/site-packages/airflow/example_dags/example_time_delta_sensor_async.py took 0.066 seconds
[2025-08-14T11:05:26.916+0000] {processor.py:157} INFO - Started process (PID=43394) to work on /home/vscode/.local/lib/python3.10/site-packages/airflow/example_dags/example_time_delta_sensor_async.py
[2025-08-14T11:05:26.917+0000] {processor.py:826} INFO - Processing file /home/vscode/.local/lib/python3.10/site-packages/airflow/example_dags/example_time_delta_sensor_async.py for tasks to queue
[2025-08-14T11:05:26.917+0000] {logging_mixin.py:150} INFO - [2025-08-14T11:05:26.917+0000] {dagbag.py:541} INFO - Filling up the DagBag from /home/vscode/.local/lib/python3.10/site-packages/airflow/example_dags/example_time_delta_sensor_async.py
[2025-08-14T11:05:26.921+0000] {processor.py:836} INFO - DAG(s) dict_keys(['example_time_delta_sensor_async']) retrieved from /home/vscode/.local/lib/python3.10/site-packages/airflow/example_dags/example_time_delta_sensor_async.py
[2025-08-14T11:05:26.932+0000] {logging_mixin.py:150} INFO - [2025-08-14T11:05:26.932+0000] {dag.py:2742} INFO - Sync 1 DAGs
[2025-08-14T11:05:26.946+0000] {logging_mixin.py:150} INFO - [2025-08-14T11:05:26.945+0000] {dag.py:3504} INFO - Setting next_dagrun for example_time_delta_sensor_async to None, run_after=None
[2025-08-14T11:05:26.961+0000] {processor.py:179} INFO - Processing /home/vscode/.local/lib/python3.10/site-packages/airflow/example_dags/example_time_delta_sensor_async.py took 0.047 seconds
[2025-08-14T11:06:06.895+0000] {processor.py:157} INFO - Started process (PID=43779) to work on /home/vscode/.local/lib/python3.10/site-packages/airflow/example_dags/example_time_delta_sensor_async.py
[2025-08-14T11:06:06.896+0000] {processor.py:826} INFO - Processing file /home/vscode/.local/lib/python3.10/site-packages/airflow/example_dags/example_time_delta_sensor_async.py for tasks to queue
[2025-08-14T11:06:06.896+0000] {logging_mixin.py:150} INFO - [2025-08-14T11:06:06.896+0000] {dagbag.py:541} INFO - Filling up the DagBag from /home/vscode/.local/lib/python3.10/site-packages/airflow/example_dags/example_time_delta_sensor_async.py
[2025-08-14T11:06:06.900+0000] {processor.py:836} INFO - DAG(s) dict_keys(['example_time_delta_sensor_async']) retrieved from /home/vscode/.local/lib/python3.10/site-packages/airflow/example_dags/example_time_delta_sensor_async.py
[2025-08-14T11:06:06.911+0000] {logging_mixin.py:150} INFO - [2025-08-14T11:06:06.911+0000] {dag.py:2742} INFO - Sync 1 DAGs
[2025-08-14T11:06:06.925+0000] {logging_mixin.py:150} INFO - [2025-08-14T11:06:06.925+0000] {dag.py:3504} INFO - Setting next_dagrun for example_time_delta_sensor_async to None, run_after=None
[2025-08-14T11:06:06.940+0000] {processor.py:179} INFO - Processing /home/vscode/.local/lib/python3.10/site-packages/airflow/example_dags/example_time_delta_sensor_async.py took 0.047 seconds
[2025-08-14T11:06:54.870+0000] {processor.py:157} INFO - Started process (PID=44247) to work on /home/vscode/.local/lib/python3.10/site-packages/airflow/example_dags/example_time_delta_sensor_async.py
[2025-08-14T11:06:54.871+0000] {processor.py:826} INFO - Processing file /home/vscode/.local/lib/python3.10/site-packages/airflow/example_dags/example_time_delta_sensor_async.py for tasks to queue
[2025-08-14T11:06:54.872+0000] {logging_mixin.py:150} INFO - [2025-08-14T11:06:54.871+0000] {dagbag.py:541} INFO - Filling up the DagBag from /home/vscode/.local/lib/python3.10/site-packages/airflow/example_dags/example_time_delta_sensor_async.py
[2025-08-14T11:06:54.877+0000] {processor.py:836} INFO - DAG(s) dict_keys(['example_time_delta_sensor_async']) retrieved from /home/vscode/.local/lib/python3.10/site-packages/airflow/example_dags/example_time_delta_sensor_async.py
[2025-08-14T11:06:54.895+0000] {logging_mixin.py:150} INFO - [2025-08-14T11:06:54.895+0000] {dag.py:2742} INFO - Sync 1 DAGs
[2025-08-14T11:06:54.916+0000] {logging_mixin.py:150} INFO - [2025-08-14T11:06:54.916+0000] {dag.py:3504} INFO - Setting next_dagrun for example_time_delta_sensor_async to None, run_after=None
[2025-08-14T11:06:54.946+0000] {processor.py:179} INFO - Processing /home/vscode/.local/lib/python3.10/site-packages/airflow/example_dags/example_time_delta_sensor_async.py took 0.079 seconds
[2025-08-14T11:07:41.209+0000] {processor.py:157} INFO - Started process (PID=44679) to work on /home/vscode/.local/lib/python3.10/site-packages/airflow/example_dags/example_time_delta_sensor_async.py
[2025-08-14T11:07:41.210+0000] {processor.py:826} INFO - Processing file /home/vscode/.local/lib/python3.10/site-packages/airflow/example_dags/example_time_delta_sensor_async.py for tasks to queue
[2025-08-14T11:07:41.211+0000] {logging_mixin.py:150} INFO - [2025-08-14T11:07:41.210+0000] {dagbag.py:541} INFO - Filling up the DagBag from /home/vscode/.local/lib/python3.10/site-packages/airflow/example_dags/example_time_delta_sensor_async.py
[2025-08-14T11:07:41.214+0000] {processor.py:836} INFO - DAG(s) dict_keys(['example_time_delta_sensor_async']) retrieved from /home/vscode/.local/lib/python3.10/site-packages/airflow/example_dags/example_time_delta_sensor_async.py
[2025-08-14T11:07:41.227+0000] {logging_mixin.py:150} INFO - [2025-08-14T11:07:41.227+0000] {dag.py:2742} INFO - Sync 1 DAGs
[2025-08-14T11:07:41.241+0000] {logging_mixin.py:150} INFO - [2025-08-14T11:07:41.241+0000] {dag.py:3504} INFO - Setting next_dagrun for example_time_delta_sensor_async to None, run_after=None
[2025-08-14T11:07:41.257+0000] {processor.py:179} INFO - Processing /home/vscode/.local/lib/python3.10/site-packages/airflow/example_dags/example_time_delta_sensor_async.py took 0.050 seconds
[2025-08-14T11:08:24.490+0000] {processor.py:157} INFO - Started process (PID=45099) to work on /home/vscode/.local/lib/python3.10/site-packages/airflow/example_dags/example_time_delta_sensor_async.py
[2025-08-14T11:08:24.491+0000] {processor.py:826} INFO - Processing file /home/vscode/.local/lib/python3.10/site-packages/airflow/example_dags/example_time_delta_sensor_async.py for tasks to queue
[2025-08-14T11:08:24.491+0000] {logging_mixin.py:150} INFO - [2025-08-14T11:08:24.491+0000] {dagbag.py:541} INFO - Filling up the DagBag from /home/vscode/.local/lib/python3.10/site-packages/airflow/example_dags/example_time_delta_sensor_async.py
[2025-08-14T11:08:24.494+0000] {processor.py:836} INFO - DAG(s) dict_keys(['example_time_delta_sensor_async']) retrieved from /home/vscode/.local/lib/python3.10/site-packages/airflow/example_dags/example_time_delta_sensor_async.py
[2025-08-14T11:08:24.506+0000] {logging_mixin.py:150} INFO - [2025-08-14T11:08:24.506+0000] {dag.py:2742} INFO - Sync 1 DAGs
[2025-08-14T11:08:24.519+0000] {logging_mixin.py:150} INFO - [2025-08-14T11:08:24.519+0000] {dag.py:3504} INFO - Setting next_dagrun for example_time_delta_sensor_async to None, run_after=None
[2025-08-14T11:08:24.534+0000] {processor.py:179} INFO - Processing /home/vscode/.local/lib/python3.10/site-packages/airflow/example_dags/example_time_delta_sensor_async.py took 0.046 seconds
[2025-08-14T11:09:11.450+0000] {processor.py:157} INFO - Started process (PID=45548) to work on /home/vscode/.local/lib/python3.10/site-packages/airflow/example_dags/example_time_delta_sensor_async.py
[2025-08-14T11:09:11.451+0000] {processor.py:826} INFO - Processing file /home/vscode/.local/lib/python3.10/site-packages/airflow/example_dags/example_time_delta_sensor_async.py for tasks to queue
[2025-08-14T11:09:11.451+0000] {logging_mixin.py:150} INFO - [2025-08-14T11:09:11.451+0000] {dagbag.py:541} INFO - Filling up the DagBag from /home/vscode/.local/lib/python3.10/site-packages/airflow/example_dags/example_time_delta_sensor_async.py
[2025-08-14T11:09:11.455+0000] {processor.py:836} INFO - DAG(s) dict_keys(['example_time_delta_sensor_async']) retrieved from /home/vscode/.local/lib/python3.10/site-packages/airflow/example_dags/example_time_delta_sensor_async.py
[2025-08-14T11:09:11.467+0000] {logging_mixin.py:150} INFO - [2025-08-14T11:09:11.467+0000] {dag.py:2742} INFO - Sync 1 DAGs
[2025-08-14T11:09:11.482+0000] {logging_mixin.py:150} INFO - [2025-08-14T11:09:11.482+0000] {dag.py:3504} INFO - Setting next_dagrun for example_time_delta_sensor_async to None, run_after=None
[2025-08-14T11:09:11.497+0000] {processor.py:179} INFO - Processing /home/vscode/.local/lib/python3.10/site-packages/airflow/example_dags/example_time_delta_sensor_async.py took 0.049 seconds
[2025-08-14T11:09:46.215+0000] {processor.py:157} INFO - Started process (PID=45879) to work on /home/vscode/.local/lib/python3.10/site-packages/airflow/example_dags/example_time_delta_sensor_async.py
[2025-08-14T11:09:46.216+0000] {processor.py:826} INFO - Processing file /home/vscode/.local/lib/python3.10/site-packages/airflow/example_dags/example_time_delta_sensor_async.py for tasks to queue
[2025-08-14T11:09:46.216+0000] {logging_mixin.py:150} INFO - [2025-08-14T11:09:46.216+0000] {dagbag.py:541} INFO - Filling up the DagBag from /home/vscode/.local/lib/python3.10/site-packages/airflow/example_dags/example_time_delta_sensor_async.py
[2025-08-14T11:09:46.219+0000] {processor.py:836} INFO - DAG(s) dict_keys(['example_time_delta_sensor_async']) retrieved from /home/vscode/.local/lib/python3.10/site-packages/airflow/example_dags/example_time_delta_sensor_async.py
[2025-08-14T11:09:46.231+0000] {logging_mixin.py:150} INFO - [2025-08-14T11:09:46.231+0000] {dag.py:2742} INFO - Sync 1 DAGs
[2025-08-14T11:09:46.244+0000] {logging_mixin.py:150} INFO - [2025-08-14T11:09:46.244+0000] {dag.py:3504} INFO - Setting next_dagrun for example_time_delta_sensor_async to None, run_after=None
[2025-08-14T11:09:46.273+0000] {processor.py:179} INFO - Processing /home/vscode/.local/lib/python3.10/site-packages/airflow/example_dags/example_time_delta_sensor_async.py took 0.060 seconds
[2025-08-14T11:10:21.071+0000] {processor.py:157} INFO - Started process (PID=46207) to work on /home/vscode/.local/lib/python3.10/site-packages/airflow/example_dags/example_time_delta_sensor_async.py
[2025-08-14T11:10:21.071+0000] {processor.py:826} INFO - Processing file /home/vscode/.local/lib/python3.10/site-packages/airflow/example_dags/example_time_delta_sensor_async.py for tasks to queue
[2025-08-14T11:10:21.072+0000] {logging_mixin.py:150} INFO - [2025-08-14T11:10:21.072+0000] {dagbag.py:541} INFO - Filling up the DagBag from /home/vscode/.local/lib/python3.10/site-packages/airflow/example_dags/example_time_delta_sensor_async.py
[2025-08-14T11:10:21.075+0000] {processor.py:836} INFO - DAG(s) dict_keys(['example_time_delta_sensor_async']) retrieved from /home/vscode/.local/lib/python3.10/site-packages/airflow/example_dags/example_time_delta_sensor_async.py
[2025-08-14T11:10:21.087+0000] {logging_mixin.py:150} INFO - [2025-08-14T11:10:21.087+0000] {dag.py:2742} INFO - Sync 1 DAGs
[2025-08-14T11:10:21.101+0000] {logging_mixin.py:150} INFO - [2025-08-14T11:10:21.101+0000] {dag.py:3504} INFO - Setting next_dagrun for example_time_delta_sensor_async to None, run_after=None
[2025-08-14T11:10:21.116+0000] {processor.py:179} INFO - Processing /home/vscode/.local/lib/python3.10/site-packages/airflow/example_dags/example_time_delta_sensor_async.py took 0.048 seconds
[2025-08-14T11:11:05.116+0000] {processor.py:157} INFO - Started process (PID=46634) to work on /home/vscode/.local/lib/python3.10/site-packages/airflow/example_dags/example_time_delta_sensor_async.py
[2025-08-14T11:11:05.116+0000] {processor.py:826} INFO - Processing file /home/vscode/.local/lib/python3.10/site-packages/airflow/example_dags/example_time_delta_sensor_async.py for tasks to queue
[2025-08-14T11:11:05.117+0000] {logging_mixin.py:150} INFO - [2025-08-14T11:11:05.117+0000] {dagbag.py:541} INFO - Filling up the DagBag from /home/vscode/.local/lib/python3.10/site-packages/airflow/example_dags/example_time_delta_sensor_async.py
[2025-08-14T11:11:05.120+0000] {processor.py:836} INFO - DAG(s) dict_keys(['example_time_delta_sensor_async']) retrieved from /home/vscode/.local/lib/python3.10/site-packages/airflow/example_dags/example_time_delta_sensor_async.py
[2025-08-14T11:11:05.133+0000] {logging_mixin.py:150} INFO - [2025-08-14T11:11:05.133+0000] {dag.py:2742} INFO - Sync 1 DAGs
[2025-08-14T11:11:05.147+0000] {logging_mixin.py:150} INFO - [2025-08-14T11:11:05.147+0000] {dag.py:3504} INFO - Setting next_dagrun for example_time_delta_sensor_async to None, run_after=None
[2025-08-14T11:11:05.162+0000] {processor.py:179} INFO - Processing /home/vscode/.local/lib/python3.10/site-packages/airflow/example_dags/example_time_delta_sensor_async.py took 0.049 seconds
[2025-08-14T11:11:46.349+0000] {processor.py:157} INFO - Started process (PID=47026) to work on /home/vscode/.local/lib/python3.10/site-packages/airflow/example_dags/example_time_delta_sensor_async.py
[2025-08-14T11:11:46.349+0000] {processor.py:826} INFO - Processing file /home/vscode/.local/lib/python3.10/site-packages/airflow/example_dags/example_time_delta_sensor_async.py for tasks to queue
[2025-08-14T11:11:46.350+0000] {logging_mixin.py:150} INFO - [2025-08-14T11:11:46.350+0000] {dagbag.py:541} INFO - Filling up the DagBag from /home/vscode/.local/lib/python3.10/site-packages/airflow/example_dags/example_time_delta_sensor_async.py
[2025-08-14T11:11:46.353+0000] {processor.py:836} INFO - DAG(s) dict_keys(['example_time_delta_sensor_async']) retrieved from /home/vscode/.local/lib/python3.10/site-packages/airflow/example_dags/example_time_delta_sensor_async.py
[2025-08-14T11:11:46.364+0000] {logging_mixin.py:150} INFO - [2025-08-14T11:11:46.364+0000] {dag.py:2742} INFO - Sync 1 DAGs
[2025-08-14T11:11:46.378+0000] {logging_mixin.py:150} INFO - [2025-08-14T11:11:46.378+0000] {dag.py:3504} INFO - Setting next_dagrun for example_time_delta_sensor_async to None, run_after=None
[2025-08-14T11:11:46.393+0000] {processor.py:179} INFO - Processing /home/vscode/.local/lib/python3.10/site-packages/airflow/example_dags/example_time_delta_sensor_async.py took 0.046 seconds
[2025-08-14T11:12:28.323+0000] {processor.py:157} INFO - Started process (PID=47435) to work on /home/vscode/.local/lib/python3.10/site-packages/airflow/example_dags/example_time_delta_sensor_async.py
[2025-08-14T11:12:28.324+0000] {processor.py:826} INFO - Processing file /home/vscode/.local/lib/python3.10/site-packages/airflow/example_dags/example_time_delta_sensor_async.py for tasks to queue
[2025-08-14T11:12:28.324+0000] {logging_mixin.py:150} INFO - [2025-08-14T11:12:28.324+0000] {dagbag.py:541} INFO - Filling up the DagBag from /home/vscode/.local/lib/python3.10/site-packages/airflow/example_dags/example_time_delta_sensor_async.py
[2025-08-14T11:12:28.328+0000] {processor.py:836} INFO - DAG(s) dict_keys(['example_time_delta_sensor_async']) retrieved from /home/vscode/.local/lib/python3.10/site-packages/airflow/example_dags/example_time_delta_sensor_async.py
[2025-08-14T11:12:28.340+0000] {logging_mixin.py:150} INFO - [2025-08-14T11:12:28.340+0000] {dag.py:2742} INFO - Sync 1 DAGs
[2025-08-14T11:12:28.354+0000] {logging_mixin.py:150} INFO - [2025-08-14T11:12:28.354+0000] {dag.py:3504} INFO - Setting next_dagrun for example_time_delta_sensor_async to None, run_after=None
[2025-08-14T11:12:28.369+0000] {processor.py:179} INFO - Processing /home/vscode/.local/lib/python3.10/site-packages/airflow/example_dags/example_time_delta_sensor_async.py took 0.049 seconds
[2025-08-14T11:13:02.328+0000] {processor.py:157} INFO - Started process (PID=47750) to work on /home/vscode/.local/lib/python3.10/site-packages/airflow/example_dags/example_time_delta_sensor_async.py
[2025-08-14T11:13:02.329+0000] {processor.py:826} INFO - Processing file /home/vscode/.local/lib/python3.10/site-packages/airflow/example_dags/example_time_delta_sensor_async.py for tasks to queue
[2025-08-14T11:13:02.330+0000] {logging_mixin.py:150} INFO - [2025-08-14T11:13:02.329+0000] {dagbag.py:541} INFO - Filling up the DagBag from /home/vscode/.local/lib/python3.10/site-packages/airflow/example_dags/example_time_delta_sensor_async.py
[2025-08-14T11:13:02.333+0000] {processor.py:836} INFO - DAG(s) dict_keys(['example_time_delta_sensor_async']) retrieved from /home/vscode/.local/lib/python3.10/site-packages/airflow/example_dags/example_time_delta_sensor_async.py
[2025-08-14T11:13:02.344+0000] {logging_mixin.py:150} INFO - [2025-08-14T11:13:02.344+0000] {dag.py:2742} INFO - Sync 1 DAGs
[2025-08-14T11:13:02.358+0000] {logging_mixin.py:150} INFO - [2025-08-14T11:13:02.357+0000] {dag.py:3504} INFO - Setting next_dagrun for example_time_delta_sensor_async to None, run_after=None
[2025-08-14T11:13:02.372+0000] {processor.py:179} INFO - Processing /home/vscode/.local/lib/python3.10/site-packages/airflow/example_dags/example_time_delta_sensor_async.py took 0.046 seconds
[2025-08-14T11:13:52.421+0000] {processor.py:157} INFO - Started process (PID=48227) to work on /home/vscode/.local/lib/python3.10/site-packages/airflow/example_dags/example_time_delta_sensor_async.py
[2025-08-14T11:13:52.422+0000] {processor.py:826} INFO - Processing file /home/vscode/.local/lib/python3.10/site-packages/airflow/example_dags/example_time_delta_sensor_async.py for tasks to queue
[2025-08-14T11:13:52.423+0000] {logging_mixin.py:150} INFO - [2025-08-14T11:13:52.422+0000] {dagbag.py:541} INFO - Filling up the DagBag from /home/vscode/.local/lib/python3.10/site-packages/airflow/example_dags/example_time_delta_sensor_async.py
[2025-08-14T11:13:52.426+0000] {processor.py:836} INFO - DAG(s) dict_keys(['example_time_delta_sensor_async']) retrieved from /home/vscode/.local/lib/python3.10/site-packages/airflow/example_dags/example_time_delta_sensor_async.py
[2025-08-14T11:13:52.438+0000] {logging_mixin.py:150} INFO - [2025-08-14T11:13:52.438+0000] {dag.py:2742} INFO - Sync 1 DAGs
[2025-08-14T11:13:52.453+0000] {logging_mixin.py:150} INFO - [2025-08-14T11:13:52.452+0000] {dag.py:3504} INFO - Setting next_dagrun for example_time_delta_sensor_async to None, run_after=None
[2025-08-14T11:13:52.470+0000] {processor.py:179} INFO - Processing /home/vscode/.local/lib/python3.10/site-packages/airflow/example_dags/example_time_delta_sensor_async.py took 0.050 seconds
[2025-08-14T11:14:36.807+0000] {processor.py:157} INFO - Started process (PID=48655) to work on /home/vscode/.local/lib/python3.10/site-packages/airflow/example_dags/example_time_delta_sensor_async.py
[2025-08-14T11:14:36.808+0000] {processor.py:826} INFO - Processing file /home/vscode/.local/lib/python3.10/site-packages/airflow/example_dags/example_time_delta_sensor_async.py for tasks to queue
[2025-08-14T11:14:36.809+0000] {logging_mixin.py:150} INFO - [2025-08-14T11:14:36.809+0000] {dagbag.py:541} INFO - Filling up the DagBag from /home/vscode/.local/lib/python3.10/site-packages/airflow/example_dags/example_time_delta_sensor_async.py
[2025-08-14T11:14:36.812+0000] {processor.py:836} INFO - DAG(s) dict_keys(['example_time_delta_sensor_async']) retrieved from /home/vscode/.local/lib/python3.10/site-packages/airflow/example_dags/example_time_delta_sensor_async.py
[2025-08-14T11:14:36.827+0000] {logging_mixin.py:150} INFO - [2025-08-14T11:14:36.827+0000] {dag.py:2742} INFO - Sync 1 DAGs
[2025-08-14T11:14:36.847+0000] {logging_mixin.py:150} INFO - [2025-08-14T11:14:36.847+0000] {dag.py:3504} INFO - Setting next_dagrun for example_time_delta_sensor_async to None, run_after=None
[2025-08-14T11:14:36.864+0000] {processor.py:179} INFO - Processing /home/vscode/.local/lib/python3.10/site-packages/airflow/example_dags/example_time_delta_sensor_async.py took 0.059 seconds
[2025-08-14T11:15:10.650+0000] {processor.py:157} INFO - Started process (PID=48980) to work on /home/vscode/.local/lib/python3.10/site-packages/airflow/example_dags/example_time_delta_sensor_async.py
[2025-08-14T11:15:10.651+0000] {processor.py:826} INFO - Processing file /home/vscode/.local/lib/python3.10/site-packages/airflow/example_dags/example_time_delta_sensor_async.py for tasks to queue
[2025-08-14T11:15:10.652+0000] {logging_mixin.py:150} INFO - [2025-08-14T11:15:10.651+0000] {dagbag.py:541} INFO - Filling up the DagBag from /home/vscode/.local/lib/python3.10/site-packages/airflow/example_dags/example_time_delta_sensor_async.py
[2025-08-14T11:15:10.659+0000] {processor.py:836} INFO - DAG(s) dict_keys(['example_time_delta_sensor_async']) retrieved from /home/vscode/.local/lib/python3.10/site-packages/airflow/example_dags/example_time_delta_sensor_async.py
[2025-08-14T11:15:10.682+0000] {logging_mixin.py:150} INFO - [2025-08-14T11:15:10.682+0000] {dag.py:2742} INFO - Sync 1 DAGs
[2025-08-14T11:15:10.705+0000] {logging_mixin.py:150} INFO - [2025-08-14T11:15:10.705+0000] {dag.py:3504} INFO - Setting next_dagrun for example_time_delta_sensor_async to None, run_after=None
[2025-08-14T11:15:10.721+0000] {processor.py:179} INFO - Processing /home/vscode/.local/lib/python3.10/site-packages/airflow/example_dags/example_time_delta_sensor_async.py took 0.074 seconds
[2025-08-14T11:15:44.349+0000] {processor.py:157} INFO - Started process (PID=49301) to work on /home/vscode/.local/lib/python3.10/site-packages/airflow/example_dags/example_time_delta_sensor_async.py
[2025-08-14T11:15:44.349+0000] {processor.py:826} INFO - Processing file /home/vscode/.local/lib/python3.10/site-packages/airflow/example_dags/example_time_delta_sensor_async.py for tasks to queue
[2025-08-14T11:15:44.350+0000] {logging_mixin.py:150} INFO - [2025-08-14T11:15:44.350+0000] {dagbag.py:541} INFO - Filling up the DagBag from /home/vscode/.local/lib/python3.10/site-packages/airflow/example_dags/example_time_delta_sensor_async.py
[2025-08-14T11:15:44.353+0000] {processor.py:836} INFO - DAG(s) dict_keys(['example_time_delta_sensor_async']) retrieved from /home/vscode/.local/lib/python3.10/site-packages/airflow/example_dags/example_time_delta_sensor_async.py
[2025-08-14T11:15:44.365+0000] {logging_mixin.py:150} INFO - [2025-08-14T11:15:44.365+0000] {dag.py:2742} INFO - Sync 1 DAGs
[2025-08-14T11:15:44.379+0000] {logging_mixin.py:150} INFO - [2025-08-14T11:15:44.379+0000] {dag.py:3504} INFO - Setting next_dagrun for example_time_delta_sensor_async to None, run_after=None
[2025-08-14T11:15:44.394+0000] {processor.py:179} INFO - Processing /home/vscode/.local/lib/python3.10/site-packages/airflow/example_dags/example_time_delta_sensor_async.py took 0.048 seconds
[2025-08-14T11:16:32.858+0000] {processor.py:157} INFO - Started process (PID=49765) to work on /home/vscode/.local/lib/python3.10/site-packages/airflow/example_dags/example_time_delta_sensor_async.py
[2025-08-14T11:16:32.859+0000] {processor.py:826} INFO - Processing file /home/vscode/.local/lib/python3.10/site-packages/airflow/example_dags/example_time_delta_sensor_async.py for tasks to queue
[2025-08-14T11:16:32.860+0000] {logging_mixin.py:150} INFO - [2025-08-14T11:16:32.860+0000] {dagbag.py:541} INFO - Filling up the DagBag from /home/vscode/.local/lib/python3.10/site-packages/airflow/example_dags/example_time_delta_sensor_async.py
[2025-08-14T11:16:32.863+0000] {processor.py:836} INFO - DAG(s) dict_keys(['example_time_delta_sensor_async']) retrieved from /home/vscode/.local/lib/python3.10/site-packages/airflow/example_dags/example_time_delta_sensor_async.py
[2025-08-14T11:16:32.875+0000] {logging_mixin.py:150} INFO - [2025-08-14T11:16:32.874+0000] {dag.py:2742} INFO - Sync 1 DAGs
[2025-08-14T11:16:32.888+0000] {logging_mixin.py:150} INFO - [2025-08-14T11:16:32.888+0000] {dag.py:3504} INFO - Setting next_dagrun for example_time_delta_sensor_async to None, run_after=None
[2025-08-14T11:16:32.904+0000] {processor.py:179} INFO - Processing /home/vscode/.local/lib/python3.10/site-packages/airflow/example_dags/example_time_delta_sensor_async.py took 0.047 seconds
[2025-08-14T11:17:16.554+0000] {processor.py:157} INFO - Started process (PID=50184) to work on /home/vscode/.local/lib/python3.10/site-packages/airflow/example_dags/example_time_delta_sensor_async.py
[2025-08-14T11:17:16.555+0000] {processor.py:826} INFO - Processing file /home/vscode/.local/lib/python3.10/site-packages/airflow/example_dags/example_time_delta_sensor_async.py for tasks to queue
[2025-08-14T11:17:16.556+0000] {logging_mixin.py:150} INFO - [2025-08-14T11:17:16.556+0000] {dagbag.py:541} INFO - Filling up the DagBag from /home/vscode/.local/lib/python3.10/site-packages/airflow/example_dags/example_time_delta_sensor_async.py
[2025-08-14T11:17:16.559+0000] {processor.py:836} INFO - DAG(s) dict_keys(['example_time_delta_sensor_async']) retrieved from /home/vscode/.local/lib/python3.10/site-packages/airflow/example_dags/example_time_delta_sensor_async.py
[2025-08-14T11:17:16.572+0000] {logging_mixin.py:150} INFO - [2025-08-14T11:17:16.572+0000] {dag.py:2742} INFO - Sync 1 DAGs
[2025-08-14T11:17:16.586+0000] {logging_mixin.py:150} INFO - [2025-08-14T11:17:16.586+0000] {dag.py:3504} INFO - Setting next_dagrun for example_time_delta_sensor_async to None, run_after=None
[2025-08-14T11:17:16.601+0000] {processor.py:179} INFO - Processing /home/vscode/.local/lib/python3.10/site-packages/airflow/example_dags/example_time_delta_sensor_async.py took 0.049 seconds
[2025-08-14T11:18:01.388+0000] {processor.py:157} INFO - Started process (PID=50615) to work on /home/vscode/.local/lib/python3.10/site-packages/airflow/example_dags/example_time_delta_sensor_async.py
[2025-08-14T11:18:01.389+0000] {processor.py:826} INFO - Processing file /home/vscode/.local/lib/python3.10/site-packages/airflow/example_dags/example_time_delta_sensor_async.py for tasks to queue
[2025-08-14T11:18:01.390+0000] {logging_mixin.py:150} INFO - [2025-08-14T11:18:01.390+0000] {dagbag.py:541} INFO - Filling up the DagBag from /home/vscode/.local/lib/python3.10/site-packages/airflow/example_dags/example_time_delta_sensor_async.py
[2025-08-14T11:18:01.395+0000] {processor.py:836} INFO - DAG(s) dict_keys(['example_time_delta_sensor_async']) retrieved from /home/vscode/.local/lib/python3.10/site-packages/airflow/example_dags/example_time_delta_sensor_async.py
[2025-08-14T11:18:01.408+0000] {logging_mixin.py:150} INFO - [2025-08-14T11:18:01.408+0000] {dag.py:2742} INFO - Sync 1 DAGs
[2025-08-14T11:18:01.424+0000] {logging_mixin.py:150} INFO - [2025-08-14T11:18:01.424+0000] {dag.py:3504} INFO - Setting next_dagrun for example_time_delta_sensor_async to None, run_after=None
[2025-08-14T11:18:01.439+0000] {processor.py:179} INFO - Processing /home/vscode/.local/lib/python3.10/site-packages/airflow/example_dags/example_time_delta_sensor_async.py took 0.054 seconds
[2025-08-14T11:18:46.483+0000] {processor.py:157} INFO - Started process (PID=51040) to work on /home/vscode/.local/lib/python3.10/site-packages/airflow/example_dags/example_time_delta_sensor_async.py
[2025-08-14T11:18:46.484+0000] {processor.py:826} INFO - Processing file /home/vscode/.local/lib/python3.10/site-packages/airflow/example_dags/example_time_delta_sensor_async.py for tasks to queue
[2025-08-14T11:18:46.484+0000] {logging_mixin.py:150} INFO - [2025-08-14T11:18:46.484+0000] {dagbag.py:541} INFO - Filling up the DagBag from /home/vscode/.local/lib/python3.10/site-packages/airflow/example_dags/example_time_delta_sensor_async.py
[2025-08-14T11:18:46.488+0000] {processor.py:836} INFO - DAG(s) dict_keys(['example_time_delta_sensor_async']) retrieved from /home/vscode/.local/lib/python3.10/site-packages/airflow/example_dags/example_time_delta_sensor_async.py
[2025-08-14T11:18:46.499+0000] {logging_mixin.py:150} INFO - [2025-08-14T11:18:46.499+0000] {dag.py:2742} INFO - Sync 1 DAGs
[2025-08-14T11:18:46.513+0000] {logging_mixin.py:150} INFO - [2025-08-14T11:18:46.513+0000] {dag.py:3504} INFO - Setting next_dagrun for example_time_delta_sensor_async to None, run_after=None
[2025-08-14T11:18:46.529+0000] {processor.py:179} INFO - Processing /home/vscode/.local/lib/python3.10/site-packages/airflow/example_dags/example_time_delta_sensor_async.py took 0.048 seconds
[2025-08-14T11:19:28.324+0000] {processor.py:157} INFO - Started process (PID=51449) to work on /home/vscode/.local/lib/python3.10/site-packages/airflow/example_dags/example_time_delta_sensor_async.py
[2025-08-14T11:19:28.325+0000] {processor.py:826} INFO - Processing file /home/vscode/.local/lib/python3.10/site-packages/airflow/example_dags/example_time_delta_sensor_async.py for tasks to queue
[2025-08-14T11:19:28.326+0000] {logging_mixin.py:150} INFO - [2025-08-14T11:19:28.325+0000] {dagbag.py:541} INFO - Filling up the DagBag from /home/vscode/.local/lib/python3.10/site-packages/airflow/example_dags/example_time_delta_sensor_async.py
[2025-08-14T11:19:28.329+0000] {processor.py:836} INFO - DAG(s) dict_keys(['example_time_delta_sensor_async']) retrieved from /home/vscode/.local/lib/python3.10/site-packages/airflow/example_dags/example_time_delta_sensor_async.py
[2025-08-14T11:19:28.342+0000] {logging_mixin.py:150} INFO - [2025-08-14T11:19:28.342+0000] {dag.py:2742} INFO - Sync 1 DAGs
[2025-08-14T11:19:28.357+0000] {logging_mixin.py:150} INFO - [2025-08-14T11:19:28.357+0000] {dag.py:3504} INFO - Setting next_dagrun for example_time_delta_sensor_async to None, run_after=None
[2025-08-14T11:19:28.373+0000] {processor.py:179} INFO - Processing /home/vscode/.local/lib/python3.10/site-packages/airflow/example_dags/example_time_delta_sensor_async.py took 0.051 seconds
[2025-08-14T11:20:04.509+0000] {processor.py:157} INFO - Started process (PID=51783) to work on /home/vscode/.local/lib/python3.10/site-packages/airflow/example_dags/example_time_delta_sensor_async.py
[2025-08-14T11:20:04.510+0000] {processor.py:826} INFO - Processing file /home/vscode/.local/lib/python3.10/site-packages/airflow/example_dags/example_time_delta_sensor_async.py for tasks to queue
[2025-08-14T11:20:04.511+0000] {logging_mixin.py:150} INFO - [2025-08-14T11:20:04.510+0000] {dagbag.py:541} INFO - Filling up the DagBag from /home/vscode/.local/lib/python3.10/site-packages/airflow/example_dags/example_time_delta_sensor_async.py
[2025-08-14T11:20:04.514+0000] {processor.py:836} INFO - DAG(s) dict_keys(['example_time_delta_sensor_async']) retrieved from /home/vscode/.local/lib/python3.10/site-packages/airflow/example_dags/example_time_delta_sensor_async.py
[2025-08-14T11:20:04.526+0000] {logging_mixin.py:150} INFO - [2025-08-14T11:20:04.526+0000] {dag.py:2742} INFO - Sync 1 DAGs
[2025-08-14T11:20:04.539+0000] {logging_mixin.py:150} INFO - [2025-08-14T11:20:04.539+0000] {dag.py:3504} INFO - Setting next_dagrun for example_time_delta_sensor_async to None, run_after=None
[2025-08-14T11:20:04.555+0000] {processor.py:179} INFO - Processing /home/vscode/.local/lib/python3.10/site-packages/airflow/example_dags/example_time_delta_sensor_async.py took 0.048 seconds
[2025-08-14T11:20:48.490+0000] {processor.py:157} INFO - Started process (PID=52210) to work on /home/vscode/.local/lib/python3.10/site-packages/airflow/example_dags/example_time_delta_sensor_async.py
[2025-08-14T11:20:48.490+0000] {processor.py:826} INFO - Processing file /home/vscode/.local/lib/python3.10/site-packages/airflow/example_dags/example_time_delta_sensor_async.py for tasks to queue
[2025-08-14T11:20:48.491+0000] {logging_mixin.py:150} INFO - [2025-08-14T11:20:48.491+0000] {dagbag.py:541} INFO - Filling up the DagBag from /home/vscode/.local/lib/python3.10/site-packages/airflow/example_dags/example_time_delta_sensor_async.py
[2025-08-14T11:20:48.494+0000] {processor.py:836} INFO - DAG(s) dict_keys(['example_time_delta_sensor_async']) retrieved from /home/vscode/.local/lib/python3.10/site-packages/airflow/example_dags/example_time_delta_sensor_async.py
[2025-08-14T11:20:48.506+0000] {logging_mixin.py:150} INFO - [2025-08-14T11:20:48.505+0000] {dag.py:2742} INFO - Sync 1 DAGs
[2025-08-14T11:20:48.519+0000] {logging_mixin.py:150} INFO - [2025-08-14T11:20:48.519+0000] {dag.py:3504} INFO - Setting next_dagrun for example_time_delta_sensor_async to None, run_after=None
[2025-08-14T11:20:48.534+0000] {processor.py:179} INFO - Processing /home/vscode/.local/lib/python3.10/site-packages/airflow/example_dags/example_time_delta_sensor_async.py took 0.046 seconds
[2025-08-14T11:21:36.708+0000] {processor.py:157} INFO - Started process (PID=52667) to work on /home/vscode/.local/lib/python3.10/site-packages/airflow/example_dags/example_time_delta_sensor_async.py
[2025-08-14T11:21:36.709+0000] {processor.py:826} INFO - Processing file /home/vscode/.local/lib/python3.10/site-packages/airflow/example_dags/example_time_delta_sensor_async.py for tasks to queue
[2025-08-14T11:21:36.710+0000] {logging_mixin.py:150} INFO - [2025-08-14T11:21:36.709+0000] {dagbag.py:541} INFO - Filling up the DagBag from /home/vscode/.local/lib/python3.10/site-packages/airflow/example_dags/example_time_delta_sensor_async.py
[2025-08-14T11:21:36.713+0000] {processor.py:836} INFO - DAG(s) dict_keys(['example_time_delta_sensor_async']) retrieved from /home/vscode/.local/lib/python3.10/site-packages/airflow/example_dags/example_time_delta_sensor_async.py
[2025-08-14T11:21:36.724+0000] {logging_mixin.py:150} INFO - [2025-08-14T11:21:36.724+0000] {dag.py:2742} INFO - Sync 1 DAGs
[2025-08-14T11:21:36.738+0000] {logging_mixin.py:150} INFO - [2025-08-14T11:21:36.738+0000] {dag.py:3504} INFO - Setting next_dagrun for example_time_delta_sensor_async to None, run_after=None
[2025-08-14T11:21:36.753+0000] {processor.py:179} INFO - Processing /home/vscode/.local/lib/python3.10/site-packages/airflow/example_dags/example_time_delta_sensor_async.py took 0.047 seconds
[2025-08-14T11:22:20.983+0000] {processor.py:157} INFO - Started process (PID=53101) to work on /home/vscode/.local/lib/python3.10/site-packages/airflow/example_dags/example_time_delta_sensor_async.py
[2025-08-14T11:22:20.984+0000] {processor.py:826} INFO - Processing file /home/vscode/.local/lib/python3.10/site-packages/airflow/example_dags/example_time_delta_sensor_async.py for tasks to queue
[2025-08-14T11:22:20.984+0000] {logging_mixin.py:150} INFO - [2025-08-14T11:22:20.984+0000] {dagbag.py:541} INFO - Filling up the DagBag from /home/vscode/.local/lib/python3.10/site-packages/airflow/example_dags/example_time_delta_sensor_async.py
[2025-08-14T11:22:20.988+0000] {processor.py:836} INFO - DAG(s) dict_keys(['example_time_delta_sensor_async']) retrieved from /home/vscode/.local/lib/python3.10/site-packages/airflow/example_dags/example_time_delta_sensor_async.py
[2025-08-14T11:22:21.000+0000] {logging_mixin.py:150} INFO - [2025-08-14T11:22:21.000+0000] {dag.py:2742} INFO - Sync 1 DAGs
[2025-08-14T11:22:21.014+0000] {logging_mixin.py:150} INFO - [2025-08-14T11:22:21.014+0000] {dag.py:3504} INFO - Setting next_dagrun for example_time_delta_sensor_async to None, run_after=None
[2025-08-14T11:22:21.029+0000] {processor.py:179} INFO - Processing /home/vscode/.local/lib/python3.10/site-packages/airflow/example_dags/example_time_delta_sensor_async.py took 0.049 seconds
[2025-08-14T11:23:08.668+0000] {processor.py:157} INFO - Started process (PID=53553) to work on /home/vscode/.local/lib/python3.10/site-packages/airflow/example_dags/example_time_delta_sensor_async.py
[2025-08-14T11:23:08.669+0000] {processor.py:826} INFO - Processing file /home/vscode/.local/lib/python3.10/site-packages/airflow/example_dags/example_time_delta_sensor_async.py for tasks to queue
[2025-08-14T11:23:08.670+0000] {logging_mixin.py:150} INFO - [2025-08-14T11:23:08.669+0000] {dagbag.py:541} INFO - Filling up the DagBag from /home/vscode/.local/lib/python3.10/site-packages/airflow/example_dags/example_time_delta_sensor_async.py
[2025-08-14T11:23:08.673+0000] {processor.py:836} INFO - DAG(s) dict_keys(['example_time_delta_sensor_async']) retrieved from /home/vscode/.local/lib/python3.10/site-packages/airflow/example_dags/example_time_delta_sensor_async.py
[2025-08-14T11:23:08.685+0000] {logging_mixin.py:150} INFO - [2025-08-14T11:23:08.684+0000] {dag.py:2742} INFO - Sync 1 DAGs
[2025-08-14T11:23:08.698+0000] {logging_mixin.py:150} INFO - [2025-08-14T11:23:08.698+0000] {dag.py:3504} INFO - Setting next_dagrun for example_time_delta_sensor_async to None, run_after=None
[2025-08-14T11:23:08.714+0000] {processor.py:179} INFO - Processing /home/vscode/.local/lib/python3.10/site-packages/airflow/example_dags/example_time_delta_sensor_async.py took 0.048 seconds
[2025-08-14T11:23:57.099+0000] {processor.py:157} INFO - Started process (PID=54017) to work on /home/vscode/.local/lib/python3.10/site-packages/airflow/example_dags/example_time_delta_sensor_async.py
[2025-08-14T11:23:57.100+0000] {processor.py:826} INFO - Processing file /home/vscode/.local/lib/python3.10/site-packages/airflow/example_dags/example_time_delta_sensor_async.py for tasks to queue
[2025-08-14T11:23:57.100+0000] {logging_mixin.py:150} INFO - [2025-08-14T11:23:57.100+0000] {dagbag.py:541} INFO - Filling up the DagBag from /home/vscode/.local/lib/python3.10/site-packages/airflow/example_dags/example_time_delta_sensor_async.py
[2025-08-14T11:23:57.104+0000] {processor.py:836} INFO - DAG(s) dict_keys(['example_time_delta_sensor_async']) retrieved from /home/vscode/.local/lib/python3.10/site-packages/airflow/example_dags/example_time_delta_sensor_async.py
[2025-08-14T11:23:57.116+0000] {logging_mixin.py:150} INFO - [2025-08-14T11:23:57.116+0000] {dag.py:2742} INFO - Sync 1 DAGs
[2025-08-14T11:23:57.130+0000] {logging_mixin.py:150} INFO - [2025-08-14T11:23:57.130+0000] {dag.py:3504} INFO - Setting next_dagrun for example_time_delta_sensor_async to None, run_after=None
[2025-08-14T11:23:57.146+0000] {processor.py:179} INFO - Processing /home/vscode/.local/lib/python3.10/site-packages/airflow/example_dags/example_time_delta_sensor_async.py took 0.049 seconds
[2025-08-14T11:24:45.779+0000] {processor.py:157} INFO - Started process (PID=54481) to work on /home/vscode/.local/lib/python3.10/site-packages/airflow/example_dags/example_time_delta_sensor_async.py
[2025-08-14T11:24:45.780+0000] {processor.py:826} INFO - Processing file /home/vscode/.local/lib/python3.10/site-packages/airflow/example_dags/example_time_delta_sensor_async.py for tasks to queue
[2025-08-14T11:24:45.781+0000] {logging_mixin.py:150} INFO - [2025-08-14T11:24:45.780+0000] {dagbag.py:541} INFO - Filling up the DagBag from /home/vscode/.local/lib/python3.10/site-packages/airflow/example_dags/example_time_delta_sensor_async.py
[2025-08-14T11:24:45.787+0000] {processor.py:836} INFO - DAG(s) dict_keys(['example_time_delta_sensor_async']) retrieved from /home/vscode/.local/lib/python3.10/site-packages/airflow/example_dags/example_time_delta_sensor_async.py
[2025-08-14T11:24:45.805+0000] {logging_mixin.py:150} INFO - [2025-08-14T11:24:45.805+0000] {dag.py:2742} INFO - Sync 1 DAGs
[2025-08-14T11:24:45.825+0000] {logging_mixin.py:150} INFO - [2025-08-14T11:24:45.825+0000] {dag.py:3504} INFO - Setting next_dagrun for example_time_delta_sensor_async to None, run_after=None
[2025-08-14T11:24:45.842+0000] {processor.py:179} INFO - Processing /home/vscode/.local/lib/python3.10/site-packages/airflow/example_dags/example_time_delta_sensor_async.py took 0.065 seconds
[2025-08-14T11:25:35.026+0000] {processor.py:157} INFO - Started process (PID=54951) to work on /home/vscode/.local/lib/python3.10/site-packages/airflow/example_dags/example_time_delta_sensor_async.py
[2025-08-14T11:25:35.027+0000] {processor.py:826} INFO - Processing file /home/vscode/.local/lib/python3.10/site-packages/airflow/example_dags/example_time_delta_sensor_async.py for tasks to queue
[2025-08-14T11:25:35.028+0000] {logging_mixin.py:150} INFO - [2025-08-14T11:25:35.028+0000] {dagbag.py:541} INFO - Filling up the DagBag from /home/vscode/.local/lib/python3.10/site-packages/airflow/example_dags/example_time_delta_sensor_async.py
[2025-08-14T11:25:35.031+0000] {processor.py:836} INFO - DAG(s) dict_keys(['example_time_delta_sensor_async']) retrieved from /home/vscode/.local/lib/python3.10/site-packages/airflow/example_dags/example_time_delta_sensor_async.py
[2025-08-14T11:25:35.044+0000] {logging_mixin.py:150} INFO - [2025-08-14T11:25:35.044+0000] {dag.py:2742} INFO - Sync 1 DAGs
[2025-08-14T11:25:35.059+0000] {logging_mixin.py:150} INFO - [2025-08-14T11:25:35.058+0000] {dag.py:3504} INFO - Setting next_dagrun for example_time_delta_sensor_async to None, run_after=None
[2025-08-14T11:25:35.075+0000] {processor.py:179} INFO - Processing /home/vscode/.local/lib/python3.10/site-packages/airflow/example_dags/example_time_delta_sensor_async.py took 0.051 seconds
[2025-08-14T11:26:23.162+0000] {processor.py:157} INFO - Started process (PID=55403) to work on /home/vscode/.local/lib/python3.10/site-packages/airflow/example_dags/example_time_delta_sensor_async.py
[2025-08-14T11:26:23.163+0000] {processor.py:826} INFO - Processing file /home/vscode/.local/lib/python3.10/site-packages/airflow/example_dags/example_time_delta_sensor_async.py for tasks to queue
[2025-08-14T11:26:23.164+0000] {logging_mixin.py:150} INFO - [2025-08-14T11:26:23.163+0000] {dagbag.py:541} INFO - Filling up the DagBag from /home/vscode/.local/lib/python3.10/site-packages/airflow/example_dags/example_time_delta_sensor_async.py
[2025-08-14T11:26:23.167+0000] {processor.py:836} INFO - DAG(s) dict_keys(['example_time_delta_sensor_async']) retrieved from /home/vscode/.local/lib/python3.10/site-packages/airflow/example_dags/example_time_delta_sensor_async.py
[2025-08-14T11:26:23.178+0000] {logging_mixin.py:150} INFO - [2025-08-14T11:26:23.178+0000] {dag.py:2742} INFO - Sync 1 DAGs
[2025-08-14T11:26:23.192+0000] {logging_mixin.py:150} INFO - [2025-08-14T11:26:23.192+0000] {dag.py:3504} INFO - Setting next_dagrun for example_time_delta_sensor_async to None, run_after=None
[2025-08-14T11:26:23.207+0000] {processor.py:179} INFO - Processing /home/vscode/.local/lib/python3.10/site-packages/airflow/example_dags/example_time_delta_sensor_async.py took 0.046 seconds
