[2025-08-14T09:39:28.396+0000] {processor.py:157} INFO - Started process (PID=3658) to work on /home/vscode/.local/lib/python3.10/site-packages/airflow/example_dags/example_setup_teardown.py
[2025-08-14T09:39:28.396+0000] {processor.py:826} INFO - Processing file /home/vscode/.local/lib/python3.10/site-packages/airflow/example_dags/example_setup_teardown.py for tasks to queue
[2025-08-14T09:39:28.397+0000] {logging_mixin.py:150} INFO - [2025-08-14T09:39:28.397+0000] {dagbag.py:541} INFO - Filling up the DagBag from /home/vscode/.local/lib/python3.10/site-packages/airflow/example_dags/example_setup_teardown.py
[2025-08-14T09:39:28.399+0000] {processor.py:838} WARNING - No viable dags retrieved from /home/vscode/.local/lib/python3.10/site-packages/airflow/example_dags/example_setup_teardown.py
[2025-08-14T09:39:28.406+0000] {processor.py:179} INFO - Processing /home/vscode/.local/lib/python3.10/site-packages/airflow/example_dags/example_setup_teardown.py took 0.012 seconds
[2025-08-14T09:40:16.281+0000] {processor.py:157} INFO - Started process (PID=3982) to work on /home/vscode/.local/lib/python3.10/site-packages/airflow/example_dags/example_setup_teardown.py
[2025-08-14T09:40:16.282+0000] {processor.py:826} INFO - Processing file /home/vscode/.local/lib/python3.10/site-packages/airflow/example_dags/example_setup_teardown.py for tasks to queue
[2025-08-14T09:40:16.283+0000] {logging_mixin.py:150} INFO - [2025-08-14T09:40:16.282+0000] {dagbag.py:541} INFO - Filling up the DagBag from /home/vscode/.local/lib/python3.10/site-packages/airflow/example_dags/example_setup_teardown.py
[2025-08-14T09:40:16.284+0000] {processor.py:838} WARNING - No viable dags retrieved from /home/vscode/.local/lib/python3.10/site-packages/airflow/example_dags/example_setup_teardown.py
[2025-08-14T09:40:16.291+0000] {processor.py:179} INFO - Processing /home/vscode/.local/lib/python3.10/site-packages/airflow/example_dags/example_setup_teardown.py took 0.011 seconds
[2025-08-14T09:41:00.274+0000] {processor.py:157} INFO - Started process (PID=4277) to work on /home/vscode/.local/lib/python3.10/site-packages/airflow/example_dags/example_setup_teardown.py
[2025-08-14T09:41:00.275+0000] {processor.py:826} INFO - Processing file /home/vscode/.local/lib/python3.10/site-packages/airflow/example_dags/example_setup_teardown.py for tasks to queue
[2025-08-14T09:41:00.275+0000] {logging_mixin.py:150} INFO - [2025-08-14T09:41:00.275+0000] {dagbag.py:541} INFO - Filling up the DagBag from /home/vscode/.local/lib/python3.10/site-packages/airflow/example_dags/example_setup_teardown.py
[2025-08-14T09:41:00.277+0000] {processor.py:838} WARNING - No viable dags retrieved from /home/vscode/.local/lib/python3.10/site-packages/airflow/example_dags/example_setup_teardown.py
[2025-08-14T09:41:00.283+0000] {processor.py:179} INFO - Processing /home/vscode/.local/lib/python3.10/site-packages/airflow/example_dags/example_setup_teardown.py took 0.011 seconds
[2025-08-14T09:41:45.218+0000] {processor.py:157} INFO - Started process (PID=4609) to work on /home/vscode/.local/lib/python3.10/site-packages/airflow/example_dags/example_setup_teardown.py
[2025-08-14T09:41:45.219+0000] {processor.py:826} INFO - Processing file /home/vscode/.local/lib/python3.10/site-packages/airflow/example_dags/example_setup_teardown.py for tasks to queue
[2025-08-14T09:41:45.220+0000] {logging_mixin.py:150} INFO - [2025-08-14T09:41:45.219+0000] {dagbag.py:541} INFO - Filling up the DagBag from /home/vscode/.local/lib/python3.10/site-packages/airflow/example_dags/example_setup_teardown.py
[2025-08-14T09:41:45.221+0000] {processor.py:838} WARNING - No viable dags retrieved from /home/vscode/.local/lib/python3.10/site-packages/airflow/example_dags/example_setup_teardown.py
[2025-08-14T09:41:45.228+0000] {processor.py:179} INFO - Processing /home/vscode/.local/lib/python3.10/site-packages/airflow/example_dags/example_setup_teardown.py took 0.012 seconds
[2025-08-14T09:42:28.797+0000] {processor.py:157} INFO - Started process (PID=4926) to work on /home/vscode/.local/lib/python3.10/site-packages/airflow/example_dags/example_setup_teardown.py
[2025-08-14T09:42:28.797+0000] {processor.py:826} INFO - Processing file /home/vscode/.local/lib/python3.10/site-packages/airflow/example_dags/example_setup_teardown.py for tasks to queue
[2025-08-14T09:42:28.798+0000] {logging_mixin.py:150} INFO - [2025-08-14T09:42:28.797+0000] {dagbag.py:541} INFO - Filling up the DagBag from /home/vscode/.local/lib/python3.10/site-packages/airflow/example_dags/example_setup_teardown.py
[2025-08-14T09:42:28.799+0000] {processor.py:838} WARNING - No viable dags retrieved from /home/vscode/.local/lib/python3.10/site-packages/airflow/example_dags/example_setup_teardown.py
[2025-08-14T09:42:28.806+0000] {processor.py:179} INFO - Processing /home/vscode/.local/lib/python3.10/site-packages/airflow/example_dags/example_setup_teardown.py took 0.012 seconds
[2025-08-14T09:43:17.462+0000] {processor.py:157} INFO - Started process (PID=5268) to work on /home/vscode/.local/lib/python3.10/site-packages/airflow/example_dags/example_setup_teardown.py
[2025-08-14T09:43:17.462+0000] {processor.py:826} INFO - Processing file /home/vscode/.local/lib/python3.10/site-packages/airflow/example_dags/example_setup_teardown.py for tasks to queue
[2025-08-14T09:43:17.463+0000] {logging_mixin.py:150} INFO - [2025-08-14T09:43:17.463+0000] {dagbag.py:541} INFO - Filling up the DagBag from /home/vscode/.local/lib/python3.10/site-packages/airflow/example_dags/example_setup_teardown.py
[2025-08-14T09:43:17.465+0000] {processor.py:838} WARNING - No viable dags retrieved from /home/vscode/.local/lib/python3.10/site-packages/airflow/example_dags/example_setup_teardown.py
[2025-08-14T09:43:17.471+0000] {processor.py:179} INFO - Processing /home/vscode/.local/lib/python3.10/site-packages/airflow/example_dags/example_setup_teardown.py took 0.012 seconds
[2025-08-14T09:44:02.376+0000] {processor.py:157} INFO - Started process (PID=5607) to work on /home/vscode/.local/lib/python3.10/site-packages/airflow/example_dags/example_setup_teardown.py
[2025-08-14T09:44:02.376+0000] {processor.py:826} INFO - Processing file /home/vscode/.local/lib/python3.10/site-packages/airflow/example_dags/example_setup_teardown.py for tasks to queue
[2025-08-14T09:44:02.377+0000] {logging_mixin.py:150} INFO - [2025-08-14T09:44:02.377+0000] {dagbag.py:541} INFO - Filling up the DagBag from /home/vscode/.local/lib/python3.10/site-packages/airflow/example_dags/example_setup_teardown.py
[2025-08-14T09:44:02.379+0000] {processor.py:838} WARNING - No viable dags retrieved from /home/vscode/.local/lib/python3.10/site-packages/airflow/example_dags/example_setup_teardown.py
[2025-08-14T09:44:02.387+0000] {processor.py:179} INFO - Processing /home/vscode/.local/lib/python3.10/site-packages/airflow/example_dags/example_setup_teardown.py took 0.013 seconds
[2025-08-14T09:44:44.822+0000] {processor.py:157} INFO - Started process (PID=5922) to work on /home/vscode/.local/lib/python3.10/site-packages/airflow/example_dags/example_setup_teardown.py
[2025-08-14T09:44:44.823+0000] {processor.py:826} INFO - Processing file /home/vscode/.local/lib/python3.10/site-packages/airflow/example_dags/example_setup_teardown.py for tasks to queue
[2025-08-14T09:44:44.823+0000] {logging_mixin.py:150} INFO - [2025-08-14T09:44:44.823+0000] {dagbag.py:541} INFO - Filling up the DagBag from /home/vscode/.local/lib/python3.10/site-packages/airflow/example_dags/example_setup_teardown.py
[2025-08-14T09:44:44.826+0000] {processor.py:838} WARNING - No viable dags retrieved from /home/vscode/.local/lib/python3.10/site-packages/airflow/example_dags/example_setup_teardown.py
[2025-08-14T09:44:44.832+0000] {processor.py:179} INFO - Processing /home/vscode/.local/lib/python3.10/site-packages/airflow/example_dags/example_setup_teardown.py took 0.012 seconds
[2025-08-14T09:45:26.810+0000] {processor.py:157} INFO - Started process (PID=6232) to work on /home/vscode/.local/lib/python3.10/site-packages/airflow/example_dags/example_setup_teardown.py
[2025-08-14T09:45:26.810+0000] {processor.py:826} INFO - Processing file /home/vscode/.local/lib/python3.10/site-packages/airflow/example_dags/example_setup_teardown.py for tasks to queue
[2025-08-14T09:45:26.811+0000] {logging_mixin.py:150} INFO - [2025-08-14T09:45:26.811+0000] {dagbag.py:541} INFO - Filling up the DagBag from /home/vscode/.local/lib/python3.10/site-packages/airflow/example_dags/example_setup_teardown.py
[2025-08-14T09:45:26.812+0000] {processor.py:838} WARNING - No viable dags retrieved from /home/vscode/.local/lib/python3.10/site-packages/airflow/example_dags/example_setup_teardown.py
[2025-08-14T09:45:26.819+0000] {processor.py:179} INFO - Processing /home/vscode/.local/lib/python3.10/site-packages/airflow/example_dags/example_setup_teardown.py took 0.011 seconds
[2025-08-14T09:46:16.183+0000] {processor.py:157} INFO - Started process (PID=6561) to work on /home/vscode/.local/lib/python3.10/site-packages/airflow/example_dags/example_setup_teardown.py
[2025-08-14T09:46:16.183+0000] {processor.py:826} INFO - Processing file /home/vscode/.local/lib/python3.10/site-packages/airflow/example_dags/example_setup_teardown.py for tasks to queue
[2025-08-14T09:46:16.184+0000] {logging_mixin.py:150} INFO - [2025-08-14T09:46:16.184+0000] {dagbag.py:541} INFO - Filling up the DagBag from /home/vscode/.local/lib/python3.10/site-packages/airflow/example_dags/example_setup_teardown.py
[2025-08-14T09:46:16.186+0000] {processor.py:838} WARNING - No viable dags retrieved from /home/vscode/.local/lib/python3.10/site-packages/airflow/example_dags/example_setup_teardown.py
[2025-08-14T09:46:16.193+0000] {processor.py:179} INFO - Processing /home/vscode/.local/lib/python3.10/site-packages/airflow/example_dags/example_setup_teardown.py took 0.012 seconds
[2025-08-14T09:47:02.274+0000] {processor.py:157} INFO - Started process (PID=6875) to work on /home/vscode/.local/lib/python3.10/site-packages/airflow/example_dags/example_setup_teardown.py
[2025-08-14T09:47:02.275+0000] {processor.py:826} INFO - Processing file /home/vscode/.local/lib/python3.10/site-packages/airflow/example_dags/example_setup_teardown.py for tasks to queue
[2025-08-14T09:47:02.275+0000] {logging_mixin.py:150} INFO - [2025-08-14T09:47:02.275+0000] {dagbag.py:541} INFO - Filling up the DagBag from /home/vscode/.local/lib/python3.10/site-packages/airflow/example_dags/example_setup_teardown.py
[2025-08-14T09:47:02.277+0000] {processor.py:838} WARNING - No viable dags retrieved from /home/vscode/.local/lib/python3.10/site-packages/airflow/example_dags/example_setup_teardown.py
[2025-08-14T09:47:02.287+0000] {processor.py:179} INFO - Processing /home/vscode/.local/lib/python3.10/site-packages/airflow/example_dags/example_setup_teardown.py took 0.015 seconds
[2025-08-14T09:47:47.660+0000] {processor.py:157} INFO - Started process (PID=7182) to work on /home/vscode/.local/lib/python3.10/site-packages/airflow/example_dags/example_setup_teardown.py
[2025-08-14T09:47:47.661+0000] {processor.py:826} INFO - Processing file /home/vscode/.local/lib/python3.10/site-packages/airflow/example_dags/example_setup_teardown.py for tasks to queue
[2025-08-14T09:47:47.661+0000] {logging_mixin.py:150} INFO - [2025-08-14T09:47:47.661+0000] {dagbag.py:541} INFO - Filling up the DagBag from /home/vscode/.local/lib/python3.10/site-packages/airflow/example_dags/example_setup_teardown.py
[2025-08-14T09:47:47.663+0000] {processor.py:838} WARNING - No viable dags retrieved from /home/vscode/.local/lib/python3.10/site-packages/airflow/example_dags/example_setup_teardown.py
[2025-08-14T09:47:47.670+0000] {processor.py:179} INFO - Processing /home/vscode/.local/lib/python3.10/site-packages/airflow/example_dags/example_setup_teardown.py took 0.011 seconds
[2025-08-14T09:48:36.134+0000] {processor.py:157} INFO - Started process (PID=7536) to work on /home/vscode/.local/lib/python3.10/site-packages/airflow/example_dags/example_setup_teardown.py
[2025-08-14T09:48:36.135+0000] {processor.py:826} INFO - Processing file /home/vscode/.local/lib/python3.10/site-packages/airflow/example_dags/example_setup_teardown.py for tasks to queue
[2025-08-14T09:48:36.136+0000] {logging_mixin.py:150} INFO - [2025-08-14T09:48:36.135+0000] {dagbag.py:541} INFO - Filling up the DagBag from /home/vscode/.local/lib/python3.10/site-packages/airflow/example_dags/example_setup_teardown.py
[2025-08-14T09:48:36.137+0000] {processor.py:838} WARNING - No viable dags retrieved from /home/vscode/.local/lib/python3.10/site-packages/airflow/example_dags/example_setup_teardown.py
[2025-08-14T09:48:36.144+0000] {processor.py:179} INFO - Processing /home/vscode/.local/lib/python3.10/site-packages/airflow/example_dags/example_setup_teardown.py took 0.012 seconds
[2025-08-14T09:49:21.013+0000] {processor.py:157} INFO - Started process (PID=7869) to work on /home/vscode/.local/lib/python3.10/site-packages/airflow/example_dags/example_setup_teardown.py
[2025-08-14T09:49:21.014+0000] {processor.py:826} INFO - Processing file /home/vscode/.local/lib/python3.10/site-packages/airflow/example_dags/example_setup_teardown.py for tasks to queue
[2025-08-14T09:49:21.015+0000] {logging_mixin.py:150} INFO - [2025-08-14T09:49:21.014+0000] {dagbag.py:541} INFO - Filling up the DagBag from /home/vscode/.local/lib/python3.10/site-packages/airflow/example_dags/example_setup_teardown.py
[2025-08-14T09:49:21.016+0000] {processor.py:838} WARNING - No viable dags retrieved from /home/vscode/.local/lib/python3.10/site-packages/airflow/example_dags/example_setup_teardown.py
[2025-08-14T09:49:21.023+0000] {processor.py:179} INFO - Processing /home/vscode/.local/lib/python3.10/site-packages/airflow/example_dags/example_setup_teardown.py took 0.012 seconds
[2025-08-14T09:50:07.963+0000] {processor.py:157} INFO - Started process (PID=8226) to work on /home/vscode/.local/lib/python3.10/site-packages/airflow/example_dags/example_setup_teardown.py
[2025-08-14T09:50:07.964+0000] {processor.py:826} INFO - Processing file /home/vscode/.local/lib/python3.10/site-packages/airflow/example_dags/example_setup_teardown.py for tasks to queue
[2025-08-14T09:50:07.965+0000] {logging_mixin.py:150} INFO - [2025-08-14T09:50:07.965+0000] {dagbag.py:541} INFO - Filling up the DagBag from /home/vscode/.local/lib/python3.10/site-packages/airflow/example_dags/example_setup_teardown.py
[2025-08-14T09:50:07.967+0000] {processor.py:838} WARNING - No viable dags retrieved from /home/vscode/.local/lib/python3.10/site-packages/airflow/example_dags/example_setup_teardown.py
[2025-08-14T09:50:07.978+0000] {processor.py:179} INFO - Processing /home/vscode/.local/lib/python3.10/site-packages/airflow/example_dags/example_setup_teardown.py took 0.017 seconds
[2025-08-14T09:50:51.352+0000] {processor.py:157} INFO - Started process (PID=8546) to work on /home/vscode/.local/lib/python3.10/site-packages/airflow/example_dags/example_setup_teardown.py
[2025-08-14T09:50:51.352+0000] {processor.py:826} INFO - Processing file /home/vscode/.local/lib/python3.10/site-packages/airflow/example_dags/example_setup_teardown.py for tasks to queue
[2025-08-14T09:50:51.353+0000] {logging_mixin.py:150} INFO - [2025-08-14T09:50:51.353+0000] {dagbag.py:541} INFO - Filling up the DagBag from /home/vscode/.local/lib/python3.10/site-packages/airflow/example_dags/example_setup_teardown.py
[2025-08-14T09:50:51.355+0000] {processor.py:838} WARNING - No viable dags retrieved from /home/vscode/.local/lib/python3.10/site-packages/airflow/example_dags/example_setup_teardown.py
[2025-08-14T09:50:51.362+0000] {processor.py:179} INFO - Processing /home/vscode/.local/lib/python3.10/site-packages/airflow/example_dags/example_setup_teardown.py took 0.012 seconds
[2025-08-14T09:51:35.854+0000] {processor.py:157} INFO - Started process (PID=8879) to work on /home/vscode/.local/lib/python3.10/site-packages/airflow/example_dags/example_setup_teardown.py
[2025-08-14T09:51:35.854+0000] {processor.py:826} INFO - Processing file /home/vscode/.local/lib/python3.10/site-packages/airflow/example_dags/example_setup_teardown.py for tasks to queue
[2025-08-14T09:51:35.855+0000] {logging_mixin.py:150} INFO - [2025-08-14T09:51:35.855+0000] {dagbag.py:541} INFO - Filling up the DagBag from /home/vscode/.local/lib/python3.10/site-packages/airflow/example_dags/example_setup_teardown.py
[2025-08-14T09:51:35.857+0000] {processor.py:838} WARNING - No viable dags retrieved from /home/vscode/.local/lib/python3.10/site-packages/airflow/example_dags/example_setup_teardown.py
[2025-08-14T09:51:35.863+0000] {processor.py:179} INFO - Processing /home/vscode/.local/lib/python3.10/site-packages/airflow/example_dags/example_setup_teardown.py took 0.012 seconds
[2025-08-14T09:52:23.596+0000] {processor.py:157} INFO - Started process (PID=9198) to work on /home/vscode/.local/lib/python3.10/site-packages/airflow/example_dags/example_setup_teardown.py
[2025-08-14T09:52:23.597+0000] {processor.py:826} INFO - Processing file /home/vscode/.local/lib/python3.10/site-packages/airflow/example_dags/example_setup_teardown.py for tasks to queue
[2025-08-14T09:52:23.598+0000] {logging_mixin.py:150} INFO - [2025-08-14T09:52:23.597+0000] {dagbag.py:541} INFO - Filling up the DagBag from /home/vscode/.local/lib/python3.10/site-packages/airflow/example_dags/example_setup_teardown.py
[2025-08-14T09:52:23.599+0000] {processor.py:838} WARNING - No viable dags retrieved from /home/vscode/.local/lib/python3.10/site-packages/airflow/example_dags/example_setup_teardown.py
[2025-08-14T09:52:23.607+0000] {processor.py:179} INFO - Processing /home/vscode/.local/lib/python3.10/site-packages/airflow/example_dags/example_setup_teardown.py took 0.012 seconds
[2025-08-14T09:53:10.978+0000] {processor.py:157} INFO - Started process (PID=9510) to work on /home/vscode/.local/lib/python3.10/site-packages/airflow/example_dags/example_setup_teardown.py
[2025-08-14T09:53:10.979+0000] {processor.py:826} INFO - Processing file /home/vscode/.local/lib/python3.10/site-packages/airflow/example_dags/example_setup_teardown.py for tasks to queue
[2025-08-14T09:53:10.980+0000] {logging_mixin.py:150} INFO - [2025-08-14T09:53:10.979+0000] {dagbag.py:541} INFO - Filling up the DagBag from /home/vscode/.local/lib/python3.10/site-packages/airflow/example_dags/example_setup_teardown.py
[2025-08-14T09:53:10.982+0000] {processor.py:838} WARNING - No viable dags retrieved from /home/vscode/.local/lib/python3.10/site-packages/airflow/example_dags/example_setup_teardown.py
[2025-08-14T09:53:10.991+0000] {processor.py:179} INFO - Processing /home/vscode/.local/lib/python3.10/site-packages/airflow/example_dags/example_setup_teardown.py took 0.016 seconds
[2025-08-14T09:53:59.414+0000] {processor.py:157} INFO - Started process (PID=9836) to work on /home/vscode/.local/lib/python3.10/site-packages/airflow/example_dags/example_setup_teardown.py
[2025-08-14T09:53:59.415+0000] {processor.py:826} INFO - Processing file /home/vscode/.local/lib/python3.10/site-packages/airflow/example_dags/example_setup_teardown.py for tasks to queue
[2025-08-14T09:53:59.415+0000] {logging_mixin.py:150} INFO - [2025-08-14T09:53:59.415+0000] {dagbag.py:541} INFO - Filling up the DagBag from /home/vscode/.local/lib/python3.10/site-packages/airflow/example_dags/example_setup_teardown.py
[2025-08-14T09:53:59.417+0000] {processor.py:838} WARNING - No viable dags retrieved from /home/vscode/.local/lib/python3.10/site-packages/airflow/example_dags/example_setup_teardown.py
[2025-08-14T09:53:59.424+0000] {processor.py:179} INFO - Processing /home/vscode/.local/lib/python3.10/site-packages/airflow/example_dags/example_setup_teardown.py took 0.012 seconds
[2025-08-14T09:54:42.278+0000] {processor.py:157} INFO - Started process (PID=10117) to work on /home/vscode/.local/lib/python3.10/site-packages/airflow/example_dags/example_setup_teardown.py
[2025-08-14T09:54:42.278+0000] {processor.py:826} INFO - Processing file /home/vscode/.local/lib/python3.10/site-packages/airflow/example_dags/example_setup_teardown.py for tasks to queue
[2025-08-14T09:54:42.279+0000] {logging_mixin.py:150} INFO - [2025-08-14T09:54:42.279+0000] {dagbag.py:541} INFO - Filling up the DagBag from /home/vscode/.local/lib/python3.10/site-packages/airflow/example_dags/example_setup_teardown.py
[2025-08-14T09:54:42.280+0000] {processor.py:838} WARNING - No viable dags retrieved from /home/vscode/.local/lib/python3.10/site-packages/airflow/example_dags/example_setup_teardown.py
[2025-08-14T09:54:42.287+0000] {processor.py:179} INFO - Processing /home/vscode/.local/lib/python3.10/site-packages/airflow/example_dags/example_setup_teardown.py took 0.012 seconds
[2025-08-14T09:55:28.028+0000] {processor.py:157} INFO - Started process (PID=10428) to work on /home/vscode/.local/lib/python3.10/site-packages/airflow/example_dags/example_setup_teardown.py
[2025-08-14T09:55:28.029+0000] {processor.py:826} INFO - Processing file /home/vscode/.local/lib/python3.10/site-packages/airflow/example_dags/example_setup_teardown.py for tasks to queue
[2025-08-14T09:55:28.030+0000] {logging_mixin.py:150} INFO - [2025-08-14T09:55:28.029+0000] {dagbag.py:541} INFO - Filling up the DagBag from /home/vscode/.local/lib/python3.10/site-packages/airflow/example_dags/example_setup_teardown.py
[2025-08-14T09:55:28.031+0000] {processor.py:838} WARNING - No viable dags retrieved from /home/vscode/.local/lib/python3.10/site-packages/airflow/example_dags/example_setup_teardown.py
[2025-08-14T09:55:28.038+0000] {processor.py:179} INFO - Processing /home/vscode/.local/lib/python3.10/site-packages/airflow/example_dags/example_setup_teardown.py took 0.012 seconds
[2025-08-14T09:56:16.469+0000] {processor.py:157} INFO - Started process (PID=10773) to work on /home/vscode/.local/lib/python3.10/site-packages/airflow/example_dags/example_setup_teardown.py
[2025-08-14T09:56:16.469+0000] {processor.py:826} INFO - Processing file /home/vscode/.local/lib/python3.10/site-packages/airflow/example_dags/example_setup_teardown.py for tasks to queue
[2025-08-14T09:56:16.470+0000] {logging_mixin.py:150} INFO - [2025-08-14T09:56:16.470+0000] {dagbag.py:541} INFO - Filling up the DagBag from /home/vscode/.local/lib/python3.10/site-packages/airflow/example_dags/example_setup_teardown.py
[2025-08-14T09:56:16.472+0000] {processor.py:838} WARNING - No viable dags retrieved from /home/vscode/.local/lib/python3.10/site-packages/airflow/example_dags/example_setup_teardown.py
[2025-08-14T09:56:16.478+0000] {processor.py:179} INFO - Processing /home/vscode/.local/lib/python3.10/site-packages/airflow/example_dags/example_setup_teardown.py took 0.012 seconds
[2025-08-14T09:57:02.136+0000] {processor.py:157} INFO - Started process (PID=11126) to work on /home/vscode/.local/lib/python3.10/site-packages/airflow/example_dags/example_setup_teardown.py
[2025-08-14T09:57:02.136+0000] {processor.py:826} INFO - Processing file /home/vscode/.local/lib/python3.10/site-packages/airflow/example_dags/example_setup_teardown.py for tasks to queue
[2025-08-14T09:57:02.137+0000] {logging_mixin.py:150} INFO - [2025-08-14T09:57:02.136+0000] {dagbag.py:541} INFO - Filling up the DagBag from /home/vscode/.local/lib/python3.10/site-packages/airflow/example_dags/example_setup_teardown.py
[2025-08-14T09:57:02.138+0000] {processor.py:838} WARNING - No viable dags retrieved from /home/vscode/.local/lib/python3.10/site-packages/airflow/example_dags/example_setup_teardown.py
[2025-08-14T09:57:02.145+0000] {processor.py:179} INFO - Processing /home/vscode/.local/lib/python3.10/site-packages/airflow/example_dags/example_setup_teardown.py took 0.012 seconds
[2025-08-14T09:57:50.550+0000] {processor.py:157} INFO - Started process (PID=11530) to work on /home/vscode/.local/lib/python3.10/site-packages/airflow/example_dags/example_setup_teardown.py
[2025-08-14T09:57:50.551+0000] {processor.py:826} INFO - Processing file /home/vscode/.local/lib/python3.10/site-packages/airflow/example_dags/example_setup_teardown.py for tasks to queue
[2025-08-14T09:57:50.552+0000] {logging_mixin.py:150} INFO - [2025-08-14T09:57:50.551+0000] {dagbag.py:541} INFO - Filling up the DagBag from /home/vscode/.local/lib/python3.10/site-packages/airflow/example_dags/example_setup_teardown.py
[2025-08-14T09:57:50.553+0000] {processor.py:838} WARNING - No viable dags retrieved from /home/vscode/.local/lib/python3.10/site-packages/airflow/example_dags/example_setup_teardown.py
[2025-08-14T09:57:50.561+0000] {processor.py:179} INFO - Processing /home/vscode/.local/lib/python3.10/site-packages/airflow/example_dags/example_setup_teardown.py took 0.013 seconds
[2025-08-14T09:58:37.138+0000] {processor.py:157} INFO - Started process (PID=11871) to work on /home/vscode/.local/lib/python3.10/site-packages/airflow/example_dags/example_setup_teardown.py
[2025-08-14T09:58:37.138+0000] {processor.py:826} INFO - Processing file /home/vscode/.local/lib/python3.10/site-packages/airflow/example_dags/example_setup_teardown.py for tasks to queue
[2025-08-14T09:58:37.139+0000] {logging_mixin.py:150} INFO - [2025-08-14T09:58:37.139+0000] {dagbag.py:541} INFO - Filling up the DagBag from /home/vscode/.local/lib/python3.10/site-packages/airflow/example_dags/example_setup_teardown.py
[2025-08-14T09:58:37.141+0000] {processor.py:838} WARNING - No viable dags retrieved from /home/vscode/.local/lib/python3.10/site-packages/airflow/example_dags/example_setup_teardown.py
[2025-08-14T09:58:37.148+0000] {processor.py:179} INFO - Processing /home/vscode/.local/lib/python3.10/site-packages/airflow/example_dags/example_setup_teardown.py took 0.013 seconds
[2025-08-14T10:06:02.543+0000] {processor.py:157} INFO - Started process (PID=15150) to work on /home/vscode/.local/lib/python3.10/site-packages/airflow/example_dags/example_setup_teardown.py
[2025-08-14T10:06:02.543+0000] {processor.py:826} INFO - Processing file /home/vscode/.local/lib/python3.10/site-packages/airflow/example_dags/example_setup_teardown.py for tasks to queue
[2025-08-14T10:06:02.544+0000] {logging_mixin.py:150} INFO - [2025-08-14T10:06:02.544+0000] {dagbag.py:541} INFO - Filling up the DagBag from /home/vscode/.local/lib/python3.10/site-packages/airflow/example_dags/example_setup_teardown.py
[2025-08-14T10:06:02.546+0000] {processor.py:838} WARNING - No viable dags retrieved from /home/vscode/.local/lib/python3.10/site-packages/airflow/example_dags/example_setup_teardown.py
[2025-08-14T10:06:02.552+0000] {processor.py:179} INFO - Processing /home/vscode/.local/lib/python3.10/site-packages/airflow/example_dags/example_setup_teardown.py took 0.011 seconds
[2025-08-14T10:06:47.681+0000] {processor.py:157} INFO - Started process (PID=15449) to work on /home/vscode/.local/lib/python3.10/site-packages/airflow/example_dags/example_setup_teardown.py
[2025-08-14T10:06:47.682+0000] {processor.py:826} INFO - Processing file /home/vscode/.local/lib/python3.10/site-packages/airflow/example_dags/example_setup_teardown.py for tasks to queue
[2025-08-14T10:06:47.682+0000] {logging_mixin.py:150} INFO - [2025-08-14T10:06:47.682+0000] {dagbag.py:541} INFO - Filling up the DagBag from /home/vscode/.local/lib/python3.10/site-packages/airflow/example_dags/example_setup_teardown.py
[2025-08-14T10:06:47.684+0000] {processor.py:838} WARNING - No viable dags retrieved from /home/vscode/.local/lib/python3.10/site-packages/airflow/example_dags/example_setup_teardown.py
[2025-08-14T10:06:47.690+0000] {processor.py:179} INFO - Processing /home/vscode/.local/lib/python3.10/site-packages/airflow/example_dags/example_setup_teardown.py took 0.011 seconds
[2025-08-14T10:07:33.871+0000] {processor.py:157} INFO - Started process (PID=15756) to work on /home/vscode/.local/lib/python3.10/site-packages/airflow/example_dags/example_setup_teardown.py
[2025-08-14T10:07:33.872+0000] {processor.py:826} INFO - Processing file /home/vscode/.local/lib/python3.10/site-packages/airflow/example_dags/example_setup_teardown.py for tasks to queue
[2025-08-14T10:07:33.872+0000] {logging_mixin.py:150} INFO - [2025-08-14T10:07:33.872+0000] {dagbag.py:541} INFO - Filling up the DagBag from /home/vscode/.local/lib/python3.10/site-packages/airflow/example_dags/example_setup_teardown.py
[2025-08-14T10:07:33.874+0000] {processor.py:838} WARNING - No viable dags retrieved from /home/vscode/.local/lib/python3.10/site-packages/airflow/example_dags/example_setup_teardown.py
[2025-08-14T10:07:33.881+0000] {processor.py:179} INFO - Processing /home/vscode/.local/lib/python3.10/site-packages/airflow/example_dags/example_setup_teardown.py took 0.012 seconds
[2025-08-14T10:08:23.122+0000] {processor.py:157} INFO - Started process (PID=16170) to work on /home/vscode/.local/lib/python3.10/site-packages/airflow/example_dags/example_setup_teardown.py
[2025-08-14T10:08:23.122+0000] {processor.py:826} INFO - Processing file /home/vscode/.local/lib/python3.10/site-packages/airflow/example_dags/example_setup_teardown.py for tasks to queue
[2025-08-14T10:08:23.123+0000] {logging_mixin.py:150} INFO - [2025-08-14T10:08:23.123+0000] {dagbag.py:541} INFO - Filling up the DagBag from /home/vscode/.local/lib/python3.10/site-packages/airflow/example_dags/example_setup_teardown.py
[2025-08-14T10:08:23.125+0000] {processor.py:838} WARNING - No viable dags retrieved from /home/vscode/.local/lib/python3.10/site-packages/airflow/example_dags/example_setup_teardown.py
[2025-08-14T10:08:23.131+0000] {processor.py:179} INFO - Processing /home/vscode/.local/lib/python3.10/site-packages/airflow/example_dags/example_setup_teardown.py took 0.012 seconds
[2025-08-14T10:09:11.833+0000] {processor.py:157} INFO - Started process (PID=16625) to work on /home/vscode/.local/lib/python3.10/site-packages/airflow/example_dags/example_setup_teardown.py
[2025-08-14T10:09:11.833+0000] {processor.py:826} INFO - Processing file /home/vscode/.local/lib/python3.10/site-packages/airflow/example_dags/example_setup_teardown.py for tasks to queue
[2025-08-14T10:09:11.834+0000] {logging_mixin.py:150} INFO - [2025-08-14T10:09:11.834+0000] {dagbag.py:541} INFO - Filling up the DagBag from /home/vscode/.local/lib/python3.10/site-packages/airflow/example_dags/example_setup_teardown.py
[2025-08-14T10:09:11.836+0000] {processor.py:838} WARNING - No viable dags retrieved from /home/vscode/.local/lib/python3.10/site-packages/airflow/example_dags/example_setup_teardown.py
[2025-08-14T10:09:11.842+0000] {processor.py:179} INFO - Processing /home/vscode/.local/lib/python3.10/site-packages/airflow/example_dags/example_setup_teardown.py took 0.012 seconds
[2025-08-14T10:10:01.496+0000] {processor.py:157} INFO - Started process (PID=16994) to work on /home/vscode/.local/lib/python3.10/site-packages/airflow/example_dags/example_setup_teardown.py
[2025-08-14T10:10:01.497+0000] {processor.py:826} INFO - Processing file /home/vscode/.local/lib/python3.10/site-packages/airflow/example_dags/example_setup_teardown.py for tasks to queue
[2025-08-14T10:10:01.497+0000] {logging_mixin.py:150} INFO - [2025-08-14T10:10:01.497+0000] {dagbag.py:541} INFO - Filling up the DagBag from /home/vscode/.local/lib/python3.10/site-packages/airflow/example_dags/example_setup_teardown.py
[2025-08-14T10:10:01.499+0000] {processor.py:838} WARNING - No viable dags retrieved from /home/vscode/.local/lib/python3.10/site-packages/airflow/example_dags/example_setup_teardown.py
[2025-08-14T10:10:01.506+0000] {processor.py:179} INFO - Processing /home/vscode/.local/lib/python3.10/site-packages/airflow/example_dags/example_setup_teardown.py took 0.012 seconds
[2025-08-14T10:10:45.086+0000] {processor.py:157} INFO - Started process (PID=17313) to work on /home/vscode/.local/lib/python3.10/site-packages/airflow/example_dags/example_setup_teardown.py
[2025-08-14T10:10:45.087+0000] {processor.py:826} INFO - Processing file /home/vscode/.local/lib/python3.10/site-packages/airflow/example_dags/example_setup_teardown.py for tasks to queue
[2025-08-14T10:10:45.088+0000] {logging_mixin.py:150} INFO - [2025-08-14T10:10:45.088+0000] {dagbag.py:541} INFO - Filling up the DagBag from /home/vscode/.local/lib/python3.10/site-packages/airflow/example_dags/example_setup_teardown.py
[2025-08-14T10:10:45.090+0000] {processor.py:838} WARNING - No viable dags retrieved from /home/vscode/.local/lib/python3.10/site-packages/airflow/example_dags/example_setup_teardown.py
[2025-08-14T10:10:45.097+0000] {processor.py:179} INFO - Processing /home/vscode/.local/lib/python3.10/site-packages/airflow/example_dags/example_setup_teardown.py took 0.013 seconds
[2025-08-14T10:11:35.394+0000] {processor.py:157} INFO - Started process (PID=17687) to work on /home/vscode/.local/lib/python3.10/site-packages/airflow/example_dags/example_setup_teardown.py
[2025-08-14T10:11:35.395+0000] {processor.py:826} INFO - Processing file /home/vscode/.local/lib/python3.10/site-packages/airflow/example_dags/example_setup_teardown.py for tasks to queue
[2025-08-14T10:11:35.395+0000] {logging_mixin.py:150} INFO - [2025-08-14T10:11:35.395+0000] {dagbag.py:541} INFO - Filling up the DagBag from /home/vscode/.local/lib/python3.10/site-packages/airflow/example_dags/example_setup_teardown.py
[2025-08-14T10:11:35.397+0000] {processor.py:838} WARNING - No viable dags retrieved from /home/vscode/.local/lib/python3.10/site-packages/airflow/example_dags/example_setup_teardown.py
[2025-08-14T10:11:35.404+0000] {processor.py:179} INFO - Processing /home/vscode/.local/lib/python3.10/site-packages/airflow/example_dags/example_setup_teardown.py took 0.012 seconds
[2025-08-14T10:12:18.815+0000] {processor.py:157} INFO - Started process (PID=18011) to work on /home/vscode/.local/lib/python3.10/site-packages/airflow/example_dags/example_setup_teardown.py
[2025-08-14T10:12:18.815+0000] {processor.py:826} INFO - Processing file /home/vscode/.local/lib/python3.10/site-packages/airflow/example_dags/example_setup_teardown.py for tasks to queue
[2025-08-14T10:12:18.816+0000] {logging_mixin.py:150} INFO - [2025-08-14T10:12:18.816+0000] {dagbag.py:541} INFO - Filling up the DagBag from /home/vscode/.local/lib/python3.10/site-packages/airflow/example_dags/example_setup_teardown.py
[2025-08-14T10:12:18.818+0000] {processor.py:838} WARNING - No viable dags retrieved from /home/vscode/.local/lib/python3.10/site-packages/airflow/example_dags/example_setup_teardown.py
[2025-08-14T10:12:18.824+0000] {processor.py:179} INFO - Processing /home/vscode/.local/lib/python3.10/site-packages/airflow/example_dags/example_setup_teardown.py took 0.011 seconds
[2025-08-14T10:13:06.917+0000] {processor.py:157} INFO - Started process (PID=18376) to work on /home/vscode/.local/lib/python3.10/site-packages/airflow/example_dags/example_setup_teardown.py
[2025-08-14T10:13:06.918+0000] {processor.py:826} INFO - Processing file /home/vscode/.local/lib/python3.10/site-packages/airflow/example_dags/example_setup_teardown.py for tasks to queue
[2025-08-14T10:13:06.919+0000] {logging_mixin.py:150} INFO - [2025-08-14T10:13:06.918+0000] {dagbag.py:541} INFO - Filling up the DagBag from /home/vscode/.local/lib/python3.10/site-packages/airflow/example_dags/example_setup_teardown.py
[2025-08-14T10:13:06.920+0000] {processor.py:838} WARNING - No viable dags retrieved from /home/vscode/.local/lib/python3.10/site-packages/airflow/example_dags/example_setup_teardown.py
[2025-08-14T10:13:06.927+0000] {processor.py:179} INFO - Processing /home/vscode/.local/lib/python3.10/site-packages/airflow/example_dags/example_setup_teardown.py took 0.012 seconds
[2025-08-14T10:13:51.025+0000] {processor.py:157} INFO - Started process (PID=18696) to work on /home/vscode/.local/lib/python3.10/site-packages/airflow/example_dags/example_setup_teardown.py
[2025-08-14T10:13:51.026+0000] {processor.py:826} INFO - Processing file /home/vscode/.local/lib/python3.10/site-packages/airflow/example_dags/example_setup_teardown.py for tasks to queue
[2025-08-14T10:13:51.026+0000] {logging_mixin.py:150} INFO - [2025-08-14T10:13:51.026+0000] {dagbag.py:541} INFO - Filling up the DagBag from /home/vscode/.local/lib/python3.10/site-packages/airflow/example_dags/example_setup_teardown.py
[2025-08-14T10:13:51.028+0000] {processor.py:838} WARNING - No viable dags retrieved from /home/vscode/.local/lib/python3.10/site-packages/airflow/example_dags/example_setup_teardown.py
[2025-08-14T10:13:51.034+0000] {processor.py:179} INFO - Processing /home/vscode/.local/lib/python3.10/site-packages/airflow/example_dags/example_setup_teardown.py took 0.011 seconds
[2025-08-14T10:14:40.151+0000] {processor.py:157} INFO - Started process (PID=19063) to work on /home/vscode/.local/lib/python3.10/site-packages/airflow/example_dags/example_setup_teardown.py
[2025-08-14T10:14:40.152+0000] {processor.py:826} INFO - Processing file /home/vscode/.local/lib/python3.10/site-packages/airflow/example_dags/example_setup_teardown.py for tasks to queue
[2025-08-14T10:14:40.152+0000] {logging_mixin.py:150} INFO - [2025-08-14T10:14:40.152+0000] {dagbag.py:541} INFO - Filling up the DagBag from /home/vscode/.local/lib/python3.10/site-packages/airflow/example_dags/example_setup_teardown.py
[2025-08-14T10:14:40.154+0000] {processor.py:838} WARNING - No viable dags retrieved from /home/vscode/.local/lib/python3.10/site-packages/airflow/example_dags/example_setup_teardown.py
[2025-08-14T10:14:40.161+0000] {processor.py:179} INFO - Processing /home/vscode/.local/lib/python3.10/site-packages/airflow/example_dags/example_setup_teardown.py took 0.012 seconds
[2025-08-14T10:15:23.509+0000] {processor.py:157} INFO - Started process (PID=19392) to work on /home/vscode/.local/lib/python3.10/site-packages/airflow/example_dags/example_setup_teardown.py
[2025-08-14T10:15:23.509+0000] {processor.py:826} INFO - Processing file /home/vscode/.local/lib/python3.10/site-packages/airflow/example_dags/example_setup_teardown.py for tasks to queue
[2025-08-14T10:15:23.510+0000] {logging_mixin.py:150} INFO - [2025-08-14T10:15:23.509+0000] {dagbag.py:541} INFO - Filling up the DagBag from /home/vscode/.local/lib/python3.10/site-packages/airflow/example_dags/example_setup_teardown.py
[2025-08-14T10:15:23.512+0000] {processor.py:838} WARNING - No viable dags retrieved from /home/vscode/.local/lib/python3.10/site-packages/airflow/example_dags/example_setup_teardown.py
[2025-08-14T10:15:23.518+0000] {processor.py:179} INFO - Processing /home/vscode/.local/lib/python3.10/site-packages/airflow/example_dags/example_setup_teardown.py took 0.012 seconds
[2025-08-14T10:16:08.654+0000] {processor.py:157} INFO - Started process (PID=19729) to work on /home/vscode/.local/lib/python3.10/site-packages/airflow/example_dags/example_setup_teardown.py
[2025-08-14T10:16:08.655+0000] {processor.py:826} INFO - Processing file /home/vscode/.local/lib/python3.10/site-packages/airflow/example_dags/example_setup_teardown.py for tasks to queue
[2025-08-14T10:16:08.655+0000] {logging_mixin.py:150} INFO - [2025-08-14T10:16:08.655+0000] {dagbag.py:541} INFO - Filling up the DagBag from /home/vscode/.local/lib/python3.10/site-packages/airflow/example_dags/example_setup_teardown.py
[2025-08-14T10:16:08.657+0000] {processor.py:838} WARNING - No viable dags retrieved from /home/vscode/.local/lib/python3.10/site-packages/airflow/example_dags/example_setup_teardown.py
[2025-08-14T10:16:08.664+0000] {processor.py:179} INFO - Processing /home/vscode/.local/lib/python3.10/site-packages/airflow/example_dags/example_setup_teardown.py took 0.012 seconds
[2025-08-14T10:16:57.131+0000] {processor.py:157} INFO - Started process (PID=20087) to work on /home/vscode/.local/lib/python3.10/site-packages/airflow/example_dags/example_setup_teardown.py
[2025-08-14T10:16:57.132+0000] {processor.py:826} INFO - Processing file /home/vscode/.local/lib/python3.10/site-packages/airflow/example_dags/example_setup_teardown.py for tasks to queue
[2025-08-14T10:16:57.132+0000] {logging_mixin.py:150} INFO - [2025-08-14T10:16:57.132+0000] {dagbag.py:541} INFO - Filling up the DagBag from /home/vscode/.local/lib/python3.10/site-packages/airflow/example_dags/example_setup_teardown.py
[2025-08-14T10:16:57.134+0000] {processor.py:838} WARNING - No viable dags retrieved from /home/vscode/.local/lib/python3.10/site-packages/airflow/example_dags/example_setup_teardown.py
[2025-08-14T10:16:57.141+0000] {processor.py:179} INFO - Processing /home/vscode/.local/lib/python3.10/site-packages/airflow/example_dags/example_setup_teardown.py took 0.013 seconds
[2025-08-14T10:17:46.232+0000] {processor.py:157} INFO - Started process (PID=20448) to work on /home/vscode/.local/lib/python3.10/site-packages/airflow/example_dags/example_setup_teardown.py
[2025-08-14T10:17:46.232+0000] {processor.py:826} INFO - Processing file /home/vscode/.local/lib/python3.10/site-packages/airflow/example_dags/example_setup_teardown.py for tasks to queue
[2025-08-14T10:17:46.233+0000] {logging_mixin.py:150} INFO - [2025-08-14T10:17:46.233+0000] {dagbag.py:541} INFO - Filling up the DagBag from /home/vscode/.local/lib/python3.10/site-packages/airflow/example_dags/example_setup_teardown.py
[2025-08-14T10:17:46.235+0000] {processor.py:838} WARNING - No viable dags retrieved from /home/vscode/.local/lib/python3.10/site-packages/airflow/example_dags/example_setup_teardown.py
[2025-08-14T10:17:46.242+0000] {processor.py:179} INFO - Processing /home/vscode/.local/lib/python3.10/site-packages/airflow/example_dags/example_setup_teardown.py took 0.013 seconds
[2025-08-14T10:18:31.472+0000] {processor.py:157} INFO - Started process (PID=20749) to work on /home/vscode/.local/lib/python3.10/site-packages/airflow/example_dags/example_setup_teardown.py
[2025-08-14T10:18:31.473+0000] {processor.py:826} INFO - Processing file /home/vscode/.local/lib/python3.10/site-packages/airflow/example_dags/example_setup_teardown.py for tasks to queue
[2025-08-14T10:18:31.474+0000] {logging_mixin.py:150} INFO - [2025-08-14T10:18:31.473+0000] {dagbag.py:541} INFO - Filling up the DagBag from /home/vscode/.local/lib/python3.10/site-packages/airflow/example_dags/example_setup_teardown.py
[2025-08-14T10:18:31.475+0000] {processor.py:838} WARNING - No viable dags retrieved from /home/vscode/.local/lib/python3.10/site-packages/airflow/example_dags/example_setup_teardown.py
[2025-08-14T10:18:31.482+0000] {processor.py:179} INFO - Processing /home/vscode/.local/lib/python3.10/site-packages/airflow/example_dags/example_setup_teardown.py took 0.011 seconds
[2025-08-14T10:19:22.702+0000] {processor.py:157} INFO - Started process (PID=21084) to work on /home/vscode/.local/lib/python3.10/site-packages/airflow/example_dags/example_setup_teardown.py
[2025-08-14T10:19:22.703+0000] {processor.py:826} INFO - Processing file /home/vscode/.local/lib/python3.10/site-packages/airflow/example_dags/example_setup_teardown.py for tasks to queue
[2025-08-14T10:19:22.703+0000] {logging_mixin.py:150} INFO - [2025-08-14T10:19:22.703+0000] {dagbag.py:541} INFO - Filling up the DagBag from /home/vscode/.local/lib/python3.10/site-packages/airflow/example_dags/example_setup_teardown.py
[2025-08-14T10:19:22.705+0000] {processor.py:838} WARNING - No viable dags retrieved from /home/vscode/.local/lib/python3.10/site-packages/airflow/example_dags/example_setup_teardown.py
[2025-08-14T10:19:22.712+0000] {processor.py:179} INFO - Processing /home/vscode/.local/lib/python3.10/site-packages/airflow/example_dags/example_setup_teardown.py took 0.012 seconds
[2025-08-14T10:20:06.207+0000] {processor.py:157} INFO - Started process (PID=21429) to work on /home/vscode/.local/lib/python3.10/site-packages/airflow/example_dags/example_setup_teardown.py
[2025-08-14T10:20:06.208+0000] {processor.py:826} INFO - Processing file /home/vscode/.local/lib/python3.10/site-packages/airflow/example_dags/example_setup_teardown.py for tasks to queue
[2025-08-14T10:20:06.208+0000] {logging_mixin.py:150} INFO - [2025-08-14T10:20:06.208+0000] {dagbag.py:541} INFO - Filling up the DagBag from /home/vscode/.local/lib/python3.10/site-packages/airflow/example_dags/example_setup_teardown.py
[2025-08-14T10:20:06.210+0000] {processor.py:838} WARNING - No viable dags retrieved from /home/vscode/.local/lib/python3.10/site-packages/airflow/example_dags/example_setup_teardown.py
[2025-08-14T10:20:06.217+0000] {processor.py:179} INFO - Processing /home/vscode/.local/lib/python3.10/site-packages/airflow/example_dags/example_setup_teardown.py took 0.012 seconds
[2025-08-14T10:20:53.727+0000] {processor.py:157} INFO - Started process (PID=21750) to work on /home/vscode/.local/lib/python3.10/site-packages/airflow/example_dags/example_setup_teardown.py
[2025-08-14T10:20:53.728+0000] {processor.py:826} INFO - Processing file /home/vscode/.local/lib/python3.10/site-packages/airflow/example_dags/example_setup_teardown.py for tasks to queue
[2025-08-14T10:20:53.729+0000] {logging_mixin.py:150} INFO - [2025-08-14T10:20:53.729+0000] {dagbag.py:541} INFO - Filling up the DagBag from /home/vscode/.local/lib/python3.10/site-packages/airflow/example_dags/example_setup_teardown.py
[2025-08-14T10:20:53.732+0000] {processor.py:838} WARNING - No viable dags retrieved from /home/vscode/.local/lib/python3.10/site-packages/airflow/example_dags/example_setup_teardown.py
[2025-08-14T10:20:53.749+0000] {processor.py:179} INFO - Processing /home/vscode/.local/lib/python3.10/site-packages/airflow/example_dags/example_setup_teardown.py took 0.034 seconds
[2025-08-14T10:21:43.254+0000] {processor.py:157} INFO - Started process (PID=22084) to work on /home/vscode/.local/lib/python3.10/site-packages/airflow/example_dags/example_setup_teardown.py
[2025-08-14T10:21:43.255+0000] {processor.py:826} INFO - Processing file /home/vscode/.local/lib/python3.10/site-packages/airflow/example_dags/example_setup_teardown.py for tasks to queue
[2025-08-14T10:21:43.256+0000] {logging_mixin.py:150} INFO - [2025-08-14T10:21:43.255+0000] {dagbag.py:541} INFO - Filling up the DagBag from /home/vscode/.local/lib/python3.10/site-packages/airflow/example_dags/example_setup_teardown.py
[2025-08-14T10:21:43.257+0000] {processor.py:838} WARNING - No viable dags retrieved from /home/vscode/.local/lib/python3.10/site-packages/airflow/example_dags/example_setup_teardown.py
[2025-08-14T10:21:43.265+0000] {processor.py:179} INFO - Processing /home/vscode/.local/lib/python3.10/site-packages/airflow/example_dags/example_setup_teardown.py took 0.013 seconds
[2025-08-14T10:22:32.497+0000] {processor.py:157} INFO - Started process (PID=22411) to work on /home/vscode/.local/lib/python3.10/site-packages/airflow/example_dags/example_setup_teardown.py
[2025-08-14T10:22:32.497+0000] {processor.py:826} INFO - Processing file /home/vscode/.local/lib/python3.10/site-packages/airflow/example_dags/example_setup_teardown.py for tasks to queue
[2025-08-14T10:22:32.498+0000] {logging_mixin.py:150} INFO - [2025-08-14T10:22:32.498+0000] {dagbag.py:541} INFO - Filling up the DagBag from /home/vscode/.local/lib/python3.10/site-packages/airflow/example_dags/example_setup_teardown.py
[2025-08-14T10:22:32.500+0000] {processor.py:838} WARNING - No viable dags retrieved from /home/vscode/.local/lib/python3.10/site-packages/airflow/example_dags/example_setup_teardown.py
[2025-08-14T10:22:32.507+0000] {processor.py:179} INFO - Processing /home/vscode/.local/lib/python3.10/site-packages/airflow/example_dags/example_setup_teardown.py took 0.012 seconds
[2025-08-14T10:23:15.415+0000] {processor.py:157} INFO - Started process (PID=22698) to work on /home/vscode/.local/lib/python3.10/site-packages/airflow/example_dags/example_setup_teardown.py
[2025-08-14T10:23:15.416+0000] {processor.py:826} INFO - Processing file /home/vscode/.local/lib/python3.10/site-packages/airflow/example_dags/example_setup_teardown.py for tasks to queue
[2025-08-14T10:23:15.416+0000] {logging_mixin.py:150} INFO - [2025-08-14T10:23:15.416+0000] {dagbag.py:541} INFO - Filling up the DagBag from /home/vscode/.local/lib/python3.10/site-packages/airflow/example_dags/example_setup_teardown.py
[2025-08-14T10:23:15.418+0000] {processor.py:838} WARNING - No viable dags retrieved from /home/vscode/.local/lib/python3.10/site-packages/airflow/example_dags/example_setup_teardown.py
[2025-08-14T10:23:15.425+0000] {processor.py:179} INFO - Processing /home/vscode/.local/lib/python3.10/site-packages/airflow/example_dags/example_setup_teardown.py took 0.013 seconds
[2025-08-14T10:24:01.544+0000] {processor.py:157} INFO - Started process (PID=23021) to work on /home/vscode/.local/lib/python3.10/site-packages/airflow/example_dags/example_setup_teardown.py
[2025-08-14T10:24:01.545+0000] {processor.py:826} INFO - Processing file /home/vscode/.local/lib/python3.10/site-packages/airflow/example_dags/example_setup_teardown.py for tasks to queue
[2025-08-14T10:24:01.545+0000] {logging_mixin.py:150} INFO - [2025-08-14T10:24:01.545+0000] {dagbag.py:541} INFO - Filling up the DagBag from /home/vscode/.local/lib/python3.10/site-packages/airflow/example_dags/example_setup_teardown.py
[2025-08-14T10:24:01.547+0000] {processor.py:838} WARNING - No viable dags retrieved from /home/vscode/.local/lib/python3.10/site-packages/airflow/example_dags/example_setup_teardown.py
[2025-08-14T10:24:01.554+0000] {processor.py:179} INFO - Processing /home/vscode/.local/lib/python3.10/site-packages/airflow/example_dags/example_setup_teardown.py took 0.012 seconds
[2025-08-14T10:24:50.021+0000] {processor.py:157} INFO - Started process (PID=23367) to work on /home/vscode/.local/lib/python3.10/site-packages/airflow/example_dags/example_setup_teardown.py
[2025-08-14T10:24:50.021+0000] {processor.py:826} INFO - Processing file /home/vscode/.local/lib/python3.10/site-packages/airflow/example_dags/example_setup_teardown.py for tasks to queue
[2025-08-14T10:24:50.022+0000] {logging_mixin.py:150} INFO - [2025-08-14T10:24:50.022+0000] {dagbag.py:541} INFO - Filling up the DagBag from /home/vscode/.local/lib/python3.10/site-packages/airflow/example_dags/example_setup_teardown.py
[2025-08-14T10:24:50.023+0000] {processor.py:838} WARNING - No viable dags retrieved from /home/vscode/.local/lib/python3.10/site-packages/airflow/example_dags/example_setup_teardown.py
[2025-08-14T10:24:50.030+0000] {processor.py:179} INFO - Processing /home/vscode/.local/lib/python3.10/site-packages/airflow/example_dags/example_setup_teardown.py took 0.012 seconds
[2025-08-14T10:25:34.007+0000] {processor.py:157} INFO - Started process (PID=23656) to work on /home/vscode/.local/lib/python3.10/site-packages/airflow/example_dags/example_setup_teardown.py
[2025-08-14T10:25:34.007+0000] {processor.py:826} INFO - Processing file /home/vscode/.local/lib/python3.10/site-packages/airflow/example_dags/example_setup_teardown.py for tasks to queue
[2025-08-14T10:25:34.008+0000] {logging_mixin.py:150} INFO - [2025-08-14T10:25:34.008+0000] {dagbag.py:541} INFO - Filling up the DagBag from /home/vscode/.local/lib/python3.10/site-packages/airflow/example_dags/example_setup_teardown.py
[2025-08-14T10:25:34.010+0000] {processor.py:838} WARNING - No viable dags retrieved from /home/vscode/.local/lib/python3.10/site-packages/airflow/example_dags/example_setup_teardown.py
[2025-08-14T10:25:34.017+0000] {processor.py:179} INFO - Processing /home/vscode/.local/lib/python3.10/site-packages/airflow/example_dags/example_setup_teardown.py took 0.012 seconds
[2025-08-14T10:26:20.194+0000] {processor.py:157} INFO - Started process (PID=23970) to work on /home/vscode/.local/lib/python3.10/site-packages/airflow/example_dags/example_setup_teardown.py
[2025-08-14T10:26:20.195+0000] {processor.py:826} INFO - Processing file /home/vscode/.local/lib/python3.10/site-packages/airflow/example_dags/example_setup_teardown.py for tasks to queue
[2025-08-14T10:26:20.195+0000] {logging_mixin.py:150} INFO - [2025-08-14T10:26:20.195+0000] {dagbag.py:541} INFO - Filling up the DagBag from /home/vscode/.local/lib/python3.10/site-packages/airflow/example_dags/example_setup_teardown.py
[2025-08-14T10:26:20.197+0000] {processor.py:838} WARNING - No viable dags retrieved from /home/vscode/.local/lib/python3.10/site-packages/airflow/example_dags/example_setup_teardown.py
[2025-08-14T10:26:20.203+0000] {processor.py:179} INFO - Processing /home/vscode/.local/lib/python3.10/site-packages/airflow/example_dags/example_setup_teardown.py took 0.012 seconds
[2025-08-14T10:27:05.306+0000] {processor.py:157} INFO - Started process (PID=24269) to work on /home/vscode/.local/lib/python3.10/site-packages/airflow/example_dags/example_setup_teardown.py
[2025-08-14T10:27:05.306+0000] {processor.py:826} INFO - Processing file /home/vscode/.local/lib/python3.10/site-packages/airflow/example_dags/example_setup_teardown.py for tasks to queue
[2025-08-14T10:27:05.307+0000] {logging_mixin.py:150} INFO - [2025-08-14T10:27:05.307+0000] {dagbag.py:541} INFO - Filling up the DagBag from /home/vscode/.local/lib/python3.10/site-packages/airflow/example_dags/example_setup_teardown.py
[2025-08-14T10:27:05.308+0000] {processor.py:838} WARNING - No viable dags retrieved from /home/vscode/.local/lib/python3.10/site-packages/airflow/example_dags/example_setup_teardown.py
[2025-08-14T10:27:05.316+0000] {processor.py:179} INFO - Processing /home/vscode/.local/lib/python3.10/site-packages/airflow/example_dags/example_setup_teardown.py took 0.012 seconds
[2025-08-14T10:27:51.245+0000] {processor.py:157} INFO - Started process (PID=24574) to work on /home/vscode/.local/lib/python3.10/site-packages/airflow/example_dags/example_setup_teardown.py
[2025-08-14T10:27:51.246+0000] {processor.py:826} INFO - Processing file /home/vscode/.local/lib/python3.10/site-packages/airflow/example_dags/example_setup_teardown.py for tasks to queue
[2025-08-14T10:27:51.246+0000] {logging_mixin.py:150} INFO - [2025-08-14T10:27:51.246+0000] {dagbag.py:541} INFO - Filling up the DagBag from /home/vscode/.local/lib/python3.10/site-packages/airflow/example_dags/example_setup_teardown.py
[2025-08-14T10:27:51.248+0000] {processor.py:838} WARNING - No viable dags retrieved from /home/vscode/.local/lib/python3.10/site-packages/airflow/example_dags/example_setup_teardown.py
[2025-08-14T10:27:51.255+0000] {processor.py:179} INFO - Processing /home/vscode/.local/lib/python3.10/site-packages/airflow/example_dags/example_setup_teardown.py took 0.012 seconds
[2025-08-14T10:28:38.453+0000] {processor.py:157} INFO - Started process (PID=24891) to work on /home/vscode/.local/lib/python3.10/site-packages/airflow/example_dags/example_setup_teardown.py
[2025-08-14T10:28:38.454+0000] {processor.py:826} INFO - Processing file /home/vscode/.local/lib/python3.10/site-packages/airflow/example_dags/example_setup_teardown.py for tasks to queue
[2025-08-14T10:28:38.455+0000] {logging_mixin.py:150} INFO - [2025-08-14T10:28:38.454+0000] {dagbag.py:541} INFO - Filling up the DagBag from /home/vscode/.local/lib/python3.10/site-packages/airflow/example_dags/example_setup_teardown.py
[2025-08-14T10:28:38.456+0000] {processor.py:838} WARNING - No viable dags retrieved from /home/vscode/.local/lib/python3.10/site-packages/airflow/example_dags/example_setup_teardown.py
[2025-08-14T10:28:38.464+0000] {processor.py:179} INFO - Processing /home/vscode/.local/lib/python3.10/site-packages/airflow/example_dags/example_setup_teardown.py took 0.012 seconds
[2025-08-14T10:29:26.494+0000] {processor.py:157} INFO - Started process (PID=25210) to work on /home/vscode/.local/lib/python3.10/site-packages/airflow/example_dags/example_setup_teardown.py
[2025-08-14T10:29:26.494+0000] {processor.py:826} INFO - Processing file /home/vscode/.local/lib/python3.10/site-packages/airflow/example_dags/example_setup_teardown.py for tasks to queue
[2025-08-14T10:29:26.495+0000] {logging_mixin.py:150} INFO - [2025-08-14T10:29:26.495+0000] {dagbag.py:541} INFO - Filling up the DagBag from /home/vscode/.local/lib/python3.10/site-packages/airflow/example_dags/example_setup_teardown.py
[2025-08-14T10:29:26.496+0000] {processor.py:838} WARNING - No viable dags retrieved from /home/vscode/.local/lib/python3.10/site-packages/airflow/example_dags/example_setup_teardown.py
[2025-08-14T10:29:26.503+0000] {processor.py:179} INFO - Processing /home/vscode/.local/lib/python3.10/site-packages/airflow/example_dags/example_setup_teardown.py took 0.011 seconds
[2025-08-14T10:30:10.470+0000] {processor.py:157} INFO - Started process (PID=25505) to work on /home/vscode/.local/lib/python3.10/site-packages/airflow/example_dags/example_setup_teardown.py
[2025-08-14T10:30:10.470+0000] {processor.py:826} INFO - Processing file /home/vscode/.local/lib/python3.10/site-packages/airflow/example_dags/example_setup_teardown.py for tasks to queue
[2025-08-14T10:30:10.471+0000] {logging_mixin.py:150} INFO - [2025-08-14T10:30:10.471+0000] {dagbag.py:541} INFO - Filling up the DagBag from /home/vscode/.local/lib/python3.10/site-packages/airflow/example_dags/example_setup_teardown.py
[2025-08-14T10:30:10.472+0000] {processor.py:838} WARNING - No viable dags retrieved from /home/vscode/.local/lib/python3.10/site-packages/airflow/example_dags/example_setup_teardown.py
[2025-08-14T10:30:10.479+0000] {processor.py:179} INFO - Processing /home/vscode/.local/lib/python3.10/site-packages/airflow/example_dags/example_setup_teardown.py took 0.012 seconds
[2025-08-14T10:31:00.039+0000] {processor.py:157} INFO - Started process (PID=25835) to work on /home/vscode/.local/lib/python3.10/site-packages/airflow/example_dags/example_setup_teardown.py
[2025-08-14T10:31:00.040+0000] {processor.py:826} INFO - Processing file /home/vscode/.local/lib/python3.10/site-packages/airflow/example_dags/example_setup_teardown.py for tasks to queue
[2025-08-14T10:31:00.041+0000] {logging_mixin.py:150} INFO - [2025-08-14T10:31:00.040+0000] {dagbag.py:541} INFO - Filling up the DagBag from /home/vscode/.local/lib/python3.10/site-packages/airflow/example_dags/example_setup_teardown.py
[2025-08-14T10:31:00.043+0000] {processor.py:838} WARNING - No viable dags retrieved from /home/vscode/.local/lib/python3.10/site-packages/airflow/example_dags/example_setup_teardown.py
[2025-08-14T10:31:00.053+0000] {processor.py:179} INFO - Processing /home/vscode/.local/lib/python3.10/site-packages/airflow/example_dags/example_setup_teardown.py took 0.016 seconds
[2025-08-14T10:31:42.991+0000] {processor.py:157} INFO - Started process (PID=26122) to work on /home/vscode/.local/lib/python3.10/site-packages/airflow/example_dags/example_setup_teardown.py
[2025-08-14T10:31:42.992+0000] {processor.py:826} INFO - Processing file /home/vscode/.local/lib/python3.10/site-packages/airflow/example_dags/example_setup_teardown.py for tasks to queue
[2025-08-14T10:31:42.992+0000] {logging_mixin.py:150} INFO - [2025-08-14T10:31:42.992+0000] {dagbag.py:541} INFO - Filling up the DagBag from /home/vscode/.local/lib/python3.10/site-packages/airflow/example_dags/example_setup_teardown.py
[2025-08-14T10:31:42.994+0000] {processor.py:838} WARNING - No viable dags retrieved from /home/vscode/.local/lib/python3.10/site-packages/airflow/example_dags/example_setup_teardown.py
[2025-08-14T10:31:43.001+0000] {processor.py:179} INFO - Processing /home/vscode/.local/lib/python3.10/site-packages/airflow/example_dags/example_setup_teardown.py took 0.012 seconds
[2025-08-14T10:32:27.188+0000] {processor.py:157} INFO - Started process (PID=26417) to work on /home/vscode/.local/lib/python3.10/site-packages/airflow/example_dags/example_setup_teardown.py
[2025-08-14T10:32:27.189+0000] {processor.py:826} INFO - Processing file /home/vscode/.local/lib/python3.10/site-packages/airflow/example_dags/example_setup_teardown.py for tasks to queue
[2025-08-14T10:32:27.190+0000] {logging_mixin.py:150} INFO - [2025-08-14T10:32:27.189+0000] {dagbag.py:541} INFO - Filling up the DagBag from /home/vscode/.local/lib/python3.10/site-packages/airflow/example_dags/example_setup_teardown.py
[2025-08-14T10:32:27.191+0000] {processor.py:838} WARNING - No viable dags retrieved from /home/vscode/.local/lib/python3.10/site-packages/airflow/example_dags/example_setup_teardown.py
[2025-08-14T10:32:27.198+0000] {processor.py:179} INFO - Processing /home/vscode/.local/lib/python3.10/site-packages/airflow/example_dags/example_setup_teardown.py took 0.012 seconds
[2025-08-14T10:33:09.818+0000] {processor.py:157} INFO - Started process (PID=26770) to work on /home/vscode/.local/lib/python3.10/site-packages/airflow/example_dags/example_setup_teardown.py
[2025-08-14T10:33:09.818+0000] {processor.py:826} INFO - Processing file /home/vscode/.local/lib/python3.10/site-packages/airflow/example_dags/example_setup_teardown.py for tasks to queue
[2025-08-14T10:33:09.819+0000] {logging_mixin.py:150} INFO - [2025-08-14T10:33:09.819+0000] {dagbag.py:541} INFO - Filling up the DagBag from /home/vscode/.local/lib/python3.10/site-packages/airflow/example_dags/example_setup_teardown.py
[2025-08-14T10:33:09.821+0000] {processor.py:838} WARNING - No viable dags retrieved from /home/vscode/.local/lib/python3.10/site-packages/airflow/example_dags/example_setup_teardown.py
[2025-08-14T10:33:09.828+0000] {processor.py:179} INFO - Processing /home/vscode/.local/lib/python3.10/site-packages/airflow/example_dags/example_setup_teardown.py took 0.012 seconds
[2025-08-14T10:33:53.871+0000] {processor.py:157} INFO - Started process (PID=27121) to work on /home/vscode/.local/lib/python3.10/site-packages/airflow/example_dags/example_setup_teardown.py
[2025-08-14T10:33:53.872+0000] {processor.py:826} INFO - Processing file /home/vscode/.local/lib/python3.10/site-packages/airflow/example_dags/example_setup_teardown.py for tasks to queue
[2025-08-14T10:33:53.872+0000] {logging_mixin.py:150} INFO - [2025-08-14T10:33:53.872+0000] {dagbag.py:541} INFO - Filling up the DagBag from /home/vscode/.local/lib/python3.10/site-packages/airflow/example_dags/example_setup_teardown.py
[2025-08-14T10:33:53.874+0000] {processor.py:838} WARNING - No viable dags retrieved from /home/vscode/.local/lib/python3.10/site-packages/airflow/example_dags/example_setup_teardown.py
[2025-08-14T10:33:53.881+0000] {processor.py:179} INFO - Processing /home/vscode/.local/lib/python3.10/site-packages/airflow/example_dags/example_setup_teardown.py took 0.012 seconds
[2025-08-14T10:34:42.278+0000] {processor.py:157} INFO - Started process (PID=27445) to work on /home/vscode/.local/lib/python3.10/site-packages/airflow/example_dags/example_setup_teardown.py
[2025-08-14T10:34:42.278+0000] {processor.py:826} INFO - Processing file /home/vscode/.local/lib/python3.10/site-packages/airflow/example_dags/example_setup_teardown.py for tasks to queue
[2025-08-14T10:34:42.279+0000] {logging_mixin.py:150} INFO - [2025-08-14T10:34:42.279+0000] {dagbag.py:541} INFO - Filling up the DagBag from /home/vscode/.local/lib/python3.10/site-packages/airflow/example_dags/example_setup_teardown.py
[2025-08-14T10:34:42.280+0000] {processor.py:838} WARNING - No viable dags retrieved from /home/vscode/.local/lib/python3.10/site-packages/airflow/example_dags/example_setup_teardown.py
[2025-08-14T10:34:42.287+0000] {processor.py:179} INFO - Processing /home/vscode/.local/lib/python3.10/site-packages/airflow/example_dags/example_setup_teardown.py took 0.012 seconds
[2025-08-14T10:35:27.684+0000] {processor.py:157} INFO - Started process (PID=27740) to work on /home/vscode/.local/lib/python3.10/site-packages/airflow/example_dags/example_setup_teardown.py
[2025-08-14T10:35:27.685+0000] {processor.py:826} INFO - Processing file /home/vscode/.local/lib/python3.10/site-packages/airflow/example_dags/example_setup_teardown.py for tasks to queue
[2025-08-14T10:35:27.685+0000] {logging_mixin.py:150} INFO - [2025-08-14T10:35:27.685+0000] {dagbag.py:541} INFO - Filling up the DagBag from /home/vscode/.local/lib/python3.10/site-packages/airflow/example_dags/example_setup_teardown.py
[2025-08-14T10:35:27.687+0000] {processor.py:838} WARNING - No viable dags retrieved from /home/vscode/.local/lib/python3.10/site-packages/airflow/example_dags/example_setup_teardown.py
[2025-08-14T10:35:27.694+0000] {processor.py:179} INFO - Processing /home/vscode/.local/lib/python3.10/site-packages/airflow/example_dags/example_setup_teardown.py took 0.012 seconds
[2025-08-14T10:36:11.231+0000] {processor.py:157} INFO - Started process (PID=28034) to work on /home/vscode/.local/lib/python3.10/site-packages/airflow/example_dags/example_setup_teardown.py
[2025-08-14T10:36:11.231+0000] {processor.py:826} INFO - Processing file /home/vscode/.local/lib/python3.10/site-packages/airflow/example_dags/example_setup_teardown.py for tasks to queue
[2025-08-14T10:36:11.232+0000] {logging_mixin.py:150} INFO - [2025-08-14T10:36:11.232+0000] {dagbag.py:541} INFO - Filling up the DagBag from /home/vscode/.local/lib/python3.10/site-packages/airflow/example_dags/example_setup_teardown.py
[2025-08-14T10:36:11.233+0000] {processor.py:838} WARNING - No viable dags retrieved from /home/vscode/.local/lib/python3.10/site-packages/airflow/example_dags/example_setup_teardown.py
[2025-08-14T10:36:11.241+0000] {processor.py:179} INFO - Processing /home/vscode/.local/lib/python3.10/site-packages/airflow/example_dags/example_setup_teardown.py took 0.012 seconds
[2025-08-14T10:37:01.373+0000] {processor.py:157} INFO - Started process (PID=28370) to work on /home/vscode/.local/lib/python3.10/site-packages/airflow/example_dags/example_setup_teardown.py
[2025-08-14T10:37:01.374+0000] {processor.py:826} INFO - Processing file /home/vscode/.local/lib/python3.10/site-packages/airflow/example_dags/example_setup_teardown.py for tasks to queue
[2025-08-14T10:37:01.374+0000] {logging_mixin.py:150} INFO - [2025-08-14T10:37:01.374+0000] {dagbag.py:541} INFO - Filling up the DagBag from /home/vscode/.local/lib/python3.10/site-packages/airflow/example_dags/example_setup_teardown.py
[2025-08-14T10:37:01.376+0000] {processor.py:838} WARNING - No viable dags retrieved from /home/vscode/.local/lib/python3.10/site-packages/airflow/example_dags/example_setup_teardown.py
[2025-08-14T10:37:01.383+0000] {processor.py:179} INFO - Processing /home/vscode/.local/lib/python3.10/site-packages/airflow/example_dags/example_setup_teardown.py took 0.012 seconds
[2025-08-14T10:37:46.600+0000] {processor.py:157} INFO - Started process (PID=28673) to work on /home/vscode/.local/lib/python3.10/site-packages/airflow/example_dags/example_setup_teardown.py
[2025-08-14T10:37:46.601+0000] {processor.py:826} INFO - Processing file /home/vscode/.local/lib/python3.10/site-packages/airflow/example_dags/example_setup_teardown.py for tasks to queue
[2025-08-14T10:37:46.601+0000] {logging_mixin.py:150} INFO - [2025-08-14T10:37:46.601+0000] {dagbag.py:541} INFO - Filling up the DagBag from /home/vscode/.local/lib/python3.10/site-packages/airflow/example_dags/example_setup_teardown.py
[2025-08-14T10:37:46.603+0000] {processor.py:838} WARNING - No viable dags retrieved from /home/vscode/.local/lib/python3.10/site-packages/airflow/example_dags/example_setup_teardown.py
[2025-08-14T10:37:46.610+0000] {processor.py:179} INFO - Processing /home/vscode/.local/lib/python3.10/site-packages/airflow/example_dags/example_setup_teardown.py took 0.012 seconds
[2025-08-14T10:38:32.112+0000] {processor.py:157} INFO - Started process (PID=28977) to work on /home/vscode/.local/lib/python3.10/site-packages/airflow/example_dags/example_setup_teardown.py
[2025-08-14T10:38:32.113+0000] {processor.py:826} INFO - Processing file /home/vscode/.local/lib/python3.10/site-packages/airflow/example_dags/example_setup_teardown.py for tasks to queue
[2025-08-14T10:38:32.114+0000] {logging_mixin.py:150} INFO - [2025-08-14T10:38:32.113+0000] {dagbag.py:541} INFO - Filling up the DagBag from /home/vscode/.local/lib/python3.10/site-packages/airflow/example_dags/example_setup_teardown.py
[2025-08-14T10:38:32.115+0000] {processor.py:838} WARNING - No viable dags retrieved from /home/vscode/.local/lib/python3.10/site-packages/airflow/example_dags/example_setup_teardown.py
[2025-08-14T10:38:32.122+0000] {processor.py:179} INFO - Processing /home/vscode/.local/lib/python3.10/site-packages/airflow/example_dags/example_setup_teardown.py took 0.012 seconds
[2025-08-14T10:39:22.500+0000] {processor.py:157} INFO - Started process (PID=29311) to work on /home/vscode/.local/lib/python3.10/site-packages/airflow/example_dags/example_setup_teardown.py
[2025-08-14T10:39:22.501+0000] {processor.py:826} INFO - Processing file /home/vscode/.local/lib/python3.10/site-packages/airflow/example_dags/example_setup_teardown.py for tasks to queue
[2025-08-14T10:39:22.502+0000] {logging_mixin.py:150} INFO - [2025-08-14T10:39:22.501+0000] {dagbag.py:541} INFO - Filling up the DagBag from /home/vscode/.local/lib/python3.10/site-packages/airflow/example_dags/example_setup_teardown.py
[2025-08-14T10:39:22.505+0000] {processor.py:838} WARNING - No viable dags retrieved from /home/vscode/.local/lib/python3.10/site-packages/airflow/example_dags/example_setup_teardown.py
[2025-08-14T10:39:22.516+0000] {processor.py:179} INFO - Processing /home/vscode/.local/lib/python3.10/site-packages/airflow/example_dags/example_setup_teardown.py took 0.019 seconds
[2025-08-14T10:40:09.478+0000] {processor.py:157} INFO - Started process (PID=29616) to work on /home/vscode/.local/lib/python3.10/site-packages/airflow/example_dags/example_setup_teardown.py
[2025-08-14T10:40:09.478+0000] {processor.py:826} INFO - Processing file /home/vscode/.local/lib/python3.10/site-packages/airflow/example_dags/example_setup_teardown.py for tasks to queue
[2025-08-14T10:40:09.479+0000] {logging_mixin.py:150} INFO - [2025-08-14T10:40:09.479+0000] {dagbag.py:541} INFO - Filling up the DagBag from /home/vscode/.local/lib/python3.10/site-packages/airflow/example_dags/example_setup_teardown.py
[2025-08-14T10:40:09.480+0000] {processor.py:838} WARNING - No viable dags retrieved from /home/vscode/.local/lib/python3.10/site-packages/airflow/example_dags/example_setup_teardown.py
[2025-08-14T10:40:09.487+0000] {processor.py:179} INFO - Processing /home/vscode/.local/lib/python3.10/site-packages/airflow/example_dags/example_setup_teardown.py took 0.012 seconds
[2025-08-14T10:40:57.245+0000] {processor.py:157} INFO - Started process (PID=29941) to work on /home/vscode/.local/lib/python3.10/site-packages/airflow/example_dags/example_setup_teardown.py
[2025-08-14T10:40:57.246+0000] {processor.py:826} INFO - Processing file /home/vscode/.local/lib/python3.10/site-packages/airflow/example_dags/example_setup_teardown.py for tasks to queue
[2025-08-14T10:40:57.246+0000] {logging_mixin.py:150} INFO - [2025-08-14T10:40:57.246+0000] {dagbag.py:541} INFO - Filling up the DagBag from /home/vscode/.local/lib/python3.10/site-packages/airflow/example_dags/example_setup_teardown.py
[2025-08-14T10:40:57.248+0000] {processor.py:838} WARNING - No viable dags retrieved from /home/vscode/.local/lib/python3.10/site-packages/airflow/example_dags/example_setup_teardown.py
[2025-08-14T10:40:57.256+0000] {processor.py:179} INFO - Processing /home/vscode/.local/lib/python3.10/site-packages/airflow/example_dags/example_setup_teardown.py took 0.013 seconds
[2025-08-14T10:41:45.628+0000] {processor.py:157} INFO - Started process (PID=30260) to work on /home/vscode/.local/lib/python3.10/site-packages/airflow/example_dags/example_setup_teardown.py
[2025-08-14T10:41:45.629+0000] {processor.py:826} INFO - Processing file /home/vscode/.local/lib/python3.10/site-packages/airflow/example_dags/example_setup_teardown.py for tasks to queue
[2025-08-14T10:41:45.630+0000] {logging_mixin.py:150} INFO - [2025-08-14T10:41:45.629+0000] {dagbag.py:541} INFO - Filling up the DagBag from /home/vscode/.local/lib/python3.10/site-packages/airflow/example_dags/example_setup_teardown.py
[2025-08-14T10:41:45.631+0000] {processor.py:838} WARNING - No viable dags retrieved from /home/vscode/.local/lib/python3.10/site-packages/airflow/example_dags/example_setup_teardown.py
[2025-08-14T10:41:45.638+0000] {processor.py:179} INFO - Processing /home/vscode/.local/lib/python3.10/site-packages/airflow/example_dags/example_setup_teardown.py took 0.012 seconds
[2025-08-14T10:42:34.709+0000] {processor.py:157} INFO - Started process (PID=30586) to work on /home/vscode/.local/lib/python3.10/site-packages/airflow/example_dags/example_setup_teardown.py
[2025-08-14T10:42:34.710+0000] {processor.py:826} INFO - Processing file /home/vscode/.local/lib/python3.10/site-packages/airflow/example_dags/example_setup_teardown.py for tasks to queue
[2025-08-14T10:42:34.710+0000] {logging_mixin.py:150} INFO - [2025-08-14T10:42:34.710+0000] {dagbag.py:541} INFO - Filling up the DagBag from /home/vscode/.local/lib/python3.10/site-packages/airflow/example_dags/example_setup_teardown.py
[2025-08-14T10:42:34.712+0000] {processor.py:838} WARNING - No viable dags retrieved from /home/vscode/.local/lib/python3.10/site-packages/airflow/example_dags/example_setup_teardown.py
[2025-08-14T10:42:34.719+0000] {processor.py:179} INFO - Processing /home/vscode/.local/lib/python3.10/site-packages/airflow/example_dags/example_setup_teardown.py took 0.012 seconds
[2025-08-14T10:43:19.545+0000] {processor.py:157} INFO - Started process (PID=30882) to work on /home/vscode/.local/lib/python3.10/site-packages/airflow/example_dags/example_setup_teardown.py
[2025-08-14T10:43:19.545+0000] {processor.py:826} INFO - Processing file /home/vscode/.local/lib/python3.10/site-packages/airflow/example_dags/example_setup_teardown.py for tasks to queue
[2025-08-14T10:43:19.546+0000] {logging_mixin.py:150} INFO - [2025-08-14T10:43:19.546+0000] {dagbag.py:541} INFO - Filling up the DagBag from /home/vscode/.local/lib/python3.10/site-packages/airflow/example_dags/example_setup_teardown.py
[2025-08-14T10:43:19.547+0000] {processor.py:838} WARNING - No viable dags retrieved from /home/vscode/.local/lib/python3.10/site-packages/airflow/example_dags/example_setup_teardown.py
[2025-08-14T10:43:19.554+0000] {processor.py:179} INFO - Processing /home/vscode/.local/lib/python3.10/site-packages/airflow/example_dags/example_setup_teardown.py took 0.012 seconds
[2025-08-14T10:44:07.773+0000] {processor.py:157} INFO - Started process (PID=31208) to work on /home/vscode/.local/lib/python3.10/site-packages/airflow/example_dags/example_setup_teardown.py
[2025-08-14T10:44:07.774+0000] {processor.py:826} INFO - Processing file /home/vscode/.local/lib/python3.10/site-packages/airflow/example_dags/example_setup_teardown.py for tasks to queue
[2025-08-14T10:44:07.775+0000] {logging_mixin.py:150} INFO - [2025-08-14T10:44:07.774+0000] {dagbag.py:541} INFO - Filling up the DagBag from /home/vscode/.local/lib/python3.10/site-packages/airflow/example_dags/example_setup_teardown.py
[2025-08-14T10:44:07.776+0000] {processor.py:838} WARNING - No viable dags retrieved from /home/vscode/.local/lib/python3.10/site-packages/airflow/example_dags/example_setup_teardown.py
[2025-08-14T10:44:07.783+0000] {processor.py:179} INFO - Processing /home/vscode/.local/lib/python3.10/site-packages/airflow/example_dags/example_setup_teardown.py took 0.012 seconds
[2025-08-14T10:44:56.315+0000] {processor.py:157} INFO - Started process (PID=31533) to work on /home/vscode/.local/lib/python3.10/site-packages/airflow/example_dags/example_setup_teardown.py
[2025-08-14T10:44:56.316+0000] {processor.py:826} INFO - Processing file /home/vscode/.local/lib/python3.10/site-packages/airflow/example_dags/example_setup_teardown.py for tasks to queue
[2025-08-14T10:44:56.317+0000] {logging_mixin.py:150} INFO - [2025-08-14T10:44:56.316+0000] {dagbag.py:541} INFO - Filling up the DagBag from /home/vscode/.local/lib/python3.10/site-packages/airflow/example_dags/example_setup_teardown.py
[2025-08-14T10:44:56.318+0000] {processor.py:838} WARNING - No viable dags retrieved from /home/vscode/.local/lib/python3.10/site-packages/airflow/example_dags/example_setup_teardown.py
[2025-08-14T10:44:56.326+0000] {processor.py:179} INFO - Processing /home/vscode/.local/lib/python3.10/site-packages/airflow/example_dags/example_setup_teardown.py took 0.012 seconds
[2025-08-14T10:45:42.046+0000] {processor.py:157} INFO - Started process (PID=31831) to work on /home/vscode/.local/lib/python3.10/site-packages/airflow/example_dags/example_setup_teardown.py
[2025-08-14T10:45:42.047+0000] {processor.py:826} INFO - Processing file /home/vscode/.local/lib/python3.10/site-packages/airflow/example_dags/example_setup_teardown.py for tasks to queue
[2025-08-14T10:45:42.048+0000] {logging_mixin.py:150} INFO - [2025-08-14T10:45:42.047+0000] {dagbag.py:541} INFO - Filling up the DagBag from /home/vscode/.local/lib/python3.10/site-packages/airflow/example_dags/example_setup_teardown.py
[2025-08-14T10:45:42.050+0000] {processor.py:838} WARNING - No viable dags retrieved from /home/vscode/.local/lib/python3.10/site-packages/airflow/example_dags/example_setup_teardown.py
[2025-08-14T10:45:42.063+0000] {processor.py:179} INFO - Processing /home/vscode/.local/lib/python3.10/site-packages/airflow/example_dags/example_setup_teardown.py took 0.021 seconds
[2025-08-14T10:46:25.457+0000] {processor.py:157} INFO - Started process (PID=32129) to work on /home/vscode/.local/lib/python3.10/site-packages/airflow/example_dags/example_setup_teardown.py
[2025-08-14T10:46:25.458+0000] {processor.py:826} INFO - Processing file /home/vscode/.local/lib/python3.10/site-packages/airflow/example_dags/example_setup_teardown.py for tasks to queue
[2025-08-14T10:46:25.458+0000] {logging_mixin.py:150} INFO - [2025-08-14T10:46:25.458+0000] {dagbag.py:541} INFO - Filling up the DagBag from /home/vscode/.local/lib/python3.10/site-packages/airflow/example_dags/example_setup_teardown.py
[2025-08-14T10:46:25.461+0000] {processor.py:838} WARNING - No viable dags retrieved from /home/vscode/.local/lib/python3.10/site-packages/airflow/example_dags/example_setup_teardown.py
[2025-08-14T10:46:25.471+0000] {processor.py:179} INFO - Processing /home/vscode/.local/lib/python3.10/site-packages/airflow/example_dags/example_setup_teardown.py took 0.017 seconds
[2025-08-14T10:47:11.015+0000] {processor.py:157} INFO - Started process (PID=32427) to work on /home/vscode/.local/lib/python3.10/site-packages/airflow/example_dags/example_setup_teardown.py
[2025-08-14T10:47:11.016+0000] {processor.py:826} INFO - Processing file /home/vscode/.local/lib/python3.10/site-packages/airflow/example_dags/example_setup_teardown.py for tasks to queue
[2025-08-14T10:47:11.016+0000] {logging_mixin.py:150} INFO - [2025-08-14T10:47:11.016+0000] {dagbag.py:541} INFO - Filling up the DagBag from /home/vscode/.local/lib/python3.10/site-packages/airflow/example_dags/example_setup_teardown.py
[2025-08-14T10:47:11.018+0000] {processor.py:838} WARNING - No viable dags retrieved from /home/vscode/.local/lib/python3.10/site-packages/airflow/example_dags/example_setup_teardown.py
[2025-08-14T10:47:11.028+0000] {processor.py:179} INFO - Processing /home/vscode/.local/lib/python3.10/site-packages/airflow/example_dags/example_setup_teardown.py took 0.016 seconds
[2025-08-14T10:47:53.304+0000] {processor.py:157} INFO - Started process (PID=32714) to work on /home/vscode/.local/lib/python3.10/site-packages/airflow/example_dags/example_setup_teardown.py
[2025-08-14T10:47:53.304+0000] {processor.py:826} INFO - Processing file /home/vscode/.local/lib/python3.10/site-packages/airflow/example_dags/example_setup_teardown.py for tasks to queue
[2025-08-14T10:47:53.305+0000] {logging_mixin.py:150} INFO - [2025-08-14T10:47:53.305+0000] {dagbag.py:541} INFO - Filling up the DagBag from /home/vscode/.local/lib/python3.10/site-packages/airflow/example_dags/example_setup_teardown.py
[2025-08-14T10:47:53.307+0000] {processor.py:838} WARNING - No viable dags retrieved from /home/vscode/.local/lib/python3.10/site-packages/airflow/example_dags/example_setup_teardown.py
[2025-08-14T10:47:53.314+0000] {processor.py:179} INFO - Processing /home/vscode/.local/lib/python3.10/site-packages/airflow/example_dags/example_setup_teardown.py took 0.013 seconds
[2025-08-14T10:48:38.122+0000] {processor.py:157} INFO - Started process (PID=33013) to work on /home/vscode/.local/lib/python3.10/site-packages/airflow/example_dags/example_setup_teardown.py
[2025-08-14T10:48:38.123+0000] {processor.py:826} INFO - Processing file /home/vscode/.local/lib/python3.10/site-packages/airflow/example_dags/example_setup_teardown.py for tasks to queue
[2025-08-14T10:48:38.124+0000] {logging_mixin.py:150} INFO - [2025-08-14T10:48:38.123+0000] {dagbag.py:541} INFO - Filling up the DagBag from /home/vscode/.local/lib/python3.10/site-packages/airflow/example_dags/example_setup_teardown.py
[2025-08-14T10:48:38.125+0000] {processor.py:838} WARNING - No viable dags retrieved from /home/vscode/.local/lib/python3.10/site-packages/airflow/example_dags/example_setup_teardown.py
[2025-08-14T10:48:38.132+0000] {processor.py:179} INFO - Processing /home/vscode/.local/lib/python3.10/site-packages/airflow/example_dags/example_setup_teardown.py took 0.012 seconds
[2025-08-14T10:49:23.353+0000] {processor.py:157} INFO - Started process (PID=33310) to work on /home/vscode/.local/lib/python3.10/site-packages/airflow/example_dags/example_setup_teardown.py
[2025-08-14T10:49:23.354+0000] {processor.py:826} INFO - Processing file /home/vscode/.local/lib/python3.10/site-packages/airflow/example_dags/example_setup_teardown.py for tasks to queue
[2025-08-14T10:49:23.355+0000] {logging_mixin.py:150} INFO - [2025-08-14T10:49:23.354+0000] {dagbag.py:541} INFO - Filling up the DagBag from /home/vscode/.local/lib/python3.10/site-packages/airflow/example_dags/example_setup_teardown.py
[2025-08-14T10:49:23.356+0000] {processor.py:838} WARNING - No viable dags retrieved from /home/vscode/.local/lib/python3.10/site-packages/airflow/example_dags/example_setup_teardown.py
[2025-08-14T10:49:23.363+0000] {processor.py:179} INFO - Processing /home/vscode/.local/lib/python3.10/site-packages/airflow/example_dags/example_setup_teardown.py took 0.012 seconds
[2025-08-14T10:50:12.357+0000] {processor.py:157} INFO - Started process (PID=33637) to work on /home/vscode/.local/lib/python3.10/site-packages/airflow/example_dags/example_setup_teardown.py
[2025-08-14T10:50:12.358+0000] {processor.py:826} INFO - Processing file /home/vscode/.local/lib/python3.10/site-packages/airflow/example_dags/example_setup_teardown.py for tasks to queue
[2025-08-14T10:50:12.358+0000] {logging_mixin.py:150} INFO - [2025-08-14T10:50:12.358+0000] {dagbag.py:541} INFO - Filling up the DagBag from /home/vscode/.local/lib/python3.10/site-packages/airflow/example_dags/example_setup_teardown.py
[2025-08-14T10:50:12.360+0000] {processor.py:838} WARNING - No viable dags retrieved from /home/vscode/.local/lib/python3.10/site-packages/airflow/example_dags/example_setup_teardown.py
[2025-08-14T10:50:12.367+0000] {processor.py:179} INFO - Processing /home/vscode/.local/lib/python3.10/site-packages/airflow/example_dags/example_setup_teardown.py took 0.012 seconds
[2025-08-14T10:50:57.958+0000] {processor.py:157} INFO - Started process (PID=33946) to work on /home/vscode/.local/lib/python3.10/site-packages/airflow/example_dags/example_setup_teardown.py
[2025-08-14T10:50:57.959+0000] {processor.py:826} INFO - Processing file /home/vscode/.local/lib/python3.10/site-packages/airflow/example_dags/example_setup_teardown.py for tasks to queue
[2025-08-14T10:50:57.959+0000] {logging_mixin.py:150} INFO - [2025-08-14T10:50:57.959+0000] {dagbag.py:541} INFO - Filling up the DagBag from /home/vscode/.local/lib/python3.10/site-packages/airflow/example_dags/example_setup_teardown.py
[2025-08-14T10:50:57.961+0000] {processor.py:838} WARNING - No viable dags retrieved from /home/vscode/.local/lib/python3.10/site-packages/airflow/example_dags/example_setup_teardown.py
[2025-08-14T10:50:57.968+0000] {processor.py:179} INFO - Processing /home/vscode/.local/lib/python3.10/site-packages/airflow/example_dags/example_setup_teardown.py took 0.012 seconds
[2025-08-14T10:51:49.890+0000] {processor.py:157} INFO - Started process (PID=34284) to work on /home/vscode/.local/lib/python3.10/site-packages/airflow/example_dags/example_setup_teardown.py
[2025-08-14T10:51:49.890+0000] {processor.py:826} INFO - Processing file /home/vscode/.local/lib/python3.10/site-packages/airflow/example_dags/example_setup_teardown.py for tasks to queue
[2025-08-14T10:51:49.891+0000] {logging_mixin.py:150} INFO - [2025-08-14T10:51:49.891+0000] {dagbag.py:541} INFO - Filling up the DagBag from /home/vscode/.local/lib/python3.10/site-packages/airflow/example_dags/example_setup_teardown.py
[2025-08-14T10:51:49.893+0000] {processor.py:838} WARNING - No viable dags retrieved from /home/vscode/.local/lib/python3.10/site-packages/airflow/example_dags/example_setup_teardown.py
[2025-08-14T10:51:49.900+0000] {processor.py:179} INFO - Processing /home/vscode/.local/lib/python3.10/site-packages/airflow/example_dags/example_setup_teardown.py took 0.012 seconds
[2025-08-14T10:52:35.730+0000] {processor.py:157} INFO - Started process (PID=34593) to work on /home/vscode/.local/lib/python3.10/site-packages/airflow/example_dags/example_setup_teardown.py
[2025-08-14T10:52:35.730+0000] {processor.py:826} INFO - Processing file /home/vscode/.local/lib/python3.10/site-packages/airflow/example_dags/example_setup_teardown.py for tasks to queue
[2025-08-14T10:52:35.731+0000] {logging_mixin.py:150} INFO - [2025-08-14T10:52:35.731+0000] {dagbag.py:541} INFO - Filling up the DagBag from /home/vscode/.local/lib/python3.10/site-packages/airflow/example_dags/example_setup_teardown.py
[2025-08-14T10:52:35.733+0000] {processor.py:838} WARNING - No viable dags retrieved from /home/vscode/.local/lib/python3.10/site-packages/airflow/example_dags/example_setup_teardown.py
[2025-08-14T10:52:35.740+0000] {processor.py:179} INFO - Processing /home/vscode/.local/lib/python3.10/site-packages/airflow/example_dags/example_setup_teardown.py took 0.012 seconds
[2025-08-14T10:53:23.357+0000] {processor.py:157} INFO - Started process (PID=35336) to work on /home/vscode/.local/lib/python3.10/site-packages/airflow/example_dags/example_setup_teardown.py
[2025-08-14T10:53:23.358+0000] {processor.py:826} INFO - Processing file /home/vscode/.local/lib/python3.10/site-packages/airflow/example_dags/example_setup_teardown.py for tasks to queue
[2025-08-14T10:53:23.359+0000] {logging_mixin.py:150} INFO - [2025-08-14T10:53:23.359+0000] {dagbag.py:541} INFO - Filling up the DagBag from /home/vscode/.local/lib/python3.10/site-packages/airflow/example_dags/example_setup_teardown.py
[2025-08-14T10:53:23.361+0000] {processor.py:838} WARNING - No viable dags retrieved from /home/vscode/.local/lib/python3.10/site-packages/airflow/example_dags/example_setup_teardown.py
[2025-08-14T10:53:23.369+0000] {processor.py:179} INFO - Processing /home/vscode/.local/lib/python3.10/site-packages/airflow/example_dags/example_setup_teardown.py took 0.015 seconds
[2025-08-14T10:54:10.786+0000] {processor.py:157} INFO - Started process (PID=36610) to work on /home/vscode/.local/lib/python3.10/site-packages/airflow/example_dags/example_setup_teardown.py
[2025-08-14T10:54:10.787+0000] {processor.py:826} INFO - Processing file /home/vscode/.local/lib/python3.10/site-packages/airflow/example_dags/example_setup_teardown.py for tasks to queue
[2025-08-14T10:54:10.788+0000] {logging_mixin.py:150} INFO - [2025-08-14T10:54:10.787+0000] {dagbag.py:541} INFO - Filling up the DagBag from /home/vscode/.local/lib/python3.10/site-packages/airflow/example_dags/example_setup_teardown.py
[2025-08-14T10:54:10.790+0000] {processor.py:838} WARNING - No viable dags retrieved from /home/vscode/.local/lib/python3.10/site-packages/airflow/example_dags/example_setup_teardown.py
[2025-08-14T10:54:10.802+0000] {processor.py:179} INFO - Processing /home/vscode/.local/lib/python3.10/site-packages/airflow/example_dags/example_setup_teardown.py took 0.019 seconds
[2025-08-14T10:54:55.220+0000] {processor.py:157} INFO - Started process (PID=37208) to work on /home/vscode/.local/lib/python3.10/site-packages/airflow/example_dags/example_setup_teardown.py
[2025-08-14T10:54:55.220+0000] {processor.py:826} INFO - Processing file /home/vscode/.local/lib/python3.10/site-packages/airflow/example_dags/example_setup_teardown.py for tasks to queue
[2025-08-14T10:54:55.221+0000] {logging_mixin.py:150} INFO - [2025-08-14T10:54:55.221+0000] {dagbag.py:541} INFO - Filling up the DagBag from /home/vscode/.local/lib/python3.10/site-packages/airflow/example_dags/example_setup_teardown.py
[2025-08-14T10:54:55.223+0000] {processor.py:838} WARNING - No viable dags retrieved from /home/vscode/.local/lib/python3.10/site-packages/airflow/example_dags/example_setup_teardown.py
[2025-08-14T10:54:55.232+0000] {processor.py:179} INFO - Processing /home/vscode/.local/lib/python3.10/site-packages/airflow/example_dags/example_setup_teardown.py took 0.016 seconds
[2025-08-14T10:55:39.889+0000] {processor.py:157} INFO - Started process (PID=37781) to work on /home/vscode/.local/lib/python3.10/site-packages/airflow/example_dags/example_setup_teardown.py
[2025-08-14T10:55:39.890+0000] {processor.py:826} INFO - Processing file /home/vscode/.local/lib/python3.10/site-packages/airflow/example_dags/example_setup_teardown.py for tasks to queue
[2025-08-14T10:55:39.891+0000] {logging_mixin.py:150} INFO - [2025-08-14T10:55:39.890+0000] {dagbag.py:541} INFO - Filling up the DagBag from /home/vscode/.local/lib/python3.10/site-packages/airflow/example_dags/example_setup_teardown.py
[2025-08-14T10:55:39.892+0000] {processor.py:838} WARNING - No viable dags retrieved from /home/vscode/.local/lib/python3.10/site-packages/airflow/example_dags/example_setup_teardown.py
[2025-08-14T10:55:39.899+0000] {processor.py:179} INFO - Processing /home/vscode/.local/lib/python3.10/site-packages/airflow/example_dags/example_setup_teardown.py took 0.012 seconds
[2025-08-14T10:56:29.715+0000] {processor.py:157} INFO - Started process (PID=38257) to work on /home/vscode/.local/lib/python3.10/site-packages/airflow/example_dags/example_setup_teardown.py
[2025-08-14T10:56:29.716+0000] {processor.py:826} INFO - Processing file /home/vscode/.local/lib/python3.10/site-packages/airflow/example_dags/example_setup_teardown.py for tasks to queue
[2025-08-14T10:56:29.717+0000] {logging_mixin.py:150} INFO - [2025-08-14T10:56:29.717+0000] {dagbag.py:541} INFO - Filling up the DagBag from /home/vscode/.local/lib/python3.10/site-packages/airflow/example_dags/example_setup_teardown.py
[2025-08-14T10:56:29.718+0000] {processor.py:838} WARNING - No viable dags retrieved from /home/vscode/.local/lib/python3.10/site-packages/airflow/example_dags/example_setup_teardown.py
[2025-08-14T10:56:29.725+0000] {processor.py:179} INFO - Processing /home/vscode/.local/lib/python3.10/site-packages/airflow/example_dags/example_setup_teardown.py took 0.012 seconds
[2025-08-14T10:57:19.202+0000] {processor.py:157} INFO - Started process (PID=38729) to work on /home/vscode/.local/lib/python3.10/site-packages/airflow/example_dags/example_setup_teardown.py
[2025-08-14T10:57:19.202+0000] {processor.py:826} INFO - Processing file /home/vscode/.local/lib/python3.10/site-packages/airflow/example_dags/example_setup_teardown.py for tasks to queue
[2025-08-14T10:57:19.203+0000] {logging_mixin.py:150} INFO - [2025-08-14T10:57:19.203+0000] {dagbag.py:541} INFO - Filling up the DagBag from /home/vscode/.local/lib/python3.10/site-packages/airflow/example_dags/example_setup_teardown.py
[2025-08-14T10:57:19.205+0000] {processor.py:838} WARNING - No viable dags retrieved from /home/vscode/.local/lib/python3.10/site-packages/airflow/example_dags/example_setup_teardown.py
[2025-08-14T10:57:19.213+0000] {processor.py:179} INFO - Processing /home/vscode/.local/lib/python3.10/site-packages/airflow/example_dags/example_setup_teardown.py took 0.013 seconds
[2025-08-14T10:58:06.049+0000] {processor.py:157} INFO - Started process (PID=39179) to work on /home/vscode/.local/lib/python3.10/site-packages/airflow/example_dags/example_setup_teardown.py
[2025-08-14T10:58:06.049+0000] {processor.py:826} INFO - Processing file /home/vscode/.local/lib/python3.10/site-packages/airflow/example_dags/example_setup_teardown.py for tasks to queue
[2025-08-14T10:58:06.050+0000] {logging_mixin.py:150} INFO - [2025-08-14T10:58:06.050+0000] {dagbag.py:541} INFO - Filling up the DagBag from /home/vscode/.local/lib/python3.10/site-packages/airflow/example_dags/example_setup_teardown.py
[2025-08-14T10:58:06.052+0000] {processor.py:838} WARNING - No viable dags retrieved from /home/vscode/.local/lib/python3.10/site-packages/airflow/example_dags/example_setup_teardown.py
[2025-08-14T10:58:06.060+0000] {processor.py:179} INFO - Processing /home/vscode/.local/lib/python3.10/site-packages/airflow/example_dags/example_setup_teardown.py took 0.014 seconds
[2025-08-14T10:58:52.259+0000] {processor.py:157} INFO - Started process (PID=39622) to work on /home/vscode/.local/lib/python3.10/site-packages/airflow/example_dags/example_setup_teardown.py
[2025-08-14T10:58:52.260+0000] {processor.py:826} INFO - Processing file /home/vscode/.local/lib/python3.10/site-packages/airflow/example_dags/example_setup_teardown.py for tasks to queue
[2025-08-14T10:58:52.260+0000] {logging_mixin.py:150} INFO - [2025-08-14T10:58:52.260+0000] {dagbag.py:541} INFO - Filling up the DagBag from /home/vscode/.local/lib/python3.10/site-packages/airflow/example_dags/example_setup_teardown.py
[2025-08-14T10:58:52.262+0000] {processor.py:838} WARNING - No viable dags retrieved from /home/vscode/.local/lib/python3.10/site-packages/airflow/example_dags/example_setup_teardown.py
[2025-08-14T10:58:52.269+0000] {processor.py:179} INFO - Processing /home/vscode/.local/lib/python3.10/site-packages/airflow/example_dags/example_setup_teardown.py took 0.012 seconds
[2025-08-14T10:59:38.561+0000] {processor.py:157} INFO - Started process (PID=40059) to work on /home/vscode/.local/lib/python3.10/site-packages/airflow/example_dags/example_setup_teardown.py
[2025-08-14T10:59:38.562+0000] {processor.py:826} INFO - Processing file /home/vscode/.local/lib/python3.10/site-packages/airflow/example_dags/example_setup_teardown.py for tasks to queue
[2025-08-14T10:59:38.562+0000] {logging_mixin.py:150} INFO - [2025-08-14T10:59:38.562+0000] {dagbag.py:541} INFO - Filling up the DagBag from /home/vscode/.local/lib/python3.10/site-packages/airflow/example_dags/example_setup_teardown.py
[2025-08-14T10:59:38.565+0000] {processor.py:838} WARNING - No viable dags retrieved from /home/vscode/.local/lib/python3.10/site-packages/airflow/example_dags/example_setup_teardown.py
[2025-08-14T10:59:38.574+0000] {processor.py:179} INFO - Processing /home/vscode/.local/lib/python3.10/site-packages/airflow/example_dags/example_setup_teardown.py took 0.016 seconds
[2025-08-14T11:00:24.758+0000] {processor.py:157} INFO - Started process (PID=40508) to work on /home/vscode/.local/lib/python3.10/site-packages/airflow/example_dags/example_setup_teardown.py
[2025-08-14T11:00:24.759+0000] {processor.py:826} INFO - Processing file /home/vscode/.local/lib/python3.10/site-packages/airflow/example_dags/example_setup_teardown.py for tasks to queue
[2025-08-14T11:00:24.760+0000] {logging_mixin.py:150} INFO - [2025-08-14T11:00:24.759+0000] {dagbag.py:541} INFO - Filling up the DagBag from /home/vscode/.local/lib/python3.10/site-packages/airflow/example_dags/example_setup_teardown.py
[2025-08-14T11:00:24.761+0000] {processor.py:838} WARNING - No viable dags retrieved from /home/vscode/.local/lib/python3.10/site-packages/airflow/example_dags/example_setup_teardown.py
[2025-08-14T11:00:24.769+0000] {processor.py:179} INFO - Processing /home/vscode/.local/lib/python3.10/site-packages/airflow/example_dags/example_setup_teardown.py took 0.013 seconds
[2025-08-14T11:01:12.133+0000] {processor.py:157} INFO - Started process (PID=40957) to work on /home/vscode/.local/lib/python3.10/site-packages/airflow/example_dags/example_setup_teardown.py
[2025-08-14T11:01:12.133+0000] {processor.py:826} INFO - Processing file /home/vscode/.local/lib/python3.10/site-packages/airflow/example_dags/example_setup_teardown.py for tasks to queue
[2025-08-14T11:01:12.134+0000] {logging_mixin.py:150} INFO - [2025-08-14T11:01:12.134+0000] {dagbag.py:541} INFO - Filling up the DagBag from /home/vscode/.local/lib/python3.10/site-packages/airflow/example_dags/example_setup_teardown.py
[2025-08-14T11:01:12.136+0000] {processor.py:838} WARNING - No viable dags retrieved from /home/vscode/.local/lib/python3.10/site-packages/airflow/example_dags/example_setup_teardown.py
[2025-08-14T11:01:12.143+0000] {processor.py:179} INFO - Processing /home/vscode/.local/lib/python3.10/site-packages/airflow/example_dags/example_setup_teardown.py took 0.012 seconds
[2025-08-14T11:02:02.286+0000] {processor.py:157} INFO - Started process (PID=41442) to work on /home/vscode/.local/lib/python3.10/site-packages/airflow/example_dags/example_setup_teardown.py
[2025-08-14T11:02:02.287+0000] {processor.py:826} INFO - Processing file /home/vscode/.local/lib/python3.10/site-packages/airflow/example_dags/example_setup_teardown.py for tasks to queue
[2025-08-14T11:02:02.287+0000] {logging_mixin.py:150} INFO - [2025-08-14T11:02:02.287+0000] {dagbag.py:541} INFO - Filling up the DagBag from /home/vscode/.local/lib/python3.10/site-packages/airflow/example_dags/example_setup_teardown.py
[2025-08-14T11:02:02.289+0000] {processor.py:838} WARNING - No viable dags retrieved from /home/vscode/.local/lib/python3.10/site-packages/airflow/example_dags/example_setup_teardown.py
[2025-08-14T11:02:02.297+0000] {processor.py:179} INFO - Processing /home/vscode/.local/lib/python3.10/site-packages/airflow/example_dags/example_setup_teardown.py took 0.013 seconds
[2025-08-14T11:02:49.874+0000] {processor.py:157} INFO - Started process (PID=41886) to work on /home/vscode/.local/lib/python3.10/site-packages/airflow/example_dags/example_setup_teardown.py
[2025-08-14T11:02:49.875+0000] {processor.py:826} INFO - Processing file /home/vscode/.local/lib/python3.10/site-packages/airflow/example_dags/example_setup_teardown.py for tasks to queue
[2025-08-14T11:02:49.875+0000] {logging_mixin.py:150} INFO - [2025-08-14T11:02:49.875+0000] {dagbag.py:541} INFO - Filling up the DagBag from /home/vscode/.local/lib/python3.10/site-packages/airflow/example_dags/example_setup_teardown.py
[2025-08-14T11:02:49.877+0000] {processor.py:838} WARNING - No viable dags retrieved from /home/vscode/.local/lib/python3.10/site-packages/airflow/example_dags/example_setup_teardown.py
[2025-08-14T11:02:49.884+0000] {processor.py:179} INFO - Processing /home/vscode/.local/lib/python3.10/site-packages/airflow/example_dags/example_setup_teardown.py took 0.012 seconds
[2025-08-14T11:03:36.032+0000] {processor.py:157} INFO - Started process (PID=42335) to work on /home/vscode/.local/lib/python3.10/site-packages/airflow/example_dags/example_setup_teardown.py
[2025-08-14T11:03:36.033+0000] {processor.py:826} INFO - Processing file /home/vscode/.local/lib/python3.10/site-packages/airflow/example_dags/example_setup_teardown.py for tasks to queue
[2025-08-14T11:03:36.033+0000] {logging_mixin.py:150} INFO - [2025-08-14T11:03:36.033+0000] {dagbag.py:541} INFO - Filling up the DagBag from /home/vscode/.local/lib/python3.10/site-packages/airflow/example_dags/example_setup_teardown.py
[2025-08-14T11:03:36.035+0000] {processor.py:838} WARNING - No viable dags retrieved from /home/vscode/.local/lib/python3.10/site-packages/airflow/example_dags/example_setup_teardown.py
[2025-08-14T11:03:36.042+0000] {processor.py:179} INFO - Processing /home/vscode/.local/lib/python3.10/site-packages/airflow/example_dags/example_setup_teardown.py took 0.012 seconds
[2025-08-14T11:04:20.865+0000] {processor.py:157} INFO - Started process (PID=42762) to work on /home/vscode/.local/lib/python3.10/site-packages/airflow/example_dags/example_setup_teardown.py
[2025-08-14T11:04:20.865+0000] {processor.py:826} INFO - Processing file /home/vscode/.local/lib/python3.10/site-packages/airflow/example_dags/example_setup_teardown.py for tasks to queue
[2025-08-14T11:04:20.866+0000] {logging_mixin.py:150} INFO - [2025-08-14T11:04:20.866+0000] {dagbag.py:541} INFO - Filling up the DagBag from /home/vscode/.local/lib/python3.10/site-packages/airflow/example_dags/example_setup_teardown.py
[2025-08-14T11:04:20.868+0000] {processor.py:838} WARNING - No viable dags retrieved from /home/vscode/.local/lib/python3.10/site-packages/airflow/example_dags/example_setup_teardown.py
[2025-08-14T11:04:20.875+0000] {processor.py:179} INFO - Processing /home/vscode/.local/lib/python3.10/site-packages/airflow/example_dags/example_setup_teardown.py took 0.013 seconds
[2025-08-14T11:05:12.085+0000] {processor.py:157} INFO - Started process (PID=43257) to work on /home/vscode/.local/lib/python3.10/site-packages/airflow/example_dags/example_setup_teardown.py
[2025-08-14T11:05:12.085+0000] {processor.py:826} INFO - Processing file /home/vscode/.local/lib/python3.10/site-packages/airflow/example_dags/example_setup_teardown.py for tasks to queue
[2025-08-14T11:05:12.086+0000] {logging_mixin.py:150} INFO - [2025-08-14T11:05:12.086+0000] {dagbag.py:541} INFO - Filling up the DagBag from /home/vscode/.local/lib/python3.10/site-packages/airflow/example_dags/example_setup_teardown.py
[2025-08-14T11:05:12.088+0000] {processor.py:838} WARNING - No viable dags retrieved from /home/vscode/.local/lib/python3.10/site-packages/airflow/example_dags/example_setup_teardown.py
[2025-08-14T11:05:12.095+0000] {processor.py:179} INFO - Processing /home/vscode/.local/lib/python3.10/site-packages/airflow/example_dags/example_setup_teardown.py took 0.013 seconds
[2025-08-14T11:05:55.480+0000] {processor.py:157} INFO - Started process (PID=43677) to work on /home/vscode/.local/lib/python3.10/site-packages/airflow/example_dags/example_setup_teardown.py
[2025-08-14T11:05:55.481+0000] {processor.py:826} INFO - Processing file /home/vscode/.local/lib/python3.10/site-packages/airflow/example_dags/example_setup_teardown.py for tasks to queue
[2025-08-14T11:05:55.481+0000] {logging_mixin.py:150} INFO - [2025-08-14T11:05:55.481+0000] {dagbag.py:541} INFO - Filling up the DagBag from /home/vscode/.local/lib/python3.10/site-packages/airflow/example_dags/example_setup_teardown.py
[2025-08-14T11:05:55.483+0000] {processor.py:838} WARNING - No viable dags retrieved from /home/vscode/.local/lib/python3.10/site-packages/airflow/example_dags/example_setup_teardown.py
[2025-08-14T11:05:55.490+0000] {processor.py:179} INFO - Processing /home/vscode/.local/lib/python3.10/site-packages/airflow/example_dags/example_setup_teardown.py took 0.013 seconds
[2025-08-14T11:06:39.441+0000] {processor.py:157} INFO - Started process (PID=44093) to work on /home/vscode/.local/lib/python3.10/site-packages/airflow/example_dags/example_setup_teardown.py
[2025-08-14T11:06:39.442+0000] {processor.py:826} INFO - Processing file /home/vscode/.local/lib/python3.10/site-packages/airflow/example_dags/example_setup_teardown.py for tasks to queue
[2025-08-14T11:06:39.443+0000] {logging_mixin.py:150} INFO - [2025-08-14T11:06:39.442+0000] {dagbag.py:541} INFO - Filling up the DagBag from /home/vscode/.local/lib/python3.10/site-packages/airflow/example_dags/example_setup_teardown.py
[2025-08-14T11:06:39.444+0000] {processor.py:838} WARNING - No viable dags retrieved from /home/vscode/.local/lib/python3.10/site-packages/airflow/example_dags/example_setup_teardown.py
[2025-08-14T11:06:39.451+0000] {processor.py:179} INFO - Processing /home/vscode/.local/lib/python3.10/site-packages/airflow/example_dags/example_setup_teardown.py took 0.012 seconds
[2025-08-14T11:07:25.678+0000] {processor.py:157} INFO - Started process (PID=44533) to work on /home/vscode/.local/lib/python3.10/site-packages/airflow/example_dags/example_setup_teardown.py
[2025-08-14T11:07:25.679+0000] {processor.py:826} INFO - Processing file /home/vscode/.local/lib/python3.10/site-packages/airflow/example_dags/example_setup_teardown.py for tasks to queue
[2025-08-14T11:07:25.679+0000] {logging_mixin.py:150} INFO - [2025-08-14T11:07:25.679+0000] {dagbag.py:541} INFO - Filling up the DagBag from /home/vscode/.local/lib/python3.10/site-packages/airflow/example_dags/example_setup_teardown.py
[2025-08-14T11:07:25.681+0000] {processor.py:838} WARNING - No viable dags retrieved from /home/vscode/.local/lib/python3.10/site-packages/airflow/example_dags/example_setup_teardown.py
[2025-08-14T11:07:25.688+0000] {processor.py:179} INFO - Processing /home/vscode/.local/lib/python3.10/site-packages/airflow/example_dags/example_setup_teardown.py took 0.012 seconds
[2025-08-14T11:08:09.491+0000] {processor.py:157} INFO - Started process (PID=44954) to work on /home/vscode/.local/lib/python3.10/site-packages/airflow/example_dags/example_setup_teardown.py
[2025-08-14T11:08:09.491+0000] {processor.py:826} INFO - Processing file /home/vscode/.local/lib/python3.10/site-packages/airflow/example_dags/example_setup_teardown.py for tasks to queue
[2025-08-14T11:08:09.492+0000] {logging_mixin.py:150} INFO - [2025-08-14T11:08:09.492+0000] {dagbag.py:541} INFO - Filling up the DagBag from /home/vscode/.local/lib/python3.10/site-packages/airflow/example_dags/example_setup_teardown.py
[2025-08-14T11:08:09.494+0000] {processor.py:838} WARNING - No viable dags retrieved from /home/vscode/.local/lib/python3.10/site-packages/airflow/example_dags/example_setup_teardown.py
[2025-08-14T11:08:09.502+0000] {processor.py:179} INFO - Processing /home/vscode/.local/lib/python3.10/site-packages/airflow/example_dags/example_setup_teardown.py took 0.014 seconds
[2025-08-14T11:08:54.199+0000] {processor.py:157} INFO - Started process (PID=45382) to work on /home/vscode/.local/lib/python3.10/site-packages/airflow/example_dags/example_setup_teardown.py
[2025-08-14T11:08:54.200+0000] {processor.py:826} INFO - Processing file /home/vscode/.local/lib/python3.10/site-packages/airflow/example_dags/example_setup_teardown.py for tasks to queue
[2025-08-14T11:08:54.200+0000] {logging_mixin.py:150} INFO - [2025-08-14T11:08:54.200+0000] {dagbag.py:541} INFO - Filling up the DagBag from /home/vscode/.local/lib/python3.10/site-packages/airflow/example_dags/example_setup_teardown.py
[2025-08-14T11:08:54.202+0000] {processor.py:838} WARNING - No viable dags retrieved from /home/vscode/.local/lib/python3.10/site-packages/airflow/example_dags/example_setup_teardown.py
[2025-08-14T11:08:54.209+0000] {processor.py:179} INFO - Processing /home/vscode/.local/lib/python3.10/site-packages/airflow/example_dags/example_setup_teardown.py took 0.012 seconds
[2025-08-14T11:09:47.350+0000] {processor.py:157} INFO - Started process (PID=45887) to work on /home/vscode/.local/lib/python3.10/site-packages/airflow/example_dags/example_setup_teardown.py
[2025-08-14T11:09:47.351+0000] {processor.py:826} INFO - Processing file /home/vscode/.local/lib/python3.10/site-packages/airflow/example_dags/example_setup_teardown.py for tasks to queue
[2025-08-14T11:09:47.351+0000] {logging_mixin.py:150} INFO - [2025-08-14T11:09:47.351+0000] {dagbag.py:541} INFO - Filling up the DagBag from /home/vscode/.local/lib/python3.10/site-packages/airflow/example_dags/example_setup_teardown.py
[2025-08-14T11:09:47.353+0000] {processor.py:838} WARNING - No viable dags retrieved from /home/vscode/.local/lib/python3.10/site-packages/airflow/example_dags/example_setup_teardown.py
[2025-08-14T11:09:47.361+0000] {processor.py:179} INFO - Processing /home/vscode/.local/lib/python3.10/site-packages/airflow/example_dags/example_setup_teardown.py took 0.013 seconds
[2025-08-14T11:10:39.256+0000] {processor.py:157} INFO - Started process (PID=46387) to work on /home/vscode/.local/lib/python3.10/site-packages/airflow/example_dags/example_setup_teardown.py
[2025-08-14T11:10:39.257+0000] {processor.py:826} INFO - Processing file /home/vscode/.local/lib/python3.10/site-packages/airflow/example_dags/example_setup_teardown.py for tasks to queue
[2025-08-14T11:10:39.257+0000] {logging_mixin.py:150} INFO - [2025-08-14T11:10:39.257+0000] {dagbag.py:541} INFO - Filling up the DagBag from /home/vscode/.local/lib/python3.10/site-packages/airflow/example_dags/example_setup_teardown.py
[2025-08-14T11:10:39.259+0000] {processor.py:838} WARNING - No viable dags retrieved from /home/vscode/.local/lib/python3.10/site-packages/airflow/example_dags/example_setup_teardown.py
[2025-08-14T11:10:39.266+0000] {processor.py:179} INFO - Processing /home/vscode/.local/lib/python3.10/site-packages/airflow/example_dags/example_setup_teardown.py took 0.013 seconds
[2025-08-14T11:11:21.967+0000] {processor.py:157} INFO - Started process (PID=46794) to work on /home/vscode/.local/lib/python3.10/site-packages/airflow/example_dags/example_setup_teardown.py
[2025-08-14T11:11:21.967+0000] {processor.py:826} INFO - Processing file /home/vscode/.local/lib/python3.10/site-packages/airflow/example_dags/example_setup_teardown.py for tasks to queue
[2025-08-14T11:11:21.968+0000] {logging_mixin.py:150} INFO - [2025-08-14T11:11:21.968+0000] {dagbag.py:541} INFO - Filling up the DagBag from /home/vscode/.local/lib/python3.10/site-packages/airflow/example_dags/example_setup_teardown.py
[2025-08-14T11:11:21.970+0000] {processor.py:838} WARNING - No viable dags retrieved from /home/vscode/.local/lib/python3.10/site-packages/airflow/example_dags/example_setup_teardown.py
[2025-08-14T11:11:21.977+0000] {processor.py:179} INFO - Processing /home/vscode/.local/lib/python3.10/site-packages/airflow/example_dags/example_setup_teardown.py took 0.012 seconds
[2025-08-14T11:12:02.510+0000] {processor.py:157} INFO - Started process (PID=47181) to work on /home/vscode/.local/lib/python3.10/site-packages/airflow/example_dags/example_setup_teardown.py
[2025-08-14T11:12:02.511+0000] {processor.py:826} INFO - Processing file /home/vscode/.local/lib/python3.10/site-packages/airflow/example_dags/example_setup_teardown.py for tasks to queue
[2025-08-14T11:12:02.512+0000] {logging_mixin.py:150} INFO - [2025-08-14T11:12:02.511+0000] {dagbag.py:541} INFO - Filling up the DagBag from /home/vscode/.local/lib/python3.10/site-packages/airflow/example_dags/example_setup_teardown.py
[2025-08-14T11:12:02.513+0000] {processor.py:838} WARNING - No viable dags retrieved from /home/vscode/.local/lib/python3.10/site-packages/airflow/example_dags/example_setup_teardown.py
[2025-08-14T11:12:02.520+0000] {processor.py:179} INFO - Processing /home/vscode/.local/lib/python3.10/site-packages/airflow/example_dags/example_setup_teardown.py took 0.012 seconds
[2025-08-14T11:12:49.464+0000] {processor.py:157} INFO - Started process (PID=47634) to work on /home/vscode/.local/lib/python3.10/site-packages/airflow/example_dags/example_setup_teardown.py
[2025-08-14T11:12:49.464+0000] {processor.py:826} INFO - Processing file /home/vscode/.local/lib/python3.10/site-packages/airflow/example_dags/example_setup_teardown.py for tasks to queue
[2025-08-14T11:12:49.465+0000] {logging_mixin.py:150} INFO - [2025-08-14T11:12:49.465+0000] {dagbag.py:541} INFO - Filling up the DagBag from /home/vscode/.local/lib/python3.10/site-packages/airflow/example_dags/example_setup_teardown.py
[2025-08-14T11:12:49.467+0000] {processor.py:838} WARNING - No viable dags retrieved from /home/vscode/.local/lib/python3.10/site-packages/airflow/example_dags/example_setup_teardown.py
[2025-08-14T11:12:49.474+0000] {processor.py:179} INFO - Processing /home/vscode/.local/lib/python3.10/site-packages/airflow/example_dags/example_setup_teardown.py took 0.012 seconds
[2025-08-14T11:13:39.181+0000] {processor.py:157} INFO - Started process (PID=48104) to work on /home/vscode/.local/lib/python3.10/site-packages/airflow/example_dags/example_setup_teardown.py
[2025-08-14T11:13:39.182+0000] {processor.py:826} INFO - Processing file /home/vscode/.local/lib/python3.10/site-packages/airflow/example_dags/example_setup_teardown.py for tasks to queue
[2025-08-14T11:13:39.182+0000] {logging_mixin.py:150} INFO - [2025-08-14T11:13:39.182+0000] {dagbag.py:541} INFO - Filling up the DagBag from /home/vscode/.local/lib/python3.10/site-packages/airflow/example_dags/example_setup_teardown.py
[2025-08-14T11:13:39.184+0000] {processor.py:838} WARNING - No viable dags retrieved from /home/vscode/.local/lib/python3.10/site-packages/airflow/example_dags/example_setup_teardown.py
[2025-08-14T11:13:39.191+0000] {processor.py:179} INFO - Processing /home/vscode/.local/lib/python3.10/site-packages/airflow/example_dags/example_setup_teardown.py took 0.013 seconds
[2025-08-14T11:14:24.400+0000] {processor.py:157} INFO - Started process (PID=48534) to work on /home/vscode/.local/lib/python3.10/site-packages/airflow/example_dags/example_setup_teardown.py
[2025-08-14T11:14:24.401+0000] {processor.py:826} INFO - Processing file /home/vscode/.local/lib/python3.10/site-packages/airflow/example_dags/example_setup_teardown.py for tasks to queue
[2025-08-14T11:14:24.402+0000] {logging_mixin.py:150} INFO - [2025-08-14T11:14:24.402+0000] {dagbag.py:541} INFO - Filling up the DagBag from /home/vscode/.local/lib/python3.10/site-packages/airflow/example_dags/example_setup_teardown.py
[2025-08-14T11:14:24.403+0000] {processor.py:838} WARNING - No viable dags retrieved from /home/vscode/.local/lib/python3.10/site-packages/airflow/example_dags/example_setup_teardown.py
[2025-08-14T11:14:24.410+0000] {processor.py:179} INFO - Processing /home/vscode/.local/lib/python3.10/site-packages/airflow/example_dags/example_setup_teardown.py took 0.012 seconds
[2025-08-14T11:15:14.653+0000] {processor.py:157} INFO - Started process (PID=49011) to work on /home/vscode/.local/lib/python3.10/site-packages/airflow/example_dags/example_setup_teardown.py
[2025-08-14T11:15:14.654+0000] {processor.py:826} INFO - Processing file /home/vscode/.local/lib/python3.10/site-packages/airflow/example_dags/example_setup_teardown.py for tasks to queue
[2025-08-14T11:15:14.655+0000] {logging_mixin.py:150} INFO - [2025-08-14T11:15:14.655+0000] {dagbag.py:541} INFO - Filling up the DagBag from /home/vscode/.local/lib/python3.10/site-packages/airflow/example_dags/example_setup_teardown.py
[2025-08-14T11:15:14.657+0000] {processor.py:838} WARNING - No viable dags retrieved from /home/vscode/.local/lib/python3.10/site-packages/airflow/example_dags/example_setup_teardown.py
[2025-08-14T11:15:14.664+0000] {processor.py:179} INFO - Processing /home/vscode/.local/lib/python3.10/site-packages/airflow/example_dags/example_setup_teardown.py took 0.013 seconds
[2025-08-14T11:16:02.039+0000] {processor.py:157} INFO - Started process (PID=49469) to work on /home/vscode/.local/lib/python3.10/site-packages/airflow/example_dags/example_setup_teardown.py
[2025-08-14T11:16:02.040+0000] {processor.py:826} INFO - Processing file /home/vscode/.local/lib/python3.10/site-packages/airflow/example_dags/example_setup_teardown.py for tasks to queue
[2025-08-14T11:16:02.041+0000] {logging_mixin.py:150} INFO - [2025-08-14T11:16:02.041+0000] {dagbag.py:541} INFO - Filling up the DagBag from /home/vscode/.local/lib/python3.10/site-packages/airflow/example_dags/example_setup_teardown.py
[2025-08-14T11:16:02.043+0000] {processor.py:838} WARNING - No viable dags retrieved from /home/vscode/.local/lib/python3.10/site-packages/airflow/example_dags/example_setup_teardown.py
[2025-08-14T11:16:02.053+0000] {processor.py:179} INFO - Processing /home/vscode/.local/lib/python3.10/site-packages/airflow/example_dags/example_setup_teardown.py took 0.017 seconds
[2025-08-14T11:16:49.131+0000] {processor.py:157} INFO - Started process (PID=49925) to work on /home/vscode/.local/lib/python3.10/site-packages/airflow/example_dags/example_setup_teardown.py
[2025-08-14T11:16:49.132+0000] {processor.py:826} INFO - Processing file /home/vscode/.local/lib/python3.10/site-packages/airflow/example_dags/example_setup_teardown.py for tasks to queue
[2025-08-14T11:16:49.133+0000] {logging_mixin.py:150} INFO - [2025-08-14T11:16:49.132+0000] {dagbag.py:541} INFO - Filling up the DagBag from /home/vscode/.local/lib/python3.10/site-packages/airflow/example_dags/example_setup_teardown.py
[2025-08-14T11:16:49.134+0000] {processor.py:838} WARNING - No viable dags retrieved from /home/vscode/.local/lib/python3.10/site-packages/airflow/example_dags/example_setup_teardown.py
[2025-08-14T11:16:49.141+0000] {processor.py:179} INFO - Processing /home/vscode/.local/lib/python3.10/site-packages/airflow/example_dags/example_setup_teardown.py took 0.013 seconds
[2025-08-14T11:17:31.662+0000] {processor.py:157} INFO - Started process (PID=50330) to work on /home/vscode/.local/lib/python3.10/site-packages/airflow/example_dags/example_setup_teardown.py
[2025-08-14T11:17:31.663+0000] {processor.py:826} INFO - Processing file /home/vscode/.local/lib/python3.10/site-packages/airflow/example_dags/example_setup_teardown.py for tasks to queue
[2025-08-14T11:17:31.664+0000] {logging_mixin.py:150} INFO - [2025-08-14T11:17:31.664+0000] {dagbag.py:541} INFO - Filling up the DagBag from /home/vscode/.local/lib/python3.10/site-packages/airflow/example_dags/example_setup_teardown.py
[2025-08-14T11:17:31.666+0000] {processor.py:838} WARNING - No viable dags retrieved from /home/vscode/.local/lib/python3.10/site-packages/airflow/example_dags/example_setup_teardown.py
[2025-08-14T11:17:31.674+0000] {processor.py:179} INFO - Processing /home/vscode/.local/lib/python3.10/site-packages/airflow/example_dags/example_setup_teardown.py took 0.013 seconds
[2025-08-14T11:18:18.802+0000] {processor.py:157} INFO - Started process (PID=50779) to work on /home/vscode/.local/lib/python3.10/site-packages/airflow/example_dags/example_setup_teardown.py
[2025-08-14T11:18:18.803+0000] {processor.py:826} INFO - Processing file /home/vscode/.local/lib/python3.10/site-packages/airflow/example_dags/example_setup_teardown.py for tasks to queue
[2025-08-14T11:18:18.804+0000] {logging_mixin.py:150} INFO - [2025-08-14T11:18:18.804+0000] {dagbag.py:541} INFO - Filling up the DagBag from /home/vscode/.local/lib/python3.10/site-packages/airflow/example_dags/example_setup_teardown.py
[2025-08-14T11:18:18.806+0000] {processor.py:838} WARNING - No viable dags retrieved from /home/vscode/.local/lib/python3.10/site-packages/airflow/example_dags/example_setup_teardown.py
[2025-08-14T11:18:18.814+0000] {processor.py:179} INFO - Processing /home/vscode/.local/lib/python3.10/site-packages/airflow/example_dags/example_setup_teardown.py took 0.013 seconds
[2025-08-14T11:19:01.908+0000] {processor.py:157} INFO - Started process (PID=51194) to work on /home/vscode/.local/lib/python3.10/site-packages/airflow/example_dags/example_setup_teardown.py
[2025-08-14T11:19:01.909+0000] {processor.py:826} INFO - Processing file /home/vscode/.local/lib/python3.10/site-packages/airflow/example_dags/example_setup_teardown.py for tasks to queue
[2025-08-14T11:19:01.910+0000] {logging_mixin.py:150} INFO - [2025-08-14T11:19:01.910+0000] {dagbag.py:541} INFO - Filling up the DagBag from /home/vscode/.local/lib/python3.10/site-packages/airflow/example_dags/example_setup_teardown.py
[2025-08-14T11:19:01.912+0000] {processor.py:838} WARNING - No viable dags retrieved from /home/vscode/.local/lib/python3.10/site-packages/airflow/example_dags/example_setup_teardown.py
[2025-08-14T11:19:01.919+0000] {processor.py:179} INFO - Processing /home/vscode/.local/lib/python3.10/site-packages/airflow/example_dags/example_setup_teardown.py took 0.013 seconds
[2025-08-14T11:19:52.101+0000] {processor.py:157} INFO - Started process (PID=51670) to work on /home/vscode/.local/lib/python3.10/site-packages/airflow/example_dags/example_setup_teardown.py
[2025-08-14T11:19:52.101+0000] {processor.py:826} INFO - Processing file /home/vscode/.local/lib/python3.10/site-packages/airflow/example_dags/example_setup_teardown.py for tasks to queue
[2025-08-14T11:19:52.102+0000] {logging_mixin.py:150} INFO - [2025-08-14T11:19:52.102+0000] {dagbag.py:541} INFO - Filling up the DagBag from /home/vscode/.local/lib/python3.10/site-packages/airflow/example_dags/example_setup_teardown.py
[2025-08-14T11:19:52.104+0000] {processor.py:838} WARNING - No viable dags retrieved from /home/vscode/.local/lib/python3.10/site-packages/airflow/example_dags/example_setup_teardown.py
[2025-08-14T11:19:52.111+0000] {processor.py:179} INFO - Processing /home/vscode/.local/lib/python3.10/site-packages/airflow/example_dags/example_setup_teardown.py took 0.013 seconds
[2025-08-14T11:20:36.159+0000] {processor.py:157} INFO - Started process (PID=52095) to work on /home/vscode/.local/lib/python3.10/site-packages/airflow/example_dags/example_setup_teardown.py
[2025-08-14T11:20:36.160+0000] {processor.py:826} INFO - Processing file /home/vscode/.local/lib/python3.10/site-packages/airflow/example_dags/example_setup_teardown.py for tasks to queue
[2025-08-14T11:20:36.161+0000] {logging_mixin.py:150} INFO - [2025-08-14T11:20:36.160+0000] {dagbag.py:541} INFO - Filling up the DagBag from /home/vscode/.local/lib/python3.10/site-packages/airflow/example_dags/example_setup_teardown.py
[2025-08-14T11:20:36.163+0000] {processor.py:838} WARNING - No viable dags retrieved from /home/vscode/.local/lib/python3.10/site-packages/airflow/example_dags/example_setup_teardown.py
[2025-08-14T11:20:36.169+0000] {processor.py:179} INFO - Processing /home/vscode/.local/lib/python3.10/site-packages/airflow/example_dags/example_setup_teardown.py took 0.013 seconds
[2025-08-14T11:21:24.474+0000] {processor.py:157} INFO - Started process (PID=52553) to work on /home/vscode/.local/lib/python3.10/site-packages/airflow/example_dags/example_setup_teardown.py
[2025-08-14T11:21:24.475+0000] {processor.py:826} INFO - Processing file /home/vscode/.local/lib/python3.10/site-packages/airflow/example_dags/example_setup_teardown.py for tasks to queue
[2025-08-14T11:21:24.476+0000] {logging_mixin.py:150} INFO - [2025-08-14T11:21:24.476+0000] {dagbag.py:541} INFO - Filling up the DagBag from /home/vscode/.local/lib/python3.10/site-packages/airflow/example_dags/example_setup_teardown.py
[2025-08-14T11:21:24.478+0000] {processor.py:838} WARNING - No viable dags retrieved from /home/vscode/.local/lib/python3.10/site-packages/airflow/example_dags/example_setup_teardown.py
[2025-08-14T11:21:24.488+0000] {processor.py:179} INFO - Processing /home/vscode/.local/lib/python3.10/site-packages/airflow/example_dags/example_setup_teardown.py took 0.017 seconds
[2025-08-14T11:22:09.492+0000] {processor.py:157} INFO - Started process (PID=52988) to work on /home/vscode/.local/lib/python3.10/site-packages/airflow/example_dags/example_setup_teardown.py
[2025-08-14T11:22:09.493+0000] {processor.py:826} INFO - Processing file /home/vscode/.local/lib/python3.10/site-packages/airflow/example_dags/example_setup_teardown.py for tasks to queue
[2025-08-14T11:22:09.493+0000] {logging_mixin.py:150} INFO - [2025-08-14T11:22:09.493+0000] {dagbag.py:541} INFO - Filling up the DagBag from /home/vscode/.local/lib/python3.10/site-packages/airflow/example_dags/example_setup_teardown.py
[2025-08-14T11:22:09.495+0000] {processor.py:838} WARNING - No viable dags retrieved from /home/vscode/.local/lib/python3.10/site-packages/airflow/example_dags/example_setup_teardown.py
[2025-08-14T11:22:09.503+0000] {processor.py:179} INFO - Processing /home/vscode/.local/lib/python3.10/site-packages/airflow/example_dags/example_setup_teardown.py took 0.013 seconds
[2025-08-14T11:22:56.869+0000] {processor.py:157} INFO - Started process (PID=53439) to work on /home/vscode/.local/lib/python3.10/site-packages/airflow/example_dags/example_setup_teardown.py
[2025-08-14T11:22:56.870+0000] {processor.py:826} INFO - Processing file /home/vscode/.local/lib/python3.10/site-packages/airflow/example_dags/example_setup_teardown.py for tasks to queue
[2025-08-14T11:22:56.871+0000] {logging_mixin.py:150} INFO - [2025-08-14T11:22:56.871+0000] {dagbag.py:541} INFO - Filling up the DagBag from /home/vscode/.local/lib/python3.10/site-packages/airflow/example_dags/example_setup_teardown.py
[2025-08-14T11:22:56.873+0000] {processor.py:838} WARNING - No viable dags retrieved from /home/vscode/.local/lib/python3.10/site-packages/airflow/example_dags/example_setup_teardown.py
[2025-08-14T11:22:56.880+0000] {processor.py:179} INFO - Processing /home/vscode/.local/lib/python3.10/site-packages/airflow/example_dags/example_setup_teardown.py took 0.013 seconds
[2025-08-14T11:23:45.094+0000] {processor.py:157} INFO - Started process (PID=53899) to work on /home/vscode/.local/lib/python3.10/site-packages/airflow/example_dags/example_setup_teardown.py
[2025-08-14T11:23:45.094+0000] {processor.py:826} INFO - Processing file /home/vscode/.local/lib/python3.10/site-packages/airflow/example_dags/example_setup_teardown.py for tasks to queue
[2025-08-14T11:23:45.096+0000] {logging_mixin.py:150} INFO - [2025-08-14T11:23:45.095+0000] {dagbag.py:541} INFO - Filling up the DagBag from /home/vscode/.local/lib/python3.10/site-packages/airflow/example_dags/example_setup_teardown.py
[2025-08-14T11:23:45.098+0000] {processor.py:838} WARNING - No viable dags retrieved from /home/vscode/.local/lib/python3.10/site-packages/airflow/example_dags/example_setup_teardown.py
[2025-08-14T11:23:45.109+0000] {processor.py:179} INFO - Processing /home/vscode/.local/lib/python3.10/site-packages/airflow/example_dags/example_setup_teardown.py took 0.019 seconds
[2025-08-14T11:24:31.509+0000] {processor.py:157} INFO - Started process (PID=54344) to work on /home/vscode/.local/lib/python3.10/site-packages/airflow/example_dags/example_setup_teardown.py
[2025-08-14T11:24:31.510+0000] {processor.py:826} INFO - Processing file /home/vscode/.local/lib/python3.10/site-packages/airflow/example_dags/example_setup_teardown.py for tasks to queue
[2025-08-14T11:24:31.510+0000] {logging_mixin.py:150} INFO - [2025-08-14T11:24:31.510+0000] {dagbag.py:541} INFO - Filling up the DagBag from /home/vscode/.local/lib/python3.10/site-packages/airflow/example_dags/example_setup_teardown.py
[2025-08-14T11:24:31.512+0000] {processor.py:838} WARNING - No viable dags retrieved from /home/vscode/.local/lib/python3.10/site-packages/airflow/example_dags/example_setup_teardown.py
[2025-08-14T11:24:31.519+0000] {processor.py:179} INFO - Processing /home/vscode/.local/lib/python3.10/site-packages/airflow/example_dags/example_setup_teardown.py took 0.012 seconds
[2025-08-14T11:25:22.632+0000] {processor.py:157} INFO - Started process (PID=54831) to work on /home/vscode/.local/lib/python3.10/site-packages/airflow/example_dags/example_setup_teardown.py
[2025-08-14T11:25:22.632+0000] {processor.py:826} INFO - Processing file /home/vscode/.local/lib/python3.10/site-packages/airflow/example_dags/example_setup_teardown.py for tasks to queue
[2025-08-14T11:25:22.633+0000] {logging_mixin.py:150} INFO - [2025-08-14T11:25:22.633+0000] {dagbag.py:541} INFO - Filling up the DagBag from /home/vscode/.local/lib/python3.10/site-packages/airflow/example_dags/example_setup_teardown.py
[2025-08-14T11:25:22.635+0000] {processor.py:838} WARNING - No viable dags retrieved from /home/vscode/.local/lib/python3.10/site-packages/airflow/example_dags/example_setup_teardown.py
[2025-08-14T11:25:22.642+0000] {processor.py:179} INFO - Processing /home/vscode/.local/lib/python3.10/site-packages/airflow/example_dags/example_setup_teardown.py took 0.012 seconds
[2025-08-14T11:26:10.894+0000] {processor.py:157} INFO - Started process (PID=55283) to work on /home/vscode/.local/lib/python3.10/site-packages/airflow/example_dags/example_setup_teardown.py
[2025-08-14T11:26:10.895+0000] {processor.py:826} INFO - Processing file /home/vscode/.local/lib/python3.10/site-packages/airflow/example_dags/example_setup_teardown.py for tasks to queue
[2025-08-14T11:26:10.896+0000] {logging_mixin.py:150} INFO - [2025-08-14T11:26:10.895+0000] {dagbag.py:541} INFO - Filling up the DagBag from /home/vscode/.local/lib/python3.10/site-packages/airflow/example_dags/example_setup_teardown.py
[2025-08-14T11:26:10.897+0000] {processor.py:838} WARNING - No viable dags retrieved from /home/vscode/.local/lib/python3.10/site-packages/airflow/example_dags/example_setup_teardown.py
[2025-08-14T11:26:10.903+0000] {processor.py:179} INFO - Processing /home/vscode/.local/lib/python3.10/site-packages/airflow/example_dags/example_setup_teardown.py took 0.011 seconds
