[2025-08-14T09:39:32.020+0000] {processor.py:157} INFO - Started process (PID=3682) to work on /home/vscode/.local/lib/python3.10/site-packages/airflow/example_dags/example_sensors.py
[2025-08-14T09:39:32.021+0000] {processor.py:826} INFO - Processing file /home/vscode/.local/lib/python3.10/site-packages/airflow/example_dags/example_sensors.py for tasks to queue
[2025-08-14T09:39:32.021+0000] {logging_mixin.py:150} INFO - [2025-08-14T09:39:32.021+0000] {dagbag.py:541} INFO - Filling up the DagBag from /home/vscode/.local/lib/python3.10/site-packages/airflow/example_dags/example_sensors.py
[2025-08-14T09:39:32.028+0000] {processor.py:836} INFO - DAG(s) dict_keys(['example_sensors']) retrieved from /home/vscode/.local/lib/python3.10/site-packages/airflow/example_dags/example_sensors.py
[2025-08-14T09:39:32.110+0000] {logging_mixin.py:150} INFO - [2025-08-14T09:39:32.110+0000] {manager.py:504} INFO - Created Permission View: can edit on DAG:example_sensors
[2025-08-14T09:39:32.118+0000] {logging_mixin.py:150} INFO - [2025-08-14T09:39:32.118+0000] {manager.py:504} INFO - Created Permission View: can read on DAG:example_sensors
[2025-08-14T09:39:32.124+0000] {logging_mixin.py:150} INFO - [2025-08-14T09:39:32.124+0000] {manager.py:504} INFO - Created Permission View: can delete on DAG:example_sensors
[2025-08-14T09:39:32.132+0000] {logging_mixin.py:150} INFO - [2025-08-14T09:39:32.132+0000] {dag.py:2742} INFO - Sync 1 DAGs
[2025-08-14T09:39:32.138+0000] {logging_mixin.py:150} INFO - [2025-08-14T09:39:32.138+0000] {dag.py:2763} INFO - Creating ORM DAG for example_sensors
[2025-08-14T09:39:32.144+0000] {logging_mixin.py:150} INFO - [2025-08-14T09:39:32.144+0000] {dag.py:3504} INFO - Setting next_dagrun for example_sensors to None, run_after=None
[2025-08-14T09:39:32.160+0000] {processor.py:179} INFO - Processing /home/vscode/.local/lib/python3.10/site-packages/airflow/example_dags/example_sensors.py took 0.142 seconds
[2025-08-14T09:40:18.763+0000] {processor.py:157} INFO - Started process (PID=4000) to work on /home/vscode/.local/lib/python3.10/site-packages/airflow/example_dags/example_sensors.py
[2025-08-14T09:40:18.764+0000] {processor.py:826} INFO - Processing file /home/vscode/.local/lib/python3.10/site-packages/airflow/example_dags/example_sensors.py for tasks to queue
[2025-08-14T09:40:18.764+0000] {logging_mixin.py:150} INFO - [2025-08-14T09:40:18.764+0000] {dagbag.py:541} INFO - Filling up the DagBag from /home/vscode/.local/lib/python3.10/site-packages/airflow/example_dags/example_sensors.py
[2025-08-14T09:40:18.772+0000] {processor.py:836} INFO - DAG(s) dict_keys(['example_sensors']) retrieved from /home/vscode/.local/lib/python3.10/site-packages/airflow/example_dags/example_sensors.py
[2025-08-14T09:40:18.787+0000] {logging_mixin.py:150} INFO - [2025-08-14T09:40:18.786+0000] {dag.py:2742} INFO - Sync 1 DAGs
[2025-08-14T09:40:18.801+0000] {logging_mixin.py:150} INFO - [2025-08-14T09:40:18.800+0000] {dag.py:3504} INFO - Setting next_dagrun for example_sensors to None, run_after=None
[2025-08-14T09:40:18.820+0000] {processor.py:179} INFO - Processing /home/vscode/.local/lib/python3.10/site-packages/airflow/example_dags/example_sensors.py took 0.059 seconds
[2025-08-14T09:41:02.103+0000] {processor.py:157} INFO - Started process (PID=4292) to work on /home/vscode/.local/lib/python3.10/site-packages/airflow/example_dags/example_sensors.py
[2025-08-14T09:41:02.104+0000] {processor.py:826} INFO - Processing file /home/vscode/.local/lib/python3.10/site-packages/airflow/example_dags/example_sensors.py for tasks to queue
[2025-08-14T09:41:02.105+0000] {logging_mixin.py:150} INFO - [2025-08-14T09:41:02.105+0000] {dagbag.py:541} INFO - Filling up the DagBag from /home/vscode/.local/lib/python3.10/site-packages/airflow/example_dags/example_sensors.py
[2025-08-14T09:41:02.112+0000] {processor.py:836} INFO - DAG(s) dict_keys(['example_sensors']) retrieved from /home/vscode/.local/lib/python3.10/site-packages/airflow/example_dags/example_sensors.py
[2025-08-14T09:41:02.127+0000] {logging_mixin.py:150} INFO - [2025-08-14T09:41:02.127+0000] {dag.py:2742} INFO - Sync 1 DAGs
[2025-08-14T09:41:02.142+0000] {logging_mixin.py:150} INFO - [2025-08-14T09:41:02.142+0000] {dag.py:3504} INFO - Setting next_dagrun for example_sensors to None, run_after=None
[2025-08-14T09:41:02.157+0000] {processor.py:179} INFO - Processing /home/vscode/.local/lib/python3.10/site-packages/airflow/example_dags/example_sensors.py took 0.056 seconds
[2025-08-14T09:41:47.657+0000] {processor.py:157} INFO - Started process (PID=4631) to work on /home/vscode/.local/lib/python3.10/site-packages/airflow/example_dags/example_sensors.py
[2025-08-14T09:41:47.658+0000] {processor.py:826} INFO - Processing file /home/vscode/.local/lib/python3.10/site-packages/airflow/example_dags/example_sensors.py for tasks to queue
[2025-08-14T09:41:47.658+0000] {logging_mixin.py:150} INFO - [2025-08-14T09:41:47.658+0000] {dagbag.py:541} INFO - Filling up the DagBag from /home/vscode/.local/lib/python3.10/site-packages/airflow/example_dags/example_sensors.py
[2025-08-14T09:41:47.666+0000] {processor.py:836} INFO - DAG(s) dict_keys(['example_sensors']) retrieved from /home/vscode/.local/lib/python3.10/site-packages/airflow/example_dags/example_sensors.py
[2025-08-14T09:41:47.680+0000] {logging_mixin.py:150} INFO - [2025-08-14T09:41:47.680+0000] {dag.py:2742} INFO - Sync 1 DAGs
[2025-08-14T09:41:47.694+0000] {logging_mixin.py:150} INFO - [2025-08-14T09:41:47.694+0000] {dag.py:3504} INFO - Setting next_dagrun for example_sensors to None, run_after=None
[2025-08-14T09:41:47.709+0000] {processor.py:179} INFO - Processing /home/vscode/.local/lib/python3.10/site-packages/airflow/example_dags/example_sensors.py took 0.054 seconds
[2025-08-14T09:42:32.196+0000] {processor.py:157} INFO - Started process (PID=4956) to work on /home/vscode/.local/lib/python3.10/site-packages/airflow/example_dags/example_sensors.py
[2025-08-14T09:42:32.197+0000] {processor.py:826} INFO - Processing file /home/vscode/.local/lib/python3.10/site-packages/airflow/example_dags/example_sensors.py for tasks to queue
[2025-08-14T09:42:32.197+0000] {logging_mixin.py:150} INFO - [2025-08-14T09:42:32.197+0000] {dagbag.py:541} INFO - Filling up the DagBag from /home/vscode/.local/lib/python3.10/site-packages/airflow/example_dags/example_sensors.py
[2025-08-14T09:42:32.204+0000] {processor.py:836} INFO - DAG(s) dict_keys(['example_sensors']) retrieved from /home/vscode/.local/lib/python3.10/site-packages/airflow/example_dags/example_sensors.py
[2025-08-14T09:42:32.218+0000] {logging_mixin.py:150} INFO - [2025-08-14T09:42:32.218+0000] {dag.py:2742} INFO - Sync 1 DAGs
[2025-08-14T09:42:32.231+0000] {logging_mixin.py:150} INFO - [2025-08-14T09:42:32.231+0000] {dag.py:3504} INFO - Setting next_dagrun for example_sensors to None, run_after=None
[2025-08-14T09:42:32.247+0000] {processor.py:179} INFO - Processing /home/vscode/.local/lib/python3.10/site-packages/airflow/example_dags/example_sensors.py took 0.053 seconds
[2025-08-14T09:43:20.308+0000] {processor.py:157} INFO - Started process (PID=5296) to work on /home/vscode/.local/lib/python3.10/site-packages/airflow/example_dags/example_sensors.py
[2025-08-14T09:43:20.309+0000] {processor.py:826} INFO - Processing file /home/vscode/.local/lib/python3.10/site-packages/airflow/example_dags/example_sensors.py for tasks to queue
[2025-08-14T09:43:20.309+0000] {logging_mixin.py:150} INFO - [2025-08-14T09:43:20.309+0000] {dagbag.py:541} INFO - Filling up the DagBag from /home/vscode/.local/lib/python3.10/site-packages/airflow/example_dags/example_sensors.py
[2025-08-14T09:43:20.316+0000] {processor.py:836} INFO - DAG(s) dict_keys(['example_sensors']) retrieved from /home/vscode/.local/lib/python3.10/site-packages/airflow/example_dags/example_sensors.py
[2025-08-14T09:43:20.331+0000] {logging_mixin.py:150} INFO - [2025-08-14T09:43:20.331+0000] {dag.py:2742} INFO - Sync 1 DAGs
[2025-08-14T09:43:20.346+0000] {logging_mixin.py:150} INFO - [2025-08-14T09:43:20.346+0000] {dag.py:3504} INFO - Setting next_dagrun for example_sensors to None, run_after=None
[2025-08-14T09:43:20.361+0000] {processor.py:179} INFO - Processing /home/vscode/.local/lib/python3.10/site-packages/airflow/example_dags/example_sensors.py took 0.056 seconds
[2025-08-14T09:44:05.539+0000] {processor.py:157} INFO - Started process (PID=5629) to work on /home/vscode/.local/lib/python3.10/site-packages/airflow/example_dags/example_sensors.py
[2025-08-14T09:44:05.540+0000] {processor.py:826} INFO - Processing file /home/vscode/.local/lib/python3.10/site-packages/airflow/example_dags/example_sensors.py for tasks to queue
[2025-08-14T09:44:05.541+0000] {logging_mixin.py:150} INFO - [2025-08-14T09:44:05.540+0000] {dagbag.py:541} INFO - Filling up the DagBag from /home/vscode/.local/lib/python3.10/site-packages/airflow/example_dags/example_sensors.py
[2025-08-14T09:44:05.547+0000] {processor.py:836} INFO - DAG(s) dict_keys(['example_sensors']) retrieved from /home/vscode/.local/lib/python3.10/site-packages/airflow/example_dags/example_sensors.py
[2025-08-14T09:44:05.561+0000] {logging_mixin.py:150} INFO - [2025-08-14T09:44:05.561+0000] {dag.py:2742} INFO - Sync 1 DAGs
[2025-08-14T09:44:05.576+0000] {logging_mixin.py:150} INFO - [2025-08-14T09:44:05.576+0000] {dag.py:3504} INFO - Setting next_dagrun for example_sensors to None, run_after=None
[2025-08-14T09:44:05.591+0000] {processor.py:179} INFO - Processing /home/vscode/.local/lib/python3.10/site-packages/airflow/example_dags/example_sensors.py took 0.054 seconds
[2025-08-14T09:44:46.559+0000] {processor.py:157} INFO - Started process (PID=5939) to work on /home/vscode/.local/lib/python3.10/site-packages/airflow/example_dags/example_sensors.py
[2025-08-14T09:44:46.559+0000] {processor.py:826} INFO - Processing file /home/vscode/.local/lib/python3.10/site-packages/airflow/example_dags/example_sensors.py for tasks to queue
[2025-08-14T09:44:46.560+0000] {logging_mixin.py:150} INFO - [2025-08-14T09:44:46.560+0000] {dagbag.py:541} INFO - Filling up the DagBag from /home/vscode/.local/lib/python3.10/site-packages/airflow/example_dags/example_sensors.py
[2025-08-14T09:44:46.567+0000] {processor.py:836} INFO - DAG(s) dict_keys(['example_sensors']) retrieved from /home/vscode/.local/lib/python3.10/site-packages/airflow/example_dags/example_sensors.py
[2025-08-14T09:44:46.583+0000] {logging_mixin.py:150} INFO - [2025-08-14T09:44:46.583+0000] {dag.py:2742} INFO - Sync 1 DAGs
[2025-08-14T09:44:46.597+0000] {logging_mixin.py:150} INFO - [2025-08-14T09:44:46.597+0000] {dag.py:3504} INFO - Setting next_dagrun for example_sensors to None, run_after=None
[2025-08-14T09:44:46.613+0000] {processor.py:179} INFO - Processing /home/vscode/.local/lib/python3.10/site-packages/airflow/example_dags/example_sensors.py took 0.056 seconds
[2025-08-14T09:45:29.958+0000] {processor.py:157} INFO - Started process (PID=6251) to work on /home/vscode/.local/lib/python3.10/site-packages/airflow/example_dags/example_sensors.py
[2025-08-14T09:45:29.959+0000] {processor.py:826} INFO - Processing file /home/vscode/.local/lib/python3.10/site-packages/airflow/example_dags/example_sensors.py for tasks to queue
[2025-08-14T09:45:29.959+0000] {logging_mixin.py:150} INFO - [2025-08-14T09:45:29.959+0000] {dagbag.py:541} INFO - Filling up the DagBag from /home/vscode/.local/lib/python3.10/site-packages/airflow/example_dags/example_sensors.py
[2025-08-14T09:45:29.970+0000] {processor.py:836} INFO - DAG(s) dict_keys(['example_sensors']) retrieved from /home/vscode/.local/lib/python3.10/site-packages/airflow/example_dags/example_sensors.py
[2025-08-14T09:45:29.998+0000] {logging_mixin.py:150} INFO - [2025-08-14T09:45:29.998+0000] {dag.py:2742} INFO - Sync 1 DAGs
[2025-08-14T09:45:30.018+0000] {logging_mixin.py:150} INFO - [2025-08-14T09:45:30.018+0000] {dag.py:3504} INFO - Setting next_dagrun for example_sensors to None, run_after=None
[2025-08-14T09:45:30.052+0000] {processor.py:179} INFO - Processing /home/vscode/.local/lib/python3.10/site-packages/airflow/example_dags/example_sensors.py took 0.097 seconds
[2025-08-14T09:46:18.620+0000] {processor.py:157} INFO - Started process (PID=6578) to work on /home/vscode/.local/lib/python3.10/site-packages/airflow/example_dags/example_sensors.py
[2025-08-14T09:46:18.621+0000] {processor.py:826} INFO - Processing file /home/vscode/.local/lib/python3.10/site-packages/airflow/example_dags/example_sensors.py for tasks to queue
[2025-08-14T09:46:18.621+0000] {logging_mixin.py:150} INFO - [2025-08-14T09:46:18.621+0000] {dagbag.py:541} INFO - Filling up the DagBag from /home/vscode/.local/lib/python3.10/site-packages/airflow/example_dags/example_sensors.py
[2025-08-14T09:46:18.629+0000] {processor.py:836} INFO - DAG(s) dict_keys(['example_sensors']) retrieved from /home/vscode/.local/lib/python3.10/site-packages/airflow/example_dags/example_sensors.py
[2025-08-14T09:46:18.644+0000] {logging_mixin.py:150} INFO - [2025-08-14T09:46:18.644+0000] {dag.py:2742} INFO - Sync 1 DAGs
[2025-08-14T09:46:18.658+0000] {logging_mixin.py:150} INFO - [2025-08-14T09:46:18.658+0000] {dag.py:3504} INFO - Setting next_dagrun for example_sensors to None, run_after=None
[2025-08-14T09:46:18.673+0000] {processor.py:179} INFO - Processing /home/vscode/.local/lib/python3.10/site-packages/airflow/example_dags/example_sensors.py took 0.056 seconds
[2025-08-14T09:47:05.058+0000] {processor.py:157} INFO - Started process (PID=6892) to work on /home/vscode/.local/lib/python3.10/site-packages/airflow/example_dags/example_sensors.py
[2025-08-14T09:47:05.059+0000] {processor.py:826} INFO - Processing file /home/vscode/.local/lib/python3.10/site-packages/airflow/example_dags/example_sensors.py for tasks to queue
[2025-08-14T09:47:05.059+0000] {logging_mixin.py:150} INFO - [2025-08-14T09:47:05.059+0000] {dagbag.py:541} INFO - Filling up the DagBag from /home/vscode/.local/lib/python3.10/site-packages/airflow/example_dags/example_sensors.py
[2025-08-14T09:47:05.066+0000] {processor.py:836} INFO - DAG(s) dict_keys(['example_sensors']) retrieved from /home/vscode/.local/lib/python3.10/site-packages/airflow/example_dags/example_sensors.py
[2025-08-14T09:47:05.081+0000] {logging_mixin.py:150} INFO - [2025-08-14T09:47:05.081+0000] {dag.py:2742} INFO - Sync 1 DAGs
[2025-08-14T09:47:05.096+0000] {logging_mixin.py:150} INFO - [2025-08-14T09:47:05.096+0000] {dag.py:3504} INFO - Setting next_dagrun for example_sensors to None, run_after=None
[2025-08-14T09:47:05.111+0000] {processor.py:179} INFO - Processing /home/vscode/.local/lib/python3.10/site-packages/airflow/example_dags/example_sensors.py took 0.055 seconds
[2025-08-14T09:47:50.960+0000] {processor.py:157} INFO - Started process (PID=7200) to work on /home/vscode/.local/lib/python3.10/site-packages/airflow/example_dags/example_sensors.py
[2025-08-14T09:47:50.961+0000] {processor.py:826} INFO - Processing file /home/vscode/.local/lib/python3.10/site-packages/airflow/example_dags/example_sensors.py for tasks to queue
[2025-08-14T09:47:50.961+0000] {logging_mixin.py:150} INFO - [2025-08-14T09:47:50.961+0000] {dagbag.py:541} INFO - Filling up the DagBag from /home/vscode/.local/lib/python3.10/site-packages/airflow/example_dags/example_sensors.py
[2025-08-14T09:47:50.969+0000] {processor.py:836} INFO - DAG(s) dict_keys(['example_sensors']) retrieved from /home/vscode/.local/lib/python3.10/site-packages/airflow/example_dags/example_sensors.py
[2025-08-14T09:47:50.983+0000] {logging_mixin.py:150} INFO - [2025-08-14T09:47:50.983+0000] {dag.py:2742} INFO - Sync 1 DAGs
[2025-08-14T09:47:50.997+0000] {logging_mixin.py:150} INFO - [2025-08-14T09:47:50.997+0000] {dag.py:3504} INFO - Setting next_dagrun for example_sensors to None, run_after=None
[2025-08-14T09:47:51.012+0000] {processor.py:179} INFO - Processing /home/vscode/.local/lib/python3.10/site-packages/airflow/example_dags/example_sensors.py took 0.054 seconds
[2025-08-14T09:48:39.010+0000] {processor.py:157} INFO - Started process (PID=7558) to work on /home/vscode/.local/lib/python3.10/site-packages/airflow/example_dags/example_sensors.py
[2025-08-14T09:48:39.011+0000] {processor.py:826} INFO - Processing file /home/vscode/.local/lib/python3.10/site-packages/airflow/example_dags/example_sensors.py for tasks to queue
[2025-08-14T09:48:39.012+0000] {logging_mixin.py:150} INFO - [2025-08-14T09:48:39.011+0000] {dagbag.py:541} INFO - Filling up the DagBag from /home/vscode/.local/lib/python3.10/site-packages/airflow/example_dags/example_sensors.py
[2025-08-14T09:48:39.019+0000] {processor.py:836} INFO - DAG(s) dict_keys(['example_sensors']) retrieved from /home/vscode/.local/lib/python3.10/site-packages/airflow/example_dags/example_sensors.py
[2025-08-14T09:48:39.034+0000] {logging_mixin.py:150} INFO - [2025-08-14T09:48:39.034+0000] {dag.py:2742} INFO - Sync 1 DAGs
[2025-08-14T09:48:39.048+0000] {logging_mixin.py:150} INFO - [2025-08-14T09:48:39.048+0000] {dag.py:3504} INFO - Setting next_dagrun for example_sensors to None, run_after=None
[2025-08-14T09:48:39.064+0000] {processor.py:179} INFO - Processing /home/vscode/.local/lib/python3.10/site-packages/airflow/example_dags/example_sensors.py took 0.056 seconds
[2025-08-14T09:49:23.727+0000] {processor.py:157} INFO - Started process (PID=7903) to work on /home/vscode/.local/lib/python3.10/site-packages/airflow/example_dags/example_sensors.py
[2025-08-14T09:49:23.728+0000] {processor.py:826} INFO - Processing file /home/vscode/.local/lib/python3.10/site-packages/airflow/example_dags/example_sensors.py for tasks to queue
[2025-08-14T09:49:23.729+0000] {logging_mixin.py:150} INFO - [2025-08-14T09:49:23.728+0000] {dagbag.py:541} INFO - Filling up the DagBag from /home/vscode/.local/lib/python3.10/site-packages/airflow/example_dags/example_sensors.py
[2025-08-14T09:49:23.736+0000] {processor.py:836} INFO - DAG(s) dict_keys(['example_sensors']) retrieved from /home/vscode/.local/lib/python3.10/site-packages/airflow/example_dags/example_sensors.py
[2025-08-14T09:49:23.750+0000] {logging_mixin.py:150} INFO - [2025-08-14T09:49:23.750+0000] {dag.py:2742} INFO - Sync 1 DAGs
[2025-08-14T09:49:23.763+0000] {logging_mixin.py:150} INFO - [2025-08-14T09:49:23.763+0000] {dag.py:3504} INFO - Setting next_dagrun for example_sensors to None, run_after=None
[2025-08-14T09:49:23.778+0000] {processor.py:179} INFO - Processing /home/vscode/.local/lib/python3.10/site-packages/airflow/example_dags/example_sensors.py took 0.053 seconds
[2025-08-14T09:50:10.559+0000] {processor.py:157} INFO - Started process (PID=8239) to work on /home/vscode/.local/lib/python3.10/site-packages/airflow/example_dags/example_sensors.py
[2025-08-14T09:50:10.560+0000] {processor.py:826} INFO - Processing file /home/vscode/.local/lib/python3.10/site-packages/airflow/example_dags/example_sensors.py for tasks to queue
[2025-08-14T09:50:10.560+0000] {logging_mixin.py:150} INFO - [2025-08-14T09:50:10.560+0000] {dagbag.py:541} INFO - Filling up the DagBag from /home/vscode/.local/lib/python3.10/site-packages/airflow/example_dags/example_sensors.py
[2025-08-14T09:50:10.568+0000] {processor.py:836} INFO - DAG(s) dict_keys(['example_sensors']) retrieved from /home/vscode/.local/lib/python3.10/site-packages/airflow/example_dags/example_sensors.py
[2025-08-14T09:50:10.582+0000] {logging_mixin.py:150} INFO - [2025-08-14T09:50:10.582+0000] {dag.py:2742} INFO - Sync 1 DAGs
[2025-08-14T09:50:10.597+0000] {logging_mixin.py:150} INFO - [2025-08-14T09:50:10.597+0000] {dag.py:3504} INFO - Setting next_dagrun for example_sensors to None, run_after=None
[2025-08-14T09:50:10.613+0000] {processor.py:179} INFO - Processing /home/vscode/.local/lib/python3.10/site-packages/airflow/example_dags/example_sensors.py took 0.056 seconds
[2025-08-14T09:50:54.483+0000] {processor.py:157} INFO - Started process (PID=8575) to work on /home/vscode/.local/lib/python3.10/site-packages/airflow/example_dags/example_sensors.py
[2025-08-14T09:50:54.484+0000] {processor.py:826} INFO - Processing file /home/vscode/.local/lib/python3.10/site-packages/airflow/example_dags/example_sensors.py for tasks to queue
[2025-08-14T09:50:54.484+0000] {logging_mixin.py:150} INFO - [2025-08-14T09:50:54.484+0000] {dagbag.py:541} INFO - Filling up the DagBag from /home/vscode/.local/lib/python3.10/site-packages/airflow/example_dags/example_sensors.py
[2025-08-14T09:50:54.491+0000] {processor.py:836} INFO - DAG(s) dict_keys(['example_sensors']) retrieved from /home/vscode/.local/lib/python3.10/site-packages/airflow/example_dags/example_sensors.py
[2025-08-14T09:50:54.505+0000] {logging_mixin.py:150} INFO - [2025-08-14T09:50:54.505+0000] {dag.py:2742} INFO - Sync 1 DAGs
[2025-08-14T09:50:54.518+0000] {logging_mixin.py:150} INFO - [2025-08-14T09:50:54.518+0000] {dag.py:3504} INFO - Setting next_dagrun for example_sensors to None, run_after=None
[2025-08-14T09:50:54.533+0000] {processor.py:179} INFO - Processing /home/vscode/.local/lib/python3.10/site-packages/airflow/example_dags/example_sensors.py took 0.052 seconds
[2025-08-14T09:51:38.723+0000] {processor.py:157} INFO - Started process (PID=8897) to work on /home/vscode/.local/lib/python3.10/site-packages/airflow/example_dags/example_sensors.py
[2025-08-14T09:51:38.724+0000] {processor.py:826} INFO - Processing file /home/vscode/.local/lib/python3.10/site-packages/airflow/example_dags/example_sensors.py for tasks to queue
[2025-08-14T09:51:38.725+0000] {logging_mixin.py:150} INFO - [2025-08-14T09:51:38.724+0000] {dagbag.py:541} INFO - Filling up the DagBag from /home/vscode/.local/lib/python3.10/site-packages/airflow/example_dags/example_sensors.py
[2025-08-14T09:51:38.732+0000] {processor.py:836} INFO - DAG(s) dict_keys(['example_sensors']) retrieved from /home/vscode/.local/lib/python3.10/site-packages/airflow/example_dags/example_sensors.py
[2025-08-14T09:51:38.746+0000] {logging_mixin.py:150} INFO - [2025-08-14T09:51:38.746+0000] {dag.py:2742} INFO - Sync 1 DAGs
[2025-08-14T09:51:38.761+0000] {logging_mixin.py:150} INFO - [2025-08-14T09:51:38.761+0000] {dag.py:3504} INFO - Setting next_dagrun for example_sensors to None, run_after=None
[2025-08-14T09:51:38.778+0000] {processor.py:179} INFO - Processing /home/vscode/.local/lib/python3.10/site-packages/airflow/example_dags/example_sensors.py took 0.057 seconds
[2025-08-14T09:52:26.423+0000] {processor.py:157} INFO - Started process (PID=9215) to work on /home/vscode/.local/lib/python3.10/site-packages/airflow/example_dags/example_sensors.py
[2025-08-14T09:52:26.424+0000] {processor.py:826} INFO - Processing file /home/vscode/.local/lib/python3.10/site-packages/airflow/example_dags/example_sensors.py for tasks to queue
[2025-08-14T09:52:26.424+0000] {logging_mixin.py:150} INFO - [2025-08-14T09:52:26.424+0000] {dagbag.py:541} INFO - Filling up the DagBag from /home/vscode/.local/lib/python3.10/site-packages/airflow/example_dags/example_sensors.py
[2025-08-14T09:52:26.431+0000] {processor.py:836} INFO - DAG(s) dict_keys(['example_sensors']) retrieved from /home/vscode/.local/lib/python3.10/site-packages/airflow/example_dags/example_sensors.py
[2025-08-14T09:52:26.445+0000] {logging_mixin.py:150} INFO - [2025-08-14T09:52:26.445+0000] {dag.py:2742} INFO - Sync 1 DAGs
[2025-08-14T09:52:26.458+0000] {logging_mixin.py:150} INFO - [2025-08-14T09:52:26.458+0000] {dag.py:3504} INFO - Setting next_dagrun for example_sensors to None, run_after=None
[2025-08-14T09:52:26.473+0000] {processor.py:179} INFO - Processing /home/vscode/.local/lib/python3.10/site-packages/airflow/example_dags/example_sensors.py took 0.052 seconds
[2025-08-14T09:53:13.948+0000] {processor.py:157} INFO - Started process (PID=9534) to work on /home/vscode/.local/lib/python3.10/site-packages/airflow/example_dags/example_sensors.py
[2025-08-14T09:53:13.949+0000] {processor.py:826} INFO - Processing file /home/vscode/.local/lib/python3.10/site-packages/airflow/example_dags/example_sensors.py for tasks to queue
[2025-08-14T09:53:13.950+0000] {logging_mixin.py:150} INFO - [2025-08-14T09:53:13.949+0000] {dagbag.py:541} INFO - Filling up the DagBag from /home/vscode/.local/lib/python3.10/site-packages/airflow/example_dags/example_sensors.py
[2025-08-14T09:53:13.958+0000] {processor.py:836} INFO - DAG(s) dict_keys(['example_sensors']) retrieved from /home/vscode/.local/lib/python3.10/site-packages/airflow/example_dags/example_sensors.py
[2025-08-14T09:53:13.973+0000] {logging_mixin.py:150} INFO - [2025-08-14T09:53:13.973+0000] {dag.py:2742} INFO - Sync 1 DAGs
[2025-08-14T09:53:13.989+0000] {logging_mixin.py:150} INFO - [2025-08-14T09:53:13.989+0000] {dag.py:3504} INFO - Setting next_dagrun for example_sensors to None, run_after=None
[2025-08-14T09:53:14.005+0000] {processor.py:179} INFO - Processing /home/vscode/.local/lib/python3.10/site-packages/airflow/example_dags/example_sensors.py took 0.060 seconds
[2025-08-14T09:54:02.197+0000] {processor.py:157} INFO - Started process (PID=9848) to work on /home/vscode/.local/lib/python3.10/site-packages/airflow/example_dags/example_sensors.py
[2025-08-14T09:54:02.198+0000] {processor.py:826} INFO - Processing file /home/vscode/.local/lib/python3.10/site-packages/airflow/example_dags/example_sensors.py for tasks to queue
[2025-08-14T09:54:02.198+0000] {logging_mixin.py:150} INFO - [2025-08-14T09:54:02.198+0000] {dagbag.py:541} INFO - Filling up the DagBag from /home/vscode/.local/lib/python3.10/site-packages/airflow/example_dags/example_sensors.py
[2025-08-14T09:54:02.206+0000] {processor.py:836} INFO - DAG(s) dict_keys(['example_sensors']) retrieved from /home/vscode/.local/lib/python3.10/site-packages/airflow/example_dags/example_sensors.py
[2025-08-14T09:54:02.221+0000] {logging_mixin.py:150} INFO - [2025-08-14T09:54:02.220+0000] {dag.py:2742} INFO - Sync 1 DAGs
[2025-08-14T09:54:02.235+0000] {logging_mixin.py:150} INFO - [2025-08-14T09:54:02.235+0000] {dag.py:3504} INFO - Setting next_dagrun for example_sensors to None, run_after=None
[2025-08-14T09:54:02.252+0000] {processor.py:179} INFO - Processing /home/vscode/.local/lib/python3.10/site-packages/airflow/example_dags/example_sensors.py took 0.058 seconds
[2025-08-14T09:54:45.152+0000] {processor.py:157} INFO - Started process (PID=10141) to work on /home/vscode/.local/lib/python3.10/site-packages/airflow/example_dags/example_sensors.py
[2025-08-14T09:54:45.152+0000] {processor.py:826} INFO - Processing file /home/vscode/.local/lib/python3.10/site-packages/airflow/example_dags/example_sensors.py for tasks to queue
[2025-08-14T09:54:45.153+0000] {logging_mixin.py:150} INFO - [2025-08-14T09:54:45.153+0000] {dagbag.py:541} INFO - Filling up the DagBag from /home/vscode/.local/lib/python3.10/site-packages/airflow/example_dags/example_sensors.py
[2025-08-14T09:54:45.160+0000] {processor.py:836} INFO - DAG(s) dict_keys(['example_sensors']) retrieved from /home/vscode/.local/lib/python3.10/site-packages/airflow/example_dags/example_sensors.py
[2025-08-14T09:54:45.174+0000] {logging_mixin.py:150} INFO - [2025-08-14T09:54:45.173+0000] {dag.py:2742} INFO - Sync 1 DAGs
[2025-08-14T09:54:45.187+0000] {logging_mixin.py:150} INFO - [2025-08-14T09:54:45.187+0000] {dag.py:3504} INFO - Setting next_dagrun for example_sensors to None, run_after=None
[2025-08-14T09:54:45.202+0000] {processor.py:179} INFO - Processing /home/vscode/.local/lib/python3.10/site-packages/airflow/example_dags/example_sensors.py took 0.054 seconds
[2025-08-14T09:55:30.785+0000] {processor.py:157} INFO - Started process (PID=10445) to work on /home/vscode/.local/lib/python3.10/site-packages/airflow/example_dags/example_sensors.py
[2025-08-14T09:55:30.786+0000] {processor.py:826} INFO - Processing file /home/vscode/.local/lib/python3.10/site-packages/airflow/example_dags/example_sensors.py for tasks to queue
[2025-08-14T09:55:30.787+0000] {logging_mixin.py:150} INFO - [2025-08-14T09:55:30.786+0000] {dagbag.py:541} INFO - Filling up the DagBag from /home/vscode/.local/lib/python3.10/site-packages/airflow/example_dags/example_sensors.py
[2025-08-14T09:55:30.794+0000] {processor.py:836} INFO - DAG(s) dict_keys(['example_sensors']) retrieved from /home/vscode/.local/lib/python3.10/site-packages/airflow/example_dags/example_sensors.py
[2025-08-14T09:55:30.809+0000] {logging_mixin.py:150} INFO - [2025-08-14T09:55:30.809+0000] {dag.py:2742} INFO - Sync 1 DAGs
[2025-08-14T09:55:30.823+0000] {logging_mixin.py:150} INFO - [2025-08-14T09:55:30.823+0000] {dag.py:3504} INFO - Setting next_dagrun for example_sensors to None, run_after=None
[2025-08-14T09:55:30.839+0000] {processor.py:179} INFO - Processing /home/vscode/.local/lib/python3.10/site-packages/airflow/example_dags/example_sensors.py took 0.056 seconds
[2025-08-14T09:56:19.877+0000] {processor.py:157} INFO - Started process (PID=10807) to work on /home/vscode/.local/lib/python3.10/site-packages/airflow/example_dags/example_sensors.py
[2025-08-14T09:56:19.878+0000] {processor.py:826} INFO - Processing file /home/vscode/.local/lib/python3.10/site-packages/airflow/example_dags/example_sensors.py for tasks to queue
[2025-08-14T09:56:19.879+0000] {logging_mixin.py:150} INFO - [2025-08-14T09:56:19.878+0000] {dagbag.py:541} INFO - Filling up the DagBag from /home/vscode/.local/lib/python3.10/site-packages/airflow/example_dags/example_sensors.py
[2025-08-14T09:56:19.891+0000] {processor.py:836} INFO - DAG(s) dict_keys(['example_sensors']) retrieved from /home/vscode/.local/lib/python3.10/site-packages/airflow/example_dags/example_sensors.py
[2025-08-14T09:56:19.909+0000] {logging_mixin.py:150} INFO - [2025-08-14T09:56:19.908+0000] {dag.py:2742} INFO - Sync 1 DAGs
[2025-08-14T09:56:19.923+0000] {logging_mixin.py:150} INFO - [2025-08-14T09:56:19.923+0000] {dag.py:3504} INFO - Setting next_dagrun for example_sensors to None, run_after=None
[2025-08-14T09:56:19.938+0000] {processor.py:179} INFO - Processing /home/vscode/.local/lib/python3.10/site-packages/airflow/example_dags/example_sensors.py took 0.067 seconds
[2025-08-14T09:57:05.220+0000] {processor.py:157} INFO - Started process (PID=11150) to work on /home/vscode/.local/lib/python3.10/site-packages/airflow/example_dags/example_sensors.py
[2025-08-14T09:57:05.221+0000] {processor.py:826} INFO - Processing file /home/vscode/.local/lib/python3.10/site-packages/airflow/example_dags/example_sensors.py for tasks to queue
[2025-08-14T09:57:05.221+0000] {logging_mixin.py:150} INFO - [2025-08-14T09:57:05.221+0000] {dagbag.py:541} INFO - Filling up the DagBag from /home/vscode/.local/lib/python3.10/site-packages/airflow/example_dags/example_sensors.py
[2025-08-14T09:57:05.228+0000] {processor.py:836} INFO - DAG(s) dict_keys(['example_sensors']) retrieved from /home/vscode/.local/lib/python3.10/site-packages/airflow/example_dags/example_sensors.py
[2025-08-14T09:57:05.243+0000] {logging_mixin.py:150} INFO - [2025-08-14T09:57:05.243+0000] {dag.py:2742} INFO - Sync 1 DAGs
[2025-08-14T09:57:05.257+0000] {logging_mixin.py:150} INFO - [2025-08-14T09:57:05.256+0000] {dag.py:3504} INFO - Setting next_dagrun for example_sensors to None, run_after=None
[2025-08-14T09:57:05.272+0000] {processor.py:179} INFO - Processing /home/vscode/.local/lib/python3.10/site-packages/airflow/example_dags/example_sensors.py took 0.054 seconds
[2025-08-14T09:57:53.427+0000] {processor.py:157} INFO - Started process (PID=11548) to work on /home/vscode/.local/lib/python3.10/site-packages/airflow/example_dags/example_sensors.py
[2025-08-14T09:57:53.428+0000] {processor.py:826} INFO - Processing file /home/vscode/.local/lib/python3.10/site-packages/airflow/example_dags/example_sensors.py for tasks to queue
[2025-08-14T09:57:53.428+0000] {logging_mixin.py:150} INFO - [2025-08-14T09:57:53.428+0000] {dagbag.py:541} INFO - Filling up the DagBag from /home/vscode/.local/lib/python3.10/site-packages/airflow/example_dags/example_sensors.py
[2025-08-14T09:57:53.436+0000] {processor.py:836} INFO - DAG(s) dict_keys(['example_sensors']) retrieved from /home/vscode/.local/lib/python3.10/site-packages/airflow/example_dags/example_sensors.py
[2025-08-14T09:57:53.450+0000] {logging_mixin.py:150} INFO - [2025-08-14T09:57:53.450+0000] {dag.py:2742} INFO - Sync 1 DAGs
[2025-08-14T09:57:53.465+0000] {logging_mixin.py:150} INFO - [2025-08-14T09:57:53.464+0000] {dag.py:3504} INFO - Setting next_dagrun for example_sensors to None, run_after=None
[2025-08-14T09:57:53.481+0000] {processor.py:179} INFO - Processing /home/vscode/.local/lib/python3.10/site-packages/airflow/example_dags/example_sensors.py took 0.056 seconds
[2025-08-14T09:58:39.709+0000] {processor.py:157} INFO - Started process (PID=11883) to work on /home/vscode/.local/lib/python3.10/site-packages/airflow/example_dags/example_sensors.py
[2025-08-14T09:58:39.709+0000] {processor.py:826} INFO - Processing file /home/vscode/.local/lib/python3.10/site-packages/airflow/example_dags/example_sensors.py for tasks to queue
[2025-08-14T09:58:39.710+0000] {logging_mixin.py:150} INFO - [2025-08-14T09:58:39.710+0000] {dagbag.py:541} INFO - Filling up the DagBag from /home/vscode/.local/lib/python3.10/site-packages/airflow/example_dags/example_sensors.py
[2025-08-14T09:58:39.717+0000] {processor.py:836} INFO - DAG(s) dict_keys(['example_sensors']) retrieved from /home/vscode/.local/lib/python3.10/site-packages/airflow/example_dags/example_sensors.py
[2025-08-14T09:58:39.731+0000] {logging_mixin.py:150} INFO - [2025-08-14T09:58:39.731+0000] {dag.py:2742} INFO - Sync 1 DAGs
[2025-08-14T09:58:39.744+0000] {logging_mixin.py:150} INFO - [2025-08-14T09:58:39.744+0000] {dag.py:3504} INFO - Setting next_dagrun for example_sensors to None, run_after=None
[2025-08-14T09:58:39.760+0000] {processor.py:179} INFO - Processing /home/vscode/.local/lib/python3.10/site-packages/airflow/example_dags/example_sensors.py took 0.053 seconds
[2025-08-14T10:06:06.044+0000] {processor.py:157} INFO - Started process (PID=15169) to work on /home/vscode/.local/lib/python3.10/site-packages/airflow/example_dags/example_sensors.py
[2025-08-14T10:06:06.045+0000] {processor.py:826} INFO - Processing file /home/vscode/.local/lib/python3.10/site-packages/airflow/example_dags/example_sensors.py for tasks to queue
[2025-08-14T10:06:06.046+0000] {logging_mixin.py:150} INFO - [2025-08-14T10:06:06.045+0000] {dagbag.py:541} INFO - Filling up the DagBag from /home/vscode/.local/lib/python3.10/site-packages/airflow/example_dags/example_sensors.py
[2025-08-14T10:06:06.053+0000] {processor.py:836} INFO - DAG(s) dict_keys(['example_sensors']) retrieved from /home/vscode/.local/lib/python3.10/site-packages/airflow/example_dags/example_sensors.py
[2025-08-14T10:06:06.070+0000] {logging_mixin.py:150} INFO - [2025-08-14T10:06:06.070+0000] {dag.py:2742} INFO - Sync 1 DAGs
[2025-08-14T10:06:06.084+0000] {logging_mixin.py:150} INFO - [2025-08-14T10:06:06.084+0000] {dag.py:3504} INFO - Setting next_dagrun for example_sensors to None, run_after=None
[2025-08-14T10:06:06.112+0000] {processor.py:179} INFO - Processing /home/vscode/.local/lib/python3.10/site-packages/airflow/example_dags/example_sensors.py took 0.070 seconds
[2025-08-14T10:06:51.088+0000] {processor.py:157} INFO - Started process (PID=15474) to work on /home/vscode/.local/lib/python3.10/site-packages/airflow/example_dags/example_sensors.py
[2025-08-14T10:06:51.089+0000] {processor.py:826} INFO - Processing file /home/vscode/.local/lib/python3.10/site-packages/airflow/example_dags/example_sensors.py for tasks to queue
[2025-08-14T10:06:51.089+0000] {logging_mixin.py:150} INFO - [2025-08-14T10:06:51.089+0000] {dagbag.py:541} INFO - Filling up the DagBag from /home/vscode/.local/lib/python3.10/site-packages/airflow/example_dags/example_sensors.py
[2025-08-14T10:06:51.096+0000] {processor.py:836} INFO - DAG(s) dict_keys(['example_sensors']) retrieved from /home/vscode/.local/lib/python3.10/site-packages/airflow/example_dags/example_sensors.py
[2025-08-14T10:06:51.110+0000] {logging_mixin.py:150} INFO - [2025-08-14T10:06:51.110+0000] {dag.py:2742} INFO - Sync 1 DAGs
[2025-08-14T10:06:51.124+0000] {logging_mixin.py:150} INFO - [2025-08-14T10:06:51.124+0000] {dag.py:3504} INFO - Setting next_dagrun for example_sensors to None, run_after=None
[2025-08-14T10:06:51.140+0000] {processor.py:179} INFO - Processing /home/vscode/.local/lib/python3.10/site-packages/airflow/example_dags/example_sensors.py took 0.054 seconds
[2025-08-14T10:07:37.287+0000] {processor.py:157} INFO - Started process (PID=15775) to work on /home/vscode/.local/lib/python3.10/site-packages/airflow/example_dags/example_sensors.py
[2025-08-14T10:07:37.288+0000] {processor.py:826} INFO - Processing file /home/vscode/.local/lib/python3.10/site-packages/airflow/example_dags/example_sensors.py for tasks to queue
[2025-08-14T10:07:37.289+0000] {logging_mixin.py:150} INFO - [2025-08-14T10:07:37.288+0000] {dagbag.py:541} INFO - Filling up the DagBag from /home/vscode/.local/lib/python3.10/site-packages/airflow/example_dags/example_sensors.py
[2025-08-14T10:07:37.296+0000] {processor.py:836} INFO - DAG(s) dict_keys(['example_sensors']) retrieved from /home/vscode/.local/lib/python3.10/site-packages/airflow/example_dags/example_sensors.py
[2025-08-14T10:07:37.310+0000] {logging_mixin.py:150} INFO - [2025-08-14T10:07:37.310+0000] {dag.py:2742} INFO - Sync 1 DAGs
[2025-08-14T10:07:37.323+0000] {logging_mixin.py:150} INFO - [2025-08-14T10:07:37.323+0000] {dag.py:3504} INFO - Setting next_dagrun for example_sensors to None, run_after=None
[2025-08-14T10:07:37.338+0000] {processor.py:179} INFO - Processing /home/vscode/.local/lib/python3.10/site-packages/airflow/example_dags/example_sensors.py took 0.053 seconds
[2025-08-14T10:08:25.541+0000] {processor.py:157} INFO - Started process (PID=16186) to work on /home/vscode/.local/lib/python3.10/site-packages/airflow/example_dags/example_sensors.py
[2025-08-14T10:08:25.541+0000] {processor.py:826} INFO - Processing file /home/vscode/.local/lib/python3.10/site-packages/airflow/example_dags/example_sensors.py for tasks to queue
[2025-08-14T10:08:25.542+0000] {logging_mixin.py:150} INFO - [2025-08-14T10:08:25.542+0000] {dagbag.py:541} INFO - Filling up the DagBag from /home/vscode/.local/lib/python3.10/site-packages/airflow/example_dags/example_sensors.py
[2025-08-14T10:08:25.549+0000] {processor.py:836} INFO - DAG(s) dict_keys(['example_sensors']) retrieved from /home/vscode/.local/lib/python3.10/site-packages/airflow/example_dags/example_sensors.py
[2025-08-14T10:08:25.565+0000] {logging_mixin.py:150} INFO - [2025-08-14T10:08:25.565+0000] {dag.py:2742} INFO - Sync 1 DAGs
[2025-08-14T10:08:25.580+0000] {logging_mixin.py:150} INFO - [2025-08-14T10:08:25.580+0000] {dag.py:3504} INFO - Setting next_dagrun for example_sensors to None, run_after=None
[2025-08-14T10:08:25.597+0000] {processor.py:179} INFO - Processing /home/vscode/.local/lib/python3.10/site-packages/airflow/example_dags/example_sensors.py took 0.058 seconds
[2025-08-14T10:09:15.062+0000] {processor.py:157} INFO - Started process (PID=16643) to work on /home/vscode/.local/lib/python3.10/site-packages/airflow/example_dags/example_sensors.py
[2025-08-14T10:09:15.063+0000] {processor.py:826} INFO - Processing file /home/vscode/.local/lib/python3.10/site-packages/airflow/example_dags/example_sensors.py for tasks to queue
[2025-08-14T10:09:15.064+0000] {logging_mixin.py:150} INFO - [2025-08-14T10:09:15.063+0000] {dagbag.py:541} INFO - Filling up the DagBag from /home/vscode/.local/lib/python3.10/site-packages/airflow/example_dags/example_sensors.py
[2025-08-14T10:09:15.071+0000] {processor.py:836} INFO - DAG(s) dict_keys(['example_sensors']) retrieved from /home/vscode/.local/lib/python3.10/site-packages/airflow/example_dags/example_sensors.py
[2025-08-14T10:09:15.088+0000] {logging_mixin.py:150} INFO - [2025-08-14T10:09:15.088+0000] {dag.py:2742} INFO - Sync 1 DAGs
[2025-08-14T10:09:15.105+0000] {logging_mixin.py:150} INFO - [2025-08-14T10:09:15.105+0000] {dag.py:3504} INFO - Setting next_dagrun for example_sensors to None, run_after=None
[2025-08-14T10:09:15.126+0000] {processor.py:179} INFO - Processing /home/vscode/.local/lib/python3.10/site-packages/airflow/example_dags/example_sensors.py took 0.066 seconds
[2025-08-14T10:10:04.168+0000] {processor.py:157} INFO - Started process (PID=17005) to work on /home/vscode/.local/lib/python3.10/site-packages/airflow/example_dags/example_sensors.py
[2025-08-14T10:10:04.169+0000] {processor.py:826} INFO - Processing file /home/vscode/.local/lib/python3.10/site-packages/airflow/example_dags/example_sensors.py for tasks to queue
[2025-08-14T10:10:04.170+0000] {logging_mixin.py:150} INFO - [2025-08-14T10:10:04.169+0000] {dagbag.py:541} INFO - Filling up the DagBag from /home/vscode/.local/lib/python3.10/site-packages/airflow/example_dags/example_sensors.py
[2025-08-14T10:10:04.177+0000] {processor.py:836} INFO - DAG(s) dict_keys(['example_sensors']) retrieved from /home/vscode/.local/lib/python3.10/site-packages/airflow/example_dags/example_sensors.py
[2025-08-14T10:10:04.191+0000] {logging_mixin.py:150} INFO - [2025-08-14T10:10:04.191+0000] {dag.py:2742} INFO - Sync 1 DAGs
[2025-08-14T10:10:04.205+0000] {logging_mixin.py:150} INFO - [2025-08-14T10:10:04.205+0000] {dag.py:3504} INFO - Setting next_dagrun for example_sensors to None, run_after=None
[2025-08-14T10:10:04.220+0000] {processor.py:179} INFO - Processing /home/vscode/.local/lib/python3.10/site-packages/airflow/example_dags/example_sensors.py took 0.054 seconds
[2025-08-14T10:10:48.486+0000] {processor.py:157} INFO - Started process (PID=17342) to work on /home/vscode/.local/lib/python3.10/site-packages/airflow/example_dags/example_sensors.py
[2025-08-14T10:10:48.487+0000] {processor.py:826} INFO - Processing file /home/vscode/.local/lib/python3.10/site-packages/airflow/example_dags/example_sensors.py for tasks to queue
[2025-08-14T10:10:48.488+0000] {logging_mixin.py:150} INFO - [2025-08-14T10:10:48.488+0000] {dagbag.py:541} INFO - Filling up the DagBag from /home/vscode/.local/lib/python3.10/site-packages/airflow/example_dags/example_sensors.py
[2025-08-14T10:10:48.495+0000] {processor.py:836} INFO - DAG(s) dict_keys(['example_sensors']) retrieved from /home/vscode/.local/lib/python3.10/site-packages/airflow/example_dags/example_sensors.py
[2025-08-14T10:10:48.510+0000] {logging_mixin.py:150} INFO - [2025-08-14T10:10:48.510+0000] {dag.py:2742} INFO - Sync 1 DAGs
[2025-08-14T10:10:48.524+0000] {logging_mixin.py:150} INFO - [2025-08-14T10:10:48.524+0000] {dag.py:3504} INFO - Setting next_dagrun for example_sensors to None, run_after=None
[2025-08-14T10:10:48.539+0000] {processor.py:179} INFO - Processing /home/vscode/.local/lib/python3.10/site-packages/airflow/example_dags/example_sensors.py took 0.054 seconds
[2025-08-14T10:11:38.024+0000] {processor.py:157} INFO - Started process (PID=17708) to work on /home/vscode/.local/lib/python3.10/site-packages/airflow/example_dags/example_sensors.py
[2025-08-14T10:11:38.024+0000] {processor.py:826} INFO - Processing file /home/vscode/.local/lib/python3.10/site-packages/airflow/example_dags/example_sensors.py for tasks to queue
[2025-08-14T10:11:38.025+0000] {logging_mixin.py:150} INFO - [2025-08-14T10:11:38.025+0000] {dagbag.py:541} INFO - Filling up the DagBag from /home/vscode/.local/lib/python3.10/site-packages/airflow/example_dags/example_sensors.py
[2025-08-14T10:11:38.032+0000] {processor.py:836} INFO - DAG(s) dict_keys(['example_sensors']) retrieved from /home/vscode/.local/lib/python3.10/site-packages/airflow/example_dags/example_sensors.py
[2025-08-14T10:11:38.046+0000] {logging_mixin.py:150} INFO - [2025-08-14T10:11:38.045+0000] {dag.py:2742} INFO - Sync 1 DAGs
[2025-08-14T10:11:38.059+0000] {logging_mixin.py:150} INFO - [2025-08-14T10:11:38.059+0000] {dag.py:3504} INFO - Setting next_dagrun for example_sensors to None, run_after=None
[2025-08-14T10:11:38.074+0000] {processor.py:179} INFO - Processing /home/vscode/.local/lib/python3.10/site-packages/airflow/example_dags/example_sensors.py took 0.053 seconds
[2025-08-14T10:12:21.688+0000] {processor.py:157} INFO - Started process (PID=18042) to work on /home/vscode/.local/lib/python3.10/site-packages/airflow/example_dags/example_sensors.py
[2025-08-14T10:12:21.689+0000] {processor.py:826} INFO - Processing file /home/vscode/.local/lib/python3.10/site-packages/airflow/example_dags/example_sensors.py for tasks to queue
[2025-08-14T10:12:21.689+0000] {logging_mixin.py:150} INFO - [2025-08-14T10:12:21.689+0000] {dagbag.py:541} INFO - Filling up the DagBag from /home/vscode/.local/lib/python3.10/site-packages/airflow/example_dags/example_sensors.py
[2025-08-14T10:12:21.700+0000] {processor.py:836} INFO - DAG(s) dict_keys(['example_sensors']) retrieved from /home/vscode/.local/lib/python3.10/site-packages/airflow/example_dags/example_sensors.py
[2025-08-14T10:12:21.715+0000] {logging_mixin.py:150} INFO - [2025-08-14T10:12:21.715+0000] {dag.py:2742} INFO - Sync 1 DAGs
[2025-08-14T10:12:21.729+0000] {logging_mixin.py:150} INFO - [2025-08-14T10:12:21.729+0000] {dag.py:3504} INFO - Setting next_dagrun for example_sensors to None, run_after=None
[2025-08-14T10:12:21.745+0000] {processor.py:179} INFO - Processing /home/vscode/.local/lib/python3.10/site-packages/airflow/example_dags/example_sensors.py took 0.060 seconds
[2025-08-14T10:13:10.263+0000] {processor.py:157} INFO - Started process (PID=18394) to work on /home/vscode/.local/lib/python3.10/site-packages/airflow/example_dags/example_sensors.py
[2025-08-14T10:13:10.264+0000] {processor.py:826} INFO - Processing file /home/vscode/.local/lib/python3.10/site-packages/airflow/example_dags/example_sensors.py for tasks to queue
[2025-08-14T10:13:10.264+0000] {logging_mixin.py:150} INFO - [2025-08-14T10:13:10.264+0000] {dagbag.py:541} INFO - Filling up the DagBag from /home/vscode/.local/lib/python3.10/site-packages/airflow/example_dags/example_sensors.py
[2025-08-14T10:13:10.271+0000] {processor.py:836} INFO - DAG(s) dict_keys(['example_sensors']) retrieved from /home/vscode/.local/lib/python3.10/site-packages/airflow/example_dags/example_sensors.py
[2025-08-14T10:13:10.285+0000] {logging_mixin.py:150} INFO - [2025-08-14T10:13:10.285+0000] {dag.py:2742} INFO - Sync 1 DAGs
[2025-08-14T10:13:10.301+0000] {logging_mixin.py:150} INFO - [2025-08-14T10:13:10.301+0000] {dag.py:3504} INFO - Setting next_dagrun for example_sensors to None, run_after=None
[2025-08-14T10:13:10.316+0000] {processor.py:179} INFO - Processing /home/vscode/.local/lib/python3.10/site-packages/airflow/example_dags/example_sensors.py took 0.056 seconds
[2025-08-14T10:13:58.724+0000] {processor.py:157} INFO - Started process (PID=18762) to work on /home/vscode/.local/lib/python3.10/site-packages/airflow/example_dags/example_sensors.py
[2025-08-14T10:13:58.725+0000] {processor.py:826} INFO - Processing file /home/vscode/.local/lib/python3.10/site-packages/airflow/example_dags/example_sensors.py for tasks to queue
[2025-08-14T10:13:58.725+0000] {logging_mixin.py:150} INFO - [2025-08-14T10:13:58.725+0000] {dagbag.py:541} INFO - Filling up the DagBag from /home/vscode/.local/lib/python3.10/site-packages/airflow/example_dags/example_sensors.py
[2025-08-14T10:13:58.732+0000] {processor.py:836} INFO - DAG(s) dict_keys(['example_sensors']) retrieved from /home/vscode/.local/lib/python3.10/site-packages/airflow/example_dags/example_sensors.py
[2025-08-14T10:13:58.749+0000] {logging_mixin.py:150} INFO - [2025-08-14T10:13:58.749+0000] {dag.py:2742} INFO - Sync 1 DAGs
[2025-08-14T10:13:58.771+0000] {logging_mixin.py:150} INFO - [2025-08-14T10:13:58.771+0000] {dag.py:3504} INFO - Setting next_dagrun for example_sensors to None, run_after=None
[2025-08-14T10:13:58.792+0000] {processor.py:179} INFO - Processing /home/vscode/.local/lib/python3.10/site-packages/airflow/example_dags/example_sensors.py took 0.070 seconds
[2025-08-14T10:14:43.184+0000] {processor.py:157} INFO - Started process (PID=19097) to work on /home/vscode/.local/lib/python3.10/site-packages/airflow/example_dags/example_sensors.py
[2025-08-14T10:14:43.184+0000] {processor.py:826} INFO - Processing file /home/vscode/.local/lib/python3.10/site-packages/airflow/example_dags/example_sensors.py for tasks to queue
[2025-08-14T10:14:43.185+0000] {logging_mixin.py:150} INFO - [2025-08-14T10:14:43.185+0000] {dagbag.py:541} INFO - Filling up the DagBag from /home/vscode/.local/lib/python3.10/site-packages/airflow/example_dags/example_sensors.py
[2025-08-14T10:14:43.193+0000] {processor.py:836} INFO - DAG(s) dict_keys(['example_sensors']) retrieved from /home/vscode/.local/lib/python3.10/site-packages/airflow/example_dags/example_sensors.py
[2025-08-14T10:14:43.219+0000] {logging_mixin.py:150} INFO - [2025-08-14T10:14:43.218+0000] {dag.py:2742} INFO - Sync 1 DAGs
[2025-08-14T10:14:43.234+0000] {logging_mixin.py:150} INFO - [2025-08-14T10:14:43.234+0000] {dag.py:3504} INFO - Setting next_dagrun for example_sensors to None, run_after=None
[2025-08-14T10:14:43.250+0000] {processor.py:179} INFO - Processing /home/vscode/.local/lib/python3.10/site-packages/airflow/example_dags/example_sensors.py took 0.069 seconds
[2025-08-14T10:15:26.377+0000] {processor.py:157} INFO - Started process (PID=19416) to work on /home/vscode/.local/lib/python3.10/site-packages/airflow/example_dags/example_sensors.py
[2025-08-14T10:15:26.378+0000] {processor.py:826} INFO - Processing file /home/vscode/.local/lib/python3.10/site-packages/airflow/example_dags/example_sensors.py for tasks to queue
[2025-08-14T10:15:26.378+0000] {logging_mixin.py:150} INFO - [2025-08-14T10:15:26.378+0000] {dagbag.py:541} INFO - Filling up the DagBag from /home/vscode/.local/lib/python3.10/site-packages/airflow/example_dags/example_sensors.py
[2025-08-14T10:15:26.385+0000] {processor.py:836} INFO - DAG(s) dict_keys(['example_sensors']) retrieved from /home/vscode/.local/lib/python3.10/site-packages/airflow/example_dags/example_sensors.py
[2025-08-14T10:15:26.399+0000] {logging_mixin.py:150} INFO - [2025-08-14T10:15:26.399+0000] {dag.py:2742} INFO - Sync 1 DAGs
[2025-08-14T10:15:26.413+0000] {logging_mixin.py:150} INFO - [2025-08-14T10:15:26.413+0000] {dag.py:3504} INFO - Setting next_dagrun for example_sensors to None, run_after=None
[2025-08-14T10:15:26.428+0000] {processor.py:179} INFO - Processing /home/vscode/.local/lib/python3.10/site-packages/airflow/example_dags/example_sensors.py took 0.053 seconds
[2025-08-14T10:16:11.623+0000] {processor.py:157} INFO - Started process (PID=19747) to work on /home/vscode/.local/lib/python3.10/site-packages/airflow/example_dags/example_sensors.py
[2025-08-14T10:16:11.624+0000] {processor.py:826} INFO - Processing file /home/vscode/.local/lib/python3.10/site-packages/airflow/example_dags/example_sensors.py for tasks to queue
[2025-08-14T10:16:11.624+0000] {logging_mixin.py:150} INFO - [2025-08-14T10:16:11.624+0000] {dagbag.py:541} INFO - Filling up the DagBag from /home/vscode/.local/lib/python3.10/site-packages/airflow/example_dags/example_sensors.py
[2025-08-14T10:16:11.631+0000] {processor.py:836} INFO - DAG(s) dict_keys(['example_sensors']) retrieved from /home/vscode/.local/lib/python3.10/site-packages/airflow/example_dags/example_sensors.py
[2025-08-14T10:16:11.647+0000] {logging_mixin.py:150} INFO - [2025-08-14T10:16:11.646+0000] {dag.py:2742} INFO - Sync 1 DAGs
[2025-08-14T10:16:11.661+0000] {logging_mixin.py:150} INFO - [2025-08-14T10:16:11.660+0000] {dag.py:3504} INFO - Setting next_dagrun for example_sensors to None, run_after=None
[2025-08-14T10:16:11.676+0000] {processor.py:179} INFO - Processing /home/vscode/.local/lib/python3.10/site-packages/airflow/example_dags/example_sensors.py took 0.055 seconds
[2025-08-14T10:17:00.004+0000] {processor.py:157} INFO - Started process (PID=20109) to work on /home/vscode/.local/lib/python3.10/site-packages/airflow/example_dags/example_sensors.py
[2025-08-14T10:17:00.005+0000] {processor.py:826} INFO - Processing file /home/vscode/.local/lib/python3.10/site-packages/airflow/example_dags/example_sensors.py for tasks to queue
[2025-08-14T10:17:00.006+0000] {logging_mixin.py:150} INFO - [2025-08-14T10:17:00.005+0000] {dagbag.py:541} INFO - Filling up the DagBag from /home/vscode/.local/lib/python3.10/site-packages/airflow/example_dags/example_sensors.py
[2025-08-14T10:17:00.014+0000] {processor.py:836} INFO - DAG(s) dict_keys(['example_sensors']) retrieved from /home/vscode/.local/lib/python3.10/site-packages/airflow/example_dags/example_sensors.py
[2025-08-14T10:17:00.028+0000] {logging_mixin.py:150} INFO - [2025-08-14T10:17:00.028+0000] {dag.py:2742} INFO - Sync 1 DAGs
[2025-08-14T10:17:00.043+0000] {logging_mixin.py:150} INFO - [2025-08-14T10:17:00.042+0000] {dag.py:3504} INFO - Setting next_dagrun for example_sensors to None, run_after=None
[2025-08-14T10:17:00.059+0000] {processor.py:179} INFO - Processing /home/vscode/.local/lib/python3.10/site-packages/airflow/example_dags/example_sensors.py took 0.057 seconds
[2025-08-14T10:17:49.561+0000] {processor.py:157} INFO - Started process (PID=20466) to work on /home/vscode/.local/lib/python3.10/site-packages/airflow/example_dags/example_sensors.py
[2025-08-14T10:17:49.562+0000] {processor.py:826} INFO - Processing file /home/vscode/.local/lib/python3.10/site-packages/airflow/example_dags/example_sensors.py for tasks to queue
[2025-08-14T10:17:49.563+0000] {logging_mixin.py:150} INFO - [2025-08-14T10:17:49.562+0000] {dagbag.py:541} INFO - Filling up the DagBag from /home/vscode/.local/lib/python3.10/site-packages/airflow/example_dags/example_sensors.py
[2025-08-14T10:17:49.570+0000] {processor.py:836} INFO - DAG(s) dict_keys(['example_sensors']) retrieved from /home/vscode/.local/lib/python3.10/site-packages/airflow/example_dags/example_sensors.py
[2025-08-14T10:17:49.586+0000] {logging_mixin.py:150} INFO - [2025-08-14T10:17:49.586+0000] {dag.py:2742} INFO - Sync 1 DAGs
[2025-08-14T10:17:49.601+0000] {logging_mixin.py:150} INFO - [2025-08-14T10:17:49.600+0000] {dag.py:3504} INFO - Setting next_dagrun for example_sensors to None, run_after=None
[2025-08-14T10:17:49.616+0000] {processor.py:179} INFO - Processing /home/vscode/.local/lib/python3.10/site-packages/airflow/example_dags/example_sensors.py took 0.057 seconds
[2025-08-14T10:18:34.881+0000] {processor.py:157} INFO - Started process (PID=20778) to work on /home/vscode/.local/lib/python3.10/site-packages/airflow/example_dags/example_sensors.py
[2025-08-14T10:18:34.881+0000] {processor.py:826} INFO - Processing file /home/vscode/.local/lib/python3.10/site-packages/airflow/example_dags/example_sensors.py for tasks to queue
[2025-08-14T10:18:34.882+0000] {logging_mixin.py:150} INFO - [2025-08-14T10:18:34.882+0000] {dagbag.py:541} INFO - Filling up the DagBag from /home/vscode/.local/lib/python3.10/site-packages/airflow/example_dags/example_sensors.py
[2025-08-14T10:18:34.889+0000] {processor.py:836} INFO - DAG(s) dict_keys(['example_sensors']) retrieved from /home/vscode/.local/lib/python3.10/site-packages/airflow/example_dags/example_sensors.py
[2025-08-14T10:18:34.904+0000] {logging_mixin.py:150} INFO - [2025-08-14T10:18:34.904+0000] {dag.py:2742} INFO - Sync 1 DAGs
[2025-08-14T10:18:34.918+0000] {logging_mixin.py:150} INFO - [2025-08-14T10:18:34.918+0000] {dag.py:3504} INFO - Setting next_dagrun for example_sensors to None, run_after=None
[2025-08-14T10:18:34.935+0000] {processor.py:179} INFO - Processing /home/vscode/.local/lib/python3.10/site-packages/airflow/example_dags/example_sensors.py took 0.057 seconds
[2025-08-14T10:19:26.115+0000] {processor.py:157} INFO - Started process (PID=21114) to work on /home/vscode/.local/lib/python3.10/site-packages/airflow/example_dags/example_sensors.py
[2025-08-14T10:19:26.115+0000] {processor.py:826} INFO - Processing file /home/vscode/.local/lib/python3.10/site-packages/airflow/example_dags/example_sensors.py for tasks to queue
[2025-08-14T10:19:26.116+0000] {logging_mixin.py:150} INFO - [2025-08-14T10:19:26.116+0000] {dagbag.py:541} INFO - Filling up the DagBag from /home/vscode/.local/lib/python3.10/site-packages/airflow/example_dags/example_sensors.py
[2025-08-14T10:19:26.123+0000] {processor.py:836} INFO - DAG(s) dict_keys(['example_sensors']) retrieved from /home/vscode/.local/lib/python3.10/site-packages/airflow/example_dags/example_sensors.py
[2025-08-14T10:19:26.137+0000] {logging_mixin.py:150} INFO - [2025-08-14T10:19:26.137+0000] {dag.py:2742} INFO - Sync 1 DAGs
[2025-08-14T10:19:26.151+0000] {logging_mixin.py:150} INFO - [2025-08-14T10:19:26.151+0000] {dag.py:3504} INFO - Setting next_dagrun for example_sensors to None, run_after=None
[2025-08-14T10:19:26.166+0000] {processor.py:179} INFO - Processing /home/vscode/.local/lib/python3.10/site-packages/airflow/example_dags/example_sensors.py took 0.053 seconds
[2025-08-14T10:20:09.076+0000] {processor.py:157} INFO - Started process (PID=21453) to work on /home/vscode/.local/lib/python3.10/site-packages/airflow/example_dags/example_sensors.py
[2025-08-14T10:20:09.076+0000] {processor.py:826} INFO - Processing file /home/vscode/.local/lib/python3.10/site-packages/airflow/example_dags/example_sensors.py for tasks to queue
[2025-08-14T10:20:09.077+0000] {logging_mixin.py:150} INFO - [2025-08-14T10:20:09.077+0000] {dagbag.py:541} INFO - Filling up the DagBag from /home/vscode/.local/lib/python3.10/site-packages/airflow/example_dags/example_sensors.py
[2025-08-14T10:20:09.084+0000] {processor.py:836} INFO - DAG(s) dict_keys(['example_sensors']) retrieved from /home/vscode/.local/lib/python3.10/site-packages/airflow/example_dags/example_sensors.py
[2025-08-14T10:20:09.098+0000] {logging_mixin.py:150} INFO - [2025-08-14T10:20:09.098+0000] {dag.py:2742} INFO - Sync 1 DAGs
[2025-08-14T10:20:09.112+0000] {logging_mixin.py:150} INFO - [2025-08-14T10:20:09.112+0000] {dag.py:3504} INFO - Setting next_dagrun for example_sensors to None, run_after=None
[2025-08-14T10:20:09.128+0000] {processor.py:179} INFO - Processing /home/vscode/.local/lib/python3.10/site-packages/airflow/example_dags/example_sensors.py took 0.054 seconds
[2025-08-14T10:20:56.583+0000] {processor.py:157} INFO - Started process (PID=21780) to work on /home/vscode/.local/lib/python3.10/site-packages/airflow/example_dags/example_sensors.py
[2025-08-14T10:20:56.583+0000] {processor.py:826} INFO - Processing file /home/vscode/.local/lib/python3.10/site-packages/airflow/example_dags/example_sensors.py for tasks to queue
[2025-08-14T10:20:56.584+0000] {logging_mixin.py:150} INFO - [2025-08-14T10:20:56.584+0000] {dagbag.py:541} INFO - Filling up the DagBag from /home/vscode/.local/lib/python3.10/site-packages/airflow/example_dags/example_sensors.py
[2025-08-14T10:20:56.591+0000] {processor.py:836} INFO - DAG(s) dict_keys(['example_sensors']) retrieved from /home/vscode/.local/lib/python3.10/site-packages/airflow/example_dags/example_sensors.py
[2025-08-14T10:20:56.605+0000] {logging_mixin.py:150} INFO - [2025-08-14T10:20:56.605+0000] {dag.py:2742} INFO - Sync 1 DAGs
[2025-08-14T10:20:56.618+0000] {logging_mixin.py:150} INFO - [2025-08-14T10:20:56.618+0000] {dag.py:3504} INFO - Setting next_dagrun for example_sensors to None, run_after=None
[2025-08-14T10:20:56.633+0000] {processor.py:179} INFO - Processing /home/vscode/.local/lib/python3.10/site-packages/airflow/example_dags/example_sensors.py took 0.053 seconds
[2025-08-14T10:21:46.656+0000] {processor.py:157} INFO - Started process (PID=22109) to work on /home/vscode/.local/lib/python3.10/site-packages/airflow/example_dags/example_sensors.py
[2025-08-14T10:21:46.657+0000] {processor.py:826} INFO - Processing file /home/vscode/.local/lib/python3.10/site-packages/airflow/example_dags/example_sensors.py for tasks to queue
[2025-08-14T10:21:46.657+0000] {logging_mixin.py:150} INFO - [2025-08-14T10:21:46.657+0000] {dagbag.py:541} INFO - Filling up the DagBag from /home/vscode/.local/lib/python3.10/site-packages/airflow/example_dags/example_sensors.py
[2025-08-14T10:21:46.664+0000] {processor.py:836} INFO - DAG(s) dict_keys(['example_sensors']) retrieved from /home/vscode/.local/lib/python3.10/site-packages/airflow/example_dags/example_sensors.py
[2025-08-14T10:21:46.679+0000] {logging_mixin.py:150} INFO - [2025-08-14T10:21:46.678+0000] {dag.py:2742} INFO - Sync 1 DAGs
[2025-08-14T10:21:46.692+0000] {logging_mixin.py:150} INFO - [2025-08-14T10:21:46.692+0000] {dag.py:3504} INFO - Setting next_dagrun for example_sensors to None, run_after=None
[2025-08-14T10:21:46.708+0000] {processor.py:179} INFO - Processing /home/vscode/.local/lib/python3.10/site-packages/airflow/example_dags/example_sensors.py took 0.054 seconds
[2025-08-14T10:22:34.634+0000] {processor.py:157} INFO - Started process (PID=22428) to work on /home/vscode/.local/lib/python3.10/site-packages/airflow/example_dags/example_sensors.py
[2025-08-14T10:22:34.635+0000] {processor.py:826} INFO - Processing file /home/vscode/.local/lib/python3.10/site-packages/airflow/example_dags/example_sensors.py for tasks to queue
[2025-08-14T10:22:34.635+0000] {logging_mixin.py:150} INFO - [2025-08-14T10:22:34.635+0000] {dagbag.py:541} INFO - Filling up the DagBag from /home/vscode/.local/lib/python3.10/site-packages/airflow/example_dags/example_sensors.py
[2025-08-14T10:22:34.646+0000] {processor.py:836} INFO - DAG(s) dict_keys(['example_sensors']) retrieved from /home/vscode/.local/lib/python3.10/site-packages/airflow/example_dags/example_sensors.py
[2025-08-14T10:22:34.667+0000] {logging_mixin.py:150} INFO - [2025-08-14T10:22:34.667+0000] {dag.py:2742} INFO - Sync 1 DAGs
[2025-08-14T10:22:34.688+0000] {logging_mixin.py:150} INFO - [2025-08-14T10:22:34.688+0000] {dag.py:3504} INFO - Setting next_dagrun for example_sensors to None, run_after=None
[2025-08-14T10:22:34.713+0000] {processor.py:179} INFO - Processing /home/vscode/.local/lib/python3.10/site-packages/airflow/example_dags/example_sensors.py took 0.082 seconds
[2025-08-14T10:23:18.814+0000] {processor.py:157} INFO - Started process (PID=22723) to work on /home/vscode/.local/lib/python3.10/site-packages/airflow/example_dags/example_sensors.py
[2025-08-14T10:23:18.815+0000] {processor.py:826} INFO - Processing file /home/vscode/.local/lib/python3.10/site-packages/airflow/example_dags/example_sensors.py for tasks to queue
[2025-08-14T10:23:18.815+0000] {logging_mixin.py:150} INFO - [2025-08-14T10:23:18.815+0000] {dagbag.py:541} INFO - Filling up the DagBag from /home/vscode/.local/lib/python3.10/site-packages/airflow/example_dags/example_sensors.py
[2025-08-14T10:23:18.822+0000] {processor.py:836} INFO - DAG(s) dict_keys(['example_sensors']) retrieved from /home/vscode/.local/lib/python3.10/site-packages/airflow/example_dags/example_sensors.py
[2025-08-14T10:23:18.836+0000] {logging_mixin.py:150} INFO - [2025-08-14T10:23:18.836+0000] {dag.py:2742} INFO - Sync 1 DAGs
[2025-08-14T10:23:18.850+0000] {logging_mixin.py:150} INFO - [2025-08-14T10:23:18.849+0000] {dag.py:3504} INFO - Setting next_dagrun for example_sensors to None, run_after=None
[2025-08-14T10:23:18.865+0000] {processor.py:179} INFO - Processing /home/vscode/.local/lib/python3.10/site-packages/airflow/example_dags/example_sensors.py took 0.053 seconds
[2025-08-14T10:24:04.945+0000] {processor.py:157} INFO - Started process (PID=23040) to work on /home/vscode/.local/lib/python3.10/site-packages/airflow/example_dags/example_sensors.py
[2025-08-14T10:24:04.946+0000] {processor.py:826} INFO - Processing file /home/vscode/.local/lib/python3.10/site-packages/airflow/example_dags/example_sensors.py for tasks to queue
[2025-08-14T10:24:04.947+0000] {logging_mixin.py:150} INFO - [2025-08-14T10:24:04.946+0000] {dagbag.py:541} INFO - Filling up the DagBag from /home/vscode/.local/lib/python3.10/site-packages/airflow/example_dags/example_sensors.py
[2025-08-14T10:24:04.957+0000] {processor.py:836} INFO - DAG(s) dict_keys(['example_sensors']) retrieved from /home/vscode/.local/lib/python3.10/site-packages/airflow/example_dags/example_sensors.py
[2025-08-14T10:24:04.977+0000] {logging_mixin.py:150} INFO - [2025-08-14T10:24:04.977+0000] {dag.py:2742} INFO - Sync 1 DAGs
[2025-08-14T10:24:04.994+0000] {logging_mixin.py:150} INFO - [2025-08-14T10:24:04.994+0000] {dag.py:3504} INFO - Setting next_dagrun for example_sensors to None, run_after=None
[2025-08-14T10:24:05.009+0000] {processor.py:179} INFO - Processing /home/vscode/.local/lib/python3.10/site-packages/airflow/example_dags/example_sensors.py took 0.067 seconds
[2025-08-14T10:24:52.891+0000] {processor.py:157} INFO - Started process (PID=23379) to work on /home/vscode/.local/lib/python3.10/site-packages/airflow/example_dags/example_sensors.py
[2025-08-14T10:24:52.892+0000] {processor.py:826} INFO - Processing file /home/vscode/.local/lib/python3.10/site-packages/airflow/example_dags/example_sensors.py for tasks to queue
[2025-08-14T10:24:52.892+0000] {logging_mixin.py:150} INFO - [2025-08-14T10:24:52.892+0000] {dagbag.py:541} INFO - Filling up the DagBag from /home/vscode/.local/lib/python3.10/site-packages/airflow/example_dags/example_sensors.py
[2025-08-14T10:24:52.899+0000] {processor.py:836} INFO - DAG(s) dict_keys(['example_sensors']) retrieved from /home/vscode/.local/lib/python3.10/site-packages/airflow/example_dags/example_sensors.py
[2025-08-14T10:24:52.913+0000] {logging_mixin.py:150} INFO - [2025-08-14T10:24:52.913+0000] {dag.py:2742} INFO - Sync 1 DAGs
[2025-08-14T10:24:52.927+0000] {logging_mixin.py:150} INFO - [2025-08-14T10:24:52.927+0000] {dag.py:3504} INFO - Setting next_dagrun for example_sensors to None, run_after=None
[2025-08-14T10:24:52.943+0000] {processor.py:179} INFO - Processing /home/vscode/.local/lib/python3.10/site-packages/airflow/example_dags/example_sensors.py took 0.054 seconds
[2025-08-14T10:25:36.285+0000] {processor.py:157} INFO - Started process (PID=23667) to work on /home/vscode/.local/lib/python3.10/site-packages/airflow/example_dags/example_sensors.py
[2025-08-14T10:25:36.286+0000] {processor.py:826} INFO - Processing file /home/vscode/.local/lib/python3.10/site-packages/airflow/example_dags/example_sensors.py for tasks to queue
[2025-08-14T10:25:36.286+0000] {logging_mixin.py:150} INFO - [2025-08-14T10:25:36.286+0000] {dagbag.py:541} INFO - Filling up the DagBag from /home/vscode/.local/lib/python3.10/site-packages/airflow/example_dags/example_sensors.py
[2025-08-14T10:25:36.293+0000] {processor.py:836} INFO - DAG(s) dict_keys(['example_sensors']) retrieved from /home/vscode/.local/lib/python3.10/site-packages/airflow/example_dags/example_sensors.py
[2025-08-14T10:25:36.308+0000] {logging_mixin.py:150} INFO - [2025-08-14T10:25:36.308+0000] {dag.py:2742} INFO - Sync 1 DAGs
[2025-08-14T10:25:36.322+0000] {logging_mixin.py:150} INFO - [2025-08-14T10:25:36.322+0000] {dag.py:3504} INFO - Setting next_dagrun for example_sensors to None, run_after=None
[2025-08-14T10:25:36.338+0000] {processor.py:179} INFO - Processing /home/vscode/.local/lib/python3.10/site-packages/airflow/example_dags/example_sensors.py took 0.055 seconds
[2025-08-14T10:26:22.794+0000] {processor.py:157} INFO - Started process (PID=23986) to work on /home/vscode/.local/lib/python3.10/site-packages/airflow/example_dags/example_sensors.py
[2025-08-14T10:26:22.795+0000] {processor.py:826} INFO - Processing file /home/vscode/.local/lib/python3.10/site-packages/airflow/example_dags/example_sensors.py for tasks to queue
[2025-08-14T10:26:22.795+0000] {logging_mixin.py:150} INFO - [2025-08-14T10:26:22.795+0000] {dagbag.py:541} INFO - Filling up the DagBag from /home/vscode/.local/lib/python3.10/site-packages/airflow/example_dags/example_sensors.py
[2025-08-14T10:26:22.802+0000] {processor.py:836} INFO - DAG(s) dict_keys(['example_sensors']) retrieved from /home/vscode/.local/lib/python3.10/site-packages/airflow/example_dags/example_sensors.py
[2025-08-14T10:26:22.816+0000] {logging_mixin.py:150} INFO - [2025-08-14T10:26:22.816+0000] {dag.py:2742} INFO - Sync 1 DAGs
[2025-08-14T10:26:22.830+0000] {logging_mixin.py:150} INFO - [2025-08-14T10:26:22.830+0000] {dag.py:3504} INFO - Setting next_dagrun for example_sensors to None, run_after=None
[2025-08-14T10:26:22.845+0000] {processor.py:179} INFO - Processing /home/vscode/.local/lib/python3.10/site-packages/airflow/example_dags/example_sensors.py took 0.054 seconds
[2025-08-14T10:27:07.298+0000] {processor.py:157} INFO - Started process (PID=24286) to work on /home/vscode/.local/lib/python3.10/site-packages/airflow/example_dags/example_sensors.py
[2025-08-14T10:27:07.299+0000] {processor.py:826} INFO - Processing file /home/vscode/.local/lib/python3.10/site-packages/airflow/example_dags/example_sensors.py for tasks to queue
[2025-08-14T10:27:07.300+0000] {logging_mixin.py:150} INFO - [2025-08-14T10:27:07.299+0000] {dagbag.py:541} INFO - Filling up the DagBag from /home/vscode/.local/lib/python3.10/site-packages/airflow/example_dags/example_sensors.py
[2025-08-14T10:27:07.307+0000] {processor.py:836} INFO - DAG(s) dict_keys(['example_sensors']) retrieved from /home/vscode/.local/lib/python3.10/site-packages/airflow/example_dags/example_sensors.py
[2025-08-14T10:27:07.323+0000] {logging_mixin.py:150} INFO - [2025-08-14T10:27:07.322+0000] {dag.py:2742} INFO - Sync 1 DAGs
[2025-08-14T10:27:07.337+0000] {logging_mixin.py:150} INFO - [2025-08-14T10:27:07.337+0000] {dag.py:3504} INFO - Setting next_dagrun for example_sensors to None, run_after=None
[2025-08-14T10:27:07.353+0000] {processor.py:179} INFO - Processing /home/vscode/.local/lib/python3.10/site-packages/airflow/example_dags/example_sensors.py took 0.057 seconds
[2025-08-14T10:27:53.582+0000] {processor.py:157} INFO - Started process (PID=24585) to work on /home/vscode/.local/lib/python3.10/site-packages/airflow/example_dags/example_sensors.py
[2025-08-14T10:27:53.583+0000] {processor.py:826} INFO - Processing file /home/vscode/.local/lib/python3.10/site-packages/airflow/example_dags/example_sensors.py for tasks to queue
[2025-08-14T10:27:53.584+0000] {logging_mixin.py:150} INFO - [2025-08-14T10:27:53.584+0000] {dagbag.py:541} INFO - Filling up the DagBag from /home/vscode/.local/lib/python3.10/site-packages/airflow/example_dags/example_sensors.py
[2025-08-14T10:27:53.595+0000] {processor.py:836} INFO - DAG(s) dict_keys(['example_sensors']) retrieved from /home/vscode/.local/lib/python3.10/site-packages/airflow/example_dags/example_sensors.py
[2025-08-14T10:27:53.635+0000] {logging_mixin.py:150} INFO - [2025-08-14T10:27:53.635+0000] {dag.py:2742} INFO - Sync 1 DAGs
[2025-08-14T10:27:53.667+0000] {logging_mixin.py:150} INFO - [2025-08-14T10:27:53.666+0000] {dag.py:3504} INFO - Setting next_dagrun for example_sensors to None, run_after=None
[2025-08-14T10:27:53.706+0000] {processor.py:179} INFO - Processing /home/vscode/.local/lib/python3.10/site-packages/airflow/example_dags/example_sensors.py took 0.127 seconds
[2025-08-14T10:28:41.854+0000] {processor.py:157} INFO - Started process (PID=24909) to work on /home/vscode/.local/lib/python3.10/site-packages/airflow/example_dags/example_sensors.py
[2025-08-14T10:28:41.855+0000] {processor.py:826} INFO - Processing file /home/vscode/.local/lib/python3.10/site-packages/airflow/example_dags/example_sensors.py for tasks to queue
[2025-08-14T10:28:41.855+0000] {logging_mixin.py:150} INFO - [2025-08-14T10:28:41.855+0000] {dagbag.py:541} INFO - Filling up the DagBag from /home/vscode/.local/lib/python3.10/site-packages/airflow/example_dags/example_sensors.py
[2025-08-14T10:28:41.863+0000] {processor.py:836} INFO - DAG(s) dict_keys(['example_sensors']) retrieved from /home/vscode/.local/lib/python3.10/site-packages/airflow/example_dags/example_sensors.py
[2025-08-14T10:28:41.877+0000] {logging_mixin.py:150} INFO - [2025-08-14T10:28:41.877+0000] {dag.py:2742} INFO - Sync 1 DAGs
[2025-08-14T10:28:41.891+0000] {logging_mixin.py:150} INFO - [2025-08-14T10:28:41.891+0000] {dag.py:3504} INFO - Setting next_dagrun for example_sensors to None, run_after=None
[2025-08-14T10:28:41.907+0000] {processor.py:179} INFO - Processing /home/vscode/.local/lib/python3.10/site-packages/airflow/example_dags/example_sensors.py took 0.055 seconds
[2025-08-14T10:29:29.067+0000] {processor.py:157} INFO - Started process (PID=25227) to work on /home/vscode/.local/lib/python3.10/site-packages/airflow/example_dags/example_sensors.py
[2025-08-14T10:29:29.068+0000] {processor.py:826} INFO - Processing file /home/vscode/.local/lib/python3.10/site-packages/airflow/example_dags/example_sensors.py for tasks to queue
[2025-08-14T10:29:29.068+0000] {logging_mixin.py:150} INFO - [2025-08-14T10:29:29.068+0000] {dagbag.py:541} INFO - Filling up the DagBag from /home/vscode/.local/lib/python3.10/site-packages/airflow/example_dags/example_sensors.py
[2025-08-14T10:29:29.075+0000] {processor.py:836} INFO - DAG(s) dict_keys(['example_sensors']) retrieved from /home/vscode/.local/lib/python3.10/site-packages/airflow/example_dags/example_sensors.py
[2025-08-14T10:29:29.090+0000] {logging_mixin.py:150} INFO - [2025-08-14T10:29:29.090+0000] {dag.py:2742} INFO - Sync 1 DAGs
[2025-08-14T10:29:29.105+0000] {logging_mixin.py:150} INFO - [2025-08-14T10:29:29.105+0000] {dag.py:3504} INFO - Setting next_dagrun for example_sensors to None, run_after=None
[2025-08-14T10:29:29.120+0000] {processor.py:179} INFO - Processing /home/vscode/.local/lib/python3.10/site-packages/airflow/example_dags/example_sensors.py took 0.055 seconds
[2025-08-14T10:30:13.874+0000] {processor.py:157} INFO - Started process (PID=25523) to work on /home/vscode/.local/lib/python3.10/site-packages/airflow/example_dags/example_sensors.py
[2025-08-14T10:30:13.875+0000] {processor.py:826} INFO - Processing file /home/vscode/.local/lib/python3.10/site-packages/airflow/example_dags/example_sensors.py for tasks to queue
[2025-08-14T10:30:13.876+0000] {logging_mixin.py:150} INFO - [2025-08-14T10:30:13.875+0000] {dagbag.py:541} INFO - Filling up the DagBag from /home/vscode/.local/lib/python3.10/site-packages/airflow/example_dags/example_sensors.py
[2025-08-14T10:30:13.883+0000] {processor.py:836} INFO - DAG(s) dict_keys(['example_sensors']) retrieved from /home/vscode/.local/lib/python3.10/site-packages/airflow/example_dags/example_sensors.py
[2025-08-14T10:30:13.898+0000] {logging_mixin.py:150} INFO - [2025-08-14T10:30:13.897+0000] {dag.py:2742} INFO - Sync 1 DAGs
[2025-08-14T10:30:13.912+0000] {logging_mixin.py:150} INFO - [2025-08-14T10:30:13.912+0000] {dag.py:3504} INFO - Setting next_dagrun for example_sensors to None, run_after=None
[2025-08-14T10:30:13.928+0000] {processor.py:179} INFO - Processing /home/vscode/.local/lib/python3.10/site-packages/airflow/example_dags/example_sensors.py took 0.056 seconds
[2025-08-14T10:31:01.770+0000] {processor.py:157} INFO - Started process (PID=25846) to work on /home/vscode/.local/lib/python3.10/site-packages/airflow/example_dags/example_sensors.py
[2025-08-14T10:31:01.770+0000] {processor.py:826} INFO - Processing file /home/vscode/.local/lib/python3.10/site-packages/airflow/example_dags/example_sensors.py for tasks to queue
[2025-08-14T10:31:01.771+0000] {logging_mixin.py:150} INFO - [2025-08-14T10:31:01.771+0000] {dagbag.py:541} INFO - Filling up the DagBag from /home/vscode/.local/lib/python3.10/site-packages/airflow/example_dags/example_sensors.py
[2025-08-14T10:31:01.778+0000] {processor.py:836} INFO - DAG(s) dict_keys(['example_sensors']) retrieved from /home/vscode/.local/lib/python3.10/site-packages/airflow/example_dags/example_sensors.py
[2025-08-14T10:31:01.792+0000] {logging_mixin.py:150} INFO - [2025-08-14T10:31:01.792+0000] {dag.py:2742} INFO - Sync 1 DAGs
[2025-08-14T10:31:01.806+0000] {logging_mixin.py:150} INFO - [2025-08-14T10:31:01.805+0000] {dag.py:3504} INFO - Setting next_dagrun for example_sensors to None, run_after=None
[2025-08-14T10:31:01.824+0000] {processor.py:179} INFO - Processing /home/vscode/.local/lib/python3.10/site-packages/airflow/example_dags/example_sensors.py took 0.056 seconds
[2025-08-14T10:31:45.429+0000] {processor.py:157} INFO - Started process (PID=26140) to work on /home/vscode/.local/lib/python3.10/site-packages/airflow/example_dags/example_sensors.py
[2025-08-14T10:31:45.429+0000] {processor.py:826} INFO - Processing file /home/vscode/.local/lib/python3.10/site-packages/airflow/example_dags/example_sensors.py for tasks to queue
[2025-08-14T10:31:45.430+0000] {logging_mixin.py:150} INFO - [2025-08-14T10:31:45.430+0000] {dagbag.py:541} INFO - Filling up the DagBag from /home/vscode/.local/lib/python3.10/site-packages/airflow/example_dags/example_sensors.py
[2025-08-14T10:31:45.437+0000] {processor.py:836} INFO - DAG(s) dict_keys(['example_sensors']) retrieved from /home/vscode/.local/lib/python3.10/site-packages/airflow/example_dags/example_sensors.py
[2025-08-14T10:31:45.450+0000] {logging_mixin.py:150} INFO - [2025-08-14T10:31:45.450+0000] {dag.py:2742} INFO - Sync 1 DAGs
[2025-08-14T10:31:45.464+0000] {logging_mixin.py:150} INFO - [2025-08-14T10:31:45.464+0000] {dag.py:3504} INFO - Setting next_dagrun for example_sensors to None, run_after=None
[2025-08-14T10:31:45.480+0000] {processor.py:179} INFO - Processing /home/vscode/.local/lib/python3.10/site-packages/airflow/example_dags/example_sensors.py took 0.053 seconds
[2025-08-14T10:32:30.347+0000] {processor.py:157} INFO - Started process (PID=26441) to work on /home/vscode/.local/lib/python3.10/site-packages/airflow/example_dags/example_sensors.py
[2025-08-14T10:32:30.347+0000] {processor.py:826} INFO - Processing file /home/vscode/.local/lib/python3.10/site-packages/airflow/example_dags/example_sensors.py for tasks to queue
[2025-08-14T10:32:30.348+0000] {logging_mixin.py:150} INFO - [2025-08-14T10:32:30.348+0000] {dagbag.py:541} INFO - Filling up the DagBag from /home/vscode/.local/lib/python3.10/site-packages/airflow/example_dags/example_sensors.py
[2025-08-14T10:32:30.355+0000] {processor.py:836} INFO - DAG(s) dict_keys(['example_sensors']) retrieved from /home/vscode/.local/lib/python3.10/site-packages/airflow/example_dags/example_sensors.py
[2025-08-14T10:32:30.370+0000] {logging_mixin.py:150} INFO - [2025-08-14T10:32:30.370+0000] {dag.py:2742} INFO - Sync 1 DAGs
[2025-08-14T10:32:30.384+0000] {logging_mixin.py:150} INFO - [2025-08-14T10:32:30.384+0000] {dag.py:3504} INFO - Setting next_dagrun for example_sensors to None, run_after=None
[2025-08-14T10:32:30.399+0000] {processor.py:179} INFO - Processing /home/vscode/.local/lib/python3.10/site-packages/airflow/example_dags/example_sensors.py took 0.055 seconds
[2025-08-14T10:33:12.198+0000] {processor.py:157} INFO - Started process (PID=26784) to work on /home/vscode/.local/lib/python3.10/site-packages/airflow/example_dags/example_sensors.py
[2025-08-14T10:33:12.198+0000] {processor.py:826} INFO - Processing file /home/vscode/.local/lib/python3.10/site-packages/airflow/example_dags/example_sensors.py for tasks to queue
[2025-08-14T10:33:12.199+0000] {logging_mixin.py:150} INFO - [2025-08-14T10:33:12.199+0000] {dagbag.py:541} INFO - Filling up the DagBag from /home/vscode/.local/lib/python3.10/site-packages/airflow/example_dags/example_sensors.py
[2025-08-14T10:33:12.208+0000] {processor.py:836} INFO - DAG(s) dict_keys(['example_sensors']) retrieved from /home/vscode/.local/lib/python3.10/site-packages/airflow/example_dags/example_sensors.py
[2025-08-14T10:33:12.225+0000] {logging_mixin.py:150} INFO - [2025-08-14T10:33:12.225+0000] {dag.py:2742} INFO - Sync 1 DAGs
[2025-08-14T10:33:12.239+0000] {logging_mixin.py:150} INFO - [2025-08-14T10:33:12.239+0000] {dag.py:3504} INFO - Setting next_dagrun for example_sensors to None, run_after=None
[2025-08-14T10:33:12.255+0000] {processor.py:179} INFO - Processing /home/vscode/.local/lib/python3.10/site-packages/airflow/example_dags/example_sensors.py took 0.060 seconds
[2025-08-14T10:33:56.597+0000] {processor.py:157} INFO - Started process (PID=27133) to work on /home/vscode/.local/lib/python3.10/site-packages/airflow/example_dags/example_sensors.py
[2025-08-14T10:33:56.598+0000] {processor.py:826} INFO - Processing file /home/vscode/.local/lib/python3.10/site-packages/airflow/example_dags/example_sensors.py for tasks to queue
[2025-08-14T10:33:56.599+0000] {logging_mixin.py:150} INFO - [2025-08-14T10:33:56.598+0000] {dagbag.py:541} INFO - Filling up the DagBag from /home/vscode/.local/lib/python3.10/site-packages/airflow/example_dags/example_sensors.py
[2025-08-14T10:33:56.606+0000] {processor.py:836} INFO - DAG(s) dict_keys(['example_sensors']) retrieved from /home/vscode/.local/lib/python3.10/site-packages/airflow/example_dags/example_sensors.py
[2025-08-14T10:33:56.621+0000] {logging_mixin.py:150} INFO - [2025-08-14T10:33:56.621+0000] {dag.py:2742} INFO - Sync 1 DAGs
[2025-08-14T10:33:56.636+0000] {logging_mixin.py:150} INFO - [2025-08-14T10:33:56.636+0000] {dag.py:3504} INFO - Setting next_dagrun for example_sensors to None, run_after=None
[2025-08-14T10:33:56.652+0000] {processor.py:179} INFO - Processing /home/vscode/.local/lib/python3.10/site-packages/airflow/example_dags/example_sensors.py took 0.057 seconds
[2025-08-14T10:34:44.543+0000] {processor.py:157} INFO - Started process (PID=27456) to work on /home/vscode/.local/lib/python3.10/site-packages/airflow/example_dags/example_sensors.py
[2025-08-14T10:34:44.543+0000] {processor.py:826} INFO - Processing file /home/vscode/.local/lib/python3.10/site-packages/airflow/example_dags/example_sensors.py for tasks to queue
[2025-08-14T10:34:44.544+0000] {logging_mixin.py:150} INFO - [2025-08-14T10:34:44.544+0000] {dagbag.py:541} INFO - Filling up the DagBag from /home/vscode/.local/lib/python3.10/site-packages/airflow/example_dags/example_sensors.py
[2025-08-14T10:34:44.551+0000] {processor.py:836} INFO - DAG(s) dict_keys(['example_sensors']) retrieved from /home/vscode/.local/lib/python3.10/site-packages/airflow/example_dags/example_sensors.py
[2025-08-14T10:34:44.565+0000] {logging_mixin.py:150} INFO - [2025-08-14T10:34:44.565+0000] {dag.py:2742} INFO - Sync 1 DAGs
[2025-08-14T10:34:44.579+0000] {logging_mixin.py:150} INFO - [2025-08-14T10:34:44.579+0000] {dag.py:3504} INFO - Setting next_dagrun for example_sensors to None, run_after=None
[2025-08-14T10:34:44.594+0000] {processor.py:179} INFO - Processing /home/vscode/.local/lib/python3.10/site-packages/airflow/example_dags/example_sensors.py took 0.054 seconds
[2025-08-14T10:35:30.116+0000] {processor.py:157} INFO - Started process (PID=27758) to work on /home/vscode/.local/lib/python3.10/site-packages/airflow/example_dags/example_sensors.py
[2025-08-14T10:35:30.117+0000] {processor.py:826} INFO - Processing file /home/vscode/.local/lib/python3.10/site-packages/airflow/example_dags/example_sensors.py for tasks to queue
[2025-08-14T10:35:30.118+0000] {logging_mixin.py:150} INFO - [2025-08-14T10:35:30.117+0000] {dagbag.py:541} INFO - Filling up the DagBag from /home/vscode/.local/lib/python3.10/site-packages/airflow/example_dags/example_sensors.py
[2025-08-14T10:35:30.124+0000] {processor.py:836} INFO - DAG(s) dict_keys(['example_sensors']) retrieved from /home/vscode/.local/lib/python3.10/site-packages/airflow/example_dags/example_sensors.py
[2025-08-14T10:35:30.139+0000] {logging_mixin.py:150} INFO - [2025-08-14T10:35:30.138+0000] {dag.py:2742} INFO - Sync 1 DAGs
[2025-08-14T10:35:30.152+0000] {logging_mixin.py:150} INFO - [2025-08-14T10:35:30.152+0000] {dag.py:3504} INFO - Setting next_dagrun for example_sensors to None, run_after=None
[2025-08-14T10:35:30.167+0000] {processor.py:179} INFO - Processing /home/vscode/.local/lib/python3.10/site-packages/airflow/example_dags/example_sensors.py took 0.053 seconds
[2025-08-14T10:36:14.257+0000] {processor.py:157} INFO - Started process (PID=28058) to work on /home/vscode/.local/lib/python3.10/site-packages/airflow/example_dags/example_sensors.py
[2025-08-14T10:36:14.257+0000] {processor.py:826} INFO - Processing file /home/vscode/.local/lib/python3.10/site-packages/airflow/example_dags/example_sensors.py for tasks to queue
[2025-08-14T10:36:14.258+0000] {logging_mixin.py:150} INFO - [2025-08-14T10:36:14.258+0000] {dagbag.py:541} INFO - Filling up the DagBag from /home/vscode/.local/lib/python3.10/site-packages/airflow/example_dags/example_sensors.py
[2025-08-14T10:36:14.265+0000] {processor.py:836} INFO - DAG(s) dict_keys(['example_sensors']) retrieved from /home/vscode/.local/lib/python3.10/site-packages/airflow/example_dags/example_sensors.py
[2025-08-14T10:36:14.280+0000] {logging_mixin.py:150} INFO - [2025-08-14T10:36:14.279+0000] {dag.py:2742} INFO - Sync 1 DAGs
[2025-08-14T10:36:14.294+0000] {logging_mixin.py:150} INFO - [2025-08-14T10:36:14.294+0000] {dag.py:3504} INFO - Setting next_dagrun for example_sensors to None, run_after=None
[2025-08-14T10:36:14.309+0000] {processor.py:179} INFO - Processing /home/vscode/.local/lib/python3.10/site-packages/airflow/example_dags/example_sensors.py took 0.054 seconds
[2025-08-14T10:37:04.783+0000] {processor.py:157} INFO - Started process (PID=28388) to work on /home/vscode/.local/lib/python3.10/site-packages/airflow/example_dags/example_sensors.py
[2025-08-14T10:37:04.784+0000] {processor.py:826} INFO - Processing file /home/vscode/.local/lib/python3.10/site-packages/airflow/example_dags/example_sensors.py for tasks to queue
[2025-08-14T10:37:04.784+0000] {logging_mixin.py:150} INFO - [2025-08-14T10:37:04.784+0000] {dagbag.py:541} INFO - Filling up the DagBag from /home/vscode/.local/lib/python3.10/site-packages/airflow/example_dags/example_sensors.py
[2025-08-14T10:37:04.792+0000] {processor.py:836} INFO - DAG(s) dict_keys(['example_sensors']) retrieved from /home/vscode/.local/lib/python3.10/site-packages/airflow/example_dags/example_sensors.py
[2025-08-14T10:37:04.806+0000] {logging_mixin.py:150} INFO - [2025-08-14T10:37:04.806+0000] {dag.py:2742} INFO - Sync 1 DAGs
[2025-08-14T10:37:04.820+0000] {logging_mixin.py:150} INFO - [2025-08-14T10:37:04.820+0000] {dag.py:3504} INFO - Setting next_dagrun for example_sensors to None, run_after=None
[2025-08-14T10:37:04.836+0000] {processor.py:179} INFO - Processing /home/vscode/.local/lib/python3.10/site-packages/airflow/example_dags/example_sensors.py took 0.055 seconds
[2025-08-14T10:37:49.873+0000] {processor.py:157} INFO - Started process (PID=28685) to work on /home/vscode/.local/lib/python3.10/site-packages/airflow/example_dags/example_sensors.py
[2025-08-14T10:37:49.874+0000] {processor.py:826} INFO - Processing file /home/vscode/.local/lib/python3.10/site-packages/airflow/example_dags/example_sensors.py for tasks to queue
[2025-08-14T10:37:49.874+0000] {logging_mixin.py:150} INFO - [2025-08-14T10:37:49.874+0000] {dagbag.py:541} INFO - Filling up the DagBag from /home/vscode/.local/lib/python3.10/site-packages/airflow/example_dags/example_sensors.py
[2025-08-14T10:37:49.882+0000] {processor.py:836} INFO - DAG(s) dict_keys(['example_sensors']) retrieved from /home/vscode/.local/lib/python3.10/site-packages/airflow/example_dags/example_sensors.py
[2025-08-14T10:37:49.897+0000] {logging_mixin.py:150} INFO - [2025-08-14T10:37:49.897+0000] {dag.py:2742} INFO - Sync 1 DAGs
[2025-08-14T10:37:49.911+0000] {logging_mixin.py:150} INFO - [2025-08-14T10:37:49.911+0000] {dag.py:3504} INFO - Setting next_dagrun for example_sensors to None, run_after=None
[2025-08-14T10:37:49.929+0000] {processor.py:179} INFO - Processing /home/vscode/.local/lib/python3.10/site-packages/airflow/example_dags/example_sensors.py took 0.059 seconds
[2025-08-14T10:38:34.989+0000] {processor.py:157} INFO - Started process (PID=28994) to work on /home/vscode/.local/lib/python3.10/site-packages/airflow/example_dags/example_sensors.py
[2025-08-14T10:38:34.990+0000] {processor.py:826} INFO - Processing file /home/vscode/.local/lib/python3.10/site-packages/airflow/example_dags/example_sensors.py for tasks to queue
[2025-08-14T10:38:34.990+0000] {logging_mixin.py:150} INFO - [2025-08-14T10:38:34.990+0000] {dagbag.py:541} INFO - Filling up the DagBag from /home/vscode/.local/lib/python3.10/site-packages/airflow/example_dags/example_sensors.py
[2025-08-14T10:38:34.998+0000] {processor.py:836} INFO - DAG(s) dict_keys(['example_sensors']) retrieved from /home/vscode/.local/lib/python3.10/site-packages/airflow/example_dags/example_sensors.py
[2025-08-14T10:38:35.012+0000] {logging_mixin.py:150} INFO - [2025-08-14T10:38:35.012+0000] {dag.py:2742} INFO - Sync 1 DAGs
[2025-08-14T10:38:35.026+0000] {logging_mixin.py:150} INFO - [2025-08-14T10:38:35.026+0000] {dag.py:3504} INFO - Setting next_dagrun for example_sensors to None, run_after=None
[2025-08-14T10:38:35.042+0000] {processor.py:179} INFO - Processing /home/vscode/.local/lib/python3.10/site-packages/airflow/example_dags/example_sensors.py took 0.055 seconds
[2025-08-14T10:39:25.361+0000] {processor.py:157} INFO - Started process (PID=29329) to work on /home/vscode/.local/lib/python3.10/site-packages/airflow/example_dags/example_sensors.py
[2025-08-14T10:39:25.361+0000] {processor.py:826} INFO - Processing file /home/vscode/.local/lib/python3.10/site-packages/airflow/example_dags/example_sensors.py for tasks to queue
[2025-08-14T10:39:25.362+0000] {logging_mixin.py:150} INFO - [2025-08-14T10:39:25.362+0000] {dagbag.py:541} INFO - Filling up the DagBag from /home/vscode/.local/lib/python3.10/site-packages/airflow/example_dags/example_sensors.py
[2025-08-14T10:39:25.369+0000] {processor.py:836} INFO - DAG(s) dict_keys(['example_sensors']) retrieved from /home/vscode/.local/lib/python3.10/site-packages/airflow/example_dags/example_sensors.py
[2025-08-14T10:39:25.383+0000] {logging_mixin.py:150} INFO - [2025-08-14T10:39:25.383+0000] {dag.py:2742} INFO - Sync 1 DAGs
[2025-08-14T10:39:25.397+0000] {logging_mixin.py:150} INFO - [2025-08-14T10:39:25.397+0000] {dag.py:3504} INFO - Setting next_dagrun for example_sensors to None, run_after=None
[2025-08-14T10:39:25.413+0000] {processor.py:179} INFO - Processing /home/vscode/.local/lib/python3.10/site-packages/airflow/example_dags/example_sensors.py took 0.054 seconds
[2025-08-14T10:40:12.777+0000] {processor.py:157} INFO - Started process (PID=29646) to work on /home/vscode/.local/lib/python3.10/site-packages/airflow/example_dags/example_sensors.py
[2025-08-14T10:40:12.777+0000] {processor.py:826} INFO - Processing file /home/vscode/.local/lib/python3.10/site-packages/airflow/example_dags/example_sensors.py for tasks to queue
[2025-08-14T10:40:12.778+0000] {logging_mixin.py:150} INFO - [2025-08-14T10:40:12.778+0000] {dagbag.py:541} INFO - Filling up the DagBag from /home/vscode/.local/lib/python3.10/site-packages/airflow/example_dags/example_sensors.py
[2025-08-14T10:40:12.785+0000] {processor.py:836} INFO - DAG(s) dict_keys(['example_sensors']) retrieved from /home/vscode/.local/lib/python3.10/site-packages/airflow/example_dags/example_sensors.py
[2025-08-14T10:40:12.799+0000] {logging_mixin.py:150} INFO - [2025-08-14T10:40:12.799+0000] {dag.py:2742} INFO - Sync 1 DAGs
[2025-08-14T10:40:12.813+0000] {logging_mixin.py:150} INFO - [2025-08-14T10:40:12.813+0000] {dag.py:3504} INFO - Setting next_dagrun for example_sensors to None, run_after=None
[2025-08-14T10:40:12.829+0000] {processor.py:179} INFO - Processing /home/vscode/.local/lib/python3.10/site-packages/airflow/example_dags/example_sensors.py took 0.054 seconds
[2025-08-14T10:40:59.513+0000] {processor.py:157} INFO - Started process (PID=29952) to work on /home/vscode/.local/lib/python3.10/site-packages/airflow/example_dags/example_sensors.py
[2025-08-14T10:40:59.514+0000] {processor.py:826} INFO - Processing file /home/vscode/.local/lib/python3.10/site-packages/airflow/example_dags/example_sensors.py for tasks to queue
[2025-08-14T10:40:59.515+0000] {logging_mixin.py:150} INFO - [2025-08-14T10:40:59.514+0000] {dagbag.py:541} INFO - Filling up the DagBag from /home/vscode/.local/lib/python3.10/site-packages/airflow/example_dags/example_sensors.py
[2025-08-14T10:40:59.521+0000] {processor.py:836} INFO - DAG(s) dict_keys(['example_sensors']) retrieved from /home/vscode/.local/lib/python3.10/site-packages/airflow/example_dags/example_sensors.py
[2025-08-14T10:40:59.535+0000] {logging_mixin.py:150} INFO - [2025-08-14T10:40:59.535+0000] {dag.py:2742} INFO - Sync 1 DAGs
[2025-08-14T10:40:59.549+0000] {logging_mixin.py:150} INFO - [2025-08-14T10:40:59.549+0000] {dag.py:3504} INFO - Setting next_dagrun for example_sensors to None, run_after=None
[2025-08-14T10:40:59.563+0000] {processor.py:179} INFO - Processing /home/vscode/.local/lib/python3.10/site-packages/airflow/example_dags/example_sensors.py took 0.052 seconds
[2025-08-14T10:41:48.357+0000] {processor.py:157} INFO - Started process (PID=30278) to work on /home/vscode/.local/lib/python3.10/site-packages/airflow/example_dags/example_sensors.py
[2025-08-14T10:41:48.358+0000] {processor.py:826} INFO - Processing file /home/vscode/.local/lib/python3.10/site-packages/airflow/example_dags/example_sensors.py for tasks to queue
[2025-08-14T10:41:48.358+0000] {logging_mixin.py:150} INFO - [2025-08-14T10:41:48.358+0000] {dagbag.py:541} INFO - Filling up the DagBag from /home/vscode/.local/lib/python3.10/site-packages/airflow/example_dags/example_sensors.py
[2025-08-14T10:41:48.365+0000] {processor.py:836} INFO - DAG(s) dict_keys(['example_sensors']) retrieved from /home/vscode/.local/lib/python3.10/site-packages/airflow/example_dags/example_sensors.py
[2025-08-14T10:41:48.379+0000] {logging_mixin.py:150} INFO - [2025-08-14T10:41:48.379+0000] {dag.py:2742} INFO - Sync 1 DAGs
[2025-08-14T10:41:48.393+0000] {logging_mixin.py:150} INFO - [2025-08-14T10:41:48.393+0000] {dag.py:3504} INFO - Setting next_dagrun for example_sensors to None, run_after=None
[2025-08-14T10:41:48.407+0000] {processor.py:179} INFO - Processing /home/vscode/.local/lib/python3.10/site-packages/airflow/example_dags/example_sensors.py took 0.052 seconds
[2025-08-14T10:42:37.582+0000] {processor.py:157} INFO - Started process (PID=30604) to work on /home/vscode/.local/lib/python3.10/site-packages/airflow/example_dags/example_sensors.py
[2025-08-14T10:42:37.583+0000] {processor.py:826} INFO - Processing file /home/vscode/.local/lib/python3.10/site-packages/airflow/example_dags/example_sensors.py for tasks to queue
[2025-08-14T10:42:37.583+0000] {logging_mixin.py:150} INFO - [2025-08-14T10:42:37.583+0000] {dagbag.py:541} INFO - Filling up the DagBag from /home/vscode/.local/lib/python3.10/site-packages/airflow/example_dags/example_sensors.py
[2025-08-14T10:42:37.590+0000] {processor.py:836} INFO - DAG(s) dict_keys(['example_sensors']) retrieved from /home/vscode/.local/lib/python3.10/site-packages/airflow/example_dags/example_sensors.py
[2025-08-14T10:42:37.604+0000] {logging_mixin.py:150} INFO - [2025-08-14T10:42:37.604+0000] {dag.py:2742} INFO - Sync 1 DAGs
[2025-08-14T10:42:37.618+0000] {logging_mixin.py:150} INFO - [2025-08-14T10:42:37.618+0000] {dag.py:3504} INFO - Setting next_dagrun for example_sensors to None, run_after=None
[2025-08-14T10:42:37.633+0000] {processor.py:179} INFO - Processing /home/vscode/.local/lib/python3.10/site-packages/airflow/example_dags/example_sensors.py took 0.053 seconds
[2025-08-14T10:43:22.707+0000] {processor.py:157} INFO - Started process (PID=30906) to work on /home/vscode/.local/lib/python3.10/site-packages/airflow/example_dags/example_sensors.py
[2025-08-14T10:43:22.708+0000] {processor.py:826} INFO - Processing file /home/vscode/.local/lib/python3.10/site-packages/airflow/example_dags/example_sensors.py for tasks to queue
[2025-08-14T10:43:22.708+0000] {logging_mixin.py:150} INFO - [2025-08-14T10:43:22.708+0000] {dagbag.py:541} INFO - Filling up the DagBag from /home/vscode/.local/lib/python3.10/site-packages/airflow/example_dags/example_sensors.py
[2025-08-14T10:43:22.715+0000] {processor.py:836} INFO - DAG(s) dict_keys(['example_sensors']) retrieved from /home/vscode/.local/lib/python3.10/site-packages/airflow/example_dags/example_sensors.py
[2025-08-14T10:43:22.729+0000] {logging_mixin.py:150} INFO - [2025-08-14T10:43:22.729+0000] {dag.py:2742} INFO - Sync 1 DAGs
[2025-08-14T10:43:22.743+0000] {logging_mixin.py:150} INFO - [2025-08-14T10:43:22.743+0000] {dag.py:3504} INFO - Setting next_dagrun for example_sensors to None, run_after=None
[2025-08-14T10:43:22.758+0000] {processor.py:179} INFO - Processing /home/vscode/.local/lib/python3.10/site-packages/airflow/example_dags/example_sensors.py took 0.053 seconds
[2025-08-14T10:44:10.217+0000] {processor.py:157} INFO - Started process (PID=31225) to work on /home/vscode/.local/lib/python3.10/site-packages/airflow/example_dags/example_sensors.py
[2025-08-14T10:44:10.217+0000] {processor.py:826} INFO - Processing file /home/vscode/.local/lib/python3.10/site-packages/airflow/example_dags/example_sensors.py for tasks to queue
[2025-08-14T10:44:10.218+0000] {logging_mixin.py:150} INFO - [2025-08-14T10:44:10.218+0000] {dagbag.py:541} INFO - Filling up the DagBag from /home/vscode/.local/lib/python3.10/site-packages/airflow/example_dags/example_sensors.py
[2025-08-14T10:44:10.225+0000] {processor.py:836} INFO - DAG(s) dict_keys(['example_sensors']) retrieved from /home/vscode/.local/lib/python3.10/site-packages/airflow/example_dags/example_sensors.py
[2025-08-14T10:44:10.240+0000] {logging_mixin.py:150} INFO - [2025-08-14T10:44:10.240+0000] {dag.py:2742} INFO - Sync 1 DAGs
[2025-08-14T10:44:10.255+0000] {logging_mixin.py:150} INFO - [2025-08-14T10:44:10.255+0000] {dag.py:3504} INFO - Setting next_dagrun for example_sensors to None, run_after=None
[2025-08-14T10:44:10.274+0000] {processor.py:179} INFO - Processing /home/vscode/.local/lib/python3.10/site-packages/airflow/example_dags/example_sensors.py took 0.059 seconds
[2025-08-14T10:44:59.183+0000] {processor.py:157} INFO - Started process (PID=31550) to work on /home/vscode/.local/lib/python3.10/site-packages/airflow/example_dags/example_sensors.py
[2025-08-14T10:44:59.184+0000] {processor.py:826} INFO - Processing file /home/vscode/.local/lib/python3.10/site-packages/airflow/example_dags/example_sensors.py for tasks to queue
[2025-08-14T10:44:59.184+0000] {logging_mixin.py:150} INFO - [2025-08-14T10:44:59.184+0000] {dagbag.py:541} INFO - Filling up the DagBag from /home/vscode/.local/lib/python3.10/site-packages/airflow/example_dags/example_sensors.py
[2025-08-14T10:44:59.191+0000] {processor.py:836} INFO - DAG(s) dict_keys(['example_sensors']) retrieved from /home/vscode/.local/lib/python3.10/site-packages/airflow/example_dags/example_sensors.py
[2025-08-14T10:44:59.206+0000] {logging_mixin.py:150} INFO - [2025-08-14T10:44:59.206+0000] {dag.py:2742} INFO - Sync 1 DAGs
[2025-08-14T10:44:59.219+0000] {logging_mixin.py:150} INFO - [2025-08-14T10:44:59.219+0000] {dag.py:3504} INFO - Setting next_dagrun for example_sensors to None, run_after=None
[2025-08-14T10:44:59.236+0000] {processor.py:179} INFO - Processing /home/vscode/.local/lib/python3.10/site-packages/airflow/example_dags/example_sensors.py took 0.055 seconds
[2025-08-14T10:45:44.492+0000] {processor.py:157} INFO - Started process (PID=31854) to work on /home/vscode/.local/lib/python3.10/site-packages/airflow/example_dags/example_sensors.py
[2025-08-14T10:45:44.493+0000] {processor.py:826} INFO - Processing file /home/vscode/.local/lib/python3.10/site-packages/airflow/example_dags/example_sensors.py for tasks to queue
[2025-08-14T10:45:44.494+0000] {logging_mixin.py:150} INFO - [2025-08-14T10:45:44.493+0000] {dagbag.py:541} INFO - Filling up the DagBag from /home/vscode/.local/lib/python3.10/site-packages/airflow/example_dags/example_sensors.py
[2025-08-14T10:45:44.501+0000] {processor.py:836} INFO - DAG(s) dict_keys(['example_sensors']) retrieved from /home/vscode/.local/lib/python3.10/site-packages/airflow/example_dags/example_sensors.py
[2025-08-14T10:45:44.515+0000] {logging_mixin.py:150} INFO - [2025-08-14T10:45:44.515+0000] {dag.py:2742} INFO - Sync 1 DAGs
[2025-08-14T10:45:44.529+0000] {logging_mixin.py:150} INFO - [2025-08-14T10:45:44.529+0000] {dag.py:3504} INFO - Setting next_dagrun for example_sensors to None, run_after=None
[2025-08-14T10:45:44.544+0000] {processor.py:179} INFO - Processing /home/vscode/.local/lib/python3.10/site-packages/airflow/example_dags/example_sensors.py took 0.053 seconds
[2025-08-14T10:46:28.764+0000] {processor.py:157} INFO - Started process (PID=32148) to work on /home/vscode/.local/lib/python3.10/site-packages/airflow/example_dags/example_sensors.py
[2025-08-14T10:46:28.764+0000] {processor.py:826} INFO - Processing file /home/vscode/.local/lib/python3.10/site-packages/airflow/example_dags/example_sensors.py for tasks to queue
[2025-08-14T10:46:28.765+0000] {logging_mixin.py:150} INFO - [2025-08-14T10:46:28.765+0000] {dagbag.py:541} INFO - Filling up the DagBag from /home/vscode/.local/lib/python3.10/site-packages/airflow/example_dags/example_sensors.py
[2025-08-14T10:46:28.772+0000] {processor.py:836} INFO - DAG(s) dict_keys(['example_sensors']) retrieved from /home/vscode/.local/lib/python3.10/site-packages/airflow/example_dags/example_sensors.py
[2025-08-14T10:46:28.786+0000] {logging_mixin.py:150} INFO - [2025-08-14T10:46:28.786+0000] {dag.py:2742} INFO - Sync 1 DAGs
[2025-08-14T10:46:28.799+0000] {logging_mixin.py:150} INFO - [2025-08-14T10:46:28.799+0000] {dag.py:3504} INFO - Setting next_dagrun for example_sensors to None, run_after=None
[2025-08-14T10:46:28.815+0000] {processor.py:179} INFO - Processing /home/vscode/.local/lib/python3.10/site-packages/airflow/example_dags/example_sensors.py took 0.054 seconds
[2025-08-14T10:47:13.887+0000] {processor.py:157} INFO - Started process (PID=32445) to work on /home/vscode/.local/lib/python3.10/site-packages/airflow/example_dags/example_sensors.py
[2025-08-14T10:47:13.887+0000] {processor.py:826} INFO - Processing file /home/vscode/.local/lib/python3.10/site-packages/airflow/example_dags/example_sensors.py for tasks to queue
[2025-08-14T10:47:13.888+0000] {logging_mixin.py:150} INFO - [2025-08-14T10:47:13.888+0000] {dagbag.py:541} INFO - Filling up the DagBag from /home/vscode/.local/lib/python3.10/site-packages/airflow/example_dags/example_sensors.py
[2025-08-14T10:47:13.895+0000] {processor.py:836} INFO - DAG(s) dict_keys(['example_sensors']) retrieved from /home/vscode/.local/lib/python3.10/site-packages/airflow/example_dags/example_sensors.py
[2025-08-14T10:47:13.909+0000] {logging_mixin.py:150} INFO - [2025-08-14T10:47:13.909+0000] {dag.py:2742} INFO - Sync 1 DAGs
[2025-08-14T10:47:13.923+0000] {logging_mixin.py:150} INFO - [2025-08-14T10:47:13.923+0000] {dag.py:3504} INFO - Setting next_dagrun for example_sensors to None, run_after=None
[2025-08-14T10:47:13.938+0000] {processor.py:179} INFO - Processing /home/vscode/.local/lib/python3.10/site-packages/airflow/example_dags/example_sensors.py took 0.053 seconds
[2025-08-14T10:47:55.869+0000] {processor.py:157} INFO - Started process (PID=32731) to work on /home/vscode/.local/lib/python3.10/site-packages/airflow/example_dags/example_sensors.py
[2025-08-14T10:47:55.870+0000] {processor.py:826} INFO - Processing file /home/vscode/.local/lib/python3.10/site-packages/airflow/example_dags/example_sensors.py for tasks to queue
[2025-08-14T10:47:55.871+0000] {logging_mixin.py:150} INFO - [2025-08-14T10:47:55.870+0000] {dagbag.py:541} INFO - Filling up the DagBag from /home/vscode/.local/lib/python3.10/site-packages/airflow/example_dags/example_sensors.py
[2025-08-14T10:47:55.878+0000] {processor.py:836} INFO - DAG(s) dict_keys(['example_sensors']) retrieved from /home/vscode/.local/lib/python3.10/site-packages/airflow/example_dags/example_sensors.py
[2025-08-14T10:47:55.892+0000] {logging_mixin.py:150} INFO - [2025-08-14T10:47:55.892+0000] {dag.py:2742} INFO - Sync 1 DAGs
[2025-08-14T10:47:55.905+0000] {logging_mixin.py:150} INFO - [2025-08-14T10:47:55.905+0000] {dag.py:3504} INFO - Setting next_dagrun for example_sensors to None, run_after=None
[2025-08-14T10:47:55.921+0000] {processor.py:179} INFO - Processing /home/vscode/.local/lib/python3.10/site-packages/airflow/example_dags/example_sensors.py took 0.054 seconds
[2025-08-14T10:48:41.015+0000] {processor.py:157} INFO - Started process (PID=33031) to work on /home/vscode/.local/lib/python3.10/site-packages/airflow/example_dags/example_sensors.py
[2025-08-14T10:48:41.016+0000] {processor.py:826} INFO - Processing file /home/vscode/.local/lib/python3.10/site-packages/airflow/example_dags/example_sensors.py for tasks to queue
[2025-08-14T10:48:41.017+0000] {logging_mixin.py:150} INFO - [2025-08-14T10:48:41.016+0000] {dagbag.py:541} INFO - Filling up the DagBag from /home/vscode/.local/lib/python3.10/site-packages/airflow/example_dags/example_sensors.py
[2025-08-14T10:48:41.024+0000] {processor.py:836} INFO - DAG(s) dict_keys(['example_sensors']) retrieved from /home/vscode/.local/lib/python3.10/site-packages/airflow/example_dags/example_sensors.py
[2025-08-14T10:48:41.039+0000] {logging_mixin.py:150} INFO - [2025-08-14T10:48:41.039+0000] {dag.py:2742} INFO - Sync 1 DAGs
[2025-08-14T10:48:41.053+0000] {logging_mixin.py:150} INFO - [2025-08-14T10:48:41.053+0000] {dag.py:3504} INFO - Setting next_dagrun for example_sensors to None, run_after=None
[2025-08-14T10:48:41.069+0000] {processor.py:179} INFO - Processing /home/vscode/.local/lib/python3.10/site-packages/airflow/example_dags/example_sensors.py took 0.056 seconds
[2025-08-14T10:49:26.220+0000] {processor.py:157} INFO - Started process (PID=33334) to work on /home/vscode/.local/lib/python3.10/site-packages/airflow/example_dags/example_sensors.py
[2025-08-14T10:49:26.221+0000] {processor.py:826} INFO - Processing file /home/vscode/.local/lib/python3.10/site-packages/airflow/example_dags/example_sensors.py for tasks to queue
[2025-08-14T10:49:26.221+0000] {logging_mixin.py:150} INFO - [2025-08-14T10:49:26.221+0000] {dagbag.py:541} INFO - Filling up the DagBag from /home/vscode/.local/lib/python3.10/site-packages/airflow/example_dags/example_sensors.py
[2025-08-14T10:49:26.228+0000] {processor.py:836} INFO - DAG(s) dict_keys(['example_sensors']) retrieved from /home/vscode/.local/lib/python3.10/site-packages/airflow/example_dags/example_sensors.py
[2025-08-14T10:49:26.243+0000] {logging_mixin.py:150} INFO - [2025-08-14T10:49:26.243+0000] {dag.py:2742} INFO - Sync 1 DAGs
[2025-08-14T10:49:26.256+0000] {logging_mixin.py:150} INFO - [2025-08-14T10:49:26.256+0000] {dag.py:3504} INFO - Setting next_dagrun for example_sensors to None, run_after=None
[2025-08-14T10:49:26.272+0000] {processor.py:179} INFO - Processing /home/vscode/.local/lib/python3.10/site-packages/airflow/example_dags/example_sensors.py took 0.055 seconds
[2025-08-14T10:50:15.154+0000] {processor.py:157} INFO - Started process (PID=33655) to work on /home/vscode/.local/lib/python3.10/site-packages/airflow/example_dags/example_sensors.py
[2025-08-14T10:50:15.155+0000] {processor.py:826} INFO - Processing file /home/vscode/.local/lib/python3.10/site-packages/airflow/example_dags/example_sensors.py for tasks to queue
[2025-08-14T10:50:15.155+0000] {logging_mixin.py:150} INFO - [2025-08-14T10:50:15.155+0000] {dagbag.py:541} INFO - Filling up the DagBag from /home/vscode/.local/lib/python3.10/site-packages/airflow/example_dags/example_sensors.py
[2025-08-14T10:50:15.162+0000] {processor.py:836} INFO - DAG(s) dict_keys(['example_sensors']) retrieved from /home/vscode/.local/lib/python3.10/site-packages/airflow/example_dags/example_sensors.py
[2025-08-14T10:50:15.176+0000] {logging_mixin.py:150} INFO - [2025-08-14T10:50:15.176+0000] {dag.py:2742} INFO - Sync 1 DAGs
[2025-08-14T10:50:15.190+0000] {logging_mixin.py:150} INFO - [2025-08-14T10:50:15.189+0000] {dag.py:3504} INFO - Setting next_dagrun for example_sensors to None, run_after=None
[2025-08-14T10:50:15.204+0000] {processor.py:179} INFO - Processing /home/vscode/.local/lib/python3.10/site-packages/airflow/example_dags/example_sensors.py took 0.052 seconds
[2025-08-14T10:51:00.810+0000] {processor.py:157} INFO - Started process (PID=33959) to work on /home/vscode/.local/lib/python3.10/site-packages/airflow/example_dags/example_sensors.py
[2025-08-14T10:51:00.811+0000] {processor.py:826} INFO - Processing file /home/vscode/.local/lib/python3.10/site-packages/airflow/example_dags/example_sensors.py for tasks to queue
[2025-08-14T10:51:00.811+0000] {logging_mixin.py:150} INFO - [2025-08-14T10:51:00.811+0000] {dagbag.py:541} INFO - Filling up the DagBag from /home/vscode/.local/lib/python3.10/site-packages/airflow/example_dags/example_sensors.py
[2025-08-14T10:51:00.822+0000] {processor.py:836} INFO - DAG(s) dict_keys(['example_sensors']) retrieved from /home/vscode/.local/lib/python3.10/site-packages/airflow/example_dags/example_sensors.py
[2025-08-14T10:51:00.844+0000] {logging_mixin.py:150} INFO - [2025-08-14T10:51:00.844+0000] {dag.py:2742} INFO - Sync 1 DAGs
[2025-08-14T10:51:00.864+0000] {logging_mixin.py:150} INFO - [2025-08-14T10:51:00.864+0000] {dag.py:3504} INFO - Setting next_dagrun for example_sensors to None, run_after=None
[2025-08-14T10:51:00.879+0000] {processor.py:179} INFO - Processing /home/vscode/.local/lib/python3.10/site-packages/airflow/example_dags/example_sensors.py took 0.072 seconds
[2025-08-14T10:51:52.591+0000] {processor.py:157} INFO - Started process (PID=34308) to work on /home/vscode/.local/lib/python3.10/site-packages/airflow/example_dags/example_sensors.py
[2025-08-14T10:51:52.592+0000] {processor.py:826} INFO - Processing file /home/vscode/.local/lib/python3.10/site-packages/airflow/example_dags/example_sensors.py for tasks to queue
[2025-08-14T10:51:52.592+0000] {logging_mixin.py:150} INFO - [2025-08-14T10:51:52.592+0000] {dagbag.py:541} INFO - Filling up the DagBag from /home/vscode/.local/lib/python3.10/site-packages/airflow/example_dags/example_sensors.py
[2025-08-14T10:51:52.599+0000] {processor.py:836} INFO - DAG(s) dict_keys(['example_sensors']) retrieved from /home/vscode/.local/lib/python3.10/site-packages/airflow/example_dags/example_sensors.py
[2025-08-14T10:51:52.613+0000] {logging_mixin.py:150} INFO - [2025-08-14T10:51:52.613+0000] {dag.py:2742} INFO - Sync 1 DAGs
[2025-08-14T10:51:52.626+0000] {logging_mixin.py:150} INFO - [2025-08-14T10:51:52.626+0000] {dag.py:3504} INFO - Setting next_dagrun for example_sensors to None, run_after=None
[2025-08-14T10:51:52.641+0000] {processor.py:179} INFO - Processing /home/vscode/.local/lib/python3.10/site-packages/airflow/example_dags/example_sensors.py took 0.051 seconds
[2025-08-14T10:52:38.129+0000] {processor.py:157} INFO - Started process (PID=34610) to work on /home/vscode/.local/lib/python3.10/site-packages/airflow/example_dags/example_sensors.py
[2025-08-14T10:52:38.129+0000] {processor.py:826} INFO - Processing file /home/vscode/.local/lib/python3.10/site-packages/airflow/example_dags/example_sensors.py for tasks to queue
[2025-08-14T10:52:38.130+0000] {logging_mixin.py:150} INFO - [2025-08-14T10:52:38.129+0000] {dagbag.py:541} INFO - Filling up the DagBag from /home/vscode/.local/lib/python3.10/site-packages/airflow/example_dags/example_sensors.py
[2025-08-14T10:52:38.136+0000] {processor.py:836} INFO - DAG(s) dict_keys(['example_sensors']) retrieved from /home/vscode/.local/lib/python3.10/site-packages/airflow/example_dags/example_sensors.py
[2025-08-14T10:52:38.150+0000] {logging_mixin.py:150} INFO - [2025-08-14T10:52:38.150+0000] {dag.py:2742} INFO - Sync 1 DAGs
[2025-08-14T10:52:38.164+0000] {logging_mixin.py:150} INFO - [2025-08-14T10:52:38.164+0000] {dag.py:3504} INFO - Setting next_dagrun for example_sensors to None, run_after=None
[2025-08-14T10:52:38.179+0000] {processor.py:179} INFO - Processing /home/vscode/.local/lib/python3.10/site-packages/airflow/example_dags/example_sensors.py took 0.052 seconds
[2025-08-14T10:53:27.064+0000] {processor.py:157} INFO - Started process (PID=35377) to work on /home/vscode/.local/lib/python3.10/site-packages/airflow/example_dags/example_sensors.py
[2025-08-14T10:53:27.069+0000] {processor.py:826} INFO - Processing file /home/vscode/.local/lib/python3.10/site-packages/airflow/example_dags/example_sensors.py for tasks to queue
[2025-08-14T10:53:27.070+0000] {logging_mixin.py:150} INFO - [2025-08-14T10:53:27.070+0000] {dagbag.py:541} INFO - Filling up the DagBag from /home/vscode/.local/lib/python3.10/site-packages/airflow/example_dags/example_sensors.py
[2025-08-14T10:53:27.099+0000] {processor.py:836} INFO - DAG(s) dict_keys(['example_sensors']) retrieved from /home/vscode/.local/lib/python3.10/site-packages/airflow/example_dags/example_sensors.py
[2025-08-14T10:53:27.122+0000] {logging_mixin.py:150} INFO - [2025-08-14T10:53:27.121+0000] {dag.py:2742} INFO - Sync 1 DAGs
[2025-08-14T10:53:27.142+0000] {logging_mixin.py:150} INFO - [2025-08-14T10:53:27.142+0000] {dag.py:3504} INFO - Setting next_dagrun for example_sensors to None, run_after=None
[2025-08-14T10:53:27.164+0000] {processor.py:179} INFO - Processing /home/vscode/.local/lib/python3.10/site-packages/airflow/example_dags/example_sensors.py took 0.104 seconds
[2025-08-14T10:54:14.200+0000] {processor.py:157} INFO - Started process (PID=36671) to work on /home/vscode/.local/lib/python3.10/site-packages/airflow/example_dags/example_sensors.py
[2025-08-14T10:54:14.200+0000] {processor.py:826} INFO - Processing file /home/vscode/.local/lib/python3.10/site-packages/airflow/example_dags/example_sensors.py for tasks to queue
[2025-08-14T10:54:14.201+0000] {logging_mixin.py:150} INFO - [2025-08-14T10:54:14.201+0000] {dagbag.py:541} INFO - Filling up the DagBag from /home/vscode/.local/lib/python3.10/site-packages/airflow/example_dags/example_sensors.py
[2025-08-14T10:54:14.209+0000] {processor.py:836} INFO - DAG(s) dict_keys(['example_sensors']) retrieved from /home/vscode/.local/lib/python3.10/site-packages/airflow/example_dags/example_sensors.py
[2025-08-14T10:54:14.225+0000] {logging_mixin.py:150} INFO - [2025-08-14T10:54:14.225+0000] {dag.py:2742} INFO - Sync 1 DAGs
[2025-08-14T10:54:14.239+0000] {logging_mixin.py:150} INFO - [2025-08-14T10:54:14.239+0000] {dag.py:3504} INFO - Setting next_dagrun for example_sensors to None, run_after=None
[2025-08-14T10:54:14.256+0000] {processor.py:179} INFO - Processing /home/vscode/.local/lib/python3.10/site-packages/airflow/example_dags/example_sensors.py took 0.059 seconds
[2025-08-14T10:54:58.244+0000] {processor.py:157} INFO - Started process (PID=37242) to work on /home/vscode/.local/lib/python3.10/site-packages/airflow/example_dags/example_sensors.py
[2025-08-14T10:54:58.244+0000] {processor.py:826} INFO - Processing file /home/vscode/.local/lib/python3.10/site-packages/airflow/example_dags/example_sensors.py for tasks to queue
[2025-08-14T10:54:58.245+0000] {logging_mixin.py:150} INFO - [2025-08-14T10:54:58.245+0000] {dagbag.py:541} INFO - Filling up the DagBag from /home/vscode/.local/lib/python3.10/site-packages/airflow/example_dags/example_sensors.py
[2025-08-14T10:54:58.255+0000] {processor.py:836} INFO - DAG(s) dict_keys(['example_sensors']) retrieved from /home/vscode/.local/lib/python3.10/site-packages/airflow/example_dags/example_sensors.py
[2025-08-14T10:54:58.274+0000] {logging_mixin.py:150} INFO - [2025-08-14T10:54:58.273+0000] {dag.py:2742} INFO - Sync 1 DAGs
[2025-08-14T10:54:58.288+0000] {logging_mixin.py:150} INFO - [2025-08-14T10:54:58.288+0000] {dag.py:3504} INFO - Setting next_dagrun for example_sensors to None, run_after=None
[2025-08-14T10:54:58.305+0000] {processor.py:179} INFO - Processing /home/vscode/.local/lib/python3.10/site-packages/airflow/example_dags/example_sensors.py took 0.063 seconds
[2025-08-14T10:55:42.363+0000] {processor.py:157} INFO - Started process (PID=37810) to work on /home/vscode/.local/lib/python3.10/site-packages/airflow/example_dags/example_sensors.py
[2025-08-14T10:55:42.363+0000] {processor.py:826} INFO - Processing file /home/vscode/.local/lib/python3.10/site-packages/airflow/example_dags/example_sensors.py for tasks to queue
[2025-08-14T10:55:42.364+0000] {logging_mixin.py:150} INFO - [2025-08-14T10:55:42.364+0000] {dagbag.py:541} INFO - Filling up the DagBag from /home/vscode/.local/lib/python3.10/site-packages/airflow/example_dags/example_sensors.py
[2025-08-14T10:55:42.372+0000] {processor.py:836} INFO - DAG(s) dict_keys(['example_sensors']) retrieved from /home/vscode/.local/lib/python3.10/site-packages/airflow/example_dags/example_sensors.py
[2025-08-14T10:55:42.394+0000] {logging_mixin.py:150} INFO - [2025-08-14T10:55:42.394+0000] {dag.py:2742} INFO - Sync 1 DAGs
[2025-08-14T10:55:42.415+0000] {logging_mixin.py:150} INFO - [2025-08-14T10:55:42.415+0000] {dag.py:3504} INFO - Setting next_dagrun for example_sensors to None, run_after=None
[2025-08-14T10:55:42.441+0000] {processor.py:179} INFO - Processing /home/vscode/.local/lib/python3.10/site-packages/airflow/example_dags/example_sensors.py took 0.081 seconds
[2025-08-14T10:56:32.671+0000] {processor.py:157} INFO - Started process (PID=38281) to work on /home/vscode/.local/lib/python3.10/site-packages/airflow/example_dags/example_sensors.py
[2025-08-14T10:56:32.672+0000] {processor.py:826} INFO - Processing file /home/vscode/.local/lib/python3.10/site-packages/airflow/example_dags/example_sensors.py for tasks to queue
[2025-08-14T10:56:32.672+0000] {logging_mixin.py:150} INFO - [2025-08-14T10:56:32.672+0000] {dagbag.py:541} INFO - Filling up the DagBag from /home/vscode/.local/lib/python3.10/site-packages/airflow/example_dags/example_sensors.py
[2025-08-14T10:56:32.679+0000] {processor.py:836} INFO - DAG(s) dict_keys(['example_sensors']) retrieved from /home/vscode/.local/lib/python3.10/site-packages/airflow/example_dags/example_sensors.py
[2025-08-14T10:56:32.693+0000] {logging_mixin.py:150} INFO - [2025-08-14T10:56:32.693+0000] {dag.py:2742} INFO - Sync 1 DAGs
[2025-08-14T10:56:32.711+0000] {logging_mixin.py:150} INFO - [2025-08-14T10:56:32.711+0000] {dag.py:3504} INFO - Setting next_dagrun for example_sensors to None, run_after=None
[2025-08-14T10:56:32.731+0000] {processor.py:179} INFO - Processing /home/vscode/.local/lib/python3.10/site-packages/airflow/example_dags/example_sensors.py took 0.062 seconds
[2025-08-14T10:57:21.074+0000] {processor.py:157} INFO - Started process (PID=38752) to work on /home/vscode/.local/lib/python3.10/site-packages/airflow/example_dags/example_sensors.py
[2025-08-14T10:57:21.074+0000] {processor.py:826} INFO - Processing file /home/vscode/.local/lib/python3.10/site-packages/airflow/example_dags/example_sensors.py for tasks to queue
[2025-08-14T10:57:21.075+0000] {logging_mixin.py:150} INFO - [2025-08-14T10:57:21.075+0000] {dagbag.py:541} INFO - Filling up the DagBag from /home/vscode/.local/lib/python3.10/site-packages/airflow/example_dags/example_sensors.py
[2025-08-14T10:57:21.083+0000] {processor.py:836} INFO - DAG(s) dict_keys(['example_sensors']) retrieved from /home/vscode/.local/lib/python3.10/site-packages/airflow/example_dags/example_sensors.py
[2025-08-14T10:57:21.097+0000] {logging_mixin.py:150} INFO - [2025-08-14T10:57:21.097+0000] {dag.py:2742} INFO - Sync 1 DAGs
[2025-08-14T10:57:21.112+0000] {logging_mixin.py:150} INFO - [2025-08-14T10:57:21.112+0000] {dag.py:3504} INFO - Setting next_dagrun for example_sensors to None, run_after=None
[2025-08-14T10:57:21.129+0000] {processor.py:179} INFO - Processing /home/vscode/.local/lib/python3.10/site-packages/airflow/example_dags/example_sensors.py took 0.058 seconds
[2025-08-14T10:58:09.470+0000] {processor.py:157} INFO - Started process (PID=39209) to work on /home/vscode/.local/lib/python3.10/site-packages/airflow/example_dags/example_sensors.py
[2025-08-14T10:58:09.470+0000] {processor.py:826} INFO - Processing file /home/vscode/.local/lib/python3.10/site-packages/airflow/example_dags/example_sensors.py for tasks to queue
[2025-08-14T10:58:09.471+0000] {logging_mixin.py:150} INFO - [2025-08-14T10:58:09.471+0000] {dagbag.py:541} INFO - Filling up the DagBag from /home/vscode/.local/lib/python3.10/site-packages/airflow/example_dags/example_sensors.py
[2025-08-14T10:58:09.478+0000] {processor.py:836} INFO - DAG(s) dict_keys(['example_sensors']) retrieved from /home/vscode/.local/lib/python3.10/site-packages/airflow/example_dags/example_sensors.py
[2025-08-14T10:58:09.492+0000] {logging_mixin.py:150} INFO - [2025-08-14T10:58:09.492+0000] {dag.py:2742} INFO - Sync 1 DAGs
[2025-08-14T10:58:09.507+0000] {logging_mixin.py:150} INFO - [2025-08-14T10:58:09.506+0000] {dag.py:3504} INFO - Setting next_dagrun for example_sensors to None, run_after=None
[2025-08-14T10:58:09.523+0000] {processor.py:179} INFO - Processing /home/vscode/.local/lib/python3.10/site-packages/airflow/example_dags/example_sensors.py took 0.055 seconds
[2025-08-14T10:58:54.876+0000] {processor.py:157} INFO - Started process (PID=39645) to work on /home/vscode/.local/lib/python3.10/site-packages/airflow/example_dags/example_sensors.py
[2025-08-14T10:58:54.877+0000] {processor.py:826} INFO - Processing file /home/vscode/.local/lib/python3.10/site-packages/airflow/example_dags/example_sensors.py for tasks to queue
[2025-08-14T10:58:54.878+0000] {logging_mixin.py:150} INFO - [2025-08-14T10:58:54.877+0000] {dagbag.py:541} INFO - Filling up the DagBag from /home/vscode/.local/lib/python3.10/site-packages/airflow/example_dags/example_sensors.py
[2025-08-14T10:58:54.885+0000] {processor.py:836} INFO - DAG(s) dict_keys(['example_sensors']) retrieved from /home/vscode/.local/lib/python3.10/site-packages/airflow/example_dags/example_sensors.py
[2025-08-14T10:58:54.900+0000] {logging_mixin.py:150} INFO - [2025-08-14T10:58:54.900+0000] {dag.py:2742} INFO - Sync 1 DAGs
[2025-08-14T10:58:54.914+0000] {logging_mixin.py:150} INFO - [2025-08-14T10:58:54.914+0000] {dag.py:3504} INFO - Setting next_dagrun for example_sensors to None, run_after=None
[2025-08-14T10:58:54.929+0000] {processor.py:179} INFO - Processing /home/vscode/.local/lib/python3.10/site-packages/airflow/example_dags/example_sensors.py took 0.056 seconds
[2025-08-14T10:59:41.505+0000] {processor.py:157} INFO - Started process (PID=40095) to work on /home/vscode/.local/lib/python3.10/site-packages/airflow/example_dags/example_sensors.py
[2025-08-14T10:59:41.506+0000] {processor.py:826} INFO - Processing file /home/vscode/.local/lib/python3.10/site-packages/airflow/example_dags/example_sensors.py for tasks to queue
[2025-08-14T10:59:41.507+0000] {logging_mixin.py:150} INFO - [2025-08-14T10:59:41.506+0000] {dagbag.py:541} INFO - Filling up the DagBag from /home/vscode/.local/lib/python3.10/site-packages/airflow/example_dags/example_sensors.py
[2025-08-14T10:59:41.514+0000] {processor.py:836} INFO - DAG(s) dict_keys(['example_sensors']) retrieved from /home/vscode/.local/lib/python3.10/site-packages/airflow/example_dags/example_sensors.py
[2025-08-14T10:59:41.531+0000] {logging_mixin.py:150} INFO - [2025-08-14T10:59:41.530+0000] {dag.py:2742} INFO - Sync 1 DAGs
[2025-08-14T10:59:41.545+0000] {logging_mixin.py:150} INFO - [2025-08-14T10:59:41.544+0000] {dag.py:3504} INFO - Setting next_dagrun for example_sensors to None, run_after=None
[2025-08-14T10:59:41.560+0000] {processor.py:179} INFO - Processing /home/vscode/.local/lib/python3.10/site-packages/airflow/example_dags/example_sensors.py took 0.057 seconds
[2025-08-14T11:00:28.163+0000] {processor.py:157} INFO - Started process (PID=40538) to work on /home/vscode/.local/lib/python3.10/site-packages/airflow/example_dags/example_sensors.py
[2025-08-14T11:00:28.164+0000] {processor.py:826} INFO - Processing file /home/vscode/.local/lib/python3.10/site-packages/airflow/example_dags/example_sensors.py for tasks to queue
[2025-08-14T11:00:28.164+0000] {logging_mixin.py:150} INFO - [2025-08-14T11:00:28.164+0000] {dagbag.py:541} INFO - Filling up the DagBag from /home/vscode/.local/lib/python3.10/site-packages/airflow/example_dags/example_sensors.py
[2025-08-14T11:00:28.172+0000] {processor.py:836} INFO - DAG(s) dict_keys(['example_sensors']) retrieved from /home/vscode/.local/lib/python3.10/site-packages/airflow/example_dags/example_sensors.py
[2025-08-14T11:00:28.186+0000] {logging_mixin.py:150} INFO - [2025-08-14T11:00:28.186+0000] {dag.py:2742} INFO - Sync 1 DAGs
[2025-08-14T11:00:28.201+0000] {logging_mixin.py:150} INFO - [2025-08-14T11:00:28.201+0000] {dag.py:3504} INFO - Setting next_dagrun for example_sensors to None, run_after=None
[2025-08-14T11:00:28.216+0000] {processor.py:179} INFO - Processing /home/vscode/.local/lib/python3.10/site-packages/airflow/example_dags/example_sensors.py took 0.055 seconds
[2025-08-14T11:01:15.275+0000] {processor.py:157} INFO - Started process (PID=40987) to work on /home/vscode/.local/lib/python3.10/site-packages/airflow/example_dags/example_sensors.py
[2025-08-14T11:01:15.276+0000] {processor.py:826} INFO - Processing file /home/vscode/.local/lib/python3.10/site-packages/airflow/example_dags/example_sensors.py for tasks to queue
[2025-08-14T11:01:15.277+0000] {logging_mixin.py:150} INFO - [2025-08-14T11:01:15.276+0000] {dagbag.py:541} INFO - Filling up the DagBag from /home/vscode/.local/lib/python3.10/site-packages/airflow/example_dags/example_sensors.py
[2025-08-14T11:01:15.284+0000] {processor.py:836} INFO - DAG(s) dict_keys(['example_sensors']) retrieved from /home/vscode/.local/lib/python3.10/site-packages/airflow/example_dags/example_sensors.py
[2025-08-14T11:01:15.298+0000] {logging_mixin.py:150} INFO - [2025-08-14T11:01:15.298+0000] {dag.py:2742} INFO - Sync 1 DAGs
[2025-08-14T11:01:15.312+0000] {logging_mixin.py:150} INFO - [2025-08-14T11:01:15.312+0000] {dag.py:3504} INFO - Setting next_dagrun for example_sensors to None, run_after=None
[2025-08-14T11:01:15.328+0000] {processor.py:179} INFO - Processing /home/vscode/.local/lib/python3.10/site-packages/airflow/example_dags/example_sensors.py took 0.054 seconds
[2025-08-14T11:02:04.809+0000] {processor.py:157} INFO - Started process (PID=41460) to work on /home/vscode/.local/lib/python3.10/site-packages/airflow/example_dags/example_sensors.py
[2025-08-14T11:02:04.810+0000] {processor.py:826} INFO - Processing file /home/vscode/.local/lib/python3.10/site-packages/airflow/example_dags/example_sensors.py for tasks to queue
[2025-08-14T11:02:04.811+0000] {logging_mixin.py:150} INFO - [2025-08-14T11:02:04.810+0000] {dagbag.py:541} INFO - Filling up the DagBag from /home/vscode/.local/lib/python3.10/site-packages/airflow/example_dags/example_sensors.py
[2025-08-14T11:02:04.818+0000] {processor.py:836} INFO - DAG(s) dict_keys(['example_sensors']) retrieved from /home/vscode/.local/lib/python3.10/site-packages/airflow/example_dags/example_sensors.py
[2025-08-14T11:02:04.839+0000] {logging_mixin.py:150} INFO - [2025-08-14T11:02:04.838+0000] {dag.py:2742} INFO - Sync 1 DAGs
[2025-08-14T11:02:04.861+0000] {logging_mixin.py:150} INFO - [2025-08-14T11:02:04.860+0000] {dag.py:3504} INFO - Setting next_dagrun for example_sensors to None, run_after=None
[2025-08-14T11:02:04.882+0000] {processor.py:179} INFO - Processing /home/vscode/.local/lib/python3.10/site-packages/airflow/example_dags/example_sensors.py took 0.075 seconds
[2025-08-14T11:02:53.273+0000] {processor.py:157} INFO - Started process (PID=41922) to work on /home/vscode/.local/lib/python3.10/site-packages/airflow/example_dags/example_sensors.py
[2025-08-14T11:02:53.274+0000] {processor.py:826} INFO - Processing file /home/vscode/.local/lib/python3.10/site-packages/airflow/example_dags/example_sensors.py for tasks to queue
[2025-08-14T11:02:53.274+0000] {logging_mixin.py:150} INFO - [2025-08-14T11:02:53.274+0000] {dagbag.py:541} INFO - Filling up the DagBag from /home/vscode/.local/lib/python3.10/site-packages/airflow/example_dags/example_sensors.py
[2025-08-14T11:02:53.281+0000] {processor.py:836} INFO - DAG(s) dict_keys(['example_sensors']) retrieved from /home/vscode/.local/lib/python3.10/site-packages/airflow/example_dags/example_sensors.py
[2025-08-14T11:02:53.295+0000] {logging_mixin.py:150} INFO - [2025-08-14T11:02:53.295+0000] {dag.py:2742} INFO - Sync 1 DAGs
[2025-08-14T11:02:53.309+0000] {logging_mixin.py:150} INFO - [2025-08-14T11:02:53.309+0000] {dag.py:3504} INFO - Setting next_dagrun for example_sensors to None, run_after=None
[2025-08-14T11:02:53.324+0000] {processor.py:179} INFO - Processing /home/vscode/.local/lib/python3.10/site-packages/airflow/example_dags/example_sensors.py took 0.053 seconds
[2025-08-14T11:03:39.438+0000] {processor.py:157} INFO - Started process (PID=42368) to work on /home/vscode/.local/lib/python3.10/site-packages/airflow/example_dags/example_sensors.py
[2025-08-14T11:03:39.439+0000] {processor.py:826} INFO - Processing file /home/vscode/.local/lib/python3.10/site-packages/airflow/example_dags/example_sensors.py for tasks to queue
[2025-08-14T11:03:39.440+0000] {logging_mixin.py:150} INFO - [2025-08-14T11:03:39.439+0000] {dagbag.py:541} INFO - Filling up the DagBag from /home/vscode/.local/lib/python3.10/site-packages/airflow/example_dags/example_sensors.py
[2025-08-14T11:03:39.450+0000] {processor.py:836} INFO - DAG(s) dict_keys(['example_sensors']) retrieved from /home/vscode/.local/lib/python3.10/site-packages/airflow/example_dags/example_sensors.py
[2025-08-14T11:03:39.467+0000] {logging_mixin.py:150} INFO - [2025-08-14T11:03:39.467+0000] {dag.py:2742} INFO - Sync 1 DAGs
[2025-08-14T11:03:39.481+0000] {logging_mixin.py:150} INFO - [2025-08-14T11:03:39.481+0000] {dag.py:3504} INFO - Setting next_dagrun for example_sensors to None, run_after=None
[2025-08-14T11:03:39.496+0000] {processor.py:179} INFO - Processing /home/vscode/.local/lib/python3.10/site-packages/airflow/example_dags/example_sensors.py took 0.061 seconds
[2025-08-14T11:04:24.275+0000] {processor.py:157} INFO - Started process (PID=42798) to work on /home/vscode/.local/lib/python3.10/site-packages/airflow/example_dags/example_sensors.py
[2025-08-14T11:04:24.276+0000] {processor.py:826} INFO - Processing file /home/vscode/.local/lib/python3.10/site-packages/airflow/example_dags/example_sensors.py for tasks to queue
[2025-08-14T11:04:24.277+0000] {logging_mixin.py:150} INFO - [2025-08-14T11:04:24.277+0000] {dagbag.py:541} INFO - Filling up the DagBag from /home/vscode/.local/lib/python3.10/site-packages/airflow/example_dags/example_sensors.py
[2025-08-14T11:04:24.288+0000] {processor.py:836} INFO - DAG(s) dict_keys(['example_sensors']) retrieved from /home/vscode/.local/lib/python3.10/site-packages/airflow/example_dags/example_sensors.py
[2025-08-14T11:04:24.304+0000] {logging_mixin.py:150} INFO - [2025-08-14T11:04:24.304+0000] {dag.py:2742} INFO - Sync 1 DAGs
[2025-08-14T11:04:24.318+0000] {logging_mixin.py:150} INFO - [2025-08-14T11:04:24.318+0000] {dag.py:3504} INFO - Setting next_dagrun for example_sensors to None, run_after=None
[2025-08-14T11:04:24.333+0000] {processor.py:179} INFO - Processing /home/vscode/.local/lib/python3.10/site-packages/airflow/example_dags/example_sensors.py took 0.061 seconds
[2025-08-14T11:05:15.515+0000] {processor.py:157} INFO - Started process (PID=43287) to work on /home/vscode/.local/lib/python3.10/site-packages/airflow/example_dags/example_sensors.py
[2025-08-14T11:05:15.516+0000] {processor.py:826} INFO - Processing file /home/vscode/.local/lib/python3.10/site-packages/airflow/example_dags/example_sensors.py for tasks to queue
[2025-08-14T11:05:15.517+0000] {logging_mixin.py:150} INFO - [2025-08-14T11:05:15.516+0000] {dagbag.py:541} INFO - Filling up the DagBag from /home/vscode/.local/lib/python3.10/site-packages/airflow/example_dags/example_sensors.py
[2025-08-14T11:05:15.524+0000] {processor.py:836} INFO - DAG(s) dict_keys(['example_sensors']) retrieved from /home/vscode/.local/lib/python3.10/site-packages/airflow/example_dags/example_sensors.py
[2025-08-14T11:05:15.539+0000] {logging_mixin.py:150} INFO - [2025-08-14T11:05:15.539+0000] {dag.py:2742} INFO - Sync 1 DAGs
[2025-08-14T11:05:15.553+0000] {logging_mixin.py:150} INFO - [2025-08-14T11:05:15.553+0000] {dag.py:3504} INFO - Setting next_dagrun for example_sensors to None, run_after=None
[2025-08-14T11:05:15.570+0000] {processor.py:179} INFO - Processing /home/vscode/.local/lib/python3.10/site-packages/airflow/example_dags/example_sensors.py took 0.058 seconds
[2025-08-14T11:05:57.768+0000] {processor.py:157} INFO - Started process (PID=43694) to work on /home/vscode/.local/lib/python3.10/site-packages/airflow/example_dags/example_sensors.py
[2025-08-14T11:05:57.769+0000] {processor.py:826} INFO - Processing file /home/vscode/.local/lib/python3.10/site-packages/airflow/example_dags/example_sensors.py for tasks to queue
[2025-08-14T11:05:57.769+0000] {logging_mixin.py:150} INFO - [2025-08-14T11:05:57.769+0000] {dagbag.py:541} INFO - Filling up the DagBag from /home/vscode/.local/lib/python3.10/site-packages/airflow/example_dags/example_sensors.py
[2025-08-14T11:05:57.777+0000] {processor.py:836} INFO - DAG(s) dict_keys(['example_sensors']) retrieved from /home/vscode/.local/lib/python3.10/site-packages/airflow/example_dags/example_sensors.py
[2025-08-14T11:05:57.792+0000] {logging_mixin.py:150} INFO - [2025-08-14T11:05:57.792+0000] {dag.py:2742} INFO - Sync 1 DAGs
[2025-08-14T11:05:57.806+0000] {logging_mixin.py:150} INFO - [2025-08-14T11:05:57.806+0000] {dag.py:3504} INFO - Setting next_dagrun for example_sensors to None, run_after=None
[2025-08-14T11:05:57.822+0000] {processor.py:179} INFO - Processing /home/vscode/.local/lib/python3.10/site-packages/airflow/example_dags/example_sensors.py took 0.056 seconds
[2025-08-14T11:06:42.848+0000] {processor.py:157} INFO - Started process (PID=44124) to work on /home/vscode/.local/lib/python3.10/site-packages/airflow/example_dags/example_sensors.py
[2025-08-14T11:06:42.848+0000] {processor.py:826} INFO - Processing file /home/vscode/.local/lib/python3.10/site-packages/airflow/example_dags/example_sensors.py for tasks to queue
[2025-08-14T11:06:42.849+0000] {logging_mixin.py:150} INFO - [2025-08-14T11:06:42.849+0000] {dagbag.py:541} INFO - Filling up the DagBag from /home/vscode/.local/lib/python3.10/site-packages/airflow/example_dags/example_sensors.py
[2025-08-14T11:06:42.856+0000] {processor.py:836} INFO - DAG(s) dict_keys(['example_sensors']) retrieved from /home/vscode/.local/lib/python3.10/site-packages/airflow/example_dags/example_sensors.py
[2025-08-14T11:06:42.870+0000] {logging_mixin.py:150} INFO - [2025-08-14T11:06:42.870+0000] {dag.py:2742} INFO - Sync 1 DAGs
[2025-08-14T11:06:42.884+0000] {logging_mixin.py:150} INFO - [2025-08-14T11:06:42.884+0000] {dag.py:3504} INFO - Setting next_dagrun for example_sensors to None, run_after=None
[2025-08-14T11:06:42.899+0000] {processor.py:179} INFO - Processing /home/vscode/.local/lib/python3.10/site-packages/airflow/example_dags/example_sensors.py took 0.053 seconds
[2025-08-14T11:07:28.261+0000] {processor.py:157} INFO - Started process (PID=44563) to work on /home/vscode/.local/lib/python3.10/site-packages/airflow/example_dags/example_sensors.py
[2025-08-14T11:07:28.262+0000] {processor.py:826} INFO - Processing file /home/vscode/.local/lib/python3.10/site-packages/airflow/example_dags/example_sensors.py for tasks to queue
[2025-08-14T11:07:28.263+0000] {logging_mixin.py:150} INFO - [2025-08-14T11:07:28.262+0000] {dagbag.py:541} INFO - Filling up the DagBag from /home/vscode/.local/lib/python3.10/site-packages/airflow/example_dags/example_sensors.py
[2025-08-14T11:07:28.270+0000] {processor.py:836} INFO - DAG(s) dict_keys(['example_sensors']) retrieved from /home/vscode/.local/lib/python3.10/site-packages/airflow/example_dags/example_sensors.py
[2025-08-14T11:07:28.285+0000] {logging_mixin.py:150} INFO - [2025-08-14T11:07:28.284+0000] {dag.py:2742} INFO - Sync 1 DAGs
[2025-08-14T11:07:28.299+0000] {logging_mixin.py:150} INFO - [2025-08-14T11:07:28.299+0000] {dag.py:3504} INFO - Setting next_dagrun for example_sensors to None, run_after=None
[2025-08-14T11:07:28.314+0000] {processor.py:179} INFO - Processing /home/vscode/.local/lib/python3.10/site-packages/airflow/example_dags/example_sensors.py took 0.055 seconds
[2025-08-14T11:08:12.049+0000] {processor.py:157} INFO - Started process (PID=44978) to work on /home/vscode/.local/lib/python3.10/site-packages/airflow/example_dags/example_sensors.py
[2025-08-14T11:08:12.050+0000] {processor.py:826} INFO - Processing file /home/vscode/.local/lib/python3.10/site-packages/airflow/example_dags/example_sensors.py for tasks to queue
[2025-08-14T11:08:12.050+0000] {logging_mixin.py:150} INFO - [2025-08-14T11:08:12.050+0000] {dagbag.py:541} INFO - Filling up the DagBag from /home/vscode/.local/lib/python3.10/site-packages/airflow/example_dags/example_sensors.py
[2025-08-14T11:08:12.058+0000] {processor.py:836} INFO - DAG(s) dict_keys(['example_sensors']) retrieved from /home/vscode/.local/lib/python3.10/site-packages/airflow/example_dags/example_sensors.py
[2025-08-14T11:08:12.073+0000] {logging_mixin.py:150} INFO - [2025-08-14T11:08:12.072+0000] {dag.py:2742} INFO - Sync 1 DAGs
[2025-08-14T11:08:12.087+0000] {logging_mixin.py:150} INFO - [2025-08-14T11:08:12.087+0000] {dag.py:3504} INFO - Setting next_dagrun for example_sensors to None, run_after=None
[2025-08-14T11:08:12.102+0000] {processor.py:179} INFO - Processing /home/vscode/.local/lib/python3.10/site-packages/airflow/example_dags/example_sensors.py took 0.056 seconds
[2025-08-14T11:08:57.609+0000] {processor.py:157} INFO - Started process (PID=45412) to work on /home/vscode/.local/lib/python3.10/site-packages/airflow/example_dags/example_sensors.py
[2025-08-14T11:08:57.610+0000] {processor.py:826} INFO - Processing file /home/vscode/.local/lib/python3.10/site-packages/airflow/example_dags/example_sensors.py for tasks to queue
[2025-08-14T11:08:57.610+0000] {logging_mixin.py:150} INFO - [2025-08-14T11:08:57.610+0000] {dagbag.py:541} INFO - Filling up the DagBag from /home/vscode/.local/lib/python3.10/site-packages/airflow/example_dags/example_sensors.py
[2025-08-14T11:08:57.617+0000] {processor.py:836} INFO - DAG(s) dict_keys(['example_sensors']) retrieved from /home/vscode/.local/lib/python3.10/site-packages/airflow/example_dags/example_sensors.py
[2025-08-14T11:08:57.631+0000] {logging_mixin.py:150} INFO - [2025-08-14T11:08:57.631+0000] {dag.py:2742} INFO - Sync 1 DAGs
[2025-08-14T11:08:57.645+0000] {logging_mixin.py:150} INFO - [2025-08-14T11:08:57.645+0000] {dag.py:3504} INFO - Setting next_dagrun for example_sensors to None, run_after=None
[2025-08-14T11:08:57.660+0000] {processor.py:179} INFO - Processing /home/vscode/.local/lib/python3.10/site-packages/airflow/example_dags/example_sensors.py took 0.053 seconds
[2025-08-14T11:09:50.658+0000] {processor.py:157} INFO - Started process (PID=45917) to work on /home/vscode/.local/lib/python3.10/site-packages/airflow/example_dags/example_sensors.py
[2025-08-14T11:09:50.658+0000] {processor.py:826} INFO - Processing file /home/vscode/.local/lib/python3.10/site-packages/airflow/example_dags/example_sensors.py for tasks to queue
[2025-08-14T11:09:50.659+0000] {logging_mixin.py:150} INFO - [2025-08-14T11:09:50.659+0000] {dagbag.py:541} INFO - Filling up the DagBag from /home/vscode/.local/lib/python3.10/site-packages/airflow/example_dags/example_sensors.py
[2025-08-14T11:09:50.666+0000] {processor.py:836} INFO - DAG(s) dict_keys(['example_sensors']) retrieved from /home/vscode/.local/lib/python3.10/site-packages/airflow/example_dags/example_sensors.py
[2025-08-14T11:09:50.681+0000] {logging_mixin.py:150} INFO - [2025-08-14T11:09:50.681+0000] {dag.py:2742} INFO - Sync 1 DAGs
[2025-08-14T11:09:50.695+0000] {logging_mixin.py:150} INFO - [2025-08-14T11:09:50.695+0000] {dag.py:3504} INFO - Setting next_dagrun for example_sensors to None, run_after=None
[2025-08-14T11:09:50.710+0000] {processor.py:179} INFO - Processing /home/vscode/.local/lib/python3.10/site-packages/airflow/example_dags/example_sensors.py took 0.054 seconds
[2025-08-14T11:10:41.439+0000] {processor.py:157} INFO - Started process (PID=46404) to work on /home/vscode/.local/lib/python3.10/site-packages/airflow/example_dags/example_sensors.py
[2025-08-14T11:10:41.440+0000] {processor.py:826} INFO - Processing file /home/vscode/.local/lib/python3.10/site-packages/airflow/example_dags/example_sensors.py for tasks to queue
[2025-08-14T11:10:41.441+0000] {logging_mixin.py:150} INFO - [2025-08-14T11:10:41.440+0000] {dagbag.py:541} INFO - Filling up the DagBag from /home/vscode/.local/lib/python3.10/site-packages/airflow/example_dags/example_sensors.py
[2025-08-14T11:10:41.448+0000] {processor.py:836} INFO - DAG(s) dict_keys(['example_sensors']) retrieved from /home/vscode/.local/lib/python3.10/site-packages/airflow/example_dags/example_sensors.py
[2025-08-14T11:10:41.464+0000] {logging_mixin.py:150} INFO - [2025-08-14T11:10:41.464+0000] {dag.py:2742} INFO - Sync 1 DAGs
[2025-08-14T11:10:41.479+0000] {logging_mixin.py:150} INFO - [2025-08-14T11:10:41.478+0000] {dag.py:3504} INFO - Setting next_dagrun for example_sensors to None, run_after=None
[2025-08-14T11:10:41.494+0000] {processor.py:179} INFO - Processing /home/vscode/.local/lib/python3.10/site-packages/airflow/example_dags/example_sensors.py took 0.058 seconds
[2025-08-14T11:11:24.382+0000] {processor.py:157} INFO - Started process (PID=46815) to work on /home/vscode/.local/lib/python3.10/site-packages/airflow/example_dags/example_sensors.py
[2025-08-14T11:11:24.383+0000] {processor.py:826} INFO - Processing file /home/vscode/.local/lib/python3.10/site-packages/airflow/example_dags/example_sensors.py for tasks to queue
[2025-08-14T11:11:24.384+0000] {logging_mixin.py:150} INFO - [2025-08-14T11:11:24.383+0000] {dagbag.py:541} INFO - Filling up the DagBag from /home/vscode/.local/lib/python3.10/site-packages/airflow/example_dags/example_sensors.py
[2025-08-14T11:11:24.395+0000] {processor.py:836} INFO - DAG(s) dict_keys(['example_sensors']) retrieved from /home/vscode/.local/lib/python3.10/site-packages/airflow/example_dags/example_sensors.py
[2025-08-14T11:11:24.418+0000] {logging_mixin.py:150} INFO - [2025-08-14T11:11:24.418+0000] {dag.py:2742} INFO - Sync 1 DAGs
[2025-08-14T11:11:24.438+0000] {logging_mixin.py:150} INFO - [2025-08-14T11:11:24.438+0000] {dag.py:3504} INFO - Setting next_dagrun for example_sensors to None, run_after=None
[2025-08-14T11:11:24.455+0000] {processor.py:179} INFO - Processing /home/vscode/.local/lib/python3.10/site-packages/airflow/example_dags/example_sensors.py took 0.076 seconds
[2025-08-14T11:12:05.494+0000] {processor.py:157} INFO - Started process (PID=47217) to work on /home/vscode/.local/lib/python3.10/site-packages/airflow/example_dags/example_sensors.py
[2025-08-14T11:12:05.495+0000] {processor.py:826} INFO - Processing file /home/vscode/.local/lib/python3.10/site-packages/airflow/example_dags/example_sensors.py for tasks to queue
[2025-08-14T11:12:05.495+0000] {logging_mixin.py:150} INFO - [2025-08-14T11:12:05.495+0000] {dagbag.py:541} INFO - Filling up the DagBag from /home/vscode/.local/lib/python3.10/site-packages/airflow/example_dags/example_sensors.py
[2025-08-14T11:12:05.502+0000] {processor.py:836} INFO - DAG(s) dict_keys(['example_sensors']) retrieved from /home/vscode/.local/lib/python3.10/site-packages/airflow/example_dags/example_sensors.py
[2025-08-14T11:12:05.517+0000] {logging_mixin.py:150} INFO - [2025-08-14T11:12:05.516+0000] {dag.py:2742} INFO - Sync 1 DAGs
[2025-08-14T11:12:05.536+0000] {logging_mixin.py:150} INFO - [2025-08-14T11:12:05.535+0000] {dag.py:3504} INFO - Setting next_dagrun for example_sensors to None, run_after=None
[2025-08-14T11:12:05.559+0000] {processor.py:179} INFO - Processing /home/vscode/.local/lib/python3.10/site-packages/airflow/example_dags/example_sensors.py took 0.067 seconds
[2025-08-14T11:12:52.292+0000] {processor.py:157} INFO - Started process (PID=47651) to work on /home/vscode/.local/lib/python3.10/site-packages/airflow/example_dags/example_sensors.py
[2025-08-14T11:12:52.293+0000] {processor.py:826} INFO - Processing file /home/vscode/.local/lib/python3.10/site-packages/airflow/example_dags/example_sensors.py for tasks to queue
[2025-08-14T11:12:52.293+0000] {logging_mixin.py:150} INFO - [2025-08-14T11:12:52.293+0000] {dagbag.py:541} INFO - Filling up the DagBag from /home/vscode/.local/lib/python3.10/site-packages/airflow/example_dags/example_sensors.py
[2025-08-14T11:12:52.300+0000] {processor.py:836} INFO - DAG(s) dict_keys(['example_sensors']) retrieved from /home/vscode/.local/lib/python3.10/site-packages/airflow/example_dags/example_sensors.py
[2025-08-14T11:12:52.314+0000] {logging_mixin.py:150} INFO - [2025-08-14T11:12:52.314+0000] {dag.py:2742} INFO - Sync 1 DAGs
[2025-08-14T11:12:52.333+0000] {logging_mixin.py:150} INFO - [2025-08-14T11:12:52.333+0000] {dag.py:3504} INFO - Setting next_dagrun for example_sensors to None, run_after=None
[2025-08-14T11:12:52.357+0000] {processor.py:179} INFO - Processing /home/vscode/.local/lib/python3.10/site-packages/airflow/example_dags/example_sensors.py took 0.067 seconds
[2025-08-14T11:13:42.043+0000] {processor.py:157} INFO - Started process (PID=48128) to work on /home/vscode/.local/lib/python3.10/site-packages/airflow/example_dags/example_sensors.py
[2025-08-14T11:13:42.043+0000] {processor.py:826} INFO - Processing file /home/vscode/.local/lib/python3.10/site-packages/airflow/example_dags/example_sensors.py for tasks to queue
[2025-08-14T11:13:42.044+0000] {logging_mixin.py:150} INFO - [2025-08-14T11:13:42.044+0000] {dagbag.py:541} INFO - Filling up the DagBag from /home/vscode/.local/lib/python3.10/site-packages/airflow/example_dags/example_sensors.py
[2025-08-14T11:13:42.051+0000] {processor.py:836} INFO - DAG(s) dict_keys(['example_sensors']) retrieved from /home/vscode/.local/lib/python3.10/site-packages/airflow/example_dags/example_sensors.py
[2025-08-14T11:13:42.065+0000] {logging_mixin.py:150} INFO - [2025-08-14T11:13:42.065+0000] {dag.py:2742} INFO - Sync 1 DAGs
[2025-08-14T11:13:42.079+0000] {logging_mixin.py:150} INFO - [2025-08-14T11:13:42.078+0000] {dag.py:3504} INFO - Setting next_dagrun for example_sensors to None, run_after=None
[2025-08-14T11:13:42.093+0000] {processor.py:179} INFO - Processing /home/vscode/.local/lib/python3.10/site-packages/airflow/example_dags/example_sensors.py took 0.053 seconds
[2025-08-14T11:14:27.263+0000] {processor.py:157} INFO - Started process (PID=48570) to work on /home/vscode/.local/lib/python3.10/site-packages/airflow/example_dags/example_sensors.py
[2025-08-14T11:14:27.263+0000] {processor.py:826} INFO - Processing file /home/vscode/.local/lib/python3.10/site-packages/airflow/example_dags/example_sensors.py for tasks to queue
[2025-08-14T11:14:27.264+0000] {logging_mixin.py:150} INFO - [2025-08-14T11:14:27.264+0000] {dagbag.py:541} INFO - Filling up the DagBag from /home/vscode/.local/lib/python3.10/site-packages/airflow/example_dags/example_sensors.py
[2025-08-14T11:14:27.271+0000] {processor.py:836} INFO - DAG(s) dict_keys(['example_sensors']) retrieved from /home/vscode/.local/lib/python3.10/site-packages/airflow/example_dags/example_sensors.py
[2025-08-14T11:14:27.285+0000] {logging_mixin.py:150} INFO - [2025-08-14T11:14:27.285+0000] {dag.py:2742} INFO - Sync 1 DAGs
[2025-08-14T11:14:27.298+0000] {logging_mixin.py:150} INFO - [2025-08-14T11:14:27.298+0000] {dag.py:3504} INFO - Setting next_dagrun for example_sensors to None, run_after=None
[2025-08-14T11:14:27.313+0000] {processor.py:179} INFO - Processing /home/vscode/.local/lib/python3.10/site-packages/airflow/example_dags/example_sensors.py took 0.053 seconds
[2025-08-14T11:15:17.218+0000] {processor.py:157} INFO - Started process (PID=49047) to work on /home/vscode/.local/lib/python3.10/site-packages/airflow/example_dags/example_sensors.py
[2025-08-14T11:15:17.219+0000] {processor.py:826} INFO - Processing file /home/vscode/.local/lib/python3.10/site-packages/airflow/example_dags/example_sensors.py for tasks to queue
[2025-08-14T11:15:17.220+0000] {logging_mixin.py:150} INFO - [2025-08-14T11:15:17.219+0000] {dagbag.py:541} INFO - Filling up the DagBag from /home/vscode/.local/lib/python3.10/site-packages/airflow/example_dags/example_sensors.py
[2025-08-14T11:15:17.227+0000] {processor.py:836} INFO - DAG(s) dict_keys(['example_sensors']) retrieved from /home/vscode/.local/lib/python3.10/site-packages/airflow/example_dags/example_sensors.py
[2025-08-14T11:15:17.241+0000] {logging_mixin.py:150} INFO - [2025-08-14T11:15:17.241+0000] {dag.py:2742} INFO - Sync 1 DAGs
[2025-08-14T11:15:17.255+0000] {logging_mixin.py:150} INFO - [2025-08-14T11:15:17.255+0000] {dag.py:3504} INFO - Setting next_dagrun for example_sensors to None, run_after=None
[2025-08-14T11:15:17.269+0000] {processor.py:179} INFO - Processing /home/vscode/.local/lib/python3.10/site-packages/airflow/example_dags/example_sensors.py took 0.054 seconds
[2025-08-14T11:16:04.890+0000] {processor.py:157} INFO - Started process (PID=49499) to work on /home/vscode/.local/lib/python3.10/site-packages/airflow/example_dags/example_sensors.py
[2025-08-14T11:16:04.891+0000] {processor.py:826} INFO - Processing file /home/vscode/.local/lib/python3.10/site-packages/airflow/example_dags/example_sensors.py for tasks to queue
[2025-08-14T11:16:04.892+0000] {logging_mixin.py:150} INFO - [2025-08-14T11:16:04.891+0000] {dagbag.py:541} INFO - Filling up the DagBag from /home/vscode/.local/lib/python3.10/site-packages/airflow/example_dags/example_sensors.py
[2025-08-14T11:16:04.900+0000] {processor.py:836} INFO - DAG(s) dict_keys(['example_sensors']) retrieved from /home/vscode/.local/lib/python3.10/site-packages/airflow/example_dags/example_sensors.py
[2025-08-14T11:16:04.914+0000] {logging_mixin.py:150} INFO - [2025-08-14T11:16:04.914+0000] {dag.py:2742} INFO - Sync 1 DAGs
[2025-08-14T11:16:04.928+0000] {logging_mixin.py:150} INFO - [2025-08-14T11:16:04.928+0000] {dag.py:3504} INFO - Setting next_dagrun for example_sensors to None, run_after=None
[2025-08-14T11:16:04.943+0000] {processor.py:179} INFO - Processing /home/vscode/.local/lib/python3.10/site-packages/airflow/example_dags/example_sensors.py took 0.055 seconds
[2025-08-14T11:16:51.140+0000] {processor.py:157} INFO - Started process (PID=49942) to work on /home/vscode/.local/lib/python3.10/site-packages/airflow/example_dags/example_sensors.py
[2025-08-14T11:16:51.141+0000] {processor.py:826} INFO - Processing file /home/vscode/.local/lib/python3.10/site-packages/airflow/example_dags/example_sensors.py for tasks to queue
[2025-08-14T11:16:51.142+0000] {logging_mixin.py:150} INFO - [2025-08-14T11:16:51.141+0000] {dagbag.py:541} INFO - Filling up the DagBag from /home/vscode/.local/lib/python3.10/site-packages/airflow/example_dags/example_sensors.py
[2025-08-14T11:16:51.149+0000] {processor.py:836} INFO - DAG(s) dict_keys(['example_sensors']) retrieved from /home/vscode/.local/lib/python3.10/site-packages/airflow/example_dags/example_sensors.py
[2025-08-14T11:16:51.163+0000] {logging_mixin.py:150} INFO - [2025-08-14T11:16:51.163+0000] {dag.py:2742} INFO - Sync 1 DAGs
[2025-08-14T11:16:51.177+0000] {logging_mixin.py:150} INFO - [2025-08-14T11:16:51.177+0000] {dag.py:3504} INFO - Setting next_dagrun for example_sensors to None, run_after=None
[2025-08-14T11:16:51.192+0000] {processor.py:179} INFO - Processing /home/vscode/.local/lib/python3.10/site-packages/airflow/example_dags/example_sensors.py took 0.053 seconds
[2025-08-14T11:17:34.533+0000] {processor.py:157} INFO - Started process (PID=50354) to work on /home/vscode/.local/lib/python3.10/site-packages/airflow/example_dags/example_sensors.py
[2025-08-14T11:17:34.534+0000] {processor.py:826} INFO - Processing file /home/vscode/.local/lib/python3.10/site-packages/airflow/example_dags/example_sensors.py for tasks to queue
[2025-08-14T11:17:34.535+0000] {logging_mixin.py:150} INFO - [2025-08-14T11:17:34.534+0000] {dagbag.py:541} INFO - Filling up the DagBag from /home/vscode/.local/lib/python3.10/site-packages/airflow/example_dags/example_sensors.py
[2025-08-14T11:17:34.542+0000] {processor.py:836} INFO - DAG(s) dict_keys(['example_sensors']) retrieved from /home/vscode/.local/lib/python3.10/site-packages/airflow/example_dags/example_sensors.py
[2025-08-14T11:17:34.558+0000] {logging_mixin.py:150} INFO - [2025-08-14T11:17:34.557+0000] {dag.py:2742} INFO - Sync 1 DAGs
[2025-08-14T11:17:34.577+0000] {logging_mixin.py:150} INFO - [2025-08-14T11:17:34.577+0000] {dag.py:3504} INFO - Setting next_dagrun for example_sensors to None, run_after=None
[2025-08-14T11:17:34.598+0000] {processor.py:179} INFO - Processing /home/vscode/.local/lib/python3.10/site-packages/airflow/example_dags/example_sensors.py took 0.067 seconds
[2025-08-14T11:18:22.205+0000] {processor.py:157} INFO - Started process (PID=50816) to work on /home/vscode/.local/lib/python3.10/site-packages/airflow/example_dags/example_sensors.py
[2025-08-14T11:18:22.206+0000] {processor.py:826} INFO - Processing file /home/vscode/.local/lib/python3.10/site-packages/airflow/example_dags/example_sensors.py for tasks to queue
[2025-08-14T11:18:22.206+0000] {logging_mixin.py:150} INFO - [2025-08-14T11:18:22.206+0000] {dagbag.py:541} INFO - Filling up the DagBag from /home/vscode/.local/lib/python3.10/site-packages/airflow/example_dags/example_sensors.py
[2025-08-14T11:18:22.213+0000] {processor.py:836} INFO - DAG(s) dict_keys(['example_sensors']) retrieved from /home/vscode/.local/lib/python3.10/site-packages/airflow/example_dags/example_sensors.py
[2025-08-14T11:18:22.227+0000] {logging_mixin.py:150} INFO - [2025-08-14T11:18:22.227+0000] {dag.py:2742} INFO - Sync 1 DAGs
[2025-08-14T11:18:22.240+0000] {logging_mixin.py:150} INFO - [2025-08-14T11:18:22.240+0000] {dag.py:3504} INFO - Setting next_dagrun for example_sensors to None, run_after=None
[2025-08-14T11:18:22.255+0000] {processor.py:179} INFO - Processing /home/vscode/.local/lib/python3.10/site-packages/airflow/example_dags/example_sensors.py took 0.052 seconds
[2025-08-14T11:19:04.782+0000] {processor.py:157} INFO - Started process (PID=51221) to work on /home/vscode/.local/lib/python3.10/site-packages/airflow/example_dags/example_sensors.py
[2025-08-14T11:19:04.783+0000] {processor.py:826} INFO - Processing file /home/vscode/.local/lib/python3.10/site-packages/airflow/example_dags/example_sensors.py for tasks to queue
[2025-08-14T11:19:04.784+0000] {logging_mixin.py:150} INFO - [2025-08-14T11:19:04.784+0000] {dagbag.py:541} INFO - Filling up the DagBag from /home/vscode/.local/lib/python3.10/site-packages/airflow/example_dags/example_sensors.py
[2025-08-14T11:19:04.794+0000] {processor.py:836} INFO - DAG(s) dict_keys(['example_sensors']) retrieved from /home/vscode/.local/lib/python3.10/site-packages/airflow/example_dags/example_sensors.py
[2025-08-14T11:19:04.813+0000] {logging_mixin.py:150} INFO - [2025-08-14T11:19:04.813+0000] {dag.py:2742} INFO - Sync 1 DAGs
[2025-08-14T11:19:04.828+0000] {logging_mixin.py:150} INFO - [2025-08-14T11:19:04.828+0000] {dag.py:3504} INFO - Setting next_dagrun for example_sensors to None, run_after=None
[2025-08-14T11:19:04.843+0000] {processor.py:179} INFO - Processing /home/vscode/.local/lib/python3.10/site-packages/airflow/example_dags/example_sensors.py took 0.065 seconds
[2025-08-14T11:19:55.506+0000] {processor.py:157} INFO - Started process (PID=51700) to work on /home/vscode/.local/lib/python3.10/site-packages/airflow/example_dags/example_sensors.py
[2025-08-14T11:19:55.507+0000] {processor.py:826} INFO - Processing file /home/vscode/.local/lib/python3.10/site-packages/airflow/example_dags/example_sensors.py for tasks to queue
[2025-08-14T11:19:55.508+0000] {logging_mixin.py:150} INFO - [2025-08-14T11:19:55.507+0000] {dagbag.py:541} INFO - Filling up the DagBag from /home/vscode/.local/lib/python3.10/site-packages/airflow/example_dags/example_sensors.py
[2025-08-14T11:19:55.515+0000] {processor.py:836} INFO - DAG(s) dict_keys(['example_sensors']) retrieved from /home/vscode/.local/lib/python3.10/site-packages/airflow/example_dags/example_sensors.py
[2025-08-14T11:19:55.532+0000] {logging_mixin.py:150} INFO - [2025-08-14T11:19:55.531+0000] {dag.py:2742} INFO - Sync 1 DAGs
[2025-08-14T11:19:55.545+0000] {logging_mixin.py:150} INFO - [2025-08-14T11:19:55.545+0000] {dag.py:3504} INFO - Setting next_dagrun for example_sensors to None, run_after=None
[2025-08-14T11:19:55.560+0000] {processor.py:179} INFO - Processing /home/vscode/.local/lib/python3.10/site-packages/airflow/example_dags/example_sensors.py took 0.056 seconds
[2025-08-14T11:20:39.347+0000] {processor.py:157} INFO - Started process (PID=52120) to work on /home/vscode/.local/lib/python3.10/site-packages/airflow/example_dags/example_sensors.py
[2025-08-14T11:20:39.347+0000] {processor.py:826} INFO - Processing file /home/vscode/.local/lib/python3.10/site-packages/airflow/example_dags/example_sensors.py for tasks to queue
[2025-08-14T11:20:39.348+0000] {logging_mixin.py:150} INFO - [2025-08-14T11:20:39.348+0000] {dagbag.py:541} INFO - Filling up the DagBag from /home/vscode/.local/lib/python3.10/site-packages/airflow/example_dags/example_sensors.py
[2025-08-14T11:20:39.355+0000] {processor.py:836} INFO - DAG(s) dict_keys(['example_sensors']) retrieved from /home/vscode/.local/lib/python3.10/site-packages/airflow/example_dags/example_sensors.py
[2025-08-14T11:20:39.369+0000] {logging_mixin.py:150} INFO - [2025-08-14T11:20:39.369+0000] {dag.py:2742} INFO - Sync 1 DAGs
[2025-08-14T11:20:39.383+0000] {logging_mixin.py:150} INFO - [2025-08-14T11:20:39.383+0000] {dag.py:3504} INFO - Setting next_dagrun for example_sensors to None, run_after=None
[2025-08-14T11:20:39.398+0000] {processor.py:179} INFO - Processing /home/vscode/.local/lib/python3.10/site-packages/airflow/example_dags/example_sensors.py took 0.054 seconds
[2025-08-14T11:21:27.870+0000] {processor.py:157} INFO - Started process (PID=52583) to work on /home/vscode/.local/lib/python3.10/site-packages/airflow/example_dags/example_sensors.py
[2025-08-14T11:21:27.871+0000] {processor.py:826} INFO - Processing file /home/vscode/.local/lib/python3.10/site-packages/airflow/example_dags/example_sensors.py for tasks to queue
[2025-08-14T11:21:27.872+0000] {logging_mixin.py:150} INFO - [2025-08-14T11:21:27.871+0000] {dagbag.py:541} INFO - Filling up the DagBag from /home/vscode/.local/lib/python3.10/site-packages/airflow/example_dags/example_sensors.py
[2025-08-14T11:21:27.879+0000] {processor.py:836} INFO - DAG(s) dict_keys(['example_sensors']) retrieved from /home/vscode/.local/lib/python3.10/site-packages/airflow/example_dags/example_sensors.py
[2025-08-14T11:21:27.893+0000] {logging_mixin.py:150} INFO - [2025-08-14T11:21:27.892+0000] {dag.py:2742} INFO - Sync 1 DAGs
[2025-08-14T11:21:27.906+0000] {logging_mixin.py:150} INFO - [2025-08-14T11:21:27.906+0000] {dag.py:3504} INFO - Setting next_dagrun for example_sensors to None, run_after=None
[2025-08-14T11:21:27.921+0000] {processor.py:179} INFO - Processing /home/vscode/.local/lib/python3.10/site-packages/airflow/example_dags/example_sensors.py took 0.053 seconds
[2025-08-14T11:22:12.757+0000] {processor.py:157} INFO - Started process (PID=53018) to work on /home/vscode/.local/lib/python3.10/site-packages/airflow/example_dags/example_sensors.py
[2025-08-14T11:22:12.758+0000] {processor.py:826} INFO - Processing file /home/vscode/.local/lib/python3.10/site-packages/airflow/example_dags/example_sensors.py for tasks to queue
[2025-08-14T11:22:12.759+0000] {logging_mixin.py:150} INFO - [2025-08-14T11:22:12.759+0000] {dagbag.py:541} INFO - Filling up the DagBag from /home/vscode/.local/lib/python3.10/site-packages/airflow/example_dags/example_sensors.py
[2025-08-14T11:22:12.766+0000] {processor.py:836} INFO - DAG(s) dict_keys(['example_sensors']) retrieved from /home/vscode/.local/lib/python3.10/site-packages/airflow/example_dags/example_sensors.py
[2025-08-14T11:22:12.780+0000] {logging_mixin.py:150} INFO - [2025-08-14T11:22:12.780+0000] {dag.py:2742} INFO - Sync 1 DAGs
[2025-08-14T11:22:12.793+0000] {logging_mixin.py:150} INFO - [2025-08-14T11:22:12.793+0000] {dag.py:3504} INFO - Setting next_dagrun for example_sensors to None, run_after=None
[2025-08-14T11:22:12.808+0000] {processor.py:179} INFO - Processing /home/vscode/.local/lib/python3.10/site-packages/airflow/example_dags/example_sensors.py took 0.053 seconds
[2025-08-14T11:23:00.271+0000] {processor.py:157} INFO - Started process (PID=53475) to work on /home/vscode/.local/lib/python3.10/site-packages/airflow/example_dags/example_sensors.py
[2025-08-14T11:23:00.272+0000] {processor.py:826} INFO - Processing file /home/vscode/.local/lib/python3.10/site-packages/airflow/example_dags/example_sensors.py for tasks to queue
[2025-08-14T11:23:00.272+0000] {logging_mixin.py:150} INFO - [2025-08-14T11:23:00.272+0000] {dagbag.py:541} INFO - Filling up the DagBag from /home/vscode/.local/lib/python3.10/site-packages/airflow/example_dags/example_sensors.py
[2025-08-14T11:23:00.279+0000] {processor.py:836} INFO - DAG(s) dict_keys(['example_sensors']) retrieved from /home/vscode/.local/lib/python3.10/site-packages/airflow/example_dags/example_sensors.py
[2025-08-14T11:23:00.294+0000] {logging_mixin.py:150} INFO - [2025-08-14T11:23:00.294+0000] {dag.py:2742} INFO - Sync 1 DAGs
[2025-08-14T11:23:00.308+0000] {logging_mixin.py:150} INFO - [2025-08-14T11:23:00.308+0000] {dag.py:3504} INFO - Setting next_dagrun for example_sensors to None, run_after=None
[2025-08-14T11:23:00.323+0000] {processor.py:179} INFO - Processing /home/vscode/.local/lib/python3.10/site-packages/airflow/example_dags/example_sensors.py took 0.055 seconds
[2025-08-14T11:23:47.166+0000] {processor.py:157} INFO - Started process (PID=53922) to work on /home/vscode/.local/lib/python3.10/site-packages/airflow/example_dags/example_sensors.py
[2025-08-14T11:23:47.167+0000] {processor.py:826} INFO - Processing file /home/vscode/.local/lib/python3.10/site-packages/airflow/example_dags/example_sensors.py for tasks to queue
[2025-08-14T11:23:47.168+0000] {logging_mixin.py:150} INFO - [2025-08-14T11:23:47.167+0000] {dagbag.py:541} INFO - Filling up the DagBag from /home/vscode/.local/lib/python3.10/site-packages/airflow/example_dags/example_sensors.py
[2025-08-14T11:23:47.179+0000] {processor.py:836} INFO - DAG(s) dict_keys(['example_sensors']) retrieved from /home/vscode/.local/lib/python3.10/site-packages/airflow/example_dags/example_sensors.py
[2025-08-14T11:23:47.208+0000] {logging_mixin.py:150} INFO - [2025-08-14T11:23:47.208+0000] {dag.py:2742} INFO - Sync 1 DAGs
[2025-08-14T11:23:47.226+0000] {logging_mixin.py:150} INFO - [2025-08-14T11:23:47.225+0000] {dag.py:3504} INFO - Setting next_dagrun for example_sensors to None, run_after=None
[2025-08-14T11:23:47.241+0000] {processor.py:179} INFO - Processing /home/vscode/.local/lib/python3.10/site-packages/airflow/example_dags/example_sensors.py took 0.078 seconds
[2025-08-14T11:24:34.375+0000] {processor.py:157} INFO - Started process (PID=54368) to work on /home/vscode/.local/lib/python3.10/site-packages/airflow/example_dags/example_sensors.py
[2025-08-14T11:24:34.376+0000] {processor.py:826} INFO - Processing file /home/vscode/.local/lib/python3.10/site-packages/airflow/example_dags/example_sensors.py for tasks to queue
[2025-08-14T11:24:34.377+0000] {logging_mixin.py:150} INFO - [2025-08-14T11:24:34.377+0000] {dagbag.py:541} INFO - Filling up the DagBag from /home/vscode/.local/lib/python3.10/site-packages/airflow/example_dags/example_sensors.py
[2025-08-14T11:24:34.384+0000] {processor.py:836} INFO - DAG(s) dict_keys(['example_sensors']) retrieved from /home/vscode/.local/lib/python3.10/site-packages/airflow/example_dags/example_sensors.py
[2025-08-14T11:24:34.399+0000] {logging_mixin.py:150} INFO - [2025-08-14T11:24:34.399+0000] {dag.py:2742} INFO - Sync 1 DAGs
[2025-08-14T11:24:34.412+0000] {logging_mixin.py:150} INFO - [2025-08-14T11:24:34.412+0000] {dag.py:3504} INFO - Setting next_dagrun for example_sensors to None, run_after=None
[2025-08-14T11:24:34.428+0000] {processor.py:179} INFO - Processing /home/vscode/.local/lib/python3.10/site-packages/airflow/example_dags/example_sensors.py took 0.055 seconds
[2025-08-14T11:25:25.787+0000] {processor.py:157} INFO - Started process (PID=54861) to work on /home/vscode/.local/lib/python3.10/site-packages/airflow/example_dags/example_sensors.py
[2025-08-14T11:25:25.788+0000] {processor.py:826} INFO - Processing file /home/vscode/.local/lib/python3.10/site-packages/airflow/example_dags/example_sensors.py for tasks to queue
[2025-08-14T11:25:25.788+0000] {logging_mixin.py:150} INFO - [2025-08-14T11:25:25.788+0000] {dagbag.py:541} INFO - Filling up the DagBag from /home/vscode/.local/lib/python3.10/site-packages/airflow/example_dags/example_sensors.py
[2025-08-14T11:25:25.797+0000] {processor.py:836} INFO - DAG(s) dict_keys(['example_sensors']) retrieved from /home/vscode/.local/lib/python3.10/site-packages/airflow/example_dags/example_sensors.py
[2025-08-14T11:25:25.811+0000] {logging_mixin.py:150} INFO - [2025-08-14T11:25:25.811+0000] {dag.py:2742} INFO - Sync 1 DAGs
[2025-08-14T11:25:25.826+0000] {logging_mixin.py:150} INFO - [2025-08-14T11:25:25.825+0000] {dag.py:3504} INFO - Setting next_dagrun for example_sensors to None, run_after=None
[2025-08-14T11:25:25.842+0000] {processor.py:179} INFO - Processing /home/vscode/.local/lib/python3.10/site-packages/airflow/example_dags/example_sensors.py took 0.057 seconds
[2025-08-14T11:26:14.315+0000] {processor.py:157} INFO - Started process (PID=55325) to work on /home/vscode/.local/lib/python3.10/site-packages/airflow/example_dags/example_sensors.py
[2025-08-14T11:26:14.316+0000] {processor.py:826} INFO - Processing file /home/vscode/.local/lib/python3.10/site-packages/airflow/example_dags/example_sensors.py for tasks to queue
[2025-08-14T11:26:14.317+0000] {logging_mixin.py:150} INFO - [2025-08-14T11:26:14.316+0000] {dagbag.py:541} INFO - Filling up the DagBag from /home/vscode/.local/lib/python3.10/site-packages/airflow/example_dags/example_sensors.py
[2025-08-14T11:26:14.323+0000] {processor.py:836} INFO - DAG(s) dict_keys(['example_sensors']) retrieved from /home/vscode/.local/lib/python3.10/site-packages/airflow/example_dags/example_sensors.py
[2025-08-14T11:26:14.339+0000] {logging_mixin.py:150} INFO - [2025-08-14T11:26:14.339+0000] {dag.py:2742} INFO - Sync 1 DAGs
[2025-08-14T11:26:14.353+0000] {logging_mixin.py:150} INFO - [2025-08-14T11:26:14.353+0000] {dag.py:3504} INFO - Setting next_dagrun for example_sensors to None, run_after=None
[2025-08-14T11:26:14.368+0000] {processor.py:179} INFO - Processing /home/vscode/.local/lib/python3.10/site-packages/airflow/example_dags/example_sensors.py took 0.055 seconds
