[2025-08-14T09:39:33.639+0000] {processor.py:157} INFO - Started process (PID=3692) to work on /home/vscode/.local/lib/python3.10/site-packages/airflow/example_dags/example_params_ui_tutorial.py
[2025-08-14T09:39:33.639+0000] {processor.py:826} INFO - Processing file /home/vscode/.local/lib/python3.10/site-packages/airflow/example_dags/example_params_ui_tutorial.py for tasks to queue
[2025-08-14T09:39:33.640+0000] {logging_mixin.py:150} INFO - [2025-08-14T09:39:33.640+0000] {dagbag.py:541} INFO - Filling up the DagBag from /home/vscode/.local/lib/python3.10/site-packages/airflow/example_dags/example_params_ui_tutorial.py
[2025-08-14T09:39:33.660+0000] {processor.py:836} INFO - DAG(s) dict_keys(['example_params_ui_tutorial']) retrieved from /home/vscode/.local/lib/python3.10/site-packages/airflow/example_dags/example_params_ui_tutorial.py
[2025-08-14T09:39:33.752+0000] {logging_mixin.py:150} INFO - [2025-08-14T09:39:33.751+0000] {manager.py:504} INFO - Created Permission View: can edit on DAG:example_params_ui_tutorial
[2025-08-14T09:39:33.760+0000] {logging_mixin.py:150} INFO - [2025-08-14T09:39:33.760+0000] {manager.py:504} INFO - Created Permission View: can read on DAG:example_params_ui_tutorial
[2025-08-14T09:39:33.768+0000] {logging_mixin.py:150} INFO - [2025-08-14T09:39:33.768+0000] {manager.py:504} INFO - Created Permission View: can delete on DAG:example_params_ui_tutorial
[2025-08-14T09:39:33.776+0000] {logging_mixin.py:150} INFO - [2025-08-14T09:39:33.776+0000] {dag.py:2742} INFO - Sync 1 DAGs
[2025-08-14T09:39:33.783+0000] {logging_mixin.py:150} INFO - [2025-08-14T09:39:33.783+0000] {dag.py:2763} INFO - Creating ORM DAG for example_params_ui_tutorial
[2025-08-14T09:39:33.789+0000] {logging_mixin.py:150} INFO - [2025-08-14T09:39:33.789+0000] {dag.py:3504} INFO - Setting next_dagrun for example_params_ui_tutorial to None, run_after=None
[2025-08-14T09:39:33.805+0000] {processor.py:179} INFO - Processing /home/vscode/.local/lib/python3.10/site-packages/airflow/example_dags/example_params_ui_tutorial.py took 0.168 seconds
[2025-08-14T09:40:20.284+0000] {processor.py:157} INFO - Started process (PID=4015) to work on /home/vscode/.local/lib/python3.10/site-packages/airflow/example_dags/example_params_ui_tutorial.py
[2025-08-14T09:40:20.284+0000] {processor.py:826} INFO - Processing file /home/vscode/.local/lib/python3.10/site-packages/airflow/example_dags/example_params_ui_tutorial.py for tasks to queue
[2025-08-14T09:40:20.285+0000] {logging_mixin.py:150} INFO - [2025-08-14T09:40:20.285+0000] {dagbag.py:541} INFO - Filling up the DagBag from /home/vscode/.local/lib/python3.10/site-packages/airflow/example_dags/example_params_ui_tutorial.py
[2025-08-14T09:40:20.302+0000] {processor.py:836} INFO - DAG(s) dict_keys(['example_params_ui_tutorial']) retrieved from /home/vscode/.local/lib/python3.10/site-packages/airflow/example_dags/example_params_ui_tutorial.py
[2025-08-14T09:40:20.328+0000] {logging_mixin.py:150} INFO - [2025-08-14T09:40:20.328+0000] {dag.py:2742} INFO - Sync 1 DAGs
[2025-08-14T09:40:20.342+0000] {logging_mixin.py:150} INFO - [2025-08-14T09:40:20.342+0000] {dag.py:3504} INFO - Setting next_dagrun for example_params_ui_tutorial to None, run_after=None
[2025-08-14T09:40:20.357+0000] {processor.py:179} INFO - Processing /home/vscode/.local/lib/python3.10/site-packages/airflow/example_dags/example_params_ui_tutorial.py took 0.075 seconds
[2025-08-14T09:41:03.535+0000] {processor.py:157} INFO - Started process (PID=4302) to work on /home/vscode/.local/lib/python3.10/site-packages/airflow/example_dags/example_params_ui_tutorial.py
[2025-08-14T09:41:03.536+0000] {processor.py:826} INFO - Processing file /home/vscode/.local/lib/python3.10/site-packages/airflow/example_dags/example_params_ui_tutorial.py for tasks to queue
[2025-08-14T09:41:03.536+0000] {logging_mixin.py:150} INFO - [2025-08-14T09:41:03.536+0000] {dagbag.py:541} INFO - Filling up the DagBag from /home/vscode/.local/lib/python3.10/site-packages/airflow/example_dags/example_params_ui_tutorial.py
[2025-08-14T09:41:03.553+0000] {processor.py:836} INFO - DAG(s) dict_keys(['example_params_ui_tutorial']) retrieved from /home/vscode/.local/lib/python3.10/site-packages/airflow/example_dags/example_params_ui_tutorial.py
[2025-08-14T09:41:03.579+0000] {logging_mixin.py:150} INFO - [2025-08-14T09:41:03.578+0000] {dag.py:2742} INFO - Sync 1 DAGs
[2025-08-14T09:41:03.593+0000] {logging_mixin.py:150} INFO - [2025-08-14T09:41:03.593+0000] {dag.py:3504} INFO - Setting next_dagrun for example_params_ui_tutorial to None, run_after=None
[2025-08-14T09:41:03.608+0000] {processor.py:179} INFO - Processing /home/vscode/.local/lib/python3.10/site-packages/airflow/example_dags/example_params_ui_tutorial.py took 0.075 seconds
[2025-08-14T09:41:49.581+0000] {processor.py:157} INFO - Started process (PID=4647) to work on /home/vscode/.local/lib/python3.10/site-packages/airflow/example_dags/example_params_ui_tutorial.py
[2025-08-14T09:41:49.582+0000] {processor.py:826} INFO - Processing file /home/vscode/.local/lib/python3.10/site-packages/airflow/example_dags/example_params_ui_tutorial.py for tasks to queue
[2025-08-14T09:41:49.582+0000] {logging_mixin.py:150} INFO - [2025-08-14T09:41:49.582+0000] {dagbag.py:541} INFO - Filling up the DagBag from /home/vscode/.local/lib/python3.10/site-packages/airflow/example_dags/example_params_ui_tutorial.py
[2025-08-14T09:41:49.600+0000] {processor.py:836} INFO - DAG(s) dict_keys(['example_params_ui_tutorial']) retrieved from /home/vscode/.local/lib/python3.10/site-packages/airflow/example_dags/example_params_ui_tutorial.py
[2025-08-14T09:41:49.626+0000] {logging_mixin.py:150} INFO - [2025-08-14T09:41:49.625+0000] {dag.py:2742} INFO - Sync 1 DAGs
[2025-08-14T09:41:49.639+0000] {logging_mixin.py:150} INFO - [2025-08-14T09:41:49.639+0000] {dag.py:3504} INFO - Setting next_dagrun for example_params_ui_tutorial to None, run_after=None
[2025-08-14T09:41:49.653+0000] {processor.py:179} INFO - Processing /home/vscode/.local/lib/python3.10/site-packages/airflow/example_dags/example_params_ui_tutorial.py took 0.074 seconds
[2025-08-14T09:42:33.852+0000] {processor.py:157} INFO - Started process (PID=4966) to work on /home/vscode/.local/lib/python3.10/site-packages/airflow/example_dags/example_params_ui_tutorial.py
[2025-08-14T09:42:33.853+0000] {processor.py:826} INFO - Processing file /home/vscode/.local/lib/python3.10/site-packages/airflow/example_dags/example_params_ui_tutorial.py for tasks to queue
[2025-08-14T09:42:33.854+0000] {logging_mixin.py:150} INFO - [2025-08-14T09:42:33.853+0000] {dagbag.py:541} INFO - Filling up the DagBag from /home/vscode/.local/lib/python3.10/site-packages/airflow/example_dags/example_params_ui_tutorial.py
[2025-08-14T09:42:33.873+0000] {processor.py:836} INFO - DAG(s) dict_keys(['example_params_ui_tutorial']) retrieved from /home/vscode/.local/lib/python3.10/site-packages/airflow/example_dags/example_params_ui_tutorial.py
[2025-08-14T09:42:33.898+0000] {logging_mixin.py:150} INFO - [2025-08-14T09:42:33.898+0000] {dag.py:2742} INFO - Sync 1 DAGs
[2025-08-14T09:42:33.912+0000] {logging_mixin.py:150} INFO - [2025-08-14T09:42:33.912+0000] {dag.py:3504} INFO - Setting next_dagrun for example_params_ui_tutorial to None, run_after=None
[2025-08-14T09:42:33.927+0000] {processor.py:179} INFO - Processing /home/vscode/.local/lib/python3.10/site-packages/airflow/example_dags/example_params_ui_tutorial.py took 0.077 seconds
[2025-08-14T09:43:22.580+0000] {processor.py:157} INFO - Started process (PID=5306) to work on /home/vscode/.local/lib/python3.10/site-packages/airflow/example_dags/example_params_ui_tutorial.py
[2025-08-14T09:43:22.581+0000] {processor.py:826} INFO - Processing file /home/vscode/.local/lib/python3.10/site-packages/airflow/example_dags/example_params_ui_tutorial.py for tasks to queue
[2025-08-14T09:43:22.582+0000] {logging_mixin.py:150} INFO - [2025-08-14T09:43:22.581+0000] {dagbag.py:541} INFO - Filling up the DagBag from /home/vscode/.local/lib/python3.10/site-packages/airflow/example_dags/example_params_ui_tutorial.py
[2025-08-14T09:43:22.603+0000] {processor.py:836} INFO - DAG(s) dict_keys(['example_params_ui_tutorial']) retrieved from /home/vscode/.local/lib/python3.10/site-packages/airflow/example_dags/example_params_ui_tutorial.py
[2025-08-14T09:43:22.628+0000] {logging_mixin.py:150} INFO - [2025-08-14T09:43:22.628+0000] {dag.py:2742} INFO - Sync 1 DAGs
[2025-08-14T09:43:22.643+0000] {logging_mixin.py:150} INFO - [2025-08-14T09:43:22.643+0000] {dag.py:3504} INFO - Setting next_dagrun for example_params_ui_tutorial to None, run_after=None
[2025-08-14T09:43:22.660+0000] {processor.py:179} INFO - Processing /home/vscode/.local/lib/python3.10/site-packages/airflow/example_dags/example_params_ui_tutorial.py took 0.082 seconds
[2025-08-14T09:44:06.987+0000] {processor.py:157} INFO - Started process (PID=5639) to work on /home/vscode/.local/lib/python3.10/site-packages/airflow/example_dags/example_params_ui_tutorial.py
[2025-08-14T09:44:06.988+0000] {processor.py:826} INFO - Processing file /home/vscode/.local/lib/python3.10/site-packages/airflow/example_dags/example_params_ui_tutorial.py for tasks to queue
[2025-08-14T09:44:06.989+0000] {logging_mixin.py:150} INFO - [2025-08-14T09:44:06.988+0000] {dagbag.py:541} INFO - Filling up the DagBag from /home/vscode/.local/lib/python3.10/site-packages/airflow/example_dags/example_params_ui_tutorial.py
[2025-08-14T09:44:07.006+0000] {processor.py:836} INFO - DAG(s) dict_keys(['example_params_ui_tutorial']) retrieved from /home/vscode/.local/lib/python3.10/site-packages/airflow/example_dags/example_params_ui_tutorial.py
[2025-08-14T09:44:07.030+0000] {logging_mixin.py:150} INFO - [2025-08-14T09:44:07.030+0000] {dag.py:2742} INFO - Sync 1 DAGs
[2025-08-14T09:44:07.043+0000] {logging_mixin.py:150} INFO - [2025-08-14T09:44:07.043+0000] {dag.py:3504} INFO - Setting next_dagrun for example_params_ui_tutorial to None, run_after=None
[2025-08-14T09:44:07.057+0000] {processor.py:179} INFO - Processing /home/vscode/.local/lib/python3.10/site-packages/airflow/example_dags/example_params_ui_tutorial.py took 0.072 seconds
[2025-08-14T09:44:48.831+0000] {processor.py:157} INFO - Started process (PID=5949) to work on /home/vscode/.local/lib/python3.10/site-packages/airflow/example_dags/example_params_ui_tutorial.py
[2025-08-14T09:44:48.832+0000] {processor.py:826} INFO - Processing file /home/vscode/.local/lib/python3.10/site-packages/airflow/example_dags/example_params_ui_tutorial.py for tasks to queue
[2025-08-14T09:44:48.832+0000] {logging_mixin.py:150} INFO - [2025-08-14T09:44:48.832+0000] {dagbag.py:541} INFO - Filling up the DagBag from /home/vscode/.local/lib/python3.10/site-packages/airflow/example_dags/example_params_ui_tutorial.py
[2025-08-14T09:44:48.849+0000] {processor.py:836} INFO - DAG(s) dict_keys(['example_params_ui_tutorial']) retrieved from /home/vscode/.local/lib/python3.10/site-packages/airflow/example_dags/example_params_ui_tutorial.py
[2025-08-14T09:44:48.874+0000] {logging_mixin.py:150} INFO - [2025-08-14T09:44:48.874+0000] {dag.py:2742} INFO - Sync 1 DAGs
[2025-08-14T09:44:48.888+0000] {logging_mixin.py:150} INFO - [2025-08-14T09:44:48.888+0000] {dag.py:3504} INFO - Setting next_dagrun for example_params_ui_tutorial to None, run_after=None
[2025-08-14T09:44:48.903+0000] {processor.py:179} INFO - Processing /home/vscode/.local/lib/python3.10/site-packages/airflow/example_dags/example_params_ui_tutorial.py took 0.074 seconds
[2025-08-14T09:45:32.230+0000] {processor.py:157} INFO - Started process (PID=6273) to work on /home/vscode/.local/lib/python3.10/site-packages/airflow/example_dags/example_params_ui_tutorial.py
[2025-08-14T09:45:32.230+0000] {processor.py:826} INFO - Processing file /home/vscode/.local/lib/python3.10/site-packages/airflow/example_dags/example_params_ui_tutorial.py for tasks to queue
[2025-08-14T09:45:32.231+0000] {logging_mixin.py:150} INFO - [2025-08-14T09:45:32.231+0000] {dagbag.py:541} INFO - Filling up the DagBag from /home/vscode/.local/lib/python3.10/site-packages/airflow/example_dags/example_params_ui_tutorial.py
[2025-08-14T09:45:32.249+0000] {processor.py:836} INFO - DAG(s) dict_keys(['example_params_ui_tutorial']) retrieved from /home/vscode/.local/lib/python3.10/site-packages/airflow/example_dags/example_params_ui_tutorial.py
[2025-08-14T09:45:32.275+0000] {logging_mixin.py:150} INFO - [2025-08-14T09:45:32.275+0000] {dag.py:2742} INFO - Sync 1 DAGs
[2025-08-14T09:45:32.289+0000] {logging_mixin.py:150} INFO - [2025-08-14T09:45:32.289+0000] {dag.py:3504} INFO - Setting next_dagrun for example_params_ui_tutorial to None, run_after=None
[2025-08-14T09:45:32.304+0000] {processor.py:179} INFO - Processing /home/vscode/.local/lib/python3.10/site-packages/airflow/example_dags/example_params_ui_tutorial.py took 0.076 seconds
[2025-08-14T09:46:20.189+0000] {processor.py:157} INFO - Started process (PID=6588) to work on /home/vscode/.local/lib/python3.10/site-packages/airflow/example_dags/example_params_ui_tutorial.py
[2025-08-14T09:46:20.190+0000] {processor.py:826} INFO - Processing file /home/vscode/.local/lib/python3.10/site-packages/airflow/example_dags/example_params_ui_tutorial.py for tasks to queue
[2025-08-14T09:46:20.191+0000] {logging_mixin.py:150} INFO - [2025-08-14T09:46:20.190+0000] {dagbag.py:541} INFO - Filling up the DagBag from /home/vscode/.local/lib/python3.10/site-packages/airflow/example_dags/example_params_ui_tutorial.py
[2025-08-14T09:46:20.208+0000] {processor.py:836} INFO - DAG(s) dict_keys(['example_params_ui_tutorial']) retrieved from /home/vscode/.local/lib/python3.10/site-packages/airflow/example_dags/example_params_ui_tutorial.py
[2025-08-14T09:46:20.233+0000] {logging_mixin.py:150} INFO - [2025-08-14T09:46:20.233+0000] {dag.py:2742} INFO - Sync 1 DAGs
[2025-08-14T09:46:20.247+0000] {logging_mixin.py:150} INFO - [2025-08-14T09:46:20.247+0000] {dag.py:3504} INFO - Setting next_dagrun for example_params_ui_tutorial to None, run_after=None
[2025-08-14T09:46:20.262+0000] {processor.py:179} INFO - Processing /home/vscode/.local/lib/python3.10/site-packages/airflow/example_dags/example_params_ui_tutorial.py took 0.075 seconds
[2025-08-14T09:47:06.393+0000] {processor.py:157} INFO - Started process (PID=6897) to work on /home/vscode/.local/lib/python3.10/site-packages/airflow/example_dags/example_params_ui_tutorial.py
[2025-08-14T09:47:06.394+0000] {processor.py:826} INFO - Processing file /home/vscode/.local/lib/python3.10/site-packages/airflow/example_dags/example_params_ui_tutorial.py for tasks to queue
[2025-08-14T09:47:06.395+0000] {logging_mixin.py:150} INFO - [2025-08-14T09:47:06.394+0000] {dagbag.py:541} INFO - Filling up the DagBag from /home/vscode/.local/lib/python3.10/site-packages/airflow/example_dags/example_params_ui_tutorial.py
[2025-08-14T09:47:06.421+0000] {processor.py:836} INFO - DAG(s) dict_keys(['example_params_ui_tutorial']) retrieved from /home/vscode/.local/lib/python3.10/site-packages/airflow/example_dags/example_params_ui_tutorial.py
[2025-08-14T09:47:06.452+0000] {logging_mixin.py:150} INFO - [2025-08-14T09:47:06.452+0000] {dag.py:2742} INFO - Sync 1 DAGs
[2025-08-14T09:47:06.466+0000] {logging_mixin.py:150} INFO - [2025-08-14T09:47:06.466+0000] {dag.py:3504} INFO - Setting next_dagrun for example_params_ui_tutorial to None, run_after=None
[2025-08-14T09:47:06.481+0000] {processor.py:179} INFO - Processing /home/vscode/.local/lib/python3.10/site-packages/airflow/example_dags/example_params_ui_tutorial.py took 0.091 seconds
[2025-08-14T09:47:52.804+0000] {processor.py:157} INFO - Started process (PID=7220) to work on /home/vscode/.local/lib/python3.10/site-packages/airflow/example_dags/example_params_ui_tutorial.py
[2025-08-14T09:47:52.805+0000] {processor.py:826} INFO - Processing file /home/vscode/.local/lib/python3.10/site-packages/airflow/example_dags/example_params_ui_tutorial.py for tasks to queue
[2025-08-14T09:47:52.805+0000] {logging_mixin.py:150} INFO - [2025-08-14T09:47:52.805+0000] {dagbag.py:541} INFO - Filling up the DagBag from /home/vscode/.local/lib/python3.10/site-packages/airflow/example_dags/example_params_ui_tutorial.py
[2025-08-14T09:47:52.822+0000] {processor.py:836} INFO - DAG(s) dict_keys(['example_params_ui_tutorial']) retrieved from /home/vscode/.local/lib/python3.10/site-packages/airflow/example_dags/example_params_ui_tutorial.py
[2025-08-14T09:47:52.847+0000] {logging_mixin.py:150} INFO - [2025-08-14T09:47:52.847+0000] {dag.py:2742} INFO - Sync 1 DAGs
[2025-08-14T09:47:52.861+0000] {logging_mixin.py:150} INFO - [2025-08-14T09:47:52.861+0000] {dag.py:3504} INFO - Setting next_dagrun for example_params_ui_tutorial to None, run_after=None
[2025-08-14T09:47:52.879+0000] {processor.py:179} INFO - Processing /home/vscode/.local/lib/python3.10/site-packages/airflow/example_dags/example_params_ui_tutorial.py took 0.077 seconds
[2025-08-14T09:48:40.594+0000] {processor.py:157} INFO - Started process (PID=7568) to work on /home/vscode/.local/lib/python3.10/site-packages/airflow/example_dags/example_params_ui_tutorial.py
[2025-08-14T09:48:40.595+0000] {processor.py:826} INFO - Processing file /home/vscode/.local/lib/python3.10/site-packages/airflow/example_dags/example_params_ui_tutorial.py for tasks to queue
[2025-08-14T09:48:40.596+0000] {logging_mixin.py:150} INFO - [2025-08-14T09:48:40.595+0000] {dagbag.py:541} INFO - Filling up the DagBag from /home/vscode/.local/lib/python3.10/site-packages/airflow/example_dags/example_params_ui_tutorial.py
[2025-08-14T09:48:40.613+0000] {processor.py:836} INFO - DAG(s) dict_keys(['example_params_ui_tutorial']) retrieved from /home/vscode/.local/lib/python3.10/site-packages/airflow/example_dags/example_params_ui_tutorial.py
[2025-08-14T09:48:40.638+0000] {logging_mixin.py:150} INFO - [2025-08-14T09:48:40.638+0000] {dag.py:2742} INFO - Sync 1 DAGs
[2025-08-14T09:48:40.654+0000] {logging_mixin.py:150} INFO - [2025-08-14T09:48:40.654+0000] {dag.py:3504} INFO - Setting next_dagrun for example_params_ui_tutorial to None, run_after=None
[2025-08-14T09:48:40.679+0000] {processor.py:179} INFO - Processing /home/vscode/.local/lib/python3.10/site-packages/airflow/example_dags/example_params_ui_tutorial.py took 0.087 seconds
[2025-08-14T09:49:25.144+0000] {processor.py:157} INFO - Started process (PID=7906) to work on /home/vscode/.local/lib/python3.10/site-packages/airflow/example_dags/example_params_ui_tutorial.py
[2025-08-14T09:49:25.144+0000] {processor.py:826} INFO - Processing file /home/vscode/.local/lib/python3.10/site-packages/airflow/example_dags/example_params_ui_tutorial.py for tasks to queue
[2025-08-14T09:49:25.145+0000] {logging_mixin.py:150} INFO - [2025-08-14T09:49:25.145+0000] {dagbag.py:541} INFO - Filling up the DagBag from /home/vscode/.local/lib/python3.10/site-packages/airflow/example_dags/example_params_ui_tutorial.py
[2025-08-14T09:49:25.163+0000] {processor.py:836} INFO - DAG(s) dict_keys(['example_params_ui_tutorial']) retrieved from /home/vscode/.local/lib/python3.10/site-packages/airflow/example_dags/example_params_ui_tutorial.py
[2025-08-14T09:49:25.188+0000] {logging_mixin.py:150} INFO - [2025-08-14T09:49:25.188+0000] {dag.py:2742} INFO - Sync 1 DAGs
[2025-08-14T09:49:25.202+0000] {logging_mixin.py:150} INFO - [2025-08-14T09:49:25.202+0000] {dag.py:3504} INFO - Setting next_dagrun for example_params_ui_tutorial to None, run_after=None
[2025-08-14T09:49:25.217+0000] {processor.py:179} INFO - Processing /home/vscode/.local/lib/python3.10/site-packages/airflow/example_dags/example_params_ui_tutorial.py took 0.076 seconds
[2025-08-14T09:50:12.829+0000] {processor.py:157} INFO - Started process (PID=8267) to work on /home/vscode/.local/lib/python3.10/site-packages/airflow/example_dags/example_params_ui_tutorial.py
[2025-08-14T09:50:12.830+0000] {processor.py:826} INFO - Processing file /home/vscode/.local/lib/python3.10/site-packages/airflow/example_dags/example_params_ui_tutorial.py for tasks to queue
[2025-08-14T09:50:12.830+0000] {logging_mixin.py:150} INFO - [2025-08-14T09:50:12.830+0000] {dagbag.py:541} INFO - Filling up the DagBag from /home/vscode/.local/lib/python3.10/site-packages/airflow/example_dags/example_params_ui_tutorial.py
[2025-08-14T09:50:12.850+0000] {processor.py:836} INFO - DAG(s) dict_keys(['example_params_ui_tutorial']) retrieved from /home/vscode/.local/lib/python3.10/site-packages/airflow/example_dags/example_params_ui_tutorial.py
[2025-08-14T09:50:12.875+0000] {logging_mixin.py:150} INFO - [2025-08-14T09:50:12.875+0000] {dag.py:2742} INFO - Sync 1 DAGs
[2025-08-14T09:50:12.889+0000] {logging_mixin.py:150} INFO - [2025-08-14T09:50:12.889+0000] {dag.py:3504} INFO - Setting next_dagrun for example_params_ui_tutorial to None, run_after=None
[2025-08-14T09:50:12.905+0000] {processor.py:179} INFO - Processing /home/vscode/.local/lib/python3.10/site-packages/airflow/example_dags/example_params_ui_tutorial.py took 0.080 seconds
[2025-08-14T09:50:56.491+0000] {processor.py:157} INFO - Started process (PID=8591) to work on /home/vscode/.local/lib/python3.10/site-packages/airflow/example_dags/example_params_ui_tutorial.py
[2025-08-14T09:50:56.491+0000] {processor.py:826} INFO - Processing file /home/vscode/.local/lib/python3.10/site-packages/airflow/example_dags/example_params_ui_tutorial.py for tasks to queue
[2025-08-14T09:50:56.492+0000] {logging_mixin.py:150} INFO - [2025-08-14T09:50:56.492+0000] {dagbag.py:541} INFO - Filling up the DagBag from /home/vscode/.local/lib/python3.10/site-packages/airflow/example_dags/example_params_ui_tutorial.py
[2025-08-14T09:50:56.509+0000] {processor.py:836} INFO - DAG(s) dict_keys(['example_params_ui_tutorial']) retrieved from /home/vscode/.local/lib/python3.10/site-packages/airflow/example_dags/example_params_ui_tutorial.py
[2025-08-14T09:50:56.535+0000] {logging_mixin.py:150} INFO - [2025-08-14T09:50:56.535+0000] {dag.py:2742} INFO - Sync 1 DAGs
[2025-08-14T09:50:56.552+0000] {logging_mixin.py:150} INFO - [2025-08-14T09:50:56.552+0000] {dag.py:3504} INFO - Setting next_dagrun for example_params_ui_tutorial to None, run_after=None
[2025-08-14T09:50:56.569+0000] {processor.py:179} INFO - Processing /home/vscode/.local/lib/python3.10/site-packages/airflow/example_dags/example_params_ui_tutorial.py took 0.080 seconds
[2025-08-14T09:51:40.994+0000] {processor.py:157} INFO - Started process (PID=8913) to work on /home/vscode/.local/lib/python3.10/site-packages/airflow/example_dags/example_params_ui_tutorial.py
[2025-08-14T09:51:40.994+0000] {processor.py:826} INFO - Processing file /home/vscode/.local/lib/python3.10/site-packages/airflow/example_dags/example_params_ui_tutorial.py for tasks to queue
[2025-08-14T09:51:40.995+0000] {logging_mixin.py:150} INFO - [2025-08-14T09:51:40.995+0000] {dagbag.py:541} INFO - Filling up the DagBag from /home/vscode/.local/lib/python3.10/site-packages/airflow/example_dags/example_params_ui_tutorial.py
[2025-08-14T09:51:41.013+0000] {processor.py:836} INFO - DAG(s) dict_keys(['example_params_ui_tutorial']) retrieved from /home/vscode/.local/lib/python3.10/site-packages/airflow/example_dags/example_params_ui_tutorial.py
[2025-08-14T09:51:41.039+0000] {logging_mixin.py:150} INFO - [2025-08-14T09:51:41.038+0000] {dag.py:2742} INFO - Sync 1 DAGs
[2025-08-14T09:51:41.053+0000] {logging_mixin.py:150} INFO - [2025-08-14T09:51:41.053+0000] {dag.py:3504} INFO - Setting next_dagrun for example_params_ui_tutorial to None, run_after=None
[2025-08-14T09:51:41.069+0000] {processor.py:179} INFO - Processing /home/vscode/.local/lib/python3.10/site-packages/airflow/example_dags/example_params_ui_tutorial.py took 0.077 seconds
[2025-08-14T09:52:28.690+0000] {processor.py:157} INFO - Started process (PID=9232) to work on /home/vscode/.local/lib/python3.10/site-packages/airflow/example_dags/example_params_ui_tutorial.py
[2025-08-14T09:52:28.691+0000] {processor.py:826} INFO - Processing file /home/vscode/.local/lib/python3.10/site-packages/airflow/example_dags/example_params_ui_tutorial.py for tasks to queue
[2025-08-14T09:52:28.691+0000] {logging_mixin.py:150} INFO - [2025-08-14T09:52:28.691+0000] {dagbag.py:541} INFO - Filling up the DagBag from /home/vscode/.local/lib/python3.10/site-packages/airflow/example_dags/example_params_ui_tutorial.py
[2025-08-14T09:52:28.709+0000] {processor.py:836} INFO - DAG(s) dict_keys(['example_params_ui_tutorial']) retrieved from /home/vscode/.local/lib/python3.10/site-packages/airflow/example_dags/example_params_ui_tutorial.py
[2025-08-14T09:52:28.734+0000] {logging_mixin.py:150} INFO - [2025-08-14T09:52:28.734+0000] {dag.py:2742} INFO - Sync 1 DAGs
[2025-08-14T09:52:28.748+0000] {logging_mixin.py:150} INFO - [2025-08-14T09:52:28.748+0000] {dag.py:3504} INFO - Setting next_dagrun for example_params_ui_tutorial to None, run_after=None
[2025-08-14T09:52:28.763+0000] {processor.py:179} INFO - Processing /home/vscode/.local/lib/python3.10/site-packages/airflow/example_dags/example_params_ui_tutorial.py took 0.075 seconds
[2025-08-14T09:53:16.112+0000] {processor.py:157} INFO - Started process (PID=9550) to work on /home/vscode/.local/lib/python3.10/site-packages/airflow/example_dags/example_params_ui_tutorial.py
[2025-08-14T09:53:16.112+0000] {processor.py:826} INFO - Processing file /home/vscode/.local/lib/python3.10/site-packages/airflow/example_dags/example_params_ui_tutorial.py for tasks to queue
[2025-08-14T09:53:16.113+0000] {logging_mixin.py:150} INFO - [2025-08-14T09:53:16.113+0000] {dagbag.py:541} INFO - Filling up the DagBag from /home/vscode/.local/lib/python3.10/site-packages/airflow/example_dags/example_params_ui_tutorial.py
[2025-08-14T09:53:16.131+0000] {processor.py:836} INFO - DAG(s) dict_keys(['example_params_ui_tutorial']) retrieved from /home/vscode/.local/lib/python3.10/site-packages/airflow/example_dags/example_params_ui_tutorial.py
[2025-08-14T09:53:16.156+0000] {logging_mixin.py:150} INFO - [2025-08-14T09:53:16.156+0000] {dag.py:2742} INFO - Sync 1 DAGs
[2025-08-14T09:53:16.170+0000] {logging_mixin.py:150} INFO - [2025-08-14T09:53:16.170+0000] {dag.py:3504} INFO - Setting next_dagrun for example_params_ui_tutorial to None, run_after=None
[2025-08-14T09:53:16.185+0000] {processor.py:179} INFO - Processing /home/vscode/.local/lib/python3.10/site-packages/airflow/example_dags/example_params_ui_tutorial.py took 0.075 seconds
[2025-08-14T09:54:03.481+0000] {processor.py:157} INFO - Started process (PID=9857) to work on /home/vscode/.local/lib/python3.10/site-packages/airflow/example_dags/example_params_ui_tutorial.py
[2025-08-14T09:54:03.481+0000] {processor.py:826} INFO - Processing file /home/vscode/.local/lib/python3.10/site-packages/airflow/example_dags/example_params_ui_tutorial.py for tasks to queue
[2025-08-14T09:54:03.482+0000] {logging_mixin.py:150} INFO - [2025-08-14T09:54:03.482+0000] {dagbag.py:541} INFO - Filling up the DagBag from /home/vscode/.local/lib/python3.10/site-packages/airflow/example_dags/example_params_ui_tutorial.py
[2025-08-14T09:54:03.500+0000] {processor.py:836} INFO - DAG(s) dict_keys(['example_params_ui_tutorial']) retrieved from /home/vscode/.local/lib/python3.10/site-packages/airflow/example_dags/example_params_ui_tutorial.py
[2025-08-14T09:54:03.525+0000] {logging_mixin.py:150} INFO - [2025-08-14T09:54:03.525+0000] {dag.py:2742} INFO - Sync 1 DAGs
[2025-08-14T09:54:03.538+0000] {logging_mixin.py:150} INFO - [2025-08-14T09:54:03.538+0000] {dag.py:3504} INFO - Setting next_dagrun for example_params_ui_tutorial to None, run_after=None
[2025-08-14T09:54:03.553+0000] {processor.py:179} INFO - Processing /home/vscode/.local/lib/python3.10/site-packages/airflow/example_dags/example_params_ui_tutorial.py took 0.075 seconds
[2025-08-14T09:54:47.416+0000] {processor.py:157} INFO - Started process (PID=10151) to work on /home/vscode/.local/lib/python3.10/site-packages/airflow/example_dags/example_params_ui_tutorial.py
[2025-08-14T09:54:47.417+0000] {processor.py:826} INFO - Processing file /home/vscode/.local/lib/python3.10/site-packages/airflow/example_dags/example_params_ui_tutorial.py for tasks to queue
[2025-08-14T09:54:47.418+0000] {logging_mixin.py:150} INFO - [2025-08-14T09:54:47.417+0000] {dagbag.py:541} INFO - Filling up the DagBag from /home/vscode/.local/lib/python3.10/site-packages/airflow/example_dags/example_params_ui_tutorial.py
[2025-08-14T09:54:47.435+0000] {processor.py:836} INFO - DAG(s) dict_keys(['example_params_ui_tutorial']) retrieved from /home/vscode/.local/lib/python3.10/site-packages/airflow/example_dags/example_params_ui_tutorial.py
[2025-08-14T09:54:47.468+0000] {logging_mixin.py:150} INFO - [2025-08-14T09:54:47.468+0000] {dag.py:2742} INFO - Sync 1 DAGs
[2025-08-14T09:54:47.491+0000] {logging_mixin.py:150} INFO - [2025-08-14T09:54:47.491+0000] {dag.py:3504} INFO - Setting next_dagrun for example_params_ui_tutorial to None, run_after=None
[2025-08-14T09:54:47.514+0000] {processor.py:179} INFO - Processing /home/vscode/.local/lib/python3.10/site-packages/airflow/example_dags/example_params_ui_tutorial.py took 0.100 seconds
[2025-08-14T09:55:33.050+0000] {processor.py:157} INFO - Started process (PID=10462) to work on /home/vscode/.local/lib/python3.10/site-packages/airflow/example_dags/example_params_ui_tutorial.py
[2025-08-14T09:55:33.050+0000] {processor.py:826} INFO - Processing file /home/vscode/.local/lib/python3.10/site-packages/airflow/example_dags/example_params_ui_tutorial.py for tasks to queue
[2025-08-14T09:55:33.051+0000] {logging_mixin.py:150} INFO - [2025-08-14T09:55:33.051+0000] {dagbag.py:541} INFO - Filling up the DagBag from /home/vscode/.local/lib/python3.10/site-packages/airflow/example_dags/example_params_ui_tutorial.py
[2025-08-14T09:55:33.068+0000] {processor.py:836} INFO - DAG(s) dict_keys(['example_params_ui_tutorial']) retrieved from /home/vscode/.local/lib/python3.10/site-packages/airflow/example_dags/example_params_ui_tutorial.py
[2025-08-14T09:55:33.093+0000] {logging_mixin.py:150} INFO - [2025-08-14T09:55:33.093+0000] {dag.py:2742} INFO - Sync 1 DAGs
[2025-08-14T09:55:33.107+0000] {logging_mixin.py:150} INFO - [2025-08-14T09:55:33.107+0000] {dag.py:3504} INFO - Setting next_dagrun for example_params_ui_tutorial to None, run_after=None
[2025-08-14T09:55:33.122+0000] {processor.py:179} INFO - Processing /home/vscode/.local/lib/python3.10/site-packages/airflow/example_dags/example_params_ui_tutorial.py took 0.074 seconds
[2025-08-14T09:56:21.149+0000] {processor.py:157} INFO - Started process (PID=10829) to work on /home/vscode/.local/lib/python3.10/site-packages/airflow/example_dags/example_params_ui_tutorial.py
[2025-08-14T09:56:21.149+0000] {processor.py:826} INFO - Processing file /home/vscode/.local/lib/python3.10/site-packages/airflow/example_dags/example_params_ui_tutorial.py for tasks to queue
[2025-08-14T09:56:21.150+0000] {logging_mixin.py:150} INFO - [2025-08-14T09:56:21.150+0000] {dagbag.py:541} INFO - Filling up the DagBag from /home/vscode/.local/lib/python3.10/site-packages/airflow/example_dags/example_params_ui_tutorial.py
[2025-08-14T09:56:21.168+0000] {processor.py:836} INFO - DAG(s) dict_keys(['example_params_ui_tutorial']) retrieved from /home/vscode/.local/lib/python3.10/site-packages/airflow/example_dags/example_params_ui_tutorial.py
[2025-08-14T09:56:21.193+0000] {logging_mixin.py:150} INFO - [2025-08-14T09:56:21.193+0000] {dag.py:2742} INFO - Sync 1 DAGs
[2025-08-14T09:56:21.208+0000] {logging_mixin.py:150} INFO - [2025-08-14T09:56:21.208+0000] {dag.py:3504} INFO - Setting next_dagrun for example_params_ui_tutorial to None, run_after=None
[2025-08-14T09:56:21.224+0000] {processor.py:179} INFO - Processing /home/vscode/.local/lib/python3.10/site-packages/airflow/example_dags/example_params_ui_tutorial.py took 0.077 seconds
[2025-08-14T09:57:06.136+0000] {processor.py:157} INFO - Started process (PID=11159) to work on /home/vscode/.local/lib/python3.10/site-packages/airflow/example_dags/example_params_ui_tutorial.py
[2025-08-14T09:57:06.137+0000] {processor.py:826} INFO - Processing file /home/vscode/.local/lib/python3.10/site-packages/airflow/example_dags/example_params_ui_tutorial.py for tasks to queue
[2025-08-14T09:57:06.138+0000] {logging_mixin.py:150} INFO - [2025-08-14T09:57:06.137+0000] {dagbag.py:541} INFO - Filling up the DagBag from /home/vscode/.local/lib/python3.10/site-packages/airflow/example_dags/example_params_ui_tutorial.py
[2025-08-14T09:57:06.155+0000] {processor.py:836} INFO - DAG(s) dict_keys(['example_params_ui_tutorial']) retrieved from /home/vscode/.local/lib/python3.10/site-packages/airflow/example_dags/example_params_ui_tutorial.py
[2025-08-14T09:57:06.180+0000] {logging_mixin.py:150} INFO - [2025-08-14T09:57:06.180+0000] {dag.py:2742} INFO - Sync 1 DAGs
[2025-08-14T09:57:06.193+0000] {logging_mixin.py:150} INFO - [2025-08-14T09:57:06.193+0000] {dag.py:3504} INFO - Setting next_dagrun for example_params_ui_tutorial to None, run_after=None
[2025-08-14T09:57:06.209+0000] {processor.py:179} INFO - Processing /home/vscode/.local/lib/python3.10/site-packages/airflow/example_dags/example_params_ui_tutorial.py took 0.076 seconds
[2025-08-14T09:57:55.699+0000] {processor.py:157} INFO - Started process (PID=11558) to work on /home/vscode/.local/lib/python3.10/site-packages/airflow/example_dags/example_params_ui_tutorial.py
[2025-08-14T09:57:55.700+0000] {processor.py:826} INFO - Processing file /home/vscode/.local/lib/python3.10/site-packages/airflow/example_dags/example_params_ui_tutorial.py for tasks to queue
[2025-08-14T09:57:55.701+0000] {logging_mixin.py:150} INFO - [2025-08-14T09:57:55.701+0000] {dagbag.py:541} INFO - Filling up the DagBag from /home/vscode/.local/lib/python3.10/site-packages/airflow/example_dags/example_params_ui_tutorial.py
[2025-08-14T09:57:55.726+0000] {processor.py:836} INFO - DAG(s) dict_keys(['example_params_ui_tutorial']) retrieved from /home/vscode/.local/lib/python3.10/site-packages/airflow/example_dags/example_params_ui_tutorial.py
[2025-08-14T09:57:55.758+0000] {logging_mixin.py:150} INFO - [2025-08-14T09:57:55.758+0000] {dag.py:2742} INFO - Sync 1 DAGs
[2025-08-14T09:57:55.772+0000] {logging_mixin.py:150} INFO - [2025-08-14T09:57:55.772+0000] {dag.py:3504} INFO - Setting next_dagrun for example_params_ui_tutorial to None, run_after=None
[2025-08-14T09:57:55.787+0000] {processor.py:179} INFO - Processing /home/vscode/.local/lib/python3.10/site-packages/airflow/example_dags/example_params_ui_tutorial.py took 0.090 seconds
[2025-08-14T09:58:41.980+0000] {processor.py:157} INFO - Started process (PID=11929) to work on /home/vscode/.local/lib/python3.10/site-packages/airflow/example_dags/example_params_ui_tutorial.py
[2025-08-14T09:58:41.981+0000] {processor.py:826} INFO - Processing file /home/vscode/.local/lib/python3.10/site-packages/airflow/example_dags/example_params_ui_tutorial.py for tasks to queue
[2025-08-14T09:58:41.981+0000] {logging_mixin.py:150} INFO - [2025-08-14T09:58:41.981+0000] {dagbag.py:541} INFO - Filling up the DagBag from /home/vscode/.local/lib/python3.10/site-packages/airflow/example_dags/example_params_ui_tutorial.py
[2025-08-14T09:58:42.000+0000] {processor.py:836} INFO - DAG(s) dict_keys(['example_params_ui_tutorial']) retrieved from /home/vscode/.local/lib/python3.10/site-packages/airflow/example_dags/example_params_ui_tutorial.py
[2025-08-14T09:58:42.026+0000] {logging_mixin.py:150} INFO - [2025-08-14T09:58:42.026+0000] {dag.py:2742} INFO - Sync 1 DAGs
[2025-08-14T09:58:42.040+0000] {logging_mixin.py:150} INFO - [2025-08-14T09:58:42.040+0000] {dag.py:3504} INFO - Setting next_dagrun for example_params_ui_tutorial to None, run_after=None
[2025-08-14T09:58:42.055+0000] {processor.py:179} INFO - Processing /home/vscode/.local/lib/python3.10/site-packages/airflow/example_dags/example_params_ui_tutorial.py took 0.077 seconds
[2025-08-14T10:06:07.684+0000] {processor.py:157} INFO - Started process (PID=15178) to work on /home/vscode/.local/lib/python3.10/site-packages/airflow/example_dags/example_params_ui_tutorial.py
[2025-08-14T10:06:07.684+0000] {processor.py:826} INFO - Processing file /home/vscode/.local/lib/python3.10/site-packages/airflow/example_dags/example_params_ui_tutorial.py for tasks to queue
[2025-08-14T10:06:07.685+0000] {logging_mixin.py:150} INFO - [2025-08-14T10:06:07.685+0000] {dagbag.py:541} INFO - Filling up the DagBag from /home/vscode/.local/lib/python3.10/site-packages/airflow/example_dags/example_params_ui_tutorial.py
[2025-08-14T10:06:07.702+0000] {processor.py:836} INFO - DAG(s) dict_keys(['example_params_ui_tutorial']) retrieved from /home/vscode/.local/lib/python3.10/site-packages/airflow/example_dags/example_params_ui_tutorial.py
[2025-08-14T10:06:07.728+0000] {logging_mixin.py:150} INFO - [2025-08-14T10:06:07.728+0000] {dag.py:2742} INFO - Sync 1 DAGs
[2025-08-14T10:06:07.742+0000] {logging_mixin.py:150} INFO - [2025-08-14T10:06:07.742+0000] {dag.py:3504} INFO - Setting next_dagrun for example_params_ui_tutorial to None, run_after=None
[2025-08-14T10:06:07.757+0000] {processor.py:179} INFO - Processing /home/vscode/.local/lib/python3.10/site-packages/airflow/example_dags/example_params_ui_tutorial.py took 0.075 seconds
[2025-08-14T10:06:52.822+0000] {processor.py:157} INFO - Started process (PID=15483) to work on /home/vscode/.local/lib/python3.10/site-packages/airflow/example_dags/example_params_ui_tutorial.py
[2025-08-14T10:06:52.822+0000] {processor.py:826} INFO - Processing file /home/vscode/.local/lib/python3.10/site-packages/airflow/example_dags/example_params_ui_tutorial.py for tasks to queue
[2025-08-14T10:06:52.823+0000] {logging_mixin.py:150} INFO - [2025-08-14T10:06:52.823+0000] {dagbag.py:541} INFO - Filling up the DagBag from /home/vscode/.local/lib/python3.10/site-packages/airflow/example_dags/example_params_ui_tutorial.py
[2025-08-14T10:06:52.840+0000] {processor.py:836} INFO - DAG(s) dict_keys(['example_params_ui_tutorial']) retrieved from /home/vscode/.local/lib/python3.10/site-packages/airflow/example_dags/example_params_ui_tutorial.py
[2025-08-14T10:06:52.864+0000] {logging_mixin.py:150} INFO - [2025-08-14T10:06:52.864+0000] {dag.py:2742} INFO - Sync 1 DAGs
[2025-08-14T10:06:52.878+0000] {logging_mixin.py:150} INFO - [2025-08-14T10:06:52.878+0000] {dag.py:3504} INFO - Setting next_dagrun for example_params_ui_tutorial to None, run_after=None
[2025-08-14T10:06:52.893+0000] {processor.py:179} INFO - Processing /home/vscode/.local/lib/python3.10/site-packages/airflow/example_dags/example_params_ui_tutorial.py took 0.074 seconds
[2025-08-14T10:07:39.017+0000] {processor.py:157} INFO - Started process (PID=15790) to work on /home/vscode/.local/lib/python3.10/site-packages/airflow/example_dags/example_params_ui_tutorial.py
[2025-08-14T10:07:39.018+0000] {processor.py:826} INFO - Processing file /home/vscode/.local/lib/python3.10/site-packages/airflow/example_dags/example_params_ui_tutorial.py for tasks to queue
[2025-08-14T10:07:39.019+0000] {logging_mixin.py:150} INFO - [2025-08-14T10:07:39.018+0000] {dagbag.py:541} INFO - Filling up the DagBag from /home/vscode/.local/lib/python3.10/site-packages/airflow/example_dags/example_params_ui_tutorial.py
[2025-08-14T10:07:39.040+0000] {processor.py:836} INFO - DAG(s) dict_keys(['example_params_ui_tutorial']) retrieved from /home/vscode/.local/lib/python3.10/site-packages/airflow/example_dags/example_params_ui_tutorial.py
[2025-08-14T10:07:39.065+0000] {logging_mixin.py:150} INFO - [2025-08-14T10:07:39.065+0000] {dag.py:2742} INFO - Sync 1 DAGs
[2025-08-14T10:07:39.079+0000] {logging_mixin.py:150} INFO - [2025-08-14T10:07:39.079+0000] {dag.py:3504} INFO - Setting next_dagrun for example_params_ui_tutorial to None, run_after=None
[2025-08-14T10:07:39.095+0000] {processor.py:179} INFO - Processing /home/vscode/.local/lib/python3.10/site-packages/airflow/example_dags/example_params_ui_tutorial.py took 0.080 seconds
[2025-08-14T10:08:27.341+0000] {processor.py:157} INFO - Started process (PID=16202) to work on /home/vscode/.local/lib/python3.10/site-packages/airflow/example_dags/example_params_ui_tutorial.py
[2025-08-14T10:08:27.342+0000] {processor.py:826} INFO - Processing file /home/vscode/.local/lib/python3.10/site-packages/airflow/example_dags/example_params_ui_tutorial.py for tasks to queue
[2025-08-14T10:08:27.343+0000] {logging_mixin.py:150} INFO - [2025-08-14T10:08:27.342+0000] {dagbag.py:541} INFO - Filling up the DagBag from /home/vscode/.local/lib/python3.10/site-packages/airflow/example_dags/example_params_ui_tutorial.py
[2025-08-14T10:08:27.360+0000] {processor.py:836} INFO - DAG(s) dict_keys(['example_params_ui_tutorial']) retrieved from /home/vscode/.local/lib/python3.10/site-packages/airflow/example_dags/example_params_ui_tutorial.py
[2025-08-14T10:08:27.385+0000] {logging_mixin.py:150} INFO - [2025-08-14T10:08:27.385+0000] {dag.py:2742} INFO - Sync 1 DAGs
[2025-08-14T10:08:27.399+0000] {logging_mixin.py:150} INFO - [2025-08-14T10:08:27.399+0000] {dag.py:3504} INFO - Setting next_dagrun for example_params_ui_tutorial to None, run_after=None
[2025-08-14T10:08:27.422+0000] {processor.py:179} INFO - Processing /home/vscode/.local/lib/python3.10/site-packages/airflow/example_dags/example_params_ui_tutorial.py took 0.083 seconds
[2025-08-14T10:09:16.973+0000] {processor.py:157} INFO - Started process (PID=16657) to work on /home/vscode/.local/lib/python3.10/site-packages/airflow/example_dags/example_params_ui_tutorial.py
[2025-08-14T10:09:16.974+0000] {processor.py:826} INFO - Processing file /home/vscode/.local/lib/python3.10/site-packages/airflow/example_dags/example_params_ui_tutorial.py for tasks to queue
[2025-08-14T10:09:16.975+0000] {logging_mixin.py:150} INFO - [2025-08-14T10:09:16.974+0000] {dagbag.py:541} INFO - Filling up the DagBag from /home/vscode/.local/lib/python3.10/site-packages/airflow/example_dags/example_params_ui_tutorial.py
[2025-08-14T10:09:16.995+0000] {processor.py:836} INFO - DAG(s) dict_keys(['example_params_ui_tutorial']) retrieved from /home/vscode/.local/lib/python3.10/site-packages/airflow/example_dags/example_params_ui_tutorial.py
[2025-08-14T10:09:17.024+0000] {logging_mixin.py:150} INFO - [2025-08-14T10:09:17.024+0000] {dag.py:2742} INFO - Sync 1 DAGs
[2025-08-14T10:09:17.041+0000] {logging_mixin.py:150} INFO - [2025-08-14T10:09:17.040+0000] {dag.py:3504} INFO - Setting next_dagrun for example_params_ui_tutorial to None, run_after=None
[2025-08-14T10:09:17.078+0000] {processor.py:179} INFO - Processing /home/vscode/.local/lib/python3.10/site-packages/airflow/example_dags/example_params_ui_tutorial.py took 0.107 seconds
[2025-08-14T10:10:05.746+0000] {processor.py:157} INFO - Started process (PID=17025) to work on /home/vscode/.local/lib/python3.10/site-packages/airflow/example_dags/example_params_ui_tutorial.py
[2025-08-14T10:10:05.746+0000] {processor.py:826} INFO - Processing file /home/vscode/.local/lib/python3.10/site-packages/airflow/example_dags/example_params_ui_tutorial.py for tasks to queue
[2025-08-14T10:10:05.747+0000] {logging_mixin.py:150} INFO - [2025-08-14T10:10:05.747+0000] {dagbag.py:541} INFO - Filling up the DagBag from /home/vscode/.local/lib/python3.10/site-packages/airflow/example_dags/example_params_ui_tutorial.py
[2025-08-14T10:10:05.765+0000] {processor.py:836} INFO - DAG(s) dict_keys(['example_params_ui_tutorial']) retrieved from /home/vscode/.local/lib/python3.10/site-packages/airflow/example_dags/example_params_ui_tutorial.py
[2025-08-14T10:10:05.790+0000] {logging_mixin.py:150} INFO - [2025-08-14T10:10:05.790+0000] {dag.py:2742} INFO - Sync 1 DAGs
[2025-08-14T10:10:05.804+0000] {logging_mixin.py:150} INFO - [2025-08-14T10:10:05.804+0000] {dag.py:3504} INFO - Setting next_dagrun for example_params_ui_tutorial to None, run_after=None
[2025-08-14T10:10:05.822+0000] {processor.py:179} INFO - Processing /home/vscode/.local/lib/python3.10/site-packages/airflow/example_dags/example_params_ui_tutorial.py took 0.078 seconds
[2025-08-14T10:10:50.357+0000] {processor.py:157} INFO - Started process (PID=17351) to work on /home/vscode/.local/lib/python3.10/site-packages/airflow/example_dags/example_params_ui_tutorial.py
[2025-08-14T10:10:50.358+0000] {processor.py:826} INFO - Processing file /home/vscode/.local/lib/python3.10/site-packages/airflow/example_dags/example_params_ui_tutorial.py for tasks to queue
[2025-08-14T10:10:50.358+0000] {logging_mixin.py:150} INFO - [2025-08-14T10:10:50.358+0000] {dagbag.py:541} INFO - Filling up the DagBag from /home/vscode/.local/lib/python3.10/site-packages/airflow/example_dags/example_params_ui_tutorial.py
[2025-08-14T10:10:50.376+0000] {processor.py:836} INFO - DAG(s) dict_keys(['example_params_ui_tutorial']) retrieved from /home/vscode/.local/lib/python3.10/site-packages/airflow/example_dags/example_params_ui_tutorial.py
[2025-08-14T10:10:50.401+0000] {logging_mixin.py:150} INFO - [2025-08-14T10:10:50.401+0000] {dag.py:2742} INFO - Sync 1 DAGs
[2025-08-14T10:10:50.415+0000] {logging_mixin.py:150} INFO - [2025-08-14T10:10:50.415+0000] {dag.py:3504} INFO - Setting next_dagrun for example_params_ui_tutorial to None, run_after=None
[2025-08-14T10:10:50.430+0000] {processor.py:179} INFO - Processing /home/vscode/.local/lib/python3.10/site-packages/airflow/example_dags/example_params_ui_tutorial.py took 0.075 seconds
[2025-08-14T10:11:40.291+0000] {processor.py:157} INFO - Started process (PID=17718) to work on /home/vscode/.local/lib/python3.10/site-packages/airflow/example_dags/example_params_ui_tutorial.py
[2025-08-14T10:11:40.291+0000] {processor.py:826} INFO - Processing file /home/vscode/.local/lib/python3.10/site-packages/airflow/example_dags/example_params_ui_tutorial.py for tasks to queue
[2025-08-14T10:11:40.292+0000] {logging_mixin.py:150} INFO - [2025-08-14T10:11:40.292+0000] {dagbag.py:541} INFO - Filling up the DagBag from /home/vscode/.local/lib/python3.10/site-packages/airflow/example_dags/example_params_ui_tutorial.py
[2025-08-14T10:11:40.309+0000] {processor.py:836} INFO - DAG(s) dict_keys(['example_params_ui_tutorial']) retrieved from /home/vscode/.local/lib/python3.10/site-packages/airflow/example_dags/example_params_ui_tutorial.py
[2025-08-14T10:11:40.335+0000] {logging_mixin.py:150} INFO - [2025-08-14T10:11:40.335+0000] {dag.py:2742} INFO - Sync 1 DAGs
[2025-08-14T10:11:40.349+0000] {logging_mixin.py:150} INFO - [2025-08-14T10:11:40.349+0000] {dag.py:3504} INFO - Setting next_dagrun for example_params_ui_tutorial to None, run_after=None
[2025-08-14T10:11:40.365+0000] {processor.py:179} INFO - Processing /home/vscode/.local/lib/python3.10/site-packages/airflow/example_dags/example_params_ui_tutorial.py took 0.076 seconds
[2025-08-14T10:12:23.962+0000] {processor.py:157} INFO - Started process (PID=18055) to work on /home/vscode/.local/lib/python3.10/site-packages/airflow/example_dags/example_params_ui_tutorial.py
[2025-08-14T10:12:23.963+0000] {processor.py:826} INFO - Processing file /home/vscode/.local/lib/python3.10/site-packages/airflow/example_dags/example_params_ui_tutorial.py for tasks to queue
[2025-08-14T10:12:23.964+0000] {logging_mixin.py:150} INFO - [2025-08-14T10:12:23.963+0000] {dagbag.py:541} INFO - Filling up the DagBag from /home/vscode/.local/lib/python3.10/site-packages/airflow/example_dags/example_params_ui_tutorial.py
[2025-08-14T10:12:23.981+0000] {processor.py:836} INFO - DAG(s) dict_keys(['example_params_ui_tutorial']) retrieved from /home/vscode/.local/lib/python3.10/site-packages/airflow/example_dags/example_params_ui_tutorial.py
[2025-08-14T10:12:24.006+0000] {logging_mixin.py:150} INFO - [2025-08-14T10:12:24.006+0000] {dag.py:2742} INFO - Sync 1 DAGs
[2025-08-14T10:12:24.020+0000] {logging_mixin.py:150} INFO - [2025-08-14T10:12:24.020+0000] {dag.py:3504} INFO - Setting next_dagrun for example_params_ui_tutorial to None, run_after=None
[2025-08-14T10:12:24.035+0000] {processor.py:179} INFO - Processing /home/vscode/.local/lib/python3.10/site-packages/airflow/example_dags/example_params_ui_tutorial.py took 0.075 seconds
[2025-08-14T10:13:12.526+0000] {processor.py:157} INFO - Started process (PID=18414) to work on /home/vscode/.local/lib/python3.10/site-packages/airflow/example_dags/example_params_ui_tutorial.py
[2025-08-14T10:13:12.527+0000] {processor.py:826} INFO - Processing file /home/vscode/.local/lib/python3.10/site-packages/airflow/example_dags/example_params_ui_tutorial.py for tasks to queue
[2025-08-14T10:13:12.527+0000] {logging_mixin.py:150} INFO - [2025-08-14T10:13:12.527+0000] {dagbag.py:541} INFO - Filling up the DagBag from /home/vscode/.local/lib/python3.10/site-packages/airflow/example_dags/example_params_ui_tutorial.py
[2025-08-14T10:13:12.544+0000] {processor.py:836} INFO - DAG(s) dict_keys(['example_params_ui_tutorial']) retrieved from /home/vscode/.local/lib/python3.10/site-packages/airflow/example_dags/example_params_ui_tutorial.py
[2025-08-14T10:13:12.569+0000] {logging_mixin.py:150} INFO - [2025-08-14T10:13:12.569+0000] {dag.py:2742} INFO - Sync 1 DAGs
[2025-08-14T10:13:12.583+0000] {logging_mixin.py:150} INFO - [2025-08-14T10:13:12.583+0000] {dag.py:3504} INFO - Setting next_dagrun for example_params_ui_tutorial to None, run_after=None
[2025-08-14T10:13:12.599+0000] {processor.py:179} INFO - Processing /home/vscode/.local/lib/python3.10/site-packages/airflow/example_dags/example_params_ui_tutorial.py took 0.075 seconds
[2025-08-14T10:14:00.170+0000] {processor.py:157} INFO - Started process (PID=18771) to work on /home/vscode/.local/lib/python3.10/site-packages/airflow/example_dags/example_params_ui_tutorial.py
[2025-08-14T10:14:00.171+0000] {processor.py:826} INFO - Processing file /home/vscode/.local/lib/python3.10/site-packages/airflow/example_dags/example_params_ui_tutorial.py for tasks to queue
[2025-08-14T10:14:00.172+0000] {logging_mixin.py:150} INFO - [2025-08-14T10:14:00.171+0000] {dagbag.py:541} INFO - Filling up the DagBag from /home/vscode/.local/lib/python3.10/site-packages/airflow/example_dags/example_params_ui_tutorial.py
[2025-08-14T10:14:00.190+0000] {processor.py:836} INFO - DAG(s) dict_keys(['example_params_ui_tutorial']) retrieved from /home/vscode/.local/lib/python3.10/site-packages/airflow/example_dags/example_params_ui_tutorial.py
[2025-08-14T10:14:00.215+0000] {logging_mixin.py:150} INFO - [2025-08-14T10:14:00.215+0000] {dag.py:2742} INFO - Sync 1 DAGs
[2025-08-14T10:14:00.230+0000] {logging_mixin.py:150} INFO - [2025-08-14T10:14:00.230+0000] {dag.py:3504} INFO - Setting next_dagrun for example_params_ui_tutorial to None, run_after=None
[2025-08-14T10:14:00.247+0000] {processor.py:179} INFO - Processing /home/vscode/.local/lib/python3.10/site-packages/airflow/example_dags/example_params_ui_tutorial.py took 0.078 seconds
[2025-08-14T10:14:45.291+0000] {processor.py:157} INFO - Started process (PID=19107) to work on /home/vscode/.local/lib/python3.10/site-packages/airflow/example_dags/example_params_ui_tutorial.py
[2025-08-14T10:14:45.292+0000] {processor.py:826} INFO - Processing file /home/vscode/.local/lib/python3.10/site-packages/airflow/example_dags/example_params_ui_tutorial.py for tasks to queue
[2025-08-14T10:14:45.292+0000] {logging_mixin.py:150} INFO - [2025-08-14T10:14:45.292+0000] {dagbag.py:541} INFO - Filling up the DagBag from /home/vscode/.local/lib/python3.10/site-packages/airflow/example_dags/example_params_ui_tutorial.py
[2025-08-14T10:14:45.310+0000] {processor.py:836} INFO - DAG(s) dict_keys(['example_params_ui_tutorial']) retrieved from /home/vscode/.local/lib/python3.10/site-packages/airflow/example_dags/example_params_ui_tutorial.py
[2025-08-14T10:14:45.335+0000] {logging_mixin.py:150} INFO - [2025-08-14T10:14:45.335+0000] {dag.py:2742} INFO - Sync 1 DAGs
[2025-08-14T10:14:45.349+0000] {logging_mixin.py:150} INFO - [2025-08-14T10:14:45.349+0000] {dag.py:3504} INFO - Setting next_dagrun for example_params_ui_tutorial to None, run_after=None
[2025-08-14T10:14:45.364+0000] {processor.py:179} INFO - Processing /home/vscode/.local/lib/python3.10/site-packages/airflow/example_dags/example_params_ui_tutorial.py took 0.075 seconds
[2025-08-14T10:15:28.652+0000] {processor.py:157} INFO - Started process (PID=19430) to work on /home/vscode/.local/lib/python3.10/site-packages/airflow/example_dags/example_params_ui_tutorial.py
[2025-08-14T10:15:28.652+0000] {processor.py:826} INFO - Processing file /home/vscode/.local/lib/python3.10/site-packages/airflow/example_dags/example_params_ui_tutorial.py for tasks to queue
[2025-08-14T10:15:28.653+0000] {logging_mixin.py:150} INFO - [2025-08-14T10:15:28.653+0000] {dagbag.py:541} INFO - Filling up the DagBag from /home/vscode/.local/lib/python3.10/site-packages/airflow/example_dags/example_params_ui_tutorial.py
[2025-08-14T10:15:28.672+0000] {processor.py:836} INFO - DAG(s) dict_keys(['example_params_ui_tutorial']) retrieved from /home/vscode/.local/lib/python3.10/site-packages/airflow/example_dags/example_params_ui_tutorial.py
[2025-08-14T10:15:28.696+0000] {logging_mixin.py:150} INFO - [2025-08-14T10:15:28.696+0000] {dag.py:2742} INFO - Sync 1 DAGs
[2025-08-14T10:15:28.711+0000] {logging_mixin.py:150} INFO - [2025-08-14T10:15:28.711+0000] {dag.py:3504} INFO - Setting next_dagrun for example_params_ui_tutorial to None, run_after=None
[2025-08-14T10:15:28.726+0000] {processor.py:179} INFO - Processing /home/vscode/.local/lib/python3.10/site-packages/airflow/example_dags/example_params_ui_tutorial.py took 0.076 seconds
[2025-08-14T10:16:13.799+0000] {processor.py:157} INFO - Started process (PID=19767) to work on /home/vscode/.local/lib/python3.10/site-packages/airflow/example_dags/example_params_ui_tutorial.py
[2025-08-14T10:16:13.800+0000] {processor.py:826} INFO - Processing file /home/vscode/.local/lib/python3.10/site-packages/airflow/example_dags/example_params_ui_tutorial.py for tasks to queue
[2025-08-14T10:16:13.801+0000] {logging_mixin.py:150} INFO - [2025-08-14T10:16:13.800+0000] {dagbag.py:541} INFO - Filling up the DagBag from /home/vscode/.local/lib/python3.10/site-packages/airflow/example_dags/example_params_ui_tutorial.py
[2025-08-14T10:16:13.825+0000] {processor.py:836} INFO - DAG(s) dict_keys(['example_params_ui_tutorial']) retrieved from /home/vscode/.local/lib/python3.10/site-packages/airflow/example_dags/example_params_ui_tutorial.py
[2025-08-14T10:16:13.855+0000] {logging_mixin.py:150} INFO - [2025-08-14T10:16:13.855+0000] {dag.py:2742} INFO - Sync 1 DAGs
[2025-08-14T10:16:13.871+0000] {logging_mixin.py:150} INFO - [2025-08-14T10:16:13.871+0000] {dag.py:3504} INFO - Setting next_dagrun for example_params_ui_tutorial to None, run_after=None
[2025-08-14T10:16:13.888+0000] {processor.py:179} INFO - Processing /home/vscode/.local/lib/python3.10/site-packages/airflow/example_dags/example_params_ui_tutorial.py took 0.092 seconds
[2025-08-14T10:17:01.886+0000] {processor.py:157} INFO - Started process (PID=20118) to work on /home/vscode/.local/lib/python3.10/site-packages/airflow/example_dags/example_params_ui_tutorial.py
[2025-08-14T10:17:01.887+0000] {processor.py:826} INFO - Processing file /home/vscode/.local/lib/python3.10/site-packages/airflow/example_dags/example_params_ui_tutorial.py for tasks to queue
[2025-08-14T10:17:01.887+0000] {logging_mixin.py:150} INFO - [2025-08-14T10:17:01.887+0000] {dagbag.py:541} INFO - Filling up the DagBag from /home/vscode/.local/lib/python3.10/site-packages/airflow/example_dags/example_params_ui_tutorial.py
[2025-08-14T10:17:01.905+0000] {processor.py:836} INFO - DAG(s) dict_keys(['example_params_ui_tutorial']) retrieved from /home/vscode/.local/lib/python3.10/site-packages/airflow/example_dags/example_params_ui_tutorial.py
[2025-08-14T10:17:01.930+0000] {logging_mixin.py:150} INFO - [2025-08-14T10:17:01.930+0000] {dag.py:2742} INFO - Sync 1 DAGs
[2025-08-14T10:17:01.945+0000] {logging_mixin.py:150} INFO - [2025-08-14T10:17:01.945+0000] {dag.py:3504} INFO - Setting next_dagrun for example_params_ui_tutorial to None, run_after=None
[2025-08-14T10:17:01.962+0000] {processor.py:179} INFO - Processing /home/vscode/.local/lib/python3.10/site-packages/airflow/example_dags/example_params_ui_tutorial.py took 0.078 seconds
[2025-08-14T10:17:50.676+0000] {processor.py:157} INFO - Started process (PID=20469) to work on /home/vscode/.local/lib/python3.10/site-packages/airflow/example_dags/example_params_ui_tutorial.py
[2025-08-14T10:17:50.677+0000] {processor.py:826} INFO - Processing file /home/vscode/.local/lib/python3.10/site-packages/airflow/example_dags/example_params_ui_tutorial.py for tasks to queue
[2025-08-14T10:17:50.677+0000] {logging_mixin.py:150} INFO - [2025-08-14T10:17:50.677+0000] {dagbag.py:541} INFO - Filling up the DagBag from /home/vscode/.local/lib/python3.10/site-packages/airflow/example_dags/example_params_ui_tutorial.py
[2025-08-14T10:17:50.695+0000] {processor.py:836} INFO - DAG(s) dict_keys(['example_params_ui_tutorial']) retrieved from /home/vscode/.local/lib/python3.10/site-packages/airflow/example_dags/example_params_ui_tutorial.py
[2025-08-14T10:17:50.720+0000] {logging_mixin.py:150} INFO - [2025-08-14T10:17:50.720+0000] {dag.py:2742} INFO - Sync 1 DAGs
[2025-08-14T10:17:50.734+0000] {logging_mixin.py:150} INFO - [2025-08-14T10:17:50.734+0000] {dag.py:3504} INFO - Setting next_dagrun for example_params_ui_tutorial to None, run_after=None
[2025-08-14T10:17:50.751+0000] {processor.py:179} INFO - Processing /home/vscode/.local/lib/python3.10/site-packages/airflow/example_dags/example_params_ui_tutorial.py took 0.076 seconds
[2025-08-14T10:18:36.612+0000] {processor.py:157} INFO - Started process (PID=20788) to work on /home/vscode/.local/lib/python3.10/site-packages/airflow/example_dags/example_params_ui_tutorial.py
[2025-08-14T10:18:36.613+0000] {processor.py:826} INFO - Processing file /home/vscode/.local/lib/python3.10/site-packages/airflow/example_dags/example_params_ui_tutorial.py for tasks to queue
[2025-08-14T10:18:36.613+0000] {logging_mixin.py:150} INFO - [2025-08-14T10:18:36.613+0000] {dagbag.py:541} INFO - Filling up the DagBag from /home/vscode/.local/lib/python3.10/site-packages/airflow/example_dags/example_params_ui_tutorial.py
[2025-08-14T10:18:36.631+0000] {processor.py:836} INFO - DAG(s) dict_keys(['example_params_ui_tutorial']) retrieved from /home/vscode/.local/lib/python3.10/site-packages/airflow/example_dags/example_params_ui_tutorial.py
[2025-08-14T10:18:36.656+0000] {logging_mixin.py:150} INFO - [2025-08-14T10:18:36.656+0000] {dag.py:2742} INFO - Sync 1 DAGs
[2025-08-14T10:18:36.670+0000] {logging_mixin.py:150} INFO - [2025-08-14T10:18:36.670+0000] {dag.py:3504} INFO - Setting next_dagrun for example_params_ui_tutorial to None, run_after=None
[2025-08-14T10:18:36.687+0000] {processor.py:179} INFO - Processing /home/vscode/.local/lib/python3.10/site-packages/airflow/example_dags/example_params_ui_tutorial.py took 0.077 seconds
[2025-08-14T10:19:27.842+0000] {processor.py:157} INFO - Started process (PID=21128) to work on /home/vscode/.local/lib/python3.10/site-packages/airflow/example_dags/example_params_ui_tutorial.py
[2025-08-14T10:19:27.843+0000] {processor.py:826} INFO - Processing file /home/vscode/.local/lib/python3.10/site-packages/airflow/example_dags/example_params_ui_tutorial.py for tasks to queue
[2025-08-14T10:19:27.844+0000] {logging_mixin.py:150} INFO - [2025-08-14T10:19:27.843+0000] {dagbag.py:541} INFO - Filling up the DagBag from /home/vscode/.local/lib/python3.10/site-packages/airflow/example_dags/example_params_ui_tutorial.py
[2025-08-14T10:19:27.862+0000] {processor.py:836} INFO - DAG(s) dict_keys(['example_params_ui_tutorial']) retrieved from /home/vscode/.local/lib/python3.10/site-packages/airflow/example_dags/example_params_ui_tutorial.py
[2025-08-14T10:19:27.895+0000] {logging_mixin.py:150} INFO - [2025-08-14T10:19:27.895+0000] {dag.py:2742} INFO - Sync 1 DAGs
[2025-08-14T10:19:27.909+0000] {logging_mixin.py:150} INFO - [2025-08-14T10:19:27.909+0000] {dag.py:3504} INFO - Setting next_dagrun for example_params_ui_tutorial to None, run_after=None
[2025-08-14T10:19:27.925+0000] {processor.py:179} INFO - Processing /home/vscode/.local/lib/python3.10/site-packages/airflow/example_dags/example_params_ui_tutorial.py took 0.085 seconds
[2025-08-14T10:20:11.348+0000] {processor.py:157} INFO - Started process (PID=21468) to work on /home/vscode/.local/lib/python3.10/site-packages/airflow/example_dags/example_params_ui_tutorial.py
[2025-08-14T10:20:11.348+0000] {processor.py:826} INFO - Processing file /home/vscode/.local/lib/python3.10/site-packages/airflow/example_dags/example_params_ui_tutorial.py for tasks to queue
[2025-08-14T10:20:11.349+0000] {logging_mixin.py:150} INFO - [2025-08-14T10:20:11.349+0000] {dagbag.py:541} INFO - Filling up the DagBag from /home/vscode/.local/lib/python3.10/site-packages/airflow/example_dags/example_params_ui_tutorial.py
[2025-08-14T10:20:11.367+0000] {processor.py:836} INFO - DAG(s) dict_keys(['example_params_ui_tutorial']) retrieved from /home/vscode/.local/lib/python3.10/site-packages/airflow/example_dags/example_params_ui_tutorial.py
[2025-08-14T10:20:11.394+0000] {logging_mixin.py:150} INFO - [2025-08-14T10:20:11.394+0000] {dag.py:2742} INFO - Sync 1 DAGs
[2025-08-14T10:20:11.408+0000] {logging_mixin.py:150} INFO - [2025-08-14T10:20:11.408+0000] {dag.py:3504} INFO - Setting next_dagrun for example_params_ui_tutorial to None, run_after=None
[2025-08-14T10:20:11.424+0000] {processor.py:179} INFO - Processing /home/vscode/.local/lib/python3.10/site-packages/airflow/example_dags/example_params_ui_tutorial.py took 0.079 seconds
[2025-08-14T10:20:58.848+0000] {processor.py:157} INFO - Started process (PID=21790) to work on /home/vscode/.local/lib/python3.10/site-packages/airflow/example_dags/example_params_ui_tutorial.py
[2025-08-14T10:20:58.848+0000] {processor.py:826} INFO - Processing file /home/vscode/.local/lib/python3.10/site-packages/airflow/example_dags/example_params_ui_tutorial.py for tasks to queue
[2025-08-14T10:20:58.849+0000] {logging_mixin.py:150} INFO - [2025-08-14T10:20:58.849+0000] {dagbag.py:541} INFO - Filling up the DagBag from /home/vscode/.local/lib/python3.10/site-packages/airflow/example_dags/example_params_ui_tutorial.py
[2025-08-14T10:20:58.866+0000] {processor.py:836} INFO - DAG(s) dict_keys(['example_params_ui_tutorial']) retrieved from /home/vscode/.local/lib/python3.10/site-packages/airflow/example_dags/example_params_ui_tutorial.py
[2025-08-14T10:20:58.891+0000] {logging_mixin.py:150} INFO - [2025-08-14T10:20:58.891+0000] {dag.py:2742} INFO - Sync 1 DAGs
[2025-08-14T10:20:58.905+0000] {logging_mixin.py:150} INFO - [2025-08-14T10:20:58.905+0000] {dag.py:3504} INFO - Setting next_dagrun for example_params_ui_tutorial to None, run_after=None
[2025-08-14T10:20:58.920+0000] {processor.py:179} INFO - Processing /home/vscode/.local/lib/python3.10/site-packages/airflow/example_dags/example_params_ui_tutorial.py took 0.074 seconds
[2025-08-14T10:21:47.982+0000] {processor.py:157} INFO - Started process (PID=22118) to work on /home/vscode/.local/lib/python3.10/site-packages/airflow/example_dags/example_params_ui_tutorial.py
[2025-08-14T10:21:47.983+0000] {processor.py:826} INFO - Processing file /home/vscode/.local/lib/python3.10/site-packages/airflow/example_dags/example_params_ui_tutorial.py for tasks to queue
[2025-08-14T10:21:47.984+0000] {logging_mixin.py:150} INFO - [2025-08-14T10:21:47.983+0000] {dagbag.py:541} INFO - Filling up the DagBag from /home/vscode/.local/lib/python3.10/site-packages/airflow/example_dags/example_params_ui_tutorial.py
[2025-08-14T10:21:48.000+0000] {processor.py:836} INFO - DAG(s) dict_keys(['example_params_ui_tutorial']) retrieved from /home/vscode/.local/lib/python3.10/site-packages/airflow/example_dags/example_params_ui_tutorial.py
[2025-08-14T10:21:48.024+0000] {logging_mixin.py:150} INFO - [2025-08-14T10:21:48.024+0000] {dag.py:2742} INFO - Sync 1 DAGs
[2025-08-14T10:21:48.038+0000] {logging_mixin.py:150} INFO - [2025-08-14T10:21:48.038+0000] {dag.py:3504} INFO - Setting next_dagrun for example_params_ui_tutorial to None, run_after=None
[2025-08-14T10:21:48.053+0000] {processor.py:179} INFO - Processing /home/vscode/.local/lib/python3.10/site-packages/airflow/example_dags/example_params_ui_tutorial.py took 0.073 seconds
[2025-08-14T10:22:36.900+0000] {processor.py:157} INFO - Started process (PID=22444) to work on /home/vscode/.local/lib/python3.10/site-packages/airflow/example_dags/example_params_ui_tutorial.py
[2025-08-14T10:22:36.900+0000] {processor.py:826} INFO - Processing file /home/vscode/.local/lib/python3.10/site-packages/airflow/example_dags/example_params_ui_tutorial.py for tasks to queue
[2025-08-14T10:22:36.901+0000] {logging_mixin.py:150} INFO - [2025-08-14T10:22:36.901+0000] {dagbag.py:541} INFO - Filling up the DagBag from /home/vscode/.local/lib/python3.10/site-packages/airflow/example_dags/example_params_ui_tutorial.py
[2025-08-14T10:22:36.918+0000] {processor.py:836} INFO - DAG(s) dict_keys(['example_params_ui_tutorial']) retrieved from /home/vscode/.local/lib/python3.10/site-packages/airflow/example_dags/example_params_ui_tutorial.py
[2025-08-14T10:22:36.942+0000] {logging_mixin.py:150} INFO - [2025-08-14T10:22:36.942+0000] {dag.py:2742} INFO - Sync 1 DAGs
[2025-08-14T10:22:36.955+0000] {logging_mixin.py:150} INFO - [2025-08-14T10:22:36.955+0000] {dag.py:3504} INFO - Setting next_dagrun for example_params_ui_tutorial to None, run_after=None
[2025-08-14T10:22:36.971+0000] {processor.py:179} INFO - Processing /home/vscode/.local/lib/python3.10/site-packages/airflow/example_dags/example_params_ui_tutorial.py took 0.073 seconds
[2025-08-14T10:23:20.058+0000] {processor.py:157} INFO - Started process (PID=22732) to work on /home/vscode/.local/lib/python3.10/site-packages/airflow/example_dags/example_params_ui_tutorial.py
[2025-08-14T10:23:20.059+0000] {processor.py:826} INFO - Processing file /home/vscode/.local/lib/python3.10/site-packages/airflow/example_dags/example_params_ui_tutorial.py for tasks to queue
[2025-08-14T10:23:20.059+0000] {logging_mixin.py:150} INFO - [2025-08-14T10:23:20.059+0000] {dagbag.py:541} INFO - Filling up the DagBag from /home/vscode/.local/lib/python3.10/site-packages/airflow/example_dags/example_params_ui_tutorial.py
[2025-08-14T10:23:20.076+0000] {processor.py:836} INFO - DAG(s) dict_keys(['example_params_ui_tutorial']) retrieved from /home/vscode/.local/lib/python3.10/site-packages/airflow/example_dags/example_params_ui_tutorial.py
[2025-08-14T10:23:20.100+0000] {logging_mixin.py:150} INFO - [2025-08-14T10:23:20.100+0000] {dag.py:2742} INFO - Sync 1 DAGs
[2025-08-14T10:23:20.114+0000] {logging_mixin.py:150} INFO - [2025-08-14T10:23:20.114+0000] {dag.py:3504} INFO - Setting next_dagrun for example_params_ui_tutorial to None, run_after=None
[2025-08-14T10:23:20.129+0000] {processor.py:179} INFO - Processing /home/vscode/.local/lib/python3.10/site-packages/airflow/example_dags/example_params_ui_tutorial.py took 0.073 seconds
[2025-08-14T10:24:06.614+0000] {processor.py:157} INFO - Started process (PID=23061) to work on /home/vscode/.local/lib/python3.10/site-packages/airflow/example_dags/example_params_ui_tutorial.py
[2025-08-14T10:24:06.614+0000] {processor.py:826} INFO - Processing file /home/vscode/.local/lib/python3.10/site-packages/airflow/example_dags/example_params_ui_tutorial.py for tasks to queue
[2025-08-14T10:24:06.615+0000] {logging_mixin.py:150} INFO - [2025-08-14T10:24:06.615+0000] {dagbag.py:541} INFO - Filling up the DagBag from /home/vscode/.local/lib/python3.10/site-packages/airflow/example_dags/example_params_ui_tutorial.py
[2025-08-14T10:24:06.632+0000] {processor.py:836} INFO - DAG(s) dict_keys(['example_params_ui_tutorial']) retrieved from /home/vscode/.local/lib/python3.10/site-packages/airflow/example_dags/example_params_ui_tutorial.py
[2025-08-14T10:24:06.656+0000] {logging_mixin.py:150} INFO - [2025-08-14T10:24:06.656+0000] {dag.py:2742} INFO - Sync 1 DAGs
[2025-08-14T10:24:06.670+0000] {logging_mixin.py:150} INFO - [2025-08-14T10:24:06.670+0000] {dag.py:3504} INFO - Setting next_dagrun for example_params_ui_tutorial to None, run_after=None
[2025-08-14T10:24:06.684+0000] {processor.py:179} INFO - Processing /home/vscode/.local/lib/python3.10/site-packages/airflow/example_dags/example_params_ui_tutorial.py took 0.073 seconds
[2025-08-14T10:24:55.162+0000] {processor.py:157} INFO - Started process (PID=23395) to work on /home/vscode/.local/lib/python3.10/site-packages/airflow/example_dags/example_params_ui_tutorial.py
[2025-08-14T10:24:55.162+0000] {processor.py:826} INFO - Processing file /home/vscode/.local/lib/python3.10/site-packages/airflow/example_dags/example_params_ui_tutorial.py for tasks to queue
[2025-08-14T10:24:55.163+0000] {logging_mixin.py:150} INFO - [2025-08-14T10:24:55.163+0000] {dagbag.py:541} INFO - Filling up the DagBag from /home/vscode/.local/lib/python3.10/site-packages/airflow/example_dags/example_params_ui_tutorial.py
[2025-08-14T10:24:55.182+0000] {processor.py:836} INFO - DAG(s) dict_keys(['example_params_ui_tutorial']) retrieved from /home/vscode/.local/lib/python3.10/site-packages/airflow/example_dags/example_params_ui_tutorial.py
[2025-08-14T10:24:55.207+0000] {logging_mixin.py:150} INFO - [2025-08-14T10:24:55.207+0000] {dag.py:2742} INFO - Sync 1 DAGs
[2025-08-14T10:24:55.222+0000] {logging_mixin.py:150} INFO - [2025-08-14T10:24:55.222+0000] {dag.py:3504} INFO - Setting next_dagrun for example_params_ui_tutorial to None, run_after=None
[2025-08-14T10:24:55.237+0000] {processor.py:179} INFO - Processing /home/vscode/.local/lib/python3.10/site-packages/airflow/example_dags/example_params_ui_tutorial.py took 0.077 seconds
[2025-08-14T10:25:38.014+0000] {processor.py:157} INFO - Started process (PID=23683) to work on /home/vscode/.local/lib/python3.10/site-packages/airflow/example_dags/example_params_ui_tutorial.py
[2025-08-14T10:25:38.014+0000] {processor.py:826} INFO - Processing file /home/vscode/.local/lib/python3.10/site-packages/airflow/example_dags/example_params_ui_tutorial.py for tasks to queue
[2025-08-14T10:25:38.015+0000] {logging_mixin.py:150} INFO - [2025-08-14T10:25:38.015+0000] {dagbag.py:541} INFO - Filling up the DagBag from /home/vscode/.local/lib/python3.10/site-packages/airflow/example_dags/example_params_ui_tutorial.py
[2025-08-14T10:25:38.043+0000] {processor.py:836} INFO - DAG(s) dict_keys(['example_params_ui_tutorial']) retrieved from /home/vscode/.local/lib/python3.10/site-packages/airflow/example_dags/example_params_ui_tutorial.py
[2025-08-14T10:25:38.070+0000] {logging_mixin.py:150} INFO - [2025-08-14T10:25:38.069+0000] {dag.py:2742} INFO - Sync 1 DAGs
[2025-08-14T10:25:38.084+0000] {logging_mixin.py:150} INFO - [2025-08-14T10:25:38.083+0000] {dag.py:3504} INFO - Setting next_dagrun for example_params_ui_tutorial to None, run_after=None
[2025-08-14T10:25:38.099+0000] {processor.py:179} INFO - Processing /home/vscode/.local/lib/python3.10/site-packages/airflow/example_dags/example_params_ui_tutorial.py took 0.088 seconds
[2025-08-14T10:26:24.194+0000] {processor.py:157} INFO - Started process (PID=23996) to work on /home/vscode/.local/lib/python3.10/site-packages/airflow/example_dags/example_params_ui_tutorial.py
[2025-08-14T10:26:24.195+0000] {processor.py:826} INFO - Processing file /home/vscode/.local/lib/python3.10/site-packages/airflow/example_dags/example_params_ui_tutorial.py for tasks to queue
[2025-08-14T10:26:24.196+0000] {logging_mixin.py:150} INFO - [2025-08-14T10:26:24.195+0000] {dagbag.py:541} INFO - Filling up the DagBag from /home/vscode/.local/lib/python3.10/site-packages/airflow/example_dags/example_params_ui_tutorial.py
[2025-08-14T10:26:24.213+0000] {processor.py:836} INFO - DAG(s) dict_keys(['example_params_ui_tutorial']) retrieved from /home/vscode/.local/lib/python3.10/site-packages/airflow/example_dags/example_params_ui_tutorial.py
[2025-08-14T10:26:24.238+0000] {logging_mixin.py:150} INFO - [2025-08-14T10:26:24.238+0000] {dag.py:2742} INFO - Sync 1 DAGs
[2025-08-14T10:26:24.253+0000] {logging_mixin.py:150} INFO - [2025-08-14T10:26:24.253+0000] {dag.py:3504} INFO - Setting next_dagrun for example_params_ui_tutorial to None, run_after=None
[2025-08-14T10:26:24.268+0000] {processor.py:179} INFO - Processing /home/vscode/.local/lib/python3.10/site-packages/airflow/example_dags/example_params_ui_tutorial.py took 0.076 seconds
[2025-08-14T10:27:09.573+0000] {processor.py:157} INFO - Started process (PID=24296) to work on /home/vscode/.local/lib/python3.10/site-packages/airflow/example_dags/example_params_ui_tutorial.py
[2025-08-14T10:27:09.573+0000] {processor.py:826} INFO - Processing file /home/vscode/.local/lib/python3.10/site-packages/airflow/example_dags/example_params_ui_tutorial.py for tasks to queue
[2025-08-14T10:27:09.574+0000] {logging_mixin.py:150} INFO - [2025-08-14T10:27:09.574+0000] {dagbag.py:541} INFO - Filling up the DagBag from /home/vscode/.local/lib/python3.10/site-packages/airflow/example_dags/example_params_ui_tutorial.py
[2025-08-14T10:27:09.591+0000] {processor.py:836} INFO - DAG(s) dict_keys(['example_params_ui_tutorial']) retrieved from /home/vscode/.local/lib/python3.10/site-packages/airflow/example_dags/example_params_ui_tutorial.py
[2025-08-14T10:27:09.616+0000] {logging_mixin.py:150} INFO - [2025-08-14T10:27:09.615+0000] {dag.py:2742} INFO - Sync 1 DAGs
[2025-08-14T10:27:09.629+0000] {logging_mixin.py:150} INFO - [2025-08-14T10:27:09.629+0000] {dag.py:3504} INFO - Setting next_dagrun for example_params_ui_tutorial to None, run_after=None
[2025-08-14T10:27:09.645+0000] {processor.py:179} INFO - Processing /home/vscode/.local/lib/python3.10/site-packages/airflow/example_dags/example_params_ui_tutorial.py took 0.075 seconds
[2025-08-14T10:27:55.948+0000] {processor.py:157} INFO - Started process (PID=24606) to work on /home/vscode/.local/lib/python3.10/site-packages/airflow/example_dags/example_params_ui_tutorial.py
[2025-08-14T10:27:55.948+0000] {processor.py:826} INFO - Processing file /home/vscode/.local/lib/python3.10/site-packages/airflow/example_dags/example_params_ui_tutorial.py for tasks to queue
[2025-08-14T10:27:55.949+0000] {logging_mixin.py:150} INFO - [2025-08-14T10:27:55.948+0000] {dagbag.py:541} INFO - Filling up the DagBag from /home/vscode/.local/lib/python3.10/site-packages/airflow/example_dags/example_params_ui_tutorial.py
[2025-08-14T10:27:55.966+0000] {processor.py:836} INFO - DAG(s) dict_keys(['example_params_ui_tutorial']) retrieved from /home/vscode/.local/lib/python3.10/site-packages/airflow/example_dags/example_params_ui_tutorial.py
[2025-08-14T10:27:55.991+0000] {logging_mixin.py:150} INFO - [2025-08-14T10:27:55.991+0000] {dag.py:2742} INFO - Sync 1 DAGs
[2025-08-14T10:27:56.007+0000] {logging_mixin.py:150} INFO - [2025-08-14T10:27:56.007+0000] {dag.py:3504} INFO - Setting next_dagrun for example_params_ui_tutorial to None, run_after=None
[2025-08-14T10:27:56.024+0000] {processor.py:179} INFO - Processing /home/vscode/.local/lib/python3.10/site-packages/airflow/example_dags/example_params_ui_tutorial.py took 0.078 seconds
[2025-08-14T10:28:43.893+0000] {processor.py:157} INFO - Started process (PID=24925) to work on /home/vscode/.local/lib/python3.10/site-packages/airflow/example_dags/example_params_ui_tutorial.py
[2025-08-14T10:28:43.894+0000] {processor.py:826} INFO - Processing file /home/vscode/.local/lib/python3.10/site-packages/airflow/example_dags/example_params_ui_tutorial.py for tasks to queue
[2025-08-14T10:28:43.894+0000] {logging_mixin.py:150} INFO - [2025-08-14T10:28:43.894+0000] {dagbag.py:541} INFO - Filling up the DagBag from /home/vscode/.local/lib/python3.10/site-packages/airflow/example_dags/example_params_ui_tutorial.py
[2025-08-14T10:28:43.912+0000] {processor.py:836} INFO - DAG(s) dict_keys(['example_params_ui_tutorial']) retrieved from /home/vscode/.local/lib/python3.10/site-packages/airflow/example_dags/example_params_ui_tutorial.py
[2025-08-14T10:28:43.936+0000] {logging_mixin.py:150} INFO - [2025-08-14T10:28:43.936+0000] {dag.py:2742} INFO - Sync 1 DAGs
[2025-08-14T10:28:43.950+0000] {logging_mixin.py:150} INFO - [2025-08-14T10:28:43.950+0000] {dag.py:3504} INFO - Setting next_dagrun for example_params_ui_tutorial to None, run_after=None
[2025-08-14T10:28:43.966+0000] {processor.py:179} INFO - Processing /home/vscode/.local/lib/python3.10/site-packages/airflow/example_dags/example_params_ui_tutorial.py took 0.075 seconds
[2025-08-14T10:29:30.500+0000] {processor.py:157} INFO - Started process (PID=25237) to work on /home/vscode/.local/lib/python3.10/site-packages/airflow/example_dags/example_params_ui_tutorial.py
[2025-08-14T10:29:30.500+0000] {processor.py:826} INFO - Processing file /home/vscode/.local/lib/python3.10/site-packages/airflow/example_dags/example_params_ui_tutorial.py for tasks to queue
[2025-08-14T10:29:30.501+0000] {logging_mixin.py:150} INFO - [2025-08-14T10:29:30.501+0000] {dagbag.py:541} INFO - Filling up the DagBag from /home/vscode/.local/lib/python3.10/site-packages/airflow/example_dags/example_params_ui_tutorial.py
[2025-08-14T10:29:30.518+0000] {processor.py:836} INFO - DAG(s) dict_keys(['example_params_ui_tutorial']) retrieved from /home/vscode/.local/lib/python3.10/site-packages/airflow/example_dags/example_params_ui_tutorial.py
[2025-08-14T10:29:30.544+0000] {logging_mixin.py:150} INFO - [2025-08-14T10:29:30.544+0000] {dag.py:2742} INFO - Sync 1 DAGs
[2025-08-14T10:29:30.558+0000] {logging_mixin.py:150} INFO - [2025-08-14T10:29:30.558+0000] {dag.py:3504} INFO - Setting next_dagrun for example_params_ui_tutorial to None, run_after=None
[2025-08-14T10:29:30.573+0000] {processor.py:179} INFO - Processing /home/vscode/.local/lib/python3.10/site-packages/airflow/example_dags/example_params_ui_tutorial.py took 0.075 seconds
[2025-08-14T10:30:15.610+0000] {processor.py:157} INFO - Started process (PID=25539) to work on /home/vscode/.local/lib/python3.10/site-packages/airflow/example_dags/example_params_ui_tutorial.py
[2025-08-14T10:30:15.611+0000] {processor.py:826} INFO - Processing file /home/vscode/.local/lib/python3.10/site-packages/airflow/example_dags/example_params_ui_tutorial.py for tasks to queue
[2025-08-14T10:30:15.611+0000] {logging_mixin.py:150} INFO - [2025-08-14T10:30:15.611+0000] {dagbag.py:541} INFO - Filling up the DagBag from /home/vscode/.local/lib/python3.10/site-packages/airflow/example_dags/example_params_ui_tutorial.py
[2025-08-14T10:30:15.629+0000] {processor.py:836} INFO - DAG(s) dict_keys(['example_params_ui_tutorial']) retrieved from /home/vscode/.local/lib/python3.10/site-packages/airflow/example_dags/example_params_ui_tutorial.py
[2025-08-14T10:30:15.654+0000] {logging_mixin.py:150} INFO - [2025-08-14T10:30:15.654+0000] {dag.py:2742} INFO - Sync 1 DAGs
[2025-08-14T10:30:15.668+0000] {logging_mixin.py:150} INFO - [2025-08-14T10:30:15.668+0000] {dag.py:3504} INFO - Setting next_dagrun for example_params_ui_tutorial to None, run_after=None
[2025-08-14T10:30:15.684+0000] {processor.py:179} INFO - Processing /home/vscode/.local/lib/python3.10/site-packages/airflow/example_dags/example_params_ui_tutorial.py took 0.076 seconds
[2025-08-14T10:31:04.042+0000] {processor.py:157} INFO - Started process (PID=25862) to work on /home/vscode/.local/lib/python3.10/site-packages/airflow/example_dags/example_params_ui_tutorial.py
[2025-08-14T10:31:04.042+0000] {processor.py:826} INFO - Processing file /home/vscode/.local/lib/python3.10/site-packages/airflow/example_dags/example_params_ui_tutorial.py for tasks to queue
[2025-08-14T10:31:04.043+0000] {logging_mixin.py:150} INFO - [2025-08-14T10:31:04.043+0000] {dagbag.py:541} INFO - Filling up the DagBag from /home/vscode/.local/lib/python3.10/site-packages/airflow/example_dags/example_params_ui_tutorial.py
[2025-08-14T10:31:04.059+0000] {processor.py:836} INFO - DAG(s) dict_keys(['example_params_ui_tutorial']) retrieved from /home/vscode/.local/lib/python3.10/site-packages/airflow/example_dags/example_params_ui_tutorial.py
[2025-08-14T10:31:04.084+0000] {logging_mixin.py:150} INFO - [2025-08-14T10:31:04.084+0000] {dag.py:2742} INFO - Sync 1 DAGs
[2025-08-14T10:31:04.099+0000] {logging_mixin.py:150} INFO - [2025-08-14T10:31:04.099+0000] {dag.py:3504} INFO - Setting next_dagrun for example_params_ui_tutorial to None, run_after=None
[2025-08-14T10:31:04.114+0000] {processor.py:179} INFO - Processing /home/vscode/.local/lib/python3.10/site-packages/airflow/example_dags/example_params_ui_tutorial.py took 0.075 seconds
[2025-08-14T10:31:47.694+0000] {processor.py:157} INFO - Started process (PID=26156) to work on /home/vscode/.local/lib/python3.10/site-packages/airflow/example_dags/example_params_ui_tutorial.py
[2025-08-14T10:31:47.694+0000] {processor.py:826} INFO - Processing file /home/vscode/.local/lib/python3.10/site-packages/airflow/example_dags/example_params_ui_tutorial.py for tasks to queue
[2025-08-14T10:31:47.695+0000] {logging_mixin.py:150} INFO - [2025-08-14T10:31:47.695+0000] {dagbag.py:541} INFO - Filling up the DagBag from /home/vscode/.local/lib/python3.10/site-packages/airflow/example_dags/example_params_ui_tutorial.py
[2025-08-14T10:31:47.712+0000] {processor.py:836} INFO - DAG(s) dict_keys(['example_params_ui_tutorial']) retrieved from /home/vscode/.local/lib/python3.10/site-packages/airflow/example_dags/example_params_ui_tutorial.py
[2025-08-14T10:31:47.737+0000] {logging_mixin.py:150} INFO - [2025-08-14T10:31:47.737+0000] {dag.py:2742} INFO - Sync 1 DAGs
[2025-08-14T10:31:47.750+0000] {logging_mixin.py:150} INFO - [2025-08-14T10:31:47.750+0000] {dag.py:3504} INFO - Setting next_dagrun for example_params_ui_tutorial to None, run_after=None
[2025-08-14T10:31:47.765+0000] {processor.py:179} INFO - Processing /home/vscode/.local/lib/python3.10/site-packages/airflow/example_dags/example_params_ui_tutorial.py took 0.073 seconds
[2025-08-14T10:32:31.645+0000] {processor.py:157} INFO - Started process (PID=26451) to work on /home/vscode/.local/lib/python3.10/site-packages/airflow/example_dags/example_params_ui_tutorial.py
[2025-08-14T10:32:31.645+0000] {processor.py:826} INFO - Processing file /home/vscode/.local/lib/python3.10/site-packages/airflow/example_dags/example_params_ui_tutorial.py for tasks to queue
[2025-08-14T10:32:31.646+0000] {logging_mixin.py:150} INFO - [2025-08-14T10:32:31.646+0000] {dagbag.py:541} INFO - Filling up the DagBag from /home/vscode/.local/lib/python3.10/site-packages/airflow/example_dags/example_params_ui_tutorial.py
[2025-08-14T10:32:31.665+0000] {processor.py:836} INFO - DAG(s) dict_keys(['example_params_ui_tutorial']) retrieved from /home/vscode/.local/lib/python3.10/site-packages/airflow/example_dags/example_params_ui_tutorial.py
[2025-08-14T10:32:31.694+0000] {logging_mixin.py:150} INFO - [2025-08-14T10:32:31.694+0000] {dag.py:2742} INFO - Sync 1 DAGs
[2025-08-14T10:32:31.709+0000] {logging_mixin.py:150} INFO - [2025-08-14T10:32:31.709+0000] {dag.py:3504} INFO - Setting next_dagrun for example_params_ui_tutorial to None, run_after=None
[2025-08-14T10:32:31.726+0000] {processor.py:179} INFO - Processing /home/vscode/.local/lib/python3.10/site-packages/airflow/example_dags/example_params_ui_tutorial.py took 0.084 seconds
[2025-08-14T10:33:14.466+0000] {processor.py:157} INFO - Started process (PID=26804) to work on /home/vscode/.local/lib/python3.10/site-packages/airflow/example_dags/example_params_ui_tutorial.py
[2025-08-14T10:33:14.467+0000] {processor.py:826} INFO - Processing file /home/vscode/.local/lib/python3.10/site-packages/airflow/example_dags/example_params_ui_tutorial.py for tasks to queue
[2025-08-14T10:33:14.467+0000] {logging_mixin.py:150} INFO - [2025-08-14T10:33:14.467+0000] {dagbag.py:541} INFO - Filling up the DagBag from /home/vscode/.local/lib/python3.10/site-packages/airflow/example_dags/example_params_ui_tutorial.py
[2025-08-14T10:33:14.485+0000] {processor.py:836} INFO - DAG(s) dict_keys(['example_params_ui_tutorial']) retrieved from /home/vscode/.local/lib/python3.10/site-packages/airflow/example_dags/example_params_ui_tutorial.py
[2025-08-14T10:33:14.510+0000] {logging_mixin.py:150} INFO - [2025-08-14T10:33:14.510+0000] {dag.py:2742} INFO - Sync 1 DAGs
[2025-08-14T10:33:14.524+0000] {logging_mixin.py:150} INFO - [2025-08-14T10:33:14.523+0000] {dag.py:3504} INFO - Setting next_dagrun for example_params_ui_tutorial to None, run_after=None
[2025-08-14T10:33:14.538+0000] {processor.py:179} INFO - Processing /home/vscode/.local/lib/python3.10/site-packages/airflow/example_dags/example_params_ui_tutorial.py took 0.074 seconds
[2025-08-14T10:33:58.872+0000] {processor.py:157} INFO - Started process (PID=27155) to work on /home/vscode/.local/lib/python3.10/site-packages/airflow/example_dags/example_params_ui_tutorial.py
[2025-08-14T10:33:58.873+0000] {processor.py:826} INFO - Processing file /home/vscode/.local/lib/python3.10/site-packages/airflow/example_dags/example_params_ui_tutorial.py for tasks to queue
[2025-08-14T10:33:58.873+0000] {logging_mixin.py:150} INFO - [2025-08-14T10:33:58.873+0000] {dagbag.py:541} INFO - Filling up the DagBag from /home/vscode/.local/lib/python3.10/site-packages/airflow/example_dags/example_params_ui_tutorial.py
[2025-08-14T10:33:58.891+0000] {processor.py:836} INFO - DAG(s) dict_keys(['example_params_ui_tutorial']) retrieved from /home/vscode/.local/lib/python3.10/site-packages/airflow/example_dags/example_params_ui_tutorial.py
[2025-08-14T10:33:58.917+0000] {logging_mixin.py:150} INFO - [2025-08-14T10:33:58.917+0000] {dag.py:2742} INFO - Sync 1 DAGs
[2025-08-14T10:33:58.932+0000] {logging_mixin.py:150} INFO - [2025-08-14T10:33:58.931+0000] {dag.py:3504} INFO - Setting next_dagrun for example_params_ui_tutorial to None, run_after=None
[2025-08-14T10:33:58.948+0000] {processor.py:179} INFO - Processing /home/vscode/.local/lib/python3.10/site-packages/airflow/example_dags/example_params_ui_tutorial.py took 0.078 seconds
[2025-08-14T10:34:45.828+0000] {processor.py:157} INFO - Started process (PID=27460) to work on /home/vscode/.local/lib/python3.10/site-packages/airflow/example_dags/example_params_ui_tutorial.py
[2025-08-14T10:34:45.829+0000] {processor.py:826} INFO - Processing file /home/vscode/.local/lib/python3.10/site-packages/airflow/example_dags/example_params_ui_tutorial.py for tasks to queue
[2025-08-14T10:34:45.829+0000] {logging_mixin.py:150} INFO - [2025-08-14T10:34:45.829+0000] {dagbag.py:541} INFO - Filling up the DagBag from /home/vscode/.local/lib/python3.10/site-packages/airflow/example_dags/example_params_ui_tutorial.py
[2025-08-14T10:34:45.847+0000] {processor.py:836} INFO - DAG(s) dict_keys(['example_params_ui_tutorial']) retrieved from /home/vscode/.local/lib/python3.10/site-packages/airflow/example_dags/example_params_ui_tutorial.py
[2025-08-14T10:34:45.889+0000] {logging_mixin.py:150} INFO - [2025-08-14T10:34:45.888+0000] {dag.py:2742} INFO - Sync 1 DAGs
[2025-08-14T10:34:45.910+0000] {logging_mixin.py:150} INFO - [2025-08-14T10:34:45.910+0000] {dag.py:3504} INFO - Setting next_dagrun for example_params_ui_tutorial to None, run_after=None
[2025-08-14T10:34:45.931+0000] {processor.py:179} INFO - Processing /home/vscode/.local/lib/python3.10/site-packages/airflow/example_dags/example_params_ui_tutorial.py took 0.105 seconds
[2025-08-14T10:35:32.382+0000] {processor.py:157} INFO - Started process (PID=27774) to work on /home/vscode/.local/lib/python3.10/site-packages/airflow/example_dags/example_params_ui_tutorial.py
[2025-08-14T10:35:32.382+0000] {processor.py:826} INFO - Processing file /home/vscode/.local/lib/python3.10/site-packages/airflow/example_dags/example_params_ui_tutorial.py for tasks to queue
[2025-08-14T10:35:32.383+0000] {logging_mixin.py:150} INFO - [2025-08-14T10:35:32.383+0000] {dagbag.py:541} INFO - Filling up the DagBag from /home/vscode/.local/lib/python3.10/site-packages/airflow/example_dags/example_params_ui_tutorial.py
[2025-08-14T10:35:32.400+0000] {processor.py:836} INFO - DAG(s) dict_keys(['example_params_ui_tutorial']) retrieved from /home/vscode/.local/lib/python3.10/site-packages/airflow/example_dags/example_params_ui_tutorial.py
[2025-08-14T10:35:32.426+0000] {logging_mixin.py:150} INFO - [2025-08-14T10:35:32.426+0000] {dag.py:2742} INFO - Sync 1 DAGs
[2025-08-14T10:35:32.440+0000] {logging_mixin.py:150} INFO - [2025-08-14T10:35:32.440+0000] {dag.py:3504} INFO - Setting next_dagrun for example_params_ui_tutorial to None, run_after=None
[2025-08-14T10:35:32.455+0000] {processor.py:179} INFO - Processing /home/vscode/.local/lib/python3.10/site-packages/airflow/example_dags/example_params_ui_tutorial.py took 0.075 seconds
[2025-08-14T10:36:16.369+0000] {processor.py:157} INFO - Started process (PID=28068) to work on /home/vscode/.local/lib/python3.10/site-packages/airflow/example_dags/example_params_ui_tutorial.py
[2025-08-14T10:36:16.370+0000] {processor.py:826} INFO - Processing file /home/vscode/.local/lib/python3.10/site-packages/airflow/example_dags/example_params_ui_tutorial.py for tasks to queue
[2025-08-14T10:36:16.371+0000] {logging_mixin.py:150} INFO - [2025-08-14T10:36:16.370+0000] {dagbag.py:541} INFO - Filling up the DagBag from /home/vscode/.local/lib/python3.10/site-packages/airflow/example_dags/example_params_ui_tutorial.py
[2025-08-14T10:36:16.387+0000] {processor.py:836} INFO - DAG(s) dict_keys(['example_params_ui_tutorial']) retrieved from /home/vscode/.local/lib/python3.10/site-packages/airflow/example_dags/example_params_ui_tutorial.py
[2025-08-14T10:36:16.412+0000] {logging_mixin.py:150} INFO - [2025-08-14T10:36:16.412+0000] {dag.py:2742} INFO - Sync 1 DAGs
[2025-08-14T10:36:16.425+0000] {logging_mixin.py:150} INFO - [2025-08-14T10:36:16.425+0000] {dag.py:3504} INFO - Setting next_dagrun for example_params_ui_tutorial to None, run_after=None
[2025-08-14T10:36:16.441+0000] {processor.py:179} INFO - Processing /home/vscode/.local/lib/python3.10/site-packages/airflow/example_dags/example_params_ui_tutorial.py took 0.073 seconds
[2025-08-14T10:37:06.066+0000] {processor.py:157} INFO - Started process (PID=28398) to work on /home/vscode/.local/lib/python3.10/site-packages/airflow/example_dags/example_params_ui_tutorial.py
[2025-08-14T10:37:06.066+0000] {processor.py:826} INFO - Processing file /home/vscode/.local/lib/python3.10/site-packages/airflow/example_dags/example_params_ui_tutorial.py for tasks to queue
[2025-08-14T10:37:06.067+0000] {logging_mixin.py:150} INFO - [2025-08-14T10:37:06.067+0000] {dagbag.py:541} INFO - Filling up the DagBag from /home/vscode/.local/lib/python3.10/site-packages/airflow/example_dags/example_params_ui_tutorial.py
[2025-08-14T10:37:06.084+0000] {processor.py:836} INFO - DAG(s) dict_keys(['example_params_ui_tutorial']) retrieved from /home/vscode/.local/lib/python3.10/site-packages/airflow/example_dags/example_params_ui_tutorial.py
[2025-08-14T10:37:06.109+0000] {logging_mixin.py:150} INFO - [2025-08-14T10:37:06.109+0000] {dag.py:2742} INFO - Sync 1 DAGs
[2025-08-14T10:37:06.122+0000] {logging_mixin.py:150} INFO - [2025-08-14T10:37:06.122+0000] {dag.py:3504} INFO - Setting next_dagrun for example_params_ui_tutorial to None, run_after=None
[2025-08-14T10:37:06.137+0000] {processor.py:179} INFO - Processing /home/vscode/.local/lib/python3.10/site-packages/airflow/example_dags/example_params_ui_tutorial.py took 0.074 seconds
[2025-08-14T10:37:52.138+0000] {processor.py:157} INFO - Started process (PID=28708) to work on /home/vscode/.local/lib/python3.10/site-packages/airflow/example_dags/example_params_ui_tutorial.py
[2025-08-14T10:37:52.139+0000] {processor.py:826} INFO - Processing file /home/vscode/.local/lib/python3.10/site-packages/airflow/example_dags/example_params_ui_tutorial.py for tasks to queue
[2025-08-14T10:37:52.139+0000] {logging_mixin.py:150} INFO - [2025-08-14T10:37:52.139+0000] {dagbag.py:541} INFO - Filling up the DagBag from /home/vscode/.local/lib/python3.10/site-packages/airflow/example_dags/example_params_ui_tutorial.py
[2025-08-14T10:37:52.156+0000] {processor.py:836} INFO - DAG(s) dict_keys(['example_params_ui_tutorial']) retrieved from /home/vscode/.local/lib/python3.10/site-packages/airflow/example_dags/example_params_ui_tutorial.py
[2025-08-14T10:37:52.182+0000] {logging_mixin.py:150} INFO - [2025-08-14T10:37:52.182+0000] {dag.py:2742} INFO - Sync 1 DAGs
[2025-08-14T10:37:52.196+0000] {logging_mixin.py:150} INFO - [2025-08-14T10:37:52.196+0000] {dag.py:3504} INFO - Setting next_dagrun for example_params_ui_tutorial to None, run_after=None
[2025-08-14T10:37:52.211+0000] {processor.py:179} INFO - Processing /home/vscode/.local/lib/python3.10/site-packages/airflow/example_dags/example_params_ui_tutorial.py took 0.076 seconds
[2025-08-14T10:38:37.256+0000] {processor.py:157} INFO - Started process (PID=29005) to work on /home/vscode/.local/lib/python3.10/site-packages/airflow/example_dags/example_params_ui_tutorial.py
[2025-08-14T10:38:37.257+0000] {processor.py:826} INFO - Processing file /home/vscode/.local/lib/python3.10/site-packages/airflow/example_dags/example_params_ui_tutorial.py for tasks to queue
[2025-08-14T10:38:37.258+0000] {logging_mixin.py:150} INFO - [2025-08-14T10:38:37.257+0000] {dagbag.py:541} INFO - Filling up the DagBag from /home/vscode/.local/lib/python3.10/site-packages/airflow/example_dags/example_params_ui_tutorial.py
[2025-08-14T10:38:37.275+0000] {processor.py:836} INFO - DAG(s) dict_keys(['example_params_ui_tutorial']) retrieved from /home/vscode/.local/lib/python3.10/site-packages/airflow/example_dags/example_params_ui_tutorial.py
[2025-08-14T10:38:37.302+0000] {logging_mixin.py:150} INFO - [2025-08-14T10:38:37.301+0000] {dag.py:2742} INFO - Sync 1 DAGs
[2025-08-14T10:38:37.316+0000] {logging_mixin.py:150} INFO - [2025-08-14T10:38:37.316+0000] {dag.py:3504} INFO - Setting next_dagrun for example_params_ui_tutorial to None, run_after=None
[2025-08-14T10:38:37.332+0000] {processor.py:179} INFO - Processing /home/vscode/.local/lib/python3.10/site-packages/airflow/example_dags/example_params_ui_tutorial.py took 0.078 seconds
[2025-08-14T10:39:26.796+0000] {processor.py:157} INFO - Started process (PID=29338) to work on /home/vscode/.local/lib/python3.10/site-packages/airflow/example_dags/example_params_ui_tutorial.py
[2025-08-14T10:39:26.797+0000] {processor.py:826} INFO - Processing file /home/vscode/.local/lib/python3.10/site-packages/airflow/example_dags/example_params_ui_tutorial.py for tasks to queue
[2025-08-14T10:39:26.798+0000] {logging_mixin.py:150} INFO - [2025-08-14T10:39:26.797+0000] {dagbag.py:541} INFO - Filling up the DagBag from /home/vscode/.local/lib/python3.10/site-packages/airflow/example_dags/example_params_ui_tutorial.py
[2025-08-14T10:39:26.815+0000] {processor.py:836} INFO - DAG(s) dict_keys(['example_params_ui_tutorial']) retrieved from /home/vscode/.local/lib/python3.10/site-packages/airflow/example_dags/example_params_ui_tutorial.py
[2025-08-14T10:39:26.841+0000] {logging_mixin.py:150} INFO - [2025-08-14T10:39:26.840+0000] {dag.py:2742} INFO - Sync 1 DAGs
[2025-08-14T10:39:26.855+0000] {logging_mixin.py:150} INFO - [2025-08-14T10:39:26.855+0000] {dag.py:3504} INFO - Setting next_dagrun for example_params_ui_tutorial to None, run_after=None
[2025-08-14T10:39:26.871+0000] {processor.py:179} INFO - Processing /home/vscode/.local/lib/python3.10/site-packages/airflow/example_dags/example_params_ui_tutorial.py took 0.077 seconds
[2025-08-14T10:40:14.107+0000] {processor.py:157} INFO - Started process (PID=29655) to work on /home/vscode/.local/lib/python3.10/site-packages/airflow/example_dags/example_params_ui_tutorial.py
[2025-08-14T10:40:14.108+0000] {processor.py:826} INFO - Processing file /home/vscode/.local/lib/python3.10/site-packages/airflow/example_dags/example_params_ui_tutorial.py for tasks to queue
[2025-08-14T10:40:14.108+0000] {logging_mixin.py:150} INFO - [2025-08-14T10:40:14.108+0000] {dagbag.py:541} INFO - Filling up the DagBag from /home/vscode/.local/lib/python3.10/site-packages/airflow/example_dags/example_params_ui_tutorial.py
[2025-08-14T10:40:14.127+0000] {processor.py:836} INFO - DAG(s) dict_keys(['example_params_ui_tutorial']) retrieved from /home/vscode/.local/lib/python3.10/site-packages/airflow/example_dags/example_params_ui_tutorial.py
[2025-08-14T10:40:14.159+0000] {logging_mixin.py:150} INFO - [2025-08-14T10:40:14.159+0000] {dag.py:2742} INFO - Sync 1 DAGs
[2025-08-14T10:40:14.172+0000] {logging_mixin.py:150} INFO - [2025-08-14T10:40:14.172+0000] {dag.py:3504} INFO - Setting next_dagrun for example_params_ui_tutorial to None, run_after=None
[2025-08-14T10:40:14.187+0000] {processor.py:179} INFO - Processing /home/vscode/.local/lib/python3.10/site-packages/airflow/example_dags/example_params_ui_tutorial.py took 0.081 seconds
[2025-08-14T10:41:01.788+0000] {processor.py:157} INFO - Started process (PID=29968) to work on /home/vscode/.local/lib/python3.10/site-packages/airflow/example_dags/example_params_ui_tutorial.py
[2025-08-14T10:41:01.788+0000] {processor.py:826} INFO - Processing file /home/vscode/.local/lib/python3.10/site-packages/airflow/example_dags/example_params_ui_tutorial.py for tasks to queue
[2025-08-14T10:41:01.789+0000] {logging_mixin.py:150} INFO - [2025-08-14T10:41:01.789+0000] {dagbag.py:541} INFO - Filling up the DagBag from /home/vscode/.local/lib/python3.10/site-packages/airflow/example_dags/example_params_ui_tutorial.py
[2025-08-14T10:41:01.806+0000] {processor.py:836} INFO - DAG(s) dict_keys(['example_params_ui_tutorial']) retrieved from /home/vscode/.local/lib/python3.10/site-packages/airflow/example_dags/example_params_ui_tutorial.py
[2025-08-14T10:41:01.832+0000] {logging_mixin.py:150} INFO - [2025-08-14T10:41:01.832+0000] {dag.py:2742} INFO - Sync 1 DAGs
[2025-08-14T10:41:01.848+0000] {logging_mixin.py:150} INFO - [2025-08-14T10:41:01.847+0000] {dag.py:3504} INFO - Setting next_dagrun for example_params_ui_tutorial to None, run_after=None
[2025-08-14T10:41:01.863+0000] {processor.py:179} INFO - Processing /home/vscode/.local/lib/python3.10/site-packages/airflow/example_dags/example_params_ui_tutorial.py took 0.078 seconds
[2025-08-14T10:41:50.341+0000] {processor.py:157} INFO - Started process (PID=30294) to work on /home/vscode/.local/lib/python3.10/site-packages/airflow/example_dags/example_params_ui_tutorial.py
[2025-08-14T10:41:50.342+0000] {processor.py:826} INFO - Processing file /home/vscode/.local/lib/python3.10/site-packages/airflow/example_dags/example_params_ui_tutorial.py for tasks to queue
[2025-08-14T10:41:50.342+0000] {logging_mixin.py:150} INFO - [2025-08-14T10:41:50.342+0000] {dagbag.py:541} INFO - Filling up the DagBag from /home/vscode/.local/lib/python3.10/site-packages/airflow/example_dags/example_params_ui_tutorial.py
[2025-08-14T10:41:50.359+0000] {processor.py:836} INFO - DAG(s) dict_keys(['example_params_ui_tutorial']) retrieved from /home/vscode/.local/lib/python3.10/site-packages/airflow/example_dags/example_params_ui_tutorial.py
[2025-08-14T10:41:50.385+0000] {logging_mixin.py:150} INFO - [2025-08-14T10:41:50.385+0000] {dag.py:2742} INFO - Sync 1 DAGs
[2025-08-14T10:41:50.399+0000] {logging_mixin.py:150} INFO - [2025-08-14T10:41:50.399+0000] {dag.py:3504} INFO - Setting next_dagrun for example_params_ui_tutorial to None, run_after=None
[2025-08-14T10:41:50.415+0000] {processor.py:179} INFO - Processing /home/vscode/.local/lib/python3.10/site-packages/airflow/example_dags/example_params_ui_tutorial.py took 0.076 seconds
[2025-08-14T10:42:39.034+0000] {processor.py:157} INFO - Started process (PID=30616) to work on /home/vscode/.local/lib/python3.10/site-packages/airflow/example_dags/example_params_ui_tutorial.py
[2025-08-14T10:42:39.035+0000] {processor.py:826} INFO - Processing file /home/vscode/.local/lib/python3.10/site-packages/airflow/example_dags/example_params_ui_tutorial.py for tasks to queue
[2025-08-14T10:42:39.035+0000] {logging_mixin.py:150} INFO - [2025-08-14T10:42:39.035+0000] {dagbag.py:541} INFO - Filling up the DagBag from /home/vscode/.local/lib/python3.10/site-packages/airflow/example_dags/example_params_ui_tutorial.py
[2025-08-14T10:42:39.056+0000] {processor.py:836} INFO - DAG(s) dict_keys(['example_params_ui_tutorial']) retrieved from /home/vscode/.local/lib/python3.10/site-packages/airflow/example_dags/example_params_ui_tutorial.py
[2025-08-14T10:42:39.082+0000] {logging_mixin.py:150} INFO - [2025-08-14T10:42:39.081+0000] {dag.py:2742} INFO - Sync 1 DAGs
[2025-08-14T10:42:39.096+0000] {logging_mixin.py:150} INFO - [2025-08-14T10:42:39.096+0000] {dag.py:3504} INFO - Setting next_dagrun for example_params_ui_tutorial to None, run_after=None
[2025-08-14T10:42:39.112+0000] {processor.py:179} INFO - Processing /home/vscode/.local/lib/python3.10/site-packages/airflow/example_dags/example_params_ui_tutorial.py took 0.081 seconds
[2025-08-14T10:43:24.976+0000] {processor.py:157} INFO - Started process (PID=30922) to work on /home/vscode/.local/lib/python3.10/site-packages/airflow/example_dags/example_params_ui_tutorial.py
[2025-08-14T10:43:24.977+0000] {processor.py:826} INFO - Processing file /home/vscode/.local/lib/python3.10/site-packages/airflow/example_dags/example_params_ui_tutorial.py for tasks to queue
[2025-08-14T10:43:24.978+0000] {logging_mixin.py:150} INFO - [2025-08-14T10:43:24.977+0000] {dagbag.py:541} INFO - Filling up the DagBag from /home/vscode/.local/lib/python3.10/site-packages/airflow/example_dags/example_params_ui_tutorial.py
[2025-08-14T10:43:24.995+0000] {processor.py:836} INFO - DAG(s) dict_keys(['example_params_ui_tutorial']) retrieved from /home/vscode/.local/lib/python3.10/site-packages/airflow/example_dags/example_params_ui_tutorial.py
[2025-08-14T10:43:25.020+0000] {logging_mixin.py:150} INFO - [2025-08-14T10:43:25.019+0000] {dag.py:2742} INFO - Sync 1 DAGs
[2025-08-14T10:43:25.033+0000] {logging_mixin.py:150} INFO - [2025-08-14T10:43:25.033+0000] {dag.py:3504} INFO - Setting next_dagrun for example_params_ui_tutorial to None, run_after=None
[2025-08-14T10:43:25.048+0000] {processor.py:179} INFO - Processing /home/vscode/.local/lib/python3.10/site-packages/airflow/example_dags/example_params_ui_tutorial.py took 0.074 seconds
[2025-08-14T10:44:12.485+0000] {processor.py:157} INFO - Started process (PID=31235) to work on /home/vscode/.local/lib/python3.10/site-packages/airflow/example_dags/example_params_ui_tutorial.py
[2025-08-14T10:44:12.485+0000] {processor.py:826} INFO - Processing file /home/vscode/.local/lib/python3.10/site-packages/airflow/example_dags/example_params_ui_tutorial.py for tasks to queue
[2025-08-14T10:44:12.486+0000] {logging_mixin.py:150} INFO - [2025-08-14T10:44:12.486+0000] {dagbag.py:541} INFO - Filling up the DagBag from /home/vscode/.local/lib/python3.10/site-packages/airflow/example_dags/example_params_ui_tutorial.py
[2025-08-14T10:44:12.503+0000] {processor.py:836} INFO - DAG(s) dict_keys(['example_params_ui_tutorial']) retrieved from /home/vscode/.local/lib/python3.10/site-packages/airflow/example_dags/example_params_ui_tutorial.py
[2025-08-14T10:44:12.528+0000] {logging_mixin.py:150} INFO - [2025-08-14T10:44:12.528+0000] {dag.py:2742} INFO - Sync 1 DAGs
[2025-08-14T10:44:12.542+0000] {logging_mixin.py:150} INFO - [2025-08-14T10:44:12.542+0000] {dag.py:3504} INFO - Setting next_dagrun for example_params_ui_tutorial to None, run_after=None
[2025-08-14T10:44:12.557+0000] {processor.py:179} INFO - Processing /home/vscode/.local/lib/python3.10/site-packages/airflow/example_dags/example_params_ui_tutorial.py took 0.074 seconds
[2025-08-14T10:45:00.872+0000] {processor.py:157} INFO - Started process (PID=31560) to work on /home/vscode/.local/lib/python3.10/site-packages/airflow/example_dags/example_params_ui_tutorial.py
[2025-08-14T10:45:00.872+0000] {processor.py:826} INFO - Processing file /home/vscode/.local/lib/python3.10/site-packages/airflow/example_dags/example_params_ui_tutorial.py for tasks to queue
[2025-08-14T10:45:00.873+0000] {logging_mixin.py:150} INFO - [2025-08-14T10:45:00.873+0000] {dagbag.py:541} INFO - Filling up the DagBag from /home/vscode/.local/lib/python3.10/site-packages/airflow/example_dags/example_params_ui_tutorial.py
[2025-08-14T10:45:00.892+0000] {processor.py:836} INFO - DAG(s) dict_keys(['example_params_ui_tutorial']) retrieved from /home/vscode/.local/lib/python3.10/site-packages/airflow/example_dags/example_params_ui_tutorial.py
[2025-08-14T10:45:00.917+0000] {logging_mixin.py:150} INFO - [2025-08-14T10:45:00.917+0000] {dag.py:2742} INFO - Sync 1 DAGs
[2025-08-14T10:45:00.931+0000] {logging_mixin.py:150} INFO - [2025-08-14T10:45:00.931+0000] {dag.py:3504} INFO - Setting next_dagrun for example_params_ui_tutorial to None, run_after=None
[2025-08-14T10:45:00.946+0000] {processor.py:179} INFO - Processing /home/vscode/.local/lib/python3.10/site-packages/airflow/example_dags/example_params_ui_tutorial.py took 0.077 seconds
[2025-08-14T10:45:46.103+0000] {processor.py:157} INFO - Started process (PID=31864) to work on /home/vscode/.local/lib/python3.10/site-packages/airflow/example_dags/example_params_ui_tutorial.py
[2025-08-14T10:45:46.104+0000] {processor.py:826} INFO - Processing file /home/vscode/.local/lib/python3.10/site-packages/airflow/example_dags/example_params_ui_tutorial.py for tasks to queue
[2025-08-14T10:45:46.105+0000] {logging_mixin.py:150} INFO - [2025-08-14T10:45:46.104+0000] {dagbag.py:541} INFO - Filling up the DagBag from /home/vscode/.local/lib/python3.10/site-packages/airflow/example_dags/example_params_ui_tutorial.py
[2025-08-14T10:45:46.122+0000] {processor.py:836} INFO - DAG(s) dict_keys(['example_params_ui_tutorial']) retrieved from /home/vscode/.local/lib/python3.10/site-packages/airflow/example_dags/example_params_ui_tutorial.py
[2025-08-14T10:45:46.147+0000] {logging_mixin.py:150} INFO - [2025-08-14T10:45:46.147+0000] {dag.py:2742} INFO - Sync 1 DAGs
[2025-08-14T10:45:46.161+0000] {logging_mixin.py:150} INFO - [2025-08-14T10:45:46.161+0000] {dag.py:3504} INFO - Setting next_dagrun for example_params_ui_tutorial to None, run_after=None
[2025-08-14T10:45:46.176+0000] {processor.py:179} INFO - Processing /home/vscode/.local/lib/python3.10/site-packages/airflow/example_dags/example_params_ui_tutorial.py took 0.074 seconds
[2025-08-14T10:46:31.030+0000] {processor.py:157} INFO - Started process (PID=32164) to work on /home/vscode/.local/lib/python3.10/site-packages/airflow/example_dags/example_params_ui_tutorial.py
[2025-08-14T10:46:31.030+0000] {processor.py:826} INFO - Processing file /home/vscode/.local/lib/python3.10/site-packages/airflow/example_dags/example_params_ui_tutorial.py for tasks to queue
[2025-08-14T10:46:31.031+0000] {logging_mixin.py:150} INFO - [2025-08-14T10:46:31.031+0000] {dagbag.py:541} INFO - Filling up the DagBag from /home/vscode/.local/lib/python3.10/site-packages/airflow/example_dags/example_params_ui_tutorial.py
[2025-08-14T10:46:31.060+0000] {processor.py:836} INFO - DAG(s) dict_keys(['example_params_ui_tutorial']) retrieved from /home/vscode/.local/lib/python3.10/site-packages/airflow/example_dags/example_params_ui_tutorial.py
[2025-08-14T10:46:31.090+0000] {logging_mixin.py:150} INFO - [2025-08-14T10:46:31.090+0000] {dag.py:2742} INFO - Sync 1 DAGs
[2025-08-14T10:46:31.104+0000] {logging_mixin.py:150} INFO - [2025-08-14T10:46:31.104+0000] {dag.py:3504} INFO - Setting next_dagrun for example_params_ui_tutorial to None, run_after=None
[2025-08-14T10:46:31.120+0000] {processor.py:179} INFO - Processing /home/vscode/.local/lib/python3.10/site-packages/airflow/example_dags/example_params_ui_tutorial.py took 0.092 seconds
[2025-08-14T10:47:16.152+0000] {processor.py:157} INFO - Started process (PID=32467) to work on /home/vscode/.local/lib/python3.10/site-packages/airflow/example_dags/example_params_ui_tutorial.py
[2025-08-14T10:47:16.153+0000] {processor.py:826} INFO - Processing file /home/vscode/.local/lib/python3.10/site-packages/airflow/example_dags/example_params_ui_tutorial.py for tasks to queue
[2025-08-14T10:47:16.154+0000] {logging_mixin.py:150} INFO - [2025-08-14T10:47:16.153+0000] {dagbag.py:541} INFO - Filling up the DagBag from /home/vscode/.local/lib/python3.10/site-packages/airflow/example_dags/example_params_ui_tutorial.py
[2025-08-14T10:47:16.171+0000] {processor.py:836} INFO - DAG(s) dict_keys(['example_params_ui_tutorial']) retrieved from /home/vscode/.local/lib/python3.10/site-packages/airflow/example_dags/example_params_ui_tutorial.py
[2025-08-14T10:47:16.202+0000] {logging_mixin.py:150} INFO - [2025-08-14T10:47:16.202+0000] {dag.py:2742} INFO - Sync 1 DAGs
[2025-08-14T10:47:16.218+0000] {logging_mixin.py:150} INFO - [2025-08-14T10:47:16.217+0000] {dag.py:3504} INFO - Setting next_dagrun for example_params_ui_tutorial to None, run_after=None
[2025-08-14T10:47:16.234+0000] {processor.py:179} INFO - Processing /home/vscode/.local/lib/python3.10/site-packages/airflow/example_dags/example_params_ui_tutorial.py took 0.083 seconds
[2025-08-14T10:47:58.134+0000] {processor.py:157} INFO - Started process (PID=32748) to work on /home/vscode/.local/lib/python3.10/site-packages/airflow/example_dags/example_params_ui_tutorial.py
[2025-08-14T10:47:58.135+0000] {processor.py:826} INFO - Processing file /home/vscode/.local/lib/python3.10/site-packages/airflow/example_dags/example_params_ui_tutorial.py for tasks to queue
[2025-08-14T10:47:58.136+0000] {logging_mixin.py:150} INFO - [2025-08-14T10:47:58.135+0000] {dagbag.py:541} INFO - Filling up the DagBag from /home/vscode/.local/lib/python3.10/site-packages/airflow/example_dags/example_params_ui_tutorial.py
[2025-08-14T10:47:58.153+0000] {processor.py:836} INFO - DAG(s) dict_keys(['example_params_ui_tutorial']) retrieved from /home/vscode/.local/lib/python3.10/site-packages/airflow/example_dags/example_params_ui_tutorial.py
[2025-08-14T10:47:58.177+0000] {logging_mixin.py:150} INFO - [2025-08-14T10:47:58.177+0000] {dag.py:2742} INFO - Sync 1 DAGs
[2025-08-14T10:47:58.190+0000] {logging_mixin.py:150} INFO - [2025-08-14T10:47:58.190+0000] {dag.py:3504} INFO - Setting next_dagrun for example_params_ui_tutorial to None, run_after=None
[2025-08-14T10:47:58.207+0000] {processor.py:179} INFO - Processing /home/vscode/.local/lib/python3.10/site-packages/airflow/example_dags/example_params_ui_tutorial.py took 0.074 seconds
[2025-08-14T10:48:43.287+0000] {processor.py:157} INFO - Started process (PID=33041) to work on /home/vscode/.local/lib/python3.10/site-packages/airflow/example_dags/example_params_ui_tutorial.py
[2025-08-14T10:48:43.287+0000] {processor.py:826} INFO - Processing file /home/vscode/.local/lib/python3.10/site-packages/airflow/example_dags/example_params_ui_tutorial.py for tasks to queue
[2025-08-14T10:48:43.288+0000] {logging_mixin.py:150} INFO - [2025-08-14T10:48:43.288+0000] {dagbag.py:541} INFO - Filling up the DagBag from /home/vscode/.local/lib/python3.10/site-packages/airflow/example_dags/example_params_ui_tutorial.py
[2025-08-14T10:48:43.305+0000] {processor.py:836} INFO - DAG(s) dict_keys(['example_params_ui_tutorial']) retrieved from /home/vscode/.local/lib/python3.10/site-packages/airflow/example_dags/example_params_ui_tutorial.py
[2025-08-14T10:48:43.330+0000] {logging_mixin.py:150} INFO - [2025-08-14T10:48:43.330+0000] {dag.py:2742} INFO - Sync 1 DAGs
[2025-08-14T10:48:43.344+0000] {logging_mixin.py:150} INFO - [2025-08-14T10:48:43.344+0000] {dag.py:3504} INFO - Setting next_dagrun for example_params_ui_tutorial to None, run_after=None
[2025-08-14T10:48:43.359+0000] {processor.py:179} INFO - Processing /home/vscode/.local/lib/python3.10/site-packages/airflow/example_dags/example_params_ui_tutorial.py took 0.074 seconds
[2025-08-14T10:49:28.499+0000] {processor.py:157} INFO - Started process (PID=33347) to work on /home/vscode/.local/lib/python3.10/site-packages/airflow/example_dags/example_params_ui_tutorial.py
[2025-08-14T10:49:28.500+0000] {processor.py:826} INFO - Processing file /home/vscode/.local/lib/python3.10/site-packages/airflow/example_dags/example_params_ui_tutorial.py for tasks to queue
[2025-08-14T10:49:28.501+0000] {logging_mixin.py:150} INFO - [2025-08-14T10:49:28.500+0000] {dagbag.py:541} INFO - Filling up the DagBag from /home/vscode/.local/lib/python3.10/site-packages/airflow/example_dags/example_params_ui_tutorial.py
[2025-08-14T10:49:28.528+0000] {processor.py:836} INFO - DAG(s) dict_keys(['example_params_ui_tutorial']) retrieved from /home/vscode/.local/lib/python3.10/site-packages/airflow/example_dags/example_params_ui_tutorial.py
[2025-08-14T10:49:28.557+0000] {logging_mixin.py:150} INFO - [2025-08-14T10:49:28.557+0000] {dag.py:2742} INFO - Sync 1 DAGs
[2025-08-14T10:49:28.571+0000] {logging_mixin.py:150} INFO - [2025-08-14T10:49:28.571+0000] {dag.py:3504} INFO - Setting next_dagrun for example_params_ui_tutorial to None, run_after=None
[2025-08-14T10:49:28.587+0000] {processor.py:179} INFO - Processing /home/vscode/.local/lib/python3.10/site-packages/airflow/example_dags/example_params_ui_tutorial.py took 0.091 seconds
[2025-08-14T10:50:17.426+0000] {processor.py:157} INFO - Started process (PID=33671) to work on /home/vscode/.local/lib/python3.10/site-packages/airflow/example_dags/example_params_ui_tutorial.py
[2025-08-14T10:50:17.427+0000] {processor.py:826} INFO - Processing file /home/vscode/.local/lib/python3.10/site-packages/airflow/example_dags/example_params_ui_tutorial.py for tasks to queue
[2025-08-14T10:50:17.427+0000] {logging_mixin.py:150} INFO - [2025-08-14T10:50:17.427+0000] {dagbag.py:541} INFO - Filling up the DagBag from /home/vscode/.local/lib/python3.10/site-packages/airflow/example_dags/example_params_ui_tutorial.py
[2025-08-14T10:50:17.445+0000] {processor.py:836} INFO - DAG(s) dict_keys(['example_params_ui_tutorial']) retrieved from /home/vscode/.local/lib/python3.10/site-packages/airflow/example_dags/example_params_ui_tutorial.py
[2025-08-14T10:50:17.471+0000] {logging_mixin.py:150} INFO - [2025-08-14T10:50:17.470+0000] {dag.py:2742} INFO - Sync 1 DAGs
[2025-08-14T10:50:17.484+0000] {logging_mixin.py:150} INFO - [2025-08-14T10:50:17.484+0000] {dag.py:3504} INFO - Setting next_dagrun for example_params_ui_tutorial to None, run_after=None
[2025-08-14T10:50:17.498+0000] {processor.py:179} INFO - Processing /home/vscode/.local/lib/python3.10/site-packages/airflow/example_dags/example_params_ui_tutorial.py took 0.074 seconds
[2025-08-14T10:51:03.076+0000] {processor.py:157} INFO - Started process (PID=33979) to work on /home/vscode/.local/lib/python3.10/site-packages/airflow/example_dags/example_params_ui_tutorial.py
[2025-08-14T10:51:03.076+0000] {processor.py:826} INFO - Processing file /home/vscode/.local/lib/python3.10/site-packages/airflow/example_dags/example_params_ui_tutorial.py for tasks to queue
[2025-08-14T10:51:03.077+0000] {logging_mixin.py:150} INFO - [2025-08-14T10:51:03.076+0000] {dagbag.py:541} INFO - Filling up the DagBag from /home/vscode/.local/lib/python3.10/site-packages/airflow/example_dags/example_params_ui_tutorial.py
[2025-08-14T10:51:03.094+0000] {processor.py:836} INFO - DAG(s) dict_keys(['example_params_ui_tutorial']) retrieved from /home/vscode/.local/lib/python3.10/site-packages/airflow/example_dags/example_params_ui_tutorial.py
[2025-08-14T10:51:03.118+0000] {logging_mixin.py:150} INFO - [2025-08-14T10:51:03.118+0000] {dag.py:2742} INFO - Sync 1 DAGs
[2025-08-14T10:51:03.132+0000] {logging_mixin.py:150} INFO - [2025-08-14T10:51:03.132+0000] {dag.py:3504} INFO - Setting next_dagrun for example_params_ui_tutorial to None, run_after=None
[2025-08-14T10:51:03.148+0000] {processor.py:179} INFO - Processing /home/vscode/.local/lib/python3.10/site-packages/airflow/example_dags/example_params_ui_tutorial.py took 0.075 seconds
[2025-08-14T10:51:54.855+0000] {processor.py:157} INFO - Started process (PID=34318) to work on /home/vscode/.local/lib/python3.10/site-packages/airflow/example_dags/example_params_ui_tutorial.py
[2025-08-14T10:51:54.856+0000] {processor.py:826} INFO - Processing file /home/vscode/.local/lib/python3.10/site-packages/airflow/example_dags/example_params_ui_tutorial.py for tasks to queue
[2025-08-14T10:51:54.857+0000] {logging_mixin.py:150} INFO - [2025-08-14T10:51:54.856+0000] {dagbag.py:541} INFO - Filling up the DagBag from /home/vscode/.local/lib/python3.10/site-packages/airflow/example_dags/example_params_ui_tutorial.py
[2025-08-14T10:51:54.876+0000] {processor.py:836} INFO - DAG(s) dict_keys(['example_params_ui_tutorial']) retrieved from /home/vscode/.local/lib/python3.10/site-packages/airflow/example_dags/example_params_ui_tutorial.py
[2025-08-14T10:51:54.903+0000] {logging_mixin.py:150} INFO - [2025-08-14T10:51:54.902+0000] {dag.py:2742} INFO - Sync 1 DAGs
[2025-08-14T10:51:54.916+0000] {logging_mixin.py:150} INFO - [2025-08-14T10:51:54.916+0000] {dag.py:3504} INFO - Setting next_dagrun for example_params_ui_tutorial to None, run_after=None
[2025-08-14T10:51:54.930+0000] {processor.py:179} INFO - Processing /home/vscode/.local/lib/python3.10/site-packages/airflow/example_dags/example_params_ui_tutorial.py took 0.077 seconds
[2025-08-14T10:52:40.393+0000] {processor.py:157} INFO - Started process (PID=34627) to work on /home/vscode/.local/lib/python3.10/site-packages/airflow/example_dags/example_params_ui_tutorial.py
[2025-08-14T10:52:40.394+0000] {processor.py:826} INFO - Processing file /home/vscode/.local/lib/python3.10/site-packages/airflow/example_dags/example_params_ui_tutorial.py for tasks to queue
[2025-08-14T10:52:40.395+0000] {logging_mixin.py:150} INFO - [2025-08-14T10:52:40.394+0000] {dagbag.py:541} INFO - Filling up the DagBag from /home/vscode/.local/lib/python3.10/site-packages/airflow/example_dags/example_params_ui_tutorial.py
[2025-08-14T10:52:40.411+0000] {processor.py:836} INFO - DAG(s) dict_keys(['example_params_ui_tutorial']) retrieved from /home/vscode/.local/lib/python3.10/site-packages/airflow/example_dags/example_params_ui_tutorial.py
[2025-08-14T10:52:40.436+0000] {logging_mixin.py:150} INFO - [2025-08-14T10:52:40.436+0000] {dag.py:2742} INFO - Sync 1 DAGs
[2025-08-14T10:52:40.450+0000] {logging_mixin.py:150} INFO - [2025-08-14T10:52:40.450+0000] {dag.py:3504} INFO - Setting next_dagrun for example_params_ui_tutorial to None, run_after=None
[2025-08-14T10:52:40.466+0000] {processor.py:179} INFO - Processing /home/vscode/.local/lib/python3.10/site-packages/airflow/example_dags/example_params_ui_tutorial.py took 0.075 seconds
[2025-08-14T10:53:27.686+0000] {processor.py:157} INFO - Started process (PID=35385) to work on /home/vscode/.local/lib/python3.10/site-packages/airflow/example_dags/example_params_ui_tutorial.py
[2025-08-14T10:53:27.687+0000] {processor.py:826} INFO - Processing file /home/vscode/.local/lib/python3.10/site-packages/airflow/example_dags/example_params_ui_tutorial.py for tasks to queue
[2025-08-14T10:53:27.688+0000] {logging_mixin.py:150} INFO - [2025-08-14T10:53:27.687+0000] {dagbag.py:541} INFO - Filling up the DagBag from /home/vscode/.local/lib/python3.10/site-packages/airflow/example_dags/example_params_ui_tutorial.py
[2025-08-14T10:53:27.714+0000] {processor.py:836} INFO - DAG(s) dict_keys(['example_params_ui_tutorial']) retrieved from /home/vscode/.local/lib/python3.10/site-packages/airflow/example_dags/example_params_ui_tutorial.py
[2025-08-14T10:53:27.755+0000] {logging_mixin.py:150} INFO - [2025-08-14T10:53:27.754+0000] {dag.py:2742} INFO - Sync 1 DAGs
[2025-08-14T10:53:27.774+0000] {logging_mixin.py:150} INFO - [2025-08-14T10:53:27.774+0000] {dag.py:3504} INFO - Setting next_dagrun for example_params_ui_tutorial to None, run_after=None
[2025-08-14T10:53:27.797+0000] {processor.py:179} INFO - Processing /home/vscode/.local/lib/python3.10/site-packages/airflow/example_dags/example_params_ui_tutorial.py took 0.114 seconds
[2025-08-14T10:54:28.514+0000] {processor.py:157} INFO - Started process (PID=36855) to work on /home/vscode/.local/lib/python3.10/site-packages/airflow/example_dags/example_params_ui_tutorial.py
[2025-08-14T10:54:28.515+0000] {processor.py:826} INFO - Processing file /home/vscode/.local/lib/python3.10/site-packages/airflow/example_dags/example_params_ui_tutorial.py for tasks to queue
[2025-08-14T10:54:28.516+0000] {logging_mixin.py:150} INFO - [2025-08-14T10:54:28.515+0000] {dagbag.py:541} INFO - Filling up the DagBag from /home/vscode/.local/lib/python3.10/site-packages/airflow/example_dags/example_params_ui_tutorial.py
[2025-08-14T10:54:28.534+0000] {processor.py:836} INFO - DAG(s) dict_keys(['example_params_ui_tutorial']) retrieved from /home/vscode/.local/lib/python3.10/site-packages/airflow/example_dags/example_params_ui_tutorial.py
[2025-08-14T10:54:28.559+0000] {logging_mixin.py:150} INFO - [2025-08-14T10:54:28.559+0000] {dag.py:2742} INFO - Sync 1 DAGs
[2025-08-14T10:54:28.574+0000] {logging_mixin.py:150} INFO - [2025-08-14T10:54:28.573+0000] {dag.py:3504} INFO - Setting next_dagrun for example_params_ui_tutorial to None, run_after=None
[2025-08-14T10:54:28.589+0000] {processor.py:179} INFO - Processing /home/vscode/.local/lib/python3.10/site-packages/airflow/example_dags/example_params_ui_tutorial.py took 0.078 seconds
[2025-08-14T10:55:11.393+0000] {processor.py:157} INFO - Started process (PID=37432) to work on /home/vscode/.local/lib/python3.10/site-packages/airflow/example_dags/example_params_ui_tutorial.py
[2025-08-14T10:55:11.394+0000] {processor.py:826} INFO - Processing file /home/vscode/.local/lib/python3.10/site-packages/airflow/example_dags/example_params_ui_tutorial.py for tasks to queue
[2025-08-14T10:55:11.395+0000] {logging_mixin.py:150} INFO - [2025-08-14T10:55:11.395+0000] {dagbag.py:541} INFO - Filling up the DagBag from /home/vscode/.local/lib/python3.10/site-packages/airflow/example_dags/example_params_ui_tutorial.py
[2025-08-14T10:55:11.414+0000] {processor.py:836} INFO - DAG(s) dict_keys(['example_params_ui_tutorial']) retrieved from /home/vscode/.local/lib/python3.10/site-packages/airflow/example_dags/example_params_ui_tutorial.py
[2025-08-14T10:55:11.439+0000] {logging_mixin.py:150} INFO - [2025-08-14T10:55:11.439+0000] {dag.py:2742} INFO - Sync 1 DAGs
[2025-08-14T10:55:11.453+0000] {logging_mixin.py:150} INFO - [2025-08-14T10:55:11.453+0000] {dag.py:3504} INFO - Setting next_dagrun for example_params_ui_tutorial to None, run_after=None
[2025-08-14T10:55:11.469+0000] {processor.py:179} INFO - Processing /home/vscode/.local/lib/python3.10/site-packages/airflow/example_dags/example_params_ui_tutorial.py took 0.079 seconds
[2025-08-14T10:55:58.861+0000] {processor.py:157} INFO - Started process (PID=37970) to work on /home/vscode/.local/lib/python3.10/site-packages/airflow/example_dags/example_params_ui_tutorial.py
[2025-08-14T10:55:58.861+0000] {processor.py:826} INFO - Processing file /home/vscode/.local/lib/python3.10/site-packages/airflow/example_dags/example_params_ui_tutorial.py for tasks to queue
[2025-08-14T10:55:58.862+0000] {logging_mixin.py:150} INFO - [2025-08-14T10:55:58.862+0000] {dagbag.py:541} INFO - Filling up the DagBag from /home/vscode/.local/lib/python3.10/site-packages/airflow/example_dags/example_params_ui_tutorial.py
[2025-08-14T10:55:58.884+0000] {processor.py:836} INFO - DAG(s) dict_keys(['example_params_ui_tutorial']) retrieved from /home/vscode/.local/lib/python3.10/site-packages/airflow/example_dags/example_params_ui_tutorial.py
[2025-08-14T10:55:58.910+0000] {logging_mixin.py:150} INFO - [2025-08-14T10:55:58.910+0000] {dag.py:2742} INFO - Sync 1 DAGs
[2025-08-14T10:55:58.923+0000] {logging_mixin.py:150} INFO - [2025-08-14T10:55:58.923+0000] {dag.py:3504} INFO - Setting next_dagrun for example_params_ui_tutorial to None, run_after=None
[2025-08-14T10:55:58.939+0000] {processor.py:179} INFO - Processing /home/vscode/.local/lib/python3.10/site-packages/airflow/example_dags/example_params_ui_tutorial.py took 0.080 seconds
[2025-08-14T10:56:51.802+0000] {processor.py:157} INFO - Started process (PID=38469) to work on /home/vscode/.local/lib/python3.10/site-packages/airflow/example_dags/example_params_ui_tutorial.py
[2025-08-14T10:56:51.803+0000] {processor.py:826} INFO - Processing file /home/vscode/.local/lib/python3.10/site-packages/airflow/example_dags/example_params_ui_tutorial.py for tasks to queue
[2025-08-14T10:56:51.803+0000] {logging_mixin.py:150} INFO - [2025-08-14T10:56:51.803+0000] {dagbag.py:541} INFO - Filling up the DagBag from /home/vscode/.local/lib/python3.10/site-packages/airflow/example_dags/example_params_ui_tutorial.py
[2025-08-14T10:56:51.821+0000] {processor.py:836} INFO - DAG(s) dict_keys(['example_params_ui_tutorial']) retrieved from /home/vscode/.local/lib/python3.10/site-packages/airflow/example_dags/example_params_ui_tutorial.py
[2025-08-14T10:56:51.847+0000] {logging_mixin.py:150} INFO - [2025-08-14T10:56:51.847+0000] {dag.py:2742} INFO - Sync 1 DAGs
[2025-08-14T10:56:51.862+0000] {logging_mixin.py:150} INFO - [2025-08-14T10:56:51.861+0000] {dag.py:3504} INFO - Setting next_dagrun for example_params_ui_tutorial to None, run_after=None
[2025-08-14T10:56:51.878+0000] {processor.py:179} INFO - Processing /home/vscode/.local/lib/python3.10/site-packages/airflow/example_dags/example_params_ui_tutorial.py took 0.078 seconds
[2025-08-14T10:57:38.061+0000] {processor.py:157} INFO - Started process (PID=38906) to work on /home/vscode/.local/lib/python3.10/site-packages/airflow/example_dags/example_params_ui_tutorial.py
[2025-08-14T10:57:38.062+0000] {processor.py:826} INFO - Processing file /home/vscode/.local/lib/python3.10/site-packages/airflow/example_dags/example_params_ui_tutorial.py for tasks to queue
[2025-08-14T10:57:38.063+0000] {logging_mixin.py:150} INFO - [2025-08-14T10:57:38.063+0000] {dagbag.py:541} INFO - Filling up the DagBag from /home/vscode/.local/lib/python3.10/site-packages/airflow/example_dags/example_params_ui_tutorial.py
[2025-08-14T10:57:38.080+0000] {processor.py:836} INFO - DAG(s) dict_keys(['example_params_ui_tutorial']) retrieved from /home/vscode/.local/lib/python3.10/site-packages/airflow/example_dags/example_params_ui_tutorial.py
[2025-08-14T10:57:38.105+0000] {logging_mixin.py:150} INFO - [2025-08-14T10:57:38.105+0000] {dag.py:2742} INFO - Sync 1 DAGs
[2025-08-14T10:57:38.119+0000] {logging_mixin.py:150} INFO - [2025-08-14T10:57:38.119+0000] {dag.py:3504} INFO - Setting next_dagrun for example_params_ui_tutorial to None, run_after=None
[2025-08-14T10:57:38.135+0000] {processor.py:179} INFO - Processing /home/vscode/.local/lib/python3.10/site-packages/airflow/example_dags/example_params_ui_tutorial.py took 0.076 seconds
[2025-08-14T10:58:25.736+0000] {processor.py:157} INFO - Started process (PID=39362) to work on /home/vscode/.local/lib/python3.10/site-packages/airflow/example_dags/example_params_ui_tutorial.py
[2025-08-14T10:58:25.736+0000] {processor.py:826} INFO - Processing file /home/vscode/.local/lib/python3.10/site-packages/airflow/example_dags/example_params_ui_tutorial.py for tasks to queue
[2025-08-14T10:58:25.737+0000] {logging_mixin.py:150} INFO - [2025-08-14T10:58:25.737+0000] {dagbag.py:541} INFO - Filling up the DagBag from /home/vscode/.local/lib/python3.10/site-packages/airflow/example_dags/example_params_ui_tutorial.py
[2025-08-14T10:58:25.755+0000] {processor.py:836} INFO - DAG(s) dict_keys(['example_params_ui_tutorial']) retrieved from /home/vscode/.local/lib/python3.10/site-packages/airflow/example_dags/example_params_ui_tutorial.py
[2025-08-14T10:58:25.780+0000] {logging_mixin.py:150} INFO - [2025-08-14T10:58:25.780+0000] {dag.py:2742} INFO - Sync 1 DAGs
[2025-08-14T10:58:25.793+0000] {logging_mixin.py:150} INFO - [2025-08-14T10:58:25.793+0000] {dag.py:3504} INFO - Setting next_dagrun for example_params_ui_tutorial to None, run_after=None
[2025-08-14T10:58:25.809+0000] {processor.py:179} INFO - Processing /home/vscode/.local/lib/python3.10/site-packages/airflow/example_dags/example_params_ui_tutorial.py took 0.075 seconds
[2025-08-14T10:59:11.120+0000] {processor.py:157} INFO - Started process (PID=39798) to work on /home/vscode/.local/lib/python3.10/site-packages/airflow/example_dags/example_params_ui_tutorial.py
[2025-08-14T10:59:11.120+0000] {processor.py:826} INFO - Processing file /home/vscode/.local/lib/python3.10/site-packages/airflow/example_dags/example_params_ui_tutorial.py for tasks to queue
[2025-08-14T10:59:11.121+0000] {logging_mixin.py:150} INFO - [2025-08-14T10:59:11.121+0000] {dagbag.py:541} INFO - Filling up the DagBag from /home/vscode/.local/lib/python3.10/site-packages/airflow/example_dags/example_params_ui_tutorial.py
[2025-08-14T10:59:11.139+0000] {processor.py:836} INFO - DAG(s) dict_keys(['example_params_ui_tutorial']) retrieved from /home/vscode/.local/lib/python3.10/site-packages/airflow/example_dags/example_params_ui_tutorial.py
[2025-08-14T10:59:11.163+0000] {logging_mixin.py:150} INFO - [2025-08-14T10:59:11.163+0000] {dag.py:2742} INFO - Sync 1 DAGs
[2025-08-14T10:59:11.180+0000] {logging_mixin.py:150} INFO - [2025-08-14T10:59:11.179+0000] {dag.py:3504} INFO - Setting next_dagrun for example_params_ui_tutorial to None, run_after=None
[2025-08-14T10:59:11.201+0000] {processor.py:179} INFO - Processing /home/vscode/.local/lib/python3.10/site-packages/airflow/example_dags/example_params_ui_tutorial.py took 0.084 seconds
[2025-08-14T10:59:56.545+0000] {processor.py:157} INFO - Started process (PID=40241) to work on /home/vscode/.local/lib/python3.10/site-packages/airflow/example_dags/example_params_ui_tutorial.py
[2025-08-14T10:59:56.546+0000] {processor.py:826} INFO - Processing file /home/vscode/.local/lib/python3.10/site-packages/airflow/example_dags/example_params_ui_tutorial.py for tasks to queue
[2025-08-14T10:59:56.547+0000] {logging_mixin.py:150} INFO - [2025-08-14T10:59:56.547+0000] {dagbag.py:541} INFO - Filling up the DagBag from /home/vscode/.local/lib/python3.10/site-packages/airflow/example_dags/example_params_ui_tutorial.py
[2025-08-14T10:59:56.565+0000] {processor.py:836} INFO - DAG(s) dict_keys(['example_params_ui_tutorial']) retrieved from /home/vscode/.local/lib/python3.10/site-packages/airflow/example_dags/example_params_ui_tutorial.py
[2025-08-14T10:59:56.593+0000] {logging_mixin.py:150} INFO - [2025-08-14T10:59:56.593+0000] {dag.py:2742} INFO - Sync 1 DAGs
[2025-08-14T10:59:56.607+0000] {logging_mixin.py:150} INFO - [2025-08-14T10:59:56.607+0000] {dag.py:3504} INFO - Setting next_dagrun for example_params_ui_tutorial to None, run_after=None
[2025-08-14T10:59:56.623+0000] {processor.py:179} INFO - Processing /home/vscode/.local/lib/python3.10/site-packages/airflow/example_dags/example_params_ui_tutorial.py took 0.080 seconds
[2025-08-14T11:00:43.761+0000] {processor.py:157} INFO - Started process (PID=40685) to work on /home/vscode/.local/lib/python3.10/site-packages/airflow/example_dags/example_params_ui_tutorial.py
[2025-08-14T11:00:43.762+0000] {processor.py:826} INFO - Processing file /home/vscode/.local/lib/python3.10/site-packages/airflow/example_dags/example_params_ui_tutorial.py for tasks to queue
[2025-08-14T11:00:43.763+0000] {logging_mixin.py:150} INFO - [2025-08-14T11:00:43.762+0000] {dagbag.py:541} INFO - Filling up the DagBag from /home/vscode/.local/lib/python3.10/site-packages/airflow/example_dags/example_params_ui_tutorial.py
[2025-08-14T11:00:43.780+0000] {processor.py:836} INFO - DAG(s) dict_keys(['example_params_ui_tutorial']) retrieved from /home/vscode/.local/lib/python3.10/site-packages/airflow/example_dags/example_params_ui_tutorial.py
[2025-08-14T11:00:43.824+0000] {logging_mixin.py:150} INFO - [2025-08-14T11:00:43.824+0000] {dag.py:2742} INFO - Sync 1 DAGs
[2025-08-14T11:00:43.845+0000] {logging_mixin.py:150} INFO - [2025-08-14T11:00:43.845+0000] {dag.py:3504} INFO - Setting next_dagrun for example_params_ui_tutorial to None, run_after=None
[2025-08-14T11:00:43.867+0000] {processor.py:179} INFO - Processing /home/vscode/.local/lib/python3.10/site-packages/airflow/example_dags/example_params_ui_tutorial.py took 0.108 seconds
[2025-08-14T11:01:33.835+0000] {processor.py:157} INFO - Started process (PID=41162) to work on /home/vscode/.local/lib/python3.10/site-packages/airflow/example_dags/example_params_ui_tutorial.py
[2025-08-14T11:01:33.836+0000] {processor.py:826} INFO - Processing file /home/vscode/.local/lib/python3.10/site-packages/airflow/example_dags/example_params_ui_tutorial.py for tasks to queue
[2025-08-14T11:01:33.837+0000] {logging_mixin.py:150} INFO - [2025-08-14T11:01:33.836+0000] {dagbag.py:541} INFO - Filling up the DagBag from /home/vscode/.local/lib/python3.10/site-packages/airflow/example_dags/example_params_ui_tutorial.py
[2025-08-14T11:01:33.853+0000] {processor.py:836} INFO - DAG(s) dict_keys(['example_params_ui_tutorial']) retrieved from /home/vscode/.local/lib/python3.10/site-packages/airflow/example_dags/example_params_ui_tutorial.py
[2025-08-14T11:01:33.877+0000] {logging_mixin.py:150} INFO - [2025-08-14T11:01:33.877+0000] {dag.py:2742} INFO - Sync 1 DAGs
[2025-08-14T11:01:33.891+0000] {logging_mixin.py:150} INFO - [2025-08-14T11:01:33.891+0000] {dag.py:3504} INFO - Setting next_dagrun for example_params_ui_tutorial to None, run_after=None
[2025-08-14T11:01:33.906+0000] {processor.py:179} INFO - Processing /home/vscode/.local/lib/python3.10/site-packages/airflow/example_dags/example_params_ui_tutorial.py took 0.072 seconds
[2025-08-14T11:02:21.122+0000] {processor.py:157} INFO - Started process (PID=41611) to work on /home/vscode/.local/lib/python3.10/site-packages/airflow/example_dags/example_params_ui_tutorial.py
[2025-08-14T11:02:21.122+0000] {processor.py:826} INFO - Processing file /home/vscode/.local/lib/python3.10/site-packages/airflow/example_dags/example_params_ui_tutorial.py for tasks to queue
[2025-08-14T11:02:21.123+0000] {logging_mixin.py:150} INFO - [2025-08-14T11:02:21.123+0000] {dagbag.py:541} INFO - Filling up the DagBag from /home/vscode/.local/lib/python3.10/site-packages/airflow/example_dags/example_params_ui_tutorial.py
[2025-08-14T11:02:21.140+0000] {processor.py:836} INFO - DAG(s) dict_keys(['example_params_ui_tutorial']) retrieved from /home/vscode/.local/lib/python3.10/site-packages/airflow/example_dags/example_params_ui_tutorial.py
[2025-08-14T11:02:21.166+0000] {logging_mixin.py:150} INFO - [2025-08-14T11:02:21.165+0000] {dag.py:2742} INFO - Sync 1 DAGs
[2025-08-14T11:02:21.179+0000] {logging_mixin.py:150} INFO - [2025-08-14T11:02:21.179+0000] {dag.py:3504} INFO - Setting next_dagrun for example_params_ui_tutorial to None, run_after=None
[2025-08-14T11:02:21.194+0000] {processor.py:179} INFO - Processing /home/vscode/.local/lib/python3.10/site-packages/airflow/example_dags/example_params_ui_tutorial.py took 0.075 seconds
[2025-08-14T11:03:07.904+0000] {processor.py:157} INFO - Started process (PID=42067) to work on /home/vscode/.local/lib/python3.10/site-packages/airflow/example_dags/example_params_ui_tutorial.py
[2025-08-14T11:03:07.905+0000] {processor.py:826} INFO - Processing file /home/vscode/.local/lib/python3.10/site-packages/airflow/example_dags/example_params_ui_tutorial.py for tasks to queue
[2025-08-14T11:03:07.906+0000] {logging_mixin.py:150} INFO - [2025-08-14T11:03:07.906+0000] {dagbag.py:541} INFO - Filling up the DagBag from /home/vscode/.local/lib/python3.10/site-packages/airflow/example_dags/example_params_ui_tutorial.py
[2025-08-14T11:03:07.932+0000] {processor.py:836} INFO - DAG(s) dict_keys(['example_params_ui_tutorial']) retrieved from /home/vscode/.local/lib/python3.10/site-packages/airflow/example_dags/example_params_ui_tutorial.py
[2025-08-14T11:03:07.957+0000] {logging_mixin.py:150} INFO - [2025-08-14T11:03:07.957+0000] {dag.py:2742} INFO - Sync 1 DAGs
[2025-08-14T11:03:07.971+0000] {logging_mixin.py:150} INFO - [2025-08-14T11:03:07.971+0000] {dag.py:3504} INFO - Setting next_dagrun for example_params_ui_tutorial to None, run_after=None
[2025-08-14T11:03:07.987+0000] {processor.py:179} INFO - Processing /home/vscode/.local/lib/python3.10/site-packages/airflow/example_dags/example_params_ui_tutorial.py took 0.086 seconds
[2025-08-14T11:03:53.426+0000] {processor.py:157} INFO - Started process (PID=42503) to work on /home/vscode/.local/lib/python3.10/site-packages/airflow/example_dags/example_params_ui_tutorial.py
[2025-08-14T11:03:53.428+0000] {processor.py:826} INFO - Processing file /home/vscode/.local/lib/python3.10/site-packages/airflow/example_dags/example_params_ui_tutorial.py for tasks to queue
[2025-08-14T11:03:53.429+0000] {logging_mixin.py:150} INFO - [2025-08-14T11:03:53.429+0000] {dagbag.py:541} INFO - Filling up the DagBag from /home/vscode/.local/lib/python3.10/site-packages/airflow/example_dags/example_params_ui_tutorial.py
[2025-08-14T11:03:53.447+0000] {processor.py:836} INFO - DAG(s) dict_keys(['example_params_ui_tutorial']) retrieved from /home/vscode/.local/lib/python3.10/site-packages/airflow/example_dags/example_params_ui_tutorial.py
[2025-08-14T11:03:53.472+0000] {logging_mixin.py:150} INFO - [2025-08-14T11:03:53.471+0000] {dag.py:2742} INFO - Sync 1 DAGs
[2025-08-14T11:03:53.485+0000] {logging_mixin.py:150} INFO - [2025-08-14T11:03:53.485+0000] {dag.py:3504} INFO - Setting next_dagrun for example_params_ui_tutorial to None, run_after=None
[2025-08-14T11:03:53.501+0000] {processor.py:179} INFO - Processing /home/vscode/.local/lib/python3.10/site-packages/airflow/example_dags/example_params_ui_tutorial.py took 0.080 seconds
[2025-08-14T11:04:42.976+0000] {processor.py:157} INFO - Started process (PID=42975) to work on /home/vscode/.local/lib/python3.10/site-packages/airflow/example_dags/example_params_ui_tutorial.py
[2025-08-14T11:04:42.977+0000] {processor.py:826} INFO - Processing file /home/vscode/.local/lib/python3.10/site-packages/airflow/example_dags/example_params_ui_tutorial.py for tasks to queue
[2025-08-14T11:04:42.978+0000] {logging_mixin.py:150} INFO - [2025-08-14T11:04:42.978+0000] {dagbag.py:541} INFO - Filling up the DagBag from /home/vscode/.local/lib/python3.10/site-packages/airflow/example_dags/example_params_ui_tutorial.py
[2025-08-14T11:04:42.995+0000] {processor.py:836} INFO - DAG(s) dict_keys(['example_params_ui_tutorial']) retrieved from /home/vscode/.local/lib/python3.10/site-packages/airflow/example_dags/example_params_ui_tutorial.py
[2025-08-14T11:04:43.019+0000] {logging_mixin.py:150} INFO - [2025-08-14T11:04:43.019+0000] {dag.py:2742} INFO - Sync 1 DAGs
[2025-08-14T11:04:43.033+0000] {logging_mixin.py:150} INFO - [2025-08-14T11:04:43.033+0000] {dag.py:3504} INFO - Setting next_dagrun for example_params_ui_tutorial to None, run_after=None
[2025-08-14T11:04:43.048+0000] {processor.py:179} INFO - Processing /home/vscode/.local/lib/python3.10/site-packages/airflow/example_dags/example_params_ui_tutorial.py took 0.073 seconds
[2025-08-14T11:05:31.050+0000] {processor.py:157} INFO - Started process (PID=43434) to work on /home/vscode/.local/lib/python3.10/site-packages/airflow/example_dags/example_params_ui_tutorial.py
[2025-08-14T11:05:31.051+0000] {processor.py:826} INFO - Processing file /home/vscode/.local/lib/python3.10/site-packages/airflow/example_dags/example_params_ui_tutorial.py for tasks to queue
[2025-08-14T11:05:31.051+0000] {logging_mixin.py:150} INFO - [2025-08-14T11:05:31.051+0000] {dagbag.py:541} INFO - Filling up the DagBag from /home/vscode/.local/lib/python3.10/site-packages/airflow/example_dags/example_params_ui_tutorial.py
[2025-08-14T11:05:31.069+0000] {processor.py:836} INFO - DAG(s) dict_keys(['example_params_ui_tutorial']) retrieved from /home/vscode/.local/lib/python3.10/site-packages/airflow/example_dags/example_params_ui_tutorial.py
[2025-08-14T11:05:31.095+0000] {logging_mixin.py:150} INFO - [2025-08-14T11:05:31.095+0000] {dag.py:2742} INFO - Sync 1 DAGs
[2025-08-14T11:05:31.110+0000] {logging_mixin.py:150} INFO - [2025-08-14T11:05:31.110+0000] {dag.py:3504} INFO - Setting next_dagrun for example_params_ui_tutorial to None, run_after=None
[2025-08-14T11:05:31.127+0000] {processor.py:179} INFO - Processing /home/vscode/.local/lib/python3.10/site-packages/airflow/example_dags/example_params_ui_tutorial.py took 0.079 seconds
[2025-08-14T11:06:12.605+0000] {processor.py:157} INFO - Started process (PID=43831) to work on /home/vscode/.local/lib/python3.10/site-packages/airflow/example_dags/example_params_ui_tutorial.py
[2025-08-14T11:06:12.606+0000] {processor.py:826} INFO - Processing file /home/vscode/.local/lib/python3.10/site-packages/airflow/example_dags/example_params_ui_tutorial.py for tasks to queue
[2025-08-14T11:06:12.607+0000] {logging_mixin.py:150} INFO - [2025-08-14T11:06:12.606+0000] {dagbag.py:541} INFO - Filling up the DagBag from /home/vscode/.local/lib/python3.10/site-packages/airflow/example_dags/example_params_ui_tutorial.py
[2025-08-14T11:06:12.624+0000] {processor.py:836} INFO - DAG(s) dict_keys(['example_params_ui_tutorial']) retrieved from /home/vscode/.local/lib/python3.10/site-packages/airflow/example_dags/example_params_ui_tutorial.py
[2025-08-14T11:06:12.648+0000] {logging_mixin.py:150} INFO - [2025-08-14T11:06:12.648+0000] {dag.py:2742} INFO - Sync 1 DAGs
[2025-08-14T11:06:12.661+0000] {logging_mixin.py:150} INFO - [2025-08-14T11:06:12.661+0000] {dag.py:3504} INFO - Setting next_dagrun for example_params_ui_tutorial to None, run_after=None
[2025-08-14T11:06:12.676+0000] {processor.py:179} INFO - Processing /home/vscode/.local/lib/python3.10/site-packages/airflow/example_dags/example_params_ui_tutorial.py took 0.072 seconds
[2025-08-14T11:07:01.151+0000] {processor.py:157} INFO - Started process (PID=44305) to work on /home/vscode/.local/lib/python3.10/site-packages/airflow/example_dags/example_params_ui_tutorial.py
[2025-08-14T11:07:01.151+0000] {processor.py:826} INFO - Processing file /home/vscode/.local/lib/python3.10/site-packages/airflow/example_dags/example_params_ui_tutorial.py for tasks to queue
[2025-08-14T11:07:01.152+0000] {logging_mixin.py:150} INFO - [2025-08-14T11:07:01.152+0000] {dagbag.py:541} INFO - Filling up the DagBag from /home/vscode/.local/lib/python3.10/site-packages/airflow/example_dags/example_params_ui_tutorial.py
[2025-08-14T11:07:01.170+0000] {processor.py:836} INFO - DAG(s) dict_keys(['example_params_ui_tutorial']) retrieved from /home/vscode/.local/lib/python3.10/site-packages/airflow/example_dags/example_params_ui_tutorial.py
[2025-08-14T11:07:01.195+0000] {logging_mixin.py:150} INFO - [2025-08-14T11:07:01.195+0000] {dag.py:2742} INFO - Sync 1 DAGs
[2025-08-14T11:07:01.210+0000] {logging_mixin.py:150} INFO - [2025-08-14T11:07:01.210+0000] {dag.py:3504} INFO - Setting next_dagrun for example_params_ui_tutorial to None, run_after=None
[2025-08-14T11:07:01.225+0000] {processor.py:179} INFO - Processing /home/vscode/.local/lib/python3.10/site-packages/airflow/example_dags/example_params_ui_tutorial.py took 0.076 seconds
[2025-08-14T11:07:47.488+0000] {processor.py:157} INFO - Started process (PID=44740) to work on /home/vscode/.local/lib/python3.10/site-packages/airflow/example_dags/example_params_ui_tutorial.py
[2025-08-14T11:07:47.488+0000] {processor.py:826} INFO - Processing file /home/vscode/.local/lib/python3.10/site-packages/airflow/example_dags/example_params_ui_tutorial.py for tasks to queue
[2025-08-14T11:07:47.489+0000] {logging_mixin.py:150} INFO - [2025-08-14T11:07:47.489+0000] {dagbag.py:541} INFO - Filling up the DagBag from /home/vscode/.local/lib/python3.10/site-packages/airflow/example_dags/example_params_ui_tutorial.py
[2025-08-14T11:07:47.506+0000] {processor.py:836} INFO - DAG(s) dict_keys(['example_params_ui_tutorial']) retrieved from /home/vscode/.local/lib/python3.10/site-packages/airflow/example_dags/example_params_ui_tutorial.py
[2025-08-14T11:07:47.531+0000] {logging_mixin.py:150} INFO - [2025-08-14T11:07:47.531+0000] {dag.py:2742} INFO - Sync 1 DAGs
[2025-08-14T11:07:47.546+0000] {logging_mixin.py:150} INFO - [2025-08-14T11:07:47.545+0000] {dag.py:3504} INFO - Setting next_dagrun for example_params_ui_tutorial to None, run_after=None
[2025-08-14T11:07:47.562+0000] {processor.py:179} INFO - Processing /home/vscode/.local/lib/python3.10/site-packages/airflow/example_dags/example_params_ui_tutorial.py took 0.077 seconds
[2025-08-14T11:08:30.894+0000] {processor.py:157} INFO - Started process (PID=45154) to work on /home/vscode/.local/lib/python3.10/site-packages/airflow/example_dags/example_params_ui_tutorial.py
[2025-08-14T11:08:30.895+0000] {processor.py:826} INFO - Processing file /home/vscode/.local/lib/python3.10/site-packages/airflow/example_dags/example_params_ui_tutorial.py for tasks to queue
[2025-08-14T11:08:30.896+0000] {logging_mixin.py:150} INFO - [2025-08-14T11:08:30.895+0000] {dagbag.py:541} INFO - Filling up the DagBag from /home/vscode/.local/lib/python3.10/site-packages/airflow/example_dags/example_params_ui_tutorial.py
[2025-08-14T11:08:30.916+0000] {processor.py:836} INFO - DAG(s) dict_keys(['example_params_ui_tutorial']) retrieved from /home/vscode/.local/lib/python3.10/site-packages/airflow/example_dags/example_params_ui_tutorial.py
[2025-08-14T11:08:30.944+0000] {logging_mixin.py:150} INFO - [2025-08-14T11:08:30.943+0000] {dag.py:2742} INFO - Sync 1 DAGs
[2025-08-14T11:08:30.959+0000] {logging_mixin.py:150} INFO - [2025-08-14T11:08:30.958+0000] {dag.py:3504} INFO - Setting next_dagrun for example_params_ui_tutorial to None, run_after=None
[2025-08-14T11:08:30.976+0000] {processor.py:179} INFO - Processing /home/vscode/.local/lib/python3.10/site-packages/airflow/example_dags/example_params_ui_tutorial.py took 0.084 seconds
[2025-08-14T11:09:18.731+0000] {processor.py:157} INFO - Started process (PID=45616) to work on /home/vscode/.local/lib/python3.10/site-packages/airflow/example_dags/example_params_ui_tutorial.py
[2025-08-14T11:09:18.731+0000] {processor.py:826} INFO - Processing file /home/vscode/.local/lib/python3.10/site-packages/airflow/example_dags/example_params_ui_tutorial.py for tasks to queue
[2025-08-14T11:09:18.732+0000] {logging_mixin.py:150} INFO - [2025-08-14T11:09:18.732+0000] {dagbag.py:541} INFO - Filling up the DagBag from /home/vscode/.local/lib/python3.10/site-packages/airflow/example_dags/example_params_ui_tutorial.py
[2025-08-14T11:09:18.751+0000] {processor.py:836} INFO - DAG(s) dict_keys(['example_params_ui_tutorial']) retrieved from /home/vscode/.local/lib/python3.10/site-packages/airflow/example_dags/example_params_ui_tutorial.py
[2025-08-14T11:09:18.778+0000] {logging_mixin.py:150} INFO - [2025-08-14T11:09:18.778+0000] {dag.py:2742} INFO - Sync 1 DAGs
[2025-08-14T11:09:18.792+0000] {logging_mixin.py:150} INFO - [2025-08-14T11:09:18.792+0000] {dag.py:3504} INFO - Setting next_dagrun for example_params_ui_tutorial to None, run_after=None
[2025-08-14T11:09:18.810+0000] {processor.py:179} INFO - Processing /home/vscode/.local/lib/python3.10/site-packages/airflow/example_dags/example_params_ui_tutorial.py took 0.082 seconds
[2025-08-14T11:10:12.072+0000] {processor.py:157} INFO - Started process (PID=46122) to work on /home/vscode/.local/lib/python3.10/site-packages/airflow/example_dags/example_params_ui_tutorial.py
[2025-08-14T11:10:12.073+0000] {processor.py:826} INFO - Processing file /home/vscode/.local/lib/python3.10/site-packages/airflow/example_dags/example_params_ui_tutorial.py for tasks to queue
[2025-08-14T11:10:12.073+0000] {logging_mixin.py:150} INFO - [2025-08-14T11:10:12.073+0000] {dagbag.py:541} INFO - Filling up the DagBag from /home/vscode/.local/lib/python3.10/site-packages/airflow/example_dags/example_params_ui_tutorial.py
[2025-08-14T11:10:12.092+0000] {processor.py:836} INFO - DAG(s) dict_keys(['example_params_ui_tutorial']) retrieved from /home/vscode/.local/lib/python3.10/site-packages/airflow/example_dags/example_params_ui_tutorial.py
[2025-08-14T11:10:12.117+0000] {logging_mixin.py:150} INFO - [2025-08-14T11:10:12.117+0000] {dag.py:2742} INFO - Sync 1 DAGs
[2025-08-14T11:10:12.132+0000] {logging_mixin.py:150} INFO - [2025-08-14T11:10:12.132+0000] {dag.py:3504} INFO - Setting next_dagrun for example_params_ui_tutorial to None, run_after=None
[2025-08-14T11:10:12.150+0000] {processor.py:179} INFO - Processing /home/vscode/.local/lib/python3.10/site-packages/airflow/example_dags/example_params_ui_tutorial.py took 0.080 seconds
[2025-08-14T11:10:59.813+0000] {processor.py:157} INFO - Started process (PID=46586) to work on /home/vscode/.local/lib/python3.10/site-packages/airflow/example_dags/example_params_ui_tutorial.py
[2025-08-14T11:10:59.814+0000] {processor.py:826} INFO - Processing file /home/vscode/.local/lib/python3.10/site-packages/airflow/example_dags/example_params_ui_tutorial.py for tasks to queue
[2025-08-14T11:10:59.815+0000] {logging_mixin.py:150} INFO - [2025-08-14T11:10:59.814+0000] {dagbag.py:541} INFO - Filling up the DagBag from /home/vscode/.local/lib/python3.10/site-packages/airflow/example_dags/example_params_ui_tutorial.py
[2025-08-14T11:10:59.832+0000] {processor.py:836} INFO - DAG(s) dict_keys(['example_params_ui_tutorial']) retrieved from /home/vscode/.local/lib/python3.10/site-packages/airflow/example_dags/example_params_ui_tutorial.py
[2025-08-14T11:10:59.858+0000] {logging_mixin.py:150} INFO - [2025-08-14T11:10:59.858+0000] {dag.py:2742} INFO - Sync 1 DAGs
[2025-08-14T11:10:59.874+0000] {logging_mixin.py:150} INFO - [2025-08-14T11:10:59.873+0000] {dag.py:3504} INFO - Setting next_dagrun for example_params_ui_tutorial to None, run_after=None
[2025-08-14T11:10:59.889+0000] {processor.py:179} INFO - Processing /home/vscode/.local/lib/python3.10/site-packages/airflow/example_dags/example_params_ui_tutorial.py took 0.078 seconds
[2025-08-14T11:11:40.932+0000] {processor.py:157} INFO - Started process (PID=46977) to work on /home/vscode/.local/lib/python3.10/site-packages/airflow/example_dags/example_params_ui_tutorial.py
[2025-08-14T11:11:40.933+0000] {processor.py:826} INFO - Processing file /home/vscode/.local/lib/python3.10/site-packages/airflow/example_dags/example_params_ui_tutorial.py for tasks to queue
[2025-08-14T11:11:40.933+0000] {logging_mixin.py:150} INFO - [2025-08-14T11:11:40.933+0000] {dagbag.py:541} INFO - Filling up the DagBag from /home/vscode/.local/lib/python3.10/site-packages/airflow/example_dags/example_params_ui_tutorial.py
[2025-08-14T11:11:40.951+0000] {processor.py:836} INFO - DAG(s) dict_keys(['example_params_ui_tutorial']) retrieved from /home/vscode/.local/lib/python3.10/site-packages/airflow/example_dags/example_params_ui_tutorial.py
[2025-08-14T11:11:40.975+0000] {logging_mixin.py:150} INFO - [2025-08-14T11:11:40.975+0000] {dag.py:2742} INFO - Sync 1 DAGs
[2025-08-14T11:11:40.989+0000] {logging_mixin.py:150} INFO - [2025-08-14T11:11:40.989+0000] {dag.py:3504} INFO - Setting next_dagrun for example_params_ui_tutorial to None, run_after=None
[2025-08-14T11:11:41.005+0000] {processor.py:179} INFO - Processing /home/vscode/.local/lib/python3.10/site-packages/airflow/example_dags/example_params_ui_tutorial.py took 0.075 seconds
[2025-08-14T11:12:22.776+0000] {processor.py:157} INFO - Started process (PID=47377) to work on /home/vscode/.local/lib/python3.10/site-packages/airflow/example_dags/example_params_ui_tutorial.py
[2025-08-14T11:12:22.777+0000] {processor.py:826} INFO - Processing file /home/vscode/.local/lib/python3.10/site-packages/airflow/example_dags/example_params_ui_tutorial.py for tasks to queue
[2025-08-14T11:12:22.778+0000] {logging_mixin.py:150} INFO - [2025-08-14T11:12:22.777+0000] {dagbag.py:541} INFO - Filling up the DagBag from /home/vscode/.local/lib/python3.10/site-packages/airflow/example_dags/example_params_ui_tutorial.py
[2025-08-14T11:12:22.794+0000] {processor.py:836} INFO - DAG(s) dict_keys(['example_params_ui_tutorial']) retrieved from /home/vscode/.local/lib/python3.10/site-packages/airflow/example_dags/example_params_ui_tutorial.py
[2025-08-14T11:12:22.819+0000] {logging_mixin.py:150} INFO - [2025-08-14T11:12:22.818+0000] {dag.py:2742} INFO - Sync 1 DAGs
[2025-08-14T11:12:22.832+0000] {logging_mixin.py:150} INFO - [2025-08-14T11:12:22.832+0000] {dag.py:3504} INFO - Setting next_dagrun for example_params_ui_tutorial to None, run_after=None
[2025-08-14T11:12:22.848+0000] {processor.py:179} INFO - Processing /home/vscode/.local/lib/python3.10/site-packages/airflow/example_dags/example_params_ui_tutorial.py took 0.073 seconds
[2025-08-14T11:13:12.336+0000] {processor.py:157} INFO - Started process (PID=47848) to work on /home/vscode/.local/lib/python3.10/site-packages/airflow/example_dags/example_params_ui_tutorial.py
[2025-08-14T11:13:12.337+0000] {processor.py:826} INFO - Processing file /home/vscode/.local/lib/python3.10/site-packages/airflow/example_dags/example_params_ui_tutorial.py for tasks to queue
[2025-08-14T11:13:12.337+0000] {logging_mixin.py:150} INFO - [2025-08-14T11:13:12.337+0000] {dagbag.py:541} INFO - Filling up the DagBag from /home/vscode/.local/lib/python3.10/site-packages/airflow/example_dags/example_params_ui_tutorial.py
[2025-08-14T11:13:12.354+0000] {processor.py:836} INFO - DAG(s) dict_keys(['example_params_ui_tutorial']) retrieved from /home/vscode/.local/lib/python3.10/site-packages/airflow/example_dags/example_params_ui_tutorial.py
[2025-08-14T11:13:12.379+0000] {logging_mixin.py:150} INFO - [2025-08-14T11:13:12.379+0000] {dag.py:2742} INFO - Sync 1 DAGs
[2025-08-14T11:13:12.393+0000] {logging_mixin.py:150} INFO - [2025-08-14T11:13:12.393+0000] {dag.py:3504} INFO - Setting next_dagrun for example_params_ui_tutorial to None, run_after=None
[2025-08-14T11:13:12.408+0000] {processor.py:179} INFO - Processing /home/vscode/.local/lib/python3.10/site-packages/airflow/example_dags/example_params_ui_tutorial.py took 0.074 seconds
[2025-08-14T11:14:03.849+0000] {processor.py:157} INFO - Started process (PID=48335) to work on /home/vscode/.local/lib/python3.10/site-packages/airflow/example_dags/example_params_ui_tutorial.py
[2025-08-14T11:14:03.850+0000] {processor.py:826} INFO - Processing file /home/vscode/.local/lib/python3.10/site-packages/airflow/example_dags/example_params_ui_tutorial.py for tasks to queue
[2025-08-14T11:14:03.850+0000] {logging_mixin.py:150} INFO - [2025-08-14T11:14:03.850+0000] {dagbag.py:541} INFO - Filling up the DagBag from /home/vscode/.local/lib/python3.10/site-packages/airflow/example_dags/example_params_ui_tutorial.py
[2025-08-14T11:14:03.867+0000] {processor.py:836} INFO - DAG(s) dict_keys(['example_params_ui_tutorial']) retrieved from /home/vscode/.local/lib/python3.10/site-packages/airflow/example_dags/example_params_ui_tutorial.py
[2025-08-14T11:14:03.892+0000] {logging_mixin.py:150} INFO - [2025-08-14T11:14:03.891+0000] {dag.py:2742} INFO - Sync 1 DAGs
[2025-08-14T11:14:03.905+0000] {logging_mixin.py:150} INFO - [2025-08-14T11:14:03.905+0000] {dag.py:3504} INFO - Setting next_dagrun for example_params_ui_tutorial to None, run_after=None
[2025-08-14T11:14:03.920+0000] {processor.py:179} INFO - Processing /home/vscode/.local/lib/python3.10/site-packages/airflow/example_dags/example_params_ui_tutorial.py took 0.073 seconds
[2025-08-14T11:14:48.957+0000] {processor.py:157} INFO - Started process (PID=48774) to work on /home/vscode/.local/lib/python3.10/site-packages/airflow/example_dags/example_params_ui_tutorial.py
[2025-08-14T11:14:48.958+0000] {processor.py:826} INFO - Processing file /home/vscode/.local/lib/python3.10/site-packages/airflow/example_dags/example_params_ui_tutorial.py for tasks to queue
[2025-08-14T11:14:48.958+0000] {logging_mixin.py:150} INFO - [2025-08-14T11:14:48.958+0000] {dagbag.py:541} INFO - Filling up the DagBag from /home/vscode/.local/lib/python3.10/site-packages/airflow/example_dags/example_params_ui_tutorial.py
[2025-08-14T11:14:48.976+0000] {processor.py:836} INFO - DAG(s) dict_keys(['example_params_ui_tutorial']) retrieved from /home/vscode/.local/lib/python3.10/site-packages/airflow/example_dags/example_params_ui_tutorial.py
[2025-08-14T11:14:49.002+0000] {logging_mixin.py:150} INFO - [2025-08-14T11:14:49.002+0000] {dag.py:2742} INFO - Sync 1 DAGs
[2025-08-14T11:14:49.017+0000] {logging_mixin.py:150} INFO - [2025-08-14T11:14:49.017+0000] {dag.py:3504} INFO - Setting next_dagrun for example_params_ui_tutorial to None, run_after=None
[2025-08-14T11:14:49.033+0000] {processor.py:179} INFO - Processing /home/vscode/.local/lib/python3.10/site-packages/airflow/example_dags/example_params_ui_tutorial.py took 0.078 seconds
[2025-08-14T11:15:39.209+0000] {processor.py:157} INFO - Started process (PID=49254) to work on /home/vscode/.local/lib/python3.10/site-packages/airflow/example_dags/example_params_ui_tutorial.py
[2025-08-14T11:15:39.210+0000] {processor.py:826} INFO - Processing file /home/vscode/.local/lib/python3.10/site-packages/airflow/example_dags/example_params_ui_tutorial.py for tasks to queue
[2025-08-14T11:15:39.210+0000] {logging_mixin.py:150} INFO - [2025-08-14T11:15:39.210+0000] {dagbag.py:541} INFO - Filling up the DagBag from /home/vscode/.local/lib/python3.10/site-packages/airflow/example_dags/example_params_ui_tutorial.py
[2025-08-14T11:15:39.228+0000] {processor.py:836} INFO - DAG(s) dict_keys(['example_params_ui_tutorial']) retrieved from /home/vscode/.local/lib/python3.10/site-packages/airflow/example_dags/example_params_ui_tutorial.py
[2025-08-14T11:15:39.253+0000] {logging_mixin.py:150} INFO - [2025-08-14T11:15:39.253+0000] {dag.py:2742} INFO - Sync 1 DAGs
[2025-08-14T11:15:39.267+0000] {logging_mixin.py:150} INFO - [2025-08-14T11:15:39.267+0000] {dag.py:3504} INFO - Setting next_dagrun for example_params_ui_tutorial to None, run_after=None
[2025-08-14T11:15:39.282+0000] {processor.py:179} INFO - Processing /home/vscode/.local/lib/python3.10/site-packages/airflow/example_dags/example_params_ui_tutorial.py took 0.076 seconds
[2025-08-14T11:16:25.880+0000] {processor.py:157} INFO - Started process (PID=49698) to work on /home/vscode/.local/lib/python3.10/site-packages/airflow/example_dags/example_params_ui_tutorial.py
[2025-08-14T11:16:25.880+0000] {processor.py:826} INFO - Processing file /home/vscode/.local/lib/python3.10/site-packages/airflow/example_dags/example_params_ui_tutorial.py for tasks to queue
[2025-08-14T11:16:25.881+0000] {logging_mixin.py:150} INFO - [2025-08-14T11:16:25.881+0000] {dagbag.py:541} INFO - Filling up the DagBag from /home/vscode/.local/lib/python3.10/site-packages/airflow/example_dags/example_params_ui_tutorial.py
[2025-08-14T11:16:25.898+0000] {processor.py:836} INFO - DAG(s) dict_keys(['example_params_ui_tutorial']) retrieved from /home/vscode/.local/lib/python3.10/site-packages/airflow/example_dags/example_params_ui_tutorial.py
[2025-08-14T11:16:25.923+0000] {logging_mixin.py:150} INFO - [2025-08-14T11:16:25.923+0000] {dag.py:2742} INFO - Sync 1 DAGs
[2025-08-14T11:16:25.937+0000] {logging_mixin.py:150} INFO - [2025-08-14T11:16:25.937+0000] {dag.py:3504} INFO - Setting next_dagrun for example_params_ui_tutorial to None, run_after=None
[2025-08-14T11:16:25.953+0000] {processor.py:179} INFO - Processing /home/vscode/.local/lib/python3.10/site-packages/airflow/example_dags/example_params_ui_tutorial.py took 0.075 seconds
[2025-08-14T11:17:11.211+0000] {processor.py:157} INFO - Started process (PID=50131) to work on /home/vscode/.local/lib/python3.10/site-packages/airflow/example_dags/example_params_ui_tutorial.py
[2025-08-14T11:17:11.212+0000] {processor.py:826} INFO - Processing file /home/vscode/.local/lib/python3.10/site-packages/airflow/example_dags/example_params_ui_tutorial.py for tasks to queue
[2025-08-14T11:17:11.213+0000] {logging_mixin.py:150} INFO - [2025-08-14T11:17:11.213+0000] {dagbag.py:541} INFO - Filling up the DagBag from /home/vscode/.local/lib/python3.10/site-packages/airflow/example_dags/example_params_ui_tutorial.py
[2025-08-14T11:17:11.231+0000] {processor.py:836} INFO - DAG(s) dict_keys(['example_params_ui_tutorial']) retrieved from /home/vscode/.local/lib/python3.10/site-packages/airflow/example_dags/example_params_ui_tutorial.py
[2025-08-14T11:17:11.258+0000] {logging_mixin.py:150} INFO - [2025-08-14T11:17:11.258+0000] {dag.py:2742} INFO - Sync 1 DAGs
[2025-08-14T11:17:11.274+0000] {logging_mixin.py:150} INFO - [2025-08-14T11:17:11.274+0000] {dag.py:3504} INFO - Setting next_dagrun for example_params_ui_tutorial to None, run_after=None
[2025-08-14T11:17:11.291+0000] {processor.py:179} INFO - Processing /home/vscode/.local/lib/python3.10/site-packages/airflow/example_dags/example_params_ui_tutorial.py took 0.082 seconds
[2025-08-14T11:17:52.832+0000] {processor.py:157} INFO - Started process (PID=50535) to work on /home/vscode/.local/lib/python3.10/site-packages/airflow/example_dags/example_params_ui_tutorial.py
[2025-08-14T11:17:52.832+0000] {processor.py:826} INFO - Processing file /home/vscode/.local/lib/python3.10/site-packages/airflow/example_dags/example_params_ui_tutorial.py for tasks to queue
[2025-08-14T11:17:52.833+0000] {logging_mixin.py:150} INFO - [2025-08-14T11:17:52.833+0000] {dagbag.py:541} INFO - Filling up the DagBag from /home/vscode/.local/lib/python3.10/site-packages/airflow/example_dags/example_params_ui_tutorial.py
[2025-08-14T11:17:52.851+0000] {processor.py:836} INFO - DAG(s) dict_keys(['example_params_ui_tutorial']) retrieved from /home/vscode/.local/lib/python3.10/site-packages/airflow/example_dags/example_params_ui_tutorial.py
[2025-08-14T11:17:52.877+0000] {logging_mixin.py:150} INFO - [2025-08-14T11:17:52.877+0000] {dag.py:2742} INFO - Sync 1 DAGs
[2025-08-14T11:17:52.891+0000] {logging_mixin.py:150} INFO - [2025-08-14T11:17:52.891+0000] {dag.py:3504} INFO - Setting next_dagrun for example_params_ui_tutorial to None, run_after=None
[2025-08-14T11:17:52.908+0000] {processor.py:179} INFO - Processing /home/vscode/.local/lib/python3.10/site-packages/airflow/example_dags/example_params_ui_tutorial.py took 0.078 seconds
[2025-08-14T11:18:39.074+0000] {processor.py:157} INFO - Started process (PID=50978) to work on /home/vscode/.local/lib/python3.10/site-packages/airflow/example_dags/example_params_ui_tutorial.py
[2025-08-14T11:18:39.074+0000] {processor.py:826} INFO - Processing file /home/vscode/.local/lib/python3.10/site-packages/airflow/example_dags/example_params_ui_tutorial.py for tasks to queue
[2025-08-14T11:18:39.075+0000] {logging_mixin.py:150} INFO - [2025-08-14T11:18:39.075+0000] {dagbag.py:541} INFO - Filling up the DagBag from /home/vscode/.local/lib/python3.10/site-packages/airflow/example_dags/example_params_ui_tutorial.py
[2025-08-14T11:18:39.093+0000] {processor.py:836} INFO - DAG(s) dict_keys(['example_params_ui_tutorial']) retrieved from /home/vscode/.local/lib/python3.10/site-packages/airflow/example_dags/example_params_ui_tutorial.py
[2025-08-14T11:18:39.118+0000] {logging_mixin.py:150} INFO - [2025-08-14T11:18:39.118+0000] {dag.py:2742} INFO - Sync 1 DAGs
[2025-08-14T11:18:39.132+0000] {logging_mixin.py:150} INFO - [2025-08-14T11:18:39.132+0000] {dag.py:3504} INFO - Setting next_dagrun for example_params_ui_tutorial to None, run_after=None
[2025-08-14T11:18:39.148+0000] {processor.py:179} INFO - Processing /home/vscode/.local/lib/python3.10/site-packages/airflow/example_dags/example_params_ui_tutorial.py took 0.077 seconds
[2025-08-14T11:19:22.473+0000] {processor.py:157} INFO - Started process (PID=51390) to work on /home/vscode/.local/lib/python3.10/site-packages/airflow/example_dags/example_params_ui_tutorial.py
[2025-08-14T11:19:22.473+0000] {processor.py:826} INFO - Processing file /home/vscode/.local/lib/python3.10/site-packages/airflow/example_dags/example_params_ui_tutorial.py for tasks to queue
[2025-08-14T11:19:22.474+0000] {logging_mixin.py:150} INFO - [2025-08-14T11:19:22.474+0000] {dagbag.py:541} INFO - Filling up the DagBag from /home/vscode/.local/lib/python3.10/site-packages/airflow/example_dags/example_params_ui_tutorial.py
[2025-08-14T11:19:22.492+0000] {processor.py:836} INFO - DAG(s) dict_keys(['example_params_ui_tutorial']) retrieved from /home/vscode/.local/lib/python3.10/site-packages/airflow/example_dags/example_params_ui_tutorial.py
[2025-08-14T11:19:22.517+0000] {logging_mixin.py:150} INFO - [2025-08-14T11:19:22.517+0000] {dag.py:2742} INFO - Sync 1 DAGs
[2025-08-14T11:19:22.531+0000] {logging_mixin.py:150} INFO - [2025-08-14T11:19:22.531+0000] {dag.py:3504} INFO - Setting next_dagrun for example_params_ui_tutorial to None, run_after=None
[2025-08-14T11:19:22.547+0000] {processor.py:179} INFO - Processing /home/vscode/.local/lib/python3.10/site-packages/airflow/example_dags/example_params_ui_tutorial.py took 0.076 seconds
[2025-08-14T11:20:12.521+0000] {processor.py:157} INFO - Started process (PID=51861) to work on /home/vscode/.local/lib/python3.10/site-packages/airflow/example_dags/example_params_ui_tutorial.py
[2025-08-14T11:20:12.522+0000] {processor.py:826} INFO - Processing file /home/vscode/.local/lib/python3.10/site-packages/airflow/example_dags/example_params_ui_tutorial.py for tasks to queue
[2025-08-14T11:20:12.522+0000] {logging_mixin.py:150} INFO - [2025-08-14T11:20:12.522+0000] {dagbag.py:541} INFO - Filling up the DagBag from /home/vscode/.local/lib/python3.10/site-packages/airflow/example_dags/example_params_ui_tutorial.py
[2025-08-14T11:20:12.539+0000] {processor.py:836} INFO - DAG(s) dict_keys(['example_params_ui_tutorial']) retrieved from /home/vscode/.local/lib/python3.10/site-packages/airflow/example_dags/example_params_ui_tutorial.py
[2025-08-14T11:20:12.569+0000] {logging_mixin.py:150} INFO - [2025-08-14T11:20:12.569+0000] {dag.py:2742} INFO - Sync 1 DAGs
[2025-08-14T11:20:12.583+0000] {logging_mixin.py:150} INFO - [2025-08-14T11:20:12.583+0000] {dag.py:3504} INFO - Setting next_dagrun for example_params_ui_tutorial to None, run_after=None
[2025-08-14T11:20:12.600+0000] {processor.py:179} INFO - Processing /home/vscode/.local/lib/python3.10/site-packages/airflow/example_dags/example_params_ui_tutorial.py took 0.082 seconds
[2025-08-14T11:20:57.628+0000] {processor.py:157} INFO - Started process (PID=52295) to work on /home/vscode/.local/lib/python3.10/site-packages/airflow/example_dags/example_params_ui_tutorial.py
[2025-08-14T11:20:57.629+0000] {processor.py:826} INFO - Processing file /home/vscode/.local/lib/python3.10/site-packages/airflow/example_dags/example_params_ui_tutorial.py for tasks to queue
[2025-08-14T11:20:57.629+0000] {logging_mixin.py:150} INFO - [2025-08-14T11:20:57.629+0000] {dagbag.py:541} INFO - Filling up the DagBag from /home/vscode/.local/lib/python3.10/site-packages/airflow/example_dags/example_params_ui_tutorial.py
[2025-08-14T11:20:57.647+0000] {processor.py:836} INFO - DAG(s) dict_keys(['example_params_ui_tutorial']) retrieved from /home/vscode/.local/lib/python3.10/site-packages/airflow/example_dags/example_params_ui_tutorial.py
[2025-08-14T11:20:57.672+0000] {logging_mixin.py:150} INFO - [2025-08-14T11:20:57.672+0000] {dag.py:2742} INFO - Sync 1 DAGs
[2025-08-14T11:20:57.686+0000] {logging_mixin.py:150} INFO - [2025-08-14T11:20:57.686+0000] {dag.py:3504} INFO - Setting next_dagrun for example_params_ui_tutorial to None, run_after=None
[2025-08-14T11:20:57.701+0000] {processor.py:179} INFO - Processing /home/vscode/.local/lib/python3.10/site-packages/airflow/example_dags/example_params_ui_tutorial.py took 0.076 seconds
[2025-08-14T11:21:46.066+0000] {processor.py:157} INFO - Started process (PID=52764) to work on /home/vscode/.local/lib/python3.10/site-packages/airflow/example_dags/example_params_ui_tutorial.py
[2025-08-14T11:21:46.066+0000] {processor.py:826} INFO - Processing file /home/vscode/.local/lib/python3.10/site-packages/airflow/example_dags/example_params_ui_tutorial.py for tasks to queue
[2025-08-14T11:21:46.067+0000] {logging_mixin.py:150} INFO - [2025-08-14T11:21:46.067+0000] {dagbag.py:541} INFO - Filling up the DagBag from /home/vscode/.local/lib/python3.10/site-packages/airflow/example_dags/example_params_ui_tutorial.py
[2025-08-14T11:21:46.084+0000] {processor.py:836} INFO - DAG(s) dict_keys(['example_params_ui_tutorial']) retrieved from /home/vscode/.local/lib/python3.10/site-packages/airflow/example_dags/example_params_ui_tutorial.py
[2025-08-14T11:21:46.110+0000] {logging_mixin.py:150} INFO - [2025-08-14T11:21:46.109+0000] {dag.py:2742} INFO - Sync 1 DAGs
[2025-08-14T11:21:46.124+0000] {logging_mixin.py:150} INFO - [2025-08-14T11:21:46.124+0000] {dag.py:3504} INFO - Setting next_dagrun for example_params_ui_tutorial to None, run_after=None
[2025-08-14T11:21:46.140+0000] {processor.py:179} INFO - Processing /home/vscode/.local/lib/python3.10/site-packages/airflow/example_dags/example_params_ui_tutorial.py took 0.077 seconds
[2025-08-14T11:22:30.767+0000] {processor.py:157} INFO - Started process (PID=53193) to work on /home/vscode/.local/lib/python3.10/site-packages/airflow/example_dags/example_params_ui_tutorial.py
[2025-08-14T11:22:30.768+0000] {processor.py:826} INFO - Processing file /home/vscode/.local/lib/python3.10/site-packages/airflow/example_dags/example_params_ui_tutorial.py for tasks to queue
[2025-08-14T11:22:30.768+0000] {logging_mixin.py:150} INFO - [2025-08-14T11:22:30.768+0000] {dagbag.py:541} INFO - Filling up the DagBag from /home/vscode/.local/lib/python3.10/site-packages/airflow/example_dags/example_params_ui_tutorial.py
[2025-08-14T11:22:30.787+0000] {processor.py:836} INFO - DAG(s) dict_keys(['example_params_ui_tutorial']) retrieved from /home/vscode/.local/lib/python3.10/site-packages/airflow/example_dags/example_params_ui_tutorial.py
[2025-08-14T11:22:30.812+0000] {logging_mixin.py:150} INFO - [2025-08-14T11:22:30.812+0000] {dag.py:2742} INFO - Sync 1 DAGs
[2025-08-14T11:22:30.826+0000] {logging_mixin.py:150} INFO - [2025-08-14T11:22:30.826+0000] {dag.py:3504} INFO - Setting next_dagrun for example_params_ui_tutorial to None, run_after=None
[2025-08-14T11:22:30.841+0000] {processor.py:179} INFO - Processing /home/vscode/.local/lib/python3.10/site-packages/airflow/example_dags/example_params_ui_tutorial.py took 0.077 seconds
[2025-08-14T11:23:18.389+0000] {processor.py:157} INFO - Started process (PID=53644) to work on /home/vscode/.local/lib/python3.10/site-packages/airflow/example_dags/example_params_ui_tutorial.py
[2025-08-14T11:23:18.390+0000] {processor.py:826} INFO - Processing file /home/vscode/.local/lib/python3.10/site-packages/airflow/example_dags/example_params_ui_tutorial.py for tasks to queue
[2025-08-14T11:23:18.390+0000] {logging_mixin.py:150} INFO - [2025-08-14T11:23:18.390+0000] {dagbag.py:541} INFO - Filling up the DagBag from /home/vscode/.local/lib/python3.10/site-packages/airflow/example_dags/example_params_ui_tutorial.py
[2025-08-14T11:23:18.409+0000] {processor.py:836} INFO - DAG(s) dict_keys(['example_params_ui_tutorial']) retrieved from /home/vscode/.local/lib/python3.10/site-packages/airflow/example_dags/example_params_ui_tutorial.py
[2025-08-14T11:23:18.436+0000] {logging_mixin.py:150} INFO - [2025-08-14T11:23:18.436+0000] {dag.py:2742} INFO - Sync 1 DAGs
[2025-08-14T11:23:18.451+0000] {logging_mixin.py:150} INFO - [2025-08-14T11:23:18.451+0000] {dag.py:3504} INFO - Setting next_dagrun for example_params_ui_tutorial to None, run_after=None
[2025-08-14T11:23:18.473+0000] {processor.py:179} INFO - Processing /home/vscode/.local/lib/python3.10/site-packages/airflow/example_dags/example_params_ui_tutorial.py took 0.086 seconds
[2025-08-14T11:24:06.786+0000] {processor.py:157} INFO - Started process (PID=54103) to work on /home/vscode/.local/lib/python3.10/site-packages/airflow/example_dags/example_params_ui_tutorial.py
[2025-08-14T11:24:06.787+0000] {processor.py:826} INFO - Processing file /home/vscode/.local/lib/python3.10/site-packages/airflow/example_dags/example_params_ui_tutorial.py for tasks to queue
[2025-08-14T11:24:06.788+0000] {logging_mixin.py:150} INFO - [2025-08-14T11:24:06.787+0000] {dagbag.py:541} INFO - Filling up the DagBag from /home/vscode/.local/lib/python3.10/site-packages/airflow/example_dags/example_params_ui_tutorial.py
[2025-08-14T11:24:06.805+0000] {processor.py:836} INFO - DAG(s) dict_keys(['example_params_ui_tutorial']) retrieved from /home/vscode/.local/lib/python3.10/site-packages/airflow/example_dags/example_params_ui_tutorial.py
[2025-08-14T11:24:06.830+0000] {logging_mixin.py:150} INFO - [2025-08-14T11:24:06.830+0000] {dag.py:2742} INFO - Sync 1 DAGs
[2025-08-14T11:24:06.843+0000] {logging_mixin.py:150} INFO - [2025-08-14T11:24:06.843+0000] {dag.py:3504} INFO - Setting next_dagrun for example_params_ui_tutorial to None, run_after=None
[2025-08-14T11:24:06.859+0000] {processor.py:179} INFO - Processing /home/vscode/.local/lib/python3.10/site-packages/airflow/example_dags/example_params_ui_tutorial.py took 0.075 seconds
[2025-08-14T11:24:54.944+0000] {processor.py:157} INFO - Started process (PID=54565) to work on /home/vscode/.local/lib/python3.10/site-packages/airflow/example_dags/example_params_ui_tutorial.py
[2025-08-14T11:24:54.945+0000] {processor.py:826} INFO - Processing file /home/vscode/.local/lib/python3.10/site-packages/airflow/example_dags/example_params_ui_tutorial.py for tasks to queue
[2025-08-14T11:24:54.946+0000] {logging_mixin.py:150} INFO - [2025-08-14T11:24:54.945+0000] {dagbag.py:541} INFO - Filling up the DagBag from /home/vscode/.local/lib/python3.10/site-packages/airflow/example_dags/example_params_ui_tutorial.py
[2025-08-14T11:24:54.963+0000] {processor.py:836} INFO - DAG(s) dict_keys(['example_params_ui_tutorial']) retrieved from /home/vscode/.local/lib/python3.10/site-packages/airflow/example_dags/example_params_ui_tutorial.py
[2025-08-14T11:24:54.988+0000] {logging_mixin.py:150} INFO - [2025-08-14T11:24:54.988+0000] {dag.py:2742} INFO - Sync 1 DAGs
[2025-08-14T11:24:55.002+0000] {logging_mixin.py:150} INFO - [2025-08-14T11:24:55.002+0000] {dag.py:3504} INFO - Setting next_dagrun for example_params_ui_tutorial to None, run_after=None
[2025-08-14T11:24:55.018+0000] {processor.py:179} INFO - Processing /home/vscode/.local/lib/python3.10/site-packages/airflow/example_dags/example_params_ui_tutorial.py took 0.076 seconds
[2025-08-14T11:25:45.198+0000] {processor.py:157} INFO - Started process (PID=55044) to work on /home/vscode/.local/lib/python3.10/site-packages/airflow/example_dags/example_params_ui_tutorial.py
[2025-08-14T11:25:45.198+0000] {processor.py:826} INFO - Processing file /home/vscode/.local/lib/python3.10/site-packages/airflow/example_dags/example_params_ui_tutorial.py for tasks to queue
[2025-08-14T11:25:45.199+0000] {logging_mixin.py:150} INFO - [2025-08-14T11:25:45.199+0000] {dagbag.py:541} INFO - Filling up the DagBag from /home/vscode/.local/lib/python3.10/site-packages/airflow/example_dags/example_params_ui_tutorial.py
[2025-08-14T11:25:45.216+0000] {processor.py:836} INFO - DAG(s) dict_keys(['example_params_ui_tutorial']) retrieved from /home/vscode/.local/lib/python3.10/site-packages/airflow/example_dags/example_params_ui_tutorial.py
[2025-08-14T11:25:45.240+0000] {logging_mixin.py:150} INFO - [2025-08-14T11:25:45.240+0000] {dag.py:2742} INFO - Sync 1 DAGs
[2025-08-14T11:25:45.254+0000] {logging_mixin.py:150} INFO - [2025-08-14T11:25:45.254+0000] {dag.py:3504} INFO - Setting next_dagrun for example_params_ui_tutorial to None, run_after=None
[2025-08-14T11:25:45.269+0000] {processor.py:179} INFO - Processing /home/vscode/.local/lib/python3.10/site-packages/airflow/example_dags/example_params_ui_tutorial.py took 0.074 seconds
[2025-08-14T11:26:33.473+0000] {processor.py:157} INFO - Started process (PID=55502) to work on /home/vscode/.local/lib/python3.10/site-packages/airflow/example_dags/example_params_ui_tutorial.py
[2025-08-14T11:26:33.473+0000] {processor.py:826} INFO - Processing file /home/vscode/.local/lib/python3.10/site-packages/airflow/example_dags/example_params_ui_tutorial.py for tasks to queue
[2025-08-14T11:26:33.474+0000] {logging_mixin.py:150} INFO - [2025-08-14T11:26:33.474+0000] {dagbag.py:541} INFO - Filling up the DagBag from /home/vscode/.local/lib/python3.10/site-packages/airflow/example_dags/example_params_ui_tutorial.py
[2025-08-14T11:26:33.491+0000] {processor.py:836} INFO - DAG(s) dict_keys(['example_params_ui_tutorial']) retrieved from /home/vscode/.local/lib/python3.10/site-packages/airflow/example_dags/example_params_ui_tutorial.py
[2025-08-14T11:26:33.515+0000] {logging_mixin.py:150} INFO - [2025-08-14T11:26:33.515+0000] {dag.py:2742} INFO - Sync 1 DAGs
[2025-08-14T11:26:33.529+0000] {logging_mixin.py:150} INFO - [2025-08-14T11:26:33.529+0000] {dag.py:3504} INFO - Setting next_dagrun for example_params_ui_tutorial to None, run_after=None
[2025-08-14T11:26:33.545+0000] {processor.py:179} INFO - Processing /home/vscode/.local/lib/python3.10/site-packages/airflow/example_dags/example_params_ui_tutorial.py took 0.075 seconds
