[2025-08-14T09:39:37.347+0000] {processor.py:157} INFO - Started process (PID=3716) to work on /home/vscode/.local/lib/python3.10/site-packages/airflow/example_dags/example_params_trigger_ui.py
[2025-08-14T09:39:37.347+0000] {processor.py:826} INFO - Processing file /home/vscode/.local/lib/python3.10/site-packages/airflow/example_dags/example_params_trigger_ui.py for tasks to queue
[2025-08-14T09:39:37.348+0000] {logging_mixin.py:150} INFO - [2025-08-14T09:39:37.348+0000] {dagbag.py:541} INFO - Filling up the DagBag from /home/vscode/.local/lib/python3.10/site-packages/airflow/example_dags/example_params_trigger_ui.py
[2025-08-14T09:39:37.362+0000] {processor.py:836} INFO - DAG(s) dict_keys(['example_params_trigger_ui']) retrieved from /home/vscode/.local/lib/python3.10/site-packages/airflow/example_dags/example_params_trigger_ui.py
[2025-08-14T09:39:37.464+0000] {logging_mixin.py:150} INFO - [2025-08-14T09:39:37.463+0000] {manager.py:504} INFO - Created Permission View: can edit on DAG:example_params_trigger_ui
[2025-08-14T09:39:37.473+0000] {logging_mixin.py:150} INFO - [2025-08-14T09:39:37.473+0000] {manager.py:504} INFO - Created Permission View: can read on DAG:example_params_trigger_ui
[2025-08-14T09:39:37.480+0000] {logging_mixin.py:150} INFO - [2025-08-14T09:39:37.479+0000] {manager.py:504} INFO - Created Permission View: can delete on DAG:example_params_trigger_ui
[2025-08-14T09:39:37.487+0000] {logging_mixin.py:150} INFO - [2025-08-14T09:39:37.487+0000] {dag.py:2742} INFO - Sync 1 DAGs
[2025-08-14T09:39:37.495+0000] {logging_mixin.py:150} INFO - [2025-08-14T09:39:37.495+0000] {dag.py:2763} INFO - Creating ORM DAG for example_params_trigger_ui
[2025-08-14T09:39:37.502+0000] {logging_mixin.py:150} INFO - [2025-08-14T09:39:37.502+0000] {dag.py:3504} INFO - Setting next_dagrun for example_params_trigger_ui to None, run_after=None
[2025-08-14T09:39:37.521+0000] {processor.py:179} INFO - Processing /home/vscode/.local/lib/python3.10/site-packages/airflow/example_dags/example_params_trigger_ui.py took 0.177 seconds
[2025-08-14T09:40:23.001+0000] {processor.py:157} INFO - Started process (PID=4027) to work on /home/vscode/.local/lib/python3.10/site-packages/airflow/example_dags/example_params_trigger_ui.py
[2025-08-14T09:40:23.002+0000] {processor.py:826} INFO - Processing file /home/vscode/.local/lib/python3.10/site-packages/airflow/example_dags/example_params_trigger_ui.py for tasks to queue
[2025-08-14T09:40:23.002+0000] {logging_mixin.py:150} INFO - [2025-08-14T09:40:23.002+0000] {dagbag.py:541} INFO - Filling up the DagBag from /home/vscode/.local/lib/python3.10/site-packages/airflow/example_dags/example_params_trigger_ui.py
[2025-08-14T09:40:23.015+0000] {processor.py:836} INFO - DAG(s) dict_keys(['example_params_trigger_ui']) retrieved from /home/vscode/.local/lib/python3.10/site-packages/airflow/example_dags/example_params_trigger_ui.py
[2025-08-14T09:40:23.046+0000] {logging_mixin.py:150} INFO - [2025-08-14T09:40:23.046+0000] {dag.py:2742} INFO - Sync 1 DAGs
[2025-08-14T09:40:23.060+0000] {logging_mixin.py:150} INFO - [2025-08-14T09:40:23.059+0000] {dag.py:3504} INFO - Setting next_dagrun for example_params_trigger_ui to None, run_after=None
[2025-08-14T09:40:23.074+0000] {processor.py:179} INFO - Processing /home/vscode/.local/lib/python3.10/site-packages/airflow/example_dags/example_params_trigger_ui.py took 0.075 seconds
[2025-08-14T09:41:06.570+0000] {processor.py:157} INFO - Started process (PID=4324) to work on /home/vscode/.local/lib/python3.10/site-packages/airflow/example_dags/example_params_trigger_ui.py
[2025-08-14T09:41:06.571+0000] {processor.py:826} INFO - Processing file /home/vscode/.local/lib/python3.10/site-packages/airflow/example_dags/example_params_trigger_ui.py for tasks to queue
[2025-08-14T09:41:06.572+0000] {logging_mixin.py:150} INFO - [2025-08-14T09:41:06.572+0000] {dagbag.py:541} INFO - Filling up the DagBag from /home/vscode/.local/lib/python3.10/site-packages/airflow/example_dags/example_params_trigger_ui.py
[2025-08-14T09:41:06.593+0000] {processor.py:836} INFO - DAG(s) dict_keys(['example_params_trigger_ui']) retrieved from /home/vscode/.local/lib/python3.10/site-packages/airflow/example_dags/example_params_trigger_ui.py
[2025-08-14T09:41:06.626+0000] {logging_mixin.py:150} INFO - [2025-08-14T09:41:06.625+0000] {dag.py:2742} INFO - Sync 1 DAGs
[2025-08-14T09:41:06.642+0000] {logging_mixin.py:150} INFO - [2025-08-14T09:41:06.641+0000] {dag.py:3504} INFO - Setting next_dagrun for example_params_trigger_ui to None, run_after=None
[2025-08-14T09:41:06.657+0000] {processor.py:179} INFO - Processing /home/vscode/.local/lib/python3.10/site-packages/airflow/example_dags/example_params_trigger_ui.py took 0.090 seconds
[2025-08-14T09:41:52.799+0000] {processor.py:157} INFO - Started process (PID=4675) to work on /home/vscode/.local/lib/python3.10/site-packages/airflow/example_dags/example_params_trigger_ui.py
[2025-08-14T09:41:52.800+0000] {processor.py:826} INFO - Processing file /home/vscode/.local/lib/python3.10/site-packages/airflow/example_dags/example_params_trigger_ui.py for tasks to queue
[2025-08-14T09:41:52.800+0000] {logging_mixin.py:150} INFO - [2025-08-14T09:41:52.800+0000] {dagbag.py:541} INFO - Filling up the DagBag from /home/vscode/.local/lib/python3.10/site-packages/airflow/example_dags/example_params_trigger_ui.py
[2025-08-14T09:41:52.813+0000] {processor.py:836} INFO - DAG(s) dict_keys(['example_params_trigger_ui']) retrieved from /home/vscode/.local/lib/python3.10/site-packages/airflow/example_dags/example_params_trigger_ui.py
[2025-08-14T09:41:52.844+0000] {logging_mixin.py:150} INFO - [2025-08-14T09:41:52.844+0000] {dag.py:2742} INFO - Sync 1 DAGs
[2025-08-14T09:41:52.867+0000] {logging_mixin.py:150} INFO - [2025-08-14T09:41:52.867+0000] {dag.py:3504} INFO - Setting next_dagrun for example_params_trigger_ui to None, run_after=None
[2025-08-14T09:41:52.899+0000] {processor.py:179} INFO - Processing /home/vscode/.local/lib/python3.10/site-packages/airflow/example_dags/example_params_trigger_ui.py took 0.102 seconds
[2025-08-14T09:42:37.036+0000] {processor.py:157} INFO - Started process (PID=4984) to work on /home/vscode/.local/lib/python3.10/site-packages/airflow/example_dags/example_params_trigger_ui.py
[2025-08-14T09:42:37.037+0000] {processor.py:826} INFO - Processing file /home/vscode/.local/lib/python3.10/site-packages/airflow/example_dags/example_params_trigger_ui.py for tasks to queue
[2025-08-14T09:42:37.037+0000] {logging_mixin.py:150} INFO - [2025-08-14T09:42:37.037+0000] {dagbag.py:541} INFO - Filling up the DagBag from /home/vscode/.local/lib/python3.10/site-packages/airflow/example_dags/example_params_trigger_ui.py
[2025-08-14T09:42:37.050+0000] {processor.py:836} INFO - DAG(s) dict_keys(['example_params_trigger_ui']) retrieved from /home/vscode/.local/lib/python3.10/site-packages/airflow/example_dags/example_params_trigger_ui.py
[2025-08-14T09:42:37.081+0000] {logging_mixin.py:150} INFO - [2025-08-14T09:42:37.081+0000] {dag.py:2742} INFO - Sync 1 DAGs
[2025-08-14T09:42:37.095+0000] {logging_mixin.py:150} INFO - [2025-08-14T09:42:37.095+0000] {dag.py:3504} INFO - Setting next_dagrun for example_params_trigger_ui to None, run_after=None
[2025-08-14T09:42:37.111+0000] {processor.py:179} INFO - Processing /home/vscode/.local/lib/python3.10/site-packages/airflow/example_dags/example_params_trigger_ui.py took 0.077 seconds
[2025-08-14T09:43:25.304+0000] {processor.py:157} INFO - Started process (PID=5334) to work on /home/vscode/.local/lib/python3.10/site-packages/airflow/example_dags/example_params_trigger_ui.py
[2025-08-14T09:43:25.305+0000] {processor.py:826} INFO - Processing file /home/vscode/.local/lib/python3.10/site-packages/airflow/example_dags/example_params_trigger_ui.py for tasks to queue
[2025-08-14T09:43:25.305+0000] {logging_mixin.py:150} INFO - [2025-08-14T09:43:25.305+0000] {dagbag.py:541} INFO - Filling up the DagBag from /home/vscode/.local/lib/python3.10/site-packages/airflow/example_dags/example_params_trigger_ui.py
[2025-08-14T09:43:25.317+0000] {processor.py:836} INFO - DAG(s) dict_keys(['example_params_trigger_ui']) retrieved from /home/vscode/.local/lib/python3.10/site-packages/airflow/example_dags/example_params_trigger_ui.py
[2025-08-14T09:43:25.348+0000] {logging_mixin.py:150} INFO - [2025-08-14T09:43:25.348+0000] {dag.py:2742} INFO - Sync 1 DAGs
[2025-08-14T09:43:25.362+0000] {logging_mixin.py:150} INFO - [2025-08-14T09:43:25.362+0000] {dag.py:3504} INFO - Setting next_dagrun for example_params_trigger_ui to None, run_after=None
[2025-08-14T09:43:25.377+0000] {processor.py:179} INFO - Processing /home/vscode/.local/lib/python3.10/site-packages/airflow/example_dags/example_params_trigger_ui.py took 0.076 seconds
[2025-08-14T09:44:10.390+0000] {processor.py:157} INFO - Started process (PID=5673) to work on /home/vscode/.local/lib/python3.10/site-packages/airflow/example_dags/example_params_trigger_ui.py
[2025-08-14T09:44:10.391+0000] {processor.py:826} INFO - Processing file /home/vscode/.local/lib/python3.10/site-packages/airflow/example_dags/example_params_trigger_ui.py for tasks to queue
[2025-08-14T09:44:10.392+0000] {logging_mixin.py:150} INFO - [2025-08-14T09:44:10.391+0000] {dagbag.py:541} INFO - Filling up the DagBag from /home/vscode/.local/lib/python3.10/site-packages/airflow/example_dags/example_params_trigger_ui.py
[2025-08-14T09:44:10.405+0000] {processor.py:836} INFO - DAG(s) dict_keys(['example_params_trigger_ui']) retrieved from /home/vscode/.local/lib/python3.10/site-packages/airflow/example_dags/example_params_trigger_ui.py
[2025-08-14T09:44:10.438+0000] {logging_mixin.py:150} INFO - [2025-08-14T09:44:10.438+0000] {dag.py:2742} INFO - Sync 1 DAGs
[2025-08-14T09:44:10.457+0000] {logging_mixin.py:150} INFO - [2025-08-14T09:44:10.456+0000] {dag.py:3504} INFO - Setting next_dagrun for example_params_trigger_ui to None, run_after=None
[2025-08-14T09:44:10.477+0000] {processor.py:179} INFO - Processing /home/vscode/.local/lib/python3.10/site-packages/airflow/example_dags/example_params_trigger_ui.py took 0.089 seconds
[2025-08-14T09:44:51.699+0000] {processor.py:157} INFO - Started process (PID=5983) to work on /home/vscode/.local/lib/python3.10/site-packages/airflow/example_dags/example_params_trigger_ui.py
[2025-08-14T09:44:51.699+0000] {processor.py:826} INFO - Processing file /home/vscode/.local/lib/python3.10/site-packages/airflow/example_dags/example_params_trigger_ui.py for tasks to queue
[2025-08-14T09:44:51.700+0000] {logging_mixin.py:150} INFO - [2025-08-14T09:44:51.700+0000] {dagbag.py:541} INFO - Filling up the DagBag from /home/vscode/.local/lib/python3.10/site-packages/airflow/example_dags/example_params_trigger_ui.py
[2025-08-14T09:44:51.712+0000] {processor.py:836} INFO - DAG(s) dict_keys(['example_params_trigger_ui']) retrieved from /home/vscode/.local/lib/python3.10/site-packages/airflow/example_dags/example_params_trigger_ui.py
[2025-08-14T09:44:51.743+0000] {logging_mixin.py:150} INFO - [2025-08-14T09:44:51.743+0000] {dag.py:2742} INFO - Sync 1 DAGs
[2025-08-14T09:44:51.758+0000] {logging_mixin.py:150} INFO - [2025-08-14T09:44:51.758+0000] {dag.py:3504} INFO - Setting next_dagrun for example_params_trigger_ui to None, run_after=None
[2025-08-14T09:44:51.785+0000] {processor.py:179} INFO - Processing /home/vscode/.local/lib/python3.10/site-packages/airflow/example_dags/example_params_trigger_ui.py took 0.089 seconds
[2025-08-14T09:45:39.099+0000] {processor.py:157} INFO - Started process (PID=6312) to work on /home/vscode/.local/lib/python3.10/site-packages/airflow/example_dags/example_params_trigger_ui.py
[2025-08-14T09:45:39.100+0000] {processor.py:826} INFO - Processing file /home/vscode/.local/lib/python3.10/site-packages/airflow/example_dags/example_params_trigger_ui.py for tasks to queue
[2025-08-14T09:45:39.100+0000] {logging_mixin.py:150} INFO - [2025-08-14T09:45:39.100+0000] {dagbag.py:541} INFO - Filling up the DagBag from /home/vscode/.local/lib/python3.10/site-packages/airflow/example_dags/example_params_trigger_ui.py
[2025-08-14T09:45:39.112+0000] {processor.py:836} INFO - DAG(s) dict_keys(['example_params_trigger_ui']) retrieved from /home/vscode/.local/lib/python3.10/site-packages/airflow/example_dags/example_params_trigger_ui.py
[2025-08-14T09:45:39.144+0000] {logging_mixin.py:150} INFO - [2025-08-14T09:45:39.144+0000] {dag.py:2742} INFO - Sync 1 DAGs
[2025-08-14T09:45:39.161+0000] {logging_mixin.py:150} INFO - [2025-08-14T09:45:39.161+0000] {dag.py:3504} INFO - Setting next_dagrun for example_params_trigger_ui to None, run_after=None
[2025-08-14T09:45:39.177+0000] {processor.py:179} INFO - Processing /home/vscode/.local/lib/python3.10/site-packages/airflow/example_dags/example_params_trigger_ui.py took 0.080 seconds
[2025-08-14T09:46:26.463+0000] {processor.py:157} INFO - Started process (PID=6630) to work on /home/vscode/.local/lib/python3.10/site-packages/airflow/example_dags/example_params_trigger_ui.py
[2025-08-14T09:46:26.464+0000] {processor.py:826} INFO - Processing file /home/vscode/.local/lib/python3.10/site-packages/airflow/example_dags/example_params_trigger_ui.py for tasks to queue
[2025-08-14T09:46:26.465+0000] {logging_mixin.py:150} INFO - [2025-08-14T09:46:26.465+0000] {dagbag.py:541} INFO - Filling up the DagBag from /home/vscode/.local/lib/python3.10/site-packages/airflow/example_dags/example_params_trigger_ui.py
[2025-08-14T09:46:26.477+0000] {processor.py:836} INFO - DAG(s) dict_keys(['example_params_trigger_ui']) retrieved from /home/vscode/.local/lib/python3.10/site-packages/airflow/example_dags/example_params_trigger_ui.py
[2025-08-14T09:46:26.509+0000] {logging_mixin.py:150} INFO - [2025-08-14T09:46:26.508+0000] {dag.py:2742} INFO - Sync 1 DAGs
[2025-08-14T09:46:26.523+0000] {logging_mixin.py:150} INFO - [2025-08-14T09:46:26.523+0000] {dag.py:3504} INFO - Setting next_dagrun for example_params_trigger_ui to None, run_after=None
[2025-08-14T09:46:26.538+0000] {processor.py:179} INFO - Processing /home/vscode/.local/lib/python3.10/site-packages/airflow/example_dags/example_params_trigger_ui.py took 0.077 seconds
[2025-08-14T09:47:13.824+0000] {processor.py:157} INFO - Started process (PID=6952) to work on /home/vscode/.local/lib/python3.10/site-packages/airflow/example_dags/example_params_trigger_ui.py
[2025-08-14T09:47:13.824+0000] {processor.py:826} INFO - Processing file /home/vscode/.local/lib/python3.10/site-packages/airflow/example_dags/example_params_trigger_ui.py for tasks to queue
[2025-08-14T09:47:13.825+0000] {logging_mixin.py:150} INFO - [2025-08-14T09:47:13.825+0000] {dagbag.py:541} INFO - Filling up the DagBag from /home/vscode/.local/lib/python3.10/site-packages/airflow/example_dags/example_params_trigger_ui.py
[2025-08-14T09:47:13.836+0000] {processor.py:836} INFO - DAG(s) dict_keys(['example_params_trigger_ui']) retrieved from /home/vscode/.local/lib/python3.10/site-packages/airflow/example_dags/example_params_trigger_ui.py
[2025-08-14T09:47:13.867+0000] {logging_mixin.py:150} INFO - [2025-08-14T09:47:13.867+0000] {dag.py:2742} INFO - Sync 1 DAGs
[2025-08-14T09:47:13.880+0000] {logging_mixin.py:150} INFO - [2025-08-14T09:47:13.880+0000] {dag.py:3504} INFO - Setting next_dagrun for example_params_trigger_ui to None, run_after=None
[2025-08-14T09:47:13.896+0000] {processor.py:179} INFO - Processing /home/vscode/.local/lib/python3.10/site-packages/airflow/example_dags/example_params_trigger_ui.py took 0.074 seconds
[2025-08-14T09:47:59.954+0000] {processor.py:157} INFO - Started process (PID=7268) to work on /home/vscode/.local/lib/python3.10/site-packages/airflow/example_dags/example_params_trigger_ui.py
[2025-08-14T09:47:59.954+0000] {processor.py:826} INFO - Processing file /home/vscode/.local/lib/python3.10/site-packages/airflow/example_dags/example_params_trigger_ui.py for tasks to queue
[2025-08-14T09:47:59.955+0000] {logging_mixin.py:150} INFO - [2025-08-14T09:47:59.955+0000] {dagbag.py:541} INFO - Filling up the DagBag from /home/vscode/.local/lib/python3.10/site-packages/airflow/example_dags/example_params_trigger_ui.py
[2025-08-14T09:47:59.967+0000] {processor.py:836} INFO - DAG(s) dict_keys(['example_params_trigger_ui']) retrieved from /home/vscode/.local/lib/python3.10/site-packages/airflow/example_dags/example_params_trigger_ui.py
[2025-08-14T09:47:59.999+0000] {logging_mixin.py:150} INFO - [2025-08-14T09:47:59.999+0000] {dag.py:2742} INFO - Sync 1 DAGs
[2025-08-14T09:48:00.012+0000] {logging_mixin.py:150} INFO - [2025-08-14T09:48:00.012+0000] {dag.py:3504} INFO - Setting next_dagrun for example_params_trigger_ui to None, run_after=None
[2025-08-14T09:48:00.028+0000] {processor.py:179} INFO - Processing /home/vscode/.local/lib/python3.10/site-packages/airflow/example_dags/example_params_trigger_ui.py took 0.077 seconds
[2025-08-14T09:48:47.554+0000] {processor.py:157} INFO - Started process (PID=7626) to work on /home/vscode/.local/lib/python3.10/site-packages/airflow/example_dags/example_params_trigger_ui.py
[2025-08-14T09:48:47.555+0000] {processor.py:826} INFO - Processing file /home/vscode/.local/lib/python3.10/site-packages/airflow/example_dags/example_params_trigger_ui.py for tasks to queue
[2025-08-14T09:48:47.556+0000] {logging_mixin.py:150} INFO - [2025-08-14T09:48:47.556+0000] {dagbag.py:541} INFO - Filling up the DagBag from /home/vscode/.local/lib/python3.10/site-packages/airflow/example_dags/example_params_trigger_ui.py
[2025-08-14T09:48:47.568+0000] {processor.py:836} INFO - DAG(s) dict_keys(['example_params_trigger_ui']) retrieved from /home/vscode/.local/lib/python3.10/site-packages/airflow/example_dags/example_params_trigger_ui.py
[2025-08-14T09:48:47.604+0000] {logging_mixin.py:150} INFO - [2025-08-14T09:48:47.603+0000] {dag.py:2742} INFO - Sync 1 DAGs
[2025-08-14T09:48:47.626+0000] {logging_mixin.py:150} INFO - [2025-08-14T09:48:47.626+0000] {dag.py:3504} INFO - Setting next_dagrun for example_params_trigger_ui to None, run_after=None
[2025-08-14T09:48:47.642+0000] {processor.py:179} INFO - Processing /home/vscode/.local/lib/python3.10/site-packages/airflow/example_dags/example_params_trigger_ui.py took 0.090 seconds
[2025-08-14T09:49:31.148+0000] {processor.py:157} INFO - Started process (PID=7946) to work on /home/vscode/.local/lib/python3.10/site-packages/airflow/example_dags/example_params_trigger_ui.py
[2025-08-14T09:49:31.149+0000] {processor.py:826} INFO - Processing file /home/vscode/.local/lib/python3.10/site-packages/airflow/example_dags/example_params_trigger_ui.py for tasks to queue
[2025-08-14T09:49:31.149+0000] {logging_mixin.py:150} INFO - [2025-08-14T09:49:31.149+0000] {dagbag.py:541} INFO - Filling up the DagBag from /home/vscode/.local/lib/python3.10/site-packages/airflow/example_dags/example_params_trigger_ui.py
[2025-08-14T09:49:31.164+0000] {processor.py:836} INFO - DAG(s) dict_keys(['example_params_trigger_ui']) retrieved from /home/vscode/.local/lib/python3.10/site-packages/airflow/example_dags/example_params_trigger_ui.py
[2025-08-14T09:49:31.194+0000] {logging_mixin.py:150} INFO - [2025-08-14T09:49:31.194+0000] {dag.py:2742} INFO - Sync 1 DAGs
[2025-08-14T09:49:31.207+0000] {logging_mixin.py:150} INFO - [2025-08-14T09:49:31.207+0000] {dag.py:3504} INFO - Setting next_dagrun for example_params_trigger_ui to None, run_after=None
[2025-08-14T09:49:31.222+0000] {processor.py:179} INFO - Processing /home/vscode/.local/lib/python3.10/site-packages/airflow/example_dags/example_params_trigger_ui.py took 0.076 seconds
[2025-08-14T09:50:18.788+0000] {processor.py:157} INFO - Started process (PID=8305) to work on /home/vscode/.local/lib/python3.10/site-packages/airflow/example_dags/example_params_trigger_ui.py
[2025-08-14T09:50:18.789+0000] {processor.py:826} INFO - Processing file /home/vscode/.local/lib/python3.10/site-packages/airflow/example_dags/example_params_trigger_ui.py for tasks to queue
[2025-08-14T09:50:18.789+0000] {logging_mixin.py:150} INFO - [2025-08-14T09:50:18.789+0000] {dagbag.py:541} INFO - Filling up the DagBag from /home/vscode/.local/lib/python3.10/site-packages/airflow/example_dags/example_params_trigger_ui.py
[2025-08-14T09:50:18.801+0000] {processor.py:836} INFO - DAG(s) dict_keys(['example_params_trigger_ui']) retrieved from /home/vscode/.local/lib/python3.10/site-packages/airflow/example_dags/example_params_trigger_ui.py
[2025-08-14T09:50:18.831+0000] {logging_mixin.py:150} INFO - [2025-08-14T09:50:18.831+0000] {dag.py:2742} INFO - Sync 1 DAGs
[2025-08-14T09:50:18.847+0000] {logging_mixin.py:150} INFO - [2025-08-14T09:50:18.847+0000] {dag.py:3504} INFO - Setting next_dagrun for example_params_trigger_ui to None, run_after=None
[2025-08-14T09:50:18.863+0000] {processor.py:179} INFO - Processing /home/vscode/.local/lib/python3.10/site-packages/airflow/example_dags/example_params_trigger_ui.py took 0.076 seconds
[2025-08-14T09:51:01.204+0000] {processor.py:157} INFO - Started process (PID=8622) to work on /home/vscode/.local/lib/python3.10/site-packages/airflow/example_dags/example_params_trigger_ui.py
[2025-08-14T09:51:01.205+0000] {processor.py:826} INFO - Processing file /home/vscode/.local/lib/python3.10/site-packages/airflow/example_dags/example_params_trigger_ui.py for tasks to queue
[2025-08-14T09:51:01.206+0000] {logging_mixin.py:150} INFO - [2025-08-14T09:51:01.205+0000] {dagbag.py:541} INFO - Filling up the DagBag from /home/vscode/.local/lib/python3.10/site-packages/airflow/example_dags/example_params_trigger_ui.py
[2025-08-14T09:51:01.218+0000] {processor.py:836} INFO - DAG(s) dict_keys(['example_params_trigger_ui']) retrieved from /home/vscode/.local/lib/python3.10/site-packages/airflow/example_dags/example_params_trigger_ui.py
[2025-08-14T09:51:01.258+0000] {logging_mixin.py:150} INFO - [2025-08-14T09:51:01.258+0000] {dag.py:2742} INFO - Sync 1 DAGs
[2025-08-14T09:51:01.272+0000] {logging_mixin.py:150} INFO - [2025-08-14T09:51:01.272+0000] {dag.py:3504} INFO - Setting next_dagrun for example_params_trigger_ui to None, run_after=None
[2025-08-14T09:51:01.291+0000] {processor.py:179} INFO - Processing /home/vscode/.local/lib/python3.10/site-packages/airflow/example_dags/example_params_trigger_ui.py took 0.089 seconds
[2025-08-14T09:51:47.266+0000] {processor.py:157} INFO - Started process (PID=8955) to work on /home/vscode/.local/lib/python3.10/site-packages/airflow/example_dags/example_params_trigger_ui.py
[2025-08-14T09:51:47.267+0000] {processor.py:826} INFO - Processing file /home/vscode/.local/lib/python3.10/site-packages/airflow/example_dags/example_params_trigger_ui.py for tasks to queue
[2025-08-14T09:51:47.268+0000] {logging_mixin.py:150} INFO - [2025-08-14T09:51:47.267+0000] {dagbag.py:541} INFO - Filling up the DagBag from /home/vscode/.local/lib/python3.10/site-packages/airflow/example_dags/example_params_trigger_ui.py
[2025-08-14T09:51:47.280+0000] {processor.py:836} INFO - DAG(s) dict_keys(['example_params_trigger_ui']) retrieved from /home/vscode/.local/lib/python3.10/site-packages/airflow/example_dags/example_params_trigger_ui.py
[2025-08-14T09:51:47.312+0000] {logging_mixin.py:150} INFO - [2025-08-14T09:51:47.312+0000] {dag.py:2742} INFO - Sync 1 DAGs
[2025-08-14T09:51:47.326+0000] {logging_mixin.py:150} INFO - [2025-08-14T09:51:47.326+0000] {dag.py:3504} INFO - Setting next_dagrun for example_params_trigger_ui to None, run_after=None
[2025-08-14T09:51:47.342+0000] {processor.py:179} INFO - Processing /home/vscode/.local/lib/python3.10/site-packages/airflow/example_dags/example_params_trigger_ui.py took 0.077 seconds
[2025-08-14T09:52:32.096+0000] {processor.py:157} INFO - Started process (PID=9244) to work on /home/vscode/.local/lib/python3.10/site-packages/airflow/example_dags/example_params_trigger_ui.py
[2025-08-14T09:52:32.097+0000] {processor.py:826} INFO - Processing file /home/vscode/.local/lib/python3.10/site-packages/airflow/example_dags/example_params_trigger_ui.py for tasks to queue
[2025-08-14T09:52:32.097+0000] {logging_mixin.py:150} INFO - [2025-08-14T09:52:32.097+0000] {dagbag.py:541} INFO - Filling up the DagBag from /home/vscode/.local/lib/python3.10/site-packages/airflow/example_dags/example_params_trigger_ui.py
[2025-08-14T09:52:32.110+0000] {processor.py:836} INFO - DAG(s) dict_keys(['example_params_trigger_ui']) retrieved from /home/vscode/.local/lib/python3.10/site-packages/airflow/example_dags/example_params_trigger_ui.py
[2025-08-14T09:52:32.141+0000] {logging_mixin.py:150} INFO - [2025-08-14T09:52:32.141+0000] {dag.py:2742} INFO - Sync 1 DAGs
[2025-08-14T09:52:32.156+0000] {logging_mixin.py:150} INFO - [2025-08-14T09:52:32.156+0000] {dag.py:3504} INFO - Setting next_dagrun for example_params_trigger_ui to None, run_after=None
[2025-08-14T09:52:32.174+0000] {processor.py:179} INFO - Processing /home/vscode/.local/lib/python3.10/site-packages/airflow/example_dags/example_params_trigger_ui.py took 0.080 seconds
[2025-08-14T09:53:19.511+0000] {processor.py:157} INFO - Started process (PID=9568) to work on /home/vscode/.local/lib/python3.10/site-packages/airflow/example_dags/example_params_trigger_ui.py
[2025-08-14T09:53:19.512+0000] {processor.py:826} INFO - Processing file /home/vscode/.local/lib/python3.10/site-packages/airflow/example_dags/example_params_trigger_ui.py for tasks to queue
[2025-08-14T09:53:19.512+0000] {logging_mixin.py:150} INFO - [2025-08-14T09:53:19.512+0000] {dagbag.py:541} INFO - Filling up the DagBag from /home/vscode/.local/lib/python3.10/site-packages/airflow/example_dags/example_params_trigger_ui.py
[2025-08-14T09:53:19.524+0000] {processor.py:836} INFO - DAG(s) dict_keys(['example_params_trigger_ui']) retrieved from /home/vscode/.local/lib/python3.10/site-packages/airflow/example_dags/example_params_trigger_ui.py
[2025-08-14T09:53:19.554+0000] {logging_mixin.py:150} INFO - [2025-08-14T09:53:19.554+0000] {dag.py:2742} INFO - Sync 1 DAGs
[2025-08-14T09:53:19.568+0000] {logging_mixin.py:150} INFO - [2025-08-14T09:53:19.568+0000] {dag.py:3504} INFO - Setting next_dagrun for example_params_trigger_ui to None, run_after=None
[2025-08-14T09:53:19.582+0000] {processor.py:179} INFO - Processing /home/vscode/.local/lib/python3.10/site-packages/airflow/example_dags/example_params_trigger_ui.py took 0.073 seconds
[2025-08-14T09:54:06.015+0000] {processor.py:157} INFO - Started process (PID=9881) to work on /home/vscode/.local/lib/python3.10/site-packages/airflow/example_dags/example_params_trigger_ui.py
[2025-08-14T09:54:06.015+0000] {processor.py:826} INFO - Processing file /home/vscode/.local/lib/python3.10/site-packages/airflow/example_dags/example_params_trigger_ui.py for tasks to queue
[2025-08-14T09:54:06.016+0000] {logging_mixin.py:150} INFO - [2025-08-14T09:54:06.016+0000] {dagbag.py:541} INFO - Filling up the DagBag from /home/vscode/.local/lib/python3.10/site-packages/airflow/example_dags/example_params_trigger_ui.py
[2025-08-14T09:54:06.028+0000] {processor.py:836} INFO - DAG(s) dict_keys(['example_params_trigger_ui']) retrieved from /home/vscode/.local/lib/python3.10/site-packages/airflow/example_dags/example_params_trigger_ui.py
[2025-08-14T09:54:06.058+0000] {logging_mixin.py:150} INFO - [2025-08-14T09:54:06.058+0000] {dag.py:2742} INFO - Sync 1 DAGs
[2025-08-14T09:54:06.072+0000] {logging_mixin.py:150} INFO - [2025-08-14T09:54:06.071+0000] {dag.py:3504} INFO - Setting next_dagrun for example_params_trigger_ui to None, run_after=None
[2025-08-14T09:54:06.087+0000] {processor.py:179} INFO - Processing /home/vscode/.local/lib/python3.10/site-packages/airflow/example_dags/example_params_trigger_ui.py took 0.075 seconds
[2025-08-14T09:54:55.284+0000] {processor.py:157} INFO - Started process (PID=10209) to work on /home/vscode/.local/lib/python3.10/site-packages/airflow/example_dags/example_params_trigger_ui.py
[2025-08-14T09:54:55.285+0000] {processor.py:826} INFO - Processing file /home/vscode/.local/lib/python3.10/site-packages/airflow/example_dags/example_params_trigger_ui.py for tasks to queue
[2025-08-14T09:54:55.286+0000] {logging_mixin.py:150} INFO - [2025-08-14T09:54:55.285+0000] {dagbag.py:541} INFO - Filling up the DagBag from /home/vscode/.local/lib/python3.10/site-packages/airflow/example_dags/example_params_trigger_ui.py
[2025-08-14T09:54:55.297+0000] {processor.py:836} INFO - DAG(s) dict_keys(['example_params_trigger_ui']) retrieved from /home/vscode/.local/lib/python3.10/site-packages/airflow/example_dags/example_params_trigger_ui.py
[2025-08-14T09:54:55.329+0000] {logging_mixin.py:150} INFO - [2025-08-14T09:54:55.329+0000] {dag.py:2742} INFO - Sync 1 DAGs
[2025-08-14T09:54:55.343+0000] {logging_mixin.py:150} INFO - [2025-08-14T09:54:55.342+0000] {dag.py:3504} INFO - Setting next_dagrun for example_params_trigger_ui to None, run_after=None
[2025-08-14T09:54:55.358+0000] {processor.py:179} INFO - Processing /home/vscode/.local/lib/python3.10/site-packages/airflow/example_dags/example_params_trigger_ui.py took 0.076 seconds
[2025-08-14T09:55:38.791+0000] {processor.py:157} INFO - Started process (PID=10504) to work on /home/vscode/.local/lib/python3.10/site-packages/airflow/example_dags/example_params_trigger_ui.py
[2025-08-14T09:55:38.792+0000] {processor.py:826} INFO - Processing file /home/vscode/.local/lib/python3.10/site-packages/airflow/example_dags/example_params_trigger_ui.py for tasks to queue
[2025-08-14T09:55:38.792+0000] {logging_mixin.py:150} INFO - [2025-08-14T09:55:38.792+0000] {dagbag.py:541} INFO - Filling up the DagBag from /home/vscode/.local/lib/python3.10/site-packages/airflow/example_dags/example_params_trigger_ui.py
[2025-08-14T09:55:38.805+0000] {processor.py:836} INFO - DAG(s) dict_keys(['example_params_trigger_ui']) retrieved from /home/vscode/.local/lib/python3.10/site-packages/airflow/example_dags/example_params_trigger_ui.py
[2025-08-14T09:55:38.836+0000] {logging_mixin.py:150} INFO - [2025-08-14T09:55:38.836+0000] {dag.py:2742} INFO - Sync 1 DAGs
[2025-08-14T09:55:38.850+0000] {logging_mixin.py:150} INFO - [2025-08-14T09:55:38.850+0000] {dag.py:3504} INFO - Setting next_dagrun for example_params_trigger_ui to None, run_after=None
[2025-08-14T09:55:38.866+0000] {processor.py:179} INFO - Processing /home/vscode/.local/lib/python3.10/site-packages/airflow/example_dags/example_params_trigger_ui.py took 0.077 seconds
[2025-08-14T09:56:24.549+0000] {processor.py:157} INFO - Started process (PID=10863) to work on /home/vscode/.local/lib/python3.10/site-packages/airflow/example_dags/example_params_trigger_ui.py
[2025-08-14T09:56:24.549+0000] {processor.py:826} INFO - Processing file /home/vscode/.local/lib/python3.10/site-packages/airflow/example_dags/example_params_trigger_ui.py for tasks to queue
[2025-08-14T09:56:24.550+0000] {logging_mixin.py:150} INFO - [2025-08-14T09:56:24.550+0000] {dagbag.py:541} INFO - Filling up the DagBag from /home/vscode/.local/lib/python3.10/site-packages/airflow/example_dags/example_params_trigger_ui.py
[2025-08-14T09:56:24.562+0000] {processor.py:836} INFO - DAG(s) dict_keys(['example_params_trigger_ui']) retrieved from /home/vscode/.local/lib/python3.10/site-packages/airflow/example_dags/example_params_trigger_ui.py
[2025-08-14T09:56:24.596+0000] {logging_mixin.py:150} INFO - [2025-08-14T09:56:24.596+0000] {dag.py:2742} INFO - Sync 1 DAGs
[2025-08-14T09:56:24.611+0000] {logging_mixin.py:150} INFO - [2025-08-14T09:56:24.611+0000] {dag.py:3504} INFO - Setting next_dagrun for example_params_trigger_ui to None, run_after=None
[2025-08-14T09:56:24.626+0000] {processor.py:179} INFO - Processing /home/vscode/.local/lib/python3.10/site-packages/airflow/example_dags/example_params_trigger_ui.py took 0.080 seconds
[2025-08-14T09:57:09.548+0000] {processor.py:157} INFO - Started process (PID=11182) to work on /home/vscode/.local/lib/python3.10/site-packages/airflow/example_dags/example_params_trigger_ui.py
[2025-08-14T09:57:09.548+0000] {processor.py:826} INFO - Processing file /home/vscode/.local/lib/python3.10/site-packages/airflow/example_dags/example_params_trigger_ui.py for tasks to queue
[2025-08-14T09:57:09.549+0000] {logging_mixin.py:150} INFO - [2025-08-14T09:57:09.549+0000] {dagbag.py:541} INFO - Filling up the DagBag from /home/vscode/.local/lib/python3.10/site-packages/airflow/example_dags/example_params_trigger_ui.py
[2025-08-14T09:57:09.567+0000] {processor.py:836} INFO - DAG(s) dict_keys(['example_params_trigger_ui']) retrieved from /home/vscode/.local/lib/python3.10/site-packages/airflow/example_dags/example_params_trigger_ui.py
[2025-08-14T09:57:09.602+0000] {logging_mixin.py:150} INFO - [2025-08-14T09:57:09.602+0000] {dag.py:2742} INFO - Sync 1 DAGs
[2025-08-14T09:57:09.616+0000] {logging_mixin.py:150} INFO - [2025-08-14T09:57:09.616+0000] {dag.py:3504} INFO - Setting next_dagrun for example_params_trigger_ui to None, run_after=None
[2025-08-14T09:57:09.632+0000] {processor.py:179} INFO - Processing /home/vscode/.local/lib/python3.10/site-packages/airflow/example_dags/example_params_trigger_ui.py took 0.088 seconds
[2025-08-14T09:57:57.428+0000] {processor.py:157} INFO - Started process (PID=11575) to work on /home/vscode/.local/lib/python3.10/site-packages/airflow/example_dags/example_params_trigger_ui.py
[2025-08-14T09:57:57.429+0000] {processor.py:826} INFO - Processing file /home/vscode/.local/lib/python3.10/site-packages/airflow/example_dags/example_params_trigger_ui.py for tasks to queue
[2025-08-14T09:57:57.430+0000] {logging_mixin.py:150} INFO - [2025-08-14T09:57:57.430+0000] {dagbag.py:541} INFO - Filling up the DagBag from /home/vscode/.local/lib/python3.10/site-packages/airflow/example_dags/example_params_trigger_ui.py
[2025-08-14T09:57:57.444+0000] {processor.py:836} INFO - DAG(s) dict_keys(['example_params_trigger_ui']) retrieved from /home/vscode/.local/lib/python3.10/site-packages/airflow/example_dags/example_params_trigger_ui.py
[2025-08-14T09:57:57.476+0000] {logging_mixin.py:150} INFO - [2025-08-14T09:57:57.475+0000] {dag.py:2742} INFO - Sync 1 DAGs
[2025-08-14T09:57:57.490+0000] {logging_mixin.py:150} INFO - [2025-08-14T09:57:57.490+0000] {dag.py:3504} INFO - Setting next_dagrun for example_params_trigger_ui to None, run_after=None
[2025-08-14T09:57:57.506+0000] {processor.py:179} INFO - Processing /home/vscode/.local/lib/python3.10/site-packages/airflow/example_dags/example_params_trigger_ui.py took 0.081 seconds
[2025-08-14T09:58:44.805+0000] {processor.py:157} INFO - Started process (PID=11953) to work on /home/vscode/.local/lib/python3.10/site-packages/airflow/example_dags/example_params_trigger_ui.py
[2025-08-14T09:58:44.805+0000] {processor.py:826} INFO - Processing file /home/vscode/.local/lib/python3.10/site-packages/airflow/example_dags/example_params_trigger_ui.py for tasks to queue
[2025-08-14T09:58:44.806+0000] {logging_mixin.py:150} INFO - [2025-08-14T09:58:44.806+0000] {dagbag.py:541} INFO - Filling up the DagBag from /home/vscode/.local/lib/python3.10/site-packages/airflow/example_dags/example_params_trigger_ui.py
[2025-08-14T09:58:44.818+0000] {processor.py:836} INFO - DAG(s) dict_keys(['example_params_trigger_ui']) retrieved from /home/vscode/.local/lib/python3.10/site-packages/airflow/example_dags/example_params_trigger_ui.py
[2025-08-14T09:58:44.856+0000] {logging_mixin.py:150} INFO - [2025-08-14T09:58:44.856+0000] {dag.py:2742} INFO - Sync 1 DAGs
[2025-08-14T09:58:44.875+0000] {logging_mixin.py:150} INFO - [2025-08-14T09:58:44.874+0000] {dag.py:3504} INFO - Setting next_dagrun for example_params_trigger_ui to None, run_after=None
[2025-08-14T09:58:44.891+0000] {processor.py:179} INFO - Processing /home/vscode/.local/lib/python3.10/site-packages/airflow/example_dags/example_params_trigger_ui.py took 0.088 seconds
[2025-08-14T10:06:11.238+0000] {processor.py:157} INFO - Started process (PID=15204) to work on /home/vscode/.local/lib/python3.10/site-packages/airflow/example_dags/example_params_trigger_ui.py
[2025-08-14T10:06:11.238+0000] {processor.py:826} INFO - Processing file /home/vscode/.local/lib/python3.10/site-packages/airflow/example_dags/example_params_trigger_ui.py for tasks to queue
[2025-08-14T10:06:11.239+0000] {logging_mixin.py:150} INFO - [2025-08-14T10:06:11.239+0000] {dagbag.py:541} INFO - Filling up the DagBag from /home/vscode/.local/lib/python3.10/site-packages/airflow/example_dags/example_params_trigger_ui.py
[2025-08-14T10:06:11.253+0000] {processor.py:836} INFO - DAG(s) dict_keys(['example_params_trigger_ui']) retrieved from /home/vscode/.local/lib/python3.10/site-packages/airflow/example_dags/example_params_trigger_ui.py
[2025-08-14T10:06:11.285+0000] {logging_mixin.py:150} INFO - [2025-08-14T10:06:11.285+0000] {dag.py:2742} INFO - Sync 1 DAGs
[2025-08-14T10:06:11.299+0000] {logging_mixin.py:150} INFO - [2025-08-14T10:06:11.299+0000] {dag.py:3504} INFO - Setting next_dagrun for example_params_trigger_ui to None, run_after=None
[2025-08-14T10:06:11.314+0000] {processor.py:179} INFO - Processing /home/vscode/.local/lib/python3.10/site-packages/airflow/example_dags/example_params_trigger_ui.py took 0.079 seconds
[2025-08-14T10:06:56.250+0000] {processor.py:157} INFO - Started process (PID=15508) to work on /home/vscode/.local/lib/python3.10/site-packages/airflow/example_dags/example_params_trigger_ui.py
[2025-08-14T10:06:56.250+0000] {processor.py:826} INFO - Processing file /home/vscode/.local/lib/python3.10/site-packages/airflow/example_dags/example_params_trigger_ui.py for tasks to queue
[2025-08-14T10:06:56.251+0000] {logging_mixin.py:150} INFO - [2025-08-14T10:06:56.251+0000] {dagbag.py:541} INFO - Filling up the DagBag from /home/vscode/.local/lib/python3.10/site-packages/airflow/example_dags/example_params_trigger_ui.py
[2025-08-14T10:06:56.263+0000] {processor.py:836} INFO - DAG(s) dict_keys(['example_params_trigger_ui']) retrieved from /home/vscode/.local/lib/python3.10/site-packages/airflow/example_dags/example_params_trigger_ui.py
[2025-08-14T10:06:56.293+0000] {logging_mixin.py:150} INFO - [2025-08-14T10:06:56.293+0000] {dag.py:2742} INFO - Sync 1 DAGs
[2025-08-14T10:06:56.307+0000] {logging_mixin.py:150} INFO - [2025-08-14T10:06:56.307+0000] {dag.py:3504} INFO - Setting next_dagrun for example_params_trigger_ui to None, run_after=None
[2025-08-14T10:06:56.323+0000] {processor.py:179} INFO - Processing /home/vscode/.local/lib/python3.10/site-packages/airflow/example_dags/example_params_trigger_ui.py took 0.075 seconds
[2025-08-14T10:07:41.931+0000] {processor.py:157} INFO - Started process (PID=15808) to work on /home/vscode/.local/lib/python3.10/site-packages/airflow/example_dags/example_params_trigger_ui.py
[2025-08-14T10:07:41.931+0000] {processor.py:826} INFO - Processing file /home/vscode/.local/lib/python3.10/site-packages/airflow/example_dags/example_params_trigger_ui.py for tasks to queue
[2025-08-14T10:07:41.932+0000] {logging_mixin.py:150} INFO - [2025-08-14T10:07:41.932+0000] {dagbag.py:541} INFO - Filling up the DagBag from /home/vscode/.local/lib/python3.10/site-packages/airflow/example_dags/example_params_trigger_ui.py
[2025-08-14T10:07:41.944+0000] {processor.py:836} INFO - DAG(s) dict_keys(['example_params_trigger_ui']) retrieved from /home/vscode/.local/lib/python3.10/site-packages/airflow/example_dags/example_params_trigger_ui.py
[2025-08-14T10:07:41.974+0000] {logging_mixin.py:150} INFO - [2025-08-14T10:07:41.974+0000] {dag.py:2742} INFO - Sync 1 DAGs
[2025-08-14T10:07:41.988+0000] {logging_mixin.py:150} INFO - [2025-08-14T10:07:41.988+0000] {dag.py:3504} INFO - Setting next_dagrun for example_params_trigger_ui to None, run_after=None
[2025-08-14T10:07:42.005+0000] {processor.py:179} INFO - Processing /home/vscode/.local/lib/python3.10/site-packages/airflow/example_dags/example_params_trigger_ui.py took 0.077 seconds
[2025-08-14T10:08:30.682+0000] {processor.py:157} INFO - Started process (PID=16230) to work on /home/vscode/.local/lib/python3.10/site-packages/airflow/example_dags/example_params_trigger_ui.py
[2025-08-14T10:08:30.683+0000] {processor.py:826} INFO - Processing file /home/vscode/.local/lib/python3.10/site-packages/airflow/example_dags/example_params_trigger_ui.py for tasks to queue
[2025-08-14T10:08:30.683+0000] {logging_mixin.py:150} INFO - [2025-08-14T10:08:30.683+0000] {dagbag.py:541} INFO - Filling up the DagBag from /home/vscode/.local/lib/python3.10/site-packages/airflow/example_dags/example_params_trigger_ui.py
[2025-08-14T10:08:30.695+0000] {processor.py:836} INFO - DAG(s) dict_keys(['example_params_trigger_ui']) retrieved from /home/vscode/.local/lib/python3.10/site-packages/airflow/example_dags/example_params_trigger_ui.py
[2025-08-14T10:08:30.728+0000] {logging_mixin.py:150} INFO - [2025-08-14T10:08:30.728+0000] {dag.py:2742} INFO - Sync 1 DAGs
[2025-08-14T10:08:30.742+0000] {logging_mixin.py:150} INFO - [2025-08-14T10:08:30.742+0000] {dag.py:3504} INFO - Setting next_dagrun for example_params_trigger_ui to None, run_after=None
[2025-08-14T10:08:30.757+0000] {processor.py:179} INFO - Processing /home/vscode/.local/lib/python3.10/site-packages/airflow/example_dags/example_params_trigger_ui.py took 0.077 seconds
[2025-08-14T10:09:20.482+0000] {processor.py:157} INFO - Started process (PID=16686) to work on /home/vscode/.local/lib/python3.10/site-packages/airflow/example_dags/example_params_trigger_ui.py
[2025-08-14T10:09:20.483+0000] {processor.py:826} INFO - Processing file /home/vscode/.local/lib/python3.10/site-packages/airflow/example_dags/example_params_trigger_ui.py for tasks to queue
[2025-08-14T10:09:20.483+0000] {logging_mixin.py:150} INFO - [2025-08-14T10:09:20.483+0000] {dagbag.py:541} INFO - Filling up the DagBag from /home/vscode/.local/lib/python3.10/site-packages/airflow/example_dags/example_params_trigger_ui.py
[2025-08-14T10:09:20.497+0000] {processor.py:836} INFO - DAG(s) dict_keys(['example_params_trigger_ui']) retrieved from /home/vscode/.local/lib/python3.10/site-packages/airflow/example_dags/example_params_trigger_ui.py
[2025-08-14T10:09:20.529+0000] {logging_mixin.py:150} INFO - [2025-08-14T10:09:20.529+0000] {dag.py:2742} INFO - Sync 1 DAGs
[2025-08-14T10:09:20.544+0000] {logging_mixin.py:150} INFO - [2025-08-14T10:09:20.544+0000] {dag.py:3504} INFO - Setting next_dagrun for example_params_trigger_ui to None, run_after=None
[2025-08-14T10:09:20.560+0000] {processor.py:179} INFO - Processing /home/vscode/.local/lib/python3.10/site-packages/airflow/example_dags/example_params_trigger_ui.py took 0.080 seconds
[2025-08-14T10:10:08.168+0000] {processor.py:157} INFO - Started process (PID=17036) to work on /home/vscode/.local/lib/python3.10/site-packages/airflow/example_dags/example_params_trigger_ui.py
[2025-08-14T10:10:08.168+0000] {processor.py:826} INFO - Processing file /home/vscode/.local/lib/python3.10/site-packages/airflow/example_dags/example_params_trigger_ui.py for tasks to queue
[2025-08-14T10:10:08.169+0000] {logging_mixin.py:150} INFO - [2025-08-14T10:10:08.169+0000] {dagbag.py:541} INFO - Filling up the DagBag from /home/vscode/.local/lib/python3.10/site-packages/airflow/example_dags/example_params_trigger_ui.py
[2025-08-14T10:10:08.182+0000] {processor.py:836} INFO - DAG(s) dict_keys(['example_params_trigger_ui']) retrieved from /home/vscode/.local/lib/python3.10/site-packages/airflow/example_dags/example_params_trigger_ui.py
[2025-08-14T10:10:08.215+0000] {logging_mixin.py:150} INFO - [2025-08-14T10:10:08.215+0000] {dag.py:2742} INFO - Sync 1 DAGs
[2025-08-14T10:10:08.231+0000] {logging_mixin.py:150} INFO - [2025-08-14T10:10:08.231+0000] {dag.py:3504} INFO - Setting next_dagrun for example_params_trigger_ui to None, run_after=None
[2025-08-14T10:10:08.249+0000] {processor.py:179} INFO - Processing /home/vscode/.local/lib/python3.10/site-packages/airflow/example_dags/example_params_trigger_ui.py took 0.083 seconds
[2025-08-14T10:10:53.761+0000] {processor.py:157} INFO - Started process (PID=17386) to work on /home/vscode/.local/lib/python3.10/site-packages/airflow/example_dags/example_params_trigger_ui.py
[2025-08-14T10:10:53.762+0000] {processor.py:826} INFO - Processing file /home/vscode/.local/lib/python3.10/site-packages/airflow/example_dags/example_params_trigger_ui.py for tasks to queue
[2025-08-14T10:10:53.763+0000] {logging_mixin.py:150} INFO - [2025-08-14T10:10:53.763+0000] {dagbag.py:541} INFO - Filling up the DagBag from /home/vscode/.local/lib/python3.10/site-packages/airflow/example_dags/example_params_trigger_ui.py
[2025-08-14T10:10:53.775+0000] {processor.py:836} INFO - DAG(s) dict_keys(['example_params_trigger_ui']) retrieved from /home/vscode/.local/lib/python3.10/site-packages/airflow/example_dags/example_params_trigger_ui.py
[2025-08-14T10:10:53.806+0000] {logging_mixin.py:150} INFO - [2025-08-14T10:10:53.806+0000] {dag.py:2742} INFO - Sync 1 DAGs
[2025-08-14T10:10:53.820+0000] {logging_mixin.py:150} INFO - [2025-08-14T10:10:53.820+0000] {dag.py:3504} INFO - Setting next_dagrun for example_params_trigger_ui to None, run_after=None
[2025-08-14T10:10:53.835+0000] {processor.py:179} INFO - Processing /home/vscode/.local/lib/python3.10/site-packages/airflow/example_dags/example_params_trigger_ui.py took 0.076 seconds
[2025-08-14T10:11:41.657+0000] {processor.py:157} INFO - Started process (PID=17739) to work on /home/vscode/.local/lib/python3.10/site-packages/airflow/example_dags/example_params_trigger_ui.py
[2025-08-14T10:11:41.658+0000] {processor.py:826} INFO - Processing file /home/vscode/.local/lib/python3.10/site-packages/airflow/example_dags/example_params_trigger_ui.py for tasks to queue
[2025-08-14T10:11:41.658+0000] {logging_mixin.py:150} INFO - [2025-08-14T10:11:41.658+0000] {dagbag.py:541} INFO - Filling up the DagBag from /home/vscode/.local/lib/python3.10/site-packages/airflow/example_dags/example_params_trigger_ui.py
[2025-08-14T10:11:41.671+0000] {processor.py:836} INFO - DAG(s) dict_keys(['example_params_trigger_ui']) retrieved from /home/vscode/.local/lib/python3.10/site-packages/airflow/example_dags/example_params_trigger_ui.py
[2025-08-14T10:11:41.701+0000] {logging_mixin.py:150} INFO - [2025-08-14T10:11:41.701+0000] {dag.py:2742} INFO - Sync 1 DAGs
[2025-08-14T10:11:41.715+0000] {logging_mixin.py:150} INFO - [2025-08-14T10:11:41.715+0000] {dag.py:3504} INFO - Setting next_dagrun for example_params_trigger_ui to None, run_after=None
[2025-08-14T10:11:41.732+0000] {processor.py:179} INFO - Processing /home/vscode/.local/lib/python3.10/site-packages/airflow/example_dags/example_params_trigger_ui.py took 0.077 seconds
[2025-08-14T10:12:26.372+0000] {processor.py:157} INFO - Started process (PID=18073) to work on /home/vscode/.local/lib/python3.10/site-packages/airflow/example_dags/example_params_trigger_ui.py
[2025-08-14T10:12:26.372+0000] {processor.py:826} INFO - Processing file /home/vscode/.local/lib/python3.10/site-packages/airflow/example_dags/example_params_trigger_ui.py for tasks to queue
[2025-08-14T10:12:26.373+0000] {logging_mixin.py:150} INFO - [2025-08-14T10:12:26.373+0000] {dagbag.py:541} INFO - Filling up the DagBag from /home/vscode/.local/lib/python3.10/site-packages/airflow/example_dags/example_params_trigger_ui.py
[2025-08-14T10:12:26.390+0000] {processor.py:836} INFO - DAG(s) dict_keys(['example_params_trigger_ui']) retrieved from /home/vscode/.local/lib/python3.10/site-packages/airflow/example_dags/example_params_trigger_ui.py
[2025-08-14T10:12:26.431+0000] {logging_mixin.py:150} INFO - [2025-08-14T10:12:26.431+0000] {dag.py:2742} INFO - Sync 1 DAGs
[2025-08-14T10:12:26.447+0000] {logging_mixin.py:150} INFO - [2025-08-14T10:12:26.447+0000] {dag.py:3504} INFO - Setting next_dagrun for example_params_trigger_ui to None, run_after=None
[2025-08-14T10:12:26.463+0000] {processor.py:179} INFO - Processing /home/vscode/.local/lib/python3.10/site-packages/airflow/example_dags/example_params_trigger_ui.py took 0.095 seconds
[2025-08-14T10:13:14.756+0000] {processor.py:157} INFO - Started process (PID=18432) to work on /home/vscode/.local/lib/python3.10/site-packages/airflow/example_dags/example_params_trigger_ui.py
[2025-08-14T10:13:14.757+0000] {processor.py:826} INFO - Processing file /home/vscode/.local/lib/python3.10/site-packages/airflow/example_dags/example_params_trigger_ui.py for tasks to queue
[2025-08-14T10:13:14.758+0000] {logging_mixin.py:150} INFO - [2025-08-14T10:13:14.757+0000] {dagbag.py:541} INFO - Filling up the DagBag from /home/vscode/.local/lib/python3.10/site-packages/airflow/example_dags/example_params_trigger_ui.py
[2025-08-14T10:13:14.770+0000] {processor.py:836} INFO - DAG(s) dict_keys(['example_params_trigger_ui']) retrieved from /home/vscode/.local/lib/python3.10/site-packages/airflow/example_dags/example_params_trigger_ui.py
[2025-08-14T10:13:14.801+0000] {logging_mixin.py:150} INFO - [2025-08-14T10:13:14.801+0000] {dag.py:2742} INFO - Sync 1 DAGs
[2025-08-14T10:13:14.816+0000] {logging_mixin.py:150} INFO - [2025-08-14T10:13:14.816+0000] {dag.py:3504} INFO - Setting next_dagrun for example_params_trigger_ui to None, run_after=None
[2025-08-14T10:13:14.831+0000] {processor.py:179} INFO - Processing /home/vscode/.local/lib/python3.10/site-packages/airflow/example_dags/example_params_trigger_ui.py took 0.077 seconds
[2025-08-14T10:14:03.572+0000] {processor.py:157} INFO - Started process (PID=18799) to work on /home/vscode/.local/lib/python3.10/site-packages/airflow/example_dags/example_params_trigger_ui.py
[2025-08-14T10:14:03.573+0000] {processor.py:826} INFO - Processing file /home/vscode/.local/lib/python3.10/site-packages/airflow/example_dags/example_params_trigger_ui.py for tasks to queue
[2025-08-14T10:14:03.573+0000] {logging_mixin.py:150} INFO - [2025-08-14T10:14:03.573+0000] {dagbag.py:541} INFO - Filling up the DagBag from /home/vscode/.local/lib/python3.10/site-packages/airflow/example_dags/example_params_trigger_ui.py
[2025-08-14T10:14:03.586+0000] {processor.py:836} INFO - DAG(s) dict_keys(['example_params_trigger_ui']) retrieved from /home/vscode/.local/lib/python3.10/site-packages/airflow/example_dags/example_params_trigger_ui.py
[2025-08-14T10:14:03.616+0000] {logging_mixin.py:150} INFO - [2025-08-14T10:14:03.616+0000] {dag.py:2742} INFO - Sync 1 DAGs
[2025-08-14T10:14:03.630+0000] {logging_mixin.py:150} INFO - [2025-08-14T10:14:03.630+0000] {dag.py:3504} INFO - Setting next_dagrun for example_params_trigger_ui to None, run_after=None
[2025-08-14T10:14:03.645+0000] {processor.py:179} INFO - Processing /home/vscode/.local/lib/python3.10/site-packages/airflow/example_dags/example_params_trigger_ui.py took 0.075 seconds
[2025-08-14T10:14:47.953+0000] {processor.py:157} INFO - Started process (PID=19129) to work on /home/vscode/.local/lib/python3.10/site-packages/airflow/example_dags/example_params_trigger_ui.py
[2025-08-14T10:14:47.954+0000] {processor.py:826} INFO - Processing file /home/vscode/.local/lib/python3.10/site-packages/airflow/example_dags/example_params_trigger_ui.py for tasks to queue
[2025-08-14T10:14:47.954+0000] {logging_mixin.py:150} INFO - [2025-08-14T10:14:47.954+0000] {dagbag.py:541} INFO - Filling up the DagBag from /home/vscode/.local/lib/python3.10/site-packages/airflow/example_dags/example_params_trigger_ui.py
[2025-08-14T10:14:47.966+0000] {processor.py:836} INFO - DAG(s) dict_keys(['example_params_trigger_ui']) retrieved from /home/vscode/.local/lib/python3.10/site-packages/airflow/example_dags/example_params_trigger_ui.py
[2025-08-14T10:14:48.000+0000] {logging_mixin.py:150} INFO - [2025-08-14T10:14:47.999+0000] {dag.py:2742} INFO - Sync 1 DAGs
[2025-08-14T10:14:48.015+0000] {logging_mixin.py:150} INFO - [2025-08-14T10:14:48.014+0000] {dag.py:3504} INFO - Setting next_dagrun for example_params_trigger_ui to None, run_after=None
[2025-08-14T10:14:48.030+0000] {processor.py:179} INFO - Processing /home/vscode/.local/lib/python3.10/site-packages/airflow/example_dags/example_params_trigger_ui.py took 0.079 seconds
[2025-08-14T10:15:31.071+0000] {processor.py:157} INFO - Started process (PID=19448) to work on /home/vscode/.local/lib/python3.10/site-packages/airflow/example_dags/example_params_trigger_ui.py
[2025-08-14T10:15:31.071+0000] {processor.py:826} INFO - Processing file /home/vscode/.local/lib/python3.10/site-packages/airflow/example_dags/example_params_trigger_ui.py for tasks to queue
[2025-08-14T10:15:31.072+0000] {logging_mixin.py:150} INFO - [2025-08-14T10:15:31.072+0000] {dagbag.py:541} INFO - Filling up the DagBag from /home/vscode/.local/lib/python3.10/site-packages/airflow/example_dags/example_params_trigger_ui.py
[2025-08-14T10:15:31.084+0000] {processor.py:836} INFO - DAG(s) dict_keys(['example_params_trigger_ui']) retrieved from /home/vscode/.local/lib/python3.10/site-packages/airflow/example_dags/example_params_trigger_ui.py
[2025-08-14T10:15:31.115+0000] {logging_mixin.py:150} INFO - [2025-08-14T10:15:31.115+0000] {dag.py:2742} INFO - Sync 1 DAGs
[2025-08-14T10:15:31.129+0000] {logging_mixin.py:150} INFO - [2025-08-14T10:15:31.129+0000] {dag.py:3504} INFO - Setting next_dagrun for example_params_trigger_ui to None, run_after=None
[2025-08-14T10:15:31.143+0000] {processor.py:179} INFO - Processing /home/vscode/.local/lib/python3.10/site-packages/airflow/example_dags/example_params_trigger_ui.py took 0.075 seconds
[2025-08-14T10:16:16.474+0000] {processor.py:157} INFO - Started process (PID=19785) to work on /home/vscode/.local/lib/python3.10/site-packages/airflow/example_dags/example_params_trigger_ui.py
[2025-08-14T10:16:16.475+0000] {processor.py:826} INFO - Processing file /home/vscode/.local/lib/python3.10/site-packages/airflow/example_dags/example_params_trigger_ui.py for tasks to queue
[2025-08-14T10:16:16.475+0000] {logging_mixin.py:150} INFO - [2025-08-14T10:16:16.475+0000] {dagbag.py:541} INFO - Filling up the DagBag from /home/vscode/.local/lib/python3.10/site-packages/airflow/example_dags/example_params_trigger_ui.py
[2025-08-14T10:16:16.487+0000] {processor.py:836} INFO - DAG(s) dict_keys(['example_params_trigger_ui']) retrieved from /home/vscode/.local/lib/python3.10/site-packages/airflow/example_dags/example_params_trigger_ui.py
[2025-08-14T10:16:16.517+0000] {logging_mixin.py:150} INFO - [2025-08-14T10:16:16.517+0000] {dag.py:2742} INFO - Sync 1 DAGs
[2025-08-14T10:16:16.530+0000] {logging_mixin.py:150} INFO - [2025-08-14T10:16:16.530+0000] {dag.py:3504} INFO - Setting next_dagrun for example_params_trigger_ui to None, run_after=None
[2025-08-14T10:16:16.545+0000] {processor.py:179} INFO - Processing /home/vscode/.local/lib/python3.10/site-packages/airflow/example_dags/example_params_trigger_ui.py took 0.074 seconds
[2025-08-14T10:17:05.145+0000] {processor.py:157} INFO - Started process (PID=20153) to work on /home/vscode/.local/lib/python3.10/site-packages/airflow/example_dags/example_params_trigger_ui.py
[2025-08-14T10:17:05.145+0000] {processor.py:826} INFO - Processing file /home/vscode/.local/lib/python3.10/site-packages/airflow/example_dags/example_params_trigger_ui.py for tasks to queue
[2025-08-14T10:17:05.146+0000] {logging_mixin.py:150} INFO - [2025-08-14T10:17:05.146+0000] {dagbag.py:541} INFO - Filling up the DagBag from /home/vscode/.local/lib/python3.10/site-packages/airflow/example_dags/example_params_trigger_ui.py
[2025-08-14T10:17:05.157+0000] {processor.py:836} INFO - DAG(s) dict_keys(['example_params_trigger_ui']) retrieved from /home/vscode/.local/lib/python3.10/site-packages/airflow/example_dags/example_params_trigger_ui.py
[2025-08-14T10:17:05.189+0000] {logging_mixin.py:150} INFO - [2025-08-14T10:17:05.188+0000] {dag.py:2742} INFO - Sync 1 DAGs
[2025-08-14T10:17:05.203+0000] {logging_mixin.py:150} INFO - [2025-08-14T10:17:05.203+0000] {dag.py:3504} INFO - Setting next_dagrun for example_params_trigger_ui to None, run_after=None
[2025-08-14T10:17:05.220+0000] {processor.py:179} INFO - Processing /home/vscode/.local/lib/python3.10/site-packages/airflow/example_dags/example_params_trigger_ui.py took 0.078 seconds
[2025-08-14T10:17:54.077+0000] {processor.py:157} INFO - Started process (PID=20500) to work on /home/vscode/.local/lib/python3.10/site-packages/airflow/example_dags/example_params_trigger_ui.py
[2025-08-14T10:17:54.077+0000] {processor.py:826} INFO - Processing file /home/vscode/.local/lib/python3.10/site-packages/airflow/example_dags/example_params_trigger_ui.py for tasks to queue
[2025-08-14T10:17:54.078+0000] {logging_mixin.py:150} INFO - [2025-08-14T10:17:54.078+0000] {dagbag.py:541} INFO - Filling up the DagBag from /home/vscode/.local/lib/python3.10/site-packages/airflow/example_dags/example_params_trigger_ui.py
[2025-08-14T10:17:54.090+0000] {processor.py:836} INFO - DAG(s) dict_keys(['example_params_trigger_ui']) retrieved from /home/vscode/.local/lib/python3.10/site-packages/airflow/example_dags/example_params_trigger_ui.py
[2025-08-14T10:17:54.122+0000] {logging_mixin.py:150} INFO - [2025-08-14T10:17:54.122+0000] {dag.py:2742} INFO - Sync 1 DAGs
[2025-08-14T10:17:54.137+0000] {logging_mixin.py:150} INFO - [2025-08-14T10:17:54.136+0000] {dag.py:3504} INFO - Setting next_dagrun for example_params_trigger_ui to None, run_after=None
[2025-08-14T10:17:54.152+0000] {processor.py:179} INFO - Processing /home/vscode/.local/lib/python3.10/site-packages/airflow/example_dags/example_params_trigger_ui.py took 0.077 seconds
[2025-08-14T10:18:40.027+0000] {processor.py:157} INFO - Started process (PID=20800) to work on /home/vscode/.local/lib/python3.10/site-packages/airflow/example_dags/example_params_trigger_ui.py
[2025-08-14T10:18:40.028+0000] {processor.py:826} INFO - Processing file /home/vscode/.local/lib/python3.10/site-packages/airflow/example_dags/example_params_trigger_ui.py for tasks to queue
[2025-08-14T10:18:40.029+0000] {logging_mixin.py:150} INFO - [2025-08-14T10:18:40.028+0000] {dagbag.py:541} INFO - Filling up the DagBag from /home/vscode/.local/lib/python3.10/site-packages/airflow/example_dags/example_params_trigger_ui.py
[2025-08-14T10:18:40.041+0000] {processor.py:836} INFO - DAG(s) dict_keys(['example_params_trigger_ui']) retrieved from /home/vscode/.local/lib/python3.10/site-packages/airflow/example_dags/example_params_trigger_ui.py
[2025-08-14T10:18:40.071+0000] {logging_mixin.py:150} INFO - [2025-08-14T10:18:40.071+0000] {dag.py:2742} INFO - Sync 1 DAGs
[2025-08-14T10:18:40.085+0000] {logging_mixin.py:150} INFO - [2025-08-14T10:18:40.085+0000] {dag.py:3504} INFO - Setting next_dagrun for example_params_trigger_ui to None, run_after=None
[2025-08-14T10:18:40.100+0000] {processor.py:179} INFO - Processing /home/vscode/.local/lib/python3.10/site-packages/airflow/example_dags/example_params_trigger_ui.py took 0.075 seconds
[2025-08-14T10:19:31.255+0000] {processor.py:157} INFO - Started process (PID=21147) to work on /home/vscode/.local/lib/python3.10/site-packages/airflow/example_dags/example_params_trigger_ui.py
[2025-08-14T10:19:31.256+0000] {processor.py:826} INFO - Processing file /home/vscode/.local/lib/python3.10/site-packages/airflow/example_dags/example_params_trigger_ui.py for tasks to queue
[2025-08-14T10:19:31.256+0000] {logging_mixin.py:150} INFO - [2025-08-14T10:19:31.256+0000] {dagbag.py:541} INFO - Filling up the DagBag from /home/vscode/.local/lib/python3.10/site-packages/airflow/example_dags/example_params_trigger_ui.py
[2025-08-14T10:19:31.269+0000] {processor.py:836} INFO - DAG(s) dict_keys(['example_params_trigger_ui']) retrieved from /home/vscode/.local/lib/python3.10/site-packages/airflow/example_dags/example_params_trigger_ui.py
[2025-08-14T10:19:31.300+0000] {logging_mixin.py:150} INFO - [2025-08-14T10:19:31.299+0000] {dag.py:2742} INFO - Sync 1 DAGs
[2025-08-14T10:19:31.316+0000] {logging_mixin.py:150} INFO - [2025-08-14T10:19:31.315+0000] {dag.py:3504} INFO - Setting next_dagrun for example_params_trigger_ui to None, run_after=None
[2025-08-14T10:19:31.337+0000] {processor.py:179} INFO - Processing /home/vscode/.local/lib/python3.10/site-packages/airflow/example_dags/example_params_trigger_ui.py took 0.084 seconds
[2025-08-14T10:20:14.215+0000] {processor.py:157} INFO - Started process (PID=21485) to work on /home/vscode/.local/lib/python3.10/site-packages/airflow/example_dags/example_params_trigger_ui.py
[2025-08-14T10:20:14.216+0000] {processor.py:826} INFO - Processing file /home/vscode/.local/lib/python3.10/site-packages/airflow/example_dags/example_params_trigger_ui.py for tasks to queue
[2025-08-14T10:20:14.217+0000] {logging_mixin.py:150} INFO - [2025-08-14T10:20:14.216+0000] {dagbag.py:541} INFO - Filling up the DagBag from /home/vscode/.local/lib/python3.10/site-packages/airflow/example_dags/example_params_trigger_ui.py
[2025-08-14T10:20:14.228+0000] {processor.py:836} INFO - DAG(s) dict_keys(['example_params_trigger_ui']) retrieved from /home/vscode/.local/lib/python3.10/site-packages/airflow/example_dags/example_params_trigger_ui.py
[2025-08-14T10:20:14.258+0000] {logging_mixin.py:150} INFO - [2025-08-14T10:20:14.258+0000] {dag.py:2742} INFO - Sync 1 DAGs
[2025-08-14T10:20:14.272+0000] {logging_mixin.py:150} INFO - [2025-08-14T10:20:14.272+0000] {dag.py:3504} INFO - Setting next_dagrun for example_params_trigger_ui to None, run_after=None
[2025-08-14T10:20:14.288+0000] {processor.py:179} INFO - Processing /home/vscode/.local/lib/python3.10/site-packages/airflow/example_dags/example_params_trigger_ui.py took 0.075 seconds
[2025-08-14T10:21:01.722+0000] {processor.py:157} INFO - Started process (PID=21808) to work on /home/vscode/.local/lib/python3.10/site-packages/airflow/example_dags/example_params_trigger_ui.py
[2025-08-14T10:21:01.722+0000] {processor.py:826} INFO - Processing file /home/vscode/.local/lib/python3.10/site-packages/airflow/example_dags/example_params_trigger_ui.py for tasks to queue
[2025-08-14T10:21:01.723+0000] {logging_mixin.py:150} INFO - [2025-08-14T10:21:01.723+0000] {dagbag.py:541} INFO - Filling up the DagBag from /home/vscode/.local/lib/python3.10/site-packages/airflow/example_dags/example_params_trigger_ui.py
[2025-08-14T10:21:01.735+0000] {processor.py:836} INFO - DAG(s) dict_keys(['example_params_trigger_ui']) retrieved from /home/vscode/.local/lib/python3.10/site-packages/airflow/example_dags/example_params_trigger_ui.py
[2025-08-14T10:21:01.765+0000] {logging_mixin.py:150} INFO - [2025-08-14T10:21:01.765+0000] {dag.py:2742} INFO - Sync 1 DAGs
[2025-08-14T10:21:01.779+0000] {logging_mixin.py:150} INFO - [2025-08-14T10:21:01.779+0000] {dag.py:3504} INFO - Setting next_dagrun for example_params_trigger_ui to None, run_after=None
[2025-08-14T10:21:01.794+0000] {processor.py:179} INFO - Processing /home/vscode/.local/lib/python3.10/site-packages/airflow/example_dags/example_params_trigger_ui.py took 0.074 seconds
[2025-08-14T10:21:51.389+0000] {processor.py:157} INFO - Started process (PID=22142) to work on /home/vscode/.local/lib/python3.10/site-packages/airflow/example_dags/example_params_trigger_ui.py
[2025-08-14T10:21:51.390+0000] {processor.py:826} INFO - Processing file /home/vscode/.local/lib/python3.10/site-packages/airflow/example_dags/example_params_trigger_ui.py for tasks to queue
[2025-08-14T10:21:51.390+0000] {logging_mixin.py:150} INFO - [2025-08-14T10:21:51.390+0000] {dagbag.py:541} INFO - Filling up the DagBag from /home/vscode/.local/lib/python3.10/site-packages/airflow/example_dags/example_params_trigger_ui.py
[2025-08-14T10:21:51.403+0000] {processor.py:836} INFO - DAG(s) dict_keys(['example_params_trigger_ui']) retrieved from /home/vscode/.local/lib/python3.10/site-packages/airflow/example_dags/example_params_trigger_ui.py
[2025-08-14T10:21:51.435+0000] {logging_mixin.py:150} INFO - [2025-08-14T10:21:51.435+0000] {dag.py:2742} INFO - Sync 1 DAGs
[2025-08-14T10:21:51.449+0000] {logging_mixin.py:150} INFO - [2025-08-14T10:21:51.449+0000] {dag.py:3504} INFO - Setting next_dagrun for example_params_trigger_ui to None, run_after=None
[2025-08-14T10:21:51.466+0000] {processor.py:179} INFO - Processing /home/vscode/.local/lib/python3.10/site-packages/airflow/example_dags/example_params_trigger_ui.py took 0.079 seconds
[2025-08-14T10:22:39.385+0000] {processor.py:157} INFO - Started process (PID=22461) to work on /home/vscode/.local/lib/python3.10/site-packages/airflow/example_dags/example_params_trigger_ui.py
[2025-08-14T10:22:39.386+0000] {processor.py:826} INFO - Processing file /home/vscode/.local/lib/python3.10/site-packages/airflow/example_dags/example_params_trigger_ui.py for tasks to queue
[2025-08-14T10:22:39.386+0000] {logging_mixin.py:150} INFO - [2025-08-14T10:22:39.386+0000] {dagbag.py:541} INFO - Filling up the DagBag from /home/vscode/.local/lib/python3.10/site-packages/airflow/example_dags/example_params_trigger_ui.py
[2025-08-14T10:22:39.399+0000] {processor.py:836} INFO - DAG(s) dict_keys(['example_params_trigger_ui']) retrieved from /home/vscode/.local/lib/python3.10/site-packages/airflow/example_dags/example_params_trigger_ui.py
[2025-08-14T10:22:39.429+0000] {logging_mixin.py:150} INFO - [2025-08-14T10:22:39.429+0000] {dag.py:2742} INFO - Sync 1 DAGs
[2025-08-14T10:22:39.444+0000] {logging_mixin.py:150} INFO - [2025-08-14T10:22:39.444+0000] {dag.py:3504} INFO - Setting next_dagrun for example_params_trigger_ui to None, run_after=None
[2025-08-14T10:22:39.459+0000] {processor.py:179} INFO - Processing /home/vscode/.local/lib/python3.10/site-packages/airflow/example_dags/example_params_trigger_ui.py took 0.076 seconds
[2025-08-14T10:23:23.474+0000] {processor.py:157} INFO - Started process (PID=22755) to work on /home/vscode/.local/lib/python3.10/site-packages/airflow/example_dags/example_params_trigger_ui.py
[2025-08-14T10:23:23.475+0000] {processor.py:826} INFO - Processing file /home/vscode/.local/lib/python3.10/site-packages/airflow/example_dags/example_params_trigger_ui.py for tasks to queue
[2025-08-14T10:23:23.476+0000] {logging_mixin.py:150} INFO - [2025-08-14T10:23:23.475+0000] {dagbag.py:541} INFO - Filling up the DagBag from /home/vscode/.local/lib/python3.10/site-packages/airflow/example_dags/example_params_trigger_ui.py
[2025-08-14T10:23:23.490+0000] {processor.py:836} INFO - DAG(s) dict_keys(['example_params_trigger_ui']) retrieved from /home/vscode/.local/lib/python3.10/site-packages/airflow/example_dags/example_params_trigger_ui.py
[2025-08-14T10:23:23.520+0000] {logging_mixin.py:150} INFO - [2025-08-14T10:23:23.520+0000] {dag.py:2742} INFO - Sync 1 DAGs
[2025-08-14T10:23:23.535+0000] {logging_mixin.py:150} INFO - [2025-08-14T10:23:23.535+0000] {dag.py:3504} INFO - Setting next_dagrun for example_params_trigger_ui to None, run_after=None
[2025-08-14T10:23:23.551+0000] {processor.py:179} INFO - Processing /home/vscode/.local/lib/python3.10/site-packages/airflow/example_dags/example_params_trigger_ui.py took 0.079 seconds
[2025-08-14T10:24:10.012+0000] {processor.py:157} INFO - Started process (PID=23074) to work on /home/vscode/.local/lib/python3.10/site-packages/airflow/example_dags/example_params_trigger_ui.py
[2025-08-14T10:24:10.012+0000] {processor.py:826} INFO - Processing file /home/vscode/.local/lib/python3.10/site-packages/airflow/example_dags/example_params_trigger_ui.py for tasks to queue
[2025-08-14T10:24:10.013+0000] {logging_mixin.py:150} INFO - [2025-08-14T10:24:10.013+0000] {dagbag.py:541} INFO - Filling up the DagBag from /home/vscode/.local/lib/python3.10/site-packages/airflow/example_dags/example_params_trigger_ui.py
[2025-08-14T10:24:10.025+0000] {processor.py:836} INFO - DAG(s) dict_keys(['example_params_trigger_ui']) retrieved from /home/vscode/.local/lib/python3.10/site-packages/airflow/example_dags/example_params_trigger_ui.py
[2025-08-14T10:24:10.057+0000] {logging_mixin.py:150} INFO - [2025-08-14T10:24:10.057+0000] {dag.py:2742} INFO - Sync 1 DAGs
[2025-08-14T10:24:10.071+0000] {logging_mixin.py:150} INFO - [2025-08-14T10:24:10.071+0000] {dag.py:3504} INFO - Setting next_dagrun for example_params_trigger_ui to None, run_after=None
[2025-08-14T10:24:10.087+0000] {processor.py:179} INFO - Processing /home/vscode/.local/lib/python3.10/site-packages/airflow/example_dags/example_params_trigger_ui.py took 0.078 seconds
[2025-08-14T10:24:56.891+0000] {processor.py:157} INFO - Started process (PID=23412) to work on /home/vscode/.local/lib/python3.10/site-packages/airflow/example_dags/example_params_trigger_ui.py
[2025-08-14T10:24:56.891+0000] {processor.py:826} INFO - Processing file /home/vscode/.local/lib/python3.10/site-packages/airflow/example_dags/example_params_trigger_ui.py for tasks to queue
[2025-08-14T10:24:56.892+0000] {logging_mixin.py:150} INFO - [2025-08-14T10:24:56.892+0000] {dagbag.py:541} INFO - Filling up the DagBag from /home/vscode/.local/lib/python3.10/site-packages/airflow/example_dags/example_params_trigger_ui.py
[2025-08-14T10:24:56.905+0000] {processor.py:836} INFO - DAG(s) dict_keys(['example_params_trigger_ui']) retrieved from /home/vscode/.local/lib/python3.10/site-packages/airflow/example_dags/example_params_trigger_ui.py
[2025-08-14T10:24:56.935+0000] {logging_mixin.py:150} INFO - [2025-08-14T10:24:56.935+0000] {dag.py:2742} INFO - Sync 1 DAGs
[2025-08-14T10:24:56.950+0000] {logging_mixin.py:150} INFO - [2025-08-14T10:24:56.950+0000] {dag.py:3504} INFO - Setting next_dagrun for example_params_trigger_ui to None, run_after=None
[2025-08-14T10:24:56.965+0000] {processor.py:179} INFO - Processing /home/vscode/.local/lib/python3.10/site-packages/airflow/example_dags/example_params_trigger_ui.py took 0.077 seconds
[2025-08-14T10:25:41.449+0000] {processor.py:157} INFO - Started process (PID=23707) to work on /home/vscode/.local/lib/python3.10/site-packages/airflow/example_dags/example_params_trigger_ui.py
[2025-08-14T10:25:41.450+0000] {processor.py:826} INFO - Processing file /home/vscode/.local/lib/python3.10/site-packages/airflow/example_dags/example_params_trigger_ui.py for tasks to queue
[2025-08-14T10:25:41.450+0000] {logging_mixin.py:150} INFO - [2025-08-14T10:25:41.450+0000] {dagbag.py:541} INFO - Filling up the DagBag from /home/vscode/.local/lib/python3.10/site-packages/airflow/example_dags/example_params_trigger_ui.py
[2025-08-14T10:25:41.462+0000] {processor.py:836} INFO - DAG(s) dict_keys(['example_params_trigger_ui']) retrieved from /home/vscode/.local/lib/python3.10/site-packages/airflow/example_dags/example_params_trigger_ui.py
[2025-08-14T10:25:41.492+0000] {logging_mixin.py:150} INFO - [2025-08-14T10:25:41.492+0000] {dag.py:2742} INFO - Sync 1 DAGs
[2025-08-14T10:25:41.506+0000] {logging_mixin.py:150} INFO - [2025-08-14T10:25:41.506+0000] {dag.py:3504} INFO - Setting next_dagrun for example_params_trigger_ui to None, run_after=None
[2025-08-14T10:25:41.521+0000] {processor.py:179} INFO - Processing /home/vscode/.local/lib/python3.10/site-packages/airflow/example_dags/example_params_trigger_ui.py took 0.075 seconds
[2025-08-14T10:26:26.778+0000] {processor.py:157} INFO - Started process (PID=24007) to work on /home/vscode/.local/lib/python3.10/site-packages/airflow/example_dags/example_params_trigger_ui.py
[2025-08-14T10:26:26.779+0000] {processor.py:826} INFO - Processing file /home/vscode/.local/lib/python3.10/site-packages/airflow/example_dags/example_params_trigger_ui.py for tasks to queue
[2025-08-14T10:26:26.779+0000] {logging_mixin.py:150} INFO - [2025-08-14T10:26:26.779+0000] {dagbag.py:541} INFO - Filling up the DagBag from /home/vscode/.local/lib/python3.10/site-packages/airflow/example_dags/example_params_trigger_ui.py
[2025-08-14T10:26:26.793+0000] {processor.py:836} INFO - DAG(s) dict_keys(['example_params_trigger_ui']) retrieved from /home/vscode/.local/lib/python3.10/site-packages/airflow/example_dags/example_params_trigger_ui.py
[2025-08-14T10:26:26.848+0000] {logging_mixin.py:150} INFO - [2025-08-14T10:26:26.848+0000] {dag.py:2742} INFO - Sync 1 DAGs
[2025-08-14T10:26:26.869+0000] {logging_mixin.py:150} INFO - [2025-08-14T10:26:26.869+0000] {dag.py:3504} INFO - Setting next_dagrun for example_params_trigger_ui to None, run_after=None
[2025-08-14T10:26:26.890+0000] {processor.py:179} INFO - Processing /home/vscode/.local/lib/python3.10/site-packages/airflow/example_dags/example_params_trigger_ui.py took 0.114 seconds
[2025-08-14T10:27:12.718+0000] {processor.py:157} INFO - Started process (PID=24320) to work on /home/vscode/.local/lib/python3.10/site-packages/airflow/example_dags/example_params_trigger_ui.py
[2025-08-14T10:27:12.719+0000] {processor.py:826} INFO - Processing file /home/vscode/.local/lib/python3.10/site-packages/airflow/example_dags/example_params_trigger_ui.py for tasks to queue
[2025-08-14T10:27:12.720+0000] {logging_mixin.py:150} INFO - [2025-08-14T10:27:12.719+0000] {dagbag.py:541} INFO - Filling up the DagBag from /home/vscode/.local/lib/python3.10/site-packages/airflow/example_dags/example_params_trigger_ui.py
[2025-08-14T10:27:12.732+0000] {processor.py:836} INFO - DAG(s) dict_keys(['example_params_trigger_ui']) retrieved from /home/vscode/.local/lib/python3.10/site-packages/airflow/example_dags/example_params_trigger_ui.py
[2025-08-14T10:27:12.763+0000] {logging_mixin.py:150} INFO - [2025-08-14T10:27:12.763+0000] {dag.py:2742} INFO - Sync 1 DAGs
[2025-08-14T10:27:12.777+0000] {logging_mixin.py:150} INFO - [2025-08-14T10:27:12.777+0000] {dag.py:3504} INFO - Setting next_dagrun for example_params_trigger_ui to None, run_after=None
[2025-08-14T10:27:12.792+0000] {processor.py:179} INFO - Processing /home/vscode/.local/lib/python3.10/site-packages/airflow/example_dags/example_params_trigger_ui.py took 0.076 seconds
[2025-08-14T10:27:59.054+0000] {processor.py:157} INFO - Started process (PID=24625) to work on /home/vscode/.local/lib/python3.10/site-packages/airflow/example_dags/example_params_trigger_ui.py
[2025-08-14T10:27:59.055+0000] {processor.py:826} INFO - Processing file /home/vscode/.local/lib/python3.10/site-packages/airflow/example_dags/example_params_trigger_ui.py for tasks to queue
[2025-08-14T10:27:59.056+0000] {logging_mixin.py:150} INFO - [2025-08-14T10:27:59.055+0000] {dagbag.py:541} INFO - Filling up the DagBag from /home/vscode/.local/lib/python3.10/site-packages/airflow/example_dags/example_params_trigger_ui.py
[2025-08-14T10:27:59.070+0000] {processor.py:836} INFO - DAG(s) dict_keys(['example_params_trigger_ui']) retrieved from /home/vscode/.local/lib/python3.10/site-packages/airflow/example_dags/example_params_trigger_ui.py
[2025-08-14T10:27:59.127+0000] {logging_mixin.py:150} INFO - [2025-08-14T10:27:59.127+0000] {dag.py:2742} INFO - Sync 1 DAGs
[2025-08-14T10:27:59.149+0000] {logging_mixin.py:150} INFO - [2025-08-14T10:27:59.148+0000] {dag.py:3504} INFO - Setting next_dagrun for example_params_trigger_ui to None, run_after=None
[2025-08-14T10:27:59.166+0000] {processor.py:179} INFO - Processing /home/vscode/.local/lib/python3.10/site-packages/airflow/example_dags/example_params_trigger_ui.py took 0.114 seconds
[2025-08-14T10:28:47.294+0000] {processor.py:157} INFO - Started process (PID=24944) to work on /home/vscode/.local/lib/python3.10/site-packages/airflow/example_dags/example_params_trigger_ui.py
[2025-08-14T10:28:47.294+0000] {processor.py:826} INFO - Processing file /home/vscode/.local/lib/python3.10/site-packages/airflow/example_dags/example_params_trigger_ui.py for tasks to queue
[2025-08-14T10:28:47.295+0000] {logging_mixin.py:150} INFO - [2025-08-14T10:28:47.295+0000] {dagbag.py:541} INFO - Filling up the DagBag from /home/vscode/.local/lib/python3.10/site-packages/airflow/example_dags/example_params_trigger_ui.py
[2025-08-14T10:28:47.307+0000] {processor.py:836} INFO - DAG(s) dict_keys(['example_params_trigger_ui']) retrieved from /home/vscode/.local/lib/python3.10/site-packages/airflow/example_dags/example_params_trigger_ui.py
[2025-08-14T10:28:47.337+0000] {logging_mixin.py:150} INFO - [2025-08-14T10:28:47.337+0000] {dag.py:2742} INFO - Sync 1 DAGs
[2025-08-14T10:28:47.350+0000] {logging_mixin.py:150} INFO - [2025-08-14T10:28:47.350+0000] {dag.py:3504} INFO - Setting next_dagrun for example_params_trigger_ui to None, run_after=None
[2025-08-14T10:28:47.366+0000] {processor.py:179} INFO - Processing /home/vscode/.local/lib/python3.10/site-packages/airflow/example_dags/example_params_trigger_ui.py took 0.075 seconds
[2025-08-14T10:29:33.897+0000] {processor.py:157} INFO - Started process (PID=25255) to work on /home/vscode/.local/lib/python3.10/site-packages/airflow/example_dags/example_params_trigger_ui.py
[2025-08-14T10:29:33.898+0000] {processor.py:826} INFO - Processing file /home/vscode/.local/lib/python3.10/site-packages/airflow/example_dags/example_params_trigger_ui.py for tasks to queue
[2025-08-14T10:29:33.899+0000] {logging_mixin.py:150} INFO - [2025-08-14T10:29:33.898+0000] {dagbag.py:541} INFO - Filling up the DagBag from /home/vscode/.local/lib/python3.10/site-packages/airflow/example_dags/example_params_trigger_ui.py
[2025-08-14T10:29:33.910+0000] {processor.py:836} INFO - DAG(s) dict_keys(['example_params_trigger_ui']) retrieved from /home/vscode/.local/lib/python3.10/site-packages/airflow/example_dags/example_params_trigger_ui.py
[2025-08-14T10:29:33.940+0000] {logging_mixin.py:150} INFO - [2025-08-14T10:29:33.940+0000] {dag.py:2742} INFO - Sync 1 DAGs
[2025-08-14T10:29:33.955+0000] {logging_mixin.py:150} INFO - [2025-08-14T10:29:33.955+0000] {dag.py:3504} INFO - Setting next_dagrun for example_params_trigger_ui to None, run_after=None
[2025-08-14T10:29:33.974+0000] {processor.py:179} INFO - Processing /home/vscode/.local/lib/python3.10/site-packages/airflow/example_dags/example_params_trigger_ui.py took 0.079 seconds
[2025-08-14T10:30:19.012+0000] {processor.py:157} INFO - Started process (PID=25557) to work on /home/vscode/.local/lib/python3.10/site-packages/airflow/example_dags/example_params_trigger_ui.py
[2025-08-14T10:30:19.013+0000] {processor.py:826} INFO - Processing file /home/vscode/.local/lib/python3.10/site-packages/airflow/example_dags/example_params_trigger_ui.py for tasks to queue
[2025-08-14T10:30:19.014+0000] {logging_mixin.py:150} INFO - [2025-08-14T10:30:19.013+0000] {dagbag.py:541} INFO - Filling up the DagBag from /home/vscode/.local/lib/python3.10/site-packages/airflow/example_dags/example_params_trigger_ui.py
[2025-08-14T10:30:19.025+0000] {processor.py:836} INFO - DAG(s) dict_keys(['example_params_trigger_ui']) retrieved from /home/vscode/.local/lib/python3.10/site-packages/airflow/example_dags/example_params_trigger_ui.py
[2025-08-14T10:30:19.071+0000] {logging_mixin.py:150} INFO - [2025-08-14T10:30:19.070+0000] {dag.py:2742} INFO - Sync 1 DAGs
[2025-08-14T10:30:19.090+0000] {logging_mixin.py:150} INFO - [2025-08-14T10:30:19.090+0000] {dag.py:3504} INFO - Setting next_dagrun for example_params_trigger_ui to None, run_after=None
[2025-08-14T10:30:19.111+0000] {processor.py:179} INFO - Processing /home/vscode/.local/lib/python3.10/site-packages/airflow/example_dags/example_params_trigger_ui.py took 0.101 seconds
[2025-08-14T10:31:06.910+0000] {processor.py:157} INFO - Started process (PID=25880) to work on /home/vscode/.local/lib/python3.10/site-packages/airflow/example_dags/example_params_trigger_ui.py
[2025-08-14T10:31:06.910+0000] {processor.py:826} INFO - Processing file /home/vscode/.local/lib/python3.10/site-packages/airflow/example_dags/example_params_trigger_ui.py for tasks to queue
[2025-08-14T10:31:06.911+0000] {logging_mixin.py:150} INFO - [2025-08-14T10:31:06.910+0000] {dagbag.py:541} INFO - Filling up the DagBag from /home/vscode/.local/lib/python3.10/site-packages/airflow/example_dags/example_params_trigger_ui.py
[2025-08-14T10:31:06.922+0000] {processor.py:836} INFO - DAG(s) dict_keys(['example_params_trigger_ui']) retrieved from /home/vscode/.local/lib/python3.10/site-packages/airflow/example_dags/example_params_trigger_ui.py
[2025-08-14T10:31:06.953+0000] {logging_mixin.py:150} INFO - [2025-08-14T10:31:06.953+0000] {dag.py:2742} INFO - Sync 1 DAGs
[2025-08-14T10:31:06.966+0000] {logging_mixin.py:150} INFO - [2025-08-14T10:31:06.966+0000] {dag.py:3504} INFO - Setting next_dagrun for example_params_trigger_ui to None, run_after=None
[2025-08-14T10:31:06.982+0000] {processor.py:179} INFO - Processing /home/vscode/.local/lib/python3.10/site-packages/airflow/example_dags/example_params_trigger_ui.py took 0.075 seconds
[2025-08-14T10:31:50.405+0000] {processor.py:157} INFO - Started process (PID=26174) to work on /home/vscode/.local/lib/python3.10/site-packages/airflow/example_dags/example_params_trigger_ui.py
[2025-08-14T10:31:50.406+0000] {processor.py:826} INFO - Processing file /home/vscode/.local/lib/python3.10/site-packages/airflow/example_dags/example_params_trigger_ui.py for tasks to queue
[2025-08-14T10:31:50.406+0000] {logging_mixin.py:150} INFO - [2025-08-14T10:31:50.406+0000] {dagbag.py:541} INFO - Filling up the DagBag from /home/vscode/.local/lib/python3.10/site-packages/airflow/example_dags/example_params_trigger_ui.py
[2025-08-14T10:31:50.418+0000] {processor.py:836} INFO - DAG(s) dict_keys(['example_params_trigger_ui']) retrieved from /home/vscode/.local/lib/python3.10/site-packages/airflow/example_dags/example_params_trigger_ui.py
[2025-08-14T10:31:50.448+0000] {logging_mixin.py:150} INFO - [2025-08-14T10:31:50.448+0000] {dag.py:2742} INFO - Sync 1 DAGs
[2025-08-14T10:31:50.462+0000] {logging_mixin.py:150} INFO - [2025-08-14T10:31:50.461+0000] {dag.py:3504} INFO - Setting next_dagrun for example_params_trigger_ui to None, run_after=None
[2025-08-14T10:31:50.477+0000] {processor.py:179} INFO - Processing /home/vscode/.local/lib/python3.10/site-packages/airflow/example_dags/example_params_trigger_ui.py took 0.074 seconds
[2025-08-14T10:32:34.346+0000] {processor.py:157} INFO - Started process (PID=26462) to work on /home/vscode/.local/lib/python3.10/site-packages/airflow/example_dags/example_params_trigger_ui.py
[2025-08-14T10:32:34.346+0000] {processor.py:826} INFO - Processing file /home/vscode/.local/lib/python3.10/site-packages/airflow/example_dags/example_params_trigger_ui.py for tasks to queue
[2025-08-14T10:32:34.347+0000] {logging_mixin.py:150} INFO - [2025-08-14T10:32:34.346+0000] {dagbag.py:541} INFO - Filling up the DagBag from /home/vscode/.local/lib/python3.10/site-packages/airflow/example_dags/example_params_trigger_ui.py
[2025-08-14T10:32:34.358+0000] {processor.py:836} INFO - DAG(s) dict_keys(['example_params_trigger_ui']) retrieved from /home/vscode/.local/lib/python3.10/site-packages/airflow/example_dags/example_params_trigger_ui.py
[2025-08-14T10:32:34.388+0000] {logging_mixin.py:150} INFO - [2025-08-14T10:32:34.388+0000] {dag.py:2742} INFO - Sync 1 DAGs
[2025-08-14T10:32:34.402+0000] {logging_mixin.py:150} INFO - [2025-08-14T10:32:34.402+0000] {dag.py:3504} INFO - Setting next_dagrun for example_params_trigger_ui to None, run_after=None
[2025-08-14T10:32:34.417+0000] {processor.py:179} INFO - Processing /home/vscode/.local/lib/python3.10/site-packages/airflow/example_dags/example_params_trigger_ui.py took 0.073 seconds
[2025-08-14T10:33:24.608+0000] {processor.py:157} INFO - Started process (PID=26914) to work on /home/vscode/.local/lib/python3.10/site-packages/airflow/example_dags/example_params_trigger_ui.py
[2025-08-14T10:33:24.609+0000] {processor.py:826} INFO - Processing file /home/vscode/.local/lib/python3.10/site-packages/airflow/example_dags/example_params_trigger_ui.py for tasks to queue
[2025-08-14T10:33:24.609+0000] {logging_mixin.py:150} INFO - [2025-08-14T10:33:24.609+0000] {dagbag.py:541} INFO - Filling up the DagBag from /home/vscode/.local/lib/python3.10/site-packages/airflow/example_dags/example_params_trigger_ui.py
[2025-08-14T10:33:24.630+0000] {processor.py:836} INFO - DAG(s) dict_keys(['example_params_trigger_ui']) retrieved from /home/vscode/.local/lib/python3.10/site-packages/airflow/example_dags/example_params_trigger_ui.py
[2025-08-14T10:33:24.666+0000] {logging_mixin.py:150} INFO - [2025-08-14T10:33:24.666+0000] {dag.py:2742} INFO - Sync 1 DAGs
[2025-08-14T10:33:24.681+0000] {logging_mixin.py:150} INFO - [2025-08-14T10:33:24.681+0000] {dag.py:3504} INFO - Setting next_dagrun for example_params_trigger_ui to None, run_after=None
[2025-08-14T10:33:24.696+0000] {processor.py:179} INFO - Processing /home/vscode/.local/lib/python3.10/site-packages/airflow/example_dags/example_params_trigger_ui.py took 0.091 seconds
[2025-08-14T10:34:08.020+0000] {processor.py:157} INFO - Started process (PID=27215) to work on /home/vscode/.local/lib/python3.10/site-packages/airflow/example_dags/example_params_trigger_ui.py
[2025-08-14T10:34:08.020+0000] {processor.py:826} INFO - Processing file /home/vscode/.local/lib/python3.10/site-packages/airflow/example_dags/example_params_trigger_ui.py for tasks to queue
[2025-08-14T10:34:08.021+0000] {logging_mixin.py:150} INFO - [2025-08-14T10:34:08.021+0000] {dagbag.py:541} INFO - Filling up the DagBag from /home/vscode/.local/lib/python3.10/site-packages/airflow/example_dags/example_params_trigger_ui.py
[2025-08-14T10:34:08.033+0000] {processor.py:836} INFO - DAG(s) dict_keys(['example_params_trigger_ui']) retrieved from /home/vscode/.local/lib/python3.10/site-packages/airflow/example_dags/example_params_trigger_ui.py
[2025-08-14T10:34:08.064+0000] {logging_mixin.py:150} INFO - [2025-08-14T10:34:08.064+0000] {dag.py:2742} INFO - Sync 1 DAGs
[2025-08-14T10:34:08.079+0000] {logging_mixin.py:150} INFO - [2025-08-14T10:34:08.078+0000] {dag.py:3504} INFO - Setting next_dagrun for example_params_trigger_ui to None, run_after=None
[2025-08-14T10:34:08.095+0000] {processor.py:179} INFO - Processing /home/vscode/.local/lib/python3.10/site-packages/airflow/example_dags/example_params_trigger_ui.py took 0.078 seconds
[2025-08-14T10:34:56.279+0000] {processor.py:157} INFO - Started process (PID=27534) to work on /home/vscode/.local/lib/python3.10/site-packages/airflow/example_dags/example_params_trigger_ui.py
[2025-08-14T10:34:56.279+0000] {processor.py:826} INFO - Processing file /home/vscode/.local/lib/python3.10/site-packages/airflow/example_dags/example_params_trigger_ui.py for tasks to queue
[2025-08-14T10:34:56.280+0000] {logging_mixin.py:150} INFO - [2025-08-14T10:34:56.280+0000] {dagbag.py:541} INFO - Filling up the DagBag from /home/vscode/.local/lib/python3.10/site-packages/airflow/example_dags/example_params_trigger_ui.py
[2025-08-14T10:34:56.292+0000] {processor.py:836} INFO - DAG(s) dict_keys(['example_params_trigger_ui']) retrieved from /home/vscode/.local/lib/python3.10/site-packages/airflow/example_dags/example_params_trigger_ui.py
[2025-08-14T10:34:56.323+0000] {logging_mixin.py:150} INFO - [2025-08-14T10:34:56.323+0000] {dag.py:2742} INFO - Sync 1 DAGs
[2025-08-14T10:34:56.337+0000] {logging_mixin.py:150} INFO - [2025-08-14T10:34:56.337+0000] {dag.py:3504} INFO - Setting next_dagrun for example_params_trigger_ui to None, run_after=None
[2025-08-14T10:34:56.352+0000] {processor.py:179} INFO - Processing /home/vscode/.local/lib/python3.10/site-packages/airflow/example_dags/example_params_trigger_ui.py took 0.075 seconds
[2025-08-14T10:35:41.706+0000] {processor.py:157} INFO - Started process (PID=27842) to work on /home/vscode/.local/lib/python3.10/site-packages/airflow/example_dags/example_params_trigger_ui.py
[2025-08-14T10:35:41.707+0000] {processor.py:826} INFO - Processing file /home/vscode/.local/lib/python3.10/site-packages/airflow/example_dags/example_params_trigger_ui.py for tasks to queue
[2025-08-14T10:35:41.707+0000] {logging_mixin.py:150} INFO - [2025-08-14T10:35:41.707+0000] {dagbag.py:541} INFO - Filling up the DagBag from /home/vscode/.local/lib/python3.10/site-packages/airflow/example_dags/example_params_trigger_ui.py
[2025-08-14T10:35:41.720+0000] {processor.py:836} INFO - DAG(s) dict_keys(['example_params_trigger_ui']) retrieved from /home/vscode/.local/lib/python3.10/site-packages/airflow/example_dags/example_params_trigger_ui.py
[2025-08-14T10:35:41.751+0000] {logging_mixin.py:150} INFO - [2025-08-14T10:35:41.751+0000] {dag.py:2742} INFO - Sync 1 DAGs
[2025-08-14T10:35:41.766+0000] {logging_mixin.py:150} INFO - [2025-08-14T10:35:41.765+0000] {dag.py:3504} INFO - Setting next_dagrun for example_params_trigger_ui to None, run_after=None
[2025-08-14T10:35:41.781+0000] {processor.py:179} INFO - Processing /home/vscode/.local/lib/python3.10/site-packages/airflow/example_dags/example_params_trigger_ui.py took 0.077 seconds
[2025-08-14T10:36:28.260+0000] {processor.py:157} INFO - Started process (PID=28140) to work on /home/vscode/.local/lib/python3.10/site-packages/airflow/example_dags/example_params_trigger_ui.py
[2025-08-14T10:36:28.261+0000] {processor.py:826} INFO - Processing file /home/vscode/.local/lib/python3.10/site-packages/airflow/example_dags/example_params_trigger_ui.py for tasks to queue
[2025-08-14T10:36:28.261+0000] {logging_mixin.py:150} INFO - [2025-08-14T10:36:28.261+0000] {dagbag.py:541} INFO - Filling up the DagBag from /home/vscode/.local/lib/python3.10/site-packages/airflow/example_dags/example_params_trigger_ui.py
[2025-08-14T10:36:28.273+0000] {processor.py:836} INFO - DAG(s) dict_keys(['example_params_trigger_ui']) retrieved from /home/vscode/.local/lib/python3.10/site-packages/airflow/example_dags/example_params_trigger_ui.py
[2025-08-14T10:36:28.303+0000] {logging_mixin.py:150} INFO - [2025-08-14T10:36:28.303+0000] {dag.py:2742} INFO - Sync 1 DAGs
[2025-08-14T10:36:28.316+0000] {logging_mixin.py:150} INFO - [2025-08-14T10:36:28.316+0000] {dag.py:3504} INFO - Setting next_dagrun for example_params_trigger_ui to None, run_after=None
[2025-08-14T10:36:28.331+0000] {processor.py:179} INFO - Processing /home/vscode/.local/lib/python3.10/site-packages/airflow/example_dags/example_params_trigger_ui.py took 0.073 seconds
[2025-08-14T10:37:14.778+0000] {processor.py:157} INFO - Started process (PID=28457) to work on /home/vscode/.local/lib/python3.10/site-packages/airflow/example_dags/example_params_trigger_ui.py
[2025-08-14T10:37:14.778+0000] {processor.py:826} INFO - Processing file /home/vscode/.local/lib/python3.10/site-packages/airflow/example_dags/example_params_trigger_ui.py for tasks to queue
[2025-08-14T10:37:14.779+0000] {logging_mixin.py:150} INFO - [2025-08-14T10:37:14.779+0000] {dagbag.py:541} INFO - Filling up the DagBag from /home/vscode/.local/lib/python3.10/site-packages/airflow/example_dags/example_params_trigger_ui.py
[2025-08-14T10:37:14.792+0000] {processor.py:836} INFO - DAG(s) dict_keys(['example_params_trigger_ui']) retrieved from /home/vscode/.local/lib/python3.10/site-packages/airflow/example_dags/example_params_trigger_ui.py
[2025-08-14T10:37:14.823+0000] {logging_mixin.py:150} INFO - [2025-08-14T10:37:14.822+0000] {dag.py:2742} INFO - Sync 1 DAGs
[2025-08-14T10:37:14.837+0000] {logging_mixin.py:150} INFO - [2025-08-14T10:37:14.837+0000] {dag.py:3504} INFO - Setting next_dagrun for example_params_trigger_ui to None, run_after=None
[2025-08-14T10:37:14.852+0000] {processor.py:179} INFO - Processing /home/vscode/.local/lib/python3.10/site-packages/airflow/example_dags/example_params_trigger_ui.py took 0.077 seconds
[2025-08-14T10:38:04.155+0000] {processor.py:157} INFO - Started process (PID=28786) to work on /home/vscode/.local/lib/python3.10/site-packages/airflow/example_dags/example_params_trigger_ui.py
[2025-08-14T10:38:04.156+0000] {processor.py:826} INFO - Processing file /home/vscode/.local/lib/python3.10/site-packages/airflow/example_dags/example_params_trigger_ui.py for tasks to queue
[2025-08-14T10:38:04.157+0000] {logging_mixin.py:150} INFO - [2025-08-14T10:38:04.156+0000] {dagbag.py:541} INFO - Filling up the DagBag from /home/vscode/.local/lib/python3.10/site-packages/airflow/example_dags/example_params_trigger_ui.py
[2025-08-14T10:38:04.169+0000] {processor.py:836} INFO - DAG(s) dict_keys(['example_params_trigger_ui']) retrieved from /home/vscode/.local/lib/python3.10/site-packages/airflow/example_dags/example_params_trigger_ui.py
[2025-08-14T10:38:04.201+0000] {logging_mixin.py:150} INFO - [2025-08-14T10:38:04.200+0000] {dag.py:2742} INFO - Sync 1 DAGs
[2025-08-14T10:38:04.216+0000] {logging_mixin.py:150} INFO - [2025-08-14T10:38:04.215+0000] {dag.py:3504} INFO - Setting next_dagrun for example_params_trigger_ui to None, run_after=None
[2025-08-14T10:38:04.234+0000] {processor.py:179} INFO - Processing /home/vscode/.local/lib/python3.10/site-packages/airflow/example_dags/example_params_trigger_ui.py took 0.081 seconds
[2025-08-14T10:38:48.523+0000] {processor.py:157} INFO - Started process (PID=29081) to work on /home/vscode/.local/lib/python3.10/site-packages/airflow/example_dags/example_params_trigger_ui.py
[2025-08-14T10:38:48.524+0000] {processor.py:826} INFO - Processing file /home/vscode/.local/lib/python3.10/site-packages/airflow/example_dags/example_params_trigger_ui.py for tasks to queue
[2025-08-14T10:38:48.524+0000] {logging_mixin.py:150} INFO - [2025-08-14T10:38:48.524+0000] {dagbag.py:541} INFO - Filling up the DagBag from /home/vscode/.local/lib/python3.10/site-packages/airflow/example_dags/example_params_trigger_ui.py
[2025-08-14T10:38:48.536+0000] {processor.py:836} INFO - DAG(s) dict_keys(['example_params_trigger_ui']) retrieved from /home/vscode/.local/lib/python3.10/site-packages/airflow/example_dags/example_params_trigger_ui.py
[2025-08-14T10:38:48.566+0000] {logging_mixin.py:150} INFO - [2025-08-14T10:38:48.566+0000] {dag.py:2742} INFO - Sync 1 DAGs
[2025-08-14T10:38:48.580+0000] {logging_mixin.py:150} INFO - [2025-08-14T10:38:48.580+0000] {dag.py:3504} INFO - Setting next_dagrun for example_params_trigger_ui to None, run_after=None
[2025-08-14T10:38:48.596+0000] {processor.py:179} INFO - Processing /home/vscode/.local/lib/python3.10/site-packages/airflow/example_dags/example_params_trigger_ui.py took 0.075 seconds
[2025-08-14T10:39:36.801+0000] {processor.py:157} INFO - Started process (PID=29406) to work on /home/vscode/.local/lib/python3.10/site-packages/airflow/example_dags/example_params_trigger_ui.py
[2025-08-14T10:39:36.801+0000] {processor.py:826} INFO - Processing file /home/vscode/.local/lib/python3.10/site-packages/airflow/example_dags/example_params_trigger_ui.py for tasks to queue
[2025-08-14T10:39:36.802+0000] {logging_mixin.py:150} INFO - [2025-08-14T10:39:36.802+0000] {dagbag.py:541} INFO - Filling up the DagBag from /home/vscode/.local/lib/python3.10/site-packages/airflow/example_dags/example_params_trigger_ui.py
[2025-08-14T10:39:36.816+0000] {processor.py:836} INFO - DAG(s) dict_keys(['example_params_trigger_ui']) retrieved from /home/vscode/.local/lib/python3.10/site-packages/airflow/example_dags/example_params_trigger_ui.py
[2025-08-14T10:39:36.846+0000] {logging_mixin.py:150} INFO - [2025-08-14T10:39:36.846+0000] {dag.py:2742} INFO - Sync 1 DAGs
[2025-08-14T10:39:36.860+0000] {logging_mixin.py:150} INFO - [2025-08-14T10:39:36.860+0000] {dag.py:3504} INFO - Setting next_dagrun for example_params_trigger_ui to None, run_after=None
[2025-08-14T10:39:36.875+0000] {processor.py:179} INFO - Processing /home/vscode/.local/lib/python3.10/site-packages/airflow/example_dags/example_params_trigger_ui.py took 0.077 seconds
[2025-08-14T10:40:26.411+0000] {processor.py:157} INFO - Started process (PID=29734) to work on /home/vscode/.local/lib/python3.10/site-packages/airflow/example_dags/example_params_trigger_ui.py
[2025-08-14T10:40:26.412+0000] {processor.py:826} INFO - Processing file /home/vscode/.local/lib/python3.10/site-packages/airflow/example_dags/example_params_trigger_ui.py for tasks to queue
[2025-08-14T10:40:26.413+0000] {logging_mixin.py:150} INFO - [2025-08-14T10:40:26.412+0000] {dagbag.py:541} INFO - Filling up the DagBag from /home/vscode/.local/lib/python3.10/site-packages/airflow/example_dags/example_params_trigger_ui.py
[2025-08-14T10:40:26.425+0000] {processor.py:836} INFO - DAG(s) dict_keys(['example_params_trigger_ui']) retrieved from /home/vscode/.local/lib/python3.10/site-packages/airflow/example_dags/example_params_trigger_ui.py
[2025-08-14T10:40:26.454+0000] {logging_mixin.py:150} INFO - [2025-08-14T10:40:26.454+0000] {dag.py:2742} INFO - Sync 1 DAGs
[2025-08-14T10:40:26.468+0000] {logging_mixin.py:150} INFO - [2025-08-14T10:40:26.467+0000] {dag.py:3504} INFO - Setting next_dagrun for example_params_trigger_ui to None, run_after=None
[2025-08-14T10:40:26.482+0000] {processor.py:179} INFO - Processing /home/vscode/.local/lib/python3.10/site-packages/airflow/example_dags/example_params_trigger_ui.py took 0.073 seconds
[2025-08-14T10:41:14.268+0000] {processor.py:157} INFO - Started process (PID=30053) to work on /home/vscode/.local/lib/python3.10/site-packages/airflow/example_dags/example_params_trigger_ui.py
[2025-08-14T10:41:14.269+0000] {processor.py:826} INFO - Processing file /home/vscode/.local/lib/python3.10/site-packages/airflow/example_dags/example_params_trigger_ui.py for tasks to queue
[2025-08-14T10:41:14.269+0000] {logging_mixin.py:150} INFO - [2025-08-14T10:41:14.269+0000] {dagbag.py:541} INFO - Filling up the DagBag from /home/vscode/.local/lib/python3.10/site-packages/airflow/example_dags/example_params_trigger_ui.py
[2025-08-14T10:41:14.281+0000] {processor.py:836} INFO - DAG(s) dict_keys(['example_params_trigger_ui']) retrieved from /home/vscode/.local/lib/python3.10/site-packages/airflow/example_dags/example_params_trigger_ui.py
[2025-08-14T10:41:14.311+0000] {logging_mixin.py:150} INFO - [2025-08-14T10:41:14.311+0000] {dag.py:2742} INFO - Sync 1 DAGs
[2025-08-14T10:41:14.324+0000] {logging_mixin.py:150} INFO - [2025-08-14T10:41:14.324+0000] {dag.py:3504} INFO - Setting next_dagrun for example_params_trigger_ui to None, run_after=None
[2025-08-14T10:41:14.340+0000] {processor.py:179} INFO - Processing /home/vscode/.local/lib/python3.10/site-packages/airflow/example_dags/example_params_trigger_ui.py took 0.073 seconds
[2025-08-14T10:42:01.100+0000] {processor.py:157} INFO - Started process (PID=30362) to work on /home/vscode/.local/lib/python3.10/site-packages/airflow/example_dags/example_params_trigger_ui.py
[2025-08-14T10:42:01.101+0000] {processor.py:826} INFO - Processing file /home/vscode/.local/lib/python3.10/site-packages/airflow/example_dags/example_params_trigger_ui.py for tasks to queue
[2025-08-14T10:42:01.101+0000] {logging_mixin.py:150} INFO - [2025-08-14T10:42:01.101+0000] {dagbag.py:541} INFO - Filling up the DagBag from /home/vscode/.local/lib/python3.10/site-packages/airflow/example_dags/example_params_trigger_ui.py
[2025-08-14T10:42:01.113+0000] {processor.py:836} INFO - DAG(s) dict_keys(['example_params_trigger_ui']) retrieved from /home/vscode/.local/lib/python3.10/site-packages/airflow/example_dags/example_params_trigger_ui.py
[2025-08-14T10:42:01.144+0000] {logging_mixin.py:150} INFO - [2025-08-14T10:42:01.144+0000] {dag.py:2742} INFO - Sync 1 DAGs
[2025-08-14T10:42:01.165+0000] {logging_mixin.py:150} INFO - [2025-08-14T10:42:01.165+0000] {dag.py:3504} INFO - Setting next_dagrun for example_params_trigger_ui to None, run_after=None
[2025-08-14T10:42:01.198+0000] {processor.py:179} INFO - Processing /home/vscode/.local/lib/python3.10/site-packages/airflow/example_dags/example_params_trigger_ui.py took 0.100 seconds
[2025-08-14T10:42:48.030+0000] {processor.py:157} INFO - Started process (PID=30675) to work on /home/vscode/.local/lib/python3.10/site-packages/airflow/example_dags/example_params_trigger_ui.py
[2025-08-14T10:42:48.031+0000] {processor.py:826} INFO - Processing file /home/vscode/.local/lib/python3.10/site-packages/airflow/example_dags/example_params_trigger_ui.py for tasks to queue
[2025-08-14T10:42:48.032+0000] {logging_mixin.py:150} INFO - [2025-08-14T10:42:48.031+0000] {dagbag.py:541} INFO - Filling up the DagBag from /home/vscode/.local/lib/python3.10/site-packages/airflow/example_dags/example_params_trigger_ui.py
[2025-08-14T10:42:48.045+0000] {processor.py:836} INFO - DAG(s) dict_keys(['example_params_trigger_ui']) retrieved from /home/vscode/.local/lib/python3.10/site-packages/airflow/example_dags/example_params_trigger_ui.py
[2025-08-14T10:42:48.075+0000] {logging_mixin.py:150} INFO - [2025-08-14T10:42:48.075+0000] {dag.py:2742} INFO - Sync 1 DAGs
[2025-08-14T10:42:48.089+0000] {logging_mixin.py:150} INFO - [2025-08-14T10:42:48.089+0000] {dag.py:3504} INFO - Setting next_dagrun for example_params_trigger_ui to None, run_after=None
[2025-08-14T10:42:48.103+0000] {processor.py:179} INFO - Processing /home/vscode/.local/lib/python3.10/site-packages/airflow/example_dags/example_params_trigger_ui.py took 0.075 seconds
[2025-08-14T10:43:38.120+0000] {processor.py:157} INFO - Started process (PID=31008) to work on /home/vscode/.local/lib/python3.10/site-packages/airflow/example_dags/example_params_trigger_ui.py
[2025-08-14T10:43:38.120+0000] {processor.py:826} INFO - Processing file /home/vscode/.local/lib/python3.10/site-packages/airflow/example_dags/example_params_trigger_ui.py for tasks to queue
[2025-08-14T10:43:38.121+0000] {logging_mixin.py:150} INFO - [2025-08-14T10:43:38.121+0000] {dagbag.py:541} INFO - Filling up the DagBag from /home/vscode/.local/lib/python3.10/site-packages/airflow/example_dags/example_params_trigger_ui.py
[2025-08-14T10:43:38.133+0000] {processor.py:836} INFO - DAG(s) dict_keys(['example_params_trigger_ui']) retrieved from /home/vscode/.local/lib/python3.10/site-packages/airflow/example_dags/example_params_trigger_ui.py
[2025-08-14T10:43:38.163+0000] {logging_mixin.py:150} INFO - [2025-08-14T10:43:38.163+0000] {dag.py:2742} INFO - Sync 1 DAGs
[2025-08-14T10:43:38.177+0000] {logging_mixin.py:150} INFO - [2025-08-14T10:43:38.177+0000] {dag.py:3504} INFO - Setting next_dagrun for example_params_trigger_ui to None, run_after=None
[2025-08-14T10:43:38.193+0000] {processor.py:179} INFO - Processing /home/vscode/.local/lib/python3.10/site-packages/airflow/example_dags/example_params_trigger_ui.py took 0.076 seconds
[2025-08-14T10:44:22.599+0000] {processor.py:157} INFO - Started process (PID=31304) to work on /home/vscode/.local/lib/python3.10/site-packages/airflow/example_dags/example_params_trigger_ui.py
[2025-08-14T10:44:22.600+0000] {processor.py:826} INFO - Processing file /home/vscode/.local/lib/python3.10/site-packages/airflow/example_dags/example_params_trigger_ui.py for tasks to queue
[2025-08-14T10:44:22.601+0000] {logging_mixin.py:150} INFO - [2025-08-14T10:44:22.600+0000] {dagbag.py:541} INFO - Filling up the DagBag from /home/vscode/.local/lib/python3.10/site-packages/airflow/example_dags/example_params_trigger_ui.py
[2025-08-14T10:44:22.613+0000] {processor.py:836} INFO - DAG(s) dict_keys(['example_params_trigger_ui']) retrieved from /home/vscode/.local/lib/python3.10/site-packages/airflow/example_dags/example_params_trigger_ui.py
[2025-08-14T10:44:22.644+0000] {logging_mixin.py:150} INFO - [2025-08-14T10:44:22.644+0000] {dag.py:2742} INFO - Sync 1 DAGs
[2025-08-14T10:44:22.658+0000] {logging_mixin.py:150} INFO - [2025-08-14T10:44:22.658+0000] {dag.py:3504} INFO - Setting next_dagrun for example_params_trigger_ui to None, run_after=None
[2025-08-14T10:44:22.673+0000] {processor.py:179} INFO - Processing /home/vscode/.local/lib/python3.10/site-packages/airflow/example_dags/example_params_trigger_ui.py took 0.075 seconds
[2025-08-14T10:45:11.010+0000] {processor.py:157} INFO - Started process (PID=31629) to work on /home/vscode/.local/lib/python3.10/site-packages/airflow/example_dags/example_params_trigger_ui.py
[2025-08-14T10:45:11.011+0000] {processor.py:826} INFO - Processing file /home/vscode/.local/lib/python3.10/site-packages/airflow/example_dags/example_params_trigger_ui.py for tasks to queue
[2025-08-14T10:45:11.011+0000] {logging_mixin.py:150} INFO - [2025-08-14T10:45:11.011+0000] {dagbag.py:541} INFO - Filling up the DagBag from /home/vscode/.local/lib/python3.10/site-packages/airflow/example_dags/example_params_trigger_ui.py
[2025-08-14T10:45:11.028+0000] {processor.py:836} INFO - DAG(s) dict_keys(['example_params_trigger_ui']) retrieved from /home/vscode/.local/lib/python3.10/site-packages/airflow/example_dags/example_params_trigger_ui.py
[2025-08-14T10:45:11.072+0000] {logging_mixin.py:150} INFO - [2025-08-14T10:45:11.072+0000] {dag.py:2742} INFO - Sync 1 DAGs
[2025-08-14T10:45:11.091+0000] {logging_mixin.py:150} INFO - [2025-08-14T10:45:11.091+0000] {dag.py:3504} INFO - Setting next_dagrun for example_params_trigger_ui to None, run_after=None
[2025-08-14T10:45:11.108+0000] {processor.py:179} INFO - Processing /home/vscode/.local/lib/python3.10/site-packages/airflow/example_dags/example_params_trigger_ui.py took 0.102 seconds
[2025-08-14T10:45:55.041+0000] {processor.py:157} INFO - Started process (PID=31924) to work on /home/vscode/.local/lib/python3.10/site-packages/airflow/example_dags/example_params_trigger_ui.py
[2025-08-14T10:45:55.042+0000] {processor.py:826} INFO - Processing file /home/vscode/.local/lib/python3.10/site-packages/airflow/example_dags/example_params_trigger_ui.py for tasks to queue
[2025-08-14T10:45:55.042+0000] {logging_mixin.py:150} INFO - [2025-08-14T10:45:55.042+0000] {dagbag.py:541} INFO - Filling up the DagBag from /home/vscode/.local/lib/python3.10/site-packages/airflow/example_dags/example_params_trigger_ui.py
[2025-08-14T10:45:55.054+0000] {processor.py:836} INFO - DAG(s) dict_keys(['example_params_trigger_ui']) retrieved from /home/vscode/.local/lib/python3.10/site-packages/airflow/example_dags/example_params_trigger_ui.py
[2025-08-14T10:45:55.084+0000] {logging_mixin.py:150} INFO - [2025-08-14T10:45:55.084+0000] {dag.py:2742} INFO - Sync 1 DAGs
[2025-08-14T10:45:55.098+0000] {logging_mixin.py:150} INFO - [2025-08-14T10:45:55.098+0000] {dag.py:3504} INFO - Setting next_dagrun for example_params_trigger_ui to None, run_after=None
[2025-08-14T10:45:55.113+0000] {processor.py:179} INFO - Processing /home/vscode/.local/lib/python3.10/site-packages/airflow/example_dags/example_params_trigger_ui.py took 0.074 seconds
[2025-08-14T10:46:43.563+0000] {processor.py:157} INFO - Started process (PID=32243) to work on /home/vscode/.local/lib/python3.10/site-packages/airflow/example_dags/example_params_trigger_ui.py
[2025-08-14T10:46:43.563+0000] {processor.py:826} INFO - Processing file /home/vscode/.local/lib/python3.10/site-packages/airflow/example_dags/example_params_trigger_ui.py for tasks to queue
[2025-08-14T10:46:43.564+0000] {logging_mixin.py:150} INFO - [2025-08-14T10:46:43.564+0000] {dagbag.py:541} INFO - Filling up the DagBag from /home/vscode/.local/lib/python3.10/site-packages/airflow/example_dags/example_params_trigger_ui.py
[2025-08-14T10:46:43.576+0000] {processor.py:836} INFO - DAG(s) dict_keys(['example_params_trigger_ui']) retrieved from /home/vscode/.local/lib/python3.10/site-packages/airflow/example_dags/example_params_trigger_ui.py
[2025-08-14T10:46:43.607+0000] {logging_mixin.py:150} INFO - [2025-08-14T10:46:43.607+0000] {dag.py:2742} INFO - Sync 1 DAGs
[2025-08-14T10:46:43.622+0000] {logging_mixin.py:150} INFO - [2025-08-14T10:46:43.622+0000] {dag.py:3504} INFO - Setting next_dagrun for example_params_trigger_ui to None, run_after=None
[2025-08-14T10:46:43.637+0000] {processor.py:179} INFO - Processing /home/vscode/.local/lib/python3.10/site-packages/airflow/example_dags/example_params_trigger_ui.py took 0.076 seconds
[2025-08-14T10:47:27.438+0000] {processor.py:157} INFO - Started process (PID=32538) to work on /home/vscode/.local/lib/python3.10/site-packages/airflow/example_dags/example_params_trigger_ui.py
[2025-08-14T10:47:27.438+0000] {processor.py:826} INFO - Processing file /home/vscode/.local/lib/python3.10/site-packages/airflow/example_dags/example_params_trigger_ui.py for tasks to queue
[2025-08-14T10:47:27.439+0000] {logging_mixin.py:150} INFO - [2025-08-14T10:47:27.439+0000] {dagbag.py:541} INFO - Filling up the DagBag from /home/vscode/.local/lib/python3.10/site-packages/airflow/example_dags/example_params_trigger_ui.py
[2025-08-14T10:47:27.451+0000] {processor.py:836} INFO - DAG(s) dict_keys(['example_params_trigger_ui']) retrieved from /home/vscode/.local/lib/python3.10/site-packages/airflow/example_dags/example_params_trigger_ui.py
[2025-08-14T10:47:27.482+0000] {logging_mixin.py:150} INFO - [2025-08-14T10:47:27.481+0000] {dag.py:2742} INFO - Sync 1 DAGs
[2025-08-14T10:47:27.495+0000] {logging_mixin.py:150} INFO - [2025-08-14T10:47:27.495+0000] {dag.py:3504} INFO - Setting next_dagrun for example_params_trigger_ui to None, run_after=None
[2025-08-14T10:47:27.510+0000] {processor.py:179} INFO - Processing /home/vscode/.local/lib/python3.10/site-packages/airflow/example_dags/example_params_trigger_ui.py took 0.075 seconds
[2025-08-14T10:48:08.418+0000] {processor.py:157} INFO - Started process (PID=32816) to work on /home/vscode/.local/lib/python3.10/site-packages/airflow/example_dags/example_params_trigger_ui.py
[2025-08-14T10:48:08.419+0000] {processor.py:826} INFO - Processing file /home/vscode/.local/lib/python3.10/site-packages/airflow/example_dags/example_params_trigger_ui.py for tasks to queue
[2025-08-14T10:48:08.420+0000] {logging_mixin.py:150} INFO - [2025-08-14T10:48:08.419+0000] {dagbag.py:541} INFO - Filling up the DagBag from /home/vscode/.local/lib/python3.10/site-packages/airflow/example_dags/example_params_trigger_ui.py
[2025-08-14T10:48:08.439+0000] {processor.py:836} INFO - DAG(s) dict_keys(['example_params_trigger_ui']) retrieved from /home/vscode/.local/lib/python3.10/site-packages/airflow/example_dags/example_params_trigger_ui.py
[2025-08-14T10:48:08.472+0000] {logging_mixin.py:150} INFO - [2025-08-14T10:48:08.472+0000] {dag.py:2742} INFO - Sync 1 DAGs
[2025-08-14T10:48:08.487+0000] {logging_mixin.py:150} INFO - [2025-08-14T10:48:08.487+0000] {dag.py:3504} INFO - Setting next_dagrun for example_params_trigger_ui to None, run_after=None
[2025-08-14T10:48:08.503+0000] {processor.py:179} INFO - Processing /home/vscode/.local/lib/python3.10/site-packages/airflow/example_dags/example_params_trigger_ui.py took 0.089 seconds
[2025-08-14T10:48:55.226+0000] {processor.py:157} INFO - Started process (PID=33120) to work on /home/vscode/.local/lib/python3.10/site-packages/airflow/example_dags/example_params_trigger_ui.py
[2025-08-14T10:48:55.227+0000] {processor.py:826} INFO - Processing file /home/vscode/.local/lib/python3.10/site-packages/airflow/example_dags/example_params_trigger_ui.py for tasks to queue
[2025-08-14T10:48:55.227+0000] {logging_mixin.py:150} INFO - [2025-08-14T10:48:55.227+0000] {dagbag.py:541} INFO - Filling up the DagBag from /home/vscode/.local/lib/python3.10/site-packages/airflow/example_dags/example_params_trigger_ui.py
[2025-08-14T10:48:55.239+0000] {processor.py:836} INFO - DAG(s) dict_keys(['example_params_trigger_ui']) retrieved from /home/vscode/.local/lib/python3.10/site-packages/airflow/example_dags/example_params_trigger_ui.py
[2025-08-14T10:48:55.270+0000] {logging_mixin.py:150} INFO - [2025-08-14T10:48:55.270+0000] {dag.py:2742} INFO - Sync 1 DAGs
[2025-08-14T10:48:55.283+0000] {logging_mixin.py:150} INFO - [2025-08-14T10:48:55.283+0000] {dag.py:3504} INFO - Setting next_dagrun for example_params_trigger_ui to None, run_after=None
[2025-08-14T10:48:55.299+0000] {processor.py:179} INFO - Processing /home/vscode/.local/lib/python3.10/site-packages/airflow/example_dags/example_params_trigger_ui.py took 0.075 seconds
[2025-08-14T10:49:39.908+0000] {processor.py:157} INFO - Started process (PID=33421) to work on /home/vscode/.local/lib/python3.10/site-packages/airflow/example_dags/example_params_trigger_ui.py
[2025-08-14T10:49:39.908+0000] {processor.py:826} INFO - Processing file /home/vscode/.local/lib/python3.10/site-packages/airflow/example_dags/example_params_trigger_ui.py for tasks to queue
[2025-08-14T10:49:39.909+0000] {logging_mixin.py:150} INFO - [2025-08-14T10:49:39.909+0000] {dagbag.py:541} INFO - Filling up the DagBag from /home/vscode/.local/lib/python3.10/site-packages/airflow/example_dags/example_params_trigger_ui.py
[2025-08-14T10:49:39.921+0000] {processor.py:836} INFO - DAG(s) dict_keys(['example_params_trigger_ui']) retrieved from /home/vscode/.local/lib/python3.10/site-packages/airflow/example_dags/example_params_trigger_ui.py
[2025-08-14T10:49:39.951+0000] {logging_mixin.py:150} INFO - [2025-08-14T10:49:39.951+0000] {dag.py:2742} INFO - Sync 1 DAGs
[2025-08-14T10:49:39.965+0000] {logging_mixin.py:150} INFO - [2025-08-14T10:49:39.965+0000] {dag.py:3504} INFO - Setting next_dagrun for example_params_trigger_ui to None, run_after=None
[2025-08-14T10:49:39.980+0000] {processor.py:179} INFO - Processing /home/vscode/.local/lib/python3.10/site-packages/airflow/example_dags/example_params_trigger_ui.py took 0.074 seconds
[2025-08-14T10:50:31.112+0000] {processor.py:157} INFO - Started process (PID=33765) to work on /home/vscode/.local/lib/python3.10/site-packages/airflow/example_dags/example_params_trigger_ui.py
[2025-08-14T10:50:31.113+0000] {processor.py:826} INFO - Processing file /home/vscode/.local/lib/python3.10/site-packages/airflow/example_dags/example_params_trigger_ui.py for tasks to queue
[2025-08-14T10:50:31.113+0000] {logging_mixin.py:150} INFO - [2025-08-14T10:50:31.113+0000] {dagbag.py:541} INFO - Filling up the DagBag from /home/vscode/.local/lib/python3.10/site-packages/airflow/example_dags/example_params_trigger_ui.py
[2025-08-14T10:50:31.125+0000] {processor.py:836} INFO - DAG(s) dict_keys(['example_params_trigger_ui']) retrieved from /home/vscode/.local/lib/python3.10/site-packages/airflow/example_dags/example_params_trigger_ui.py
[2025-08-14T10:50:31.155+0000] {logging_mixin.py:150} INFO - [2025-08-14T10:50:31.155+0000] {dag.py:2742} INFO - Sync 1 DAGs
[2025-08-14T10:50:31.169+0000] {logging_mixin.py:150} INFO - [2025-08-14T10:50:31.169+0000] {dag.py:3504} INFO - Setting next_dagrun for example_params_trigger_ui to None, run_after=None
[2025-08-14T10:50:31.185+0000] {processor.py:179} INFO - Processing /home/vscode/.local/lib/python3.10/site-packages/airflow/example_dags/example_params_trigger_ui.py took 0.075 seconds
[2025-08-14T10:51:15.941+0000] {processor.py:157} INFO - Started process (PID=34060) to work on /home/vscode/.local/lib/python3.10/site-packages/airflow/example_dags/example_params_trigger_ui.py
[2025-08-14T10:51:15.942+0000] {processor.py:826} INFO - Processing file /home/vscode/.local/lib/python3.10/site-packages/airflow/example_dags/example_params_trigger_ui.py for tasks to queue
[2025-08-14T10:51:15.942+0000] {logging_mixin.py:150} INFO - [2025-08-14T10:51:15.942+0000] {dagbag.py:541} INFO - Filling up the DagBag from /home/vscode/.local/lib/python3.10/site-packages/airflow/example_dags/example_params_trigger_ui.py
[2025-08-14T10:51:15.954+0000] {processor.py:836} INFO - DAG(s) dict_keys(['example_params_trigger_ui']) retrieved from /home/vscode/.local/lib/python3.10/site-packages/airflow/example_dags/example_params_trigger_ui.py
[2025-08-14T10:51:15.986+0000] {logging_mixin.py:150} INFO - [2025-08-14T10:51:15.985+0000] {dag.py:2742} INFO - Sync 1 DAGs
[2025-08-14T10:51:16.000+0000] {logging_mixin.py:150} INFO - [2025-08-14T10:51:15.999+0000] {dag.py:3504} INFO - Setting next_dagrun for example_params_trigger_ui to None, run_after=None
[2025-08-14T10:51:16.014+0000] {processor.py:179} INFO - Processing /home/vscode/.local/lib/python3.10/site-packages/airflow/example_dags/example_params_trigger_ui.py took 0.075 seconds
[2025-08-14T10:52:05.457+0000] {processor.py:157} INFO - Started process (PID=34390) to work on /home/vscode/.local/lib/python3.10/site-packages/airflow/example_dags/example_params_trigger_ui.py
[2025-08-14T10:52:05.458+0000] {processor.py:826} INFO - Processing file /home/vscode/.local/lib/python3.10/site-packages/airflow/example_dags/example_params_trigger_ui.py for tasks to queue
[2025-08-14T10:52:05.458+0000] {logging_mixin.py:150} INFO - [2025-08-14T10:52:05.458+0000] {dagbag.py:541} INFO - Filling up the DagBag from /home/vscode/.local/lib/python3.10/site-packages/airflow/example_dags/example_params_trigger_ui.py
[2025-08-14T10:52:05.471+0000] {processor.py:836} INFO - DAG(s) dict_keys(['example_params_trigger_ui']) retrieved from /home/vscode/.local/lib/python3.10/site-packages/airflow/example_dags/example_params_trigger_ui.py
[2025-08-14T10:52:05.502+0000] {logging_mixin.py:150} INFO - [2025-08-14T10:52:05.502+0000] {dag.py:2742} INFO - Sync 1 DAGs
[2025-08-14T10:52:05.516+0000] {logging_mixin.py:150} INFO - [2025-08-14T10:52:05.515+0000] {dag.py:3504} INFO - Setting next_dagrun for example_params_trigger_ui to None, run_after=None
[2025-08-14T10:52:05.531+0000] {processor.py:179} INFO - Processing /home/vscode/.local/lib/python3.10/site-packages/airflow/example_dags/example_params_trigger_ui.py took 0.076 seconds
[2025-08-14T10:52:52.567+0000] {processor.py:157} INFO - Started process (PID=34707) to work on /home/vscode/.local/lib/python3.10/site-packages/airflow/example_dags/example_params_trigger_ui.py
[2025-08-14T10:52:52.567+0000] {processor.py:826} INFO - Processing file /home/vscode/.local/lib/python3.10/site-packages/airflow/example_dags/example_params_trigger_ui.py for tasks to queue
[2025-08-14T10:52:52.568+0000] {logging_mixin.py:150} INFO - [2025-08-14T10:52:52.568+0000] {dagbag.py:541} INFO - Filling up the DagBag from /home/vscode/.local/lib/python3.10/site-packages/airflow/example_dags/example_params_trigger_ui.py
[2025-08-14T10:52:52.580+0000] {processor.py:836} INFO - DAG(s) dict_keys(['example_params_trigger_ui']) retrieved from /home/vscode/.local/lib/python3.10/site-packages/airflow/example_dags/example_params_trigger_ui.py
[2025-08-14T10:52:52.610+0000] {logging_mixin.py:150} INFO - [2025-08-14T10:52:52.610+0000] {dag.py:2742} INFO - Sync 1 DAGs
[2025-08-14T10:52:52.624+0000] {logging_mixin.py:150} INFO - [2025-08-14T10:52:52.623+0000] {dag.py:3504} INFO - Setting next_dagrun for example_params_trigger_ui to None, run_after=None
[2025-08-14T10:52:52.639+0000] {processor.py:179} INFO - Processing /home/vscode/.local/lib/python3.10/site-packages/airflow/example_dags/example_params_trigger_ui.py took 0.074 seconds
[2025-08-14T10:53:48.247+0000] {processor.py:157} INFO - Started process (PID=36264) to work on /home/vscode/.local/lib/python3.10/site-packages/airflow/example_dags/example_params_trigger_ui.py
[2025-08-14T10:53:48.249+0000] {processor.py:826} INFO - Processing file /home/vscode/.local/lib/python3.10/site-packages/airflow/example_dags/example_params_trigger_ui.py for tasks to queue
[2025-08-14T10:53:48.250+0000] {logging_mixin.py:150} INFO - [2025-08-14T10:53:48.249+0000] {dagbag.py:541} INFO - Filling up the DagBag from /home/vscode/.local/lib/python3.10/site-packages/airflow/example_dags/example_params_trigger_ui.py
[2025-08-14T10:53:48.275+0000] {processor.py:836} INFO - DAG(s) dict_keys(['example_params_trigger_ui']) retrieved from /home/vscode/.local/lib/python3.10/site-packages/airflow/example_dags/example_params_trigger_ui.py
[2025-08-14T10:53:48.362+0000] {logging_mixin.py:150} INFO - [2025-08-14T10:53:48.362+0000] {dag.py:2742} INFO - Sync 1 DAGs
[2025-08-14T10:53:48.397+0000] {logging_mixin.py:150} INFO - [2025-08-14T10:53:48.396+0000] {dag.py:3504} INFO - Setting next_dagrun for example_params_trigger_ui to None, run_after=None
[2025-08-14T10:53:48.435+0000] {processor.py:179} INFO - Processing /home/vscode/.local/lib/python3.10/site-packages/airflow/example_dags/example_params_trigger_ui.py took 0.194 seconds
[2025-08-14T10:54:30.257+0000] {processor.py:157} INFO - Started process (PID=36891) to work on /home/vscode/.local/lib/python3.10/site-packages/airflow/example_dags/example_params_trigger_ui.py
[2025-08-14T10:54:30.258+0000] {processor.py:826} INFO - Processing file /home/vscode/.local/lib/python3.10/site-packages/airflow/example_dags/example_params_trigger_ui.py for tasks to queue
[2025-08-14T10:54:30.259+0000] {logging_mixin.py:150} INFO - [2025-08-14T10:54:30.259+0000] {dagbag.py:541} INFO - Filling up the DagBag from /home/vscode/.local/lib/python3.10/site-packages/airflow/example_dags/example_params_trigger_ui.py
[2025-08-14T10:54:30.277+0000] {processor.py:836} INFO - DAG(s) dict_keys(['example_params_trigger_ui']) retrieved from /home/vscode/.local/lib/python3.10/site-packages/airflow/example_dags/example_params_trigger_ui.py
[2025-08-14T10:54:30.308+0000] {logging_mixin.py:150} INFO - [2025-08-14T10:54:30.308+0000] {dag.py:2742} INFO - Sync 1 DAGs
[2025-08-14T10:54:30.322+0000] {logging_mixin.py:150} INFO - [2025-08-14T10:54:30.322+0000] {dag.py:3504} INFO - Setting next_dagrun for example_params_trigger_ui to None, run_after=None
[2025-08-14T10:54:30.337+0000] {processor.py:179} INFO - Processing /home/vscode/.local/lib/python3.10/site-packages/airflow/example_dags/example_params_trigger_ui.py took 0.083 seconds
[2025-08-14T10:55:14.802+0000] {processor.py:157} INFO - Started process (PID=37467) to work on /home/vscode/.local/lib/python3.10/site-packages/airflow/example_dags/example_params_trigger_ui.py
[2025-08-14T10:55:14.802+0000] {processor.py:826} INFO - Processing file /home/vscode/.local/lib/python3.10/site-packages/airflow/example_dags/example_params_trigger_ui.py for tasks to queue
[2025-08-14T10:55:14.803+0000] {logging_mixin.py:150} INFO - [2025-08-14T10:55:14.803+0000] {dagbag.py:541} INFO - Filling up the DagBag from /home/vscode/.local/lib/python3.10/site-packages/airflow/example_dags/example_params_trigger_ui.py
[2025-08-14T10:55:14.815+0000] {processor.py:836} INFO - DAG(s) dict_keys(['example_params_trigger_ui']) retrieved from /home/vscode/.local/lib/python3.10/site-packages/airflow/example_dags/example_params_trigger_ui.py
[2025-08-14T10:55:14.846+0000] {logging_mixin.py:150} INFO - [2025-08-14T10:55:14.846+0000] {dag.py:2742} INFO - Sync 1 DAGs
[2025-08-14T10:55:14.860+0000] {logging_mixin.py:150} INFO - [2025-08-14T10:55:14.860+0000] {dag.py:3504} INFO - Setting next_dagrun for example_params_trigger_ui to None, run_after=None
[2025-08-14T10:55:14.875+0000] {processor.py:179} INFO - Processing /home/vscode/.local/lib/python3.10/site-packages/airflow/example_dags/example_params_trigger_ui.py took 0.076 seconds
[2025-08-14T10:56:02.261+0000] {processor.py:157} INFO - Started process (PID=37994) to work on /home/vscode/.local/lib/python3.10/site-packages/airflow/example_dags/example_params_trigger_ui.py
[2025-08-14T10:56:02.262+0000] {processor.py:826} INFO - Processing file /home/vscode/.local/lib/python3.10/site-packages/airflow/example_dags/example_params_trigger_ui.py for tasks to queue
[2025-08-14T10:56:02.262+0000] {logging_mixin.py:150} INFO - [2025-08-14T10:56:02.262+0000] {dagbag.py:541} INFO - Filling up the DagBag from /home/vscode/.local/lib/python3.10/site-packages/airflow/example_dags/example_params_trigger_ui.py
[2025-08-14T10:56:02.274+0000] {processor.py:836} INFO - DAG(s) dict_keys(['example_params_trigger_ui']) retrieved from /home/vscode/.local/lib/python3.10/site-packages/airflow/example_dags/example_params_trigger_ui.py
[2025-08-14T10:56:02.304+0000] {logging_mixin.py:150} INFO - [2025-08-14T10:56:02.304+0000] {dag.py:2742} INFO - Sync 1 DAGs
[2025-08-14T10:56:02.318+0000] {logging_mixin.py:150} INFO - [2025-08-14T10:56:02.318+0000] {dag.py:3504} INFO - Setting next_dagrun for example_params_trigger_ui to None, run_after=None
[2025-08-14T10:56:02.333+0000] {processor.py:179} INFO - Processing /home/vscode/.local/lib/python3.10/site-packages/airflow/example_dags/example_params_trigger_ui.py took 0.075 seconds
[2025-08-14T10:56:54.104+0000] {processor.py:157} INFO - Started process (PID=38493) to work on /home/vscode/.local/lib/python3.10/site-packages/airflow/example_dags/example_params_trigger_ui.py
[2025-08-14T10:56:54.104+0000] {processor.py:826} INFO - Processing file /home/vscode/.local/lib/python3.10/site-packages/airflow/example_dags/example_params_trigger_ui.py for tasks to queue
[2025-08-14T10:56:54.105+0000] {logging_mixin.py:150} INFO - [2025-08-14T10:56:54.105+0000] {dagbag.py:541} INFO - Filling up the DagBag from /home/vscode/.local/lib/python3.10/site-packages/airflow/example_dags/example_params_trigger_ui.py
[2025-08-14T10:56:54.119+0000] {processor.py:836} INFO - DAG(s) dict_keys(['example_params_trigger_ui']) retrieved from /home/vscode/.local/lib/python3.10/site-packages/airflow/example_dags/example_params_trigger_ui.py
[2025-08-14T10:56:54.150+0000] {logging_mixin.py:150} INFO - [2025-08-14T10:56:54.150+0000] {dag.py:2742} INFO - Sync 1 DAGs
[2025-08-14T10:56:54.164+0000] {logging_mixin.py:150} INFO - [2025-08-14T10:56:54.164+0000] {dag.py:3504} INFO - Setting next_dagrun for example_params_trigger_ui to None, run_after=None
[2025-08-14T10:56:54.179+0000] {processor.py:179} INFO - Processing /home/vscode/.local/lib/python3.10/site-packages/airflow/example_dags/example_params_trigger_ui.py took 0.078 seconds
[2025-08-14T10:57:41.348+0000] {processor.py:157} INFO - Started process (PID=38945) to work on /home/vscode/.local/lib/python3.10/site-packages/airflow/example_dags/example_params_trigger_ui.py
[2025-08-14T10:57:41.349+0000] {processor.py:826} INFO - Processing file /home/vscode/.local/lib/python3.10/site-packages/airflow/example_dags/example_params_trigger_ui.py for tasks to queue
[2025-08-14T10:57:41.349+0000] {logging_mixin.py:150} INFO - [2025-08-14T10:57:41.349+0000] {dagbag.py:541} INFO - Filling up the DagBag from /home/vscode/.local/lib/python3.10/site-packages/airflow/example_dags/example_params_trigger_ui.py
[2025-08-14T10:57:41.367+0000] {processor.py:836} INFO - DAG(s) dict_keys(['example_params_trigger_ui']) retrieved from /home/vscode/.local/lib/python3.10/site-packages/airflow/example_dags/example_params_trigger_ui.py
[2025-08-14T10:57:41.399+0000] {logging_mixin.py:150} INFO - [2025-08-14T10:57:41.398+0000] {dag.py:2742} INFO - Sync 1 DAGs
[2025-08-14T10:57:41.412+0000] {logging_mixin.py:150} INFO - [2025-08-14T10:57:41.412+0000] {dag.py:3504} INFO - Setting next_dagrun for example_params_trigger_ui to None, run_after=None
[2025-08-14T10:57:41.430+0000] {processor.py:179} INFO - Processing /home/vscode/.local/lib/python3.10/site-packages/airflow/example_dags/example_params_trigger_ui.py took 0.085 seconds
[2025-08-14T10:58:28.834+0000] {processor.py:157} INFO - Started process (PID=39392) to work on /home/vscode/.local/lib/python3.10/site-packages/airflow/example_dags/example_params_trigger_ui.py
[2025-08-14T10:58:28.834+0000] {processor.py:826} INFO - Processing file /home/vscode/.local/lib/python3.10/site-packages/airflow/example_dags/example_params_trigger_ui.py for tasks to queue
[2025-08-14T10:58:28.835+0000] {logging_mixin.py:150} INFO - [2025-08-14T10:58:28.835+0000] {dagbag.py:541} INFO - Filling up the DagBag from /home/vscode/.local/lib/python3.10/site-packages/airflow/example_dags/example_params_trigger_ui.py
[2025-08-14T10:58:28.848+0000] {processor.py:836} INFO - DAG(s) dict_keys(['example_params_trigger_ui']) retrieved from /home/vscode/.local/lib/python3.10/site-packages/airflow/example_dags/example_params_trigger_ui.py
[2025-08-14T10:58:28.878+0000] {logging_mixin.py:150} INFO - [2025-08-14T10:58:28.878+0000] {dag.py:2742} INFO - Sync 1 DAGs
[2025-08-14T10:58:28.892+0000] {logging_mixin.py:150} INFO - [2025-08-14T10:58:28.892+0000] {dag.py:3504} INFO - Setting next_dagrun for example_params_trigger_ui to None, run_after=None
[2025-08-14T10:58:28.907+0000] {processor.py:179} INFO - Processing /home/vscode/.local/lib/python3.10/site-packages/airflow/example_dags/example_params_trigger_ui.py took 0.075 seconds
[2025-08-14T10:59:12.847+0000] {processor.py:157} INFO - Started process (PID=39821) to work on /home/vscode/.local/lib/python3.10/site-packages/airflow/example_dags/example_params_trigger_ui.py
[2025-08-14T10:59:12.848+0000] {processor.py:826} INFO - Processing file /home/vscode/.local/lib/python3.10/site-packages/airflow/example_dags/example_params_trigger_ui.py for tasks to queue
[2025-08-14T10:59:12.849+0000] {logging_mixin.py:150} INFO - [2025-08-14T10:59:12.848+0000] {dagbag.py:541} INFO - Filling up the DagBag from /home/vscode/.local/lib/python3.10/site-packages/airflow/example_dags/example_params_trigger_ui.py
[2025-08-14T10:59:12.861+0000] {processor.py:836} INFO - DAG(s) dict_keys(['example_params_trigger_ui']) retrieved from /home/vscode/.local/lib/python3.10/site-packages/airflow/example_dags/example_params_trigger_ui.py
[2025-08-14T10:59:12.898+0000] {logging_mixin.py:150} INFO - [2025-08-14T10:59:12.898+0000] {dag.py:2742} INFO - Sync 1 DAGs
[2025-08-14T10:59:12.912+0000] {logging_mixin.py:150} INFO - [2025-08-14T10:59:12.912+0000] {dag.py:3504} INFO - Setting next_dagrun for example_params_trigger_ui to None, run_after=None
[2025-08-14T10:59:12.926+0000] {processor.py:179} INFO - Processing /home/vscode/.local/lib/python3.10/site-packages/airflow/example_dags/example_params_trigger_ui.py took 0.081 seconds
[2025-08-14T10:59:59.124+0000] {processor.py:157} INFO - Started process (PID=40258) to work on /home/vscode/.local/lib/python3.10/site-packages/airflow/example_dags/example_params_trigger_ui.py
[2025-08-14T10:59:59.125+0000] {processor.py:826} INFO - Processing file /home/vscode/.local/lib/python3.10/site-packages/airflow/example_dags/example_params_trigger_ui.py for tasks to queue
[2025-08-14T10:59:59.125+0000] {logging_mixin.py:150} INFO - [2025-08-14T10:59:59.125+0000] {dagbag.py:541} INFO - Filling up the DagBag from /home/vscode/.local/lib/python3.10/site-packages/airflow/example_dags/example_params_trigger_ui.py
[2025-08-14T10:59:59.137+0000] {processor.py:836} INFO - DAG(s) dict_keys(['example_params_trigger_ui']) retrieved from /home/vscode/.local/lib/python3.10/site-packages/airflow/example_dags/example_params_trigger_ui.py
[2025-08-14T10:59:59.167+0000] {logging_mixin.py:150} INFO - [2025-08-14T10:59:59.167+0000] {dag.py:2742} INFO - Sync 1 DAGs
[2025-08-14T10:59:59.181+0000] {logging_mixin.py:150} INFO - [2025-08-14T10:59:59.181+0000] {dag.py:3504} INFO - Setting next_dagrun for example_params_trigger_ui to None, run_after=None
[2025-08-14T10:59:59.196+0000] {processor.py:179} INFO - Processing /home/vscode/.local/lib/python3.10/site-packages/airflow/example_dags/example_params_trigger_ui.py took 0.074 seconds
[2025-08-14T11:00:46.461+0000] {processor.py:157} INFO - Started process (PID=40715) to work on /home/vscode/.local/lib/python3.10/site-packages/airflow/example_dags/example_params_trigger_ui.py
[2025-08-14T11:00:46.462+0000] {processor.py:826} INFO - Processing file /home/vscode/.local/lib/python3.10/site-packages/airflow/example_dags/example_params_trigger_ui.py for tasks to queue
[2025-08-14T11:00:46.462+0000] {logging_mixin.py:150} INFO - [2025-08-14T11:00:46.462+0000] {dagbag.py:541} INFO - Filling up the DagBag from /home/vscode/.local/lib/python3.10/site-packages/airflow/example_dags/example_params_trigger_ui.py
[2025-08-14T11:00:46.475+0000] {processor.py:836} INFO - DAG(s) dict_keys(['example_params_trigger_ui']) retrieved from /home/vscode/.local/lib/python3.10/site-packages/airflow/example_dags/example_params_trigger_ui.py
[2025-08-14T11:00:46.506+0000] {logging_mixin.py:150} INFO - [2025-08-14T11:00:46.506+0000] {dag.py:2742} INFO - Sync 1 DAGs
[2025-08-14T11:00:46.521+0000] {logging_mixin.py:150} INFO - [2025-08-14T11:00:46.520+0000] {dag.py:3504} INFO - Setting next_dagrun for example_params_trigger_ui to None, run_after=None
[2025-08-14T11:00:46.537+0000] {processor.py:179} INFO - Processing /home/vscode/.local/lib/python3.10/site-packages/airflow/example_dags/example_params_trigger_ui.py took 0.078 seconds
[2025-08-14T11:01:36.675+0000] {processor.py:157} INFO - Started process (PID=41192) to work on /home/vscode/.local/lib/python3.10/site-packages/airflow/example_dags/example_params_trigger_ui.py
[2025-08-14T11:01:36.676+0000] {processor.py:826} INFO - Processing file /home/vscode/.local/lib/python3.10/site-packages/airflow/example_dags/example_params_trigger_ui.py for tasks to queue
[2025-08-14T11:01:36.677+0000] {logging_mixin.py:150} INFO - [2025-08-14T11:01:36.676+0000] {dagbag.py:541} INFO - Filling up the DagBag from /home/vscode/.local/lib/python3.10/site-packages/airflow/example_dags/example_params_trigger_ui.py
[2025-08-14T11:01:36.689+0000] {processor.py:836} INFO - DAG(s) dict_keys(['example_params_trigger_ui']) retrieved from /home/vscode/.local/lib/python3.10/site-packages/airflow/example_dags/example_params_trigger_ui.py
[2025-08-14T11:01:36.720+0000] {logging_mixin.py:150} INFO - [2025-08-14T11:01:36.720+0000] {dag.py:2742} INFO - Sync 1 DAGs
[2025-08-14T11:01:36.741+0000] {logging_mixin.py:150} INFO - [2025-08-14T11:01:36.740+0000] {dag.py:3504} INFO - Setting next_dagrun for example_params_trigger_ui to None, run_after=None
[2025-08-14T11:01:36.762+0000] {processor.py:179} INFO - Processing /home/vscode/.local/lib/python3.10/site-packages/airflow/example_dags/example_params_trigger_ui.py took 0.089 seconds
[2025-08-14T11:02:23.995+0000] {processor.py:157} INFO - Started process (PID=41647) to work on /home/vscode/.local/lib/python3.10/site-packages/airflow/example_dags/example_params_trigger_ui.py
[2025-08-14T11:02:23.996+0000] {processor.py:826} INFO - Processing file /home/vscode/.local/lib/python3.10/site-packages/airflow/example_dags/example_params_trigger_ui.py for tasks to queue
[2025-08-14T11:02:23.997+0000] {logging_mixin.py:150} INFO - [2025-08-14T11:02:23.996+0000] {dagbag.py:541} INFO - Filling up the DagBag from /home/vscode/.local/lib/python3.10/site-packages/airflow/example_dags/example_params_trigger_ui.py
[2025-08-14T11:02:24.008+0000] {processor.py:836} INFO - DAG(s) dict_keys(['example_params_trigger_ui']) retrieved from /home/vscode/.local/lib/python3.10/site-packages/airflow/example_dags/example_params_trigger_ui.py
[2025-08-14T11:02:24.038+0000] {logging_mixin.py:150} INFO - [2025-08-14T11:02:24.038+0000] {dag.py:2742} INFO - Sync 1 DAGs
[2025-08-14T11:02:24.052+0000] {logging_mixin.py:150} INFO - [2025-08-14T11:02:24.052+0000] {dag.py:3504} INFO - Setting next_dagrun for example_params_trigger_ui to None, run_after=None
[2025-08-14T11:02:24.067+0000] {processor.py:179} INFO - Processing /home/vscode/.local/lib/python3.10/site-packages/airflow/example_dags/example_params_trigger_ui.py took 0.074 seconds
[2025-08-14T11:03:11.035+0000] {processor.py:157} INFO - Started process (PID=42091) to work on /home/vscode/.local/lib/python3.10/site-packages/airflow/example_dags/example_params_trigger_ui.py
[2025-08-14T11:03:11.036+0000] {processor.py:826} INFO - Processing file /home/vscode/.local/lib/python3.10/site-packages/airflow/example_dags/example_params_trigger_ui.py for tasks to queue
[2025-08-14T11:03:11.037+0000] {logging_mixin.py:150} INFO - [2025-08-14T11:03:11.037+0000] {dagbag.py:541} INFO - Filling up the DagBag from /home/vscode/.local/lib/python3.10/site-packages/airflow/example_dags/example_params_trigger_ui.py
[2025-08-14T11:03:11.054+0000] {processor.py:836} INFO - DAG(s) dict_keys(['example_params_trigger_ui']) retrieved from /home/vscode/.local/lib/python3.10/site-packages/airflow/example_dags/example_params_trigger_ui.py
[2025-08-14T11:03:11.094+0000] {logging_mixin.py:150} INFO - [2025-08-14T11:03:11.094+0000] {dag.py:2742} INFO - Sync 1 DAGs
[2025-08-14T11:03:11.108+0000] {logging_mixin.py:150} INFO - [2025-08-14T11:03:11.108+0000] {dag.py:3504} INFO - Setting next_dagrun for example_params_trigger_ui to None, run_after=None
[2025-08-14T11:03:11.123+0000] {processor.py:179} INFO - Processing /home/vscode/.local/lib/python3.10/site-packages/airflow/example_dags/example_params_trigger_ui.py took 0.091 seconds
[2025-08-14T11:03:56.295+0000] {processor.py:157} INFO - Started process (PID=42533) to work on /home/vscode/.local/lib/python3.10/site-packages/airflow/example_dags/example_params_trigger_ui.py
[2025-08-14T11:03:56.295+0000] {processor.py:826} INFO - Processing file /home/vscode/.local/lib/python3.10/site-packages/airflow/example_dags/example_params_trigger_ui.py for tasks to queue
[2025-08-14T11:03:56.296+0000] {logging_mixin.py:150} INFO - [2025-08-14T11:03:56.296+0000] {dagbag.py:541} INFO - Filling up the DagBag from /home/vscode/.local/lib/python3.10/site-packages/airflow/example_dags/example_params_trigger_ui.py
[2025-08-14T11:03:56.308+0000] {processor.py:836} INFO - DAG(s) dict_keys(['example_params_trigger_ui']) retrieved from /home/vscode/.local/lib/python3.10/site-packages/airflow/example_dags/example_params_trigger_ui.py
[2025-08-14T11:03:56.339+0000] {logging_mixin.py:150} INFO - [2025-08-14T11:03:56.339+0000] {dag.py:2742} INFO - Sync 1 DAGs
[2025-08-14T11:03:56.353+0000] {logging_mixin.py:150} INFO - [2025-08-14T11:03:56.353+0000] {dag.py:3504} INFO - Setting next_dagrun for example_params_trigger_ui to None, run_after=None
[2025-08-14T11:03:56.369+0000] {processor.py:179} INFO - Processing /home/vscode/.local/lib/python3.10/site-packages/airflow/example_dags/example_params_trigger_ui.py took 0.077 seconds
[2025-08-14T11:04:46.381+0000] {processor.py:157} INFO - Started process (PID=43005) to work on /home/vscode/.local/lib/python3.10/site-packages/airflow/example_dags/example_params_trigger_ui.py
[2025-08-14T11:04:46.381+0000] {processor.py:826} INFO - Processing file /home/vscode/.local/lib/python3.10/site-packages/airflow/example_dags/example_params_trigger_ui.py for tasks to queue
[2025-08-14T11:04:46.382+0000] {logging_mixin.py:150} INFO - [2025-08-14T11:04:46.382+0000] {dagbag.py:541} INFO - Filling up the DagBag from /home/vscode/.local/lib/python3.10/site-packages/airflow/example_dags/example_params_trigger_ui.py
[2025-08-14T11:04:46.394+0000] {processor.py:836} INFO - DAG(s) dict_keys(['example_params_trigger_ui']) retrieved from /home/vscode/.local/lib/python3.10/site-packages/airflow/example_dags/example_params_trigger_ui.py
[2025-08-14T11:04:46.425+0000] {logging_mixin.py:150} INFO - [2025-08-14T11:04:46.425+0000] {dag.py:2742} INFO - Sync 1 DAGs
[2025-08-14T11:04:46.439+0000] {logging_mixin.py:150} INFO - [2025-08-14T11:04:46.439+0000] {dag.py:3504} INFO - Setting next_dagrun for example_params_trigger_ui to None, run_after=None
[2025-08-14T11:04:46.454+0000] {processor.py:179} INFO - Processing /home/vscode/.local/lib/python3.10/site-packages/airflow/example_dags/example_params_trigger_ui.py took 0.075 seconds
[2025-08-14T11:05:33.792+0000] {processor.py:157} INFO - Started process (PID=43464) to work on /home/vscode/.local/lib/python3.10/site-packages/airflow/example_dags/example_params_trigger_ui.py
[2025-08-14T11:05:33.792+0000] {processor.py:826} INFO - Processing file /home/vscode/.local/lib/python3.10/site-packages/airflow/example_dags/example_params_trigger_ui.py for tasks to queue
[2025-08-14T11:05:33.793+0000] {logging_mixin.py:150} INFO - [2025-08-14T11:05:33.793+0000] {dagbag.py:541} INFO - Filling up the DagBag from /home/vscode/.local/lib/python3.10/site-packages/airflow/example_dags/example_params_trigger_ui.py
[2025-08-14T11:05:33.805+0000] {processor.py:836} INFO - DAG(s) dict_keys(['example_params_trigger_ui']) retrieved from /home/vscode/.local/lib/python3.10/site-packages/airflow/example_dags/example_params_trigger_ui.py
[2025-08-14T11:05:33.837+0000] {logging_mixin.py:150} INFO - [2025-08-14T11:05:33.837+0000] {dag.py:2742} INFO - Sync 1 DAGs
[2025-08-14T11:05:33.853+0000] {logging_mixin.py:150} INFO - [2025-08-14T11:05:33.853+0000] {dag.py:3504} INFO - Setting next_dagrun for example_params_trigger_ui to None, run_after=None
[2025-08-14T11:05:33.870+0000] {processor.py:179} INFO - Processing /home/vscode/.local/lib/python3.10/site-packages/airflow/example_dags/example_params_trigger_ui.py took 0.081 seconds
[2025-08-14T11:06:27.441+0000] {processor.py:157} INFO - Started process (PID=43972) to work on /home/vscode/.local/lib/python3.10/site-packages/airflow/example_dags/example_params_trigger_ui.py
[2025-08-14T11:06:27.442+0000] {processor.py:826} INFO - Processing file /home/vscode/.local/lib/python3.10/site-packages/airflow/example_dags/example_params_trigger_ui.py for tasks to queue
[2025-08-14T11:06:27.442+0000] {logging_mixin.py:150} INFO - [2025-08-14T11:06:27.442+0000] {dagbag.py:541} INFO - Filling up the DagBag from /home/vscode/.local/lib/python3.10/site-packages/airflow/example_dags/example_params_trigger_ui.py
[2025-08-14T11:06:27.460+0000] {processor.py:836} INFO - DAG(s) dict_keys(['example_params_trigger_ui']) retrieved from /home/vscode/.local/lib/python3.10/site-packages/airflow/example_dags/example_params_trigger_ui.py
[2025-08-14T11:06:27.509+0000] {logging_mixin.py:150} INFO - [2025-08-14T11:06:27.509+0000] {dag.py:2742} INFO - Sync 1 DAGs
[2025-08-14T11:06:27.532+0000] {logging_mixin.py:150} INFO - [2025-08-14T11:06:27.532+0000] {dag.py:3504} INFO - Setting next_dagrun for example_params_trigger_ui to None, run_after=None
[2025-08-14T11:06:27.548+0000] {processor.py:179} INFO - Processing /home/vscode/.local/lib/python3.10/site-packages/airflow/example_dags/example_params_trigger_ui.py took 0.109 seconds
[2025-08-14T11:07:13.119+0000] {processor.py:157} INFO - Started process (PID=44413) to work on /home/vscode/.local/lib/python3.10/site-packages/airflow/example_dags/example_params_trigger_ui.py
[2025-08-14T11:07:13.120+0000] {processor.py:826} INFO - Processing file /home/vscode/.local/lib/python3.10/site-packages/airflow/example_dags/example_params_trigger_ui.py for tasks to queue
[2025-08-14T11:07:13.121+0000] {logging_mixin.py:150} INFO - [2025-08-14T11:07:13.120+0000] {dagbag.py:541} INFO - Filling up the DagBag from /home/vscode/.local/lib/python3.10/site-packages/airflow/example_dags/example_params_trigger_ui.py
[2025-08-14T11:07:13.133+0000] {processor.py:836} INFO - DAG(s) dict_keys(['example_params_trigger_ui']) retrieved from /home/vscode/.local/lib/python3.10/site-packages/airflow/example_dags/example_params_trigger_ui.py
[2025-08-14T11:07:13.163+0000] {logging_mixin.py:150} INFO - [2025-08-14T11:07:13.163+0000] {dag.py:2742} INFO - Sync 1 DAGs
[2025-08-14T11:07:13.177+0000] {logging_mixin.py:150} INFO - [2025-08-14T11:07:13.177+0000] {dag.py:3504} INFO - Setting next_dagrun for example_params_trigger_ui to None, run_after=None
[2025-08-14T11:07:13.191+0000] {processor.py:179} INFO - Processing /home/vscode/.local/lib/python3.10/site-packages/airflow/example_dags/example_params_trigger_ui.py took 0.074 seconds
[2025-08-14T11:07:58.537+0000] {processor.py:157} INFO - Started process (PID=44847) to work on /home/vscode/.local/lib/python3.10/site-packages/airflow/example_dags/example_params_trigger_ui.py
[2025-08-14T11:07:58.537+0000] {processor.py:826} INFO - Processing file /home/vscode/.local/lib/python3.10/site-packages/airflow/example_dags/example_params_trigger_ui.py for tasks to queue
[2025-08-14T11:07:58.538+0000] {logging_mixin.py:150} INFO - [2025-08-14T11:07:58.538+0000] {dagbag.py:541} INFO - Filling up the DagBag from /home/vscode/.local/lib/python3.10/site-packages/airflow/example_dags/example_params_trigger_ui.py
[2025-08-14T11:07:58.550+0000] {processor.py:836} INFO - DAG(s) dict_keys(['example_params_trigger_ui']) retrieved from /home/vscode/.local/lib/python3.10/site-packages/airflow/example_dags/example_params_trigger_ui.py
[2025-08-14T11:07:58.580+0000] {logging_mixin.py:150} INFO - [2025-08-14T11:07:58.580+0000] {dag.py:2742} INFO - Sync 1 DAGs
[2025-08-14T11:07:58.594+0000] {logging_mixin.py:150} INFO - [2025-08-14T11:07:58.594+0000] {dag.py:3504} INFO - Setting next_dagrun for example_params_trigger_ui to None, run_after=None
[2025-08-14T11:07:58.609+0000] {processor.py:179} INFO - Processing /home/vscode/.local/lib/python3.10/site-packages/airflow/example_dags/example_params_trigger_ui.py took 0.074 seconds
[2025-08-14T11:08:42.783+0000] {processor.py:157} INFO - Started process (PID=45268) to work on /home/vscode/.local/lib/python3.10/site-packages/airflow/example_dags/example_params_trigger_ui.py
[2025-08-14T11:08:42.783+0000] {processor.py:826} INFO - Processing file /home/vscode/.local/lib/python3.10/site-packages/airflow/example_dags/example_params_trigger_ui.py for tasks to queue
[2025-08-14T11:08:42.784+0000] {logging_mixin.py:150} INFO - [2025-08-14T11:08:42.784+0000] {dagbag.py:541} INFO - Filling up the DagBag from /home/vscode/.local/lib/python3.10/site-packages/airflow/example_dags/example_params_trigger_ui.py
[2025-08-14T11:08:42.796+0000] {processor.py:836} INFO - DAG(s) dict_keys(['example_params_trigger_ui']) retrieved from /home/vscode/.local/lib/python3.10/site-packages/airflow/example_dags/example_params_trigger_ui.py
[2025-08-14T11:08:42.827+0000] {logging_mixin.py:150} INFO - [2025-08-14T11:08:42.827+0000] {dag.py:2742} INFO - Sync 1 DAGs
[2025-08-14T11:08:42.841+0000] {logging_mixin.py:150} INFO - [2025-08-14T11:08:42.841+0000] {dag.py:3504} INFO - Setting next_dagrun for example_params_trigger_ui to None, run_after=None
[2025-08-14T11:08:42.857+0000] {processor.py:179} INFO - Processing /home/vscode/.local/lib/python3.10/site-packages/airflow/example_dags/example_params_trigger_ui.py took 0.076 seconds
[2025-08-14T11:09:33.893+0000] {processor.py:157} INFO - Started process (PID=45759) to work on /home/vscode/.local/lib/python3.10/site-packages/airflow/example_dags/example_params_trigger_ui.py
[2025-08-14T11:09:33.893+0000] {processor.py:826} INFO - Processing file /home/vscode/.local/lib/python3.10/site-packages/airflow/example_dags/example_params_trigger_ui.py for tasks to queue
[2025-08-14T11:09:33.894+0000] {logging_mixin.py:150} INFO - [2025-08-14T11:09:33.894+0000] {dagbag.py:541} INFO - Filling up the DagBag from /home/vscode/.local/lib/python3.10/site-packages/airflow/example_dags/example_params_trigger_ui.py
[2025-08-14T11:09:33.906+0000] {processor.py:836} INFO - DAG(s) dict_keys(['example_params_trigger_ui']) retrieved from /home/vscode/.local/lib/python3.10/site-packages/airflow/example_dags/example_params_trigger_ui.py
[2025-08-14T11:09:33.938+0000] {logging_mixin.py:150} INFO - [2025-08-14T11:09:33.938+0000] {dag.py:2742} INFO - Sync 1 DAGs
[2025-08-14T11:09:33.952+0000] {logging_mixin.py:150} INFO - [2025-08-14T11:09:33.952+0000] {dag.py:3504} INFO - Setting next_dagrun for example_params_trigger_ui to None, run_after=None
[2025-08-14T11:09:33.968+0000] {processor.py:179} INFO - Processing /home/vscode/.local/lib/python3.10/site-packages/airflow/example_dags/example_params_trigger_ui.py took 0.078 seconds
[2025-08-14T11:10:25.594+0000] {processor.py:157} INFO - Started process (PID=46252) to work on /home/vscode/.local/lib/python3.10/site-packages/airflow/example_dags/example_params_trigger_ui.py
[2025-08-14T11:10:25.595+0000] {processor.py:826} INFO - Processing file /home/vscode/.local/lib/python3.10/site-packages/airflow/example_dags/example_params_trigger_ui.py for tasks to queue
[2025-08-14T11:10:25.595+0000] {logging_mixin.py:150} INFO - [2025-08-14T11:10:25.595+0000] {dagbag.py:541} INFO - Filling up the DagBag from /home/vscode/.local/lib/python3.10/site-packages/airflow/example_dags/example_params_trigger_ui.py
[2025-08-14T11:10:25.607+0000] {processor.py:836} INFO - DAG(s) dict_keys(['example_params_trigger_ui']) retrieved from /home/vscode/.local/lib/python3.10/site-packages/airflow/example_dags/example_params_trigger_ui.py
[2025-08-14T11:10:25.638+0000] {logging_mixin.py:150} INFO - [2025-08-14T11:10:25.638+0000] {dag.py:2742} INFO - Sync 1 DAGs
[2025-08-14T11:10:25.652+0000] {logging_mixin.py:150} INFO - [2025-08-14T11:10:25.652+0000] {dag.py:3504} INFO - Setting next_dagrun for example_params_trigger_ui to None, run_after=None
[2025-08-14T11:10:25.668+0000] {processor.py:179} INFO - Processing /home/vscode/.local/lib/python3.10/site-packages/airflow/example_dags/example_params_trigger_ui.py took 0.076 seconds
[2025-08-14T11:11:08.964+0000] {processor.py:157} INFO - Started process (PID=46666) to work on /home/vscode/.local/lib/python3.10/site-packages/airflow/example_dags/example_params_trigger_ui.py
[2025-08-14T11:11:08.964+0000] {processor.py:826} INFO - Processing file /home/vscode/.local/lib/python3.10/site-packages/airflow/example_dags/example_params_trigger_ui.py for tasks to queue
[2025-08-14T11:11:08.965+0000] {logging_mixin.py:150} INFO - [2025-08-14T11:11:08.965+0000] {dagbag.py:541} INFO - Filling up the DagBag from /home/vscode/.local/lib/python3.10/site-packages/airflow/example_dags/example_params_trigger_ui.py
[2025-08-14T11:11:08.977+0000] {processor.py:836} INFO - DAG(s) dict_keys(['example_params_trigger_ui']) retrieved from /home/vscode/.local/lib/python3.10/site-packages/airflow/example_dags/example_params_trigger_ui.py
[2025-08-14T11:11:09.008+0000] {logging_mixin.py:150} INFO - [2025-08-14T11:11:09.008+0000] {dag.py:2742} INFO - Sync 1 DAGs
[2025-08-14T11:11:09.023+0000] {logging_mixin.py:150} INFO - [2025-08-14T11:11:09.023+0000] {dag.py:3504} INFO - Setting next_dagrun for example_params_trigger_ui to None, run_after=None
[2025-08-14T11:11:09.039+0000] {processor.py:179} INFO - Processing /home/vscode/.local/lib/python3.10/site-packages/airflow/example_dags/example_params_trigger_ui.py took 0.077 seconds
[2025-08-14T11:11:51.026+0000] {processor.py:157} INFO - Started process (PID=47071) to work on /home/vscode/.local/lib/python3.10/site-packages/airflow/example_dags/example_params_trigger_ui.py
[2025-08-14T11:11:51.027+0000] {processor.py:826} INFO - Processing file /home/vscode/.local/lib/python3.10/site-packages/airflow/example_dags/example_params_trigger_ui.py for tasks to queue
[2025-08-14T11:11:51.028+0000] {logging_mixin.py:150} INFO - [2025-08-14T11:11:51.028+0000] {dagbag.py:541} INFO - Filling up the DagBag from /home/vscode/.local/lib/python3.10/site-packages/airflow/example_dags/example_params_trigger_ui.py
[2025-08-14T11:11:51.040+0000] {processor.py:836} INFO - DAG(s) dict_keys(['example_params_trigger_ui']) retrieved from /home/vscode/.local/lib/python3.10/site-packages/airflow/example_dags/example_params_trigger_ui.py
[2025-08-14T11:11:51.071+0000] {logging_mixin.py:150} INFO - [2025-08-14T11:11:51.071+0000] {dag.py:2742} INFO - Sync 1 DAGs
[2025-08-14T11:11:51.085+0000] {logging_mixin.py:150} INFO - [2025-08-14T11:11:51.085+0000] {dag.py:3504} INFO - Setting next_dagrun for example_params_trigger_ui to None, run_after=None
[2025-08-14T11:11:51.100+0000] {processor.py:179} INFO - Processing /home/vscode/.local/lib/python3.10/site-packages/airflow/example_dags/example_params_trigger_ui.py took 0.076 seconds
[2025-08-14T11:12:34.045+0000] {processor.py:157} INFO - Started process (PID=47483) to work on /home/vscode/.local/lib/python3.10/site-packages/airflow/example_dags/example_params_trigger_ui.py
[2025-08-14T11:12:34.045+0000] {processor.py:826} INFO - Processing file /home/vscode/.local/lib/python3.10/site-packages/airflow/example_dags/example_params_trigger_ui.py for tasks to queue
[2025-08-14T11:12:34.046+0000] {logging_mixin.py:150} INFO - [2025-08-14T11:12:34.046+0000] {dagbag.py:541} INFO - Filling up the DagBag from /home/vscode/.local/lib/python3.10/site-packages/airflow/example_dags/example_params_trigger_ui.py
[2025-08-14T11:12:34.059+0000] {processor.py:836} INFO - DAG(s) dict_keys(['example_params_trigger_ui']) retrieved from /home/vscode/.local/lib/python3.10/site-packages/airflow/example_dags/example_params_trigger_ui.py
[2025-08-14T11:12:34.090+0000] {logging_mixin.py:150} INFO - [2025-08-14T11:12:34.089+0000] {dag.py:2742} INFO - Sync 1 DAGs
[2025-08-14T11:12:34.104+0000] {logging_mixin.py:150} INFO - [2025-08-14T11:12:34.104+0000] {dag.py:3504} INFO - Setting next_dagrun for example_params_trigger_ui to None, run_after=None
[2025-08-14T11:12:34.119+0000] {processor.py:179} INFO - Processing /home/vscode/.local/lib/python3.10/site-packages/airflow/example_dags/example_params_trigger_ui.py took 0.076 seconds
[2025-08-14T11:13:22.617+0000] {processor.py:157} INFO - Started process (PID=47947) to work on /home/vscode/.local/lib/python3.10/site-packages/airflow/example_dags/example_params_trigger_ui.py
[2025-08-14T11:13:22.618+0000] {processor.py:826} INFO - Processing file /home/vscode/.local/lib/python3.10/site-packages/airflow/example_dags/example_params_trigger_ui.py for tasks to queue
[2025-08-14T11:13:22.619+0000] {logging_mixin.py:150} INFO - [2025-08-14T11:13:22.619+0000] {dagbag.py:541} INFO - Filling up the DagBag from /home/vscode/.local/lib/python3.10/site-packages/airflow/example_dags/example_params_trigger_ui.py
[2025-08-14T11:13:22.631+0000] {processor.py:836} INFO - DAG(s) dict_keys(['example_params_trigger_ui']) retrieved from /home/vscode/.local/lib/python3.10/site-packages/airflow/example_dags/example_params_trigger_ui.py
[2025-08-14T11:13:22.668+0000] {logging_mixin.py:150} INFO - [2025-08-14T11:13:22.668+0000] {dag.py:2742} INFO - Sync 1 DAGs
[2025-08-14T11:13:22.682+0000] {logging_mixin.py:150} INFO - [2025-08-14T11:13:22.681+0000] {dag.py:3504} INFO - Setting next_dagrun for example_params_trigger_ui to None, run_after=None
[2025-08-14T11:13:22.699+0000] {processor.py:179} INFO - Processing /home/vscode/.local/lib/python3.10/site-packages/airflow/example_dags/example_params_trigger_ui.py took 0.084 seconds
[2025-08-14T11:14:12.983+0000] {processor.py:157} INFO - Started process (PID=48426) to work on /home/vscode/.local/lib/python3.10/site-packages/airflow/example_dags/example_params_trigger_ui.py
[2025-08-14T11:14:12.983+0000] {processor.py:826} INFO - Processing file /home/vscode/.local/lib/python3.10/site-packages/airflow/example_dags/example_params_trigger_ui.py for tasks to queue
[2025-08-14T11:14:12.984+0000] {logging_mixin.py:150} INFO - [2025-08-14T11:14:12.984+0000] {dagbag.py:541} INFO - Filling up the DagBag from /home/vscode/.local/lib/python3.10/site-packages/airflow/example_dags/example_params_trigger_ui.py
[2025-08-14T11:14:12.996+0000] {processor.py:836} INFO - DAG(s) dict_keys(['example_params_trigger_ui']) retrieved from /home/vscode/.local/lib/python3.10/site-packages/airflow/example_dags/example_params_trigger_ui.py
[2025-08-14T11:14:13.027+0000] {logging_mixin.py:150} INFO - [2025-08-14T11:14:13.026+0000] {dag.py:2742} INFO - Sync 1 DAGs
[2025-08-14T11:14:13.045+0000] {logging_mixin.py:150} INFO - [2025-08-14T11:14:13.045+0000] {dag.py:3504} INFO - Setting next_dagrun for example_params_trigger_ui to None, run_after=None
[2025-08-14T11:14:13.066+0000] {processor.py:179} INFO - Processing /home/vscode/.local/lib/python3.10/site-packages/airflow/example_dags/example_params_trigger_ui.py took 0.085 seconds
[2025-08-14T11:14:59.238+0000] {processor.py:157} INFO - Started process (PID=48873) to work on /home/vscode/.local/lib/python3.10/site-packages/airflow/example_dags/example_params_trigger_ui.py
[2025-08-14T11:14:59.238+0000] {processor.py:826} INFO - Processing file /home/vscode/.local/lib/python3.10/site-packages/airflow/example_dags/example_params_trigger_ui.py for tasks to queue
[2025-08-14T11:14:59.239+0000] {logging_mixin.py:150} INFO - [2025-08-14T11:14:59.239+0000] {dagbag.py:541} INFO - Filling up the DagBag from /home/vscode/.local/lib/python3.10/site-packages/airflow/example_dags/example_params_trigger_ui.py
[2025-08-14T11:14:59.251+0000] {processor.py:836} INFO - DAG(s) dict_keys(['example_params_trigger_ui']) retrieved from /home/vscode/.local/lib/python3.10/site-packages/airflow/example_dags/example_params_trigger_ui.py
[2025-08-14T11:14:59.282+0000] {logging_mixin.py:150} INFO - [2025-08-14T11:14:59.281+0000] {dag.py:2742} INFO - Sync 1 DAGs
[2025-08-14T11:14:59.297+0000] {logging_mixin.py:150} INFO - [2025-08-14T11:14:59.297+0000] {dag.py:3504} INFO - Setting next_dagrun for example_params_trigger_ui to None, run_after=None
[2025-08-14T11:14:59.312+0000] {processor.py:179} INFO - Processing /home/vscode/.local/lib/python3.10/site-packages/airflow/example_dags/example_params_trigger_ui.py took 0.077 seconds
[2025-08-14T11:15:47.473+0000] {processor.py:157} INFO - Started process (PID=49338) to work on /home/vscode/.local/lib/python3.10/site-packages/airflow/example_dags/example_params_trigger_ui.py
[2025-08-14T11:15:47.474+0000] {processor.py:826} INFO - Processing file /home/vscode/.local/lib/python3.10/site-packages/airflow/example_dags/example_params_trigger_ui.py for tasks to queue
[2025-08-14T11:15:47.475+0000] {logging_mixin.py:150} INFO - [2025-08-14T11:15:47.474+0000] {dagbag.py:541} INFO - Filling up the DagBag from /home/vscode/.local/lib/python3.10/site-packages/airflow/example_dags/example_params_trigger_ui.py
[2025-08-14T11:15:47.488+0000] {processor.py:836} INFO - DAG(s) dict_keys(['example_params_trigger_ui']) retrieved from /home/vscode/.local/lib/python3.10/site-packages/airflow/example_dags/example_params_trigger_ui.py
[2025-08-14T11:15:47.520+0000] {logging_mixin.py:150} INFO - [2025-08-14T11:15:47.520+0000] {dag.py:2742} INFO - Sync 1 DAGs
[2025-08-14T11:15:47.535+0000] {logging_mixin.py:150} INFO - [2025-08-14T11:15:47.535+0000] {dag.py:3504} INFO - Setting next_dagrun for example_params_trigger_ui to None, run_after=None
[2025-08-14T11:15:47.552+0000] {processor.py:179} INFO - Processing /home/vscode/.local/lib/python3.10/site-packages/airflow/example_dags/example_params_trigger_ui.py took 0.081 seconds
[2025-08-14T11:16:36.013+0000] {processor.py:157} INFO - Started process (PID=49790) to work on /home/vscode/.local/lib/python3.10/site-packages/airflow/example_dags/example_params_trigger_ui.py
[2025-08-14T11:16:36.014+0000] {processor.py:826} INFO - Processing file /home/vscode/.local/lib/python3.10/site-packages/airflow/example_dags/example_params_trigger_ui.py for tasks to queue
[2025-08-14T11:16:36.015+0000] {logging_mixin.py:150} INFO - [2025-08-14T11:16:36.014+0000] {dagbag.py:541} INFO - Filling up the DagBag from /home/vscode/.local/lib/python3.10/site-packages/airflow/example_dags/example_params_trigger_ui.py
[2025-08-14T11:16:36.027+0000] {processor.py:836} INFO - DAG(s) dict_keys(['example_params_trigger_ui']) retrieved from /home/vscode/.local/lib/python3.10/site-packages/airflow/example_dags/example_params_trigger_ui.py
[2025-08-14T11:16:36.060+0000] {logging_mixin.py:150} INFO - [2025-08-14T11:16:36.060+0000] {dag.py:2742} INFO - Sync 1 DAGs
[2025-08-14T11:16:36.074+0000] {logging_mixin.py:150} INFO - [2025-08-14T11:16:36.074+0000] {dag.py:3504} INFO - Setting next_dagrun for example_params_trigger_ui to None, run_after=None
[2025-08-14T11:16:36.089+0000] {processor.py:179} INFO - Processing /home/vscode/.local/lib/python3.10/site-packages/airflow/example_dags/example_params_trigger_ui.py took 0.078 seconds
[2025-08-14T11:17:19.400+0000] {processor.py:157} INFO - Started process (PID=50209) to work on /home/vscode/.local/lib/python3.10/site-packages/airflow/example_dags/example_params_trigger_ui.py
[2025-08-14T11:17:19.401+0000] {processor.py:826} INFO - Processing file /home/vscode/.local/lib/python3.10/site-packages/airflow/example_dags/example_params_trigger_ui.py for tasks to queue
[2025-08-14T11:17:19.402+0000] {logging_mixin.py:150} INFO - [2025-08-14T11:17:19.402+0000] {dagbag.py:541} INFO - Filling up the DagBag from /home/vscode/.local/lib/python3.10/site-packages/airflow/example_dags/example_params_trigger_ui.py
[2025-08-14T11:17:19.414+0000] {processor.py:836} INFO - DAG(s) dict_keys(['example_params_trigger_ui']) retrieved from /home/vscode/.local/lib/python3.10/site-packages/airflow/example_dags/example_params_trigger_ui.py
[2025-08-14T11:17:19.444+0000] {logging_mixin.py:150} INFO - [2025-08-14T11:17:19.443+0000] {dag.py:2742} INFO - Sync 1 DAGs
[2025-08-14T11:17:19.457+0000] {logging_mixin.py:150} INFO - [2025-08-14T11:17:19.457+0000] {dag.py:3504} INFO - Setting next_dagrun for example_params_trigger_ui to None, run_after=None
[2025-08-14T11:17:19.473+0000] {processor.py:179} INFO - Processing /home/vscode/.local/lib/python3.10/site-packages/airflow/example_dags/example_params_trigger_ui.py took 0.075 seconds
[2025-08-14T11:18:04.803+0000] {processor.py:157} INFO - Started process (PID=50642) to work on /home/vscode/.local/lib/python3.10/site-packages/airflow/example_dags/example_params_trigger_ui.py
[2025-08-14T11:18:04.803+0000] {processor.py:826} INFO - Processing file /home/vscode/.local/lib/python3.10/site-packages/airflow/example_dags/example_params_trigger_ui.py for tasks to queue
[2025-08-14T11:18:04.804+0000] {logging_mixin.py:150} INFO - [2025-08-14T11:18:04.804+0000] {dagbag.py:541} INFO - Filling up the DagBag from /home/vscode/.local/lib/python3.10/site-packages/airflow/example_dags/example_params_trigger_ui.py
[2025-08-14T11:18:04.817+0000] {processor.py:836} INFO - DAG(s) dict_keys(['example_params_trigger_ui']) retrieved from /home/vscode/.local/lib/python3.10/site-packages/airflow/example_dags/example_params_trigger_ui.py
[2025-08-14T11:18:04.847+0000] {logging_mixin.py:150} INFO - [2025-08-14T11:18:04.847+0000] {dag.py:2742} INFO - Sync 1 DAGs
[2025-08-14T11:18:04.861+0000] {logging_mixin.py:150} INFO - [2025-08-14T11:18:04.861+0000] {dag.py:3504} INFO - Setting next_dagrun for example_params_trigger_ui to None, run_after=None
[2025-08-14T11:18:04.876+0000] {processor.py:179} INFO - Processing /home/vscode/.local/lib/python3.10/site-packages/airflow/example_dags/example_params_trigger_ui.py took 0.075 seconds
[2025-08-14T11:18:49.084+0000] {processor.py:157} INFO - Started process (PID=51078) to work on /home/vscode/.local/lib/python3.10/site-packages/airflow/example_dags/example_params_trigger_ui.py
[2025-08-14T11:18:49.085+0000] {processor.py:826} INFO - Processing file /home/vscode/.local/lib/python3.10/site-packages/airflow/example_dags/example_params_trigger_ui.py for tasks to queue
[2025-08-14T11:18:49.086+0000] {logging_mixin.py:150} INFO - [2025-08-14T11:18:49.086+0000] {dagbag.py:541} INFO - Filling up the DagBag from /home/vscode/.local/lib/python3.10/site-packages/airflow/example_dags/example_params_trigger_ui.py
[2025-08-14T11:18:49.105+0000] {processor.py:836} INFO - DAG(s) dict_keys(['example_params_trigger_ui']) retrieved from /home/vscode/.local/lib/python3.10/site-packages/airflow/example_dags/example_params_trigger_ui.py
[2025-08-14T11:18:49.146+0000] {logging_mixin.py:150} INFO - [2025-08-14T11:18:49.146+0000] {dag.py:2742} INFO - Sync 1 DAGs
[2025-08-14T11:18:49.161+0000] {logging_mixin.py:150} INFO - [2025-08-14T11:18:49.161+0000] {dag.py:3504} INFO - Setting next_dagrun for example_params_trigger_ui to None, run_after=None
[2025-08-14T11:18:49.177+0000] {processor.py:179} INFO - Processing /home/vscode/.local/lib/python3.10/site-packages/airflow/example_dags/example_params_trigger_ui.py took 0.096 seconds
[2025-08-14T11:19:32.758+0000] {processor.py:157} INFO - Started process (PID=51486) to work on /home/vscode/.local/lib/python3.10/site-packages/airflow/example_dags/example_params_trigger_ui.py
[2025-08-14T11:19:32.758+0000] {processor.py:826} INFO - Processing file /home/vscode/.local/lib/python3.10/site-packages/airflow/example_dags/example_params_trigger_ui.py for tasks to queue
[2025-08-14T11:19:32.759+0000] {logging_mixin.py:150} INFO - [2025-08-14T11:19:32.759+0000] {dagbag.py:541} INFO - Filling up the DagBag from /home/vscode/.local/lib/python3.10/site-packages/airflow/example_dags/example_params_trigger_ui.py
[2025-08-14T11:19:32.771+0000] {processor.py:836} INFO - DAG(s) dict_keys(['example_params_trigger_ui']) retrieved from /home/vscode/.local/lib/python3.10/site-packages/airflow/example_dags/example_params_trigger_ui.py
[2025-08-14T11:19:32.801+0000] {logging_mixin.py:150} INFO - [2025-08-14T11:19:32.801+0000] {dag.py:2742} INFO - Sync 1 DAGs
[2025-08-14T11:19:32.814+0000] {logging_mixin.py:150} INFO - [2025-08-14T11:19:32.814+0000] {dag.py:3504} INFO - Setting next_dagrun for example_params_trigger_ui to None, run_after=None
[2025-08-14T11:19:32.829+0000] {processor.py:179} INFO - Processing /home/vscode/.local/lib/python3.10/site-packages/airflow/example_dags/example_params_trigger_ui.py took 0.074 seconds
[2025-08-14T11:20:19.885+0000] {processor.py:157} INFO - Started process (PID=51942) to work on /home/vscode/.local/lib/python3.10/site-packages/airflow/example_dags/example_params_trigger_ui.py
[2025-08-14T11:20:19.886+0000] {processor.py:826} INFO - Processing file /home/vscode/.local/lib/python3.10/site-packages/airflow/example_dags/example_params_trigger_ui.py for tasks to queue
[2025-08-14T11:20:19.886+0000] {logging_mixin.py:150} INFO - [2025-08-14T11:20:19.886+0000] {dagbag.py:541} INFO - Filling up the DagBag from /home/vscode/.local/lib/python3.10/site-packages/airflow/example_dags/example_params_trigger_ui.py
[2025-08-14T11:20:19.898+0000] {processor.py:836} INFO - DAG(s) dict_keys(['example_params_trigger_ui']) retrieved from /home/vscode/.local/lib/python3.10/site-packages/airflow/example_dags/example_params_trigger_ui.py
[2025-08-14T11:20:19.928+0000] {logging_mixin.py:150} INFO - [2025-08-14T11:20:19.928+0000] {dag.py:2742} INFO - Sync 1 DAGs
[2025-08-14T11:20:19.942+0000] {logging_mixin.py:150} INFO - [2025-08-14T11:20:19.942+0000] {dag.py:3504} INFO - Setting next_dagrun for example_params_trigger_ui to None, run_after=None
[2025-08-14T11:20:19.957+0000] {processor.py:179} INFO - Processing /home/vscode/.local/lib/python3.10/site-packages/airflow/example_dags/example_params_trigger_ui.py took 0.074 seconds
[2025-08-14T11:21:05.297+0000] {processor.py:157} INFO - Started process (PID=52371) to work on /home/vscode/.local/lib/python3.10/site-packages/airflow/example_dags/example_params_trigger_ui.py
[2025-08-14T11:21:05.298+0000] {processor.py:826} INFO - Processing file /home/vscode/.local/lib/python3.10/site-packages/airflow/example_dags/example_params_trigger_ui.py for tasks to queue
[2025-08-14T11:21:05.299+0000] {logging_mixin.py:150} INFO - [2025-08-14T11:21:05.299+0000] {dagbag.py:541} INFO - Filling up the DagBag from /home/vscode/.local/lib/python3.10/site-packages/airflow/example_dags/example_params_trigger_ui.py
[2025-08-14T11:21:05.311+0000] {processor.py:836} INFO - DAG(s) dict_keys(['example_params_trigger_ui']) retrieved from /home/vscode/.local/lib/python3.10/site-packages/airflow/example_dags/example_params_trigger_ui.py
[2025-08-14T11:21:05.342+0000] {logging_mixin.py:150} INFO - [2025-08-14T11:21:05.342+0000] {dag.py:2742} INFO - Sync 1 DAGs
[2025-08-14T11:21:05.356+0000] {logging_mixin.py:150} INFO - [2025-08-14T11:21:05.356+0000] {dag.py:3504} INFO - Setting next_dagrun for example_params_trigger_ui to None, run_after=None
[2025-08-14T11:21:05.371+0000] {processor.py:179} INFO - Processing /home/vscode/.local/lib/python3.10/site-packages/airflow/example_dags/example_params_trigger_ui.py took 0.075 seconds
[2025-08-14T11:21:51.232+0000] {processor.py:157} INFO - Started process (PID=52806) to work on /home/vscode/.local/lib/python3.10/site-packages/airflow/example_dags/example_params_trigger_ui.py
[2025-08-14T11:21:51.232+0000] {processor.py:826} INFO - Processing file /home/vscode/.local/lib/python3.10/site-packages/airflow/example_dags/example_params_trigger_ui.py for tasks to queue
[2025-08-14T11:21:51.233+0000] {logging_mixin.py:150} INFO - [2025-08-14T11:21:51.233+0000] {dagbag.py:541} INFO - Filling up the DagBag from /home/vscode/.local/lib/python3.10/site-packages/airflow/example_dags/example_params_trigger_ui.py
[2025-08-14T11:21:51.245+0000] {processor.py:836} INFO - DAG(s) dict_keys(['example_params_trigger_ui']) retrieved from /home/vscode/.local/lib/python3.10/site-packages/airflow/example_dags/example_params_trigger_ui.py
[2025-08-14T11:21:51.290+0000] {logging_mixin.py:150} INFO - [2025-08-14T11:21:51.289+0000] {dag.py:2742} INFO - Sync 1 DAGs
[2025-08-14T11:21:51.329+0000] {logging_mixin.py:150} INFO - [2025-08-14T11:21:51.329+0000] {dag.py:3504} INFO - Setting next_dagrun for example_params_trigger_ui to None, run_after=None
[2025-08-14T11:21:51.344+0000] {processor.py:179} INFO - Processing /home/vscode/.local/lib/python3.10/site-packages/airflow/example_dags/example_params_trigger_ui.py took 0.115 seconds
[2025-08-14T11:22:38.388+0000] {processor.py:157} INFO - Started process (PID=53257) to work on /home/vscode/.local/lib/python3.10/site-packages/airflow/example_dags/example_params_trigger_ui.py
[2025-08-14T11:22:38.389+0000] {processor.py:826} INFO - Processing file /home/vscode/.local/lib/python3.10/site-packages/airflow/example_dags/example_params_trigger_ui.py for tasks to queue
[2025-08-14T11:22:38.390+0000] {logging_mixin.py:150} INFO - [2025-08-14T11:22:38.389+0000] {dagbag.py:541} INFO - Filling up the DagBag from /home/vscode/.local/lib/python3.10/site-packages/airflow/example_dags/example_params_trigger_ui.py
[2025-08-14T11:22:38.402+0000] {processor.py:836} INFO - DAG(s) dict_keys(['example_params_trigger_ui']) retrieved from /home/vscode/.local/lib/python3.10/site-packages/airflow/example_dags/example_params_trigger_ui.py
[2025-08-14T11:22:38.439+0000] {logging_mixin.py:150} INFO - [2025-08-14T11:22:38.438+0000] {dag.py:2742} INFO - Sync 1 DAGs
[2025-08-14T11:22:38.453+0000] {logging_mixin.py:150} INFO - [2025-08-14T11:22:38.453+0000] {dag.py:3504} INFO - Setting next_dagrun for example_params_trigger_ui to None, run_after=None
[2025-08-14T11:22:38.471+0000] {processor.py:179} INFO - Processing /home/vscode/.local/lib/python3.10/site-packages/airflow/example_dags/example_params_trigger_ui.py took 0.085 seconds
[2025-08-14T11:23:24.920+0000] {processor.py:157} INFO - Started process (PID=53712) to work on /home/vscode/.local/lib/python3.10/site-packages/airflow/example_dags/example_params_trigger_ui.py
[2025-08-14T11:23:24.920+0000] {processor.py:826} INFO - Processing file /home/vscode/.local/lib/python3.10/site-packages/airflow/example_dags/example_params_trigger_ui.py for tasks to queue
[2025-08-14T11:23:24.921+0000] {logging_mixin.py:150} INFO - [2025-08-14T11:23:24.921+0000] {dagbag.py:541} INFO - Filling up the DagBag from /home/vscode/.local/lib/python3.10/site-packages/airflow/example_dags/example_params_trigger_ui.py
[2025-08-14T11:23:24.933+0000] {processor.py:836} INFO - DAG(s) dict_keys(['example_params_trigger_ui']) retrieved from /home/vscode/.local/lib/python3.10/site-packages/airflow/example_dags/example_params_trigger_ui.py
[2025-08-14T11:23:24.964+0000] {logging_mixin.py:150} INFO - [2025-08-14T11:23:24.964+0000] {dag.py:2742} INFO - Sync 1 DAGs
[2025-08-14T11:23:24.977+0000] {logging_mixin.py:150} INFO - [2025-08-14T11:23:24.977+0000] {dag.py:3504} INFO - Setting next_dagrun for example_params_trigger_ui to None, run_after=None
[2025-08-14T11:23:24.992+0000] {processor.py:179} INFO - Processing /home/vscode/.local/lib/python3.10/site-packages/airflow/example_dags/example_params_trigger_ui.py took 0.075 seconds
[2025-08-14T11:24:12.055+0000] {processor.py:157} INFO - Started process (PID=54162) to work on /home/vscode/.local/lib/python3.10/site-packages/airflow/example_dags/example_params_trigger_ui.py
[2025-08-14T11:24:12.056+0000] {processor.py:826} INFO - Processing file /home/vscode/.local/lib/python3.10/site-packages/airflow/example_dags/example_params_trigger_ui.py for tasks to queue
[2025-08-14T11:24:12.057+0000] {logging_mixin.py:150} INFO - [2025-08-14T11:24:12.056+0000] {dagbag.py:541} INFO - Filling up the DagBag from /home/vscode/.local/lib/python3.10/site-packages/airflow/example_dags/example_params_trigger_ui.py
[2025-08-14T11:24:12.069+0000] {processor.py:836} INFO - DAG(s) dict_keys(['example_params_trigger_ui']) retrieved from /home/vscode/.local/lib/python3.10/site-packages/airflow/example_dags/example_params_trigger_ui.py
[2025-08-14T11:24:12.100+0000] {logging_mixin.py:150} INFO - [2025-08-14T11:24:12.100+0000] {dag.py:2742} INFO - Sync 1 DAGs
[2025-08-14T11:24:12.114+0000] {logging_mixin.py:150} INFO - [2025-08-14T11:24:12.114+0000] {dag.py:3504} INFO - Setting next_dagrun for example_params_trigger_ui to None, run_after=None
[2025-08-14T11:24:12.130+0000] {processor.py:179} INFO - Processing /home/vscode/.local/lib/python3.10/site-packages/airflow/example_dags/example_params_trigger_ui.py took 0.077 seconds
[2025-08-14T11:25:03.640+0000] {processor.py:157} INFO - Started process (PID=54655) to work on /home/vscode/.local/lib/python3.10/site-packages/airflow/example_dags/example_params_trigger_ui.py
[2025-08-14T11:25:03.641+0000] {processor.py:826} INFO - Processing file /home/vscode/.local/lib/python3.10/site-packages/airflow/example_dags/example_params_trigger_ui.py for tasks to queue
[2025-08-14T11:25:03.642+0000] {logging_mixin.py:150} INFO - [2025-08-14T11:25:03.641+0000] {dagbag.py:541} INFO - Filling up the DagBag from /home/vscode/.local/lib/python3.10/site-packages/airflow/example_dags/example_params_trigger_ui.py
[2025-08-14T11:25:03.660+0000] {processor.py:836} INFO - DAG(s) dict_keys(['example_params_trigger_ui']) retrieved from /home/vscode/.local/lib/python3.10/site-packages/airflow/example_dags/example_params_trigger_ui.py
[2025-08-14T11:25:03.700+0000] {logging_mixin.py:150} INFO - [2025-08-14T11:25:03.700+0000] {dag.py:2742} INFO - Sync 1 DAGs
[2025-08-14T11:25:03.714+0000] {logging_mixin.py:150} INFO - [2025-08-14T11:25:03.714+0000] {dag.py:3504} INFO - Setting next_dagrun for example_params_trigger_ui to None, run_after=None
[2025-08-14T11:25:03.729+0000] {processor.py:179} INFO - Processing /home/vscode/.local/lib/python3.10/site-packages/airflow/example_dags/example_params_trigger_ui.py took 0.092 seconds
[2025-08-14T11:25:52.902+0000] {processor.py:157} INFO - Started process (PID=55126) to work on /home/vscode/.local/lib/python3.10/site-packages/airflow/example_dags/example_params_trigger_ui.py
[2025-08-14T11:25:52.903+0000] {processor.py:826} INFO - Processing file /home/vscode/.local/lib/python3.10/site-packages/airflow/example_dags/example_params_trigger_ui.py for tasks to queue
[2025-08-14T11:25:52.903+0000] {logging_mixin.py:150} INFO - [2025-08-14T11:25:52.903+0000] {dagbag.py:541} INFO - Filling up the DagBag from /home/vscode/.local/lib/python3.10/site-packages/airflow/example_dags/example_params_trigger_ui.py
[2025-08-14T11:25:52.915+0000] {processor.py:836} INFO - DAG(s) dict_keys(['example_params_trigger_ui']) retrieved from /home/vscode/.local/lib/python3.10/site-packages/airflow/example_dags/example_params_trigger_ui.py
[2025-08-14T11:25:52.946+0000] {logging_mixin.py:150} INFO - [2025-08-14T11:25:52.946+0000] {dag.py:2742} INFO - Sync 1 DAGs
[2025-08-14T11:25:52.960+0000] {logging_mixin.py:150} INFO - [2025-08-14T11:25:52.960+0000] {dag.py:3504} INFO - Setting next_dagrun for example_params_trigger_ui to None, run_after=None
[2025-08-14T11:25:52.975+0000] {processor.py:179} INFO - Processing /home/vscode/.local/lib/python3.10/site-packages/airflow/example_dags/example_params_trigger_ui.py took 0.075 seconds
