[2025-08-14T09:39:49.358+0000] {processor.py:157} INFO - Started process (PID=3804) to work on /home/vscode/.local/lib/python3.10/site-packages/airflow/example_dags/example_branch_day_of_week_operator.py
[2025-08-14T09:39:49.358+0000] {processor.py:826} INFO - Processing file /home/vscode/.local/lib/python3.10/site-packages/airflow/example_dags/example_branch_day_of_week_operator.py for tasks to queue
[2025-08-14T09:39:49.359+0000] {logging_mixin.py:150} INFO - [2025-08-14T09:39:49.359+0000] {dagbag.py:541} INFO - Filling up the DagBag from /home/vscode/.local/lib/python3.10/site-packages/airflow/example_dags/example_branch_day_of_week_operator.py
[2025-08-14T09:39:49.364+0000] {processor.py:836} INFO - DAG(s) dict_keys(['example_weekday_branch_operator']) retrieved from /home/vscode/.local/lib/python3.10/site-packages/airflow/example_dags/example_branch_day_of_week_operator.py
[2025-08-14T09:39:49.439+0000] {logging_mixin.py:150} INFO - [2025-08-14T09:39:49.439+0000] {manager.py:504} INFO - Created Permission View: can edit on DAG:example_weekday_branch_operator
[2025-08-14T09:39:49.447+0000] {logging_mixin.py:150} INFO - [2025-08-14T09:39:49.447+0000] {manager.py:504} INFO - Created Permission View: can read on DAG:example_weekday_branch_operator
[2025-08-14T09:39:49.453+0000] {logging_mixin.py:150} INFO - [2025-08-14T09:39:49.453+0000] {manager.py:504} INFO - Created Permission View: can delete on DAG:example_weekday_branch_operator
[2025-08-14T09:39:49.461+0000] {logging_mixin.py:150} INFO - [2025-08-14T09:39:49.461+0000] {dag.py:2742} INFO - Sync 1 DAGs
[2025-08-14T09:39:49.467+0000] {logging_mixin.py:150} INFO - [2025-08-14T09:39:49.467+0000] {dag.py:2763} INFO - Creating ORM DAG for example_weekday_branch_operator
[2025-08-14T09:39:49.474+0000] {logging_mixin.py:150} INFO - [2025-08-14T09:39:49.474+0000] {dag.py:3504} INFO - Setting next_dagrun for example_weekday_branch_operator to 2025-08-13T00:00:00+00:00, run_after=2025-08-14T00:00:00+00:00
[2025-08-14T09:39:49.491+0000] {processor.py:179} INFO - Processing /home/vscode/.local/lib/python3.10/site-packages/airflow/example_dags/example_branch_day_of_week_operator.py took 0.135 seconds
[2025-08-14T09:40:39.222+0000] {processor.py:157} INFO - Started process (PID=4138) to work on /home/vscode/.local/lib/python3.10/site-packages/airflow/example_dags/example_branch_day_of_week_operator.py
[2025-08-14T09:40:39.223+0000] {processor.py:826} INFO - Processing file /home/vscode/.local/lib/python3.10/site-packages/airflow/example_dags/example_branch_day_of_week_operator.py for tasks to queue
[2025-08-14T09:40:39.223+0000] {logging_mixin.py:150} INFO - [2025-08-14T09:40:39.223+0000] {dagbag.py:541} INFO - Filling up the DagBag from /home/vscode/.local/lib/python3.10/site-packages/airflow/example_dags/example_branch_day_of_week_operator.py
[2025-08-14T09:40:39.231+0000] {processor.py:836} INFO - DAG(s) dict_keys(['example_weekday_branch_operator']) retrieved from /home/vscode/.local/lib/python3.10/site-packages/airflow/example_dags/example_branch_day_of_week_operator.py
[2025-08-14T09:40:39.248+0000] {logging_mixin.py:150} INFO - [2025-08-14T09:40:39.248+0000] {dag.py:2742} INFO - Sync 1 DAGs
[2025-08-14T09:40:39.270+0000] {logging_mixin.py:150} INFO - [2025-08-14T09:40:39.270+0000] {dag.py:3504} INFO - Setting next_dagrun for example_weekday_branch_operator to 2025-08-13T00:00:00+00:00, run_after=2025-08-14T00:00:00+00:00
[2025-08-14T09:40:39.289+0000] {processor.py:179} INFO - Processing /home/vscode/.local/lib/python3.10/site-packages/airflow/example_dags/example_branch_day_of_week_operator.py took 0.070 seconds
[2025-08-14T09:41:23.207+0000] {processor.py:157} INFO - Started process (PID=4447) to work on /home/vscode/.local/lib/python3.10/site-packages/airflow/example_dags/example_branch_day_of_week_operator.py
[2025-08-14T09:41:23.208+0000] {processor.py:826} INFO - Processing file /home/vscode/.local/lib/python3.10/site-packages/airflow/example_dags/example_branch_day_of_week_operator.py for tasks to queue
[2025-08-14T09:41:23.208+0000] {logging_mixin.py:150} INFO - [2025-08-14T09:41:23.208+0000] {dagbag.py:541} INFO - Filling up the DagBag from /home/vscode/.local/lib/python3.10/site-packages/airflow/example_dags/example_branch_day_of_week_operator.py
[2025-08-14T09:41:23.213+0000] {processor.py:836} INFO - DAG(s) dict_keys(['example_weekday_branch_operator']) retrieved from /home/vscode/.local/lib/python3.10/site-packages/airflow/example_dags/example_branch_day_of_week_operator.py
[2025-08-14T09:41:23.226+0000] {logging_mixin.py:150} INFO - [2025-08-14T09:41:23.226+0000] {dag.py:2742} INFO - Sync 1 DAGs
[2025-08-14T09:41:23.240+0000] {logging_mixin.py:150} INFO - [2025-08-14T09:41:23.240+0000] {dag.py:3504} INFO - Setting next_dagrun for example_weekday_branch_operator to 2025-08-13T00:00:00+00:00, run_after=2025-08-14T00:00:00+00:00
[2025-08-14T09:41:23.256+0000] {processor.py:179} INFO - Processing /home/vscode/.local/lib/python3.10/site-packages/airflow/example_dags/example_branch_day_of_week_operator.py took 0.051 seconds
[2025-08-14T09:42:08.229+0000] {processor.py:157} INFO - Started process (PID=4780) to work on /home/vscode/.local/lib/python3.10/site-packages/airflow/example_dags/example_branch_day_of_week_operator.py
[2025-08-14T09:42:08.230+0000] {processor.py:826} INFO - Processing file /home/vscode/.local/lib/python3.10/site-packages/airflow/example_dags/example_branch_day_of_week_operator.py for tasks to queue
[2025-08-14T09:42:08.230+0000] {logging_mixin.py:150} INFO - [2025-08-14T09:42:08.230+0000] {dagbag.py:541} INFO - Filling up the DagBag from /home/vscode/.local/lib/python3.10/site-packages/airflow/example_dags/example_branch_day_of_week_operator.py
[2025-08-14T09:42:08.236+0000] {processor.py:836} INFO - DAG(s) dict_keys(['example_weekday_branch_operator']) retrieved from /home/vscode/.local/lib/python3.10/site-packages/airflow/example_dags/example_branch_day_of_week_operator.py
[2025-08-14T09:42:08.248+0000] {logging_mixin.py:150} INFO - [2025-08-14T09:42:08.248+0000] {dag.py:2742} INFO - Sync 1 DAGs
[2025-08-14T09:42:08.262+0000] {logging_mixin.py:150} INFO - [2025-08-14T09:42:08.262+0000] {dag.py:3504} INFO - Setting next_dagrun for example_weekday_branch_operator to 2025-08-13T00:00:00+00:00, run_after=2025-08-14T00:00:00+00:00
[2025-08-14T09:42:08.278+0000] {processor.py:179} INFO - Processing /home/vscode/.local/lib/python3.10/site-packages/airflow/example_dags/example_branch_day_of_week_operator.py took 0.051 seconds
[2025-08-14T09:42:55.033+0000] {processor.py:157} INFO - Started process (PID=5112) to work on /home/vscode/.local/lib/python3.10/site-packages/airflow/example_dags/example_branch_day_of_week_operator.py
[2025-08-14T09:42:55.033+0000] {processor.py:826} INFO - Processing file /home/vscode/.local/lib/python3.10/site-packages/airflow/example_dags/example_branch_day_of_week_operator.py for tasks to queue
[2025-08-14T09:42:55.034+0000] {logging_mixin.py:150} INFO - [2025-08-14T09:42:55.034+0000] {dagbag.py:541} INFO - Filling up the DagBag from /home/vscode/.local/lib/python3.10/site-packages/airflow/example_dags/example_branch_day_of_week_operator.py
[2025-08-14T09:42:55.041+0000] {processor.py:836} INFO - DAG(s) dict_keys(['example_weekday_branch_operator']) retrieved from /home/vscode/.local/lib/python3.10/site-packages/airflow/example_dags/example_branch_day_of_week_operator.py
[2025-08-14T09:42:55.055+0000] {logging_mixin.py:150} INFO - [2025-08-14T09:42:55.055+0000] {dag.py:2742} INFO - Sync 1 DAGs
[2025-08-14T09:42:55.070+0000] {logging_mixin.py:150} INFO - [2025-08-14T09:42:55.070+0000] {dag.py:3504} INFO - Setting next_dagrun for example_weekday_branch_operator to 2025-08-13T00:00:00+00:00, run_after=2025-08-14T00:00:00+00:00
[2025-08-14T09:42:55.086+0000] {processor.py:179} INFO - Processing /home/vscode/.local/lib/python3.10/site-packages/airflow/example_dags/example_branch_day_of_week_operator.py took 0.055 seconds
[2025-08-14T09:43:42.109+0000] {processor.py:157} INFO - Started process (PID=5458) to work on /home/vscode/.local/lib/python3.10/site-packages/airflow/example_dags/example_branch_day_of_week_operator.py
[2025-08-14T09:43:42.110+0000] {processor.py:826} INFO - Processing file /home/vscode/.local/lib/python3.10/site-packages/airflow/example_dags/example_branch_day_of_week_operator.py for tasks to queue
[2025-08-14T09:43:42.110+0000] {logging_mixin.py:150} INFO - [2025-08-14T09:43:42.110+0000] {dagbag.py:541} INFO - Filling up the DagBag from /home/vscode/.local/lib/python3.10/site-packages/airflow/example_dags/example_branch_day_of_week_operator.py
[2025-08-14T09:43:42.116+0000] {processor.py:836} INFO - DAG(s) dict_keys(['example_weekday_branch_operator']) retrieved from /home/vscode/.local/lib/python3.10/site-packages/airflow/example_dags/example_branch_day_of_week_operator.py
[2025-08-14T09:43:42.129+0000] {logging_mixin.py:150} INFO - [2025-08-14T09:43:42.128+0000] {dag.py:2742} INFO - Sync 1 DAGs
[2025-08-14T09:43:42.144+0000] {logging_mixin.py:150} INFO - [2025-08-14T09:43:42.144+0000] {dag.py:3504} INFO - Setting next_dagrun for example_weekday_branch_operator to 2025-08-13T00:00:00+00:00, run_after=2025-08-14T00:00:00+00:00
[2025-08-14T09:43:42.160+0000] {processor.py:179} INFO - Processing /home/vscode/.local/lib/python3.10/site-packages/airflow/example_dags/example_branch_day_of_week_operator.py took 0.053 seconds
[2025-08-14T09:44:25.514+0000] {processor.py:157} INFO - Started process (PID=5782) to work on /home/vscode/.local/lib/python3.10/site-packages/airflow/example_dags/example_branch_day_of_week_operator.py
[2025-08-14T09:44:25.515+0000] {processor.py:826} INFO - Processing file /home/vscode/.local/lib/python3.10/site-packages/airflow/example_dags/example_branch_day_of_week_operator.py for tasks to queue
[2025-08-14T09:44:25.516+0000] {logging_mixin.py:150} INFO - [2025-08-14T09:44:25.515+0000] {dagbag.py:541} INFO - Filling up the DagBag from /home/vscode/.local/lib/python3.10/site-packages/airflow/example_dags/example_branch_day_of_week_operator.py
[2025-08-14T09:44:25.521+0000] {processor.py:836} INFO - DAG(s) dict_keys(['example_weekday_branch_operator']) retrieved from /home/vscode/.local/lib/python3.10/site-packages/airflow/example_dags/example_branch_day_of_week_operator.py
[2025-08-14T09:44:25.534+0000] {logging_mixin.py:150} INFO - [2025-08-14T09:44:25.534+0000] {dag.py:2742} INFO - Sync 1 DAGs
[2025-08-14T09:44:25.549+0000] {logging_mixin.py:150} INFO - [2025-08-14T09:44:25.549+0000] {dag.py:3504} INFO - Setting next_dagrun for example_weekday_branch_operator to 2025-08-13T00:00:00+00:00, run_after=2025-08-14T00:00:00+00:00
[2025-08-14T09:44:25.565+0000] {processor.py:179} INFO - Processing /home/vscode/.local/lib/python3.10/site-packages/airflow/example_dags/example_branch_day_of_week_operator.py took 0.053 seconds
[2025-08-14T09:45:06.542+0000] {processor.py:157} INFO - Started process (PID=6088) to work on /home/vscode/.local/lib/python3.10/site-packages/airflow/example_dags/example_branch_day_of_week_operator.py
[2025-08-14T09:45:06.543+0000] {processor.py:826} INFO - Processing file /home/vscode/.local/lib/python3.10/site-packages/airflow/example_dags/example_branch_day_of_week_operator.py for tasks to queue
[2025-08-14T09:45:06.543+0000] {logging_mixin.py:150} INFO - [2025-08-14T09:45:06.543+0000] {dagbag.py:541} INFO - Filling up the DagBag from /home/vscode/.local/lib/python3.10/site-packages/airflow/example_dags/example_branch_day_of_week_operator.py
[2025-08-14T09:45:06.549+0000] {processor.py:836} INFO - DAG(s) dict_keys(['example_weekday_branch_operator']) retrieved from /home/vscode/.local/lib/python3.10/site-packages/airflow/example_dags/example_branch_day_of_week_operator.py
[2025-08-14T09:45:06.563+0000] {logging_mixin.py:150} INFO - [2025-08-14T09:45:06.563+0000] {dag.py:2742} INFO - Sync 1 DAGs
[2025-08-14T09:45:06.580+0000] {logging_mixin.py:150} INFO - [2025-08-14T09:45:06.580+0000] {dag.py:3504} INFO - Setting next_dagrun for example_weekday_branch_operator to 2025-08-13T00:00:00+00:00, run_after=2025-08-14T00:00:00+00:00
[2025-08-14T09:45:06.595+0000] {processor.py:179} INFO - Processing /home/vscode/.local/lib/python3.10/site-packages/airflow/example_dags/example_branch_day_of_week_operator.py took 0.054 seconds
[2025-08-14T09:46:07.351+0000] {processor.py:157} INFO - Started process (PID=6501) to work on /home/vscode/.local/lib/python3.10/site-packages/airflow/example_dags/example_branch_day_of_week_operator.py
[2025-08-14T09:46:07.352+0000] {processor.py:826} INFO - Processing file /home/vscode/.local/lib/python3.10/site-packages/airflow/example_dags/example_branch_day_of_week_operator.py for tasks to queue
[2025-08-14T09:46:07.352+0000] {logging_mixin.py:150} INFO - [2025-08-14T09:46:07.352+0000] {dagbag.py:541} INFO - Filling up the DagBag from /home/vscode/.local/lib/python3.10/site-packages/airflow/example_dags/example_branch_day_of_week_operator.py
[2025-08-14T09:46:07.358+0000] {processor.py:836} INFO - DAG(s) dict_keys(['example_weekday_branch_operator']) retrieved from /home/vscode/.local/lib/python3.10/site-packages/airflow/example_dags/example_branch_day_of_week_operator.py
[2025-08-14T09:46:07.370+0000] {logging_mixin.py:150} INFO - [2025-08-14T09:46:07.370+0000] {dag.py:2742} INFO - Sync 1 DAGs
[2025-08-14T09:46:07.386+0000] {logging_mixin.py:150} INFO - [2025-08-14T09:46:07.386+0000] {dag.py:3504} INFO - Setting next_dagrun for example_weekday_branch_operator to 2025-08-13T00:00:00+00:00, run_after=2025-08-14T00:00:00+00:00
[2025-08-14T09:46:07.400+0000] {processor.py:179} INFO - Processing /home/vscode/.local/lib/python3.10/site-packages/airflow/example_dags/example_branch_day_of_week_operator.py took 0.051 seconds
[2025-08-14T09:46:52.388+0000] {processor.py:157} INFO - Started process (PID=6813) to work on /home/vscode/.local/lib/python3.10/site-packages/airflow/example_dags/example_branch_day_of_week_operator.py
[2025-08-14T09:46:52.388+0000] {processor.py:826} INFO - Processing file /home/vscode/.local/lib/python3.10/site-packages/airflow/example_dags/example_branch_day_of_week_operator.py for tasks to queue
[2025-08-14T09:46:52.389+0000] {logging_mixin.py:150} INFO - [2025-08-14T09:46:52.389+0000] {dagbag.py:541} INFO - Filling up the DagBag from /home/vscode/.local/lib/python3.10/site-packages/airflow/example_dags/example_branch_day_of_week_operator.py
[2025-08-14T09:46:52.394+0000] {processor.py:836} INFO - DAG(s) dict_keys(['example_weekday_branch_operator']) retrieved from /home/vscode/.local/lib/python3.10/site-packages/airflow/example_dags/example_branch_day_of_week_operator.py
[2025-08-14T09:46:52.407+0000] {logging_mixin.py:150} INFO - [2025-08-14T09:46:52.406+0000] {dag.py:2742} INFO - Sync 1 DAGs
[2025-08-14T09:46:52.421+0000] {logging_mixin.py:150} INFO - [2025-08-14T09:46:52.421+0000] {dag.py:3504} INFO - Setting next_dagrun for example_weekday_branch_operator to 2025-08-13T00:00:00+00:00, run_after=2025-08-14T00:00:00+00:00
[2025-08-14T09:46:52.436+0000] {processor.py:179} INFO - Processing /home/vscode/.local/lib/python3.10/site-packages/airflow/example_dags/example_branch_day_of_week_operator.py took 0.051 seconds
[2025-08-14T09:47:38.549+0000] {processor.py:157} INFO - Started process (PID=7112) to work on /home/vscode/.local/lib/python3.10/site-packages/airflow/example_dags/example_branch_day_of_week_operator.py
[2025-08-14T09:47:38.549+0000] {processor.py:826} INFO - Processing file /home/vscode/.local/lib/python3.10/site-packages/airflow/example_dags/example_branch_day_of_week_operator.py for tasks to queue
[2025-08-14T09:47:38.550+0000] {logging_mixin.py:150} INFO - [2025-08-14T09:47:38.550+0000] {dagbag.py:541} INFO - Filling up the DagBag from /home/vscode/.local/lib/python3.10/site-packages/airflow/example_dags/example_branch_day_of_week_operator.py
[2025-08-14T09:47:38.556+0000] {processor.py:836} INFO - DAG(s) dict_keys(['example_weekday_branch_operator']) retrieved from /home/vscode/.local/lib/python3.10/site-packages/airflow/example_dags/example_branch_day_of_week_operator.py
[2025-08-14T09:47:38.568+0000] {logging_mixin.py:150} INFO - [2025-08-14T09:47:38.568+0000] {dag.py:2742} INFO - Sync 1 DAGs
[2025-08-14T09:47:38.584+0000] {logging_mixin.py:150} INFO - [2025-08-14T09:47:38.583+0000] {dag.py:3504} INFO - Setting next_dagrun for example_weekday_branch_operator to 2025-08-13T00:00:00+00:00, run_after=2025-08-14T00:00:00+00:00
[2025-08-14T09:47:38.600+0000] {processor.py:179} INFO - Processing /home/vscode/.local/lib/python3.10/site-packages/airflow/example_dags/example_branch_day_of_week_operator.py took 0.053 seconds
[2025-08-14T09:48:27.062+0000] {processor.py:157} INFO - Started process (PID=7468) to work on /home/vscode/.local/lib/python3.10/site-packages/airflow/example_dags/example_branch_day_of_week_operator.py
[2025-08-14T09:48:27.063+0000] {processor.py:826} INFO - Processing file /home/vscode/.local/lib/python3.10/site-packages/airflow/example_dags/example_branch_day_of_week_operator.py for tasks to queue
[2025-08-14T09:48:27.064+0000] {logging_mixin.py:150} INFO - [2025-08-14T09:48:27.063+0000] {dagbag.py:541} INFO - Filling up the DagBag from /home/vscode/.local/lib/python3.10/site-packages/airflow/example_dags/example_branch_day_of_week_operator.py
[2025-08-14T09:48:27.070+0000] {processor.py:836} INFO - DAG(s) dict_keys(['example_weekday_branch_operator']) retrieved from /home/vscode/.local/lib/python3.10/site-packages/airflow/example_dags/example_branch_day_of_week_operator.py
[2025-08-14T09:48:27.083+0000] {logging_mixin.py:150} INFO - [2025-08-14T09:48:27.083+0000] {dag.py:2742} INFO - Sync 1 DAGs
[2025-08-14T09:48:27.099+0000] {logging_mixin.py:150} INFO - [2025-08-14T09:48:27.099+0000] {dag.py:3504} INFO - Setting next_dagrun for example_weekday_branch_operator to 2025-08-13T00:00:00+00:00, run_after=2025-08-14T00:00:00+00:00
[2025-08-14T09:48:27.114+0000] {processor.py:179} INFO - Processing /home/vscode/.local/lib/python3.10/site-packages/airflow/example_dags/example_branch_day_of_week_operator.py took 0.054 seconds
[2025-08-14T09:49:13.153+0000] {processor.py:157} INFO - Started process (PID=7819) to work on /home/vscode/.local/lib/python3.10/site-packages/airflow/example_dags/example_branch_day_of_week_operator.py
[2025-08-14T09:49:13.153+0000] {processor.py:826} INFO - Processing file /home/vscode/.local/lib/python3.10/site-packages/airflow/example_dags/example_branch_day_of_week_operator.py for tasks to queue
[2025-08-14T09:49:13.154+0000] {logging_mixin.py:150} INFO - [2025-08-14T09:49:13.154+0000] {dagbag.py:541} INFO - Filling up the DagBag from /home/vscode/.local/lib/python3.10/site-packages/airflow/example_dags/example_branch_day_of_week_operator.py
[2025-08-14T09:49:13.160+0000] {processor.py:836} INFO - DAG(s) dict_keys(['example_weekday_branch_operator']) retrieved from /home/vscode/.local/lib/python3.10/site-packages/airflow/example_dags/example_branch_day_of_week_operator.py
[2025-08-14T09:49:13.173+0000] {logging_mixin.py:150} INFO - [2025-08-14T09:49:13.173+0000] {dag.py:2742} INFO - Sync 1 DAGs
[2025-08-14T09:49:13.189+0000] {logging_mixin.py:150} INFO - [2025-08-14T09:49:13.188+0000] {dag.py:3504} INFO - Setting next_dagrun for example_weekday_branch_operator to 2025-08-13T00:00:00+00:00, run_after=2025-08-14T00:00:00+00:00
[2025-08-14T09:49:13.203+0000] {processor.py:179} INFO - Processing /home/vscode/.local/lib/python3.10/site-packages/airflow/example_dags/example_branch_day_of_week_operator.py took 0.053 seconds
[2025-08-14T09:49:59.386+0000] {processor.py:157} INFO - Started process (PID=8159) to work on /home/vscode/.local/lib/python3.10/site-packages/airflow/example_dags/example_branch_day_of_week_operator.py
[2025-08-14T09:49:59.386+0000] {processor.py:826} INFO - Processing file /home/vscode/.local/lib/python3.10/site-packages/airflow/example_dags/example_branch_day_of_week_operator.py for tasks to queue
[2025-08-14T09:49:59.387+0000] {logging_mixin.py:150} INFO - [2025-08-14T09:49:59.387+0000] {dagbag.py:541} INFO - Filling up the DagBag from /home/vscode/.local/lib/python3.10/site-packages/airflow/example_dags/example_branch_day_of_week_operator.py
[2025-08-14T09:49:59.393+0000] {processor.py:836} INFO - DAG(s) dict_keys(['example_weekday_branch_operator']) retrieved from /home/vscode/.local/lib/python3.10/site-packages/airflow/example_dags/example_branch_day_of_week_operator.py
[2025-08-14T09:49:59.404+0000] {logging_mixin.py:150} INFO - [2025-08-14T09:49:59.404+0000] {dag.py:2742} INFO - Sync 1 DAGs
[2025-08-14T09:49:59.419+0000] {logging_mixin.py:150} INFO - [2025-08-14T09:49:59.419+0000] {dag.py:3504} INFO - Setting next_dagrun for example_weekday_branch_operator to 2025-08-13T00:00:00+00:00, run_after=2025-08-14T00:00:00+00:00
[2025-08-14T09:49:59.433+0000] {processor.py:179} INFO - Processing /home/vscode/.local/lib/python3.10/site-packages/airflow/example_dags/example_branch_day_of_week_operator.py took 0.050 seconds
[2025-08-14T09:50:42.213+0000] {processor.py:157} INFO - Started process (PID=8477) to work on /home/vscode/.local/lib/python3.10/site-packages/airflow/example_dags/example_branch_day_of_week_operator.py
[2025-08-14T09:50:42.214+0000] {processor.py:826} INFO - Processing file /home/vscode/.local/lib/python3.10/site-packages/airflow/example_dags/example_branch_day_of_week_operator.py for tasks to queue
[2025-08-14T09:50:42.214+0000] {logging_mixin.py:150} INFO - [2025-08-14T09:50:42.214+0000] {dagbag.py:541} INFO - Filling up the DagBag from /home/vscode/.local/lib/python3.10/site-packages/airflow/example_dags/example_branch_day_of_week_operator.py
[2025-08-14T09:50:42.220+0000] {processor.py:836} INFO - DAG(s) dict_keys(['example_weekday_branch_operator']) retrieved from /home/vscode/.local/lib/python3.10/site-packages/airflow/example_dags/example_branch_day_of_week_operator.py
[2025-08-14T09:50:42.233+0000] {logging_mixin.py:150} INFO - [2025-08-14T09:50:42.233+0000] {dag.py:2742} INFO - Sync 1 DAGs
[2025-08-14T09:50:42.248+0000] {logging_mixin.py:150} INFO - [2025-08-14T09:50:42.248+0000] {dag.py:3504} INFO - Setting next_dagrun for example_weekday_branch_operator to 2025-08-13T00:00:00+00:00, run_after=2025-08-14T00:00:00+00:00
[2025-08-14T09:50:42.264+0000] {processor.py:179} INFO - Processing /home/vscode/.local/lib/python3.10/site-packages/airflow/example_dags/example_branch_day_of_week_operator.py took 0.053 seconds
[2025-08-14T09:51:25.889+0000] {processor.py:157} INFO - Started process (PID=8807) to work on /home/vscode/.local/lib/python3.10/site-packages/airflow/example_dags/example_branch_day_of_week_operator.py
[2025-08-14T09:51:25.890+0000] {processor.py:826} INFO - Processing file /home/vscode/.local/lib/python3.10/site-packages/airflow/example_dags/example_branch_day_of_week_operator.py for tasks to queue
[2025-08-14T09:51:25.890+0000] {logging_mixin.py:150} INFO - [2025-08-14T09:51:25.890+0000] {dagbag.py:541} INFO - Filling up the DagBag from /home/vscode/.local/lib/python3.10/site-packages/airflow/example_dags/example_branch_day_of_week_operator.py
[2025-08-14T09:51:25.896+0000] {processor.py:836} INFO - DAG(s) dict_keys(['example_weekday_branch_operator']) retrieved from /home/vscode/.local/lib/python3.10/site-packages/airflow/example_dags/example_branch_day_of_week_operator.py
[2025-08-14T09:51:25.909+0000] {logging_mixin.py:150} INFO - [2025-08-14T09:51:25.909+0000] {dag.py:2742} INFO - Sync 1 DAGs
[2025-08-14T09:51:25.925+0000] {logging_mixin.py:150} INFO - [2025-08-14T09:51:25.925+0000] {dag.py:3504} INFO - Setting next_dagrun for example_weekday_branch_operator to 2025-08-13T00:00:00+00:00, run_after=2025-08-14T00:00:00+00:00
[2025-08-14T09:51:25.941+0000] {processor.py:179} INFO - Processing /home/vscode/.local/lib/python3.10/site-packages/airflow/example_dags/example_branch_day_of_week_operator.py took 0.054 seconds
[2025-08-14T09:52:15.584+0000] {processor.py:157} INFO - Started process (PID=9139) to work on /home/vscode/.local/lib/python3.10/site-packages/airflow/example_dags/example_branch_day_of_week_operator.py
[2025-08-14T09:52:15.585+0000] {processor.py:826} INFO - Processing file /home/vscode/.local/lib/python3.10/site-packages/airflow/example_dags/example_branch_day_of_week_operator.py for tasks to queue
[2025-08-14T09:52:15.585+0000] {logging_mixin.py:150} INFO - [2025-08-14T09:52:15.585+0000] {dagbag.py:541} INFO - Filling up the DagBag from /home/vscode/.local/lib/python3.10/site-packages/airflow/example_dags/example_branch_day_of_week_operator.py
[2025-08-14T09:52:15.591+0000] {processor.py:836} INFO - DAG(s) dict_keys(['example_weekday_branch_operator']) retrieved from /home/vscode/.local/lib/python3.10/site-packages/airflow/example_dags/example_branch_day_of_week_operator.py
[2025-08-14T09:52:15.603+0000] {logging_mixin.py:150} INFO - [2025-08-14T09:52:15.603+0000] {dag.py:2742} INFO - Sync 1 DAGs
[2025-08-14T09:52:15.618+0000] {logging_mixin.py:150} INFO - [2025-08-14T09:52:15.618+0000] {dag.py:3504} INFO - Setting next_dagrun for example_weekday_branch_operator to 2025-08-13T00:00:00+00:00, run_after=2025-08-14T00:00:00+00:00
[2025-08-14T09:52:15.633+0000] {processor.py:179} INFO - Processing /home/vscode/.local/lib/python3.10/site-packages/airflow/example_dags/example_branch_day_of_week_operator.py took 0.051 seconds
[2025-08-14T09:53:02.677+0000] {processor.py:157} INFO - Started process (PID=9451) to work on /home/vscode/.local/lib/python3.10/site-packages/airflow/example_dags/example_branch_day_of_week_operator.py
[2025-08-14T09:53:02.678+0000] {processor.py:826} INFO - Processing file /home/vscode/.local/lib/python3.10/site-packages/airflow/example_dags/example_branch_day_of_week_operator.py for tasks to queue
[2025-08-14T09:53:02.678+0000] {logging_mixin.py:150} INFO - [2025-08-14T09:53:02.678+0000] {dagbag.py:541} INFO - Filling up the DagBag from /home/vscode/.local/lib/python3.10/site-packages/airflow/example_dags/example_branch_day_of_week_operator.py
[2025-08-14T09:53:02.684+0000] {processor.py:836} INFO - DAG(s) dict_keys(['example_weekday_branch_operator']) retrieved from /home/vscode/.local/lib/python3.10/site-packages/airflow/example_dags/example_branch_day_of_week_operator.py
[2025-08-14T09:53:02.698+0000] {logging_mixin.py:150} INFO - [2025-08-14T09:53:02.697+0000] {dag.py:2742} INFO - Sync 1 DAGs
[2025-08-14T09:53:02.713+0000] {logging_mixin.py:150} INFO - [2025-08-14T09:53:02.712+0000] {dag.py:3504} INFO - Setting next_dagrun for example_weekday_branch_operator to 2025-08-13T00:00:00+00:00, run_after=2025-08-14T00:00:00+00:00
[2025-08-14T09:53:02.728+0000] {processor.py:179} INFO - Processing /home/vscode/.local/lib/python3.10/site-packages/airflow/example_dags/example_branch_day_of_week_operator.py took 0.053 seconds
[2025-08-14T09:53:50.863+0000] {processor.py:157} INFO - Started process (PID=9777) to work on /home/vscode/.local/lib/python3.10/site-packages/airflow/example_dags/example_branch_day_of_week_operator.py
[2025-08-14T09:53:50.864+0000] {processor.py:826} INFO - Processing file /home/vscode/.local/lib/python3.10/site-packages/airflow/example_dags/example_branch_day_of_week_operator.py for tasks to queue
[2025-08-14T09:53:50.864+0000] {logging_mixin.py:150} INFO - [2025-08-14T09:53:50.864+0000] {dagbag.py:541} INFO - Filling up the DagBag from /home/vscode/.local/lib/python3.10/site-packages/airflow/example_dags/example_branch_day_of_week_operator.py
[2025-08-14T09:53:50.870+0000] {processor.py:836} INFO - DAG(s) dict_keys(['example_weekday_branch_operator']) retrieved from /home/vscode/.local/lib/python3.10/site-packages/airflow/example_dags/example_branch_day_of_week_operator.py
[2025-08-14T09:53:50.884+0000] {logging_mixin.py:150} INFO - [2025-08-14T09:53:50.884+0000] {dag.py:2742} INFO - Sync 1 DAGs
[2025-08-14T09:53:50.899+0000] {logging_mixin.py:150} INFO - [2025-08-14T09:53:50.899+0000] {dag.py:3504} INFO - Setting next_dagrun for example_weekday_branch_operator to 2025-08-13T00:00:00+00:00, run_after=2025-08-14T00:00:00+00:00
[2025-08-14T09:53:50.914+0000] {processor.py:179} INFO - Processing /home/vscode/.local/lib/python3.10/site-packages/airflow/example_dags/example_branch_day_of_week_operator.py took 0.053 seconds
[2025-08-14T09:54:33.883+0000] {processor.py:157} INFO - Started process (PID=10065) to work on /home/vscode/.local/lib/python3.10/site-packages/airflow/example_dags/example_branch_day_of_week_operator.py
[2025-08-14T09:54:33.883+0000] {processor.py:826} INFO - Processing file /home/vscode/.local/lib/python3.10/site-packages/airflow/example_dags/example_branch_day_of_week_operator.py for tasks to queue
[2025-08-14T09:54:33.884+0000] {logging_mixin.py:150} INFO - [2025-08-14T09:54:33.884+0000] {dagbag.py:541} INFO - Filling up the DagBag from /home/vscode/.local/lib/python3.10/site-packages/airflow/example_dags/example_branch_day_of_week_operator.py
[2025-08-14T09:54:33.890+0000] {processor.py:836} INFO - DAG(s) dict_keys(['example_weekday_branch_operator']) retrieved from /home/vscode/.local/lib/python3.10/site-packages/airflow/example_dags/example_branch_day_of_week_operator.py
[2025-08-14T09:54:33.902+0000] {logging_mixin.py:150} INFO - [2025-08-14T09:54:33.902+0000] {dag.py:2742} INFO - Sync 1 DAGs
[2025-08-14T09:54:33.917+0000] {logging_mixin.py:150} INFO - [2025-08-14T09:54:33.916+0000] {dag.py:3504} INFO - Setting next_dagrun for example_weekday_branch_operator to 2025-08-13T00:00:00+00:00, run_after=2025-08-14T00:00:00+00:00
[2025-08-14T09:54:33.933+0000] {processor.py:179} INFO - Processing /home/vscode/.local/lib/python3.10/site-packages/airflow/example_dags/example_branch_day_of_week_operator.py took 0.053 seconds
[2025-08-14T09:55:21.634+0000] {processor.py:157} INFO - Started process (PID=10384) to work on /home/vscode/.local/lib/python3.10/site-packages/airflow/example_dags/example_branch_day_of_week_operator.py
[2025-08-14T09:55:21.635+0000] {processor.py:826} INFO - Processing file /home/vscode/.local/lib/python3.10/site-packages/airflow/example_dags/example_branch_day_of_week_operator.py for tasks to queue
[2025-08-14T09:55:21.635+0000] {logging_mixin.py:150} INFO - [2025-08-14T09:55:21.635+0000] {dagbag.py:541} INFO - Filling up the DagBag from /home/vscode/.local/lib/python3.10/site-packages/airflow/example_dags/example_branch_day_of_week_operator.py
[2025-08-14T09:55:21.641+0000] {processor.py:836} INFO - DAG(s) dict_keys(['example_weekday_branch_operator']) retrieved from /home/vscode/.local/lib/python3.10/site-packages/airflow/example_dags/example_branch_day_of_week_operator.py
[2025-08-14T09:55:21.653+0000] {logging_mixin.py:150} INFO - [2025-08-14T09:55:21.653+0000] {dag.py:2742} INFO - Sync 1 DAGs
[2025-08-14T09:55:21.667+0000] {logging_mixin.py:150} INFO - [2025-08-14T09:55:21.667+0000] {dag.py:3504} INFO - Setting next_dagrun for example_weekday_branch_operator to 2025-08-13T00:00:00+00:00, run_after=2025-08-14T00:00:00+00:00
[2025-08-14T09:55:21.682+0000] {processor.py:179} INFO - Processing /home/vscode/.local/lib/python3.10/site-packages/airflow/example_dags/example_branch_day_of_week_operator.py took 0.050 seconds
[2025-08-14T09:56:07.464+0000] {processor.py:157} INFO - Started process (PID=10704) to work on /home/vscode/.local/lib/python3.10/site-packages/airflow/example_dags/example_branch_day_of_week_operator.py
[2025-08-14T09:56:07.465+0000] {processor.py:826} INFO - Processing file /home/vscode/.local/lib/python3.10/site-packages/airflow/example_dags/example_branch_day_of_week_operator.py for tasks to queue
[2025-08-14T09:56:07.466+0000] {logging_mixin.py:150} INFO - [2025-08-14T09:56:07.466+0000] {dagbag.py:541} INFO - Filling up the DagBag from /home/vscode/.local/lib/python3.10/site-packages/airflow/example_dags/example_branch_day_of_week_operator.py
[2025-08-14T09:56:07.472+0000] {processor.py:836} INFO - DAG(s) dict_keys(['example_weekday_branch_operator']) retrieved from /home/vscode/.local/lib/python3.10/site-packages/airflow/example_dags/example_branch_day_of_week_operator.py
[2025-08-14T09:56:07.485+0000] {logging_mixin.py:150} INFO - [2025-08-14T09:56:07.485+0000] {dag.py:2742} INFO - Sync 1 DAGs
[2025-08-14T09:56:07.500+0000] {logging_mixin.py:150} INFO - [2025-08-14T09:56:07.500+0000] {dag.py:3504} INFO - Setting next_dagrun for example_weekday_branch_operator to 2025-08-13T00:00:00+00:00, run_after=2025-08-14T00:00:00+00:00
[2025-08-14T09:56:07.517+0000] {processor.py:179} INFO - Processing /home/vscode/.local/lib/python3.10/site-packages/airflow/example_dags/example_branch_day_of_week_operator.py took 0.054 seconds
[2025-08-14T09:56:53.147+0000] {processor.py:157} INFO - Started process (PID=11072) to work on /home/vscode/.local/lib/python3.10/site-packages/airflow/example_dags/example_branch_day_of_week_operator.py
[2025-08-14T09:56:53.148+0000] {processor.py:826} INFO - Processing file /home/vscode/.local/lib/python3.10/site-packages/airflow/example_dags/example_branch_day_of_week_operator.py for tasks to queue
[2025-08-14T09:56:53.149+0000] {logging_mixin.py:150} INFO - [2025-08-14T09:56:53.148+0000] {dagbag.py:541} INFO - Filling up the DagBag from /home/vscode/.local/lib/python3.10/site-packages/airflow/example_dags/example_branch_day_of_week_operator.py
[2025-08-14T09:56:53.155+0000] {processor.py:836} INFO - DAG(s) dict_keys(['example_weekday_branch_operator']) retrieved from /home/vscode/.local/lib/python3.10/site-packages/airflow/example_dags/example_branch_day_of_week_operator.py
[2025-08-14T09:56:53.167+0000] {logging_mixin.py:150} INFO - [2025-08-14T09:56:53.167+0000] {dag.py:2742} INFO - Sync 1 DAGs
[2025-08-14T09:56:53.182+0000] {logging_mixin.py:150} INFO - [2025-08-14T09:56:53.182+0000] {dag.py:3504} INFO - Setting next_dagrun for example_weekday_branch_operator to 2025-08-13T00:00:00+00:00, run_after=2025-08-14T00:00:00+00:00
[2025-08-14T09:56:53.198+0000] {processor.py:179} INFO - Processing /home/vscode/.local/lib/python3.10/site-packages/airflow/example_dags/example_branch_day_of_week_operator.py took 0.053 seconds
[2025-08-14T09:57:41.502+0000] {processor.py:157} INFO - Started process (PID=11464) to work on /home/vscode/.local/lib/python3.10/site-packages/airflow/example_dags/example_branch_day_of_week_operator.py
[2025-08-14T09:57:41.503+0000] {processor.py:826} INFO - Processing file /home/vscode/.local/lib/python3.10/site-packages/airflow/example_dags/example_branch_day_of_week_operator.py for tasks to queue
[2025-08-14T09:57:41.503+0000] {logging_mixin.py:150} INFO - [2025-08-14T09:57:41.503+0000] {dagbag.py:541} INFO - Filling up the DagBag from /home/vscode/.local/lib/python3.10/site-packages/airflow/example_dags/example_branch_day_of_week_operator.py
[2025-08-14T09:57:41.509+0000] {processor.py:836} INFO - DAG(s) dict_keys(['example_weekday_branch_operator']) retrieved from /home/vscode/.local/lib/python3.10/site-packages/airflow/example_dags/example_branch_day_of_week_operator.py
[2025-08-14T09:57:41.521+0000] {logging_mixin.py:150} INFO - [2025-08-14T09:57:41.521+0000] {dag.py:2742} INFO - Sync 1 DAGs
[2025-08-14T09:57:41.536+0000] {logging_mixin.py:150} INFO - [2025-08-14T09:57:41.536+0000] {dag.py:3504} INFO - Setting next_dagrun for example_weekday_branch_operator to 2025-08-13T00:00:00+00:00, run_after=2025-08-14T00:00:00+00:00
[2025-08-14T09:57:41.551+0000] {processor.py:179} INFO - Processing /home/vscode/.local/lib/python3.10/site-packages/airflow/example_dags/example_branch_day_of_week_operator.py took 0.051 seconds
[2025-08-14T09:58:29.431+0000] {processor.py:157} INFO - Started process (PID=11794) to work on /home/vscode/.local/lib/python3.10/site-packages/airflow/example_dags/example_branch_day_of_week_operator.py
[2025-08-14T09:58:29.431+0000] {processor.py:826} INFO - Processing file /home/vscode/.local/lib/python3.10/site-packages/airflow/example_dags/example_branch_day_of_week_operator.py for tasks to queue
[2025-08-14T09:58:29.432+0000] {logging_mixin.py:150} INFO - [2025-08-14T09:58:29.431+0000] {dagbag.py:541} INFO - Filling up the DagBag from /home/vscode/.local/lib/python3.10/site-packages/airflow/example_dags/example_branch_day_of_week_operator.py
[2025-08-14T09:58:29.437+0000] {processor.py:836} INFO - DAG(s) dict_keys(['example_weekday_branch_operator']) retrieved from /home/vscode/.local/lib/python3.10/site-packages/airflow/example_dags/example_branch_day_of_week_operator.py
[2025-08-14T09:58:29.449+0000] {logging_mixin.py:150} INFO - [2025-08-14T09:58:29.449+0000] {dag.py:2742} INFO - Sync 1 DAGs
[2025-08-14T09:58:29.463+0000] {logging_mixin.py:150} INFO - [2025-08-14T09:58:29.463+0000] {dag.py:3504} INFO - Setting next_dagrun for example_weekday_branch_operator to 2025-08-13T00:00:00+00:00, run_after=2025-08-14T00:00:00+00:00
[2025-08-14T09:58:29.479+0000] {processor.py:179} INFO - Processing /home/vscode/.local/lib/python3.10/site-packages/airflow/example_dags/example_branch_day_of_week_operator.py took 0.050 seconds
[2025-08-14T10:06:21.981+0000] {processor.py:157} INFO - Started process (PID=15276) to work on /home/vscode/.local/lib/python3.10/site-packages/airflow/example_dags/example_branch_day_of_week_operator.py
[2025-08-14T10:06:21.982+0000] {processor.py:826} INFO - Processing file /home/vscode/.local/lib/python3.10/site-packages/airflow/example_dags/example_branch_day_of_week_operator.py for tasks to queue
[2025-08-14T10:06:21.982+0000] {logging_mixin.py:150} INFO - [2025-08-14T10:06:21.982+0000] {dagbag.py:541} INFO - Filling up the DagBag from /home/vscode/.local/lib/python3.10/site-packages/airflow/example_dags/example_branch_day_of_week_operator.py
[2025-08-14T10:06:21.990+0000] {processor.py:836} INFO - DAG(s) dict_keys(['example_weekday_branch_operator']) retrieved from /home/vscode/.local/lib/python3.10/site-packages/airflow/example_dags/example_branch_day_of_week_operator.py
[2025-08-14T10:06:22.002+0000] {logging_mixin.py:150} INFO - [2025-08-14T10:06:22.002+0000] {dag.py:2742} INFO - Sync 1 DAGs
[2025-08-14T10:06:22.016+0000] {logging_mixin.py:150} INFO - [2025-08-14T10:06:22.016+0000] {dag.py:3504} INFO - Setting next_dagrun for example_weekday_branch_operator to 2025-08-13T00:00:00+00:00, run_after=2025-08-14T00:00:00+00:00
[2025-08-14T10:06:22.032+0000] {processor.py:179} INFO - Processing /home/vscode/.local/lib/python3.10/site-packages/airflow/example_dags/example_branch_day_of_week_operator.py took 0.053 seconds
[2025-08-14T10:07:08.245+0000] {processor.py:157} INFO - Started process (PID=15585) to work on /home/vscode/.local/lib/python3.10/site-packages/airflow/example_dags/example_branch_day_of_week_operator.py
[2025-08-14T10:07:08.245+0000] {processor.py:826} INFO - Processing file /home/vscode/.local/lib/python3.10/site-packages/airflow/example_dags/example_branch_day_of_week_operator.py for tasks to queue
[2025-08-14T10:07:08.246+0000] {logging_mixin.py:150} INFO - [2025-08-14T10:07:08.246+0000] {dagbag.py:541} INFO - Filling up the DagBag from /home/vscode/.local/lib/python3.10/site-packages/airflow/example_dags/example_branch_day_of_week_operator.py
[2025-08-14T10:07:08.251+0000] {processor.py:836} INFO - DAG(s) dict_keys(['example_weekday_branch_operator']) retrieved from /home/vscode/.local/lib/python3.10/site-packages/airflow/example_dags/example_branch_day_of_week_operator.py
[2025-08-14T10:07:08.263+0000] {logging_mixin.py:150} INFO - [2025-08-14T10:07:08.263+0000] {dag.py:2742} INFO - Sync 1 DAGs
[2025-08-14T10:07:08.278+0000] {logging_mixin.py:150} INFO - [2025-08-14T10:07:08.278+0000] {dag.py:3504} INFO - Setting next_dagrun for example_weekday_branch_operator to 2025-08-13T00:00:00+00:00, run_after=2025-08-14T00:00:00+00:00
[2025-08-14T10:07:08.293+0000] {processor.py:179} INFO - Processing /home/vscode/.local/lib/python3.10/site-packages/airflow/example_dags/example_branch_day_of_week_operator.py took 0.051 seconds
[2025-08-14T10:07:55.932+0000] {processor.py:157} INFO - Started process (PID=15959) to work on /home/vscode/.local/lib/python3.10/site-packages/airflow/example_dags/example_branch_day_of_week_operator.py
[2025-08-14T10:07:55.932+0000] {processor.py:826} INFO - Processing file /home/vscode/.local/lib/python3.10/site-packages/airflow/example_dags/example_branch_day_of_week_operator.py for tasks to queue
[2025-08-14T10:07:55.933+0000] {logging_mixin.py:150} INFO - [2025-08-14T10:07:55.932+0000] {dagbag.py:541} INFO - Filling up the DagBag from /home/vscode/.local/lib/python3.10/site-packages/airflow/example_dags/example_branch_day_of_week_operator.py
[2025-08-14T10:07:55.938+0000] {processor.py:836} INFO - DAG(s) dict_keys(['example_weekday_branch_operator']) retrieved from /home/vscode/.local/lib/python3.10/site-packages/airflow/example_dags/example_branch_day_of_week_operator.py
[2025-08-14T10:07:55.953+0000] {logging_mixin.py:150} INFO - [2025-08-14T10:07:55.953+0000] {dag.py:2742} INFO - Sync 1 DAGs
[2025-08-14T10:07:55.970+0000] {logging_mixin.py:150} INFO - [2025-08-14T10:07:55.970+0000] {dag.py:3504} INFO - Setting next_dagrun for example_weekday_branch_operator to 2025-08-13T00:00:00+00:00, run_after=2025-08-14T00:00:00+00:00
[2025-08-14T10:07:55.986+0000] {processor.py:179} INFO - Processing /home/vscode/.local/lib/python3.10/site-packages/airflow/example_dags/example_branch_day_of_week_operator.py took 0.056 seconds
[2025-08-14T10:08:45.670+0000] {processor.py:157} INFO - Started process (PID=16383) to work on /home/vscode/.local/lib/python3.10/site-packages/airflow/example_dags/example_branch_day_of_week_operator.py
[2025-08-14T10:08:45.670+0000] {processor.py:826} INFO - Processing file /home/vscode/.local/lib/python3.10/site-packages/airflow/example_dags/example_branch_day_of_week_operator.py for tasks to queue
[2025-08-14T10:08:45.671+0000] {logging_mixin.py:150} INFO - [2025-08-14T10:08:45.670+0000] {dagbag.py:541} INFO - Filling up the DagBag from /home/vscode/.local/lib/python3.10/site-packages/airflow/example_dags/example_branch_day_of_week_operator.py
[2025-08-14T10:08:45.676+0000] {processor.py:836} INFO - DAG(s) dict_keys(['example_weekday_branch_operator']) retrieved from /home/vscode/.local/lib/python3.10/site-packages/airflow/example_dags/example_branch_day_of_week_operator.py
[2025-08-14T10:08:45.685+0000] {logging_mixin.py:150} INFO - [2025-08-14T10:08:45.684+0000] {dag.py:2742} INFO - Sync 1 DAGs
[2025-08-14T10:08:45.705+0000] {logging_mixin.py:150} INFO - [2025-08-14T10:08:45.705+0000] {dag.py:3504} INFO - Setting next_dagrun for example_weekday_branch_operator to 2025-08-13T00:00:00+00:00, run_after=2025-08-14T00:00:00+00:00
[2025-08-14T10:08:45.721+0000] {processor.py:179} INFO - Processing /home/vscode/.local/lib/python3.10/site-packages/airflow/example_dags/example_branch_day_of_week_operator.py took 0.053 seconds
[2025-08-14T10:09:37.506+0000] {processor.py:157} INFO - Started process (PID=16804) to work on /home/vscode/.local/lib/python3.10/site-packages/airflow/example_dags/example_branch_day_of_week_operator.py
[2025-08-14T10:09:37.507+0000] {processor.py:826} INFO - Processing file /home/vscode/.local/lib/python3.10/site-packages/airflow/example_dags/example_branch_day_of_week_operator.py for tasks to queue
[2025-08-14T10:09:37.508+0000] {logging_mixin.py:150} INFO - [2025-08-14T10:09:37.507+0000] {dagbag.py:541} INFO - Filling up the DagBag from /home/vscode/.local/lib/python3.10/site-packages/airflow/example_dags/example_branch_day_of_week_operator.py
[2025-08-14T10:09:37.513+0000] {processor.py:836} INFO - DAG(s) dict_keys(['example_weekday_branch_operator']) retrieved from /home/vscode/.local/lib/python3.10/site-packages/airflow/example_dags/example_branch_day_of_week_operator.py
[2025-08-14T10:09:37.526+0000] {logging_mixin.py:150} INFO - [2025-08-14T10:09:37.526+0000] {dag.py:2742} INFO - Sync 1 DAGs
[2025-08-14T10:09:37.541+0000] {logging_mixin.py:150} INFO - [2025-08-14T10:09:37.541+0000] {dag.py:3504} INFO - Setting next_dagrun for example_weekday_branch_operator to 2025-08-13T00:00:00+00:00, run_after=2025-08-14T00:00:00+00:00
[2025-08-14T10:09:37.556+0000] {processor.py:179} INFO - Processing /home/vscode/.local/lib/python3.10/site-packages/airflow/example_dags/example_branch_day_of_week_operator.py took 0.052 seconds
[2025-08-14T10:10:23.028+0000] {processor.py:157} INFO - Started process (PID=17155) to work on /home/vscode/.local/lib/python3.10/site-packages/airflow/example_dags/example_branch_day_of_week_operator.py
[2025-08-14T10:10:23.029+0000] {processor.py:826} INFO - Processing file /home/vscode/.local/lib/python3.10/site-packages/airflow/example_dags/example_branch_day_of_week_operator.py for tasks to queue
[2025-08-14T10:10:23.029+0000] {logging_mixin.py:150} INFO - [2025-08-14T10:10:23.029+0000] {dagbag.py:541} INFO - Filling up the DagBag from /home/vscode/.local/lib/python3.10/site-packages/airflow/example_dags/example_branch_day_of_week_operator.py
[2025-08-14T10:10:23.035+0000] {processor.py:836} INFO - DAG(s) dict_keys(['example_weekday_branch_operator']) retrieved from /home/vscode/.local/lib/python3.10/site-packages/airflow/example_dags/example_branch_day_of_week_operator.py
[2025-08-14T10:10:23.046+0000] {logging_mixin.py:150} INFO - [2025-08-14T10:10:23.046+0000] {dag.py:2742} INFO - Sync 1 DAGs
[2025-08-14T10:10:23.061+0000] {logging_mixin.py:150} INFO - [2025-08-14T10:10:23.061+0000] {dag.py:3504} INFO - Setting next_dagrun for example_weekday_branch_operator to 2025-08-13T00:00:00+00:00, run_after=2025-08-14T00:00:00+00:00
[2025-08-14T10:10:23.076+0000] {processor.py:179} INFO - Processing /home/vscode/.local/lib/python3.10/site-packages/airflow/example_dags/example_branch_day_of_week_operator.py took 0.050 seconds
[2025-08-14T10:11:08.857+0000] {processor.py:157} INFO - Started process (PID=17488) to work on /home/vscode/.local/lib/python3.10/site-packages/airflow/example_dags/example_branch_day_of_week_operator.py
[2025-08-14T10:11:08.858+0000] {processor.py:826} INFO - Processing file /home/vscode/.local/lib/python3.10/site-packages/airflow/example_dags/example_branch_day_of_week_operator.py for tasks to queue
[2025-08-14T10:11:08.859+0000] {logging_mixin.py:150} INFO - [2025-08-14T10:11:08.858+0000] {dagbag.py:541} INFO - Filling up the DagBag from /home/vscode/.local/lib/python3.10/site-packages/airflow/example_dags/example_branch_day_of_week_operator.py
[2025-08-14T10:11:08.864+0000] {processor.py:836} INFO - DAG(s) dict_keys(['example_weekday_branch_operator']) retrieved from /home/vscode/.local/lib/python3.10/site-packages/airflow/example_dags/example_branch_day_of_week_operator.py
[2025-08-14T10:11:08.876+0000] {logging_mixin.py:150} INFO - [2025-08-14T10:11:08.876+0000] {dag.py:2742} INFO - Sync 1 DAGs
[2025-08-14T10:11:08.890+0000] {logging_mixin.py:150} INFO - [2025-08-14T10:11:08.890+0000] {dag.py:3504} INFO - Setting next_dagrun for example_weekday_branch_operator to 2025-08-13T00:00:00+00:00, run_after=2025-08-14T00:00:00+00:00
[2025-08-14T10:11:08.905+0000] {processor.py:179} INFO - Processing /home/vscode/.local/lib/python3.10/site-packages/airflow/example_dags/example_branch_day_of_week_operator.py took 0.049 seconds
[2025-08-14T10:11:55.954+0000] {processor.py:157} INFO - Started process (PID=17842) to work on /home/vscode/.local/lib/python3.10/site-packages/airflow/example_dags/example_branch_day_of_week_operator.py
[2025-08-14T10:11:55.955+0000] {processor.py:826} INFO - Processing file /home/vscode/.local/lib/python3.10/site-packages/airflow/example_dags/example_branch_day_of_week_operator.py for tasks to queue
[2025-08-14T10:11:55.955+0000] {logging_mixin.py:150} INFO - [2025-08-14T10:11:55.955+0000] {dagbag.py:541} INFO - Filling up the DagBag from /home/vscode/.local/lib/python3.10/site-packages/airflow/example_dags/example_branch_day_of_week_operator.py
[2025-08-14T10:11:55.961+0000] {processor.py:836} INFO - DAG(s) dict_keys(['example_weekday_branch_operator']) retrieved from /home/vscode/.local/lib/python3.10/site-packages/airflow/example_dags/example_branch_day_of_week_operator.py
[2025-08-14T10:11:55.973+0000] {logging_mixin.py:150} INFO - [2025-08-14T10:11:55.973+0000] {dag.py:2742} INFO - Sync 1 DAGs
[2025-08-14T10:11:55.988+0000] {logging_mixin.py:150} INFO - [2025-08-14T10:11:55.987+0000] {dag.py:3504} INFO - Setting next_dagrun for example_weekday_branch_operator to 2025-08-13T00:00:00+00:00, run_after=2025-08-14T00:00:00+00:00
[2025-08-14T10:11:56.002+0000] {processor.py:179} INFO - Processing /home/vscode/.local/lib/python3.10/site-packages/airflow/example_dags/example_branch_day_of_week_operator.py took 0.050 seconds
[2025-08-14T10:12:40.618+0000] {processor.py:157} INFO - Started process (PID=18174) to work on /home/vscode/.local/lib/python3.10/site-packages/airflow/example_dags/example_branch_day_of_week_operator.py
[2025-08-14T10:12:40.618+0000] {processor.py:826} INFO - Processing file /home/vscode/.local/lib/python3.10/site-packages/airflow/example_dags/example_branch_day_of_week_operator.py for tasks to queue
[2025-08-14T10:12:40.619+0000] {logging_mixin.py:150} INFO - [2025-08-14T10:12:40.619+0000] {dagbag.py:541} INFO - Filling up the DagBag from /home/vscode/.local/lib/python3.10/site-packages/airflow/example_dags/example_branch_day_of_week_operator.py
[2025-08-14T10:12:40.624+0000] {processor.py:836} INFO - DAG(s) dict_keys(['example_weekday_branch_operator']) retrieved from /home/vscode/.local/lib/python3.10/site-packages/airflow/example_dags/example_branch_day_of_week_operator.py
[2025-08-14T10:12:40.636+0000] {logging_mixin.py:150} INFO - [2025-08-14T10:12:40.636+0000] {dag.py:2742} INFO - Sync 1 DAGs
[2025-08-14T10:12:40.651+0000] {logging_mixin.py:150} INFO - [2025-08-14T10:12:40.651+0000] {dag.py:3504} INFO - Setting next_dagrun for example_weekday_branch_operator to 2025-08-13T00:00:00+00:00, run_after=2025-08-14T00:00:00+00:00
[2025-08-14T10:12:40.666+0000] {processor.py:179} INFO - Processing /home/vscode/.local/lib/python3.10/site-packages/airflow/example_dags/example_branch_day_of_week_operator.py took 0.050 seconds
[2025-08-14T10:13:33.405+0000] {processor.py:157} INFO - Started process (PID=18574) to work on /home/vscode/.local/lib/python3.10/site-packages/airflow/example_dags/example_branch_day_of_week_operator.py
[2025-08-14T10:13:33.406+0000] {processor.py:826} INFO - Processing file /home/vscode/.local/lib/python3.10/site-packages/airflow/example_dags/example_branch_day_of_week_operator.py for tasks to queue
[2025-08-14T10:13:33.407+0000] {logging_mixin.py:150} INFO - [2025-08-14T10:13:33.406+0000] {dagbag.py:541} INFO - Filling up the DagBag from /home/vscode/.local/lib/python3.10/site-packages/airflow/example_dags/example_branch_day_of_week_operator.py
[2025-08-14T10:13:33.415+0000] {processor.py:836} INFO - DAG(s) dict_keys(['example_weekday_branch_operator']) retrieved from /home/vscode/.local/lib/python3.10/site-packages/airflow/example_dags/example_branch_day_of_week_operator.py
[2025-08-14T10:13:33.433+0000] {logging_mixin.py:150} INFO - [2025-08-14T10:13:33.433+0000] {dag.py:2742} INFO - Sync 1 DAGs
[2025-08-14T10:13:33.456+0000] {logging_mixin.py:150} INFO - [2025-08-14T10:13:33.456+0000] {dag.py:3504} INFO - Setting next_dagrun for example_weekday_branch_operator to 2025-08-13T00:00:00+00:00, run_after=2025-08-14T00:00:00+00:00
[2025-08-14T10:13:33.483+0000] {processor.py:179} INFO - Processing /home/vscode/.local/lib/python3.10/site-packages/airflow/example_dags/example_branch_day_of_week_operator.py took 0.080 seconds
[2025-08-14T10:14:17.678+0000] {processor.py:157} INFO - Started process (PID=18899) to work on /home/vscode/.local/lib/python3.10/site-packages/airflow/example_dags/example_branch_day_of_week_operator.py
[2025-08-14T10:14:17.678+0000] {processor.py:826} INFO - Processing file /home/vscode/.local/lib/python3.10/site-packages/airflow/example_dags/example_branch_day_of_week_operator.py for tasks to queue
[2025-08-14T10:14:17.679+0000] {logging_mixin.py:150} INFO - [2025-08-14T10:14:17.679+0000] {dagbag.py:541} INFO - Filling up the DagBag from /home/vscode/.local/lib/python3.10/site-packages/airflow/example_dags/example_branch_day_of_week_operator.py
[2025-08-14T10:14:17.684+0000] {processor.py:836} INFO - DAG(s) dict_keys(['example_weekday_branch_operator']) retrieved from /home/vscode/.local/lib/python3.10/site-packages/airflow/example_dags/example_branch_day_of_week_operator.py
[2025-08-14T10:14:17.697+0000] {logging_mixin.py:150} INFO - [2025-08-14T10:14:17.696+0000] {dag.py:2742} INFO - Sync 1 DAGs
[2025-08-14T10:14:17.712+0000] {logging_mixin.py:150} INFO - [2025-08-14T10:14:17.712+0000] {dag.py:3504} INFO - Setting next_dagrun for example_weekday_branch_operator to 2025-08-13T00:00:00+00:00, run_after=2025-08-14T00:00:00+00:00
[2025-08-14T10:14:17.727+0000] {processor.py:179} INFO - Processing /home/vscode/.local/lib/python3.10/site-packages/airflow/example_dags/example_branch_day_of_week_operator.py took 0.051 seconds
[2025-08-14T10:15:04.336+0000] {processor.py:157} INFO - Started process (PID=19251) to work on /home/vscode/.local/lib/python3.10/site-packages/airflow/example_dags/example_branch_day_of_week_operator.py
[2025-08-14T10:15:04.337+0000] {processor.py:826} INFO - Processing file /home/vscode/.local/lib/python3.10/site-packages/airflow/example_dags/example_branch_day_of_week_operator.py for tasks to queue
[2025-08-14T10:15:04.339+0000] {logging_mixin.py:150} INFO - [2025-08-14T10:15:04.338+0000] {dagbag.py:541} INFO - Filling up the DagBag from /home/vscode/.local/lib/python3.10/site-packages/airflow/example_dags/example_branch_day_of_week_operator.py
[2025-08-14T10:15:04.348+0000] {processor.py:836} INFO - DAG(s) dict_keys(['example_weekday_branch_operator']) retrieved from /home/vscode/.local/lib/python3.10/site-packages/airflow/example_dags/example_branch_day_of_week_operator.py
[2025-08-14T10:15:04.370+0000] {logging_mixin.py:150} INFO - [2025-08-14T10:15:04.369+0000] {dag.py:2742} INFO - Sync 1 DAGs
[2025-08-14T10:15:04.397+0000] {logging_mixin.py:150} INFO - [2025-08-14T10:15:04.396+0000] {dag.py:3504} INFO - Setting next_dagrun for example_weekday_branch_operator to 2025-08-13T00:00:00+00:00, run_after=2025-08-14T00:00:00+00:00
[2025-08-14T10:15:04.425+0000] {processor.py:179} INFO - Processing /home/vscode/.local/lib/python3.10/site-packages/airflow/example_dags/example_branch_day_of_week_operator.py took 0.092 seconds
[2025-08-14T10:15:46.204+0000] {processor.py:157} INFO - Started process (PID=19557) to work on /home/vscode/.local/lib/python3.10/site-packages/airflow/example_dags/example_branch_day_of_week_operator.py
[2025-08-14T10:15:46.204+0000] {processor.py:826} INFO - Processing file /home/vscode/.local/lib/python3.10/site-packages/airflow/example_dags/example_branch_day_of_week_operator.py for tasks to queue
[2025-08-14T10:15:46.205+0000] {logging_mixin.py:150} INFO - [2025-08-14T10:15:46.205+0000] {dagbag.py:541} INFO - Filling up the DagBag from /home/vscode/.local/lib/python3.10/site-packages/airflow/example_dags/example_branch_day_of_week_operator.py
[2025-08-14T10:15:46.210+0000] {processor.py:836} INFO - DAG(s) dict_keys(['example_weekday_branch_operator']) retrieved from /home/vscode/.local/lib/python3.10/site-packages/airflow/example_dags/example_branch_day_of_week_operator.py
[2025-08-14T10:15:46.222+0000] {logging_mixin.py:150} INFO - [2025-08-14T10:15:46.222+0000] {dag.py:2742} INFO - Sync 1 DAGs
[2025-08-14T10:15:46.237+0000] {logging_mixin.py:150} INFO - [2025-08-14T10:15:46.237+0000] {dag.py:3504} INFO - Setting next_dagrun for example_weekday_branch_operator to 2025-08-13T00:00:00+00:00, run_after=2025-08-14T00:00:00+00:00
[2025-08-14T10:15:46.252+0000] {processor.py:179} INFO - Processing /home/vscode/.local/lib/python3.10/site-packages/airflow/example_dags/example_branch_day_of_week_operator.py took 0.051 seconds
[2025-08-14T10:16:32.744+0000] {processor.py:157} INFO - Started process (PID=19902) to work on /home/vscode/.local/lib/python3.10/site-packages/airflow/example_dags/example_branch_day_of_week_operator.py
[2025-08-14T10:16:32.745+0000] {processor.py:826} INFO - Processing file /home/vscode/.local/lib/python3.10/site-packages/airflow/example_dags/example_branch_day_of_week_operator.py for tasks to queue
[2025-08-14T10:16:32.746+0000] {logging_mixin.py:150} INFO - [2025-08-14T10:16:32.745+0000] {dagbag.py:541} INFO - Filling up the DagBag from /home/vscode/.local/lib/python3.10/site-packages/airflow/example_dags/example_branch_day_of_week_operator.py
[2025-08-14T10:16:32.751+0000] {processor.py:836} INFO - DAG(s) dict_keys(['example_weekday_branch_operator']) retrieved from /home/vscode/.local/lib/python3.10/site-packages/airflow/example_dags/example_branch_day_of_week_operator.py
[2025-08-14T10:16:32.763+0000] {logging_mixin.py:150} INFO - [2025-08-14T10:16:32.763+0000] {dag.py:2742} INFO - Sync 1 DAGs
[2025-08-14T10:16:32.778+0000] {logging_mixin.py:150} INFO - [2025-08-14T10:16:32.778+0000] {dag.py:3504} INFO - Setting next_dagrun for example_weekday_branch_operator to 2025-08-13T00:00:00+00:00, run_after=2025-08-14T00:00:00+00:00
[2025-08-14T10:16:32.793+0000] {processor.py:179} INFO - Processing /home/vscode/.local/lib/python3.10/site-packages/airflow/example_dags/example_branch_day_of_week_operator.py took 0.051 seconds
[2025-08-14T10:17:20.276+0000] {processor.py:157} INFO - Started process (PID=20261) to work on /home/vscode/.local/lib/python3.10/site-packages/airflow/example_dags/example_branch_day_of_week_operator.py
[2025-08-14T10:17:20.276+0000] {processor.py:826} INFO - Processing file /home/vscode/.local/lib/python3.10/site-packages/airflow/example_dags/example_branch_day_of_week_operator.py for tasks to queue
[2025-08-14T10:17:20.277+0000] {logging_mixin.py:150} INFO - [2025-08-14T10:17:20.277+0000] {dagbag.py:541} INFO - Filling up the DagBag from /home/vscode/.local/lib/python3.10/site-packages/airflow/example_dags/example_branch_day_of_week_operator.py
[2025-08-14T10:17:20.282+0000] {processor.py:836} INFO - DAG(s) dict_keys(['example_weekday_branch_operator']) retrieved from /home/vscode/.local/lib/python3.10/site-packages/airflow/example_dags/example_branch_day_of_week_operator.py
[2025-08-14T10:17:20.294+0000] {logging_mixin.py:150} INFO - [2025-08-14T10:17:20.294+0000] {dag.py:2742} INFO - Sync 1 DAGs
[2025-08-14T10:17:20.309+0000] {logging_mixin.py:150} INFO - [2025-08-14T10:17:20.309+0000] {dag.py:3504} INFO - Setting next_dagrun for example_weekday_branch_operator to 2025-08-13T00:00:00+00:00, run_after=2025-08-14T00:00:00+00:00
[2025-08-14T10:17:20.325+0000] {processor.py:179} INFO - Processing /home/vscode/.local/lib/python3.10/site-packages/airflow/example_dags/example_branch_day_of_week_operator.py took 0.051 seconds
[2025-08-14T10:18:08.026+0000] {processor.py:157} INFO - Started process (PID=20598) to work on /home/vscode/.local/lib/python3.10/site-packages/airflow/example_dags/example_branch_day_of_week_operator.py
[2025-08-14T10:18:08.027+0000] {processor.py:826} INFO - Processing file /home/vscode/.local/lib/python3.10/site-packages/airflow/example_dags/example_branch_day_of_week_operator.py for tasks to queue
[2025-08-14T10:18:08.027+0000] {logging_mixin.py:150} INFO - [2025-08-14T10:18:08.027+0000] {dagbag.py:541} INFO - Filling up the DagBag from /home/vscode/.local/lib/python3.10/site-packages/airflow/example_dags/example_branch_day_of_week_operator.py
[2025-08-14T10:18:08.035+0000] {processor.py:836} INFO - DAG(s) dict_keys(['example_weekday_branch_operator']) retrieved from /home/vscode/.local/lib/python3.10/site-packages/airflow/example_dags/example_branch_day_of_week_operator.py
[2025-08-14T10:18:08.053+0000] {logging_mixin.py:150} INFO - [2025-08-14T10:18:08.053+0000] {dag.py:2742} INFO - Sync 1 DAGs
[2025-08-14T10:18:08.077+0000] {logging_mixin.py:150} INFO - [2025-08-14T10:18:08.077+0000] {dag.py:3504} INFO - Setting next_dagrun for example_weekday_branch_operator to 2025-08-13T00:00:00+00:00, run_after=2025-08-14T00:00:00+00:00
[2025-08-14T10:18:08.101+0000] {processor.py:179} INFO - Processing /home/vscode/.local/lib/python3.10/site-packages/airflow/example_dags/example_branch_day_of_week_operator.py took 0.078 seconds
[2025-08-14T10:18:56.685+0000] {processor.py:157} INFO - Started process (PID=20917) to work on /home/vscode/.local/lib/python3.10/site-packages/airflow/example_dags/example_branch_day_of_week_operator.py
[2025-08-14T10:18:56.686+0000] {processor.py:826} INFO - Processing file /home/vscode/.local/lib/python3.10/site-packages/airflow/example_dags/example_branch_day_of_week_operator.py for tasks to queue
[2025-08-14T10:18:56.686+0000] {logging_mixin.py:150} INFO - [2025-08-14T10:18:56.686+0000] {dagbag.py:541} INFO - Filling up the DagBag from /home/vscode/.local/lib/python3.10/site-packages/airflow/example_dags/example_branch_day_of_week_operator.py
[2025-08-14T10:18:56.696+0000] {processor.py:836} INFO - DAG(s) dict_keys(['example_weekday_branch_operator']) retrieved from /home/vscode/.local/lib/python3.10/site-packages/airflow/example_dags/example_branch_day_of_week_operator.py
[2025-08-14T10:18:56.711+0000] {logging_mixin.py:150} INFO - [2025-08-14T10:18:56.711+0000] {dag.py:2742} INFO - Sync 1 DAGs
[2025-08-14T10:18:56.727+0000] {logging_mixin.py:150} INFO - [2025-08-14T10:18:56.727+0000] {dag.py:3504} INFO - Setting next_dagrun for example_weekday_branch_operator to 2025-08-13T00:00:00+00:00, run_after=2025-08-14T00:00:00+00:00
[2025-08-14T10:18:56.743+0000] {processor.py:179} INFO - Processing /home/vscode/.local/lib/python3.10/site-packages/airflow/example_dags/example_branch_day_of_week_operator.py took 0.061 seconds
[2025-08-14T10:19:45.654+0000] {processor.py:157} INFO - Started process (PID=21269) to work on /home/vscode/.local/lib/python3.10/site-packages/airflow/example_dags/example_branch_day_of_week_operator.py
[2025-08-14T10:19:45.655+0000] {processor.py:826} INFO - Processing file /home/vscode/.local/lib/python3.10/site-packages/airflow/example_dags/example_branch_day_of_week_operator.py for tasks to queue
[2025-08-14T10:19:45.655+0000] {logging_mixin.py:150} INFO - [2025-08-14T10:19:45.655+0000] {dagbag.py:541} INFO - Filling up the DagBag from /home/vscode/.local/lib/python3.10/site-packages/airflow/example_dags/example_branch_day_of_week_operator.py
[2025-08-14T10:19:45.661+0000] {processor.py:836} INFO - DAG(s) dict_keys(['example_weekday_branch_operator']) retrieved from /home/vscode/.local/lib/python3.10/site-packages/airflow/example_dags/example_branch_day_of_week_operator.py
[2025-08-14T10:19:45.680+0000] {logging_mixin.py:150} INFO - [2025-08-14T10:19:45.680+0000] {dag.py:2742} INFO - Sync 1 DAGs
[2025-08-14T10:19:45.703+0000] {logging_mixin.py:150} INFO - [2025-08-14T10:19:45.702+0000] {dag.py:3504} INFO - Setting next_dagrun for example_weekday_branch_operator to 2025-08-13T00:00:00+00:00, run_after=2025-08-14T00:00:00+00:00
[2025-08-14T10:19:45.731+0000] {processor.py:179} INFO - Processing /home/vscode/.local/lib/python3.10/site-packages/airflow/example_dags/example_branch_day_of_week_operator.py took 0.079 seconds
[2025-08-14T10:20:32.007+0000] {processor.py:157} INFO - Started process (PID=21608) to work on /home/vscode/.local/lib/python3.10/site-packages/airflow/example_dags/example_branch_day_of_week_operator.py
[2025-08-14T10:20:32.008+0000] {processor.py:826} INFO - Processing file /home/vscode/.local/lib/python3.10/site-packages/airflow/example_dags/example_branch_day_of_week_operator.py for tasks to queue
[2025-08-14T10:20:32.008+0000] {logging_mixin.py:150} INFO - [2025-08-14T10:20:32.008+0000] {dagbag.py:541} INFO - Filling up the DagBag from /home/vscode/.local/lib/python3.10/site-packages/airflow/example_dags/example_branch_day_of_week_operator.py
[2025-08-14T10:20:32.013+0000] {processor.py:836} INFO - DAG(s) dict_keys(['example_weekday_branch_operator']) retrieved from /home/vscode/.local/lib/python3.10/site-packages/airflow/example_dags/example_branch_day_of_week_operator.py
[2025-08-14T10:20:32.025+0000] {logging_mixin.py:150} INFO - [2025-08-14T10:20:32.025+0000] {dag.py:2742} INFO - Sync 1 DAGs
[2025-08-14T10:20:32.040+0000] {logging_mixin.py:150} INFO - [2025-08-14T10:20:32.040+0000] {dag.py:3504} INFO - Setting next_dagrun for example_weekday_branch_operator to 2025-08-13T00:00:00+00:00, run_after=2025-08-14T00:00:00+00:00
[2025-08-14T10:20:32.055+0000] {processor.py:179} INFO - Processing /home/vscode/.local/lib/python3.10/site-packages/airflow/example_dags/example_branch_day_of_week_operator.py took 0.050 seconds
[2025-08-14T10:21:18.981+0000] {processor.py:157} INFO - Started process (PID=21926) to work on /home/vscode/.local/lib/python3.10/site-packages/airflow/example_dags/example_branch_day_of_week_operator.py
[2025-08-14T10:21:18.982+0000] {processor.py:826} INFO - Processing file /home/vscode/.local/lib/python3.10/site-packages/airflow/example_dags/example_branch_day_of_week_operator.py for tasks to queue
[2025-08-14T10:21:18.982+0000] {logging_mixin.py:150} INFO - [2025-08-14T10:21:18.982+0000] {dagbag.py:541} INFO - Filling up the DagBag from /home/vscode/.local/lib/python3.10/site-packages/airflow/example_dags/example_branch_day_of_week_operator.py
[2025-08-14T10:21:18.991+0000] {processor.py:836} INFO - DAG(s) dict_keys(['example_weekday_branch_operator']) retrieved from /home/vscode/.local/lib/python3.10/site-packages/airflow/example_dags/example_branch_day_of_week_operator.py
[2025-08-14T10:21:19.006+0000] {logging_mixin.py:150} INFO - [2025-08-14T10:21:19.006+0000] {dag.py:2742} INFO - Sync 1 DAGs
[2025-08-14T10:21:19.021+0000] {logging_mixin.py:150} INFO - [2025-08-14T10:21:19.021+0000] {dag.py:3504} INFO - Setting next_dagrun for example_weekday_branch_operator to 2025-08-13T00:00:00+00:00, run_after=2025-08-14T00:00:00+00:00
[2025-08-14T10:21:19.037+0000] {processor.py:179} INFO - Processing /home/vscode/.local/lib/python3.10/site-packages/airflow/example_dags/example_branch_day_of_week_operator.py took 0.058 seconds
[2025-08-14T10:22:07.398+0000] {processor.py:157} INFO - Started process (PID=22247) to work on /home/vscode/.local/lib/python3.10/site-packages/airflow/example_dags/example_branch_day_of_week_operator.py
[2025-08-14T10:22:07.399+0000] {processor.py:826} INFO - Processing file /home/vscode/.local/lib/python3.10/site-packages/airflow/example_dags/example_branch_day_of_week_operator.py for tasks to queue
[2025-08-14T10:22:07.399+0000] {logging_mixin.py:150} INFO - [2025-08-14T10:22:07.399+0000] {dagbag.py:541} INFO - Filling up the DagBag from /home/vscode/.local/lib/python3.10/site-packages/airflow/example_dags/example_branch_day_of_week_operator.py
[2025-08-14T10:22:07.404+0000] {processor.py:836} INFO - DAG(s) dict_keys(['example_weekday_branch_operator']) retrieved from /home/vscode/.local/lib/python3.10/site-packages/airflow/example_dags/example_branch_day_of_week_operator.py
[2025-08-14T10:22:07.417+0000] {logging_mixin.py:150} INFO - [2025-08-14T10:22:07.417+0000] {dag.py:2742} INFO - Sync 1 DAGs
[2025-08-14T10:22:07.431+0000] {logging_mixin.py:150} INFO - [2025-08-14T10:22:07.431+0000] {dag.py:3504} INFO - Setting next_dagrun for example_weekday_branch_operator to 2025-08-13T00:00:00+00:00, run_after=2025-08-14T00:00:00+00:00
[2025-08-14T10:22:07.446+0000] {processor.py:179} INFO - Processing /home/vscode/.local/lib/python3.10/site-packages/airflow/example_dags/example_branch_day_of_week_operator.py took 0.050 seconds
[2025-08-14T10:22:55.214+0000] {processor.py:157} INFO - Started process (PID=22567) to work on /home/vscode/.local/lib/python3.10/site-packages/airflow/example_dags/example_branch_day_of_week_operator.py
[2025-08-14T10:22:55.215+0000] {processor.py:826} INFO - Processing file /home/vscode/.local/lib/python3.10/site-packages/airflow/example_dags/example_branch_day_of_week_operator.py for tasks to queue
[2025-08-14T10:22:55.216+0000] {logging_mixin.py:150} INFO - [2025-08-14T10:22:55.216+0000] {dagbag.py:541} INFO - Filling up the DagBag from /home/vscode/.local/lib/python3.10/site-packages/airflow/example_dags/example_branch_day_of_week_operator.py
[2025-08-14T10:22:55.226+0000] {processor.py:836} INFO - DAG(s) dict_keys(['example_weekday_branch_operator']) retrieved from /home/vscode/.local/lib/python3.10/site-packages/airflow/example_dags/example_branch_day_of_week_operator.py
[2025-08-14T10:22:55.241+0000] {logging_mixin.py:150} INFO - [2025-08-14T10:22:55.240+0000] {dag.py:2742} INFO - Sync 1 DAGs
[2025-08-14T10:22:55.256+0000] {logging_mixin.py:150} INFO - [2025-08-14T10:22:55.256+0000] {dag.py:3504} INFO - Setting next_dagrun for example_weekday_branch_operator to 2025-08-13T00:00:00+00:00, run_after=2025-08-14T00:00:00+00:00
[2025-08-14T10:22:55.272+0000] {processor.py:179} INFO - Processing /home/vscode/.local/lib/python3.10/site-packages/airflow/example_dags/example_branch_day_of_week_operator.py took 0.060 seconds
[2025-08-14T10:23:50.123+0000] {processor.py:157} INFO - Started process (PID=22946) to work on /home/vscode/.local/lib/python3.10/site-packages/airflow/example_dags/example_branch_day_of_week_operator.py
[2025-08-14T10:23:50.123+0000] {processor.py:826} INFO - Processing file /home/vscode/.local/lib/python3.10/site-packages/airflow/example_dags/example_branch_day_of_week_operator.py for tasks to queue
[2025-08-14T10:23:50.124+0000] {logging_mixin.py:150} INFO - [2025-08-14T10:23:50.124+0000] {dagbag.py:541} INFO - Filling up the DagBag from /home/vscode/.local/lib/python3.10/site-packages/airflow/example_dags/example_branch_day_of_week_operator.py
[2025-08-14T10:23:50.130+0000] {processor.py:836} INFO - DAG(s) dict_keys(['example_weekday_branch_operator']) retrieved from /home/vscode/.local/lib/python3.10/site-packages/airflow/example_dags/example_branch_day_of_week_operator.py
[2025-08-14T10:23:50.142+0000] {logging_mixin.py:150} INFO - [2025-08-14T10:23:50.142+0000] {dag.py:2742} INFO - Sync 1 DAGs
[2025-08-14T10:23:50.157+0000] {logging_mixin.py:150} INFO - [2025-08-14T10:23:50.157+0000] {dag.py:3504} INFO - Setting next_dagrun for example_weekday_branch_operator to 2025-08-13T00:00:00+00:00, run_after=2025-08-14T00:00:00+00:00
[2025-08-14T10:23:50.173+0000] {processor.py:179} INFO - Processing /home/vscode/.local/lib/python3.10/site-packages/airflow/example_dags/example_branch_day_of_week_operator.py took 0.052 seconds
[2025-08-14T10:24:37.482+0000] {processor.py:157} INFO - Started process (PID=23274) to work on /home/vscode/.local/lib/python3.10/site-packages/airflow/example_dags/example_branch_day_of_week_operator.py
[2025-08-14T10:24:37.482+0000] {processor.py:826} INFO - Processing file /home/vscode/.local/lib/python3.10/site-packages/airflow/example_dags/example_branch_day_of_week_operator.py for tasks to queue
[2025-08-14T10:24:37.483+0000] {logging_mixin.py:150} INFO - [2025-08-14T10:24:37.483+0000] {dagbag.py:541} INFO - Filling up the DagBag from /home/vscode/.local/lib/python3.10/site-packages/airflow/example_dags/example_branch_day_of_week_operator.py
[2025-08-14T10:24:37.488+0000] {processor.py:836} INFO - DAG(s) dict_keys(['example_weekday_branch_operator']) retrieved from /home/vscode/.local/lib/python3.10/site-packages/airflow/example_dags/example_branch_day_of_week_operator.py
[2025-08-14T10:24:37.500+0000] {logging_mixin.py:150} INFO - [2025-08-14T10:24:37.500+0000] {dag.py:2742} INFO - Sync 1 DAGs
[2025-08-14T10:24:37.518+0000] {logging_mixin.py:150} INFO - [2025-08-14T10:24:37.518+0000] {dag.py:3504} INFO - Setting next_dagrun for example_weekday_branch_operator to 2025-08-13T00:00:00+00:00, run_after=2025-08-14T00:00:00+00:00
[2025-08-14T10:24:37.537+0000] {processor.py:179} INFO - Processing /home/vscode/.local/lib/python3.10/site-packages/airflow/example_dags/example_branch_day_of_week_operator.py took 0.057 seconds
[2025-08-14T10:25:22.570+0000] {processor.py:157} INFO - Started process (PID=23585) to work on /home/vscode/.local/lib/python3.10/site-packages/airflow/example_dags/example_branch_day_of_week_operator.py
[2025-08-14T10:25:22.571+0000] {processor.py:826} INFO - Processing file /home/vscode/.local/lib/python3.10/site-packages/airflow/example_dags/example_branch_day_of_week_operator.py for tasks to queue
[2025-08-14T10:25:22.572+0000] {logging_mixin.py:150} INFO - [2025-08-14T10:25:22.571+0000] {dagbag.py:541} INFO - Filling up the DagBag from /home/vscode/.local/lib/python3.10/site-packages/airflow/example_dags/example_branch_day_of_week_operator.py
[2025-08-14T10:25:22.578+0000] {processor.py:836} INFO - DAG(s) dict_keys(['example_weekday_branch_operator']) retrieved from /home/vscode/.local/lib/python3.10/site-packages/airflow/example_dags/example_branch_day_of_week_operator.py
[2025-08-14T10:25:22.590+0000] {logging_mixin.py:150} INFO - [2025-08-14T10:25:22.590+0000] {dag.py:2742} INFO - Sync 1 DAGs
[2025-08-14T10:25:22.606+0000] {logging_mixin.py:150} INFO - [2025-08-14T10:25:22.606+0000] {dag.py:3504} INFO - Setting next_dagrun for example_weekday_branch_operator to 2025-08-13T00:00:00+00:00, run_after=2025-08-14T00:00:00+00:00
[2025-08-14T10:25:22.622+0000] {processor.py:179} INFO - Processing /home/vscode/.local/lib/python3.10/site-packages/airflow/example_dags/example_branch_day_of_week_operator.py took 0.053 seconds
[2025-08-14T10:26:08.780+0000] {processor.py:157} INFO - Started process (PID=23892) to work on /home/vscode/.local/lib/python3.10/site-packages/airflow/example_dags/example_branch_day_of_week_operator.py
[2025-08-14T10:26:08.780+0000] {processor.py:826} INFO - Processing file /home/vscode/.local/lib/python3.10/site-packages/airflow/example_dags/example_branch_day_of_week_operator.py for tasks to queue
[2025-08-14T10:26:08.781+0000] {logging_mixin.py:150} INFO - [2025-08-14T10:26:08.780+0000] {dagbag.py:541} INFO - Filling up the DagBag from /home/vscode/.local/lib/python3.10/site-packages/airflow/example_dags/example_branch_day_of_week_operator.py
[2025-08-14T10:26:08.787+0000] {processor.py:836} INFO - DAG(s) dict_keys(['example_weekday_branch_operator']) retrieved from /home/vscode/.local/lib/python3.10/site-packages/airflow/example_dags/example_branch_day_of_week_operator.py
[2025-08-14T10:26:08.799+0000] {logging_mixin.py:150} INFO - [2025-08-14T10:26:08.799+0000] {dag.py:2742} INFO - Sync 1 DAGs
[2025-08-14T10:26:08.814+0000] {logging_mixin.py:150} INFO - [2025-08-14T10:26:08.814+0000] {dag.py:3504} INFO - Setting next_dagrun for example_weekday_branch_operator to 2025-08-13T00:00:00+00:00, run_after=2025-08-14T00:00:00+00:00
[2025-08-14T10:26:08.830+0000] {processor.py:179} INFO - Processing /home/vscode/.local/lib/python3.10/site-packages/airflow/example_dags/example_branch_day_of_week_operator.py took 0.053 seconds
[2025-08-14T10:26:54.169+0000] {processor.py:157} INFO - Started process (PID=24194) to work on /home/vscode/.local/lib/python3.10/site-packages/airflow/example_dags/example_branch_day_of_week_operator.py
[2025-08-14T10:26:54.170+0000] {processor.py:826} INFO - Processing file /home/vscode/.local/lib/python3.10/site-packages/airflow/example_dags/example_branch_day_of_week_operator.py for tasks to queue
[2025-08-14T10:26:54.171+0000] {logging_mixin.py:150} INFO - [2025-08-14T10:26:54.170+0000] {dagbag.py:541} INFO - Filling up the DagBag from /home/vscode/.local/lib/python3.10/site-packages/airflow/example_dags/example_branch_day_of_week_operator.py
[2025-08-14T10:26:54.179+0000] {processor.py:836} INFO - DAG(s) dict_keys(['example_weekday_branch_operator']) retrieved from /home/vscode/.local/lib/python3.10/site-packages/airflow/example_dags/example_branch_day_of_week_operator.py
[2025-08-14T10:26:54.199+0000] {logging_mixin.py:150} INFO - [2025-08-14T10:26:54.199+0000] {dag.py:2742} INFO - Sync 1 DAGs
[2025-08-14T10:26:54.225+0000] {logging_mixin.py:150} INFO - [2025-08-14T10:26:54.225+0000] {dag.py:3504} INFO - Setting next_dagrun for example_weekday_branch_operator to 2025-08-13T00:00:00+00:00, run_after=2025-08-14T00:00:00+00:00
[2025-08-14T10:26:54.244+0000] {processor.py:179} INFO - Processing /home/vscode/.local/lib/python3.10/site-packages/airflow/example_dags/example_branch_day_of_week_operator.py took 0.078 seconds
[2025-08-14T10:27:43.484+0000] {processor.py:157} INFO - Started process (PID=24527) to work on /home/vscode/.local/lib/python3.10/site-packages/airflow/example_dags/example_branch_day_of_week_operator.py
[2025-08-14T10:27:43.485+0000] {processor.py:826} INFO - Processing file /home/vscode/.local/lib/python3.10/site-packages/airflow/example_dags/example_branch_day_of_week_operator.py for tasks to queue
[2025-08-14T10:27:43.485+0000] {logging_mixin.py:150} INFO - [2025-08-14T10:27:43.485+0000] {dagbag.py:541} INFO - Filling up the DagBag from /home/vscode/.local/lib/python3.10/site-packages/airflow/example_dags/example_branch_day_of_week_operator.py
[2025-08-14T10:27:43.491+0000] {processor.py:836} INFO - DAG(s) dict_keys(['example_weekday_branch_operator']) retrieved from /home/vscode/.local/lib/python3.10/site-packages/airflow/example_dags/example_branch_day_of_week_operator.py
[2025-08-14T10:27:43.504+0000] {logging_mixin.py:150} INFO - [2025-08-14T10:27:43.504+0000] {dag.py:2742} INFO - Sync 1 DAGs
[2025-08-14T10:27:43.520+0000] {logging_mixin.py:150} INFO - [2025-08-14T10:27:43.520+0000] {dag.py:3504} INFO - Setting next_dagrun for example_weekday_branch_operator to 2025-08-13T00:00:00+00:00, run_after=2025-08-14T00:00:00+00:00
[2025-08-14T10:27:43.535+0000] {processor.py:179} INFO - Processing /home/vscode/.local/lib/python3.10/site-packages/airflow/example_dags/example_branch_day_of_week_operator.py took 0.053 seconds
[2025-08-14T10:28:28.320+0000] {processor.py:157} INFO - Started process (PID=24823) to work on /home/vscode/.local/lib/python3.10/site-packages/airflow/example_dags/example_branch_day_of_week_operator.py
[2025-08-14T10:28:28.320+0000] {processor.py:826} INFO - Processing file /home/vscode/.local/lib/python3.10/site-packages/airflow/example_dags/example_branch_day_of_week_operator.py for tasks to queue
[2025-08-14T10:28:28.321+0000] {logging_mixin.py:150} INFO - [2025-08-14T10:28:28.321+0000] {dagbag.py:541} INFO - Filling up the DagBag from /home/vscode/.local/lib/python3.10/site-packages/airflow/example_dags/example_branch_day_of_week_operator.py
[2025-08-14T10:28:28.329+0000] {processor.py:836} INFO - DAG(s) dict_keys(['example_weekday_branch_operator']) retrieved from /home/vscode/.local/lib/python3.10/site-packages/airflow/example_dags/example_branch_day_of_week_operator.py
[2025-08-14T10:28:28.342+0000] {logging_mixin.py:150} INFO - [2025-08-14T10:28:28.342+0000] {dag.py:2742} INFO - Sync 1 DAGs
[2025-08-14T10:28:28.357+0000] {logging_mixin.py:150} INFO - [2025-08-14T10:28:28.357+0000] {dag.py:3504} INFO - Setting next_dagrun for example_weekday_branch_operator to 2025-08-13T00:00:00+00:00, run_after=2025-08-14T00:00:00+00:00
[2025-08-14T10:28:28.372+0000] {processor.py:179} INFO - Processing /home/vscode/.local/lib/python3.10/site-packages/airflow/example_dags/example_branch_day_of_week_operator.py took 0.055 seconds
[2025-08-14T10:29:17.343+0000] {processor.py:157} INFO - Started process (PID=25143) to work on /home/vscode/.local/lib/python3.10/site-packages/airflow/example_dags/example_branch_day_of_week_operator.py
[2025-08-14T10:29:17.344+0000] {processor.py:826} INFO - Processing file /home/vscode/.local/lib/python3.10/site-packages/airflow/example_dags/example_branch_day_of_week_operator.py for tasks to queue
[2025-08-14T10:29:17.345+0000] {logging_mixin.py:150} INFO - [2025-08-14T10:29:17.344+0000] {dagbag.py:541} INFO - Filling up the DagBag from /home/vscode/.local/lib/python3.10/site-packages/airflow/example_dags/example_branch_day_of_week_operator.py
[2025-08-14T10:29:17.350+0000] {processor.py:836} INFO - DAG(s) dict_keys(['example_weekday_branch_operator']) retrieved from /home/vscode/.local/lib/python3.10/site-packages/airflow/example_dags/example_branch_day_of_week_operator.py
[2025-08-14T10:29:17.362+0000] {logging_mixin.py:150} INFO - [2025-08-14T10:29:17.362+0000] {dag.py:2742} INFO - Sync 1 DAGs
[2025-08-14T10:29:17.377+0000] {logging_mixin.py:150} INFO - [2025-08-14T10:29:17.377+0000] {dag.py:3504} INFO - Setting next_dagrun for example_weekday_branch_operator to 2025-08-13T00:00:00+00:00, run_after=2025-08-14T00:00:00+00:00
[2025-08-14T10:29:17.392+0000] {processor.py:179} INFO - Processing /home/vscode/.local/lib/python3.10/site-packages/airflow/example_dags/example_branch_day_of_week_operator.py took 0.051 seconds
[2025-08-14T10:30:00.193+0000] {processor.py:157} INFO - Started process (PID=25437) to work on /home/vscode/.local/lib/python3.10/site-packages/airflow/example_dags/example_branch_day_of_week_operator.py
[2025-08-14T10:30:00.194+0000] {processor.py:826} INFO - Processing file /home/vscode/.local/lib/python3.10/site-packages/airflow/example_dags/example_branch_day_of_week_operator.py for tasks to queue
[2025-08-14T10:30:00.194+0000] {logging_mixin.py:150} INFO - [2025-08-14T10:30:00.194+0000] {dagbag.py:541} INFO - Filling up the DagBag from /home/vscode/.local/lib/python3.10/site-packages/airflow/example_dags/example_branch_day_of_week_operator.py
[2025-08-14T10:30:00.200+0000] {processor.py:836} INFO - DAG(s) dict_keys(['example_weekday_branch_operator']) retrieved from /home/vscode/.local/lib/python3.10/site-packages/airflow/example_dags/example_branch_day_of_week_operator.py
[2025-08-14T10:30:00.217+0000] {logging_mixin.py:150} INFO - [2025-08-14T10:30:00.217+0000] {dag.py:2742} INFO - Sync 1 DAGs
[2025-08-14T10:30:00.232+0000] {logging_mixin.py:150} INFO - [2025-08-14T10:30:00.232+0000] {dag.py:3504} INFO - Setting next_dagrun for example_weekday_branch_operator to 2025-08-13T00:00:00+00:00, run_after=2025-08-14T00:00:00+00:00
[2025-08-14T10:30:00.248+0000] {processor.py:179} INFO - Processing /home/vscode/.local/lib/python3.10/site-packages/airflow/example_dags/example_branch_day_of_week_operator.py took 0.057 seconds
[2025-08-14T10:30:51.350+0000] {processor.py:157} INFO - Started process (PID=25774) to work on /home/vscode/.local/lib/python3.10/site-packages/airflow/example_dags/example_branch_day_of_week_operator.py
[2025-08-14T10:30:51.351+0000] {processor.py:826} INFO - Processing file /home/vscode/.local/lib/python3.10/site-packages/airflow/example_dags/example_branch_day_of_week_operator.py for tasks to queue
[2025-08-14T10:30:51.351+0000] {logging_mixin.py:150} INFO - [2025-08-14T10:30:51.351+0000] {dagbag.py:541} INFO - Filling up the DagBag from /home/vscode/.local/lib/python3.10/site-packages/airflow/example_dags/example_branch_day_of_week_operator.py
[2025-08-14T10:30:51.357+0000] {processor.py:836} INFO - DAG(s) dict_keys(['example_weekday_branch_operator']) retrieved from /home/vscode/.local/lib/python3.10/site-packages/airflow/example_dags/example_branch_day_of_week_operator.py
[2025-08-14T10:30:51.368+0000] {logging_mixin.py:150} INFO - [2025-08-14T10:30:51.368+0000] {dag.py:2742} INFO - Sync 1 DAGs
[2025-08-14T10:30:51.384+0000] {logging_mixin.py:150} INFO - [2025-08-14T10:30:51.383+0000] {dag.py:3504} INFO - Setting next_dagrun for example_weekday_branch_operator to 2025-08-13T00:00:00+00:00, run_after=2025-08-14T00:00:00+00:00
[2025-08-14T10:30:51.398+0000] {processor.py:179} INFO - Processing /home/vscode/.local/lib/python3.10/site-packages/airflow/example_dags/example_branch_day_of_week_operator.py took 0.050 seconds
[2025-08-14T10:31:36.117+0000] {processor.py:157} INFO - Started process (PID=26076) to work on /home/vscode/.local/lib/python3.10/site-packages/airflow/example_dags/example_branch_day_of_week_operator.py
[2025-08-14T10:31:36.118+0000] {processor.py:826} INFO - Processing file /home/vscode/.local/lib/python3.10/site-packages/airflow/example_dags/example_branch_day_of_week_operator.py for tasks to queue
[2025-08-14T10:31:36.118+0000] {logging_mixin.py:150} INFO - [2025-08-14T10:31:36.118+0000] {dagbag.py:541} INFO - Filling up the DagBag from /home/vscode/.local/lib/python3.10/site-packages/airflow/example_dags/example_branch_day_of_week_operator.py
[2025-08-14T10:31:36.125+0000] {processor.py:836} INFO - DAG(s) dict_keys(['example_weekday_branch_operator']) retrieved from /home/vscode/.local/lib/python3.10/site-packages/airflow/example_dags/example_branch_day_of_week_operator.py
[2025-08-14T10:31:36.142+0000] {logging_mixin.py:150} INFO - [2025-08-14T10:31:36.142+0000] {dag.py:2742} INFO - Sync 1 DAGs
[2025-08-14T10:31:36.157+0000] {logging_mixin.py:150} INFO - [2025-08-14T10:31:36.157+0000] {dag.py:3504} INFO - Setting next_dagrun for example_weekday_branch_operator to 2025-08-13T00:00:00+00:00, run_after=2025-08-14T00:00:00+00:00
[2025-08-14T10:31:36.172+0000] {processor.py:179} INFO - Processing /home/vscode/.local/lib/python3.10/site-packages/airflow/example_dags/example_branch_day_of_week_operator.py took 0.057 seconds
[2025-08-14T10:32:18.928+0000] {processor.py:157} INFO - Started process (PID=26358) to work on /home/vscode/.local/lib/python3.10/site-packages/airflow/example_dags/example_branch_day_of_week_operator.py
[2025-08-14T10:32:18.929+0000] {processor.py:826} INFO - Processing file /home/vscode/.local/lib/python3.10/site-packages/airflow/example_dags/example_branch_day_of_week_operator.py for tasks to queue
[2025-08-14T10:32:18.930+0000] {logging_mixin.py:150} INFO - [2025-08-14T10:32:18.929+0000] {dagbag.py:541} INFO - Filling up the DagBag from /home/vscode/.local/lib/python3.10/site-packages/airflow/example_dags/example_branch_day_of_week_operator.py
[2025-08-14T10:32:18.935+0000] {processor.py:836} INFO - DAG(s) dict_keys(['example_weekday_branch_operator']) retrieved from /home/vscode/.local/lib/python3.10/site-packages/airflow/example_dags/example_branch_day_of_week_operator.py
[2025-08-14T10:32:18.947+0000] {logging_mixin.py:150} INFO - [2025-08-14T10:32:18.947+0000] {dag.py:2742} INFO - Sync 1 DAGs
[2025-08-14T10:32:18.961+0000] {logging_mixin.py:150} INFO - [2025-08-14T10:32:18.961+0000] {dag.py:3504} INFO - Setting next_dagrun for example_weekday_branch_operator to 2025-08-13T00:00:00+00:00, run_after=2025-08-14T00:00:00+00:00
[2025-08-14T10:32:18.977+0000] {processor.py:179} INFO - Processing /home/vscode/.local/lib/python3.10/site-packages/airflow/example_dags/example_branch_day_of_week_operator.py took 0.050 seconds
[2025-08-14T10:33:02.062+0000] {processor.py:157} INFO - Started process (PID=26669) to work on /home/vscode/.local/lib/python3.10/site-packages/airflow/example_dags/example_branch_day_of_week_operator.py
[2025-08-14T10:33:02.063+0000] {processor.py:826} INFO - Processing file /home/vscode/.local/lib/python3.10/site-packages/airflow/example_dags/example_branch_day_of_week_operator.py for tasks to queue
[2025-08-14T10:33:02.064+0000] {logging_mixin.py:150} INFO - [2025-08-14T10:33:02.064+0000] {dagbag.py:541} INFO - Filling up the DagBag from /home/vscode/.local/lib/python3.10/site-packages/airflow/example_dags/example_branch_day_of_week_operator.py
[2025-08-14T10:33:02.070+0000] {processor.py:836} INFO - DAG(s) dict_keys(['example_weekday_branch_operator']) retrieved from /home/vscode/.local/lib/python3.10/site-packages/airflow/example_dags/example_branch_day_of_week_operator.py
[2025-08-14T10:33:02.083+0000] {logging_mixin.py:150} INFO - [2025-08-14T10:33:02.083+0000] {dag.py:2742} INFO - Sync 1 DAGs
[2025-08-14T10:33:02.098+0000] {logging_mixin.py:150} INFO - [2025-08-14T10:33:02.098+0000] {dag.py:3504} INFO - Setting next_dagrun for example_weekday_branch_operator to 2025-08-13T00:00:00+00:00, run_after=2025-08-14T00:00:00+00:00
[2025-08-14T10:33:02.114+0000] {processor.py:179} INFO - Processing /home/vscode/.local/lib/python3.10/site-packages/airflow/example_dags/example_branch_day_of_week_operator.py took 0.054 seconds
[2025-08-14T10:33:47.461+0000] {processor.py:157} INFO - Started process (PID=27077) to work on /home/vscode/.local/lib/python3.10/site-packages/airflow/example_dags/example_branch_day_of_week_operator.py
[2025-08-14T10:33:47.462+0000] {processor.py:826} INFO - Processing file /home/vscode/.local/lib/python3.10/site-packages/airflow/example_dags/example_branch_day_of_week_operator.py for tasks to queue
[2025-08-14T10:33:47.462+0000] {logging_mixin.py:150} INFO - [2025-08-14T10:33:47.462+0000] {dagbag.py:541} INFO - Filling up the DagBag from /home/vscode/.local/lib/python3.10/site-packages/airflow/example_dags/example_branch_day_of_week_operator.py
[2025-08-14T10:33:47.471+0000] {processor.py:836} INFO - DAG(s) dict_keys(['example_weekday_branch_operator']) retrieved from /home/vscode/.local/lib/python3.10/site-packages/airflow/example_dags/example_branch_day_of_week_operator.py
[2025-08-14T10:33:47.484+0000] {logging_mixin.py:150} INFO - [2025-08-14T10:33:47.484+0000] {dag.py:2742} INFO - Sync 1 DAGs
[2025-08-14T10:33:47.500+0000] {logging_mixin.py:150} INFO - [2025-08-14T10:33:47.500+0000] {dag.py:3504} INFO - Setting next_dagrun for example_weekday_branch_operator to 2025-08-13T00:00:00+00:00, run_after=2025-08-14T00:00:00+00:00
[2025-08-14T10:33:47.515+0000] {processor.py:179} INFO - Processing /home/vscode/.local/lib/python3.10/site-packages/airflow/example_dags/example_branch_day_of_week_operator.py took 0.057 seconds
[2025-08-14T10:34:32.577+0000] {processor.py:157} INFO - Started process (PID=27378) to work on /home/vscode/.local/lib/python3.10/site-packages/airflow/example_dags/example_branch_day_of_week_operator.py
[2025-08-14T10:34:32.578+0000] {processor.py:826} INFO - Processing file /home/vscode/.local/lib/python3.10/site-packages/airflow/example_dags/example_branch_day_of_week_operator.py for tasks to queue
[2025-08-14T10:34:32.578+0000] {logging_mixin.py:150} INFO - [2025-08-14T10:34:32.578+0000] {dagbag.py:541} INFO - Filling up the DagBag from /home/vscode/.local/lib/python3.10/site-packages/airflow/example_dags/example_branch_day_of_week_operator.py
[2025-08-14T10:34:32.584+0000] {processor.py:836} INFO - DAG(s) dict_keys(['example_weekday_branch_operator']) retrieved from /home/vscode/.local/lib/python3.10/site-packages/airflow/example_dags/example_branch_day_of_week_operator.py
[2025-08-14T10:34:32.596+0000] {logging_mixin.py:150} INFO - [2025-08-14T10:34:32.596+0000] {dag.py:2742} INFO - Sync 1 DAGs
[2025-08-14T10:34:32.611+0000] {logging_mixin.py:150} INFO - [2025-08-14T10:34:32.611+0000] {dag.py:3504} INFO - Setting next_dagrun for example_weekday_branch_operator to 2025-08-13T00:00:00+00:00, run_after=2025-08-14T00:00:00+00:00
[2025-08-14T10:34:32.625+0000] {processor.py:179} INFO - Processing /home/vscode/.local/lib/python3.10/site-packages/airflow/example_dags/example_branch_day_of_week_operator.py took 0.050 seconds
[2025-08-14T10:35:19.969+0000] {processor.py:157} INFO - Started process (PID=27690) to work on /home/vscode/.local/lib/python3.10/site-packages/airflow/example_dags/example_branch_day_of_week_operator.py
[2025-08-14T10:35:19.970+0000] {processor.py:826} INFO - Processing file /home/vscode/.local/lib/python3.10/site-packages/airflow/example_dags/example_branch_day_of_week_operator.py for tasks to queue
[2025-08-14T10:35:19.971+0000] {logging_mixin.py:150} INFO - [2025-08-14T10:35:19.970+0000] {dagbag.py:541} INFO - Filling up the DagBag from /home/vscode/.local/lib/python3.10/site-packages/airflow/example_dags/example_branch_day_of_week_operator.py
[2025-08-14T10:35:19.976+0000] {processor.py:836} INFO - DAG(s) dict_keys(['example_weekday_branch_operator']) retrieved from /home/vscode/.local/lib/python3.10/site-packages/airflow/example_dags/example_branch_day_of_week_operator.py
[2025-08-14T10:35:19.988+0000] {logging_mixin.py:150} INFO - [2025-08-14T10:35:19.988+0000] {dag.py:2742} INFO - Sync 1 DAGs
[2025-08-14T10:35:20.003+0000] {logging_mixin.py:150} INFO - [2025-08-14T10:35:20.003+0000] {dag.py:3504} INFO - Setting next_dagrun for example_weekday_branch_operator to 2025-08-13T00:00:00+00:00, run_after=2025-08-14T00:00:00+00:00
[2025-08-14T10:35:20.017+0000] {processor.py:179} INFO - Processing /home/vscode/.local/lib/python3.10/site-packages/airflow/example_dags/example_branch_day_of_week_operator.py took 0.050 seconds
[2025-08-14T10:36:04.209+0000] {processor.py:157} INFO - Started process (PID=27990) to work on /home/vscode/.local/lib/python3.10/site-packages/airflow/example_dags/example_branch_day_of_week_operator.py
[2025-08-14T10:36:04.210+0000] {processor.py:826} INFO - Processing file /home/vscode/.local/lib/python3.10/site-packages/airflow/example_dags/example_branch_day_of_week_operator.py for tasks to queue
[2025-08-14T10:36:04.211+0000] {logging_mixin.py:150} INFO - [2025-08-14T10:36:04.210+0000] {dagbag.py:541} INFO - Filling up the DagBag from /home/vscode/.local/lib/python3.10/site-packages/airflow/example_dags/example_branch_day_of_week_operator.py
[2025-08-14T10:36:04.217+0000] {processor.py:836} INFO - DAG(s) dict_keys(['example_weekday_branch_operator']) retrieved from /home/vscode/.local/lib/python3.10/site-packages/airflow/example_dags/example_branch_day_of_week_operator.py
[2025-08-14T10:36:04.229+0000] {logging_mixin.py:150} INFO - [2025-08-14T10:36:04.229+0000] {dag.py:2742} INFO - Sync 1 DAGs
[2025-08-14T10:36:04.244+0000] {logging_mixin.py:150} INFO - [2025-08-14T10:36:04.244+0000] {dag.py:3504} INFO - Setting next_dagrun for example_weekday_branch_operator to 2025-08-13T00:00:00+00:00, run_after=2025-08-14T00:00:00+00:00
[2025-08-14T10:36:04.259+0000] {processor.py:179} INFO - Processing /home/vscode/.local/lib/python3.10/site-packages/airflow/example_dags/example_branch_day_of_week_operator.py took 0.052 seconds
[2025-08-14T10:36:55.935+0000] {processor.py:157} INFO - Started process (PID=28329) to work on /home/vscode/.local/lib/python3.10/site-packages/airflow/example_dags/example_branch_day_of_week_operator.py
[2025-08-14T10:36:55.935+0000] {processor.py:826} INFO - Processing file /home/vscode/.local/lib/python3.10/site-packages/airflow/example_dags/example_branch_day_of_week_operator.py for tasks to queue
[2025-08-14T10:36:55.936+0000] {logging_mixin.py:150} INFO - [2025-08-14T10:36:55.935+0000] {dagbag.py:541} INFO - Filling up the DagBag from /home/vscode/.local/lib/python3.10/site-packages/airflow/example_dags/example_branch_day_of_week_operator.py
[2025-08-14T10:36:55.941+0000] {processor.py:836} INFO - DAG(s) dict_keys(['example_weekday_branch_operator']) retrieved from /home/vscode/.local/lib/python3.10/site-packages/airflow/example_dags/example_branch_day_of_week_operator.py
[2025-08-14T10:36:55.953+0000] {logging_mixin.py:150} INFO - [2025-08-14T10:36:55.953+0000] {dag.py:2742} INFO - Sync 1 DAGs
[2025-08-14T10:36:55.969+0000] {logging_mixin.py:150} INFO - [2025-08-14T10:36:55.969+0000] {dag.py:3504} INFO - Setting next_dagrun for example_weekday_branch_operator to 2025-08-13T00:00:00+00:00, run_after=2025-08-14T00:00:00+00:00
[2025-08-14T10:36:55.984+0000] {processor.py:179} INFO - Processing /home/vscode/.local/lib/python3.10/site-packages/airflow/example_dags/example_branch_day_of_week_operator.py took 0.052 seconds
[2025-08-14T10:37:53.881+0000] {processor.py:157} INFO - Started process (PID=28717) to work on /home/vscode/.local/lib/python3.10/site-packages/airflow/example_dags/example_branch_day_of_week_operator.py
[2025-08-14T10:37:53.882+0000] {processor.py:826} INFO - Processing file /home/vscode/.local/lib/python3.10/site-packages/airflow/example_dags/example_branch_day_of_week_operator.py for tasks to queue
[2025-08-14T10:37:53.882+0000] {logging_mixin.py:150} INFO - [2025-08-14T10:37:53.882+0000] {dagbag.py:541} INFO - Filling up the DagBag from /home/vscode/.local/lib/python3.10/site-packages/airflow/example_dags/example_branch_day_of_week_operator.py
[2025-08-14T10:37:53.888+0000] {processor.py:836} INFO - DAG(s) dict_keys(['example_weekday_branch_operator']) retrieved from /home/vscode/.local/lib/python3.10/site-packages/airflow/example_dags/example_branch_day_of_week_operator.py
[2025-08-14T10:37:53.901+0000] {logging_mixin.py:150} INFO - [2025-08-14T10:37:53.900+0000] {dag.py:2742} INFO - Sync 1 DAGs
[2025-08-14T10:37:53.916+0000] {logging_mixin.py:150} INFO - [2025-08-14T10:37:53.916+0000] {dag.py:3504} INFO - Setting next_dagrun for example_weekday_branch_operator to 2025-08-13T00:00:00+00:00, run_after=2025-08-14T00:00:00+00:00
[2025-08-14T10:37:53.932+0000] {processor.py:179} INFO - Processing /home/vscode/.local/lib/python3.10/site-packages/airflow/example_dags/example_branch_day_of_week_operator.py took 0.054 seconds
[2025-08-14T10:38:38.988+0000] {processor.py:157} INFO - Started process (PID=29014) to work on /home/vscode/.local/lib/python3.10/site-packages/airflow/example_dags/example_branch_day_of_week_operator.py
[2025-08-14T10:38:38.989+0000] {processor.py:826} INFO - Processing file /home/vscode/.local/lib/python3.10/site-packages/airflow/example_dags/example_branch_day_of_week_operator.py for tasks to queue
[2025-08-14T10:38:38.989+0000] {logging_mixin.py:150} INFO - [2025-08-14T10:38:38.989+0000] {dagbag.py:541} INFO - Filling up the DagBag from /home/vscode/.local/lib/python3.10/site-packages/airflow/example_dags/example_branch_day_of_week_operator.py
[2025-08-14T10:38:38.995+0000] {processor.py:836} INFO - DAG(s) dict_keys(['example_weekday_branch_operator']) retrieved from /home/vscode/.local/lib/python3.10/site-packages/airflow/example_dags/example_branch_day_of_week_operator.py
[2025-08-14T10:38:39.008+0000] {logging_mixin.py:150} INFO - [2025-08-14T10:38:39.008+0000] {dag.py:2742} INFO - Sync 1 DAGs
[2025-08-14T10:38:39.023+0000] {logging_mixin.py:150} INFO - [2025-08-14T10:38:39.023+0000] {dag.py:3504} INFO - Setting next_dagrun for example_weekday_branch_operator to 2025-08-13T00:00:00+00:00, run_after=2025-08-14T00:00:00+00:00
[2025-08-14T10:38:39.039+0000] {processor.py:179} INFO - Processing /home/vscode/.local/lib/python3.10/site-packages/airflow/example_dags/example_branch_day_of_week_operator.py took 0.053 seconds
[2025-08-14T10:39:28.702+0000] {processor.py:157} INFO - Started process (PID=29354) to work on /home/vscode/.local/lib/python3.10/site-packages/airflow/example_dags/example_branch_day_of_week_operator.py
[2025-08-14T10:39:28.703+0000] {processor.py:826} INFO - Processing file /home/vscode/.local/lib/python3.10/site-packages/airflow/example_dags/example_branch_day_of_week_operator.py for tasks to queue
[2025-08-14T10:39:28.703+0000] {logging_mixin.py:150} INFO - [2025-08-14T10:39:28.703+0000] {dagbag.py:541} INFO - Filling up the DagBag from /home/vscode/.local/lib/python3.10/site-packages/airflow/example_dags/example_branch_day_of_week_operator.py
[2025-08-14T10:39:28.709+0000] {processor.py:836} INFO - DAG(s) dict_keys(['example_weekday_branch_operator']) retrieved from /home/vscode/.local/lib/python3.10/site-packages/airflow/example_dags/example_branch_day_of_week_operator.py
[2025-08-14T10:39:28.721+0000] {logging_mixin.py:150} INFO - [2025-08-14T10:39:28.721+0000] {dag.py:2742} INFO - Sync 1 DAGs
[2025-08-14T10:39:28.736+0000] {logging_mixin.py:150} INFO - [2025-08-14T10:39:28.736+0000] {dag.py:3504} INFO - Setting next_dagrun for example_weekday_branch_operator to 2025-08-13T00:00:00+00:00, run_after=2025-08-14T00:00:00+00:00
[2025-08-14T10:39:28.752+0000] {processor.py:179} INFO - Processing /home/vscode/.local/lib/python3.10/site-packages/airflow/example_dags/example_branch_day_of_week_operator.py took 0.052 seconds
[2025-08-14T10:40:16.373+0000] {processor.py:157} INFO - Started process (PID=29666) to work on /home/vscode/.local/lib/python3.10/site-packages/airflow/example_dags/example_branch_day_of_week_operator.py
[2025-08-14T10:40:16.373+0000] {processor.py:826} INFO - Processing file /home/vscode/.local/lib/python3.10/site-packages/airflow/example_dags/example_branch_day_of_week_operator.py for tasks to queue
[2025-08-14T10:40:16.374+0000] {logging_mixin.py:150} INFO - [2025-08-14T10:40:16.374+0000] {dagbag.py:541} INFO - Filling up the DagBag from /home/vscode/.local/lib/python3.10/site-packages/airflow/example_dags/example_branch_day_of_week_operator.py
[2025-08-14T10:40:16.379+0000] {processor.py:836} INFO - DAG(s) dict_keys(['example_weekday_branch_operator']) retrieved from /home/vscode/.local/lib/python3.10/site-packages/airflow/example_dags/example_branch_day_of_week_operator.py
[2025-08-14T10:40:16.392+0000] {logging_mixin.py:150} INFO - [2025-08-14T10:40:16.392+0000] {dag.py:2742} INFO - Sync 1 DAGs
[2025-08-14T10:40:16.406+0000] {logging_mixin.py:150} INFO - [2025-08-14T10:40:16.406+0000] {dag.py:3504} INFO - Setting next_dagrun for example_weekday_branch_operator to 2025-08-13T00:00:00+00:00, run_after=2025-08-14T00:00:00+00:00
[2025-08-14T10:40:16.421+0000] {processor.py:179} INFO - Processing /home/vscode/.local/lib/python3.10/site-packages/airflow/example_dags/example_branch_day_of_week_operator.py took 0.051 seconds
[2025-08-14T10:41:04.060+0000] {processor.py:157} INFO - Started process (PID=29984) to work on /home/vscode/.local/lib/python3.10/site-packages/airflow/example_dags/example_branch_day_of_week_operator.py
[2025-08-14T10:41:04.061+0000] {processor.py:826} INFO - Processing file /home/vscode/.local/lib/python3.10/site-packages/airflow/example_dags/example_branch_day_of_week_operator.py for tasks to queue
[2025-08-14T10:41:04.061+0000] {logging_mixin.py:150} INFO - [2025-08-14T10:41:04.061+0000] {dagbag.py:541} INFO - Filling up the DagBag from /home/vscode/.local/lib/python3.10/site-packages/airflow/example_dags/example_branch_day_of_week_operator.py
[2025-08-14T10:41:04.066+0000] {processor.py:836} INFO - DAG(s) dict_keys(['example_weekday_branch_operator']) retrieved from /home/vscode/.local/lib/python3.10/site-packages/airflow/example_dags/example_branch_day_of_week_operator.py
[2025-08-14T10:41:04.078+0000] {logging_mixin.py:150} INFO - [2025-08-14T10:41:04.078+0000] {dag.py:2742} INFO - Sync 1 DAGs
[2025-08-14T10:41:04.093+0000] {logging_mixin.py:150} INFO - [2025-08-14T10:41:04.093+0000] {dag.py:3504} INFO - Setting next_dagrun for example_weekday_branch_operator to 2025-08-13T00:00:00+00:00, run_after=2025-08-14T00:00:00+00:00
[2025-08-14T10:41:04.109+0000] {processor.py:179} INFO - Processing /home/vscode/.local/lib/python3.10/site-packages/airflow/example_dags/example_branch_day_of_week_operator.py took 0.051 seconds
[2025-08-14T10:41:52.605+0000] {processor.py:157} INFO - Started process (PID=30304) to work on /home/vscode/.local/lib/python3.10/site-packages/airflow/example_dags/example_branch_day_of_week_operator.py
[2025-08-14T10:41:52.605+0000] {processor.py:826} INFO - Processing file /home/vscode/.local/lib/python3.10/site-packages/airflow/example_dags/example_branch_day_of_week_operator.py for tasks to queue
[2025-08-14T10:41:52.606+0000] {logging_mixin.py:150} INFO - [2025-08-14T10:41:52.606+0000] {dagbag.py:541} INFO - Filling up the DagBag from /home/vscode/.local/lib/python3.10/site-packages/airflow/example_dags/example_branch_day_of_week_operator.py
[2025-08-14T10:41:52.611+0000] {processor.py:836} INFO - DAG(s) dict_keys(['example_weekday_branch_operator']) retrieved from /home/vscode/.local/lib/python3.10/site-packages/airflow/example_dags/example_branch_day_of_week_operator.py
[2025-08-14T10:41:52.624+0000] {logging_mixin.py:150} INFO - [2025-08-14T10:41:52.624+0000] {dag.py:2742} INFO - Sync 1 DAGs
[2025-08-14T10:41:52.647+0000] {logging_mixin.py:150} INFO - [2025-08-14T10:41:52.647+0000] {dag.py:3504} INFO - Setting next_dagrun for example_weekday_branch_operator to 2025-08-13T00:00:00+00:00, run_after=2025-08-14T00:00:00+00:00
[2025-08-14T10:41:52.669+0000] {processor.py:179} INFO - Processing /home/vscode/.local/lib/python3.10/site-packages/airflow/example_dags/example_branch_day_of_week_operator.py took 0.066 seconds
[2025-08-14T10:42:40.448+0000] {processor.py:157} INFO - Started process (PID=30623) to work on /home/vscode/.local/lib/python3.10/site-packages/airflow/example_dags/example_branch_day_of_week_operator.py
[2025-08-14T10:42:40.449+0000] {processor.py:826} INFO - Processing file /home/vscode/.local/lib/python3.10/site-packages/airflow/example_dags/example_branch_day_of_week_operator.py for tasks to queue
[2025-08-14T10:42:40.450+0000] {logging_mixin.py:150} INFO - [2025-08-14T10:42:40.449+0000] {dagbag.py:541} INFO - Filling up the DagBag from /home/vscode/.local/lib/python3.10/site-packages/airflow/example_dags/example_branch_day_of_week_operator.py
[2025-08-14T10:42:40.455+0000] {processor.py:836} INFO - DAG(s) dict_keys(['example_weekday_branch_operator']) retrieved from /home/vscode/.local/lib/python3.10/site-packages/airflow/example_dags/example_branch_day_of_week_operator.py
[2025-08-14T10:42:40.468+0000] {logging_mixin.py:150} INFO - [2025-08-14T10:42:40.468+0000] {dag.py:2742} INFO - Sync 1 DAGs
[2025-08-14T10:42:40.484+0000] {logging_mixin.py:150} INFO - [2025-08-14T10:42:40.484+0000] {dag.py:3504} INFO - Setting next_dagrun for example_weekday_branch_operator to 2025-08-13T00:00:00+00:00, run_after=2025-08-14T00:00:00+00:00
[2025-08-14T10:42:40.500+0000] {processor.py:179} INFO - Processing /home/vscode/.local/lib/python3.10/site-packages/airflow/example_dags/example_branch_day_of_week_operator.py took 0.054 seconds
[2025-08-14T10:43:26.718+0000] {processor.py:157} INFO - Started process (PID=30938) to work on /home/vscode/.local/lib/python3.10/site-packages/airflow/example_dags/example_branch_day_of_week_operator.py
[2025-08-14T10:43:26.719+0000] {processor.py:826} INFO - Processing file /home/vscode/.local/lib/python3.10/site-packages/airflow/example_dags/example_branch_day_of_week_operator.py for tasks to queue
[2025-08-14T10:43:26.719+0000] {logging_mixin.py:150} INFO - [2025-08-14T10:43:26.719+0000] {dagbag.py:541} INFO - Filling up the DagBag from /home/vscode/.local/lib/python3.10/site-packages/airflow/example_dags/example_branch_day_of_week_operator.py
[2025-08-14T10:43:26.725+0000] {processor.py:836} INFO - DAG(s) dict_keys(['example_weekday_branch_operator']) retrieved from /home/vscode/.local/lib/python3.10/site-packages/airflow/example_dags/example_branch_day_of_week_operator.py
[2025-08-14T10:43:26.738+0000] {logging_mixin.py:150} INFO - [2025-08-14T10:43:26.738+0000] {dag.py:2742} INFO - Sync 1 DAGs
[2025-08-14T10:43:26.753+0000] {logging_mixin.py:150} INFO - [2025-08-14T10:43:26.753+0000] {dag.py:3504} INFO - Setting next_dagrun for example_weekday_branch_operator to 2025-08-13T00:00:00+00:00, run_after=2025-08-14T00:00:00+00:00
[2025-08-14T10:43:26.769+0000] {processor.py:179} INFO - Processing /home/vscode/.local/lib/python3.10/site-packages/airflow/example_dags/example_branch_day_of_week_operator.py took 0.054 seconds
[2025-08-14T10:44:14.051+0000] {processor.py:157} INFO - Started process (PID=31251) to work on /home/vscode/.local/lib/python3.10/site-packages/airflow/example_dags/example_branch_day_of_week_operator.py
[2025-08-14T10:44:14.052+0000] {processor.py:826} INFO - Processing file /home/vscode/.local/lib/python3.10/site-packages/airflow/example_dags/example_branch_day_of_week_operator.py for tasks to queue
[2025-08-14T10:44:14.052+0000] {logging_mixin.py:150} INFO - [2025-08-14T10:44:14.052+0000] {dagbag.py:541} INFO - Filling up the DagBag from /home/vscode/.local/lib/python3.10/site-packages/airflow/example_dags/example_branch_day_of_week_operator.py
[2025-08-14T10:44:14.058+0000] {processor.py:836} INFO - DAG(s) dict_keys(['example_weekday_branch_operator']) retrieved from /home/vscode/.local/lib/python3.10/site-packages/airflow/example_dags/example_branch_day_of_week_operator.py
[2025-08-14T10:44:14.070+0000] {logging_mixin.py:150} INFO - [2025-08-14T10:44:14.070+0000] {dag.py:2742} INFO - Sync 1 DAGs
[2025-08-14T10:44:14.086+0000] {logging_mixin.py:150} INFO - [2025-08-14T10:44:14.086+0000] {dag.py:3504} INFO - Setting next_dagrun for example_weekday_branch_operator to 2025-08-13T00:00:00+00:00, run_after=2025-08-14T00:00:00+00:00
[2025-08-14T10:44:14.101+0000] {processor.py:179} INFO - Processing /home/vscode/.local/lib/python3.10/site-packages/airflow/example_dags/example_branch_day_of_week_operator.py took 0.052 seconds
[2025-08-14T10:45:02.647+0000] {processor.py:157} INFO - Started process (PID=31570) to work on /home/vscode/.local/lib/python3.10/site-packages/airflow/example_dags/example_branch_day_of_week_operator.py
[2025-08-14T10:45:02.648+0000] {processor.py:826} INFO - Processing file /home/vscode/.local/lib/python3.10/site-packages/airflow/example_dags/example_branch_day_of_week_operator.py for tasks to queue
[2025-08-14T10:45:02.648+0000] {logging_mixin.py:150} INFO - [2025-08-14T10:45:02.648+0000] {dagbag.py:541} INFO - Filling up the DagBag from /home/vscode/.local/lib/python3.10/site-packages/airflow/example_dags/example_branch_day_of_week_operator.py
[2025-08-14T10:45:02.653+0000] {processor.py:836} INFO - DAG(s) dict_keys(['example_weekday_branch_operator']) retrieved from /home/vscode/.local/lib/python3.10/site-packages/airflow/example_dags/example_branch_day_of_week_operator.py
[2025-08-14T10:45:02.665+0000] {logging_mixin.py:150} INFO - [2025-08-14T10:45:02.665+0000] {dag.py:2742} INFO - Sync 1 DAGs
[2025-08-14T10:45:02.680+0000] {logging_mixin.py:150} INFO - [2025-08-14T10:45:02.680+0000] {dag.py:3504} INFO - Setting next_dagrun for example_weekday_branch_operator to 2025-08-13T00:00:00+00:00, run_after=2025-08-14T00:00:00+00:00
[2025-08-14T10:45:02.695+0000] {processor.py:179} INFO - Processing /home/vscode/.local/lib/python3.10/site-packages/airflow/example_dags/example_branch_day_of_week_operator.py took 0.050 seconds
[2025-08-14T10:45:48.051+0000] {processor.py:157} INFO - Started process (PID=31880) to work on /home/vscode/.local/lib/python3.10/site-packages/airflow/example_dags/example_branch_day_of_week_operator.py
[2025-08-14T10:45:48.051+0000] {processor.py:826} INFO - Processing file /home/vscode/.local/lib/python3.10/site-packages/airflow/example_dags/example_branch_day_of_week_operator.py for tasks to queue
[2025-08-14T10:45:48.052+0000] {logging_mixin.py:150} INFO - [2025-08-14T10:45:48.052+0000] {dagbag.py:541} INFO - Filling up the DagBag from /home/vscode/.local/lib/python3.10/site-packages/airflow/example_dags/example_branch_day_of_week_operator.py
[2025-08-14T10:45:48.057+0000] {processor.py:836} INFO - DAG(s) dict_keys(['example_weekday_branch_operator']) retrieved from /home/vscode/.local/lib/python3.10/site-packages/airflow/example_dags/example_branch_day_of_week_operator.py
[2025-08-14T10:45:48.070+0000] {logging_mixin.py:150} INFO - [2025-08-14T10:45:48.070+0000] {dag.py:2742} INFO - Sync 1 DAGs
[2025-08-14T10:45:48.087+0000] {logging_mixin.py:150} INFO - [2025-08-14T10:45:48.087+0000] {dag.py:3504} INFO - Setting next_dagrun for example_weekday_branch_operator to 2025-08-13T00:00:00+00:00, run_after=2025-08-14T00:00:00+00:00
[2025-08-14T10:45:48.102+0000] {processor.py:179} INFO - Processing /home/vscode/.local/lib/python3.10/site-packages/airflow/example_dags/example_branch_day_of_week_operator.py took 0.054 seconds
[2025-08-14T10:46:34.564+0000] {processor.py:157} INFO - Started process (PID=32183) to work on /home/vscode/.local/lib/python3.10/site-packages/airflow/example_dags/example_branch_day_of_week_operator.py
[2025-08-14T10:46:34.565+0000] {processor.py:826} INFO - Processing file /home/vscode/.local/lib/python3.10/site-packages/airflow/example_dags/example_branch_day_of_week_operator.py for tasks to queue
[2025-08-14T10:46:34.565+0000] {logging_mixin.py:150} INFO - [2025-08-14T10:46:34.565+0000] {dagbag.py:541} INFO - Filling up the DagBag from /home/vscode/.local/lib/python3.10/site-packages/airflow/example_dags/example_branch_day_of_week_operator.py
[2025-08-14T10:46:34.571+0000] {processor.py:836} INFO - DAG(s) dict_keys(['example_weekday_branch_operator']) retrieved from /home/vscode/.local/lib/python3.10/site-packages/airflow/example_dags/example_branch_day_of_week_operator.py
[2025-08-14T10:46:34.584+0000] {logging_mixin.py:150} INFO - [2025-08-14T10:46:34.584+0000] {dag.py:2742} INFO - Sync 1 DAGs
[2025-08-14T10:46:34.599+0000] {logging_mixin.py:150} INFO - [2025-08-14T10:46:34.599+0000] {dag.py:3504} INFO - Setting next_dagrun for example_weekday_branch_operator to 2025-08-13T00:00:00+00:00, run_after=2025-08-14T00:00:00+00:00
[2025-08-14T10:46:34.615+0000] {processor.py:179} INFO - Processing /home/vscode/.local/lib/python3.10/site-packages/airflow/example_dags/example_branch_day_of_week_operator.py took 0.053 seconds
[2025-08-14T10:47:19.022+0000] {processor.py:157} INFO - Started process (PID=32480) to work on /home/vscode/.local/lib/python3.10/site-packages/airflow/example_dags/example_branch_day_of_week_operator.py
[2025-08-14T10:47:19.022+0000] {processor.py:826} INFO - Processing file /home/vscode/.local/lib/python3.10/site-packages/airflow/example_dags/example_branch_day_of_week_operator.py for tasks to queue
[2025-08-14T10:47:19.023+0000] {logging_mixin.py:150} INFO - [2025-08-14T10:47:19.023+0000] {dagbag.py:541} INFO - Filling up the DagBag from /home/vscode/.local/lib/python3.10/site-packages/airflow/example_dags/example_branch_day_of_week_operator.py
[2025-08-14T10:47:19.028+0000] {processor.py:836} INFO - DAG(s) dict_keys(['example_weekday_branch_operator']) retrieved from /home/vscode/.local/lib/python3.10/site-packages/airflow/example_dags/example_branch_day_of_week_operator.py
[2025-08-14T10:47:19.040+0000] {logging_mixin.py:150} INFO - [2025-08-14T10:47:19.040+0000] {dag.py:2742} INFO - Sync 1 DAGs
[2025-08-14T10:47:19.055+0000] {logging_mixin.py:150} INFO - [2025-08-14T10:47:19.055+0000] {dag.py:3504} INFO - Setting next_dagrun for example_weekday_branch_operator to 2025-08-13T00:00:00+00:00, run_after=2025-08-14T00:00:00+00:00
[2025-08-14T10:47:19.070+0000] {processor.py:179} INFO - Processing /home/vscode/.local/lib/python3.10/site-packages/airflow/example_dags/example_branch_day_of_week_operator.py took 0.051 seconds
[2025-08-14T10:48:02.245+0000] {processor.py:157} INFO - Started process (PID=32768) to work on /home/vscode/.local/lib/python3.10/site-packages/airflow/example_dags/example_branch_day_of_week_operator.py
[2025-08-14T10:48:02.246+0000] {processor.py:826} INFO - Processing file /home/vscode/.local/lib/python3.10/site-packages/airflow/example_dags/example_branch_day_of_week_operator.py for tasks to queue
[2025-08-14T10:48:02.246+0000] {logging_mixin.py:150} INFO - [2025-08-14T10:48:02.246+0000] {dagbag.py:541} INFO - Filling up the DagBag from /home/vscode/.local/lib/python3.10/site-packages/airflow/example_dags/example_branch_day_of_week_operator.py
[2025-08-14T10:48:02.252+0000] {processor.py:836} INFO - DAG(s) dict_keys(['example_weekday_branch_operator']) retrieved from /home/vscode/.local/lib/python3.10/site-packages/airflow/example_dags/example_branch_day_of_week_operator.py
[2025-08-14T10:48:02.264+0000] {logging_mixin.py:150} INFO - [2025-08-14T10:48:02.264+0000] {dag.py:2742} INFO - Sync 1 DAGs
[2025-08-14T10:48:02.278+0000] {logging_mixin.py:150} INFO - [2025-08-14T10:48:02.278+0000] {dag.py:3504} INFO - Setting next_dagrun for example_weekday_branch_operator to 2025-08-13T00:00:00+00:00, run_after=2025-08-14T00:00:00+00:00
[2025-08-14T10:48:02.293+0000] {processor.py:179} INFO - Processing /home/vscode/.local/lib/python3.10/site-packages/airflow/example_dags/example_branch_day_of_week_operator.py took 0.050 seconds
[2025-08-14T10:48:46.508+0000] {processor.py:157} INFO - Started process (PID=33072) to work on /home/vscode/.local/lib/python3.10/site-packages/airflow/example_dags/example_branch_day_of_week_operator.py
[2025-08-14T10:48:46.509+0000] {processor.py:826} INFO - Processing file /home/vscode/.local/lib/python3.10/site-packages/airflow/example_dags/example_branch_day_of_week_operator.py for tasks to queue
[2025-08-14T10:48:46.510+0000] {logging_mixin.py:150} INFO - [2025-08-14T10:48:46.510+0000] {dagbag.py:541} INFO - Filling up the DagBag from /home/vscode/.local/lib/python3.10/site-packages/airflow/example_dags/example_branch_day_of_week_operator.py
[2025-08-14T10:48:46.516+0000] {processor.py:836} INFO - DAG(s) dict_keys(['example_weekday_branch_operator']) retrieved from /home/vscode/.local/lib/python3.10/site-packages/airflow/example_dags/example_branch_day_of_week_operator.py
[2025-08-14T10:48:46.529+0000] {logging_mixin.py:150} INFO - [2025-08-14T10:48:46.529+0000] {dag.py:2742} INFO - Sync 1 DAGs
[2025-08-14T10:48:46.546+0000] {logging_mixin.py:150} INFO - [2025-08-14T10:48:46.546+0000] {dag.py:3504} INFO - Setting next_dagrun for example_weekday_branch_operator to 2025-08-13T00:00:00+00:00, run_after=2025-08-14T00:00:00+00:00
[2025-08-14T10:48:46.562+0000] {processor.py:179} INFO - Processing /home/vscode/.local/lib/python3.10/site-packages/airflow/example_dags/example_branch_day_of_week_operator.py took 0.056 seconds
[2025-08-14T10:49:32.504+0000] {processor.py:157} INFO - Started process (PID=33370) to work on /home/vscode/.local/lib/python3.10/site-packages/airflow/example_dags/example_branch_day_of_week_operator.py
[2025-08-14T10:49:32.504+0000] {processor.py:826} INFO - Processing file /home/vscode/.local/lib/python3.10/site-packages/airflow/example_dags/example_branch_day_of_week_operator.py for tasks to queue
[2025-08-14T10:49:32.505+0000] {logging_mixin.py:150} INFO - [2025-08-14T10:49:32.504+0000] {dagbag.py:541} INFO - Filling up the DagBag from /home/vscode/.local/lib/python3.10/site-packages/airflow/example_dags/example_branch_day_of_week_operator.py
[2025-08-14T10:49:32.510+0000] {processor.py:836} INFO - DAG(s) dict_keys(['example_weekday_branch_operator']) retrieved from /home/vscode/.local/lib/python3.10/site-packages/airflow/example_dags/example_branch_day_of_week_operator.py
[2025-08-14T10:49:32.523+0000] {logging_mixin.py:150} INFO - [2025-08-14T10:49:32.522+0000] {dag.py:2742} INFO - Sync 1 DAGs
[2025-08-14T10:49:32.537+0000] {logging_mixin.py:150} INFO - [2025-08-14T10:49:32.537+0000] {dag.py:3504} INFO - Setting next_dagrun for example_weekday_branch_operator to 2025-08-13T00:00:00+00:00, run_after=2025-08-14T00:00:00+00:00
[2025-08-14T10:49:32.553+0000] {processor.py:179} INFO - Processing /home/vscode/.local/lib/python3.10/site-packages/airflow/example_dags/example_branch_day_of_week_operator.py took 0.052 seconds
[2025-08-14T10:50:21.731+0000] {processor.py:157} INFO - Started process (PID=33697) to work on /home/vscode/.local/lib/python3.10/site-packages/airflow/example_dags/example_branch_day_of_week_operator.py
[2025-08-14T10:50:21.732+0000] {processor.py:826} INFO - Processing file /home/vscode/.local/lib/python3.10/site-packages/airflow/example_dags/example_branch_day_of_week_operator.py for tasks to queue
[2025-08-14T10:50:21.732+0000] {logging_mixin.py:150} INFO - [2025-08-14T10:50:21.732+0000] {dagbag.py:541} INFO - Filling up the DagBag from /home/vscode/.local/lib/python3.10/site-packages/airflow/example_dags/example_branch_day_of_week_operator.py
[2025-08-14T10:50:21.738+0000] {processor.py:836} INFO - DAG(s) dict_keys(['example_weekday_branch_operator']) retrieved from /home/vscode/.local/lib/python3.10/site-packages/airflow/example_dags/example_branch_day_of_week_operator.py
[2025-08-14T10:50:21.750+0000] {logging_mixin.py:150} INFO - [2025-08-14T10:50:21.750+0000] {dag.py:2742} INFO - Sync 1 DAGs
[2025-08-14T10:50:21.770+0000] {logging_mixin.py:150} INFO - [2025-08-14T10:50:21.769+0000] {dag.py:3504} INFO - Setting next_dagrun for example_weekday_branch_operator to 2025-08-13T00:00:00+00:00, run_after=2025-08-14T00:00:00+00:00
[2025-08-14T10:50:21.792+0000] {processor.py:179} INFO - Processing /home/vscode/.local/lib/python3.10/site-packages/airflow/example_dags/example_branch_day_of_week_operator.py took 0.063 seconds
[2025-08-14T10:51:06.941+0000] {processor.py:157} INFO - Started process (PID=33999) to work on /home/vscode/.local/lib/python3.10/site-packages/airflow/example_dags/example_branch_day_of_week_operator.py
[2025-08-14T10:51:06.941+0000] {processor.py:826} INFO - Processing file /home/vscode/.local/lib/python3.10/site-packages/airflow/example_dags/example_branch_day_of_week_operator.py for tasks to queue
[2025-08-14T10:51:06.942+0000] {logging_mixin.py:150} INFO - [2025-08-14T10:51:06.942+0000] {dagbag.py:541} INFO - Filling up the DagBag from /home/vscode/.local/lib/python3.10/site-packages/airflow/example_dags/example_branch_day_of_week_operator.py
[2025-08-14T10:51:06.947+0000] {processor.py:836} INFO - DAG(s) dict_keys(['example_weekday_branch_operator']) retrieved from /home/vscode/.local/lib/python3.10/site-packages/airflow/example_dags/example_branch_day_of_week_operator.py
[2025-08-14T10:51:06.959+0000] {logging_mixin.py:150} INFO - [2025-08-14T10:51:06.959+0000] {dag.py:2742} INFO - Sync 1 DAGs
[2025-08-14T10:51:06.978+0000] {logging_mixin.py:150} INFO - [2025-08-14T10:51:06.978+0000] {dag.py:3504} INFO - Setting next_dagrun for example_weekday_branch_operator to 2025-08-13T00:00:00+00:00, run_after=2025-08-14T00:00:00+00:00
[2025-08-14T10:51:07.027+0000] {processor.py:179} INFO - Processing /home/vscode/.local/lib/python3.10/site-packages/airflow/example_dags/example_branch_day_of_week_operator.py took 0.088 seconds
[2025-08-14T10:51:57.611+0000] {processor.py:157} INFO - Started process (PID=34343) to work on /home/vscode/.local/lib/python3.10/site-packages/airflow/example_dags/example_branch_day_of_week_operator.py
[2025-08-14T10:51:57.612+0000] {processor.py:826} INFO - Processing file /home/vscode/.local/lib/python3.10/site-packages/airflow/example_dags/example_branch_day_of_week_operator.py for tasks to queue
[2025-08-14T10:51:57.612+0000] {logging_mixin.py:150} INFO - [2025-08-14T10:51:57.612+0000] {dagbag.py:541} INFO - Filling up the DagBag from /home/vscode/.local/lib/python3.10/site-packages/airflow/example_dags/example_branch_day_of_week_operator.py
[2025-08-14T10:51:57.618+0000] {processor.py:836} INFO - DAG(s) dict_keys(['example_weekday_branch_operator']) retrieved from /home/vscode/.local/lib/python3.10/site-packages/airflow/example_dags/example_branch_day_of_week_operator.py
[2025-08-14T10:51:57.630+0000] {logging_mixin.py:150} INFO - [2025-08-14T10:51:57.630+0000] {dag.py:2742} INFO - Sync 1 DAGs
[2025-08-14T10:51:57.645+0000] {logging_mixin.py:150} INFO - [2025-08-14T10:51:57.645+0000] {dag.py:3504} INFO - Setting next_dagrun for example_weekday_branch_operator to 2025-08-13T00:00:00+00:00, run_after=2025-08-14T00:00:00+00:00
[2025-08-14T10:51:57.660+0000] {processor.py:179} INFO - Processing /home/vscode/.local/lib/python3.10/site-packages/airflow/example_dags/example_branch_day_of_week_operator.py took 0.051 seconds
[2025-08-14T10:52:44.650+0000] {processor.py:157} INFO - Started process (PID=34647) to work on /home/vscode/.local/lib/python3.10/site-packages/airflow/example_dags/example_branch_day_of_week_operator.py
[2025-08-14T10:52:44.651+0000] {processor.py:826} INFO - Processing file /home/vscode/.local/lib/python3.10/site-packages/airflow/example_dags/example_branch_day_of_week_operator.py for tasks to queue
[2025-08-14T10:52:44.651+0000] {logging_mixin.py:150} INFO - [2025-08-14T10:52:44.651+0000] {dagbag.py:541} INFO - Filling up the DagBag from /home/vscode/.local/lib/python3.10/site-packages/airflow/example_dags/example_branch_day_of_week_operator.py
[2025-08-14T10:52:44.657+0000] {processor.py:836} INFO - DAG(s) dict_keys(['example_weekday_branch_operator']) retrieved from /home/vscode/.local/lib/python3.10/site-packages/airflow/example_dags/example_branch_day_of_week_operator.py
[2025-08-14T10:52:44.669+0000] {logging_mixin.py:150} INFO - [2025-08-14T10:52:44.669+0000] {dag.py:2742} INFO - Sync 1 DAGs
[2025-08-14T10:52:44.685+0000] {logging_mixin.py:150} INFO - [2025-08-14T10:52:44.684+0000] {dag.py:3504} INFO - Setting next_dagrun for example_weekday_branch_operator to 2025-08-13T00:00:00+00:00, run_after=2025-08-14T00:00:00+00:00
[2025-08-14T10:52:44.701+0000] {processor.py:179} INFO - Processing /home/vscode/.local/lib/python3.10/site-packages/airflow/example_dags/example_branch_day_of_week_operator.py took 0.053 seconds
[2025-08-14T10:53:32.642+0000] {processor.py:157} INFO - Started process (PID=35582) to work on /home/vscode/.local/lib/python3.10/site-packages/airflow/example_dags/example_branch_day_of_week_operator.py
[2025-08-14T10:53:32.647+0000] {processor.py:826} INFO - Processing file /home/vscode/.local/lib/python3.10/site-packages/airflow/example_dags/example_branch_day_of_week_operator.py for tasks to queue
[2025-08-14T10:53:32.649+0000] {logging_mixin.py:150} INFO - [2025-08-14T10:53:32.647+0000] {dagbag.py:541} INFO - Filling up the DagBag from /home/vscode/.local/lib/python3.10/site-packages/airflow/example_dags/example_branch_day_of_week_operator.py
[2025-08-14T10:53:32.707+0000] {processor.py:836} INFO - DAG(s) dict_keys(['example_weekday_branch_operator']) retrieved from /home/vscode/.local/lib/python3.10/site-packages/airflow/example_dags/example_branch_day_of_week_operator.py
[2025-08-14T10:53:32.784+0000] {logging_mixin.py:150} INFO - [2025-08-14T10:53:32.781+0000] {dag.py:2742} INFO - Sync 1 DAGs
[2025-08-14T10:53:32.939+0000] {logging_mixin.py:150} INFO - [2025-08-14T10:53:32.939+0000] {dag.py:3504} INFO - Setting next_dagrun for example_weekday_branch_operator to 2025-08-13T00:00:00+00:00, run_after=2025-08-14T00:00:00+00:00
[2025-08-14T10:53:33.012+0000] {processor.py:179} INFO - Processing /home/vscode/.local/lib/python3.10/site-packages/airflow/example_dags/example_branch_day_of_week_operator.py took 0.388 seconds
[2025-08-14T10:54:34.798+0000] {processor.py:157} INFO - Started process (PID=36940) to work on /home/vscode/.local/lib/python3.10/site-packages/airflow/example_dags/example_branch_day_of_week_operator.py
[2025-08-14T10:54:34.799+0000] {processor.py:826} INFO - Processing file /home/vscode/.local/lib/python3.10/site-packages/airflow/example_dags/example_branch_day_of_week_operator.py for tasks to queue
[2025-08-14T10:54:34.800+0000] {logging_mixin.py:150} INFO - [2025-08-14T10:54:34.799+0000] {dagbag.py:541} INFO - Filling up the DagBag from /home/vscode/.local/lib/python3.10/site-packages/airflow/example_dags/example_branch_day_of_week_operator.py
[2025-08-14T10:54:34.805+0000] {processor.py:836} INFO - DAG(s) dict_keys(['example_weekday_branch_operator']) retrieved from /home/vscode/.local/lib/python3.10/site-packages/airflow/example_dags/example_branch_day_of_week_operator.py
[2025-08-14T10:54:34.818+0000] {logging_mixin.py:150} INFO - [2025-08-14T10:54:34.818+0000] {dag.py:2742} INFO - Sync 1 DAGs
[2025-08-14T10:54:34.834+0000] {logging_mixin.py:150} INFO - [2025-08-14T10:54:34.833+0000] {dag.py:3504} INFO - Setting next_dagrun for example_weekday_branch_operator to 2025-08-13T00:00:00+00:00, run_after=2025-08-14T00:00:00+00:00
[2025-08-14T10:54:34.849+0000] {processor.py:179} INFO - Processing /home/vscode/.local/lib/python3.10/site-packages/airflow/example_dags/example_branch_day_of_week_operator.py took 0.053 seconds
[2025-08-14T10:55:33.163+0000] {processor.py:157} INFO - Started process (PID=37692) to work on /home/vscode/.local/lib/python3.10/site-packages/airflow/example_dags/example_branch_day_of_week_operator.py
[2025-08-14T10:55:33.164+0000] {processor.py:826} INFO - Processing file /home/vscode/.local/lib/python3.10/site-packages/airflow/example_dags/example_branch_day_of_week_operator.py for tasks to queue
[2025-08-14T10:55:33.164+0000] {logging_mixin.py:150} INFO - [2025-08-14T10:55:33.164+0000] {dagbag.py:541} INFO - Filling up the DagBag from /home/vscode/.local/lib/python3.10/site-packages/airflow/example_dags/example_branch_day_of_week_operator.py
[2025-08-14T10:55:33.170+0000] {processor.py:836} INFO - DAG(s) dict_keys(['example_weekday_branch_operator']) retrieved from /home/vscode/.local/lib/python3.10/site-packages/airflow/example_dags/example_branch_day_of_week_operator.py
[2025-08-14T10:55:33.183+0000] {logging_mixin.py:150} INFO - [2025-08-14T10:55:33.183+0000] {dag.py:2742} INFO - Sync 1 DAGs
[2025-08-14T10:55:33.199+0000] {logging_mixin.py:150} INFO - [2025-08-14T10:55:33.199+0000] {dag.py:3504} INFO - Setting next_dagrun for example_weekday_branch_operator to 2025-08-13T00:00:00+00:00, run_after=2025-08-14T00:00:00+00:00
[2025-08-14T10:55:33.214+0000] {processor.py:179} INFO - Processing /home/vscode/.local/lib/python3.10/site-packages/airflow/example_dags/example_branch_day_of_week_operator.py took 0.054 seconds
[2025-08-14T10:56:20.261+0000] {processor.py:157} INFO - Started process (PID=38168) to work on /home/vscode/.local/lib/python3.10/site-packages/airflow/example_dags/example_branch_day_of_week_operator.py
[2025-08-14T10:56:20.262+0000] {processor.py:826} INFO - Processing file /home/vscode/.local/lib/python3.10/site-packages/airflow/example_dags/example_branch_day_of_week_operator.py for tasks to queue
[2025-08-14T10:56:20.262+0000] {logging_mixin.py:150} INFO - [2025-08-14T10:56:20.262+0000] {dagbag.py:541} INFO - Filling up the DagBag from /home/vscode/.local/lib/python3.10/site-packages/airflow/example_dags/example_branch_day_of_week_operator.py
[2025-08-14T10:56:20.269+0000] {processor.py:836} INFO - DAG(s) dict_keys(['example_weekday_branch_operator']) retrieved from /home/vscode/.local/lib/python3.10/site-packages/airflow/example_dags/example_branch_day_of_week_operator.py
[2025-08-14T10:56:20.281+0000] {logging_mixin.py:150} INFO - [2025-08-14T10:56:20.281+0000] {dag.py:2742} INFO - Sync 1 DAGs
[2025-08-14T10:56:20.296+0000] {logging_mixin.py:150} INFO - [2025-08-14T10:56:20.296+0000] {dag.py:3504} INFO - Setting next_dagrun for example_weekday_branch_operator to 2025-08-13T00:00:00+00:00, run_after=2025-08-14T00:00:00+00:00
[2025-08-14T10:56:20.312+0000] {processor.py:179} INFO - Processing /home/vscode/.local/lib/python3.10/site-packages/airflow/example_dags/example_branch_day_of_week_operator.py took 0.053 seconds
[2025-08-14T10:57:13.206+0000] {processor.py:157} INFO - Started process (PID=38669) to work on /home/vscode/.local/lib/python3.10/site-packages/airflow/example_dags/example_branch_day_of_week_operator.py
[2025-08-14T10:57:13.206+0000] {processor.py:826} INFO - Processing file /home/vscode/.local/lib/python3.10/site-packages/airflow/example_dags/example_branch_day_of_week_operator.py for tasks to queue
[2025-08-14T10:57:13.207+0000] {logging_mixin.py:150} INFO - [2025-08-14T10:57:13.207+0000] {dagbag.py:541} INFO - Filling up the DagBag from /home/vscode/.local/lib/python3.10/site-packages/airflow/example_dags/example_branch_day_of_week_operator.py
[2025-08-14T10:57:13.214+0000] {processor.py:836} INFO - DAG(s) dict_keys(['example_weekday_branch_operator']) retrieved from /home/vscode/.local/lib/python3.10/site-packages/airflow/example_dags/example_branch_day_of_week_operator.py
[2025-08-14T10:57:13.233+0000] {logging_mixin.py:150} INFO - [2025-08-14T10:57:13.233+0000] {dag.py:2742} INFO - Sync 1 DAGs
[2025-08-14T10:57:13.259+0000] {logging_mixin.py:150} INFO - [2025-08-14T10:57:13.259+0000] {dag.py:3504} INFO - Setting next_dagrun for example_weekday_branch_operator to 2025-08-13T00:00:00+00:00, run_after=2025-08-14T00:00:00+00:00
[2025-08-14T10:57:13.280+0000] {processor.py:179} INFO - Processing /home/vscode/.local/lib/python3.10/site-packages/airflow/example_dags/example_branch_day_of_week_operator.py took 0.077 seconds
[2025-08-14T10:57:59.180+0000] {processor.py:157} INFO - Started process (PID=39111) to work on /home/vscode/.local/lib/python3.10/site-packages/airflow/example_dags/example_branch_day_of_week_operator.py
[2025-08-14T10:57:59.181+0000] {processor.py:826} INFO - Processing file /home/vscode/.local/lib/python3.10/site-packages/airflow/example_dags/example_branch_day_of_week_operator.py for tasks to queue
[2025-08-14T10:57:59.181+0000] {logging_mixin.py:150} INFO - [2025-08-14T10:57:59.181+0000] {dagbag.py:541} INFO - Filling up the DagBag from /home/vscode/.local/lib/python3.10/site-packages/airflow/example_dags/example_branch_day_of_week_operator.py
[2025-08-14T10:57:59.187+0000] {processor.py:836} INFO - DAG(s) dict_keys(['example_weekday_branch_operator']) retrieved from /home/vscode/.local/lib/python3.10/site-packages/airflow/example_dags/example_branch_day_of_week_operator.py
[2025-08-14T10:57:59.200+0000] {logging_mixin.py:150} INFO - [2025-08-14T10:57:59.199+0000] {dag.py:2742} INFO - Sync 1 DAGs
[2025-08-14T10:57:59.215+0000] {logging_mixin.py:150} INFO - [2025-08-14T10:57:59.215+0000] {dag.py:3504} INFO - Setting next_dagrun for example_weekday_branch_operator to 2025-08-13T00:00:00+00:00, run_after=2025-08-14T00:00:00+00:00
[2025-08-14T10:57:59.232+0000] {processor.py:179} INFO - Processing /home/vscode/.local/lib/python3.10/site-packages/airflow/example_dags/example_branch_day_of_week_operator.py took 0.054 seconds
[2025-08-14T10:58:46.706+0000] {processor.py:157} INFO - Started process (PID=39568) to work on /home/vscode/.local/lib/python3.10/site-packages/airflow/example_dags/example_branch_day_of_week_operator.py
[2025-08-14T10:58:46.707+0000] {processor.py:826} INFO - Processing file /home/vscode/.local/lib/python3.10/site-packages/airflow/example_dags/example_branch_day_of_week_operator.py for tasks to queue
[2025-08-14T10:58:46.707+0000] {logging_mixin.py:150} INFO - [2025-08-14T10:58:46.707+0000] {dagbag.py:541} INFO - Filling up the DagBag from /home/vscode/.local/lib/python3.10/site-packages/airflow/example_dags/example_branch_day_of_week_operator.py
[2025-08-14T10:58:46.713+0000] {processor.py:836} INFO - DAG(s) dict_keys(['example_weekday_branch_operator']) retrieved from /home/vscode/.local/lib/python3.10/site-packages/airflow/example_dags/example_branch_day_of_week_operator.py
[2025-08-14T10:58:46.725+0000] {logging_mixin.py:150} INFO - [2025-08-14T10:58:46.725+0000] {dag.py:2742} INFO - Sync 1 DAGs
[2025-08-14T10:58:46.741+0000] {logging_mixin.py:150} INFO - [2025-08-14T10:58:46.741+0000] {dag.py:3504} INFO - Setting next_dagrun for example_weekday_branch_operator to 2025-08-13T00:00:00+00:00, run_after=2025-08-14T00:00:00+00:00
[2025-08-14T10:58:46.756+0000] {processor.py:179} INFO - Processing /home/vscode/.local/lib/python3.10/site-packages/airflow/example_dags/example_branch_day_of_week_operator.py took 0.052 seconds
[2025-08-14T10:59:30.550+0000] {processor.py:157} INFO - Started process (PID=39995) to work on /home/vscode/.local/lib/python3.10/site-packages/airflow/example_dags/example_branch_day_of_week_operator.py
[2025-08-14T10:59:30.550+0000] {processor.py:826} INFO - Processing file /home/vscode/.local/lib/python3.10/site-packages/airflow/example_dags/example_branch_day_of_week_operator.py for tasks to queue
[2025-08-14T10:59:30.551+0000] {logging_mixin.py:150} INFO - [2025-08-14T10:59:30.551+0000] {dagbag.py:541} INFO - Filling up the DagBag from /home/vscode/.local/lib/python3.10/site-packages/airflow/example_dags/example_branch_day_of_week_operator.py
[2025-08-14T10:59:30.557+0000] {processor.py:836} INFO - DAG(s) dict_keys(['example_weekday_branch_operator']) retrieved from /home/vscode/.local/lib/python3.10/site-packages/airflow/example_dags/example_branch_day_of_week_operator.py
[2025-08-14T10:59:30.569+0000] {logging_mixin.py:150} INFO - [2025-08-14T10:59:30.569+0000] {dag.py:2742} INFO - Sync 1 DAGs
[2025-08-14T10:59:30.585+0000] {logging_mixin.py:150} INFO - [2025-08-14T10:59:30.585+0000] {dag.py:3504} INFO - Setting next_dagrun for example_weekday_branch_operator to 2025-08-13T00:00:00+00:00, run_after=2025-08-14T00:00:00+00:00
[2025-08-14T10:59:30.600+0000] {processor.py:179} INFO - Processing /home/vscode/.local/lib/python3.10/site-packages/airflow/example_dags/example_branch_day_of_week_operator.py took 0.052 seconds
[2025-08-14T11:00:16.752+0000] {processor.py:157} INFO - Started process (PID=40425) to work on /home/vscode/.local/lib/python3.10/site-packages/airflow/example_dags/example_branch_day_of_week_operator.py
[2025-08-14T11:00:16.753+0000] {processor.py:826} INFO - Processing file /home/vscode/.local/lib/python3.10/site-packages/airflow/example_dags/example_branch_day_of_week_operator.py for tasks to queue
[2025-08-14T11:00:16.754+0000] {logging_mixin.py:150} INFO - [2025-08-14T11:00:16.753+0000] {dagbag.py:541} INFO - Filling up the DagBag from /home/vscode/.local/lib/python3.10/site-packages/airflow/example_dags/example_branch_day_of_week_operator.py
[2025-08-14T11:00:16.759+0000] {processor.py:836} INFO - DAG(s) dict_keys(['example_weekday_branch_operator']) retrieved from /home/vscode/.local/lib/python3.10/site-packages/airflow/example_dags/example_branch_day_of_week_operator.py
[2025-08-14T11:00:16.771+0000] {logging_mixin.py:150} INFO - [2025-08-14T11:00:16.771+0000] {dag.py:2742} INFO - Sync 1 DAGs
[2025-08-14T11:00:16.786+0000] {logging_mixin.py:150} INFO - [2025-08-14T11:00:16.786+0000] {dag.py:3504} INFO - Setting next_dagrun for example_weekday_branch_operator to 2025-08-13T00:00:00+00:00, run_after=2025-08-14T00:00:00+00:00
[2025-08-14T11:00:16.801+0000] {processor.py:179} INFO - Processing /home/vscode/.local/lib/python3.10/site-packages/airflow/example_dags/example_branch_day_of_week_operator.py took 0.050 seconds
[2025-08-14T11:01:04.009+0000] {processor.py:157} INFO - Started process (PID=40881) to work on /home/vscode/.local/lib/python3.10/site-packages/airflow/example_dags/example_branch_day_of_week_operator.py
[2025-08-14T11:01:04.010+0000] {processor.py:826} INFO - Processing file /home/vscode/.local/lib/python3.10/site-packages/airflow/example_dags/example_branch_day_of_week_operator.py for tasks to queue
[2025-08-14T11:01:04.011+0000] {logging_mixin.py:150} INFO - [2025-08-14T11:01:04.010+0000] {dagbag.py:541} INFO - Filling up the DagBag from /home/vscode/.local/lib/python3.10/site-packages/airflow/example_dags/example_branch_day_of_week_operator.py
[2025-08-14T11:01:04.018+0000] {processor.py:836} INFO - DAG(s) dict_keys(['example_weekday_branch_operator']) retrieved from /home/vscode/.local/lib/python3.10/site-packages/airflow/example_dags/example_branch_day_of_week_operator.py
[2025-08-14T11:01:04.033+0000] {logging_mixin.py:150} INFO - [2025-08-14T11:01:04.033+0000] {dag.py:2742} INFO - Sync 1 DAGs
[2025-08-14T11:01:04.049+0000] {logging_mixin.py:150} INFO - [2025-08-14T11:01:04.049+0000] {dag.py:3504} INFO - Setting next_dagrun for example_weekday_branch_operator to 2025-08-13T00:00:00+00:00, run_after=2025-08-14T00:00:00+00:00
[2025-08-14T11:01:04.065+0000] {processor.py:179} INFO - Processing /home/vscode/.local/lib/python3.10/site-packages/airflow/example_dags/example_branch_day_of_week_operator.py took 0.059 seconds
[2025-08-14T11:01:55.259+0000] {processor.py:157} INFO - Started process (PID=41368) to work on /home/vscode/.local/lib/python3.10/site-packages/airflow/example_dags/example_branch_day_of_week_operator.py
[2025-08-14T11:01:55.260+0000] {processor.py:826} INFO - Processing file /home/vscode/.local/lib/python3.10/site-packages/airflow/example_dags/example_branch_day_of_week_operator.py for tasks to queue
[2025-08-14T11:01:55.260+0000] {logging_mixin.py:150} INFO - [2025-08-14T11:01:55.260+0000] {dagbag.py:541} INFO - Filling up the DagBag from /home/vscode/.local/lib/python3.10/site-packages/airflow/example_dags/example_branch_day_of_week_operator.py
[2025-08-14T11:01:55.266+0000] {processor.py:836} INFO - DAG(s) dict_keys(['example_weekday_branch_operator']) retrieved from /home/vscode/.local/lib/python3.10/site-packages/airflow/example_dags/example_branch_day_of_week_operator.py
[2025-08-14T11:01:55.278+0000] {logging_mixin.py:150} INFO - [2025-08-14T11:01:55.278+0000] {dag.py:2742} INFO - Sync 1 DAGs
[2025-08-14T11:01:55.293+0000] {logging_mixin.py:150} INFO - [2025-08-14T11:01:55.293+0000] {dag.py:3504} INFO - Setting next_dagrun for example_weekday_branch_operator to 2025-08-13T00:00:00+00:00, run_after=2025-08-14T00:00:00+00:00
[2025-08-14T11:01:55.309+0000] {processor.py:179} INFO - Processing /home/vscode/.local/lib/python3.10/site-packages/airflow/example_dags/example_branch_day_of_week_operator.py took 0.052 seconds
[2025-08-14T11:02:43.032+0000] {processor.py:157} INFO - Started process (PID=41823) to work on /home/vscode/.local/lib/python3.10/site-packages/airflow/example_dags/example_branch_day_of_week_operator.py
[2025-08-14T11:02:43.032+0000] {processor.py:826} INFO - Processing file /home/vscode/.local/lib/python3.10/site-packages/airflow/example_dags/example_branch_day_of_week_operator.py for tasks to queue
[2025-08-14T11:02:43.033+0000] {logging_mixin.py:150} INFO - [2025-08-14T11:02:43.033+0000] {dagbag.py:541} INFO - Filling up the DagBag from /home/vscode/.local/lib/python3.10/site-packages/airflow/example_dags/example_branch_day_of_week_operator.py
[2025-08-14T11:02:43.040+0000] {processor.py:836} INFO - DAG(s) dict_keys(['example_weekday_branch_operator']) retrieved from /home/vscode/.local/lib/python3.10/site-packages/airflow/example_dags/example_branch_day_of_week_operator.py
[2025-08-14T11:02:43.059+0000] {logging_mixin.py:150} INFO - [2025-08-14T11:02:43.058+0000] {dag.py:2742} INFO - Sync 1 DAGs
[2025-08-14T11:02:43.083+0000] {logging_mixin.py:150} INFO - [2025-08-14T11:02:43.083+0000] {dag.py:3504} INFO - Setting next_dagrun for example_weekday_branch_operator to 2025-08-13T00:00:00+00:00, run_after=2025-08-14T00:00:00+00:00
[2025-08-14T11:02:43.108+0000] {processor.py:179} INFO - Processing /home/vscode/.local/lib/python3.10/site-packages/airflow/example_dags/example_branch_day_of_week_operator.py took 0.079 seconds
[2025-08-14T11:03:28.443+0000] {processor.py:157} INFO - Started process (PID=42265) to work on /home/vscode/.local/lib/python3.10/site-packages/airflow/example_dags/example_branch_day_of_week_operator.py
[2025-08-14T11:03:28.444+0000] {processor.py:826} INFO - Processing file /home/vscode/.local/lib/python3.10/site-packages/airflow/example_dags/example_branch_day_of_week_operator.py for tasks to queue
[2025-08-14T11:03:28.445+0000] {logging_mixin.py:150} INFO - [2025-08-14T11:03:28.444+0000] {dagbag.py:541} INFO - Filling up the DagBag from /home/vscode/.local/lib/python3.10/site-packages/airflow/example_dags/example_branch_day_of_week_operator.py
[2025-08-14T11:03:28.453+0000] {processor.py:836} INFO - DAG(s) dict_keys(['example_weekday_branch_operator']) retrieved from /home/vscode/.local/lib/python3.10/site-packages/airflow/example_dags/example_branch_day_of_week_operator.py
[2025-08-14T11:03:28.473+0000] {logging_mixin.py:150} INFO - [2025-08-14T11:03:28.473+0000] {dag.py:2742} INFO - Sync 1 DAGs
[2025-08-14T11:03:28.497+0000] {logging_mixin.py:150} INFO - [2025-08-14T11:03:28.497+0000] {dag.py:3504} INFO - Setting next_dagrun for example_weekday_branch_operator to 2025-08-13T00:00:00+00:00, run_after=2025-08-14T00:00:00+00:00
[2025-08-14T11:03:28.517+0000] {processor.py:179} INFO - Processing /home/vscode/.local/lib/python3.10/site-packages/airflow/example_dags/example_branch_day_of_week_operator.py took 0.077 seconds
[2025-08-14T11:04:12.717+0000] {processor.py:157} INFO - Started process (PID=42692) to work on /home/vscode/.local/lib/python3.10/site-packages/airflow/example_dags/example_branch_day_of_week_operator.py
[2025-08-14T11:04:12.717+0000] {processor.py:826} INFO - Processing file /home/vscode/.local/lib/python3.10/site-packages/airflow/example_dags/example_branch_day_of_week_operator.py for tasks to queue
[2025-08-14T11:04:12.718+0000] {logging_mixin.py:150} INFO - [2025-08-14T11:04:12.718+0000] {dagbag.py:541} INFO - Filling up the DagBag from /home/vscode/.local/lib/python3.10/site-packages/airflow/example_dags/example_branch_day_of_week_operator.py
[2025-08-14T11:04:12.723+0000] {processor.py:836} INFO - DAG(s) dict_keys(['example_weekday_branch_operator']) retrieved from /home/vscode/.local/lib/python3.10/site-packages/airflow/example_dags/example_branch_day_of_week_operator.py
[2025-08-14T11:04:12.736+0000] {logging_mixin.py:150} INFO - [2025-08-14T11:04:12.735+0000] {dag.py:2742} INFO - Sync 1 DAGs
[2025-08-14T11:04:12.750+0000] {logging_mixin.py:150} INFO - [2025-08-14T11:04:12.750+0000] {dag.py:3504} INFO - Setting next_dagrun for example_weekday_branch_operator to 2025-08-13T00:00:00+00:00, run_after=2025-08-14T00:00:00+00:00
[2025-08-14T11:04:12.767+0000] {processor.py:179} INFO - Processing /home/vscode/.local/lib/python3.10/site-packages/airflow/example_dags/example_branch_day_of_week_operator.py took 0.053 seconds
[2025-08-14T11:05:05.210+0000] {processor.py:157} INFO - Started process (PID=43188) to work on /home/vscode/.local/lib/python3.10/site-packages/airflow/example_dags/example_branch_day_of_week_operator.py
[2025-08-14T11:05:05.210+0000] {processor.py:826} INFO - Processing file /home/vscode/.local/lib/python3.10/site-packages/airflow/example_dags/example_branch_day_of_week_operator.py for tasks to queue
[2025-08-14T11:05:05.211+0000] {logging_mixin.py:150} INFO - [2025-08-14T11:05:05.211+0000] {dagbag.py:541} INFO - Filling up the DagBag from /home/vscode/.local/lib/python3.10/site-packages/airflow/example_dags/example_branch_day_of_week_operator.py
[2025-08-14T11:05:05.217+0000] {processor.py:836} INFO - DAG(s) dict_keys(['example_weekday_branch_operator']) retrieved from /home/vscode/.local/lib/python3.10/site-packages/airflow/example_dags/example_branch_day_of_week_operator.py
[2025-08-14T11:05:05.229+0000] {logging_mixin.py:150} INFO - [2025-08-14T11:05:05.229+0000] {dag.py:2742} INFO - Sync 1 DAGs
[2025-08-14T11:05:05.245+0000] {logging_mixin.py:150} INFO - [2025-08-14T11:05:05.245+0000] {dag.py:3504} INFO - Setting next_dagrun for example_weekday_branch_operator to 2025-08-13T00:00:00+00:00, run_after=2025-08-14T00:00:00+00:00
[2025-08-14T11:05:05.259+0000] {processor.py:179} INFO - Processing /home/vscode/.local/lib/python3.10/site-packages/airflow/example_dags/example_branch_day_of_week_operator.py took 0.052 seconds
[2025-08-14T11:05:49.142+0000] {processor.py:157} INFO - Started process (PID=43611) to work on /home/vscode/.local/lib/python3.10/site-packages/airflow/example_dags/example_branch_day_of_week_operator.py
[2025-08-14T11:05:49.142+0000] {processor.py:826} INFO - Processing file /home/vscode/.local/lib/python3.10/site-packages/airflow/example_dags/example_branch_day_of_week_operator.py for tasks to queue
[2025-08-14T11:05:49.143+0000] {logging_mixin.py:150} INFO - [2025-08-14T11:05:49.143+0000] {dagbag.py:541} INFO - Filling up the DagBag from /home/vscode/.local/lib/python3.10/site-packages/airflow/example_dags/example_branch_day_of_week_operator.py
[2025-08-14T11:05:49.149+0000] {processor.py:836} INFO - DAG(s) dict_keys(['example_weekday_branch_operator']) retrieved from /home/vscode/.local/lib/python3.10/site-packages/airflow/example_dags/example_branch_day_of_week_operator.py
[2025-08-14T11:05:49.163+0000] {logging_mixin.py:150} INFO - [2025-08-14T11:05:49.162+0000] {dag.py:2742} INFO - Sync 1 DAGs
[2025-08-14T11:05:49.179+0000] {logging_mixin.py:150} INFO - [2025-08-14T11:05:49.178+0000] {dag.py:3504} INFO - Setting next_dagrun for example_weekday_branch_operator to 2025-08-13T00:00:00+00:00, run_after=2025-08-14T00:00:00+00:00
[2025-08-14T11:05:49.195+0000] {processor.py:179} INFO - Processing /home/vscode/.local/lib/python3.10/site-packages/airflow/example_dags/example_branch_day_of_week_operator.py took 0.056 seconds
[2025-08-14T11:06:48.475+0000] {processor.py:157} INFO - Started process (PID=44176) to work on /home/vscode/.local/lib/python3.10/site-packages/airflow/example_dags/example_branch_day_of_week_operator.py
[2025-08-14T11:06:48.475+0000] {processor.py:826} INFO - Processing file /home/vscode/.local/lib/python3.10/site-packages/airflow/example_dags/example_branch_day_of_week_operator.py for tasks to queue
[2025-08-14T11:06:48.476+0000] {logging_mixin.py:150} INFO - [2025-08-14T11:06:48.476+0000] {dagbag.py:541} INFO - Filling up the DagBag from /home/vscode/.local/lib/python3.10/site-packages/airflow/example_dags/example_branch_day_of_week_operator.py
[2025-08-14T11:06:48.481+0000] {processor.py:836} INFO - DAG(s) dict_keys(['example_weekday_branch_operator']) retrieved from /home/vscode/.local/lib/python3.10/site-packages/airflow/example_dags/example_branch_day_of_week_operator.py
[2025-08-14T11:06:48.494+0000] {logging_mixin.py:150} INFO - [2025-08-14T11:06:48.494+0000] {dag.py:2742} INFO - Sync 1 DAGs
[2025-08-14T11:06:48.512+0000] {logging_mixin.py:150} INFO - [2025-08-14T11:06:48.512+0000] {dag.py:3504} INFO - Setting next_dagrun for example_weekday_branch_operator to 2025-08-13T00:00:00+00:00, run_after=2025-08-14T00:00:00+00:00
[2025-08-14T11:06:48.528+0000] {processor.py:179} INFO - Processing /home/vscode/.local/lib/python3.10/site-packages/airflow/example_dags/example_branch_day_of_week_operator.py took 0.055 seconds
[2025-08-14T11:07:34.244+0000] {processor.py:157} INFO - Started process (PID=44623) to work on /home/vscode/.local/lib/python3.10/site-packages/airflow/example_dags/example_branch_day_of_week_operator.py
[2025-08-14T11:07:34.245+0000] {processor.py:826} INFO - Processing file /home/vscode/.local/lib/python3.10/site-packages/airflow/example_dags/example_branch_day_of_week_operator.py for tasks to queue
[2025-08-14T11:07:34.245+0000] {logging_mixin.py:150} INFO - [2025-08-14T11:07:34.245+0000] {dagbag.py:541} INFO - Filling up the DagBag from /home/vscode/.local/lib/python3.10/site-packages/airflow/example_dags/example_branch_day_of_week_operator.py
[2025-08-14T11:07:34.251+0000] {processor.py:836} INFO - DAG(s) dict_keys(['example_weekday_branch_operator']) retrieved from /home/vscode/.local/lib/python3.10/site-packages/airflow/example_dags/example_branch_day_of_week_operator.py
[2025-08-14T11:07:34.264+0000] {logging_mixin.py:150} INFO - [2025-08-14T11:07:34.264+0000] {dag.py:2742} INFO - Sync 1 DAGs
[2025-08-14T11:07:34.279+0000] {logging_mixin.py:150} INFO - [2025-08-14T11:07:34.279+0000] {dag.py:3504} INFO - Setting next_dagrun for example_weekday_branch_operator to 2025-08-13T00:00:00+00:00, run_after=2025-08-14T00:00:00+00:00
[2025-08-14T11:07:34.294+0000] {processor.py:179} INFO - Processing /home/vscode/.local/lib/python3.10/site-packages/airflow/example_dags/example_branch_day_of_week_operator.py took 0.054 seconds
[2025-08-14T11:08:18.217+0000] {processor.py:157} INFO - Started process (PID=45038) to work on /home/vscode/.local/lib/python3.10/site-packages/airflow/example_dags/example_branch_day_of_week_operator.py
[2025-08-14T11:08:18.218+0000] {processor.py:826} INFO - Processing file /home/vscode/.local/lib/python3.10/site-packages/airflow/example_dags/example_branch_day_of_week_operator.py for tasks to queue
[2025-08-14T11:08:18.218+0000] {logging_mixin.py:150} INFO - [2025-08-14T11:08:18.218+0000] {dagbag.py:541} INFO - Filling up the DagBag from /home/vscode/.local/lib/python3.10/site-packages/airflow/example_dags/example_branch_day_of_week_operator.py
[2025-08-14T11:08:18.224+0000] {processor.py:836} INFO - DAG(s) dict_keys(['example_weekday_branch_operator']) retrieved from /home/vscode/.local/lib/python3.10/site-packages/airflow/example_dags/example_branch_day_of_week_operator.py
[2025-08-14T11:08:18.237+0000] {logging_mixin.py:150} INFO - [2025-08-14T11:08:18.237+0000] {dag.py:2742} INFO - Sync 1 DAGs
[2025-08-14T11:08:18.252+0000] {logging_mixin.py:150} INFO - [2025-08-14T11:08:18.252+0000] {dag.py:3504} INFO - Setting next_dagrun for example_weekday_branch_operator to 2025-08-13T00:00:00+00:00, run_after=2025-08-14T00:00:00+00:00
[2025-08-14T11:08:18.267+0000] {processor.py:179} INFO - Processing /home/vscode/.local/lib/python3.10/site-packages/airflow/example_dags/example_branch_day_of_week_operator.py took 0.052 seconds
[2025-08-14T11:09:03.338+0000] {processor.py:157} INFO - Started process (PID=45466) to work on /home/vscode/.local/lib/python3.10/site-packages/airflow/example_dags/example_branch_day_of_week_operator.py
[2025-08-14T11:09:03.339+0000] {processor.py:826} INFO - Processing file /home/vscode/.local/lib/python3.10/site-packages/airflow/example_dags/example_branch_day_of_week_operator.py for tasks to queue
[2025-08-14T11:09:03.340+0000] {logging_mixin.py:150} INFO - [2025-08-14T11:09:03.340+0000] {dagbag.py:541} INFO - Filling up the DagBag from /home/vscode/.local/lib/python3.10/site-packages/airflow/example_dags/example_branch_day_of_week_operator.py
[2025-08-14T11:09:03.346+0000] {processor.py:836} INFO - DAG(s) dict_keys(['example_weekday_branch_operator']) retrieved from /home/vscode/.local/lib/python3.10/site-packages/airflow/example_dags/example_branch_day_of_week_operator.py
[2025-08-14T11:09:03.358+0000] {logging_mixin.py:150} INFO - [2025-08-14T11:09:03.358+0000] {dag.py:2742} INFO - Sync 1 DAGs
[2025-08-14T11:09:03.374+0000] {logging_mixin.py:150} INFO - [2025-08-14T11:09:03.374+0000] {dag.py:3504} INFO - Setting next_dagrun for example_weekday_branch_operator to 2025-08-13T00:00:00+00:00, run_after=2025-08-14T00:00:00+00:00
[2025-08-14T11:09:03.390+0000] {processor.py:179} INFO - Processing /home/vscode/.local/lib/python3.10/site-packages/airflow/example_dags/example_branch_day_of_week_operator.py took 0.054 seconds
[2025-08-14T11:09:57.130+0000] {processor.py:157} INFO - Started process (PID=45977) to work on /home/vscode/.local/lib/python3.10/site-packages/airflow/example_dags/example_branch_day_of_week_operator.py
[2025-08-14T11:09:57.130+0000] {processor.py:826} INFO - Processing file /home/vscode/.local/lib/python3.10/site-packages/airflow/example_dags/example_branch_day_of_week_operator.py for tasks to queue
[2025-08-14T11:09:57.131+0000] {logging_mixin.py:150} INFO - [2025-08-14T11:09:57.131+0000] {dagbag.py:541} INFO - Filling up the DagBag from /home/vscode/.local/lib/python3.10/site-packages/airflow/example_dags/example_branch_day_of_week_operator.py
[2025-08-14T11:09:57.137+0000] {processor.py:836} INFO - DAG(s) dict_keys(['example_weekday_branch_operator']) retrieved from /home/vscode/.local/lib/python3.10/site-packages/airflow/example_dags/example_branch_day_of_week_operator.py
[2025-08-14T11:09:57.151+0000] {logging_mixin.py:150} INFO - [2025-08-14T11:09:57.151+0000] {dag.py:2742} INFO - Sync 1 DAGs
[2025-08-14T11:09:57.166+0000] {logging_mixin.py:150} INFO - [2025-08-14T11:09:57.166+0000] {dag.py:3504} INFO - Setting next_dagrun for example_weekday_branch_operator to 2025-08-13T00:00:00+00:00, run_after=2025-08-14T00:00:00+00:00
[2025-08-14T11:09:57.182+0000] {processor.py:179} INFO - Processing /home/vscode/.local/lib/python3.10/site-packages/airflow/example_dags/example_branch_day_of_week_operator.py took 0.054 seconds
[2025-08-14T11:10:47.264+0000] {processor.py:157} INFO - Started process (PID=46458) to work on /home/vscode/.local/lib/python3.10/site-packages/airflow/example_dags/example_branch_day_of_week_operator.py
[2025-08-14T11:10:47.265+0000] {processor.py:826} INFO - Processing file /home/vscode/.local/lib/python3.10/site-packages/airflow/example_dags/example_branch_day_of_week_operator.py for tasks to queue
[2025-08-14T11:10:47.265+0000] {logging_mixin.py:150} INFO - [2025-08-14T11:10:47.265+0000] {dagbag.py:541} INFO - Filling up the DagBag from /home/vscode/.local/lib/python3.10/site-packages/airflow/example_dags/example_branch_day_of_week_operator.py
[2025-08-14T11:10:47.271+0000] {processor.py:836} INFO - DAG(s) dict_keys(['example_weekday_branch_operator']) retrieved from /home/vscode/.local/lib/python3.10/site-packages/airflow/example_dags/example_branch_day_of_week_operator.py
[2025-08-14T11:10:47.283+0000] {logging_mixin.py:150} INFO - [2025-08-14T11:10:47.283+0000] {dag.py:2742} INFO - Sync 1 DAGs
[2025-08-14T11:10:47.297+0000] {logging_mixin.py:150} INFO - [2025-08-14T11:10:47.297+0000] {dag.py:3504} INFO - Setting next_dagrun for example_weekday_branch_operator to 2025-08-13T00:00:00+00:00, run_after=2025-08-14T00:00:00+00:00
[2025-08-14T11:10:47.312+0000] {processor.py:179} INFO - Processing /home/vscode/.local/lib/python3.10/site-packages/airflow/example_dags/example_branch_day_of_week_operator.py took 0.050 seconds
[2025-08-14T11:11:42.242+0000] {processor.py:157} INFO - Started process (PID=46980) to work on /home/vscode/.local/lib/python3.10/site-packages/airflow/example_dags/example_branch_day_of_week_operator.py
[2025-08-14T11:11:42.243+0000] {processor.py:826} INFO - Processing file /home/vscode/.local/lib/python3.10/site-packages/airflow/example_dags/example_branch_day_of_week_operator.py for tasks to queue
[2025-08-14T11:11:42.243+0000] {logging_mixin.py:150} INFO - [2025-08-14T11:11:42.243+0000] {dagbag.py:541} INFO - Filling up the DagBag from /home/vscode/.local/lib/python3.10/site-packages/airflow/example_dags/example_branch_day_of_week_operator.py
[2025-08-14T11:11:42.249+0000] {processor.py:836} INFO - DAG(s) dict_keys(['example_weekday_branch_operator']) retrieved from /home/vscode/.local/lib/python3.10/site-packages/airflow/example_dags/example_branch_day_of_week_operator.py
[2025-08-14T11:11:42.262+0000] {logging_mixin.py:150} INFO - [2025-08-14T11:11:42.262+0000] {dag.py:2742} INFO - Sync 1 DAGs
[2025-08-14T11:11:42.278+0000] {logging_mixin.py:150} INFO - [2025-08-14T11:11:42.278+0000] {dag.py:3504} INFO - Setting next_dagrun for example_weekday_branch_operator to 2025-08-13T00:00:00+00:00, run_after=2025-08-14T00:00:00+00:00
[2025-08-14T11:11:42.295+0000] {processor.py:179} INFO - Processing /home/vscode/.local/lib/python3.10/site-packages/airflow/example_dags/example_branch_day_of_week_operator.py took 0.055 seconds
[2025-08-14T11:12:40.325+0000] {processor.py:157} INFO - Started process (PID=47543) to work on /home/vscode/.local/lib/python3.10/site-packages/airflow/example_dags/example_branch_day_of_week_operator.py
[2025-08-14T11:12:40.325+0000] {processor.py:826} INFO - Processing file /home/vscode/.local/lib/python3.10/site-packages/airflow/example_dags/example_branch_day_of_week_operator.py for tasks to queue
[2025-08-14T11:12:40.326+0000] {logging_mixin.py:150} INFO - [2025-08-14T11:12:40.326+0000] {dagbag.py:541} INFO - Filling up the DagBag from /home/vscode/.local/lib/python3.10/site-packages/airflow/example_dags/example_branch_day_of_week_operator.py
[2025-08-14T11:12:40.332+0000] {processor.py:836} INFO - DAG(s) dict_keys(['example_weekday_branch_operator']) retrieved from /home/vscode/.local/lib/python3.10/site-packages/airflow/example_dags/example_branch_day_of_week_operator.py
[2025-08-14T11:12:40.344+0000] {logging_mixin.py:150} INFO - [2025-08-14T11:12:40.344+0000] {dag.py:2742} INFO - Sync 1 DAGs
[2025-08-14T11:12:40.360+0000] {logging_mixin.py:150} INFO - [2025-08-14T11:12:40.360+0000] {dag.py:3504} INFO - Setting next_dagrun for example_weekday_branch_operator to 2025-08-13T00:00:00+00:00, run_after=2025-08-14T00:00:00+00:00
[2025-08-14T11:12:40.376+0000] {processor.py:179} INFO - Processing /home/vscode/.local/lib/python3.10/site-packages/airflow/example_dags/example_branch_day_of_week_operator.py took 0.053 seconds
[2025-08-14T11:13:28.896+0000] {processor.py:157} INFO - Started process (PID=48006) to work on /home/vscode/.local/lib/python3.10/site-packages/airflow/example_dags/example_branch_day_of_week_operator.py
[2025-08-14T11:13:28.896+0000] {processor.py:826} INFO - Processing file /home/vscode/.local/lib/python3.10/site-packages/airflow/example_dags/example_branch_day_of_week_operator.py for tasks to queue
[2025-08-14T11:13:28.897+0000] {logging_mixin.py:150} INFO - [2025-08-14T11:13:28.897+0000] {dagbag.py:541} INFO - Filling up the DagBag from /home/vscode/.local/lib/python3.10/site-packages/airflow/example_dags/example_branch_day_of_week_operator.py
[2025-08-14T11:13:28.903+0000] {processor.py:836} INFO - DAG(s) dict_keys(['example_weekday_branch_operator']) retrieved from /home/vscode/.local/lib/python3.10/site-packages/airflow/example_dags/example_branch_day_of_week_operator.py
[2025-08-14T11:13:28.916+0000] {logging_mixin.py:150} INFO - [2025-08-14T11:13:28.915+0000] {dag.py:2742} INFO - Sync 1 DAGs
[2025-08-14T11:13:28.931+0000] {logging_mixin.py:150} INFO - [2025-08-14T11:13:28.930+0000] {dag.py:3504} INFO - Setting next_dagrun for example_weekday_branch_operator to 2025-08-13T00:00:00+00:00, run_after=2025-08-14T00:00:00+00:00
[2025-08-14T11:13:28.947+0000] {processor.py:179} INFO - Processing /home/vscode/.local/lib/python3.10/site-packages/airflow/example_dags/example_branch_day_of_week_operator.py took 0.053 seconds
[2025-08-14T11:14:16.981+0000] {processor.py:157} INFO - Started process (PID=48472) to work on /home/vscode/.local/lib/python3.10/site-packages/airflow/example_dags/example_branch_day_of_week_operator.py
[2025-08-14T11:14:16.981+0000] {processor.py:826} INFO - Processing file /home/vscode/.local/lib/python3.10/site-packages/airflow/example_dags/example_branch_day_of_week_operator.py for tasks to queue
[2025-08-14T11:14:16.982+0000] {logging_mixin.py:150} INFO - [2025-08-14T11:14:16.982+0000] {dagbag.py:541} INFO - Filling up the DagBag from /home/vscode/.local/lib/python3.10/site-packages/airflow/example_dags/example_branch_day_of_week_operator.py
[2025-08-14T11:14:16.988+0000] {processor.py:836} INFO - DAG(s) dict_keys(['example_weekday_branch_operator']) retrieved from /home/vscode/.local/lib/python3.10/site-packages/airflow/example_dags/example_branch_day_of_week_operator.py
[2025-08-14T11:14:17.000+0000] {logging_mixin.py:150} INFO - [2025-08-14T11:14:17.000+0000] {dag.py:2742} INFO - Sync 1 DAGs
[2025-08-14T11:14:17.015+0000] {logging_mixin.py:150} INFO - [2025-08-14T11:14:17.015+0000] {dag.py:3504} INFO - Setting next_dagrun for example_weekday_branch_operator to 2025-08-13T00:00:00+00:00, run_after=2025-08-14T00:00:00+00:00
[2025-08-14T11:14:17.031+0000] {processor.py:179} INFO - Processing /home/vscode/.local/lib/python3.10/site-packages/airflow/example_dags/example_branch_day_of_week_operator.py took 0.052 seconds
[2025-08-14T11:15:04.934+0000] {processor.py:157} INFO - Started process (PID=48927) to work on /home/vscode/.local/lib/python3.10/site-packages/airflow/example_dags/example_branch_day_of_week_operator.py
[2025-08-14T11:15:04.935+0000] {processor.py:826} INFO - Processing file /home/vscode/.local/lib/python3.10/site-packages/airflow/example_dags/example_branch_day_of_week_operator.py for tasks to queue
[2025-08-14T11:15:04.935+0000] {logging_mixin.py:150} INFO - [2025-08-14T11:15:04.935+0000] {dagbag.py:541} INFO - Filling up the DagBag from /home/vscode/.local/lib/python3.10/site-packages/airflow/example_dags/example_branch_day_of_week_operator.py
[2025-08-14T11:15:04.941+0000] {processor.py:836} INFO - DAG(s) dict_keys(['example_weekday_branch_operator']) retrieved from /home/vscode/.local/lib/python3.10/site-packages/airflow/example_dags/example_branch_day_of_week_operator.py
[2025-08-14T11:15:04.953+0000] {logging_mixin.py:150} INFO - [2025-08-14T11:15:04.953+0000] {dag.py:2742} INFO - Sync 1 DAGs
[2025-08-14T11:15:04.968+0000] {logging_mixin.py:150} INFO - [2025-08-14T11:15:04.968+0000] {dag.py:3504} INFO - Setting next_dagrun for example_weekday_branch_operator to 2025-08-13T00:00:00+00:00, run_after=2025-08-14T00:00:00+00:00
[2025-08-14T11:15:04.983+0000] {processor.py:179} INFO - Processing /home/vscode/.local/lib/python3.10/site-packages/airflow/example_dags/example_branch_day_of_week_operator.py took 0.050 seconds
[2025-08-14T11:15:53.831+0000] {processor.py:157} INFO - Started process (PID=49393) to work on /home/vscode/.local/lib/python3.10/site-packages/airflow/example_dags/example_branch_day_of_week_operator.py
[2025-08-14T11:15:53.832+0000] {processor.py:826} INFO - Processing file /home/vscode/.local/lib/python3.10/site-packages/airflow/example_dags/example_branch_day_of_week_operator.py for tasks to queue
[2025-08-14T11:15:53.832+0000] {logging_mixin.py:150} INFO - [2025-08-14T11:15:53.832+0000] {dagbag.py:541} INFO - Filling up the DagBag from /home/vscode/.local/lib/python3.10/site-packages/airflow/example_dags/example_branch_day_of_week_operator.py
[2025-08-14T11:15:53.839+0000] {processor.py:836} INFO - DAG(s) dict_keys(['example_weekday_branch_operator']) retrieved from /home/vscode/.local/lib/python3.10/site-packages/airflow/example_dags/example_branch_day_of_week_operator.py
[2025-08-14T11:15:53.857+0000] {logging_mixin.py:150} INFO - [2025-08-14T11:15:53.856+0000] {dag.py:2742} INFO - Sync 1 DAGs
[2025-08-14T11:15:53.879+0000] {logging_mixin.py:150} INFO - [2025-08-14T11:15:53.879+0000] {dag.py:3504} INFO - Setting next_dagrun for example_weekday_branch_operator to 2025-08-13T00:00:00+00:00, run_after=2025-08-14T00:00:00+00:00
[2025-08-14T11:15:53.901+0000] {processor.py:179} INFO - Processing /home/vscode/.local/lib/python3.10/site-packages/airflow/example_dags/example_branch_day_of_week_operator.py took 0.072 seconds
[2025-08-14T11:16:42.003+0000] {processor.py:157} INFO - Started process (PID=49856) to work on /home/vscode/.local/lib/python3.10/site-packages/airflow/example_dags/example_branch_day_of_week_operator.py
[2025-08-14T11:16:42.003+0000] {processor.py:826} INFO - Processing file /home/vscode/.local/lib/python3.10/site-packages/airflow/example_dags/example_branch_day_of_week_operator.py for tasks to queue
[2025-08-14T11:16:42.004+0000] {logging_mixin.py:150} INFO - [2025-08-14T11:16:42.004+0000] {dagbag.py:541} INFO - Filling up the DagBag from /home/vscode/.local/lib/python3.10/site-packages/airflow/example_dags/example_branch_day_of_week_operator.py
[2025-08-14T11:16:42.010+0000] {processor.py:836} INFO - DAG(s) dict_keys(['example_weekday_branch_operator']) retrieved from /home/vscode/.local/lib/python3.10/site-packages/airflow/example_dags/example_branch_day_of_week_operator.py
[2025-08-14T11:16:42.023+0000] {logging_mixin.py:150} INFO - [2025-08-14T11:16:42.022+0000] {dag.py:2742} INFO - Sync 1 DAGs
[2025-08-14T11:16:42.038+0000] {logging_mixin.py:150} INFO - [2025-08-14T11:16:42.038+0000] {dag.py:3504} INFO - Setting next_dagrun for example_weekday_branch_operator to 2025-08-13T00:00:00+00:00, run_after=2025-08-14T00:00:00+00:00
[2025-08-14T11:16:42.053+0000] {processor.py:179} INFO - Processing /home/vscode/.local/lib/python3.10/site-packages/airflow/example_dags/example_branch_day_of_week_operator.py took 0.052 seconds
[2025-08-14T11:17:25.381+0000] {processor.py:157} INFO - Started process (PID=50269) to work on /home/vscode/.local/lib/python3.10/site-packages/airflow/example_dags/example_branch_day_of_week_operator.py
[2025-08-14T11:17:25.382+0000] {processor.py:826} INFO - Processing file /home/vscode/.local/lib/python3.10/site-packages/airflow/example_dags/example_branch_day_of_week_operator.py for tasks to queue
[2025-08-14T11:17:25.383+0000] {logging_mixin.py:150} INFO - [2025-08-14T11:17:25.383+0000] {dagbag.py:541} INFO - Filling up the DagBag from /home/vscode/.local/lib/python3.10/site-packages/airflow/example_dags/example_branch_day_of_week_operator.py
[2025-08-14T11:17:25.398+0000] {processor.py:836} INFO - DAG(s) dict_keys(['example_weekday_branch_operator']) retrieved from /home/vscode/.local/lib/python3.10/site-packages/airflow/example_dags/example_branch_day_of_week_operator.py
[2025-08-14T11:17:25.417+0000] {logging_mixin.py:150} INFO - [2025-08-14T11:17:25.417+0000] {dag.py:2742} INFO - Sync 1 DAGs
[2025-08-14T11:17:25.433+0000] {logging_mixin.py:150} INFO - [2025-08-14T11:17:25.433+0000] {dag.py:3504} INFO - Setting next_dagrun for example_weekday_branch_operator to 2025-08-13T00:00:00+00:00, run_after=2025-08-14T00:00:00+00:00
[2025-08-14T11:17:25.448+0000] {processor.py:179} INFO - Processing /home/vscode/.local/lib/python3.10/site-packages/airflow/example_dags/example_branch_day_of_week_operator.py took 0.069 seconds
[2025-08-14T11:18:11.665+0000] {processor.py:157} INFO - Started process (PID=50713) to work on /home/vscode/.local/lib/python3.10/site-packages/airflow/example_dags/example_branch_day_of_week_operator.py
[2025-08-14T11:18:11.666+0000] {processor.py:826} INFO - Processing file /home/vscode/.local/lib/python3.10/site-packages/airflow/example_dags/example_branch_day_of_week_operator.py for tasks to queue
[2025-08-14T11:18:11.667+0000] {logging_mixin.py:150} INFO - [2025-08-14T11:18:11.666+0000] {dagbag.py:541} INFO - Filling up the DagBag from /home/vscode/.local/lib/python3.10/site-packages/airflow/example_dags/example_branch_day_of_week_operator.py
[2025-08-14T11:18:11.674+0000] {processor.py:836} INFO - DAG(s) dict_keys(['example_weekday_branch_operator']) retrieved from /home/vscode/.local/lib/python3.10/site-packages/airflow/example_dags/example_branch_day_of_week_operator.py
[2025-08-14T11:18:11.687+0000] {logging_mixin.py:150} INFO - [2025-08-14T11:18:11.687+0000] {dag.py:2742} INFO - Sync 1 DAGs
[2025-08-14T11:18:11.702+0000] {logging_mixin.py:150} INFO - [2025-08-14T11:18:11.702+0000] {dag.py:3504} INFO - Setting next_dagrun for example_weekday_branch_operator to 2025-08-13T00:00:00+00:00, run_after=2025-08-14T00:00:00+00:00
[2025-08-14T11:18:11.717+0000] {processor.py:179} INFO - Processing /home/vscode/.local/lib/python3.10/site-packages/airflow/example_dags/example_branch_day_of_week_operator.py took 0.056 seconds
[2025-08-14T11:18:54.496+0000] {processor.py:157} INFO - Started process (PID=51123) to work on /home/vscode/.local/lib/python3.10/site-packages/airflow/example_dags/example_branch_day_of_week_operator.py
[2025-08-14T11:18:54.497+0000] {processor.py:826} INFO - Processing file /home/vscode/.local/lib/python3.10/site-packages/airflow/example_dags/example_branch_day_of_week_operator.py for tasks to queue
[2025-08-14T11:18:54.498+0000] {logging_mixin.py:150} INFO - [2025-08-14T11:18:54.498+0000] {dagbag.py:541} INFO - Filling up the DagBag from /home/vscode/.local/lib/python3.10/site-packages/airflow/example_dags/example_branch_day_of_week_operator.py
[2025-08-14T11:18:54.506+0000] {processor.py:836} INFO - DAG(s) dict_keys(['example_weekday_branch_operator']) retrieved from /home/vscode/.local/lib/python3.10/site-packages/airflow/example_dags/example_branch_day_of_week_operator.py
[2025-08-14T11:18:54.522+0000] {logging_mixin.py:150} INFO - [2025-08-14T11:18:54.522+0000] {dag.py:2742} INFO - Sync 1 DAGs
[2025-08-14T11:18:54.543+0000] {logging_mixin.py:150} INFO - [2025-08-14T11:18:54.543+0000] {dag.py:3504} INFO - Setting next_dagrun for example_weekday_branch_operator to 2025-08-13T00:00:00+00:00, run_after=2025-08-14T00:00:00+00:00
[2025-08-14T11:18:54.569+0000] {processor.py:179} INFO - Processing /home/vscode/.local/lib/python3.10/site-packages/airflow/example_dags/example_branch_day_of_week_operator.py took 0.076 seconds
[2025-08-14T11:19:40.730+0000] {processor.py:157} INFO - Started process (PID=51562) to work on /home/vscode/.local/lib/python3.10/site-packages/airflow/example_dags/example_branch_day_of_week_operator.py
[2025-08-14T11:19:40.731+0000] {processor.py:826} INFO - Processing file /home/vscode/.local/lib/python3.10/site-packages/airflow/example_dags/example_branch_day_of_week_operator.py for tasks to queue
[2025-08-14T11:19:40.732+0000] {logging_mixin.py:150} INFO - [2025-08-14T11:19:40.731+0000] {dagbag.py:541} INFO - Filling up the DagBag from /home/vscode/.local/lib/python3.10/site-packages/airflow/example_dags/example_branch_day_of_week_operator.py
[2025-08-14T11:19:40.737+0000] {processor.py:836} INFO - DAG(s) dict_keys(['example_weekday_branch_operator']) retrieved from /home/vscode/.local/lib/python3.10/site-packages/airflow/example_dags/example_branch_day_of_week_operator.py
[2025-08-14T11:19:40.750+0000] {logging_mixin.py:150} INFO - [2025-08-14T11:19:40.749+0000] {dag.py:2742} INFO - Sync 1 DAGs
[2025-08-14T11:19:40.764+0000] {logging_mixin.py:150} INFO - [2025-08-14T11:19:40.764+0000] {dag.py:3504} INFO - Setting next_dagrun for example_weekday_branch_operator to 2025-08-13T00:00:00+00:00, run_after=2025-08-14T00:00:00+00:00
[2025-08-14T11:19:40.780+0000] {processor.py:179} INFO - Processing /home/vscode/.local/lib/python3.10/site-packages/airflow/example_dags/example_branch_day_of_week_operator.py took 0.052 seconds
[2025-08-14T11:20:27.937+0000] {processor.py:157} INFO - Started process (PID=52012) to work on /home/vscode/.local/lib/python3.10/site-packages/airflow/example_dags/example_branch_day_of_week_operator.py
[2025-08-14T11:20:27.938+0000] {processor.py:826} INFO - Processing file /home/vscode/.local/lib/python3.10/site-packages/airflow/example_dags/example_branch_day_of_week_operator.py for tasks to queue
[2025-08-14T11:20:27.938+0000] {logging_mixin.py:150} INFO - [2025-08-14T11:20:27.938+0000] {dagbag.py:541} INFO - Filling up the DagBag from /home/vscode/.local/lib/python3.10/site-packages/airflow/example_dags/example_branch_day_of_week_operator.py
[2025-08-14T11:20:27.944+0000] {processor.py:836} INFO - DAG(s) dict_keys(['example_weekday_branch_operator']) retrieved from /home/vscode/.local/lib/python3.10/site-packages/airflow/example_dags/example_branch_day_of_week_operator.py
[2025-08-14T11:20:27.957+0000] {logging_mixin.py:150} INFO - [2025-08-14T11:20:27.956+0000] {dag.py:2742} INFO - Sync 1 DAGs
[2025-08-14T11:20:27.972+0000] {logging_mixin.py:150} INFO - [2025-08-14T11:20:27.972+0000] {dag.py:3504} INFO - Setting next_dagrun for example_weekday_branch_operator to 2025-08-13T00:00:00+00:00, run_after=2025-08-14T00:00:00+00:00
[2025-08-14T11:20:27.988+0000] {processor.py:179} INFO - Processing /home/vscode/.local/lib/python3.10/site-packages/airflow/example_dags/example_branch_day_of_week_operator.py took 0.053 seconds
[2025-08-14T11:21:13.051+0000] {processor.py:157} INFO - Started process (PID=52445) to work on /home/vscode/.local/lib/python3.10/site-packages/airflow/example_dags/example_branch_day_of_week_operator.py
[2025-08-14T11:21:13.051+0000] {processor.py:826} INFO - Processing file /home/vscode/.local/lib/python3.10/site-packages/airflow/example_dags/example_branch_day_of_week_operator.py for tasks to queue
[2025-08-14T11:21:13.052+0000] {logging_mixin.py:150} INFO - [2025-08-14T11:21:13.052+0000] {dagbag.py:541} INFO - Filling up the DagBag from /home/vscode/.local/lib/python3.10/site-packages/airflow/example_dags/example_branch_day_of_week_operator.py
[2025-08-14T11:21:13.057+0000] {processor.py:836} INFO - DAG(s) dict_keys(['example_weekday_branch_operator']) retrieved from /home/vscode/.local/lib/python3.10/site-packages/airflow/example_dags/example_branch_day_of_week_operator.py
[2025-08-14T11:21:13.070+0000] {logging_mixin.py:150} INFO - [2025-08-14T11:21:13.070+0000] {dag.py:2742} INFO - Sync 1 DAGs
[2025-08-14T11:21:13.085+0000] {logging_mixin.py:150} INFO - [2025-08-14T11:21:13.085+0000] {dag.py:3504} INFO - Setting next_dagrun for example_weekday_branch_operator to 2025-08-13T00:00:00+00:00, run_after=2025-08-14T00:00:00+00:00
[2025-08-14T11:21:13.100+0000] {processor.py:179} INFO - Processing /home/vscode/.local/lib/python3.10/site-packages/airflow/example_dags/example_branch_day_of_week_operator.py took 0.052 seconds
[2025-08-14T11:21:59.212+0000] {processor.py:157} INFO - Started process (PID=52882) to work on /home/vscode/.local/lib/python3.10/site-packages/airflow/example_dags/example_branch_day_of_week_operator.py
[2025-08-14T11:21:59.213+0000] {processor.py:826} INFO - Processing file /home/vscode/.local/lib/python3.10/site-packages/airflow/example_dags/example_branch_day_of_week_operator.py for tasks to queue
[2025-08-14T11:21:59.214+0000] {logging_mixin.py:150} INFO - [2025-08-14T11:21:59.213+0000] {dagbag.py:541} INFO - Filling up the DagBag from /home/vscode/.local/lib/python3.10/site-packages/airflow/example_dags/example_branch_day_of_week_operator.py
[2025-08-14T11:21:59.222+0000] {processor.py:836} INFO - DAG(s) dict_keys(['example_weekday_branch_operator']) retrieved from /home/vscode/.local/lib/python3.10/site-packages/airflow/example_dags/example_branch_day_of_week_operator.py
[2025-08-14T11:21:59.242+0000] {logging_mixin.py:150} INFO - [2025-08-14T11:21:59.241+0000] {dag.py:2742} INFO - Sync 1 DAGs
[2025-08-14T11:21:59.265+0000] {logging_mixin.py:150} INFO - [2025-08-14T11:21:59.265+0000] {dag.py:3504} INFO - Setting next_dagrun for example_weekday_branch_operator to 2025-08-13T00:00:00+00:00, run_after=2025-08-14T00:00:00+00:00
[2025-08-14T11:21:59.287+0000] {processor.py:179} INFO - Processing /home/vscode/.local/lib/python3.10/site-packages/airflow/example_dags/example_branch_day_of_week_operator.py took 0.078 seconds
[2025-08-14T11:22:46.589+0000] {processor.py:157} INFO - Started process (PID=53339) to work on /home/vscode/.local/lib/python3.10/site-packages/airflow/example_dags/example_branch_day_of_week_operator.py
[2025-08-14T11:22:46.590+0000] {processor.py:826} INFO - Processing file /home/vscode/.local/lib/python3.10/site-packages/airflow/example_dags/example_branch_day_of_week_operator.py for tasks to queue
[2025-08-14T11:22:46.590+0000] {logging_mixin.py:150} INFO - [2025-08-14T11:22:46.590+0000] {dagbag.py:541} INFO - Filling up the DagBag from /home/vscode/.local/lib/python3.10/site-packages/airflow/example_dags/example_branch_day_of_week_operator.py
[2025-08-14T11:22:46.596+0000] {processor.py:836} INFO - DAG(s) dict_keys(['example_weekday_branch_operator']) retrieved from /home/vscode/.local/lib/python3.10/site-packages/airflow/example_dags/example_branch_day_of_week_operator.py
[2025-08-14T11:22:46.608+0000] {logging_mixin.py:150} INFO - [2025-08-14T11:22:46.607+0000] {dag.py:2742} INFO - Sync 1 DAGs
[2025-08-14T11:22:46.622+0000] {logging_mixin.py:150} INFO - [2025-08-14T11:22:46.622+0000] {dag.py:3504} INFO - Setting next_dagrun for example_weekday_branch_operator to 2025-08-13T00:00:00+00:00, run_after=2025-08-14T00:00:00+00:00
[2025-08-14T11:22:46.638+0000] {processor.py:179} INFO - Processing /home/vscode/.local/lib/python3.10/site-packages/airflow/example_dags/example_branch_day_of_week_operator.py took 0.051 seconds
[2025-08-14T11:23:32.688+0000] {processor.py:157} INFO - Started process (PID=53785) to work on /home/vscode/.local/lib/python3.10/site-packages/airflow/example_dags/example_branch_day_of_week_operator.py
[2025-08-14T11:23:32.689+0000] {processor.py:826} INFO - Processing file /home/vscode/.local/lib/python3.10/site-packages/airflow/example_dags/example_branch_day_of_week_operator.py for tasks to queue
[2025-08-14T11:23:32.690+0000] {logging_mixin.py:150} INFO - [2025-08-14T11:23:32.690+0000] {dagbag.py:541} INFO - Filling up the DagBag from /home/vscode/.local/lib/python3.10/site-packages/airflow/example_dags/example_branch_day_of_week_operator.py
[2025-08-14T11:23:32.698+0000] {processor.py:836} INFO - DAG(s) dict_keys(['example_weekday_branch_operator']) retrieved from /home/vscode/.local/lib/python3.10/site-packages/airflow/example_dags/example_branch_day_of_week_operator.py
[2025-08-14T11:23:32.720+0000] {logging_mixin.py:150} INFO - [2025-08-14T11:23:32.720+0000] {dag.py:2742} INFO - Sync 1 DAGs
[2025-08-14T11:23:32.746+0000] {logging_mixin.py:150} INFO - [2025-08-14T11:23:32.746+0000] {dag.py:3504} INFO - Setting next_dagrun for example_weekday_branch_operator to 2025-08-13T00:00:00+00:00, run_after=2025-08-14T00:00:00+00:00
[2025-08-14T11:23:32.770+0000] {processor.py:179} INFO - Processing /home/vscode/.local/lib/python3.10/site-packages/airflow/example_dags/example_branch_day_of_week_operator.py took 0.085 seconds
[2025-08-14T11:24:20.064+0000] {processor.py:157} INFO - Started process (PID=54232) to work on /home/vscode/.local/lib/python3.10/site-packages/airflow/example_dags/example_branch_day_of_week_operator.py
[2025-08-14T11:24:20.065+0000] {processor.py:826} INFO - Processing file /home/vscode/.local/lib/python3.10/site-packages/airflow/example_dags/example_branch_day_of_week_operator.py for tasks to queue
[2025-08-14T11:24:20.065+0000] {logging_mixin.py:150} INFO - [2025-08-14T11:24:20.065+0000] {dagbag.py:541} INFO - Filling up the DagBag from /home/vscode/.local/lib/python3.10/site-packages/airflow/example_dags/example_branch_day_of_week_operator.py
[2025-08-14T11:24:20.071+0000] {processor.py:836} INFO - DAG(s) dict_keys(['example_weekday_branch_operator']) retrieved from /home/vscode/.local/lib/python3.10/site-packages/airflow/example_dags/example_branch_day_of_week_operator.py
[2025-08-14T11:24:20.084+0000] {logging_mixin.py:150} INFO - [2025-08-14T11:24:20.084+0000] {dag.py:2742} INFO - Sync 1 DAGs
[2025-08-14T11:24:20.105+0000] {logging_mixin.py:150} INFO - [2025-08-14T11:24:20.105+0000] {dag.py:3504} INFO - Setting next_dagrun for example_weekday_branch_operator to 2025-08-13T00:00:00+00:00, run_after=2025-08-14T00:00:00+00:00
[2025-08-14T11:24:20.126+0000] {processor.py:179} INFO - Processing /home/vscode/.local/lib/python3.10/site-packages/airflow/example_dags/example_branch_day_of_week_operator.py took 0.064 seconds
[2025-08-14T11:25:11.504+0000] {processor.py:157} INFO - Started process (PID=54724) to work on /home/vscode/.local/lib/python3.10/site-packages/airflow/example_dags/example_branch_day_of_week_operator.py
[2025-08-14T11:25:11.505+0000] {processor.py:826} INFO - Processing file /home/vscode/.local/lib/python3.10/site-packages/airflow/example_dags/example_branch_day_of_week_operator.py for tasks to queue
[2025-08-14T11:25:11.505+0000] {logging_mixin.py:150} INFO - [2025-08-14T11:25:11.505+0000] {dagbag.py:541} INFO - Filling up the DagBag from /home/vscode/.local/lib/python3.10/site-packages/airflow/example_dags/example_branch_day_of_week_operator.py
[2025-08-14T11:25:11.511+0000] {processor.py:836} INFO - DAG(s) dict_keys(['example_weekday_branch_operator']) retrieved from /home/vscode/.local/lib/python3.10/site-packages/airflow/example_dags/example_branch_day_of_week_operator.py
[2025-08-14T11:25:11.524+0000] {logging_mixin.py:150} INFO - [2025-08-14T11:25:11.524+0000] {dag.py:2742} INFO - Sync 1 DAGs
[2025-08-14T11:25:11.539+0000] {logging_mixin.py:150} INFO - [2025-08-14T11:25:11.539+0000] {dag.py:3504} INFO - Setting next_dagrun for example_weekday_branch_operator to 2025-08-13T00:00:00+00:00, run_after=2025-08-14T00:00:00+00:00
[2025-08-14T11:25:11.554+0000] {processor.py:179} INFO - Processing /home/vscode/.local/lib/python3.10/site-packages/airflow/example_dags/example_branch_day_of_week_operator.py took 0.053 seconds
[2025-08-14T11:26:00.618+0000] {processor.py:157} INFO - Started process (PID=55183) to work on /home/vscode/.local/lib/python3.10/site-packages/airflow/example_dags/example_branch_day_of_week_operator.py
[2025-08-14T11:26:00.618+0000] {processor.py:826} INFO - Processing file /home/vscode/.local/lib/python3.10/site-packages/airflow/example_dags/example_branch_day_of_week_operator.py for tasks to queue
[2025-08-14T11:26:00.619+0000] {logging_mixin.py:150} INFO - [2025-08-14T11:26:00.619+0000] {dagbag.py:541} INFO - Filling up the DagBag from /home/vscode/.local/lib/python3.10/site-packages/airflow/example_dags/example_branch_day_of_week_operator.py
[2025-08-14T11:26:00.625+0000] {processor.py:836} INFO - DAG(s) dict_keys(['example_weekday_branch_operator']) retrieved from /home/vscode/.local/lib/python3.10/site-packages/airflow/example_dags/example_branch_day_of_week_operator.py
[2025-08-14T11:26:00.637+0000] {logging_mixin.py:150} INFO - [2025-08-14T11:26:00.637+0000] {dag.py:2742} INFO - Sync 1 DAGs
[2025-08-14T11:26:00.652+0000] {logging_mixin.py:150} INFO - [2025-08-14T11:26:00.652+0000] {dag.py:3504} INFO - Setting next_dagrun for example_weekday_branch_operator to 2025-08-13T00:00:00+00:00, run_after=2025-08-14T00:00:00+00:00
[2025-08-14T11:26:00.667+0000] {processor.py:179} INFO - Processing /home/vscode/.local/lib/python3.10/site-packages/airflow/example_dags/example_branch_day_of_week_operator.py took 0.051 seconds
