[2025-08-14T09:39:51.829+0000] {processor.py:157} INFO - Started process (PID=3815) to work on /home/vscode/.local/lib/python3.10/site-packages/airflow/example_dags/example_branch_operator_decorator.py
[2025-08-14T09:39:51.829+0000] {processor.py:826} INFO - Processing file /home/vscode/.local/lib/python3.10/site-packages/airflow/example_dags/example_branch_operator_decorator.py for tasks to queue
[2025-08-14T09:39:51.830+0000] {logging_mixin.py:150} INFO - [2025-08-14T09:39:51.830+0000] {dagbag.py:541} INFO - Filling up the DagBag from /home/vscode/.local/lib/python3.10/site-packages/airflow/example_dags/example_branch_operator_decorator.py
[2025-08-14T09:39:51.837+0000] {processor.py:836} INFO - DAG(s) dict_keys(['example_branch_python_operator_decorator']) retrieved from /home/vscode/.local/lib/python3.10/site-packages/airflow/example_dags/example_branch_operator_decorator.py
[2025-08-14T09:39:51.913+0000] {logging_mixin.py:150} INFO - [2025-08-14T09:39:51.913+0000] {manager.py:504} INFO - Created Permission View: can edit on DAG:example_branch_python_operator_decorator
[2025-08-14T09:39:51.921+0000] {logging_mixin.py:150} INFO - [2025-08-14T09:39:51.921+0000] {manager.py:504} INFO - Created Permission View: can read on DAG:example_branch_python_operator_decorator
[2025-08-14T09:39:51.928+0000] {logging_mixin.py:150} INFO - [2025-08-14T09:39:51.928+0000] {manager.py:504} INFO - Created Permission View: can delete on DAG:example_branch_python_operator_decorator
[2025-08-14T09:39:51.936+0000] {logging_mixin.py:150} INFO - [2025-08-14T09:39:51.936+0000] {dag.py:2742} INFO - Sync 1 DAGs
[2025-08-14T09:39:51.943+0000] {logging_mixin.py:150} INFO - [2025-08-14T09:39:51.942+0000] {dag.py:2763} INFO - Creating ORM DAG for example_branch_python_operator_decorator
[2025-08-14T09:39:51.950+0000] {logging_mixin.py:150} INFO - [2025-08-14T09:39:51.950+0000] {dag.py:3504} INFO - Setting next_dagrun for example_branch_python_operator_decorator to 2025-08-13T00:00:00+00:00, run_after=2025-08-14T00:00:00+00:00
[2025-08-14T09:39:51.967+0000] {processor.py:179} INFO - Processing /home/vscode/.local/lib/python3.10/site-packages/airflow/example_dags/example_branch_operator_decorator.py took 0.140 seconds
[2025-08-14T09:40:40.855+0000] {processor.py:157} INFO - Started process (PID=4148) to work on /home/vscode/.local/lib/python3.10/site-packages/airflow/example_dags/example_branch_operator_decorator.py
[2025-08-14T09:40:40.856+0000] {processor.py:826} INFO - Processing file /home/vscode/.local/lib/python3.10/site-packages/airflow/example_dags/example_branch_operator_decorator.py for tasks to queue
[2025-08-14T09:40:40.856+0000] {logging_mixin.py:150} INFO - [2025-08-14T09:40:40.856+0000] {dagbag.py:541} INFO - Filling up the DagBag from /home/vscode/.local/lib/python3.10/site-packages/airflow/example_dags/example_branch_operator_decorator.py
[2025-08-14T09:40:40.864+0000] {processor.py:836} INFO - DAG(s) dict_keys(['example_branch_python_operator_decorator']) retrieved from /home/vscode/.local/lib/python3.10/site-packages/airflow/example_dags/example_branch_operator_decorator.py
[2025-08-14T09:40:40.879+0000] {logging_mixin.py:150} INFO - [2025-08-14T09:40:40.879+0000] {dag.py:2742} INFO - Sync 1 DAGs
[2025-08-14T09:40:40.896+0000] {logging_mixin.py:150} INFO - [2025-08-14T09:40:40.895+0000] {dag.py:3504} INFO - Setting next_dagrun for example_branch_python_operator_decorator to 2025-08-13T00:00:00+00:00, run_after=2025-08-14T00:00:00+00:00
[2025-08-14T09:40:40.911+0000] {processor.py:179} INFO - Processing /home/vscode/.local/lib/python3.10/site-packages/airflow/example_dags/example_branch_operator_decorator.py took 0.058 seconds
[2025-08-14T09:41:24.943+0000] {processor.py:157} INFO - Started process (PID=4457) to work on /home/vscode/.local/lib/python3.10/site-packages/airflow/example_dags/example_branch_operator_decorator.py
[2025-08-14T09:41:24.944+0000] {processor.py:826} INFO - Processing file /home/vscode/.local/lib/python3.10/site-packages/airflow/example_dags/example_branch_operator_decorator.py for tasks to queue
[2025-08-14T09:41:24.944+0000] {logging_mixin.py:150} INFO - [2025-08-14T09:41:24.944+0000] {dagbag.py:541} INFO - Filling up the DagBag from /home/vscode/.local/lib/python3.10/site-packages/airflow/example_dags/example_branch_operator_decorator.py
[2025-08-14T09:41:24.951+0000] {processor.py:836} INFO - DAG(s) dict_keys(['example_branch_python_operator_decorator']) retrieved from /home/vscode/.local/lib/python3.10/site-packages/airflow/example_dags/example_branch_operator_decorator.py
[2025-08-14T09:41:24.964+0000] {logging_mixin.py:150} INFO - [2025-08-14T09:41:24.964+0000] {dag.py:2742} INFO - Sync 1 DAGs
[2025-08-14T09:41:24.979+0000] {logging_mixin.py:150} INFO - [2025-08-14T09:41:24.979+0000] {dag.py:3504} INFO - Setting next_dagrun for example_branch_python_operator_decorator to 2025-08-13T00:00:00+00:00, run_after=2025-08-14T00:00:00+00:00
[2025-08-14T09:41:24.996+0000] {processor.py:179} INFO - Processing /home/vscode/.local/lib/python3.10/site-packages/airflow/example_dags/example_branch_operator_decorator.py took 0.055 seconds
[2025-08-14T09:42:10.505+0000] {processor.py:157} INFO - Started process (PID=4802) to work on /home/vscode/.local/lib/python3.10/site-packages/airflow/example_dags/example_branch_operator_decorator.py
[2025-08-14T09:42:10.506+0000] {processor.py:826} INFO - Processing file /home/vscode/.local/lib/python3.10/site-packages/airflow/example_dags/example_branch_operator_decorator.py for tasks to queue
[2025-08-14T09:42:10.506+0000] {logging_mixin.py:150} INFO - [2025-08-14T09:42:10.506+0000] {dagbag.py:541} INFO - Filling up the DagBag from /home/vscode/.local/lib/python3.10/site-packages/airflow/example_dags/example_branch_operator_decorator.py
[2025-08-14T09:42:10.513+0000] {processor.py:836} INFO - DAG(s) dict_keys(['example_branch_python_operator_decorator']) retrieved from /home/vscode/.local/lib/python3.10/site-packages/airflow/example_dags/example_branch_operator_decorator.py
[2025-08-14T09:42:10.528+0000] {logging_mixin.py:150} INFO - [2025-08-14T09:42:10.527+0000] {dag.py:2742} INFO - Sync 1 DAGs
[2025-08-14T09:42:10.543+0000] {logging_mixin.py:150} INFO - [2025-08-14T09:42:10.543+0000] {dag.py:3504} INFO - Setting next_dagrun for example_branch_python_operator_decorator to 2025-08-13T00:00:00+00:00, run_after=2025-08-14T00:00:00+00:00
[2025-08-14T09:42:10.559+0000] {processor.py:179} INFO - Processing /home/vscode/.local/lib/python3.10/site-packages/airflow/example_dags/example_branch_operator_decorator.py took 0.056 seconds
[2025-08-14T09:42:57.305+0000] {processor.py:157} INFO - Started process (PID=5126) to work on /home/vscode/.local/lib/python3.10/site-packages/airflow/example_dags/example_branch_operator_decorator.py
[2025-08-14T09:42:57.305+0000] {processor.py:826} INFO - Processing file /home/vscode/.local/lib/python3.10/site-packages/airflow/example_dags/example_branch_operator_decorator.py for tasks to queue
[2025-08-14T09:42:57.306+0000] {logging_mixin.py:150} INFO - [2025-08-14T09:42:57.305+0000] {dagbag.py:541} INFO - Filling up the DagBag from /home/vscode/.local/lib/python3.10/site-packages/airflow/example_dags/example_branch_operator_decorator.py
[2025-08-14T09:42:57.313+0000] {processor.py:836} INFO - DAG(s) dict_keys(['example_branch_python_operator_decorator']) retrieved from /home/vscode/.local/lib/python3.10/site-packages/airflow/example_dags/example_branch_operator_decorator.py
[2025-08-14T09:42:57.326+0000] {logging_mixin.py:150} INFO - [2025-08-14T09:42:57.326+0000] {dag.py:2742} INFO - Sync 1 DAGs
[2025-08-14T09:42:57.341+0000] {logging_mixin.py:150} INFO - [2025-08-14T09:42:57.341+0000] {dag.py:3504} INFO - Setting next_dagrun for example_branch_python_operator_decorator to 2025-08-13T00:00:00+00:00, run_after=2025-08-14T00:00:00+00:00
[2025-08-14T09:42:57.358+0000] {processor.py:179} INFO - Processing /home/vscode/.local/lib/python3.10/site-packages/airflow/example_dags/example_branch_operator_decorator.py took 0.056 seconds
[2025-08-14T09:43:44.381+0000] {processor.py:157} INFO - Started process (PID=5472) to work on /home/vscode/.local/lib/python3.10/site-packages/airflow/example_dags/example_branch_operator_decorator.py
[2025-08-14T09:43:44.381+0000] {processor.py:826} INFO - Processing file /home/vscode/.local/lib/python3.10/site-packages/airflow/example_dags/example_branch_operator_decorator.py for tasks to queue
[2025-08-14T09:43:44.382+0000] {logging_mixin.py:150} INFO - [2025-08-14T09:43:44.382+0000] {dagbag.py:541} INFO - Filling up the DagBag from /home/vscode/.local/lib/python3.10/site-packages/airflow/example_dags/example_branch_operator_decorator.py
[2025-08-14T09:43:44.389+0000] {processor.py:836} INFO - DAG(s) dict_keys(['example_branch_python_operator_decorator']) retrieved from /home/vscode/.local/lib/python3.10/site-packages/airflow/example_dags/example_branch_operator_decorator.py
[2025-08-14T09:43:44.402+0000] {logging_mixin.py:150} INFO - [2025-08-14T09:43:44.402+0000] {dag.py:2742} INFO - Sync 1 DAGs
[2025-08-14T09:43:44.416+0000] {logging_mixin.py:150} INFO - [2025-08-14T09:43:44.416+0000] {dag.py:3504} INFO - Setting next_dagrun for example_branch_python_operator_decorator to 2025-08-13T00:00:00+00:00, run_after=2025-08-14T00:00:00+00:00
[2025-08-14T09:43:44.432+0000] {processor.py:179} INFO - Processing /home/vscode/.local/lib/python3.10/site-packages/airflow/example_dags/example_branch_operator_decorator.py took 0.053 seconds
[2025-08-14T09:44:39.683+0000] {processor.py:157} INFO - Started process (PID=5884) to work on /home/vscode/.local/lib/python3.10/site-packages/airflow/example_dags/example_branch_operator_decorator.py
[2025-08-14T09:44:39.684+0000] {processor.py:826} INFO - Processing file /home/vscode/.local/lib/python3.10/site-packages/airflow/example_dags/example_branch_operator_decorator.py for tasks to queue
[2025-08-14T09:44:39.684+0000] {logging_mixin.py:150} INFO - [2025-08-14T09:44:39.684+0000] {dagbag.py:541} INFO - Filling up the DagBag from /home/vscode/.local/lib/python3.10/site-packages/airflow/example_dags/example_branch_operator_decorator.py
[2025-08-14T09:44:39.691+0000] {processor.py:836} INFO - DAG(s) dict_keys(['example_branch_python_operator_decorator']) retrieved from /home/vscode/.local/lib/python3.10/site-packages/airflow/example_dags/example_branch_operator_decorator.py
[2025-08-14T09:44:39.704+0000] {logging_mixin.py:150} INFO - [2025-08-14T09:44:39.704+0000] {dag.py:2742} INFO - Sync 1 DAGs
[2025-08-14T09:44:39.721+0000] {logging_mixin.py:150} INFO - [2025-08-14T09:44:39.721+0000] {dag.py:3504} INFO - Setting next_dagrun for example_branch_python_operator_decorator to 2025-08-13T00:00:00+00:00, run_after=2025-08-14T00:00:00+00:00
[2025-08-14T09:44:39.737+0000] {processor.py:179} INFO - Processing /home/vscode/.local/lib/python3.10/site-packages/airflow/example_dags/example_branch_operator_decorator.py took 0.056 seconds
[2025-08-14T09:45:35.092+0000] {processor.py:157} INFO - Started process (PID=6291) to work on /home/vscode/.local/lib/python3.10/site-packages/airflow/example_dags/example_branch_operator_decorator.py
[2025-08-14T09:45:35.092+0000] {processor.py:826} INFO - Processing file /home/vscode/.local/lib/python3.10/site-packages/airflow/example_dags/example_branch_operator_decorator.py for tasks to queue
[2025-08-14T09:45:35.093+0000] {logging_mixin.py:150} INFO - [2025-08-14T09:45:35.093+0000] {dagbag.py:541} INFO - Filling up the DagBag from /home/vscode/.local/lib/python3.10/site-packages/airflow/example_dags/example_branch_operator_decorator.py
[2025-08-14T09:45:35.103+0000] {processor.py:836} INFO - DAG(s) dict_keys(['example_branch_python_operator_decorator']) retrieved from /home/vscode/.local/lib/python3.10/site-packages/airflow/example_dags/example_branch_operator_decorator.py
[2025-08-14T09:45:35.120+0000] {logging_mixin.py:150} INFO - [2025-08-14T09:45:35.120+0000] {dag.py:2742} INFO - Sync 1 DAGs
[2025-08-14T09:45:35.136+0000] {logging_mixin.py:150} INFO - [2025-08-14T09:45:35.136+0000] {dag.py:3504} INFO - Setting next_dagrun for example_branch_python_operator_decorator to 2025-08-13T00:00:00+00:00, run_after=2025-08-14T00:00:00+00:00
[2025-08-14T09:45:35.152+0000] {processor.py:179} INFO - Processing /home/vscode/.local/lib/python3.10/site-packages/airflow/example_dags/example_branch_operator_decorator.py took 0.063 seconds
[2025-08-14T09:46:23.149+0000] {processor.py:157} INFO - Started process (PID=6606) to work on /home/vscode/.local/lib/python3.10/site-packages/airflow/example_dags/example_branch_operator_decorator.py
[2025-08-14T09:46:23.149+0000] {processor.py:826} INFO - Processing file /home/vscode/.local/lib/python3.10/site-packages/airflow/example_dags/example_branch_operator_decorator.py for tasks to queue
[2025-08-14T09:46:23.150+0000] {logging_mixin.py:150} INFO - [2025-08-14T09:46:23.150+0000] {dagbag.py:541} INFO - Filling up the DagBag from /home/vscode/.local/lib/python3.10/site-packages/airflow/example_dags/example_branch_operator_decorator.py
[2025-08-14T09:46:23.157+0000] {processor.py:836} INFO - DAG(s) dict_keys(['example_branch_python_operator_decorator']) retrieved from /home/vscode/.local/lib/python3.10/site-packages/airflow/example_dags/example_branch_operator_decorator.py
[2025-08-14T09:46:23.170+0000] {logging_mixin.py:150} INFO - [2025-08-14T09:46:23.169+0000] {dag.py:2742} INFO - Sync 1 DAGs
[2025-08-14T09:46:23.184+0000] {logging_mixin.py:150} INFO - [2025-08-14T09:46:23.184+0000] {dag.py:3504} INFO - Setting next_dagrun for example_branch_python_operator_decorator to 2025-08-13T00:00:00+00:00, run_after=2025-08-14T00:00:00+00:00
[2025-08-14T09:46:23.199+0000] {processor.py:179} INFO - Processing /home/vscode/.local/lib/python3.10/site-packages/airflow/example_dags/example_branch_operator_decorator.py took 0.052 seconds
[2025-08-14T09:47:09.275+0000] {processor.py:157} INFO - Started process (PID=6920) to work on /home/vscode/.local/lib/python3.10/site-packages/airflow/example_dags/example_branch_operator_decorator.py
[2025-08-14T09:47:09.275+0000] {processor.py:826} INFO - Processing file /home/vscode/.local/lib/python3.10/site-packages/airflow/example_dags/example_branch_operator_decorator.py for tasks to queue
[2025-08-14T09:47:09.276+0000] {logging_mixin.py:150} INFO - [2025-08-14T09:47:09.275+0000] {dagbag.py:541} INFO - Filling up the DagBag from /home/vscode/.local/lib/python3.10/site-packages/airflow/example_dags/example_branch_operator_decorator.py
[2025-08-14T09:47:09.284+0000] {processor.py:836} INFO - DAG(s) dict_keys(['example_branch_python_operator_decorator']) retrieved from /home/vscode/.local/lib/python3.10/site-packages/airflow/example_dags/example_branch_operator_decorator.py
[2025-08-14T09:47:09.297+0000] {logging_mixin.py:150} INFO - [2025-08-14T09:47:09.297+0000] {dag.py:2742} INFO - Sync 1 DAGs
[2025-08-14T09:47:09.313+0000] {logging_mixin.py:150} INFO - [2025-08-14T09:47:09.313+0000] {dag.py:3504} INFO - Setting next_dagrun for example_branch_python_operator_decorator to 2025-08-13T00:00:00+00:00, run_after=2025-08-14T00:00:00+00:00
[2025-08-14T09:47:09.328+0000] {processor.py:179} INFO - Processing /home/vscode/.local/lib/python3.10/site-packages/airflow/example_dags/example_branch_operator_decorator.py took 0.055 seconds
[2025-08-14T09:47:56.351+0000] {processor.py:157} INFO - Started process (PID=7245) to work on /home/vscode/.local/lib/python3.10/site-packages/airflow/example_dags/example_branch_operator_decorator.py
[2025-08-14T09:47:56.352+0000] {processor.py:826} INFO - Processing file /home/vscode/.local/lib/python3.10/site-packages/airflow/example_dags/example_branch_operator_decorator.py for tasks to queue
[2025-08-14T09:47:56.353+0000] {logging_mixin.py:150} INFO - [2025-08-14T09:47:56.353+0000] {dagbag.py:541} INFO - Filling up the DagBag from /home/vscode/.local/lib/python3.10/site-packages/airflow/example_dags/example_branch_operator_decorator.py
[2025-08-14T09:47:56.375+0000] {processor.py:836} INFO - DAG(s) dict_keys(['example_branch_python_operator_decorator']) retrieved from /home/vscode/.local/lib/python3.10/site-packages/airflow/example_dags/example_branch_operator_decorator.py
[2025-08-14T09:47:56.389+0000] {logging_mixin.py:150} INFO - [2025-08-14T09:47:56.389+0000] {dag.py:2742} INFO - Sync 1 DAGs
[2025-08-14T09:47:56.404+0000] {logging_mixin.py:150} INFO - [2025-08-14T09:47:56.404+0000] {dag.py:3504} INFO - Setting next_dagrun for example_branch_python_operator_decorator to 2025-08-13T00:00:00+00:00, run_after=2025-08-14T00:00:00+00:00
[2025-08-14T09:47:56.420+0000] {processor.py:179} INFO - Processing /home/vscode/.local/lib/python3.10/site-packages/airflow/example_dags/example_branch_operator_decorator.py took 0.072 seconds
[2025-08-14T09:48:43.008+0000] {processor.py:157} INFO - Started process (PID=7595) to work on /home/vscode/.local/lib/python3.10/site-packages/airflow/example_dags/example_branch_operator_decorator.py
[2025-08-14T09:48:43.009+0000] {processor.py:826} INFO - Processing file /home/vscode/.local/lib/python3.10/site-packages/airflow/example_dags/example_branch_operator_decorator.py for tasks to queue
[2025-08-14T09:48:43.010+0000] {logging_mixin.py:150} INFO - [2025-08-14T09:48:43.009+0000] {dagbag.py:541} INFO - Filling up the DagBag from /home/vscode/.local/lib/python3.10/site-packages/airflow/example_dags/example_branch_operator_decorator.py
[2025-08-14T09:48:43.017+0000] {processor.py:836} INFO - DAG(s) dict_keys(['example_branch_python_operator_decorator']) retrieved from /home/vscode/.local/lib/python3.10/site-packages/airflow/example_dags/example_branch_operator_decorator.py
[2025-08-14T09:48:43.031+0000] {logging_mixin.py:150} INFO - [2025-08-14T09:48:43.031+0000] {dag.py:2742} INFO - Sync 1 DAGs
[2025-08-14T09:48:43.047+0000] {logging_mixin.py:150} INFO - [2025-08-14T09:48:43.046+0000] {dag.py:3504} INFO - Setting next_dagrun for example_branch_python_operator_decorator to 2025-08-13T00:00:00+00:00, run_after=2025-08-14T00:00:00+00:00
[2025-08-14T09:48:43.063+0000] {processor.py:179} INFO - Processing /home/vscode/.local/lib/python3.10/site-packages/airflow/example_dags/example_branch_operator_decorator.py took 0.056 seconds
[2025-08-14T09:49:28.546+0000] {processor.py:157} INFO - Started process (PID=7935) to work on /home/vscode/.local/lib/python3.10/site-packages/airflow/example_dags/example_branch_operator_decorator.py
[2025-08-14T09:49:28.547+0000] {processor.py:826} INFO - Processing file /home/vscode/.local/lib/python3.10/site-packages/airflow/example_dags/example_branch_operator_decorator.py for tasks to queue
[2025-08-14T09:49:28.547+0000] {logging_mixin.py:150} INFO - [2025-08-14T09:49:28.547+0000] {dagbag.py:541} INFO - Filling up the DagBag from /home/vscode/.local/lib/python3.10/site-packages/airflow/example_dags/example_branch_operator_decorator.py
[2025-08-14T09:49:28.555+0000] {processor.py:836} INFO - DAG(s) dict_keys(['example_branch_python_operator_decorator']) retrieved from /home/vscode/.local/lib/python3.10/site-packages/airflow/example_dags/example_branch_operator_decorator.py
[2025-08-14T09:49:28.569+0000] {logging_mixin.py:150} INFO - [2025-08-14T09:49:28.568+0000] {dag.py:2742} INFO - Sync 1 DAGs
[2025-08-14T09:49:28.584+0000] {logging_mixin.py:150} INFO - [2025-08-14T09:49:28.584+0000] {dag.py:3504} INFO - Setting next_dagrun for example_branch_python_operator_decorator to 2025-08-13T00:00:00+00:00, run_after=2025-08-14T00:00:00+00:00
[2025-08-14T09:49:28.606+0000] {processor.py:179} INFO - Processing /home/vscode/.local/lib/python3.10/site-packages/airflow/example_dags/example_branch_operator_decorator.py took 0.062 seconds
[2025-08-14T09:50:15.378+0000] {processor.py:157} INFO - Started process (PID=8282) to work on /home/vscode/.local/lib/python3.10/site-packages/airflow/example_dags/example_branch_operator_decorator.py
[2025-08-14T09:50:15.379+0000] {processor.py:826} INFO - Processing file /home/vscode/.local/lib/python3.10/site-packages/airflow/example_dags/example_branch_operator_decorator.py for tasks to queue
[2025-08-14T09:50:15.380+0000] {logging_mixin.py:150} INFO - [2025-08-14T09:50:15.379+0000] {dagbag.py:541} INFO - Filling up the DagBag from /home/vscode/.local/lib/python3.10/site-packages/airflow/example_dags/example_branch_operator_decorator.py
[2025-08-14T09:50:15.387+0000] {processor.py:836} INFO - DAG(s) dict_keys(['example_branch_python_operator_decorator']) retrieved from /home/vscode/.local/lib/python3.10/site-packages/airflow/example_dags/example_branch_operator_decorator.py
[2025-08-14T09:50:15.401+0000] {logging_mixin.py:150} INFO - [2025-08-14T09:50:15.401+0000] {dag.py:2742} INFO - Sync 1 DAGs
[2025-08-14T09:50:15.416+0000] {logging_mixin.py:150} INFO - [2025-08-14T09:50:15.416+0000] {dag.py:3504} INFO - Setting next_dagrun for example_branch_python_operator_decorator to 2025-08-13T00:00:00+00:00, run_after=2025-08-14T00:00:00+00:00
[2025-08-14T09:50:15.431+0000] {processor.py:179} INFO - Processing /home/vscode/.local/lib/python3.10/site-packages/airflow/example_dags/example_branch_operator_decorator.py took 0.055 seconds
[2025-08-14T09:51:11.340+0000] {processor.py:157} INFO - Started process (PID=8699) to work on /home/vscode/.local/lib/python3.10/site-packages/airflow/example_dags/example_branch_operator_decorator.py
[2025-08-14T09:51:11.340+0000] {processor.py:826} INFO - Processing file /home/vscode/.local/lib/python3.10/site-packages/airflow/example_dags/example_branch_operator_decorator.py for tasks to queue
[2025-08-14T09:51:11.341+0000] {logging_mixin.py:150} INFO - [2025-08-14T09:51:11.341+0000] {dagbag.py:541} INFO - Filling up the DagBag from /home/vscode/.local/lib/python3.10/site-packages/airflow/example_dags/example_branch_operator_decorator.py
[2025-08-14T09:51:11.348+0000] {processor.py:836} INFO - DAG(s) dict_keys(['example_branch_python_operator_decorator']) retrieved from /home/vscode/.local/lib/python3.10/site-packages/airflow/example_dags/example_branch_operator_decorator.py
[2025-08-14T09:51:11.362+0000] {logging_mixin.py:150} INFO - [2025-08-14T09:51:11.362+0000] {dag.py:2742} INFO - Sync 1 DAGs
[2025-08-14T09:51:11.377+0000] {logging_mixin.py:150} INFO - [2025-08-14T09:51:11.377+0000] {dag.py:3504} INFO - Setting next_dagrun for example_branch_python_operator_decorator to 2025-08-13T00:00:00+00:00, run_after=2025-08-14T00:00:00+00:00
[2025-08-14T09:51:11.396+0000] {processor.py:179} INFO - Processing /home/vscode/.local/lib/python3.10/site-packages/airflow/example_dags/example_branch_operator_decorator.py took 0.059 seconds
[2025-08-14T09:51:58.142+0000] {processor.py:157} INFO - Started process (PID=9025) to work on /home/vscode/.local/lib/python3.10/site-packages/airflow/example_dags/example_branch_operator_decorator.py
[2025-08-14T09:51:58.142+0000] {processor.py:826} INFO - Processing file /home/vscode/.local/lib/python3.10/site-packages/airflow/example_dags/example_branch_operator_decorator.py for tasks to queue
[2025-08-14T09:51:58.143+0000] {logging_mixin.py:150} INFO - [2025-08-14T09:51:58.143+0000] {dagbag.py:541} INFO - Filling up the DagBag from /home/vscode/.local/lib/python3.10/site-packages/airflow/example_dags/example_branch_operator_decorator.py
[2025-08-14T09:51:58.150+0000] {processor.py:836} INFO - DAG(s) dict_keys(['example_branch_python_operator_decorator']) retrieved from /home/vscode/.local/lib/python3.10/site-packages/airflow/example_dags/example_branch_operator_decorator.py
[2025-08-14T09:51:58.169+0000] {logging_mixin.py:150} INFO - [2025-08-14T09:51:58.169+0000] {dag.py:2742} INFO - Sync 1 DAGs
[2025-08-14T09:51:58.185+0000] {logging_mixin.py:150} INFO - [2025-08-14T09:51:58.185+0000] {dag.py:3504} INFO - Setting next_dagrun for example_branch_python_operator_decorator to 2025-08-13T00:00:00+00:00, run_after=2025-08-14T00:00:00+00:00
[2025-08-14T09:51:58.201+0000] {processor.py:179} INFO - Processing /home/vscode/.local/lib/python3.10/site-packages/airflow/example_dags/example_branch_operator_decorator.py took 0.061 seconds
[2025-08-14T09:52:46.479+0000] {processor.py:157} INFO - Started process (PID=9346) to work on /home/vscode/.local/lib/python3.10/site-packages/airflow/example_dags/example_branch_operator_decorator.py
[2025-08-14T09:52:46.480+0000] {processor.py:826} INFO - Processing file /home/vscode/.local/lib/python3.10/site-packages/airflow/example_dags/example_branch_operator_decorator.py for tasks to queue
[2025-08-14T09:52:46.480+0000] {logging_mixin.py:150} INFO - [2025-08-14T09:52:46.480+0000] {dagbag.py:541} INFO - Filling up the DagBag from /home/vscode/.local/lib/python3.10/site-packages/airflow/example_dags/example_branch_operator_decorator.py
[2025-08-14T09:52:46.488+0000] {processor.py:836} INFO - DAG(s) dict_keys(['example_branch_python_operator_decorator']) retrieved from /home/vscode/.local/lib/python3.10/site-packages/airflow/example_dags/example_branch_operator_decorator.py
[2025-08-14T09:52:46.500+0000] {logging_mixin.py:150} INFO - [2025-08-14T09:52:46.500+0000] {dag.py:2742} INFO - Sync 1 DAGs
[2025-08-14T09:52:46.519+0000] {logging_mixin.py:150} INFO - [2025-08-14T09:52:46.518+0000] {dag.py:3504} INFO - Setting next_dagrun for example_branch_python_operator_decorator to 2025-08-13T00:00:00+00:00, run_after=2025-08-14T00:00:00+00:00
[2025-08-14T09:52:46.540+0000] {processor.py:179} INFO - Processing /home/vscode/.local/lib/python3.10/site-packages/airflow/example_dags/example_branch_operator_decorator.py took 0.062 seconds
[2025-08-14T09:53:35.446+0000] {processor.py:157} INFO - Started process (PID=9673) to work on /home/vscode/.local/lib/python3.10/site-packages/airflow/example_dags/example_branch_operator_decorator.py
[2025-08-14T09:53:35.446+0000] {processor.py:826} INFO - Processing file /home/vscode/.local/lib/python3.10/site-packages/airflow/example_dags/example_branch_operator_decorator.py for tasks to queue
[2025-08-14T09:53:35.447+0000] {logging_mixin.py:150} INFO - [2025-08-14T09:53:35.447+0000] {dagbag.py:541} INFO - Filling up the DagBag from /home/vscode/.local/lib/python3.10/site-packages/airflow/example_dags/example_branch_operator_decorator.py
[2025-08-14T09:53:35.454+0000] {processor.py:836} INFO - DAG(s) dict_keys(['example_branch_python_operator_decorator']) retrieved from /home/vscode/.local/lib/python3.10/site-packages/airflow/example_dags/example_branch_operator_decorator.py
[2025-08-14T09:53:35.467+0000] {logging_mixin.py:150} INFO - [2025-08-14T09:53:35.467+0000] {dag.py:2742} INFO - Sync 1 DAGs
[2025-08-14T09:53:35.483+0000] {logging_mixin.py:150} INFO - [2025-08-14T09:53:35.483+0000] {dag.py:3504} INFO - Setting next_dagrun for example_branch_python_operator_decorator to 2025-08-13T00:00:00+00:00, run_after=2025-08-14T00:00:00+00:00
[2025-08-14T09:53:35.499+0000] {processor.py:179} INFO - Processing /home/vscode/.local/lib/python3.10/site-packages/airflow/example_dags/example_branch_operator_decorator.py took 0.055 seconds
[2025-08-14T09:54:18.930+0000] {processor.py:157} INFO - Started process (PID=9968) to work on /home/vscode/.local/lib/python3.10/site-packages/airflow/example_dags/example_branch_operator_decorator.py
[2025-08-14T09:54:18.931+0000] {processor.py:826} INFO - Processing file /home/vscode/.local/lib/python3.10/site-packages/airflow/example_dags/example_branch_operator_decorator.py for tasks to queue
[2025-08-14T09:54:18.932+0000] {logging_mixin.py:150} INFO - [2025-08-14T09:54:18.931+0000] {dagbag.py:541} INFO - Filling up the DagBag from /home/vscode/.local/lib/python3.10/site-packages/airflow/example_dags/example_branch_operator_decorator.py
[2025-08-14T09:54:18.939+0000] {processor.py:836} INFO - DAG(s) dict_keys(['example_branch_python_operator_decorator']) retrieved from /home/vscode/.local/lib/python3.10/site-packages/airflow/example_dags/example_branch_operator_decorator.py
[2025-08-14T09:54:18.953+0000] {logging_mixin.py:150} INFO - [2025-08-14T09:54:18.953+0000] {dag.py:2742} INFO - Sync 1 DAGs
[2025-08-14T09:54:18.968+0000] {logging_mixin.py:150} INFO - [2025-08-14T09:54:18.968+0000] {dag.py:3504} INFO - Setting next_dagrun for example_branch_python_operator_decorator to 2025-08-13T00:00:00+00:00, run_after=2025-08-14T00:00:00+00:00
[2025-08-14T09:54:18.985+0000] {processor.py:179} INFO - Processing /home/vscode/.local/lib/python3.10/site-packages/airflow/example_dags/example_branch_operator_decorator.py took 0.056 seconds
[2025-08-14T09:55:06.650+0000] {processor.py:157} INFO - Started process (PID=10286) to work on /home/vscode/.local/lib/python3.10/site-packages/airflow/example_dags/example_branch_operator_decorator.py
[2025-08-14T09:55:06.650+0000] {processor.py:826} INFO - Processing file /home/vscode/.local/lib/python3.10/site-packages/airflow/example_dags/example_branch_operator_decorator.py for tasks to queue
[2025-08-14T09:55:06.651+0000] {logging_mixin.py:150} INFO - [2025-08-14T09:55:06.651+0000] {dagbag.py:541} INFO - Filling up the DagBag from /home/vscode/.local/lib/python3.10/site-packages/airflow/example_dags/example_branch_operator_decorator.py
[2025-08-14T09:55:06.658+0000] {processor.py:836} INFO - DAG(s) dict_keys(['example_branch_python_operator_decorator']) retrieved from /home/vscode/.local/lib/python3.10/site-packages/airflow/example_dags/example_branch_operator_decorator.py
[2025-08-14T09:55:06.671+0000] {logging_mixin.py:150} INFO - [2025-08-14T09:55:06.670+0000] {dag.py:2742} INFO - Sync 1 DAGs
[2025-08-14T09:55:06.685+0000] {logging_mixin.py:150} INFO - [2025-08-14T09:55:06.685+0000] {dag.py:3504} INFO - Setting next_dagrun for example_branch_python_operator_decorator to 2025-08-13T00:00:00+00:00, run_after=2025-08-14T00:00:00+00:00
[2025-08-14T09:55:06.700+0000] {processor.py:179} INFO - Processing /home/vscode/.local/lib/python3.10/site-packages/airflow/example_dags/example_branch_operator_decorator.py took 0.052 seconds
[2025-08-14T09:55:51.447+0000] {processor.py:157} INFO - Started process (PID=10587) to work on /home/vscode/.local/lib/python3.10/site-packages/airflow/example_dags/example_branch_operator_decorator.py
[2025-08-14T09:55:51.448+0000] {processor.py:826} INFO - Processing file /home/vscode/.local/lib/python3.10/site-packages/airflow/example_dags/example_branch_operator_decorator.py for tasks to queue
[2025-08-14T09:55:51.449+0000] {logging_mixin.py:150} INFO - [2025-08-14T09:55:51.448+0000] {dagbag.py:541} INFO - Filling up the DagBag from /home/vscode/.local/lib/python3.10/site-packages/airflow/example_dags/example_branch_operator_decorator.py
[2025-08-14T09:55:51.459+0000] {processor.py:836} INFO - DAG(s) dict_keys(['example_branch_python_operator_decorator']) retrieved from /home/vscode/.local/lib/python3.10/site-packages/airflow/example_dags/example_branch_operator_decorator.py
[2025-08-14T09:55:51.479+0000] {logging_mixin.py:150} INFO - [2025-08-14T09:55:51.478+0000] {dag.py:2742} INFO - Sync 1 DAGs
[2025-08-14T09:55:51.500+0000] {logging_mixin.py:150} INFO - [2025-08-14T09:55:51.500+0000] {dag.py:3504} INFO - Setting next_dagrun for example_branch_python_operator_decorator to 2025-08-13T00:00:00+00:00, run_after=2025-08-14T00:00:00+00:00
[2025-08-14T09:55:51.516+0000] {processor.py:179} INFO - Processing /home/vscode/.local/lib/python3.10/site-packages/airflow/example_dags/example_branch_operator_decorator.py took 0.072 seconds
[2025-08-14T09:56:40.237+0000] {processor.py:157} INFO - Started process (PID=10974) to work on /home/vscode/.local/lib/python3.10/site-packages/airflow/example_dags/example_branch_operator_decorator.py
[2025-08-14T09:56:40.238+0000] {processor.py:826} INFO - Processing file /home/vscode/.local/lib/python3.10/site-packages/airflow/example_dags/example_branch_operator_decorator.py for tasks to queue
[2025-08-14T09:56:40.238+0000] {logging_mixin.py:150} INFO - [2025-08-14T09:56:40.238+0000] {dagbag.py:541} INFO - Filling up the DagBag from /home/vscode/.local/lib/python3.10/site-packages/airflow/example_dags/example_branch_operator_decorator.py
[2025-08-14T09:56:40.246+0000] {processor.py:836} INFO - DAG(s) dict_keys(['example_branch_python_operator_decorator']) retrieved from /home/vscode/.local/lib/python3.10/site-packages/airflow/example_dags/example_branch_operator_decorator.py
[2025-08-14T09:56:40.261+0000] {logging_mixin.py:150} INFO - [2025-08-14T09:56:40.261+0000] {dag.py:2742} INFO - Sync 1 DAGs
[2025-08-14T09:56:40.277+0000] {logging_mixin.py:150} INFO - [2025-08-14T09:56:40.277+0000] {dag.py:3504} INFO - Setting next_dagrun for example_branch_python_operator_decorator to 2025-08-13T00:00:00+00:00, run_after=2025-08-14T00:00:00+00:00
[2025-08-14T09:56:40.293+0000] {processor.py:179} INFO - Processing /home/vscode/.local/lib/python3.10/site-packages/airflow/example_dags/example_branch_operator_decorator.py took 0.058 seconds
[2025-08-14T09:57:26.691+0000] {processor.py:157} INFO - Started process (PID=11374) to work on /home/vscode/.local/lib/python3.10/site-packages/airflow/example_dags/example_branch_operator_decorator.py
[2025-08-14T09:57:26.692+0000] {processor.py:826} INFO - Processing file /home/vscode/.local/lib/python3.10/site-packages/airflow/example_dags/example_branch_operator_decorator.py for tasks to queue
[2025-08-14T09:57:26.693+0000] {logging_mixin.py:150} INFO - [2025-08-14T09:57:26.693+0000] {dagbag.py:541} INFO - Filling up the DagBag from /home/vscode/.local/lib/python3.10/site-packages/airflow/example_dags/example_branch_operator_decorator.py
[2025-08-14T09:57:26.702+0000] {processor.py:836} INFO - DAG(s) dict_keys(['example_branch_python_operator_decorator']) retrieved from /home/vscode/.local/lib/python3.10/site-packages/airflow/example_dags/example_branch_operator_decorator.py
[2025-08-14T09:57:26.715+0000] {logging_mixin.py:150} INFO - [2025-08-14T09:57:26.715+0000] {dag.py:2742} INFO - Sync 1 DAGs
[2025-08-14T09:57:26.731+0000] {logging_mixin.py:150} INFO - [2025-08-14T09:57:26.731+0000] {dag.py:3504} INFO - Setting next_dagrun for example_branch_python_operator_decorator to 2025-08-13T00:00:00+00:00, run_after=2025-08-14T00:00:00+00:00
[2025-08-14T09:57:26.746+0000] {processor.py:179} INFO - Processing /home/vscode/.local/lib/python3.10/site-packages/airflow/example_dags/example_branch_operator_decorator.py took 0.056 seconds
[2025-08-14T09:58:15.225+0000] {processor.py:157} INFO - Started process (PID=11695) to work on /home/vscode/.local/lib/python3.10/site-packages/airflow/example_dags/example_branch_operator_decorator.py
[2025-08-14T09:58:15.225+0000] {processor.py:826} INFO - Processing file /home/vscode/.local/lib/python3.10/site-packages/airflow/example_dags/example_branch_operator_decorator.py for tasks to queue
[2025-08-14T09:58:15.226+0000] {logging_mixin.py:150} INFO - [2025-08-14T09:58:15.226+0000] {dagbag.py:541} INFO - Filling up the DagBag from /home/vscode/.local/lib/python3.10/site-packages/airflow/example_dags/example_branch_operator_decorator.py
[2025-08-14T09:58:15.233+0000] {processor.py:836} INFO - DAG(s) dict_keys(['example_branch_python_operator_decorator']) retrieved from /home/vscode/.local/lib/python3.10/site-packages/airflow/example_dags/example_branch_operator_decorator.py
[2025-08-14T09:58:15.247+0000] {logging_mixin.py:150} INFO - [2025-08-14T09:58:15.247+0000] {dag.py:2742} INFO - Sync 1 DAGs
[2025-08-14T09:58:15.262+0000] {logging_mixin.py:150} INFO - [2025-08-14T09:58:15.262+0000] {dag.py:3504} INFO - Setting next_dagrun for example_branch_python_operator_decorator to 2025-08-13T00:00:00+00:00, run_after=2025-08-14T00:00:00+00:00
[2025-08-14T09:58:15.277+0000] {processor.py:179} INFO - Processing /home/vscode/.local/lib/python3.10/site-packages/airflow/example_dags/example_branch_operator_decorator.py took 0.054 seconds
[2025-08-14T10:06:24.254+0000] {processor.py:157} INFO - Started process (PID=15292) to work on /home/vscode/.local/lib/python3.10/site-packages/airflow/example_dags/example_branch_operator_decorator.py
[2025-08-14T10:06:24.254+0000] {processor.py:826} INFO - Processing file /home/vscode/.local/lib/python3.10/site-packages/airflow/example_dags/example_branch_operator_decorator.py for tasks to queue
[2025-08-14T10:06:24.255+0000] {logging_mixin.py:150} INFO - [2025-08-14T10:06:24.255+0000] {dagbag.py:541} INFO - Filling up the DagBag from /home/vscode/.local/lib/python3.10/site-packages/airflow/example_dags/example_branch_operator_decorator.py
[2025-08-14T10:06:24.263+0000] {processor.py:836} INFO - DAG(s) dict_keys(['example_branch_python_operator_decorator']) retrieved from /home/vscode/.local/lib/python3.10/site-packages/airflow/example_dags/example_branch_operator_decorator.py
[2025-08-14T10:06:24.275+0000] {logging_mixin.py:150} INFO - [2025-08-14T10:06:24.275+0000] {dag.py:2742} INFO - Sync 1 DAGs
[2025-08-14T10:06:24.291+0000] {logging_mixin.py:150} INFO - [2025-08-14T10:06:24.291+0000] {dag.py:3504} INFO - Setting next_dagrun for example_branch_python_operator_decorator to 2025-08-13T00:00:00+00:00, run_after=2025-08-14T00:00:00+00:00
[2025-08-14T10:06:24.306+0000] {processor.py:179} INFO - Processing /home/vscode/.local/lib/python3.10/site-packages/airflow/example_dags/example_branch_operator_decorator.py took 0.054 seconds
[2025-08-14T10:07:10.516+0000] {processor.py:157} INFO - Started process (PID=15601) to work on /home/vscode/.local/lib/python3.10/site-packages/airflow/example_dags/example_branch_operator_decorator.py
[2025-08-14T10:07:10.516+0000] {processor.py:826} INFO - Processing file /home/vscode/.local/lib/python3.10/site-packages/airflow/example_dags/example_branch_operator_decorator.py for tasks to queue
[2025-08-14T10:07:10.517+0000] {logging_mixin.py:150} INFO - [2025-08-14T10:07:10.517+0000] {dagbag.py:541} INFO - Filling up the DagBag from /home/vscode/.local/lib/python3.10/site-packages/airflow/example_dags/example_branch_operator_decorator.py
[2025-08-14T10:07:10.525+0000] {processor.py:836} INFO - DAG(s) dict_keys(['example_branch_python_operator_decorator']) retrieved from /home/vscode/.local/lib/python3.10/site-packages/airflow/example_dags/example_branch_operator_decorator.py
[2025-08-14T10:07:10.537+0000] {logging_mixin.py:150} INFO - [2025-08-14T10:07:10.537+0000] {dag.py:2742} INFO - Sync 1 DAGs
[2025-08-14T10:07:10.553+0000] {logging_mixin.py:150} INFO - [2025-08-14T10:07:10.553+0000] {dag.py:3504} INFO - Setting next_dagrun for example_branch_python_operator_decorator to 2025-08-13T00:00:00+00:00, run_after=2025-08-14T00:00:00+00:00
[2025-08-14T10:07:10.569+0000] {processor.py:179} INFO - Processing /home/vscode/.local/lib/python3.10/site-packages/airflow/example_dags/example_branch_operator_decorator.py took 0.055 seconds
[2025-08-14T10:07:58.201+0000] {processor.py:157} INFO - Started process (PID=15970) to work on /home/vscode/.local/lib/python3.10/site-packages/airflow/example_dags/example_branch_operator_decorator.py
[2025-08-14T10:07:58.202+0000] {processor.py:826} INFO - Processing file /home/vscode/.local/lib/python3.10/site-packages/airflow/example_dags/example_branch_operator_decorator.py for tasks to queue
[2025-08-14T10:07:58.203+0000] {logging_mixin.py:150} INFO - [2025-08-14T10:07:58.202+0000] {dagbag.py:541} INFO - Filling up the DagBag from /home/vscode/.local/lib/python3.10/site-packages/airflow/example_dags/example_branch_operator_decorator.py
[2025-08-14T10:07:58.213+0000] {processor.py:836} INFO - DAG(s) dict_keys(['example_branch_python_operator_decorator']) retrieved from /home/vscode/.local/lib/python3.10/site-packages/airflow/example_dags/example_branch_operator_decorator.py
[2025-08-14T10:07:58.227+0000] {logging_mixin.py:150} INFO - [2025-08-14T10:07:58.227+0000] {dag.py:2742} INFO - Sync 1 DAGs
[2025-08-14T10:07:58.243+0000] {logging_mixin.py:150} INFO - [2025-08-14T10:07:58.243+0000] {dag.py:3504} INFO - Setting next_dagrun for example_branch_python_operator_decorator to 2025-08-13T00:00:00+00:00, run_after=2025-08-14T00:00:00+00:00
[2025-08-14T10:07:58.259+0000] {processor.py:179} INFO - Processing /home/vscode/.local/lib/python3.10/site-packages/airflow/example_dags/example_branch_operator_decorator.py took 0.059 seconds
[2025-08-14T10:08:47.266+0000] {processor.py:157} INFO - Started process (PID=16393) to work on /home/vscode/.local/lib/python3.10/site-packages/airflow/example_dags/example_branch_operator_decorator.py
[2025-08-14T10:08:47.267+0000] {processor.py:826} INFO - Processing file /home/vscode/.local/lib/python3.10/site-packages/airflow/example_dags/example_branch_operator_decorator.py for tasks to queue
[2025-08-14T10:08:47.267+0000] {logging_mixin.py:150} INFO - [2025-08-14T10:08:47.267+0000] {dagbag.py:541} INFO - Filling up the DagBag from /home/vscode/.local/lib/python3.10/site-packages/airflow/example_dags/example_branch_operator_decorator.py
[2025-08-14T10:08:47.274+0000] {processor.py:836} INFO - DAG(s) dict_keys(['example_branch_python_operator_decorator']) retrieved from /home/vscode/.local/lib/python3.10/site-packages/airflow/example_dags/example_branch_operator_decorator.py
[2025-08-14T10:08:47.281+0000] {logging_mixin.py:150} INFO - [2025-08-14T10:08:47.281+0000] {dag.py:2742} INFO - Sync 1 DAGs
[2025-08-14T10:08:47.298+0000] {logging_mixin.py:150} INFO - [2025-08-14T10:08:47.298+0000] {dag.py:3504} INFO - Setting next_dagrun for example_branch_python_operator_decorator to 2025-08-13T00:00:00+00:00, run_after=2025-08-14T00:00:00+00:00
[2025-08-14T10:08:47.313+0000] {processor.py:179} INFO - Processing /home/vscode/.local/lib/python3.10/site-packages/airflow/example_dags/example_branch_operator_decorator.py took 0.049 seconds
[2025-08-14T10:09:39.784+0000] {processor.py:157} INFO - Started process (PID=16826) to work on /home/vscode/.local/lib/python3.10/site-packages/airflow/example_dags/example_branch_operator_decorator.py
[2025-08-14T10:09:39.785+0000] {processor.py:826} INFO - Processing file /home/vscode/.local/lib/python3.10/site-packages/airflow/example_dags/example_branch_operator_decorator.py for tasks to queue
[2025-08-14T10:09:39.785+0000] {logging_mixin.py:150} INFO - [2025-08-14T10:09:39.785+0000] {dagbag.py:541} INFO - Filling up the DagBag from /home/vscode/.local/lib/python3.10/site-packages/airflow/example_dags/example_branch_operator_decorator.py
[2025-08-14T10:09:39.796+0000] {processor.py:836} INFO - DAG(s) dict_keys(['example_branch_python_operator_decorator']) retrieved from /home/vscode/.local/lib/python3.10/site-packages/airflow/example_dags/example_branch_operator_decorator.py
[2025-08-14T10:09:39.820+0000] {logging_mixin.py:150} INFO - [2025-08-14T10:09:39.820+0000] {dag.py:2742} INFO - Sync 1 DAGs
[2025-08-14T10:09:39.840+0000] {logging_mixin.py:150} INFO - [2025-08-14T10:09:39.840+0000] {dag.py:3504} INFO - Setting next_dagrun for example_branch_python_operator_decorator to 2025-08-13T00:00:00+00:00, run_after=2025-08-14T00:00:00+00:00
[2025-08-14T10:09:39.857+0000] {processor.py:179} INFO - Processing /home/vscode/.local/lib/python3.10/site-packages/airflow/example_dags/example_branch_operator_decorator.py took 0.076 seconds
[2025-08-14T10:10:24.653+0000] {processor.py:157} INFO - Started process (PID=17159) to work on /home/vscode/.local/lib/python3.10/site-packages/airflow/example_dags/example_branch_operator_decorator.py
[2025-08-14T10:10:24.654+0000] {processor.py:826} INFO - Processing file /home/vscode/.local/lib/python3.10/site-packages/airflow/example_dags/example_branch_operator_decorator.py for tasks to queue
[2025-08-14T10:10:24.655+0000] {logging_mixin.py:150} INFO - [2025-08-14T10:10:24.655+0000] {dagbag.py:541} INFO - Filling up the DagBag from /home/vscode/.local/lib/python3.10/site-packages/airflow/example_dags/example_branch_operator_decorator.py
[2025-08-14T10:10:24.663+0000] {processor.py:836} INFO - DAG(s) dict_keys(['example_branch_python_operator_decorator']) retrieved from /home/vscode/.local/lib/python3.10/site-packages/airflow/example_dags/example_branch_operator_decorator.py
[2025-08-14T10:10:24.676+0000] {logging_mixin.py:150} INFO - [2025-08-14T10:10:24.676+0000] {dag.py:2742} INFO - Sync 1 DAGs
[2025-08-14T10:10:24.691+0000] {logging_mixin.py:150} INFO - [2025-08-14T10:10:24.691+0000] {dag.py:3504} INFO - Setting next_dagrun for example_branch_python_operator_decorator to 2025-08-13T00:00:00+00:00, run_after=2025-08-14T00:00:00+00:00
[2025-08-14T10:10:24.710+0000] {processor.py:179} INFO - Processing /home/vscode/.local/lib/python3.10/site-packages/airflow/example_dags/example_branch_operator_decorator.py took 0.059 seconds
[2025-08-14T10:11:10.932+0000] {processor.py:157} INFO - Started process (PID=17514) to work on /home/vscode/.local/lib/python3.10/site-packages/airflow/example_dags/example_branch_operator_decorator.py
[2025-08-14T10:11:10.932+0000] {processor.py:826} INFO - Processing file /home/vscode/.local/lib/python3.10/site-packages/airflow/example_dags/example_branch_operator_decorator.py for tasks to queue
[2025-08-14T10:11:10.933+0000] {logging_mixin.py:150} INFO - [2025-08-14T10:11:10.933+0000] {dagbag.py:541} INFO - Filling up the DagBag from /home/vscode/.local/lib/python3.10/site-packages/airflow/example_dags/example_branch_operator_decorator.py
[2025-08-14T10:11:10.943+0000] {processor.py:836} INFO - DAG(s) dict_keys(['example_branch_python_operator_decorator']) retrieved from /home/vscode/.local/lib/python3.10/site-packages/airflow/example_dags/example_branch_operator_decorator.py
[2025-08-14T10:11:10.961+0000] {logging_mixin.py:150} INFO - [2025-08-14T10:11:10.961+0000] {dag.py:2742} INFO - Sync 1 DAGs
[2025-08-14T10:11:10.981+0000] {logging_mixin.py:150} INFO - [2025-08-14T10:11:10.981+0000] {dag.py:3504} INFO - Setting next_dagrun for example_branch_python_operator_decorator to 2025-08-13T00:00:00+00:00, run_after=2025-08-14T00:00:00+00:00
[2025-08-14T10:11:11.000+0000] {processor.py:179} INFO - Processing /home/vscode/.local/lib/python3.10/site-packages/airflow/example_dags/example_branch_operator_decorator.py took 0.071 seconds
[2025-08-14T10:11:58.230+0000] {processor.py:157} INFO - Started process (PID=17856) to work on /home/vscode/.local/lib/python3.10/site-packages/airflow/example_dags/example_branch_operator_decorator.py
[2025-08-14T10:11:58.231+0000] {processor.py:826} INFO - Processing file /home/vscode/.local/lib/python3.10/site-packages/airflow/example_dags/example_branch_operator_decorator.py for tasks to queue
[2025-08-14T10:11:58.231+0000] {logging_mixin.py:150} INFO - [2025-08-14T10:11:58.231+0000] {dagbag.py:541} INFO - Filling up the DagBag from /home/vscode/.local/lib/python3.10/site-packages/airflow/example_dags/example_branch_operator_decorator.py
[2025-08-14T10:11:58.239+0000] {processor.py:836} INFO - DAG(s) dict_keys(['example_branch_python_operator_decorator']) retrieved from /home/vscode/.local/lib/python3.10/site-packages/airflow/example_dags/example_branch_operator_decorator.py
[2025-08-14T10:11:58.252+0000] {logging_mixin.py:150} INFO - [2025-08-14T10:11:58.252+0000] {dag.py:2742} INFO - Sync 1 DAGs
[2025-08-14T10:11:58.267+0000] {logging_mixin.py:150} INFO - [2025-08-14T10:11:58.266+0000] {dag.py:3504} INFO - Setting next_dagrun for example_branch_python_operator_decorator to 2025-08-13T00:00:00+00:00, run_after=2025-08-14T00:00:00+00:00
[2025-08-14T10:11:58.281+0000] {processor.py:179} INFO - Processing /home/vscode/.local/lib/python3.10/site-packages/airflow/example_dags/example_branch_operator_decorator.py took 0.053 seconds
[2025-08-14T10:12:42.255+0000] {processor.py:157} INFO - Started process (PID=18199) to work on /home/vscode/.local/lib/python3.10/site-packages/airflow/example_dags/example_branch_operator_decorator.py
[2025-08-14T10:12:42.256+0000] {processor.py:826} INFO - Processing file /home/vscode/.local/lib/python3.10/site-packages/airflow/example_dags/example_branch_operator_decorator.py for tasks to queue
[2025-08-14T10:12:42.256+0000] {logging_mixin.py:150} INFO - [2025-08-14T10:12:42.256+0000] {dagbag.py:541} INFO - Filling up the DagBag from /home/vscode/.local/lib/python3.10/site-packages/airflow/example_dags/example_branch_operator_decorator.py
[2025-08-14T10:12:42.264+0000] {processor.py:836} INFO - DAG(s) dict_keys(['example_branch_python_operator_decorator']) retrieved from /home/vscode/.local/lib/python3.10/site-packages/airflow/example_dags/example_branch_operator_decorator.py
[2025-08-14T10:12:42.277+0000] {logging_mixin.py:150} INFO - [2025-08-14T10:12:42.277+0000] {dag.py:2742} INFO - Sync 1 DAGs
[2025-08-14T10:12:42.293+0000] {logging_mixin.py:150} INFO - [2025-08-14T10:12:42.293+0000] {dag.py:3504} INFO - Setting next_dagrun for example_branch_python_operator_decorator to 2025-08-13T00:00:00+00:00, run_after=2025-08-14T00:00:00+00:00
[2025-08-14T10:12:42.310+0000] {processor.py:179} INFO - Processing /home/vscode/.local/lib/python3.10/site-packages/airflow/example_dags/example_branch_operator_decorator.py took 0.057 seconds
[2025-08-14T10:13:35.675+0000] {processor.py:157} INFO - Started process (PID=18585) to work on /home/vscode/.local/lib/python3.10/site-packages/airflow/example_dags/example_branch_operator_decorator.py
[2025-08-14T10:13:35.676+0000] {processor.py:826} INFO - Processing file /home/vscode/.local/lib/python3.10/site-packages/airflow/example_dags/example_branch_operator_decorator.py for tasks to queue
[2025-08-14T10:13:35.676+0000] {logging_mixin.py:150} INFO - [2025-08-14T10:13:35.676+0000] {dagbag.py:541} INFO - Filling up the DagBag from /home/vscode/.local/lib/python3.10/site-packages/airflow/example_dags/example_branch_operator_decorator.py
[2025-08-14T10:13:35.683+0000] {processor.py:836} INFO - DAG(s) dict_keys(['example_branch_python_operator_decorator']) retrieved from /home/vscode/.local/lib/python3.10/site-packages/airflow/example_dags/example_branch_operator_decorator.py
[2025-08-14T10:13:35.696+0000] {logging_mixin.py:150} INFO - [2025-08-14T10:13:35.696+0000] {dag.py:2742} INFO - Sync 1 DAGs
[2025-08-14T10:13:35.711+0000] {logging_mixin.py:150} INFO - [2025-08-14T10:13:35.711+0000] {dag.py:3504} INFO - Setting next_dagrun for example_branch_python_operator_decorator to 2025-08-13T00:00:00+00:00, run_after=2025-08-14T00:00:00+00:00
[2025-08-14T10:13:35.725+0000] {processor.py:179} INFO - Processing /home/vscode/.local/lib/python3.10/site-packages/airflow/example_dags/example_branch_operator_decorator.py took 0.052 seconds
[2025-08-14T10:14:18.992+0000] {processor.py:157} INFO - Started process (PID=18909) to work on /home/vscode/.local/lib/python3.10/site-packages/airflow/example_dags/example_branch_operator_decorator.py
[2025-08-14T10:14:18.992+0000] {processor.py:826} INFO - Processing file /home/vscode/.local/lib/python3.10/site-packages/airflow/example_dags/example_branch_operator_decorator.py for tasks to queue
[2025-08-14T10:14:18.993+0000] {logging_mixin.py:150} INFO - [2025-08-14T10:14:18.993+0000] {dagbag.py:541} INFO - Filling up the DagBag from /home/vscode/.local/lib/python3.10/site-packages/airflow/example_dags/example_branch_operator_decorator.py
[2025-08-14T10:14:19.001+0000] {processor.py:836} INFO - DAG(s) dict_keys(['example_branch_python_operator_decorator']) retrieved from /home/vscode/.local/lib/python3.10/site-packages/airflow/example_dags/example_branch_operator_decorator.py
[2025-08-14T10:14:19.015+0000] {logging_mixin.py:150} INFO - [2025-08-14T10:14:19.015+0000] {dag.py:2742} INFO - Sync 1 DAGs
[2025-08-14T10:14:19.033+0000] {logging_mixin.py:150} INFO - [2025-08-14T10:14:19.033+0000] {dag.py:3504} INFO - Setting next_dagrun for example_branch_python_operator_decorator to 2025-08-13T00:00:00+00:00, run_after=2025-08-14T00:00:00+00:00
[2025-08-14T10:14:19.049+0000] {processor.py:179} INFO - Processing /home/vscode/.local/lib/python3.10/site-packages/airflow/example_dags/example_branch_operator_decorator.py took 0.059 seconds
[2025-08-14T10:15:05.814+0000] {processor.py:157} INFO - Started process (PID=19261) to work on /home/vscode/.local/lib/python3.10/site-packages/airflow/example_dags/example_branch_operator_decorator.py
[2025-08-14T10:15:05.814+0000] {processor.py:826} INFO - Processing file /home/vscode/.local/lib/python3.10/site-packages/airflow/example_dags/example_branch_operator_decorator.py for tasks to queue
[2025-08-14T10:15:05.815+0000] {logging_mixin.py:150} INFO - [2025-08-14T10:15:05.815+0000] {dagbag.py:541} INFO - Filling up the DagBag from /home/vscode/.local/lib/python3.10/site-packages/airflow/example_dags/example_branch_operator_decorator.py
[2025-08-14T10:15:05.823+0000] {processor.py:836} INFO - DAG(s) dict_keys(['example_branch_python_operator_decorator']) retrieved from /home/vscode/.local/lib/python3.10/site-packages/airflow/example_dags/example_branch_operator_decorator.py
[2025-08-14T10:15:05.838+0000] {logging_mixin.py:150} INFO - [2025-08-14T10:15:05.837+0000] {dag.py:2742} INFO - Sync 1 DAGs
[2025-08-14T10:15:05.854+0000] {logging_mixin.py:150} INFO - [2025-08-14T10:15:05.854+0000] {dag.py:3504} INFO - Setting next_dagrun for example_branch_python_operator_decorator to 2025-08-13T00:00:00+00:00, run_after=2025-08-14T00:00:00+00:00
[2025-08-14T10:15:05.869+0000] {processor.py:179} INFO - Processing /home/vscode/.local/lib/python3.10/site-packages/airflow/example_dags/example_branch_operator_decorator.py took 0.057 seconds
[2025-08-14T10:15:59.200+0000] {processor.py:157} INFO - Started process (PID=19661) to work on /home/vscode/.local/lib/python3.10/site-packages/airflow/example_dags/example_branch_operator_decorator.py
[2025-08-14T10:15:59.201+0000] {processor.py:826} INFO - Processing file /home/vscode/.local/lib/python3.10/site-packages/airflow/example_dags/example_branch_operator_decorator.py for tasks to queue
[2025-08-14T10:15:59.202+0000] {logging_mixin.py:150} INFO - [2025-08-14T10:15:59.201+0000] {dagbag.py:541} INFO - Filling up the DagBag from /home/vscode/.local/lib/python3.10/site-packages/airflow/example_dags/example_branch_operator_decorator.py
[2025-08-14T10:15:59.209+0000] {processor.py:836} INFO - DAG(s) dict_keys(['example_branch_python_operator_decorator']) retrieved from /home/vscode/.local/lib/python3.10/site-packages/airflow/example_dags/example_branch_operator_decorator.py
[2025-08-14T10:15:59.222+0000] {logging_mixin.py:150} INFO - [2025-08-14T10:15:59.221+0000] {dag.py:2742} INFO - Sync 1 DAGs
[2025-08-14T10:15:59.243+0000] {logging_mixin.py:150} INFO - [2025-08-14T10:15:59.243+0000] {dag.py:3504} INFO - Setting next_dagrun for example_branch_python_operator_decorator to 2025-08-13T00:00:00+00:00, run_after=2025-08-14T00:00:00+00:00
[2025-08-14T10:15:59.258+0000] {processor.py:179} INFO - Processing /home/vscode/.local/lib/python3.10/site-packages/airflow/example_dags/example_branch_operator_decorator.py took 0.060 seconds
[2025-08-14T10:16:47.885+0000] {processor.py:157} INFO - Started process (PID=20017) to work on /home/vscode/.local/lib/python3.10/site-packages/airflow/example_dags/example_branch_operator_decorator.py
[2025-08-14T10:16:47.886+0000] {processor.py:826} INFO - Processing file /home/vscode/.local/lib/python3.10/site-packages/airflow/example_dags/example_branch_operator_decorator.py for tasks to queue
[2025-08-14T10:16:47.887+0000] {logging_mixin.py:150} INFO - [2025-08-14T10:16:47.886+0000] {dagbag.py:541} INFO - Filling up the DagBag from /home/vscode/.local/lib/python3.10/site-packages/airflow/example_dags/example_branch_operator_decorator.py
[2025-08-14T10:16:47.894+0000] {processor.py:836} INFO - DAG(s) dict_keys(['example_branch_python_operator_decorator']) retrieved from /home/vscode/.local/lib/python3.10/site-packages/airflow/example_dags/example_branch_operator_decorator.py
[2025-08-14T10:16:47.907+0000] {logging_mixin.py:150} INFO - [2025-08-14T10:16:47.907+0000] {dag.py:2742} INFO - Sync 1 DAGs
[2025-08-14T10:16:47.921+0000] {logging_mixin.py:150} INFO - [2025-08-14T10:16:47.921+0000] {dag.py:3504} INFO - Setting next_dagrun for example_branch_python_operator_decorator to 2025-08-13T00:00:00+00:00, run_after=2025-08-14T00:00:00+00:00
[2025-08-14T10:16:47.936+0000] {processor.py:179} INFO - Processing /home/vscode/.local/lib/python3.10/site-packages/airflow/example_dags/example_branch_operator_decorator.py took 0.053 seconds
[2025-08-14T10:17:38.214+0000] {processor.py:157} INFO - Started process (PID=20389) to work on /home/vscode/.local/lib/python3.10/site-packages/airflow/example_dags/example_branch_operator_decorator.py
[2025-08-14T10:17:38.214+0000] {processor.py:826} INFO - Processing file /home/vscode/.local/lib/python3.10/site-packages/airflow/example_dags/example_branch_operator_decorator.py for tasks to queue
[2025-08-14T10:17:38.215+0000] {logging_mixin.py:150} INFO - [2025-08-14T10:17:38.215+0000] {dagbag.py:541} INFO - Filling up the DagBag from /home/vscode/.local/lib/python3.10/site-packages/airflow/example_dags/example_branch_operator_decorator.py
[2025-08-14T10:17:38.222+0000] {processor.py:836} INFO - DAG(s) dict_keys(['example_branch_python_operator_decorator']) retrieved from /home/vscode/.local/lib/python3.10/site-packages/airflow/example_dags/example_branch_operator_decorator.py
[2025-08-14T10:17:38.235+0000] {logging_mixin.py:150} INFO - [2025-08-14T10:17:38.235+0000] {dag.py:2742} INFO - Sync 1 DAGs
[2025-08-14T10:17:38.251+0000] {logging_mixin.py:150} INFO - [2025-08-14T10:17:38.251+0000] {dag.py:3504} INFO - Setting next_dagrun for example_branch_python_operator_decorator to 2025-08-13T00:00:00+00:00, run_after=2025-08-14T00:00:00+00:00
[2025-08-14T10:17:38.266+0000] {processor.py:179} INFO - Processing /home/vscode/.local/lib/python3.10/site-packages/airflow/example_dags/example_branch_operator_decorator.py took 0.054 seconds
[2025-08-14T10:18:23.453+0000] {processor.py:157} INFO - Started process (PID=20690) to work on /home/vscode/.local/lib/python3.10/site-packages/airflow/example_dags/example_branch_operator_decorator.py
[2025-08-14T10:18:23.453+0000] {processor.py:826} INFO - Processing file /home/vscode/.local/lib/python3.10/site-packages/airflow/example_dags/example_branch_operator_decorator.py for tasks to queue
[2025-08-14T10:18:23.454+0000] {logging_mixin.py:150} INFO - [2025-08-14T10:18:23.454+0000] {dagbag.py:541} INFO - Filling up the DagBag from /home/vscode/.local/lib/python3.10/site-packages/airflow/example_dags/example_branch_operator_decorator.py
[2025-08-14T10:18:23.461+0000] {processor.py:836} INFO - DAG(s) dict_keys(['example_branch_python_operator_decorator']) retrieved from /home/vscode/.local/lib/python3.10/site-packages/airflow/example_dags/example_branch_operator_decorator.py
[2025-08-14T10:18:23.474+0000] {logging_mixin.py:150} INFO - [2025-08-14T10:18:23.474+0000] {dag.py:2742} INFO - Sync 1 DAGs
[2025-08-14T10:18:23.490+0000] {logging_mixin.py:150} INFO - [2025-08-14T10:18:23.489+0000] {dag.py:3504} INFO - Setting next_dagrun for example_branch_python_operator_decorator to 2025-08-13T00:00:00+00:00, run_after=2025-08-14T00:00:00+00:00
[2025-08-14T10:18:23.504+0000] {processor.py:179} INFO - Processing /home/vscode/.local/lib/python3.10/site-packages/airflow/example_dags/example_branch_operator_decorator.py took 0.054 seconds
[2025-08-14T10:19:13.698+0000] {processor.py:157} INFO - Started process (PID=21029) to work on /home/vscode/.local/lib/python3.10/site-packages/airflow/example_dags/example_branch_operator_decorator.py
[2025-08-14T10:19:13.698+0000] {processor.py:826} INFO - Processing file /home/vscode/.local/lib/python3.10/site-packages/airflow/example_dags/example_branch_operator_decorator.py for tasks to queue
[2025-08-14T10:19:13.699+0000] {logging_mixin.py:150} INFO - [2025-08-14T10:19:13.699+0000] {dagbag.py:541} INFO - Filling up the DagBag from /home/vscode/.local/lib/python3.10/site-packages/airflow/example_dags/example_branch_operator_decorator.py
[2025-08-14T10:19:13.706+0000] {processor.py:836} INFO - DAG(s) dict_keys(['example_branch_python_operator_decorator']) retrieved from /home/vscode/.local/lib/python3.10/site-packages/airflow/example_dags/example_branch_operator_decorator.py
[2025-08-14T10:19:13.719+0000] {logging_mixin.py:150} INFO - [2025-08-14T10:19:13.719+0000] {dag.py:2742} INFO - Sync 1 DAGs
[2025-08-14T10:19:13.734+0000] {logging_mixin.py:150} INFO - [2025-08-14T10:19:13.734+0000] {dag.py:3504} INFO - Setting next_dagrun for example_branch_python_operator_decorator to 2025-08-13T00:00:00+00:00, run_after=2025-08-14T00:00:00+00:00
[2025-08-14T10:19:13.751+0000] {processor.py:179} INFO - Processing /home/vscode/.local/lib/python3.10/site-packages/airflow/example_dags/example_branch_operator_decorator.py took 0.055 seconds
[2025-08-14T10:19:59.938+0000] {processor.py:157} INFO - Started process (PID=21378) to work on /home/vscode/.local/lib/python3.10/site-packages/airflow/example_dags/example_branch_operator_decorator.py
[2025-08-14T10:19:59.938+0000] {processor.py:826} INFO - Processing file /home/vscode/.local/lib/python3.10/site-packages/airflow/example_dags/example_branch_operator_decorator.py for tasks to queue
[2025-08-14T10:19:59.939+0000] {logging_mixin.py:150} INFO - [2025-08-14T10:19:59.939+0000] {dagbag.py:541} INFO - Filling up the DagBag from /home/vscode/.local/lib/python3.10/site-packages/airflow/example_dags/example_branch_operator_decorator.py
[2025-08-14T10:19:59.946+0000] {processor.py:836} INFO - DAG(s) dict_keys(['example_branch_python_operator_decorator']) retrieved from /home/vscode/.local/lib/python3.10/site-packages/airflow/example_dags/example_branch_operator_decorator.py
[2025-08-14T10:19:59.959+0000] {logging_mixin.py:150} INFO - [2025-08-14T10:19:59.959+0000] {dag.py:2742} INFO - Sync 1 DAGs
[2025-08-14T10:19:59.974+0000] {logging_mixin.py:150} INFO - [2025-08-14T10:19:59.974+0000] {dag.py:3504} INFO - Setting next_dagrun for example_branch_python_operator_decorator to 2025-08-13T00:00:00+00:00, run_after=2025-08-14T00:00:00+00:00
[2025-08-14T10:19:59.990+0000] {processor.py:179} INFO - Processing /home/vscode/.local/lib/python3.10/site-packages/airflow/example_dags/example_branch_operator_decorator.py took 0.054 seconds
[2025-08-14T10:20:45.157+0000] {processor.py:157} INFO - Started process (PID=21702) to work on /home/vscode/.local/lib/python3.10/site-packages/airflow/example_dags/example_branch_operator_decorator.py
[2025-08-14T10:20:45.158+0000] {processor.py:826} INFO - Processing file /home/vscode/.local/lib/python3.10/site-packages/airflow/example_dags/example_branch_operator_decorator.py for tasks to queue
[2025-08-14T10:20:45.159+0000] {logging_mixin.py:150} INFO - [2025-08-14T10:20:45.159+0000] {dagbag.py:541} INFO - Filling up the DagBag from /home/vscode/.local/lib/python3.10/site-packages/airflow/example_dags/example_branch_operator_decorator.py
[2025-08-14T10:20:45.177+0000] {processor.py:836} INFO - DAG(s) dict_keys(['example_branch_python_operator_decorator']) retrieved from /home/vscode/.local/lib/python3.10/site-packages/airflow/example_dags/example_branch_operator_decorator.py
[2025-08-14T10:20:45.201+0000] {logging_mixin.py:150} INFO - [2025-08-14T10:20:45.201+0000] {dag.py:2742} INFO - Sync 1 DAGs
[2025-08-14T10:20:45.217+0000] {logging_mixin.py:150} INFO - [2025-08-14T10:20:45.217+0000] {dag.py:3504} INFO - Setting next_dagrun for example_branch_python_operator_decorator to 2025-08-13T00:00:00+00:00, run_after=2025-08-14T00:00:00+00:00
[2025-08-14T10:20:45.233+0000] {processor.py:179} INFO - Processing /home/vscode/.local/lib/python3.10/site-packages/airflow/example_dags/example_branch_operator_decorator.py took 0.078 seconds
[2025-08-14T10:21:35.254+0000] {processor.py:157} INFO - Started process (PID=22036) to work on /home/vscode/.local/lib/python3.10/site-packages/airflow/example_dags/example_branch_operator_decorator.py
[2025-08-14T10:21:35.255+0000] {processor.py:826} INFO - Processing file /home/vscode/.local/lib/python3.10/site-packages/airflow/example_dags/example_branch_operator_decorator.py for tasks to queue
[2025-08-14T10:21:35.256+0000] {logging_mixin.py:150} INFO - [2025-08-14T10:21:35.255+0000] {dagbag.py:541} INFO - Filling up the DagBag from /home/vscode/.local/lib/python3.10/site-packages/airflow/example_dags/example_branch_operator_decorator.py
[2025-08-14T10:21:35.263+0000] {processor.py:836} INFO - DAG(s) dict_keys(['example_branch_python_operator_decorator']) retrieved from /home/vscode/.local/lib/python3.10/site-packages/airflow/example_dags/example_branch_operator_decorator.py
[2025-08-14T10:21:35.276+0000] {logging_mixin.py:150} INFO - [2025-08-14T10:21:35.276+0000] {dag.py:2742} INFO - Sync 1 DAGs
[2025-08-14T10:21:35.292+0000] {logging_mixin.py:150} INFO - [2025-08-14T10:21:35.292+0000] {dag.py:3504} INFO - Setting next_dagrun for example_branch_python_operator_decorator to 2025-08-13T00:00:00+00:00, run_after=2025-08-14T00:00:00+00:00
[2025-08-14T10:21:35.307+0000] {processor.py:179} INFO - Processing /home/vscode/.local/lib/python3.10/site-packages/airflow/example_dags/example_branch_operator_decorator.py took 0.055 seconds
[2025-08-14T10:22:20.633+0000] {processor.py:157} INFO - Started process (PID=22334) to work on /home/vscode/.local/lib/python3.10/site-packages/airflow/example_dags/example_branch_operator_decorator.py
[2025-08-14T10:22:20.634+0000] {processor.py:826} INFO - Processing file /home/vscode/.local/lib/python3.10/site-packages/airflow/example_dags/example_branch_operator_decorator.py for tasks to queue
[2025-08-14T10:22:20.634+0000] {logging_mixin.py:150} INFO - [2025-08-14T10:22:20.634+0000] {dagbag.py:541} INFO - Filling up the DagBag from /home/vscode/.local/lib/python3.10/site-packages/airflow/example_dags/example_branch_operator_decorator.py
[2025-08-14T10:22:20.642+0000] {processor.py:836} INFO - DAG(s) dict_keys(['example_branch_python_operator_decorator']) retrieved from /home/vscode/.local/lib/python3.10/site-packages/airflow/example_dags/example_branch_operator_decorator.py
[2025-08-14T10:22:20.656+0000] {logging_mixin.py:150} INFO - [2025-08-14T10:22:20.656+0000] {dag.py:2742} INFO - Sync 1 DAGs
[2025-08-14T10:22:20.672+0000] {logging_mixin.py:150} INFO - [2025-08-14T10:22:20.672+0000] {dag.py:3504} INFO - Setting next_dagrun for example_branch_python_operator_decorator to 2025-08-13T00:00:00+00:00, run_after=2025-08-14T00:00:00+00:00
[2025-08-14T10:22:20.688+0000] {processor.py:179} INFO - Processing /home/vscode/.local/lib/python3.10/site-packages/airflow/example_dags/example_branch_operator_decorator.py took 0.058 seconds
[2025-08-14T10:23:07.196+0000] {processor.py:157} INFO - Started process (PID=22652) to work on /home/vscode/.local/lib/python3.10/site-packages/airflow/example_dags/example_branch_operator_decorator.py
[2025-08-14T10:23:07.197+0000] {processor.py:826} INFO - Processing file /home/vscode/.local/lib/python3.10/site-packages/airflow/example_dags/example_branch_operator_decorator.py for tasks to queue
[2025-08-14T10:23:07.197+0000] {logging_mixin.py:150} INFO - [2025-08-14T10:23:07.197+0000] {dagbag.py:541} INFO - Filling up the DagBag from /home/vscode/.local/lib/python3.10/site-packages/airflow/example_dags/example_branch_operator_decorator.py
[2025-08-14T10:23:07.205+0000] {processor.py:836} INFO - DAG(s) dict_keys(['example_branch_python_operator_decorator']) retrieved from /home/vscode/.local/lib/python3.10/site-packages/airflow/example_dags/example_branch_operator_decorator.py
[2025-08-14T10:23:07.218+0000] {logging_mixin.py:150} INFO - [2025-08-14T10:23:07.218+0000] {dag.py:2742} INFO - Sync 1 DAGs
[2025-08-14T10:23:07.234+0000] {logging_mixin.py:150} INFO - [2025-08-14T10:23:07.234+0000] {dag.py:3504} INFO - Setting next_dagrun for example_branch_python_operator_decorator to 2025-08-13T00:00:00+00:00, run_after=2025-08-14T00:00:00+00:00
[2025-08-14T10:23:07.250+0000] {processor.py:179} INFO - Processing /home/vscode/.local/lib/python3.10/site-packages/airflow/example_dags/example_branch_operator_decorator.py took 0.056 seconds
[2025-08-14T10:23:51.474+0000] {processor.py:157} INFO - Started process (PID=22949) to work on /home/vscode/.local/lib/python3.10/site-packages/airflow/example_dags/example_branch_operator_decorator.py
[2025-08-14T10:23:51.474+0000] {processor.py:826} INFO - Processing file /home/vscode/.local/lib/python3.10/site-packages/airflow/example_dags/example_branch_operator_decorator.py for tasks to queue
[2025-08-14T10:23:51.475+0000] {logging_mixin.py:150} INFO - [2025-08-14T10:23:51.475+0000] {dagbag.py:541} INFO - Filling up the DagBag from /home/vscode/.local/lib/python3.10/site-packages/airflow/example_dags/example_branch_operator_decorator.py
[2025-08-14T10:23:51.482+0000] {processor.py:836} INFO - DAG(s) dict_keys(['example_branch_python_operator_decorator']) retrieved from /home/vscode/.local/lib/python3.10/site-packages/airflow/example_dags/example_branch_operator_decorator.py
[2025-08-14T10:23:51.495+0000] {logging_mixin.py:150} INFO - [2025-08-14T10:23:51.495+0000] {dag.py:2742} INFO - Sync 1 DAGs
[2025-08-14T10:23:51.511+0000] {logging_mixin.py:150} INFO - [2025-08-14T10:23:51.511+0000] {dag.py:3504} INFO - Setting next_dagrun for example_branch_python_operator_decorator to 2025-08-13T00:00:00+00:00, run_after=2025-08-14T00:00:00+00:00
[2025-08-14T10:23:51.526+0000] {processor.py:179} INFO - Processing /home/vscode/.local/lib/python3.10/site-packages/airflow/example_dags/example_branch_operator_decorator.py took 0.055 seconds
[2025-08-14T10:24:39.749+0000] {processor.py:157} INFO - Started process (PID=23295) to work on /home/vscode/.local/lib/python3.10/site-packages/airflow/example_dags/example_branch_operator_decorator.py
[2025-08-14T10:24:39.749+0000] {processor.py:826} INFO - Processing file /home/vscode/.local/lib/python3.10/site-packages/airflow/example_dags/example_branch_operator_decorator.py for tasks to queue
[2025-08-14T10:24:39.750+0000] {logging_mixin.py:150} INFO - [2025-08-14T10:24:39.750+0000] {dagbag.py:541} INFO - Filling up the DagBag from /home/vscode/.local/lib/python3.10/site-packages/airflow/example_dags/example_branch_operator_decorator.py
[2025-08-14T10:24:39.757+0000] {processor.py:836} INFO - DAG(s) dict_keys(['example_branch_python_operator_decorator']) retrieved from /home/vscode/.local/lib/python3.10/site-packages/airflow/example_dags/example_branch_operator_decorator.py
[2025-08-14T10:24:39.770+0000] {logging_mixin.py:150} INFO - [2025-08-14T10:24:39.770+0000] {dag.py:2742} INFO - Sync 1 DAGs
[2025-08-14T10:24:39.785+0000] {logging_mixin.py:150} INFO - [2025-08-14T10:24:39.785+0000] {dag.py:3504} INFO - Setting next_dagrun for example_branch_python_operator_decorator to 2025-08-13T00:00:00+00:00, run_after=2025-08-14T00:00:00+00:00
[2025-08-14T10:24:39.800+0000] {processor.py:179} INFO - Processing /home/vscode/.local/lib/python3.10/site-packages/airflow/example_dags/example_branch_operator_decorator.py took 0.053 seconds
[2025-08-14T10:25:24.841+0000] {processor.py:157} INFO - Started process (PID=23596) to work on /home/vscode/.local/lib/python3.10/site-packages/airflow/example_dags/example_branch_operator_decorator.py
[2025-08-14T10:25:24.842+0000] {processor.py:826} INFO - Processing file /home/vscode/.local/lib/python3.10/site-packages/airflow/example_dags/example_branch_operator_decorator.py for tasks to queue
[2025-08-14T10:25:24.842+0000] {logging_mixin.py:150} INFO - [2025-08-14T10:25:24.842+0000] {dagbag.py:541} INFO - Filling up the DagBag from /home/vscode/.local/lib/python3.10/site-packages/airflow/example_dags/example_branch_operator_decorator.py
[2025-08-14T10:25:24.850+0000] {processor.py:836} INFO - DAG(s) dict_keys(['example_branch_python_operator_decorator']) retrieved from /home/vscode/.local/lib/python3.10/site-packages/airflow/example_dags/example_branch_operator_decorator.py
[2025-08-14T10:25:24.862+0000] {logging_mixin.py:150} INFO - [2025-08-14T10:25:24.862+0000] {dag.py:2742} INFO - Sync 1 DAGs
[2025-08-14T10:25:24.877+0000] {logging_mixin.py:150} INFO - [2025-08-14T10:25:24.877+0000] {dag.py:3504} INFO - Setting next_dagrun for example_branch_python_operator_decorator to 2025-08-13T00:00:00+00:00, run_after=2025-08-14T00:00:00+00:00
[2025-08-14T10:25:24.892+0000] {processor.py:179} INFO - Processing /home/vscode/.local/lib/python3.10/site-packages/airflow/example_dags/example_branch_operator_decorator.py took 0.053 seconds
[2025-08-14T10:26:11.054+0000] {processor.py:157} INFO - Started process (PID=23909) to work on /home/vscode/.local/lib/python3.10/site-packages/airflow/example_dags/example_branch_operator_decorator.py
[2025-08-14T10:26:11.054+0000] {processor.py:826} INFO - Processing file /home/vscode/.local/lib/python3.10/site-packages/airflow/example_dags/example_branch_operator_decorator.py for tasks to queue
[2025-08-14T10:26:11.055+0000] {logging_mixin.py:150} INFO - [2025-08-14T10:26:11.055+0000] {dagbag.py:541} INFO - Filling up the DagBag from /home/vscode/.local/lib/python3.10/site-packages/airflow/example_dags/example_branch_operator_decorator.py
[2025-08-14T10:26:11.065+0000] {processor.py:836} INFO - DAG(s) dict_keys(['example_branch_python_operator_decorator']) retrieved from /home/vscode/.local/lib/python3.10/site-packages/airflow/example_dags/example_branch_operator_decorator.py
[2025-08-14T10:26:11.083+0000] {logging_mixin.py:150} INFO - [2025-08-14T10:26:11.083+0000] {dag.py:2742} INFO - Sync 1 DAGs
[2025-08-14T10:26:11.104+0000] {logging_mixin.py:150} INFO - [2025-08-14T10:26:11.104+0000] {dag.py:3504} INFO - Setting next_dagrun for example_branch_python_operator_decorator to 2025-08-13T00:00:00+00:00, run_after=2025-08-14T00:00:00+00:00
[2025-08-14T10:26:11.120+0000] {processor.py:179} INFO - Processing /home/vscode/.local/lib/python3.10/site-packages/airflow/example_dags/example_branch_operator_decorator.py took 0.069 seconds
[2025-08-14T10:26:56.168+0000] {processor.py:157} INFO - Started process (PID=24204) to work on /home/vscode/.local/lib/python3.10/site-packages/airflow/example_dags/example_branch_operator_decorator.py
[2025-08-14T10:26:56.169+0000] {processor.py:826} INFO - Processing file /home/vscode/.local/lib/python3.10/site-packages/airflow/example_dags/example_branch_operator_decorator.py for tasks to queue
[2025-08-14T10:26:56.169+0000] {logging_mixin.py:150} INFO - [2025-08-14T10:26:56.169+0000] {dagbag.py:541} INFO - Filling up the DagBag from /home/vscode/.local/lib/python3.10/site-packages/airflow/example_dags/example_branch_operator_decorator.py
[2025-08-14T10:26:56.176+0000] {processor.py:836} INFO - DAG(s) dict_keys(['example_branch_python_operator_decorator']) retrieved from /home/vscode/.local/lib/python3.10/site-packages/airflow/example_dags/example_branch_operator_decorator.py
[2025-08-14T10:26:56.189+0000] {logging_mixin.py:150} INFO - [2025-08-14T10:26:56.189+0000] {dag.py:2742} INFO - Sync 1 DAGs
[2025-08-14T10:26:56.204+0000] {logging_mixin.py:150} INFO - [2025-08-14T10:26:56.204+0000] {dag.py:3504} INFO - Setting next_dagrun for example_branch_python_operator_decorator to 2025-08-13T00:00:00+00:00, run_after=2025-08-14T00:00:00+00:00
[2025-08-14T10:26:56.219+0000] {processor.py:179} INFO - Processing /home/vscode/.local/lib/python3.10/site-packages/airflow/example_dags/example_branch_operator_decorator.py took 0.054 seconds
[2025-08-14T10:27:44.895+0000] {processor.py:157} INFO - Started process (PID=24530) to work on /home/vscode/.local/lib/python3.10/site-packages/airflow/example_dags/example_branch_operator_decorator.py
[2025-08-14T10:27:44.896+0000] {processor.py:826} INFO - Processing file /home/vscode/.local/lib/python3.10/site-packages/airflow/example_dags/example_branch_operator_decorator.py for tasks to queue
[2025-08-14T10:27:44.897+0000] {logging_mixin.py:150} INFO - [2025-08-14T10:27:44.897+0000] {dagbag.py:541} INFO - Filling up the DagBag from /home/vscode/.local/lib/python3.10/site-packages/airflow/example_dags/example_branch_operator_decorator.py
[2025-08-14T10:27:44.907+0000] {processor.py:836} INFO - DAG(s) dict_keys(['example_branch_python_operator_decorator']) retrieved from /home/vscode/.local/lib/python3.10/site-packages/airflow/example_dags/example_branch_operator_decorator.py
[2025-08-14T10:27:44.922+0000] {logging_mixin.py:150} INFO - [2025-08-14T10:27:44.922+0000] {dag.py:2742} INFO - Sync 1 DAGs
[2025-08-14T10:27:44.939+0000] {logging_mixin.py:150} INFO - [2025-08-14T10:27:44.939+0000] {dag.py:3504} INFO - Setting next_dagrun for example_branch_python_operator_decorator to 2025-08-13T00:00:00+00:00, run_after=2025-08-14T00:00:00+00:00
[2025-08-14T10:27:44.955+0000] {processor.py:179} INFO - Processing /home/vscode/.local/lib/python3.10/site-packages/airflow/example_dags/example_branch_operator_decorator.py took 0.063 seconds
[2025-08-14T10:28:30.587+0000] {processor.py:157} INFO - Started process (PID=24839) to work on /home/vscode/.local/lib/python3.10/site-packages/airflow/example_dags/example_branch_operator_decorator.py
[2025-08-14T10:28:30.588+0000] {processor.py:826} INFO - Processing file /home/vscode/.local/lib/python3.10/site-packages/airflow/example_dags/example_branch_operator_decorator.py for tasks to queue
[2025-08-14T10:28:30.588+0000] {logging_mixin.py:150} INFO - [2025-08-14T10:28:30.588+0000] {dagbag.py:541} INFO - Filling up the DagBag from /home/vscode/.local/lib/python3.10/site-packages/airflow/example_dags/example_branch_operator_decorator.py
[2025-08-14T10:28:30.596+0000] {processor.py:836} INFO - DAG(s) dict_keys(['example_branch_python_operator_decorator']) retrieved from /home/vscode/.local/lib/python3.10/site-packages/airflow/example_dags/example_branch_operator_decorator.py
[2025-08-14T10:28:30.609+0000] {logging_mixin.py:150} INFO - [2025-08-14T10:28:30.609+0000] {dag.py:2742} INFO - Sync 1 DAGs
[2025-08-14T10:28:30.625+0000] {logging_mixin.py:150} INFO - [2025-08-14T10:28:30.624+0000] {dag.py:3504} INFO - Setting next_dagrun for example_branch_python_operator_decorator to 2025-08-13T00:00:00+00:00, run_after=2025-08-14T00:00:00+00:00
[2025-08-14T10:28:30.640+0000] {processor.py:179} INFO - Processing /home/vscode/.local/lib/python3.10/site-packages/airflow/example_dags/example_branch_operator_decorator.py took 0.056 seconds
[2025-08-14T10:29:18.934+0000] {processor.py:157} INFO - Started process (PID=25158) to work on /home/vscode/.local/lib/python3.10/site-packages/airflow/example_dags/example_branch_operator_decorator.py
[2025-08-14T10:29:18.935+0000] {processor.py:826} INFO - Processing file /home/vscode/.local/lib/python3.10/site-packages/airflow/example_dags/example_branch_operator_decorator.py for tasks to queue
[2025-08-14T10:29:18.935+0000] {logging_mixin.py:150} INFO - [2025-08-14T10:29:18.935+0000] {dagbag.py:541} INFO - Filling up the DagBag from /home/vscode/.local/lib/python3.10/site-packages/airflow/example_dags/example_branch_operator_decorator.py
[2025-08-14T10:29:18.942+0000] {processor.py:836} INFO - DAG(s) dict_keys(['example_branch_python_operator_decorator']) retrieved from /home/vscode/.local/lib/python3.10/site-packages/airflow/example_dags/example_branch_operator_decorator.py
[2025-08-14T10:29:18.955+0000] {logging_mixin.py:150} INFO - [2025-08-14T10:29:18.955+0000] {dag.py:2742} INFO - Sync 1 DAGs
[2025-08-14T10:29:18.970+0000] {logging_mixin.py:150} INFO - [2025-08-14T10:29:18.970+0000] {dag.py:3504} INFO - Setting next_dagrun for example_branch_python_operator_decorator to 2025-08-13T00:00:00+00:00, run_after=2025-08-14T00:00:00+00:00
[2025-08-14T10:29:18.987+0000] {processor.py:179} INFO - Processing /home/vscode/.local/lib/python3.10/site-packages/airflow/example_dags/example_branch_operator_decorator.py took 0.055 seconds
[2025-08-14T10:30:02.465+0000] {processor.py:157} INFO - Started process (PID=25447) to work on /home/vscode/.local/lib/python3.10/site-packages/airflow/example_dags/example_branch_operator_decorator.py
[2025-08-14T10:30:02.465+0000] {processor.py:826} INFO - Processing file /home/vscode/.local/lib/python3.10/site-packages/airflow/example_dags/example_branch_operator_decorator.py for tasks to queue
[2025-08-14T10:30:02.466+0000] {logging_mixin.py:150} INFO - [2025-08-14T10:30:02.466+0000] {dagbag.py:541} INFO - Filling up the DagBag from /home/vscode/.local/lib/python3.10/site-packages/airflow/example_dags/example_branch_operator_decorator.py
[2025-08-14T10:30:02.474+0000] {processor.py:836} INFO - DAG(s) dict_keys(['example_branch_python_operator_decorator']) retrieved from /home/vscode/.local/lib/python3.10/site-packages/airflow/example_dags/example_branch_operator_decorator.py
[2025-08-14T10:30:02.487+0000] {logging_mixin.py:150} INFO - [2025-08-14T10:30:02.486+0000] {dag.py:2742} INFO - Sync 1 DAGs
[2025-08-14T10:30:02.502+0000] {logging_mixin.py:150} INFO - [2025-08-14T10:30:02.501+0000] {dag.py:3504} INFO - Setting next_dagrun for example_branch_python_operator_decorator to 2025-08-13T00:00:00+00:00, run_after=2025-08-14T00:00:00+00:00
[2025-08-14T10:30:02.517+0000] {processor.py:179} INFO - Processing /home/vscode/.local/lib/python3.10/site-packages/airflow/example_dags/example_branch_operator_decorator.py took 0.054 seconds
[2025-08-14T10:30:52.635+0000] {processor.py:157} INFO - Started process (PID=25783) to work on /home/vscode/.local/lib/python3.10/site-packages/airflow/example_dags/example_branch_operator_decorator.py
[2025-08-14T10:30:52.636+0000] {processor.py:826} INFO - Processing file /home/vscode/.local/lib/python3.10/site-packages/airflow/example_dags/example_branch_operator_decorator.py for tasks to queue
[2025-08-14T10:30:52.636+0000] {logging_mixin.py:150} INFO - [2025-08-14T10:30:52.636+0000] {dagbag.py:541} INFO - Filling up the DagBag from /home/vscode/.local/lib/python3.10/site-packages/airflow/example_dags/example_branch_operator_decorator.py
[2025-08-14T10:30:52.647+0000] {processor.py:836} INFO - DAG(s) dict_keys(['example_branch_python_operator_decorator']) retrieved from /home/vscode/.local/lib/python3.10/site-packages/airflow/example_dags/example_branch_operator_decorator.py
[2025-08-14T10:30:52.667+0000] {logging_mixin.py:150} INFO - [2025-08-14T10:30:52.667+0000] {dag.py:2742} INFO - Sync 1 DAGs
[2025-08-14T10:30:52.685+0000] {logging_mixin.py:150} INFO - [2025-08-14T10:30:52.685+0000] {dag.py:3504} INFO - Setting next_dagrun for example_branch_python_operator_decorator to 2025-08-13T00:00:00+00:00, run_after=2025-08-14T00:00:00+00:00
[2025-08-14T10:30:52.700+0000] {processor.py:179} INFO - Processing /home/vscode/.local/lib/python3.10/site-packages/airflow/example_dags/example_branch_operator_decorator.py took 0.068 seconds
[2025-08-14T10:31:37.853+0000] {processor.py:157} INFO - Started process (PID=26086) to work on /home/vscode/.local/lib/python3.10/site-packages/airflow/example_dags/example_branch_operator_decorator.py
[2025-08-14T10:31:37.854+0000] {processor.py:826} INFO - Processing file /home/vscode/.local/lib/python3.10/site-packages/airflow/example_dags/example_branch_operator_decorator.py for tasks to queue
[2025-08-14T10:31:37.854+0000] {logging_mixin.py:150} INFO - [2025-08-14T10:31:37.854+0000] {dagbag.py:541} INFO - Filling up the DagBag from /home/vscode/.local/lib/python3.10/site-packages/airflow/example_dags/example_branch_operator_decorator.py
[2025-08-14T10:31:37.861+0000] {processor.py:836} INFO - DAG(s) dict_keys(['example_branch_python_operator_decorator']) retrieved from /home/vscode/.local/lib/python3.10/site-packages/airflow/example_dags/example_branch_operator_decorator.py
[2025-08-14T10:31:37.873+0000] {logging_mixin.py:150} INFO - [2025-08-14T10:31:37.873+0000] {dag.py:2742} INFO - Sync 1 DAGs
[2025-08-14T10:31:37.888+0000] {logging_mixin.py:150} INFO - [2025-08-14T10:31:37.888+0000] {dag.py:3504} INFO - Setting next_dagrun for example_branch_python_operator_decorator to 2025-08-13T00:00:00+00:00, run_after=2025-08-14T00:00:00+00:00
[2025-08-14T10:31:37.903+0000] {processor.py:179} INFO - Processing /home/vscode/.local/lib/python3.10/site-packages/airflow/example_dags/example_branch_operator_decorator.py took 0.052 seconds
[2025-08-14T10:32:21.199+0000] {processor.py:157} INFO - Started process (PID=26380) to work on /home/vscode/.local/lib/python3.10/site-packages/airflow/example_dags/example_branch_operator_decorator.py
[2025-08-14T10:32:21.200+0000] {processor.py:826} INFO - Processing file /home/vscode/.local/lib/python3.10/site-packages/airflow/example_dags/example_branch_operator_decorator.py for tasks to queue
[2025-08-14T10:32:21.200+0000] {logging_mixin.py:150} INFO - [2025-08-14T10:32:21.200+0000] {dagbag.py:541} INFO - Filling up the DagBag from /home/vscode/.local/lib/python3.10/site-packages/airflow/example_dags/example_branch_operator_decorator.py
[2025-08-14T10:32:21.207+0000] {processor.py:836} INFO - DAG(s) dict_keys(['example_branch_python_operator_decorator']) retrieved from /home/vscode/.local/lib/python3.10/site-packages/airflow/example_dags/example_branch_operator_decorator.py
[2025-08-14T10:32:21.220+0000] {logging_mixin.py:150} INFO - [2025-08-14T10:32:21.220+0000] {dag.py:2742} INFO - Sync 1 DAGs
[2025-08-14T10:32:21.235+0000] {logging_mixin.py:150} INFO - [2025-08-14T10:32:21.234+0000] {dag.py:3504} INFO - Setting next_dagrun for example_branch_python_operator_decorator to 2025-08-13T00:00:00+00:00, run_after=2025-08-14T00:00:00+00:00
[2025-08-14T10:32:21.250+0000] {processor.py:179} INFO - Processing /home/vscode/.local/lib/python3.10/site-packages/airflow/example_dags/example_branch_operator_decorator.py took 0.054 seconds
[2025-08-14T10:33:17.743+0000] {processor.py:157} INFO - Started process (PID=26820) to work on /home/vscode/.local/lib/python3.10/site-packages/airflow/example_dags/example_branch_operator_decorator.py
[2025-08-14T10:33:17.744+0000] {processor.py:826} INFO - Processing file /home/vscode/.local/lib/python3.10/site-packages/airflow/example_dags/example_branch_operator_decorator.py for tasks to queue
[2025-08-14T10:33:17.745+0000] {logging_mixin.py:150} INFO - [2025-08-14T10:33:17.744+0000] {dagbag.py:541} INFO - Filling up the DagBag from /home/vscode/.local/lib/python3.10/site-packages/airflow/example_dags/example_branch_operator_decorator.py
[2025-08-14T10:33:17.755+0000] {processor.py:836} INFO - DAG(s) dict_keys(['example_branch_python_operator_decorator']) retrieved from /home/vscode/.local/lib/python3.10/site-packages/airflow/example_dags/example_branch_operator_decorator.py
[2025-08-14T10:33:17.772+0000] {logging_mixin.py:150} INFO - [2025-08-14T10:33:17.772+0000] {dag.py:2742} INFO - Sync 1 DAGs
[2025-08-14T10:33:17.787+0000] {logging_mixin.py:150} INFO - [2025-08-14T10:33:17.787+0000] {dag.py:3504} INFO - Setting next_dagrun for example_branch_python_operator_decorator to 2025-08-13T00:00:00+00:00, run_after=2025-08-14T00:00:00+00:00
[2025-08-14T10:33:17.806+0000] {processor.py:179} INFO - Processing /home/vscode/.local/lib/python3.10/site-packages/airflow/example_dags/example_branch_operator_decorator.py took 0.066 seconds
[2025-08-14T10:34:01.738+0000] {processor.py:157} INFO - Started process (PID=27173) to work on /home/vscode/.local/lib/python3.10/site-packages/airflow/example_dags/example_branch_operator_decorator.py
[2025-08-14T10:34:01.739+0000] {processor.py:826} INFO - Processing file /home/vscode/.local/lib/python3.10/site-packages/airflow/example_dags/example_branch_operator_decorator.py for tasks to queue
[2025-08-14T10:34:01.739+0000] {logging_mixin.py:150} INFO - [2025-08-14T10:34:01.739+0000] {dagbag.py:541} INFO - Filling up the DagBag from /home/vscode/.local/lib/python3.10/site-packages/airflow/example_dags/example_branch_operator_decorator.py
[2025-08-14T10:34:01.747+0000] {processor.py:836} INFO - DAG(s) dict_keys(['example_branch_python_operator_decorator']) retrieved from /home/vscode/.local/lib/python3.10/site-packages/airflow/example_dags/example_branch_operator_decorator.py
[2025-08-14T10:34:01.760+0000] {logging_mixin.py:150} INFO - [2025-08-14T10:34:01.760+0000] {dag.py:2742} INFO - Sync 1 DAGs
[2025-08-14T10:34:01.776+0000] {logging_mixin.py:150} INFO - [2025-08-14T10:34:01.776+0000] {dag.py:3504} INFO - Setting next_dagrun for example_branch_python_operator_decorator to 2025-08-13T00:00:00+00:00, run_after=2025-08-14T00:00:00+00:00
[2025-08-14T10:34:01.792+0000] {processor.py:179} INFO - Processing /home/vscode/.local/lib/python3.10/site-packages/airflow/example_dags/example_branch_operator_decorator.py took 0.056 seconds
[2025-08-14T10:34:49.170+0000] {processor.py:157} INFO - Started process (PID=27483) to work on /home/vscode/.local/lib/python3.10/site-packages/airflow/example_dags/example_branch_operator_decorator.py
[2025-08-14T10:34:49.171+0000] {processor.py:826} INFO - Processing file /home/vscode/.local/lib/python3.10/site-packages/airflow/example_dags/example_branch_operator_decorator.py for tasks to queue
[2025-08-14T10:34:49.172+0000] {logging_mixin.py:150} INFO - [2025-08-14T10:34:49.171+0000] {dagbag.py:541} INFO - Filling up the DagBag from /home/vscode/.local/lib/python3.10/site-packages/airflow/example_dags/example_branch_operator_decorator.py
[2025-08-14T10:34:49.179+0000] {processor.py:836} INFO - DAG(s) dict_keys(['example_branch_python_operator_decorator']) retrieved from /home/vscode/.local/lib/python3.10/site-packages/airflow/example_dags/example_branch_operator_decorator.py
[2025-08-14T10:34:49.192+0000] {logging_mixin.py:150} INFO - [2025-08-14T10:34:49.192+0000] {dag.py:2742} INFO - Sync 1 DAGs
[2025-08-14T10:34:49.207+0000] {logging_mixin.py:150} INFO - [2025-08-14T10:34:49.207+0000] {dag.py:3504} INFO - Setting next_dagrun for example_branch_python_operator_decorator to 2025-08-13T00:00:00+00:00, run_after=2025-08-14T00:00:00+00:00
[2025-08-14T10:34:49.222+0000] {processor.py:179} INFO - Processing /home/vscode/.local/lib/python3.10/site-packages/airflow/example_dags/example_branch_operator_decorator.py took 0.054 seconds
[2025-08-14T10:35:34.117+0000] {processor.py:157} INFO - Started process (PID=27785) to work on /home/vscode/.local/lib/python3.10/site-packages/airflow/example_dags/example_branch_operator_decorator.py
[2025-08-14T10:35:34.118+0000] {processor.py:826} INFO - Processing file /home/vscode/.local/lib/python3.10/site-packages/airflow/example_dags/example_branch_operator_decorator.py for tasks to queue
[2025-08-14T10:35:34.119+0000] {logging_mixin.py:150} INFO - [2025-08-14T10:35:34.119+0000] {dagbag.py:541} INFO - Filling up the DagBag from /home/vscode/.local/lib/python3.10/site-packages/airflow/example_dags/example_branch_operator_decorator.py
[2025-08-14T10:35:34.126+0000] {processor.py:836} INFO - DAG(s) dict_keys(['example_branch_python_operator_decorator']) retrieved from /home/vscode/.local/lib/python3.10/site-packages/airflow/example_dags/example_branch_operator_decorator.py
[2025-08-14T10:35:34.140+0000] {logging_mixin.py:150} INFO - [2025-08-14T10:35:34.140+0000] {dag.py:2742} INFO - Sync 1 DAGs
[2025-08-14T10:35:34.156+0000] {logging_mixin.py:150} INFO - [2025-08-14T10:35:34.155+0000] {dag.py:3504} INFO - Setting next_dagrun for example_branch_python_operator_decorator to 2025-08-13T00:00:00+00:00, run_after=2025-08-14T00:00:00+00:00
[2025-08-14T10:35:34.171+0000] {processor.py:179} INFO - Processing /home/vscode/.local/lib/python3.10/site-packages/airflow/example_dags/example_branch_operator_decorator.py took 0.057 seconds
[2025-08-14T10:36:19.766+0000] {processor.py:157} INFO - Started process (PID=28086) to work on /home/vscode/.local/lib/python3.10/site-packages/airflow/example_dags/example_branch_operator_decorator.py
[2025-08-14T10:36:19.767+0000] {processor.py:826} INFO - Processing file /home/vscode/.local/lib/python3.10/site-packages/airflow/example_dags/example_branch_operator_decorator.py for tasks to queue
[2025-08-14T10:36:19.767+0000] {logging_mixin.py:150} INFO - [2025-08-14T10:36:19.767+0000] {dagbag.py:541} INFO - Filling up the DagBag from /home/vscode/.local/lib/python3.10/site-packages/airflow/example_dags/example_branch_operator_decorator.py
[2025-08-14T10:36:19.774+0000] {processor.py:836} INFO - DAG(s) dict_keys(['example_branch_python_operator_decorator']) retrieved from /home/vscode/.local/lib/python3.10/site-packages/airflow/example_dags/example_branch_operator_decorator.py
[2025-08-14T10:36:19.788+0000] {logging_mixin.py:150} INFO - [2025-08-14T10:36:19.788+0000] {dag.py:2742} INFO - Sync 1 DAGs
[2025-08-14T10:36:19.802+0000] {logging_mixin.py:150} INFO - [2025-08-14T10:36:19.802+0000] {dag.py:3504} INFO - Setting next_dagrun for example_branch_python_operator_decorator to 2025-08-13T00:00:00+00:00, run_after=2025-08-14T00:00:00+00:00
[2025-08-14T10:36:19.818+0000] {processor.py:179} INFO - Processing /home/vscode/.local/lib/python3.10/site-packages/airflow/example_dags/example_branch_operator_decorator.py took 0.054 seconds
[2025-08-14T10:37:08.790+0000] {processor.py:157} INFO - Started process (PID=28415) to work on /home/vscode/.local/lib/python3.10/site-packages/airflow/example_dags/example_branch_operator_decorator.py
[2025-08-14T10:37:08.791+0000] {processor.py:826} INFO - Processing file /home/vscode/.local/lib/python3.10/site-packages/airflow/example_dags/example_branch_operator_decorator.py for tasks to queue
[2025-08-14T10:37:08.791+0000] {logging_mixin.py:150} INFO - [2025-08-14T10:37:08.791+0000] {dagbag.py:541} INFO - Filling up the DagBag from /home/vscode/.local/lib/python3.10/site-packages/airflow/example_dags/example_branch_operator_decorator.py
[2025-08-14T10:37:08.798+0000] {processor.py:836} INFO - DAG(s) dict_keys(['example_branch_python_operator_decorator']) retrieved from /home/vscode/.local/lib/python3.10/site-packages/airflow/example_dags/example_branch_operator_decorator.py
[2025-08-14T10:37:08.811+0000] {logging_mixin.py:150} INFO - [2025-08-14T10:37:08.811+0000] {dag.py:2742} INFO - Sync 1 DAGs
[2025-08-14T10:37:08.826+0000] {logging_mixin.py:150} INFO - [2025-08-14T10:37:08.826+0000] {dag.py:3504} INFO - Setting next_dagrun for example_branch_python_operator_decorator to 2025-08-13T00:00:00+00:00, run_after=2025-08-14T00:00:00+00:00
[2025-08-14T10:37:08.840+0000] {processor.py:179} INFO - Processing /home/vscode/.local/lib/python3.10/site-packages/airflow/example_dags/example_branch_operator_decorator.py took 0.053 seconds
[2025-08-14T10:37:55.600+0000] {processor.py:157} INFO - Started process (PID=28727) to work on /home/vscode/.local/lib/python3.10/site-packages/airflow/example_dags/example_branch_operator_decorator.py
[2025-08-14T10:37:55.600+0000] {processor.py:826} INFO - Processing file /home/vscode/.local/lib/python3.10/site-packages/airflow/example_dags/example_branch_operator_decorator.py for tasks to queue
[2025-08-14T10:37:55.601+0000] {logging_mixin.py:150} INFO - [2025-08-14T10:37:55.601+0000] {dagbag.py:541} INFO - Filling up the DagBag from /home/vscode/.local/lib/python3.10/site-packages/airflow/example_dags/example_branch_operator_decorator.py
[2025-08-14T10:37:55.608+0000] {processor.py:836} INFO - DAG(s) dict_keys(['example_branch_python_operator_decorator']) retrieved from /home/vscode/.local/lib/python3.10/site-packages/airflow/example_dags/example_branch_operator_decorator.py
[2025-08-14T10:37:55.621+0000] {logging_mixin.py:150} INFO - [2025-08-14T10:37:55.621+0000] {dag.py:2742} INFO - Sync 1 DAGs
[2025-08-14T10:37:55.637+0000] {logging_mixin.py:150} INFO - [2025-08-14T10:37:55.636+0000] {dag.py:3504} INFO - Setting next_dagrun for example_branch_python_operator_decorator to 2025-08-13T00:00:00+00:00, run_after=2025-08-14T00:00:00+00:00
[2025-08-14T10:37:55.652+0000] {processor.py:179} INFO - Processing /home/vscode/.local/lib/python3.10/site-packages/airflow/example_dags/example_branch_operator_decorator.py took 0.054 seconds
[2025-08-14T10:38:41.267+0000] {processor.py:157} INFO - Started process (PID=29031) to work on /home/vscode/.local/lib/python3.10/site-packages/airflow/example_dags/example_branch_operator_decorator.py
[2025-08-14T10:38:41.267+0000] {processor.py:826} INFO - Processing file /home/vscode/.local/lib/python3.10/site-packages/airflow/example_dags/example_branch_operator_decorator.py for tasks to queue
[2025-08-14T10:38:41.268+0000] {logging_mixin.py:150} INFO - [2025-08-14T10:38:41.268+0000] {dagbag.py:541} INFO - Filling up the DagBag from /home/vscode/.local/lib/python3.10/site-packages/airflow/example_dags/example_branch_operator_decorator.py
[2025-08-14T10:38:41.275+0000] {processor.py:836} INFO - DAG(s) dict_keys(['example_branch_python_operator_decorator']) retrieved from /home/vscode/.local/lib/python3.10/site-packages/airflow/example_dags/example_branch_operator_decorator.py
[2025-08-14T10:38:41.288+0000] {logging_mixin.py:150} INFO - [2025-08-14T10:38:41.288+0000] {dag.py:2742} INFO - Sync 1 DAGs
[2025-08-14T10:38:41.303+0000] {logging_mixin.py:150} INFO - [2025-08-14T10:38:41.303+0000] {dag.py:3504} INFO - Setting next_dagrun for example_branch_python_operator_decorator to 2025-08-13T00:00:00+00:00, run_after=2025-08-14T00:00:00+00:00
[2025-08-14T10:38:41.317+0000] {processor.py:179} INFO - Processing /home/vscode/.local/lib/python3.10/site-packages/airflow/example_dags/example_branch_operator_decorator.py took 0.053 seconds
[2025-08-14T10:39:30.499+0000] {processor.py:157} INFO - Started process (PID=29358) to work on /home/vscode/.local/lib/python3.10/site-packages/airflow/example_dags/example_branch_operator_decorator.py
[2025-08-14T10:39:30.499+0000] {processor.py:826} INFO - Processing file /home/vscode/.local/lib/python3.10/site-packages/airflow/example_dags/example_branch_operator_decorator.py for tasks to queue
[2025-08-14T10:39:30.500+0000] {logging_mixin.py:150} INFO - [2025-08-14T10:39:30.500+0000] {dagbag.py:541} INFO - Filling up the DagBag from /home/vscode/.local/lib/python3.10/site-packages/airflow/example_dags/example_branch_operator_decorator.py
[2025-08-14T10:39:30.507+0000] {processor.py:836} INFO - DAG(s) dict_keys(['example_branch_python_operator_decorator']) retrieved from /home/vscode/.local/lib/python3.10/site-packages/airflow/example_dags/example_branch_operator_decorator.py
[2025-08-14T10:39:30.520+0000] {logging_mixin.py:150} INFO - [2025-08-14T10:39:30.519+0000] {dag.py:2742} INFO - Sync 1 DAGs
[2025-08-14T10:39:30.534+0000] {logging_mixin.py:150} INFO - [2025-08-14T10:39:30.534+0000] {dag.py:3504} INFO - Setting next_dagrun for example_branch_python_operator_decorator to 2025-08-13T00:00:00+00:00, run_after=2025-08-14T00:00:00+00:00
[2025-08-14T10:39:30.549+0000] {processor.py:179} INFO - Processing /home/vscode/.local/lib/python3.10/site-packages/airflow/example_dags/example_branch_operator_decorator.py took 0.052 seconds
[2025-08-14T10:40:17.344+0000] {processor.py:157} INFO - Started process (PID=29675) to work on /home/vscode/.local/lib/python3.10/site-packages/airflow/example_dags/example_branch_operator_decorator.py
[2025-08-14T10:40:17.345+0000] {processor.py:826} INFO - Processing file /home/vscode/.local/lib/python3.10/site-packages/airflow/example_dags/example_branch_operator_decorator.py for tasks to queue
[2025-08-14T10:40:17.346+0000] {logging_mixin.py:150} INFO - [2025-08-14T10:40:17.345+0000] {dagbag.py:541} INFO - Filling up the DagBag from /home/vscode/.local/lib/python3.10/site-packages/airflow/example_dags/example_branch_operator_decorator.py
[2025-08-14T10:40:17.353+0000] {processor.py:836} INFO - DAG(s) dict_keys(['example_branch_python_operator_decorator']) retrieved from /home/vscode/.local/lib/python3.10/site-packages/airflow/example_dags/example_branch_operator_decorator.py
[2025-08-14T10:40:17.366+0000] {logging_mixin.py:150} INFO - [2025-08-14T10:40:17.366+0000] {dag.py:2742} INFO - Sync 1 DAGs
[2025-08-14T10:40:17.381+0000] {logging_mixin.py:150} INFO - [2025-08-14T10:40:17.381+0000] {dag.py:3504} INFO - Setting next_dagrun for example_branch_python_operator_decorator to 2025-08-13T00:00:00+00:00, run_after=2025-08-14T00:00:00+00:00
[2025-08-14T10:40:17.397+0000] {processor.py:179} INFO - Processing /home/vscode/.local/lib/python3.10/site-packages/airflow/example_dags/example_branch_operator_decorator.py took 0.054 seconds
[2025-08-14T10:41:06.324+0000] {processor.py:157} INFO - Started process (PID=30001) to work on /home/vscode/.local/lib/python3.10/site-packages/airflow/example_dags/example_branch_operator_decorator.py
[2025-08-14T10:41:06.324+0000] {processor.py:826} INFO - Processing file /home/vscode/.local/lib/python3.10/site-packages/airflow/example_dags/example_branch_operator_decorator.py for tasks to queue
[2025-08-14T10:41:06.325+0000] {logging_mixin.py:150} INFO - [2025-08-14T10:41:06.325+0000] {dagbag.py:541} INFO - Filling up the DagBag from /home/vscode/.local/lib/python3.10/site-packages/airflow/example_dags/example_branch_operator_decorator.py
[2025-08-14T10:41:06.332+0000] {processor.py:836} INFO - DAG(s) dict_keys(['example_branch_python_operator_decorator']) retrieved from /home/vscode/.local/lib/python3.10/site-packages/airflow/example_dags/example_branch_operator_decorator.py
[2025-08-14T10:41:06.345+0000] {logging_mixin.py:150} INFO - [2025-08-14T10:41:06.345+0000] {dag.py:2742} INFO - Sync 1 DAGs
[2025-08-14T10:41:06.360+0000] {logging_mixin.py:150} INFO - [2025-08-14T10:41:06.360+0000] {dag.py:3504} INFO - Setting next_dagrun for example_branch_python_operator_decorator to 2025-08-13T00:00:00+00:00, run_after=2025-08-14T00:00:00+00:00
[2025-08-14T10:41:06.374+0000] {processor.py:179} INFO - Processing /home/vscode/.local/lib/python3.10/site-packages/airflow/example_dags/example_branch_operator_decorator.py took 0.053 seconds
[2025-08-14T10:41:54.344+0000] {processor.py:157} INFO - Started process (PID=30325) to work on /home/vscode/.local/lib/python3.10/site-packages/airflow/example_dags/example_branch_operator_decorator.py
[2025-08-14T10:41:54.345+0000] {processor.py:826} INFO - Processing file /home/vscode/.local/lib/python3.10/site-packages/airflow/example_dags/example_branch_operator_decorator.py for tasks to queue
[2025-08-14T10:41:54.346+0000] {logging_mixin.py:150} INFO - [2025-08-14T10:41:54.345+0000] {dagbag.py:541} INFO - Filling up the DagBag from /home/vscode/.local/lib/python3.10/site-packages/airflow/example_dags/example_branch_operator_decorator.py
[2025-08-14T10:41:54.356+0000] {processor.py:836} INFO - DAG(s) dict_keys(['example_branch_python_operator_decorator']) retrieved from /home/vscode/.local/lib/python3.10/site-packages/airflow/example_dags/example_branch_operator_decorator.py
[2025-08-14T10:41:54.377+0000] {logging_mixin.py:150} INFO - [2025-08-14T10:41:54.377+0000] {dag.py:2742} INFO - Sync 1 DAGs
[2025-08-14T10:41:54.393+0000] {logging_mixin.py:150} INFO - [2025-08-14T10:41:54.392+0000] {dag.py:3504} INFO - Setting next_dagrun for example_branch_python_operator_decorator to 2025-08-13T00:00:00+00:00, run_after=2025-08-14T00:00:00+00:00
[2025-08-14T10:41:54.409+0000] {processor.py:179} INFO - Processing /home/vscode/.local/lib/python3.10/site-packages/airflow/example_dags/example_branch_operator_decorator.py took 0.068 seconds
[2025-08-14T10:42:42.726+0000] {processor.py:157} INFO - Started process (PID=30633) to work on /home/vscode/.local/lib/python3.10/site-packages/airflow/example_dags/example_branch_operator_decorator.py
[2025-08-14T10:42:42.726+0000] {processor.py:826} INFO - Processing file /home/vscode/.local/lib/python3.10/site-packages/airflow/example_dags/example_branch_operator_decorator.py for tasks to queue
[2025-08-14T10:42:42.727+0000] {logging_mixin.py:150} INFO - [2025-08-14T10:42:42.727+0000] {dagbag.py:541} INFO - Filling up the DagBag from /home/vscode/.local/lib/python3.10/site-packages/airflow/example_dags/example_branch_operator_decorator.py
[2025-08-14T10:42:42.734+0000] {processor.py:836} INFO - DAG(s) dict_keys(['example_branch_python_operator_decorator']) retrieved from /home/vscode/.local/lib/python3.10/site-packages/airflow/example_dags/example_branch_operator_decorator.py
[2025-08-14T10:42:42.747+0000] {logging_mixin.py:150} INFO - [2025-08-14T10:42:42.747+0000] {dag.py:2742} INFO - Sync 1 DAGs
[2025-08-14T10:42:42.762+0000] {logging_mixin.py:150} INFO - [2025-08-14T10:42:42.762+0000] {dag.py:3504} INFO - Setting next_dagrun for example_branch_python_operator_decorator to 2025-08-13T00:00:00+00:00, run_after=2025-08-14T00:00:00+00:00
[2025-08-14T10:42:42.777+0000] {processor.py:179} INFO - Processing /home/vscode/.local/lib/python3.10/site-packages/airflow/example_dags/example_branch_operator_decorator.py took 0.054 seconds
[2025-08-14T10:43:28.988+0000] {processor.py:157} INFO - Started process (PID=30948) to work on /home/vscode/.local/lib/python3.10/site-packages/airflow/example_dags/example_branch_operator_decorator.py
[2025-08-14T10:43:28.988+0000] {processor.py:826} INFO - Processing file /home/vscode/.local/lib/python3.10/site-packages/airflow/example_dags/example_branch_operator_decorator.py for tasks to queue
[2025-08-14T10:43:28.989+0000] {logging_mixin.py:150} INFO - [2025-08-14T10:43:28.989+0000] {dagbag.py:541} INFO - Filling up the DagBag from /home/vscode/.local/lib/python3.10/site-packages/airflow/example_dags/example_branch_operator_decorator.py
[2025-08-14T10:43:28.999+0000] {processor.py:836} INFO - DAG(s) dict_keys(['example_branch_python_operator_decorator']) retrieved from /home/vscode/.local/lib/python3.10/site-packages/airflow/example_dags/example_branch_operator_decorator.py
[2025-08-14T10:43:29.014+0000] {logging_mixin.py:150} INFO - [2025-08-14T10:43:29.014+0000] {dag.py:2742} INFO - Sync 1 DAGs
[2025-08-14T10:43:29.029+0000] {logging_mixin.py:150} INFO - [2025-08-14T10:43:29.029+0000] {dag.py:3504} INFO - Setting next_dagrun for example_branch_python_operator_decorator to 2025-08-13T00:00:00+00:00, run_after=2025-08-14T00:00:00+00:00
[2025-08-14T10:43:29.044+0000] {processor.py:179} INFO - Processing /home/vscode/.local/lib/python3.10/site-packages/airflow/example_dags/example_branch_operator_decorator.py took 0.059 seconds
[2025-08-14T10:44:16.104+0000] {processor.py:157} INFO - Started process (PID=31267) to work on /home/vscode/.local/lib/python3.10/site-packages/airflow/example_dags/example_branch_operator_decorator.py
[2025-08-14T10:44:16.104+0000] {processor.py:826} INFO - Processing file /home/vscode/.local/lib/python3.10/site-packages/airflow/example_dags/example_branch_operator_decorator.py for tasks to queue
[2025-08-14T10:44:16.105+0000] {logging_mixin.py:150} INFO - [2025-08-14T10:44:16.105+0000] {dagbag.py:541} INFO - Filling up the DagBag from /home/vscode/.local/lib/python3.10/site-packages/airflow/example_dags/example_branch_operator_decorator.py
[2025-08-14T10:44:16.112+0000] {processor.py:836} INFO - DAG(s) dict_keys(['example_branch_python_operator_decorator']) retrieved from /home/vscode/.local/lib/python3.10/site-packages/airflow/example_dags/example_branch_operator_decorator.py
[2025-08-14T10:44:16.125+0000] {logging_mixin.py:150} INFO - [2025-08-14T10:44:16.125+0000] {dag.py:2742} INFO - Sync 1 DAGs
[2025-08-14T10:44:16.140+0000] {logging_mixin.py:150} INFO - [2025-08-14T10:44:16.140+0000] {dag.py:3504} INFO - Setting next_dagrun for example_branch_python_operator_decorator to 2025-08-13T00:00:00+00:00, run_after=2025-08-14T00:00:00+00:00
[2025-08-14T10:44:16.155+0000] {processor.py:179} INFO - Processing /home/vscode/.local/lib/python3.10/site-packages/airflow/example_dags/example_branch_operator_decorator.py took 0.053 seconds
[2025-08-14T10:45:04.321+0000] {processor.py:157} INFO - Started process (PID=31585) to work on /home/vscode/.local/lib/python3.10/site-packages/airflow/example_dags/example_branch_operator_decorator.py
[2025-08-14T10:45:04.322+0000] {processor.py:826} INFO - Processing file /home/vscode/.local/lib/python3.10/site-packages/airflow/example_dags/example_branch_operator_decorator.py for tasks to queue
[2025-08-14T10:45:04.323+0000] {logging_mixin.py:150} INFO - [2025-08-14T10:45:04.322+0000] {dagbag.py:541} INFO - Filling up the DagBag from /home/vscode/.local/lib/python3.10/site-packages/airflow/example_dags/example_branch_operator_decorator.py
[2025-08-14T10:45:04.330+0000] {processor.py:836} INFO - DAG(s) dict_keys(['example_branch_python_operator_decorator']) retrieved from /home/vscode/.local/lib/python3.10/site-packages/airflow/example_dags/example_branch_operator_decorator.py
[2025-08-14T10:45:04.343+0000] {logging_mixin.py:150} INFO - [2025-08-14T10:45:04.343+0000] {dag.py:2742} INFO - Sync 1 DAGs
[2025-08-14T10:45:04.358+0000] {logging_mixin.py:150} INFO - [2025-08-14T10:45:04.358+0000] {dag.py:3504} INFO - Setting next_dagrun for example_branch_python_operator_decorator to 2025-08-13T00:00:00+00:00, run_after=2025-08-14T00:00:00+00:00
[2025-08-14T10:45:04.374+0000] {processor.py:179} INFO - Processing /home/vscode/.local/lib/python3.10/site-packages/airflow/example_dags/example_branch_operator_decorator.py took 0.055 seconds
[2025-08-14T10:45:50.315+0000] {processor.py:157} INFO - Started process (PID=31890) to work on /home/vscode/.local/lib/python3.10/site-packages/airflow/example_dags/example_branch_operator_decorator.py
[2025-08-14T10:45:50.316+0000] {processor.py:826} INFO - Processing file /home/vscode/.local/lib/python3.10/site-packages/airflow/example_dags/example_branch_operator_decorator.py for tasks to queue
[2025-08-14T10:45:50.316+0000] {logging_mixin.py:150} INFO - [2025-08-14T10:45:50.316+0000] {dagbag.py:541} INFO - Filling up the DagBag from /home/vscode/.local/lib/python3.10/site-packages/airflow/example_dags/example_branch_operator_decorator.py
[2025-08-14T10:45:50.324+0000] {processor.py:836} INFO - DAG(s) dict_keys(['example_branch_python_operator_decorator']) retrieved from /home/vscode/.local/lib/python3.10/site-packages/airflow/example_dags/example_branch_operator_decorator.py
[2025-08-14T10:45:50.339+0000] {logging_mixin.py:150} INFO - [2025-08-14T10:45:50.339+0000] {dag.py:2742} INFO - Sync 1 DAGs
[2025-08-14T10:45:50.359+0000] {logging_mixin.py:150} INFO - [2025-08-14T10:45:50.359+0000] {dag.py:3504} INFO - Setting next_dagrun for example_branch_python_operator_decorator to 2025-08-13T00:00:00+00:00, run_after=2025-08-14T00:00:00+00:00
[2025-08-14T10:45:50.375+0000] {processor.py:179} INFO - Processing /home/vscode/.local/lib/python3.10/site-packages/airflow/example_dags/example_branch_operator_decorator.py took 0.062 seconds
[2025-08-14T10:46:36.760+0000] {processor.py:157} INFO - Started process (PID=32206) to work on /home/vscode/.local/lib/python3.10/site-packages/airflow/example_dags/example_branch_operator_decorator.py
[2025-08-14T10:46:36.761+0000] {processor.py:826} INFO - Processing file /home/vscode/.local/lib/python3.10/site-packages/airflow/example_dags/example_branch_operator_decorator.py for tasks to queue
[2025-08-14T10:46:36.761+0000] {logging_mixin.py:150} INFO - [2025-08-14T10:46:36.761+0000] {dagbag.py:541} INFO - Filling up the DagBag from /home/vscode/.local/lib/python3.10/site-packages/airflow/example_dags/example_branch_operator_decorator.py
[2025-08-14T10:46:36.769+0000] {processor.py:836} INFO - DAG(s) dict_keys(['example_branch_python_operator_decorator']) retrieved from /home/vscode/.local/lib/python3.10/site-packages/airflow/example_dags/example_branch_operator_decorator.py
[2025-08-14T10:46:36.782+0000] {logging_mixin.py:150} INFO - [2025-08-14T10:46:36.781+0000] {dag.py:2742} INFO - Sync 1 DAGs
[2025-08-14T10:46:36.801+0000] {logging_mixin.py:150} INFO - [2025-08-14T10:46:36.801+0000] {dag.py:3504} INFO - Setting next_dagrun for example_branch_python_operator_decorator to 2025-08-13T00:00:00+00:00, run_after=2025-08-14T00:00:00+00:00
[2025-08-14T10:46:36.817+0000] {processor.py:179} INFO - Processing /home/vscode/.local/lib/python3.10/site-packages/airflow/example_dags/example_branch_operator_decorator.py took 0.059 seconds
[2025-08-14T10:47:21.286+0000] {processor.py:157} INFO - Started process (PID=32496) to work on /home/vscode/.local/lib/python3.10/site-packages/airflow/example_dags/example_branch_operator_decorator.py
[2025-08-14T10:47:21.287+0000] {processor.py:826} INFO - Processing file /home/vscode/.local/lib/python3.10/site-packages/airflow/example_dags/example_branch_operator_decorator.py for tasks to queue
[2025-08-14T10:47:21.287+0000] {logging_mixin.py:150} INFO - [2025-08-14T10:47:21.287+0000] {dagbag.py:541} INFO - Filling up the DagBag from /home/vscode/.local/lib/python3.10/site-packages/airflow/example_dags/example_branch_operator_decorator.py
[2025-08-14T10:47:21.295+0000] {processor.py:836} INFO - DAG(s) dict_keys(['example_branch_python_operator_decorator']) retrieved from /home/vscode/.local/lib/python3.10/site-packages/airflow/example_dags/example_branch_operator_decorator.py
[2025-08-14T10:47:21.308+0000] {logging_mixin.py:150} INFO - [2025-08-14T10:47:21.308+0000] {dag.py:2742} INFO - Sync 1 DAGs
[2025-08-14T10:47:21.327+0000] {logging_mixin.py:150} INFO - [2025-08-14T10:47:21.327+0000] {dag.py:3504} INFO - Setting next_dagrun for example_branch_python_operator_decorator to 2025-08-13T00:00:00+00:00, run_after=2025-08-14T00:00:00+00:00
[2025-08-14T10:47:21.349+0000] {processor.py:179} INFO - Processing /home/vscode/.local/lib/python3.10/site-packages/airflow/example_dags/example_branch_operator_decorator.py took 0.065 seconds
[2025-08-14T10:48:16.427+0000] {processor.py:157} INFO - Started process (PID=32867) to work on /home/vscode/.local/lib/python3.10/site-packages/airflow/example_dags/example_branch_operator_decorator.py
[2025-08-14T10:48:16.428+0000] {processor.py:826} INFO - Processing file /home/vscode/.local/lib/python3.10/site-packages/airflow/example_dags/example_branch_operator_decorator.py for tasks to queue
[2025-08-14T10:48:16.428+0000] {logging_mixin.py:150} INFO - [2025-08-14T10:48:16.428+0000] {dagbag.py:541} INFO - Filling up the DagBag from /home/vscode/.local/lib/python3.10/site-packages/airflow/example_dags/example_branch_operator_decorator.py
[2025-08-14T10:48:16.436+0000] {processor.py:836} INFO - DAG(s) dict_keys(['example_branch_python_operator_decorator']) retrieved from /home/vscode/.local/lib/python3.10/site-packages/airflow/example_dags/example_branch_operator_decorator.py
[2025-08-14T10:48:16.449+0000] {logging_mixin.py:150} INFO - [2025-08-14T10:48:16.449+0000] {dag.py:2742} INFO - Sync 1 DAGs
[2025-08-14T10:48:16.464+0000] {logging_mixin.py:150} INFO - [2025-08-14T10:48:16.464+0000] {dag.py:3504} INFO - Setting next_dagrun for example_branch_python_operator_decorator to 2025-08-13T00:00:00+00:00, run_after=2025-08-14T00:00:00+00:00
[2025-08-14T10:48:16.479+0000] {processor.py:179} INFO - Processing /home/vscode/.local/lib/python3.10/site-packages/airflow/example_dags/example_branch_operator_decorator.py took 0.054 seconds
[2025-08-14T10:49:03.677+0000] {processor.py:157} INFO - Started process (PID=33179) to work on /home/vscode/.local/lib/python3.10/site-packages/airflow/example_dags/example_branch_operator_decorator.py
[2025-08-14T10:49:03.678+0000] {processor.py:826} INFO - Processing file /home/vscode/.local/lib/python3.10/site-packages/airflow/example_dags/example_branch_operator_decorator.py for tasks to queue
[2025-08-14T10:49:03.679+0000] {logging_mixin.py:150} INFO - [2025-08-14T10:49:03.679+0000] {dagbag.py:541} INFO - Filling up the DagBag from /home/vscode/.local/lib/python3.10/site-packages/airflow/example_dags/example_branch_operator_decorator.py
[2025-08-14T10:49:03.687+0000] {processor.py:836} INFO - DAG(s) dict_keys(['example_branch_python_operator_decorator']) retrieved from /home/vscode/.local/lib/python3.10/site-packages/airflow/example_dags/example_branch_operator_decorator.py
[2025-08-14T10:49:03.700+0000] {logging_mixin.py:150} INFO - [2025-08-14T10:49:03.700+0000] {dag.py:2742} INFO - Sync 1 DAGs
[2025-08-14T10:49:03.716+0000] {logging_mixin.py:150} INFO - [2025-08-14T10:49:03.715+0000] {dag.py:3504} INFO - Setting next_dagrun for example_branch_python_operator_decorator to 2025-08-13T00:00:00+00:00, run_after=2025-08-14T00:00:00+00:00
[2025-08-14T10:49:03.730+0000] {processor.py:179} INFO - Processing /home/vscode/.local/lib/python3.10/site-packages/airflow/example_dags/example_branch_operator_decorator.py took 0.056 seconds
[2025-08-14T10:49:48.933+0000] {processor.py:157} INFO - Started process (PID=33481) to work on /home/vscode/.local/lib/python3.10/site-packages/airflow/example_dags/example_branch_operator_decorator.py
[2025-08-14T10:49:48.934+0000] {processor.py:826} INFO - Processing file /home/vscode/.local/lib/python3.10/site-packages/airflow/example_dags/example_branch_operator_decorator.py for tasks to queue
[2025-08-14T10:49:48.935+0000] {logging_mixin.py:150} INFO - [2025-08-14T10:49:48.935+0000] {dagbag.py:541} INFO - Filling up the DagBag from /home/vscode/.local/lib/python3.10/site-packages/airflow/example_dags/example_branch_operator_decorator.py
[2025-08-14T10:49:48.944+0000] {processor.py:836} INFO - DAG(s) dict_keys(['example_branch_python_operator_decorator']) retrieved from /home/vscode/.local/lib/python3.10/site-packages/airflow/example_dags/example_branch_operator_decorator.py
[2025-08-14T10:49:48.958+0000] {logging_mixin.py:150} INFO - [2025-08-14T10:49:48.958+0000] {dag.py:2742} INFO - Sync 1 DAGs
[2025-08-14T10:49:48.976+0000] {logging_mixin.py:150} INFO - [2025-08-14T10:49:48.975+0000] {dag.py:3504} INFO - Setting next_dagrun for example_branch_python_operator_decorator to 2025-08-13T00:00:00+00:00, run_after=2025-08-14T00:00:00+00:00
[2025-08-14T10:49:48.996+0000] {processor.py:179} INFO - Processing /home/vscode/.local/lib/python3.10/site-packages/airflow/example_dags/example_branch_operator_decorator.py took 0.065 seconds
[2025-08-14T10:50:39.125+0000] {processor.py:157} INFO - Started process (PID=33817) to work on /home/vscode/.local/lib/python3.10/site-packages/airflow/example_dags/example_branch_operator_decorator.py
[2025-08-14T10:50:39.125+0000] {processor.py:826} INFO - Processing file /home/vscode/.local/lib/python3.10/site-packages/airflow/example_dags/example_branch_operator_decorator.py for tasks to queue
[2025-08-14T10:50:39.126+0000] {logging_mixin.py:150} INFO - [2025-08-14T10:50:39.126+0000] {dagbag.py:541} INFO - Filling up the DagBag from /home/vscode/.local/lib/python3.10/site-packages/airflow/example_dags/example_branch_operator_decorator.py
[2025-08-14T10:50:39.133+0000] {processor.py:836} INFO - DAG(s) dict_keys(['example_branch_python_operator_decorator']) retrieved from /home/vscode/.local/lib/python3.10/site-packages/airflow/example_dags/example_branch_operator_decorator.py
[2025-08-14T10:50:39.147+0000] {logging_mixin.py:150} INFO - [2025-08-14T10:50:39.147+0000] {dag.py:2742} INFO - Sync 1 DAGs
[2025-08-14T10:50:39.162+0000] {logging_mixin.py:150} INFO - [2025-08-14T10:50:39.162+0000] {dag.py:3504} INFO - Setting next_dagrun for example_branch_python_operator_decorator to 2025-08-13T00:00:00+00:00, run_after=2025-08-14T00:00:00+00:00
[2025-08-14T10:50:39.177+0000] {processor.py:179} INFO - Processing /home/vscode/.local/lib/python3.10/site-packages/airflow/example_dags/example_branch_operator_decorator.py took 0.055 seconds
[2025-08-14T10:51:41.885+0000] {processor.py:157} INFO - Started process (PID=34231) to work on /home/vscode/.local/lib/python3.10/site-packages/airflow/example_dags/example_branch_operator_decorator.py
[2025-08-14T10:51:41.885+0000] {processor.py:826} INFO - Processing file /home/vscode/.local/lib/python3.10/site-packages/airflow/example_dags/example_branch_operator_decorator.py for tasks to queue
[2025-08-14T10:51:41.886+0000] {logging_mixin.py:150} INFO - [2025-08-14T10:51:41.886+0000] {dagbag.py:541} INFO - Filling up the DagBag from /home/vscode/.local/lib/python3.10/site-packages/airflow/example_dags/example_branch_operator_decorator.py
[2025-08-14T10:51:41.895+0000] {processor.py:836} INFO - DAG(s) dict_keys(['example_branch_python_operator_decorator']) retrieved from /home/vscode/.local/lib/python3.10/site-packages/airflow/example_dags/example_branch_operator_decorator.py
[2025-08-14T10:51:41.913+0000] {logging_mixin.py:150} INFO - [2025-08-14T10:51:41.913+0000] {dag.py:2742} INFO - Sync 1 DAGs
[2025-08-14T10:51:41.937+0000] {logging_mixin.py:150} INFO - [2025-08-14T10:51:41.937+0000] {dag.py:3504} INFO - Setting next_dagrun for example_branch_python_operator_decorator to 2025-08-13T00:00:00+00:00, run_after=2025-08-14T00:00:00+00:00
[2025-08-14T10:51:41.959+0000] {processor.py:179} INFO - Processing /home/vscode/.local/lib/python3.10/site-packages/airflow/example_dags/example_branch_operator_decorator.py took 0.076 seconds
[2025-08-14T10:52:27.991+0000] {processor.py:157} INFO - Started process (PID=34542) to work on /home/vscode/.local/lib/python3.10/site-packages/airflow/example_dags/example_branch_operator_decorator.py
[2025-08-14T10:52:27.992+0000] {processor.py:826} INFO - Processing file /home/vscode/.local/lib/python3.10/site-packages/airflow/example_dags/example_branch_operator_decorator.py for tasks to queue
[2025-08-14T10:52:27.993+0000] {logging_mixin.py:150} INFO - [2025-08-14T10:52:27.992+0000] {dagbag.py:541} INFO - Filling up the DagBag from /home/vscode/.local/lib/python3.10/site-packages/airflow/example_dags/example_branch_operator_decorator.py
[2025-08-14T10:52:28.000+0000] {processor.py:836} INFO - DAG(s) dict_keys(['example_branch_python_operator_decorator']) retrieved from /home/vscode/.local/lib/python3.10/site-packages/airflow/example_dags/example_branch_operator_decorator.py
[2025-08-14T10:52:28.013+0000] {logging_mixin.py:150} INFO - [2025-08-14T10:52:28.013+0000] {dag.py:2742} INFO - Sync 1 DAGs
[2025-08-14T10:52:28.028+0000] {logging_mixin.py:150} INFO - [2025-08-14T10:52:28.028+0000] {dag.py:3504} INFO - Setting next_dagrun for example_branch_python_operator_decorator to 2025-08-13T00:00:00+00:00, run_after=2025-08-14T00:00:00+00:00
[2025-08-14T10:52:28.042+0000] {processor.py:179} INFO - Processing /home/vscode/.local/lib/python3.10/site-packages/airflow/example_dags/example_branch_operator_decorator.py took 0.053 seconds
[2025-08-14T10:53:15.347+0000] {processor.py:157} INFO - Started process (PID=34853) to work on /home/vscode/.local/lib/python3.10/site-packages/airflow/example_dags/example_branch_operator_decorator.py
[2025-08-14T10:53:15.347+0000] {processor.py:826} INFO - Processing file /home/vscode/.local/lib/python3.10/site-packages/airflow/example_dags/example_branch_operator_decorator.py for tasks to queue
[2025-08-14T10:53:15.348+0000] {logging_mixin.py:150} INFO - [2025-08-14T10:53:15.348+0000] {dagbag.py:541} INFO - Filling up the DagBag from /home/vscode/.local/lib/python3.10/site-packages/airflow/example_dags/example_branch_operator_decorator.py
[2025-08-14T10:53:15.356+0000] {processor.py:836} INFO - DAG(s) dict_keys(['example_branch_python_operator_decorator']) retrieved from /home/vscode/.local/lib/python3.10/site-packages/airflow/example_dags/example_branch_operator_decorator.py
[2025-08-14T10:53:15.370+0000] {logging_mixin.py:150} INFO - [2025-08-14T10:53:15.370+0000] {dag.py:2742} INFO - Sync 1 DAGs
[2025-08-14T10:53:15.386+0000] {logging_mixin.py:150} INFO - [2025-08-14T10:53:15.386+0000] {dag.py:3504} INFO - Setting next_dagrun for example_branch_python_operator_decorator to 2025-08-13T00:00:00+00:00, run_after=2025-08-14T00:00:00+00:00
[2025-08-14T10:53:15.403+0000] {processor.py:179} INFO - Processing /home/vscode/.local/lib/python3.10/site-packages/airflow/example_dags/example_branch_operator_decorator.py took 0.058 seconds
[2025-08-14T10:54:18.185+0000] {processor.py:157} INFO - Started process (PID=36725) to work on /home/vscode/.local/lib/python3.10/site-packages/airflow/example_dags/example_branch_operator_decorator.py
[2025-08-14T10:54:18.186+0000] {processor.py:826} INFO - Processing file /home/vscode/.local/lib/python3.10/site-packages/airflow/example_dags/example_branch_operator_decorator.py for tasks to queue
[2025-08-14T10:54:18.186+0000] {logging_mixin.py:150} INFO - [2025-08-14T10:54:18.186+0000] {dagbag.py:541} INFO - Filling up the DagBag from /home/vscode/.local/lib/python3.10/site-packages/airflow/example_dags/example_branch_operator_decorator.py
[2025-08-14T10:54:18.194+0000] {processor.py:836} INFO - DAG(s) dict_keys(['example_branch_python_operator_decorator']) retrieved from /home/vscode/.local/lib/python3.10/site-packages/airflow/example_dags/example_branch_operator_decorator.py
[2025-08-14T10:54:18.208+0000] {logging_mixin.py:150} INFO - [2025-08-14T10:54:18.208+0000] {dag.py:2742} INFO - Sync 1 DAGs
[2025-08-14T10:54:18.224+0000] {logging_mixin.py:150} INFO - [2025-08-14T10:54:18.224+0000] {dag.py:3504} INFO - Setting next_dagrun for example_branch_python_operator_decorator to 2025-08-13T00:00:00+00:00, run_after=2025-08-14T00:00:00+00:00
[2025-08-14T10:54:18.240+0000] {processor.py:179} INFO - Processing /home/vscode/.local/lib/python3.10/site-packages/airflow/example_dags/example_branch_operator_decorator.py took 0.057 seconds
[2025-08-14T10:55:02.247+0000] {processor.py:157} INFO - Started process (PID=37280) to work on /home/vscode/.local/lib/python3.10/site-packages/airflow/example_dags/example_branch_operator_decorator.py
[2025-08-14T10:55:02.248+0000] {processor.py:826} INFO - Processing file /home/vscode/.local/lib/python3.10/site-packages/airflow/example_dags/example_branch_operator_decorator.py for tasks to queue
[2025-08-14T10:55:02.248+0000] {logging_mixin.py:150} INFO - [2025-08-14T10:55:02.248+0000] {dagbag.py:541} INFO - Filling up the DagBag from /home/vscode/.local/lib/python3.10/site-packages/airflow/example_dags/example_branch_operator_decorator.py
[2025-08-14T10:55:02.255+0000] {processor.py:836} INFO - DAG(s) dict_keys(['example_branch_python_operator_decorator']) retrieved from /home/vscode/.local/lib/python3.10/site-packages/airflow/example_dags/example_branch_operator_decorator.py
[2025-08-14T10:55:02.268+0000] {logging_mixin.py:150} INFO - [2025-08-14T10:55:02.268+0000] {dag.py:2742} INFO - Sync 1 DAGs
[2025-08-14T10:55:02.283+0000] {logging_mixin.py:150} INFO - [2025-08-14T10:55:02.283+0000] {dag.py:3504} INFO - Setting next_dagrun for example_branch_python_operator_decorator to 2025-08-13T00:00:00+00:00, run_after=2025-08-14T00:00:00+00:00
[2025-08-14T10:55:02.301+0000] {processor.py:179} INFO - Processing /home/vscode/.local/lib/python3.10/site-packages/airflow/example_dags/example_branch_operator_decorator.py took 0.056 seconds
[2025-08-14T10:55:47.685+0000] {processor.py:157} INFO - Started process (PID=37857) to work on /home/vscode/.local/lib/python3.10/site-packages/airflow/example_dags/example_branch_operator_decorator.py
[2025-08-14T10:55:47.686+0000] {processor.py:826} INFO - Processing file /home/vscode/.local/lib/python3.10/site-packages/airflow/example_dags/example_branch_operator_decorator.py for tasks to queue
[2025-08-14T10:55:47.687+0000] {logging_mixin.py:150} INFO - [2025-08-14T10:55:47.686+0000] {dagbag.py:541} INFO - Filling up the DagBag from /home/vscode/.local/lib/python3.10/site-packages/airflow/example_dags/example_branch_operator_decorator.py
[2025-08-14T10:55:47.694+0000] {processor.py:836} INFO - DAG(s) dict_keys(['example_branch_python_operator_decorator']) retrieved from /home/vscode/.local/lib/python3.10/site-packages/airflow/example_dags/example_branch_operator_decorator.py
[2025-08-14T10:55:47.708+0000] {logging_mixin.py:150} INFO - [2025-08-14T10:55:47.707+0000] {dag.py:2742} INFO - Sync 1 DAGs
[2025-08-14T10:55:47.724+0000] {logging_mixin.py:150} INFO - [2025-08-14T10:55:47.723+0000] {dag.py:3504} INFO - Setting next_dagrun for example_branch_python_operator_decorator to 2025-08-13T00:00:00+00:00, run_after=2025-08-14T00:00:00+00:00
[2025-08-14T10:55:47.739+0000] {processor.py:179} INFO - Processing /home/vscode/.local/lib/python3.10/site-packages/airflow/example_dags/example_branch_operator_decorator.py took 0.056 seconds
[2025-08-14T10:56:38.777+0000] {processor.py:157} INFO - Started process (PID=38335) to work on /home/vscode/.local/lib/python3.10/site-packages/airflow/example_dags/example_branch_operator_decorator.py
[2025-08-14T10:56:38.778+0000] {processor.py:826} INFO - Processing file /home/vscode/.local/lib/python3.10/site-packages/airflow/example_dags/example_branch_operator_decorator.py for tasks to queue
[2025-08-14T10:56:38.779+0000] {logging_mixin.py:150} INFO - [2025-08-14T10:56:38.778+0000] {dagbag.py:541} INFO - Filling up the DagBag from /home/vscode/.local/lib/python3.10/site-packages/airflow/example_dags/example_branch_operator_decorator.py
[2025-08-14T10:56:38.786+0000] {processor.py:836} INFO - DAG(s) dict_keys(['example_branch_python_operator_decorator']) retrieved from /home/vscode/.local/lib/python3.10/site-packages/airflow/example_dags/example_branch_operator_decorator.py
[2025-08-14T10:56:38.800+0000] {logging_mixin.py:150} INFO - [2025-08-14T10:56:38.800+0000] {dag.py:2742} INFO - Sync 1 DAGs
[2025-08-14T10:56:38.816+0000] {logging_mixin.py:150} INFO - [2025-08-14T10:56:38.816+0000] {dag.py:3504} INFO - Setting next_dagrun for example_branch_python_operator_decorator to 2025-08-13T00:00:00+00:00, run_after=2025-08-14T00:00:00+00:00
[2025-08-14T10:56:38.832+0000] {processor.py:179} INFO - Processing /home/vscode/.local/lib/python3.10/site-packages/airflow/example_dags/example_branch_operator_decorator.py took 0.057 seconds
[2025-08-14T10:57:27.208+0000] {processor.py:157} INFO - Started process (PID=38806) to work on /home/vscode/.local/lib/python3.10/site-packages/airflow/example_dags/example_branch_operator_decorator.py
[2025-08-14T10:57:27.209+0000] {processor.py:826} INFO - Processing file /home/vscode/.local/lib/python3.10/site-packages/airflow/example_dags/example_branch_operator_decorator.py for tasks to queue
[2025-08-14T10:57:27.210+0000] {logging_mixin.py:150} INFO - [2025-08-14T10:57:27.209+0000] {dagbag.py:541} INFO - Filling up the DagBag from /home/vscode/.local/lib/python3.10/site-packages/airflow/example_dags/example_branch_operator_decorator.py
[2025-08-14T10:57:27.217+0000] {processor.py:836} INFO - DAG(s) dict_keys(['example_branch_python_operator_decorator']) retrieved from /home/vscode/.local/lib/python3.10/site-packages/airflow/example_dags/example_branch_operator_decorator.py
[2025-08-14T10:57:27.229+0000] {logging_mixin.py:150} INFO - [2025-08-14T10:57:27.229+0000] {dag.py:2742} INFO - Sync 1 DAGs
[2025-08-14T10:57:27.244+0000] {logging_mixin.py:150} INFO - [2025-08-14T10:57:27.244+0000] {dag.py:3504} INFO - Setting next_dagrun for example_branch_python_operator_decorator to 2025-08-13T00:00:00+00:00, run_after=2025-08-14T00:00:00+00:00
[2025-08-14T10:57:27.259+0000] {processor.py:179} INFO - Processing /home/vscode/.local/lib/python3.10/site-packages/airflow/example_dags/example_branch_operator_decorator.py took 0.053 seconds
[2025-08-14T10:58:15.147+0000] {processor.py:157} INFO - Started process (PID=39263) to work on /home/vscode/.local/lib/python3.10/site-packages/airflow/example_dags/example_branch_operator_decorator.py
[2025-08-14T10:58:15.148+0000] {processor.py:826} INFO - Processing file /home/vscode/.local/lib/python3.10/site-packages/airflow/example_dags/example_branch_operator_decorator.py for tasks to queue
[2025-08-14T10:58:15.148+0000] {logging_mixin.py:150} INFO - [2025-08-14T10:58:15.148+0000] {dagbag.py:541} INFO - Filling up the DagBag from /home/vscode/.local/lib/python3.10/site-packages/airflow/example_dags/example_branch_operator_decorator.py
[2025-08-14T10:58:15.155+0000] {processor.py:836} INFO - DAG(s) dict_keys(['example_branch_python_operator_decorator']) retrieved from /home/vscode/.local/lib/python3.10/site-packages/airflow/example_dags/example_branch_operator_decorator.py
[2025-08-14T10:58:15.168+0000] {logging_mixin.py:150} INFO - [2025-08-14T10:58:15.168+0000] {dag.py:2742} INFO - Sync 1 DAGs
[2025-08-14T10:58:15.184+0000] {logging_mixin.py:150} INFO - [2025-08-14T10:58:15.184+0000] {dag.py:3504} INFO - Setting next_dagrun for example_branch_python_operator_decorator to 2025-08-13T00:00:00+00:00, run_after=2025-08-14T00:00:00+00:00
[2025-08-14T10:58:15.199+0000] {processor.py:179} INFO - Processing /home/vscode/.local/lib/python3.10/site-packages/airflow/example_dags/example_branch_operator_decorator.py took 0.054 seconds
[2025-08-14T10:59:00.819+0000] {processor.py:157} INFO - Started process (PID=39699) to work on /home/vscode/.local/lib/python3.10/site-packages/airflow/example_dags/example_branch_operator_decorator.py
[2025-08-14T10:59:00.820+0000] {processor.py:826} INFO - Processing file /home/vscode/.local/lib/python3.10/site-packages/airflow/example_dags/example_branch_operator_decorator.py for tasks to queue
[2025-08-14T10:59:00.821+0000] {logging_mixin.py:150} INFO - [2025-08-14T10:59:00.820+0000] {dagbag.py:541} INFO - Filling up the DagBag from /home/vscode/.local/lib/python3.10/site-packages/airflow/example_dags/example_branch_operator_decorator.py
[2025-08-14T10:59:00.828+0000] {processor.py:836} INFO - DAG(s) dict_keys(['example_branch_python_operator_decorator']) retrieved from /home/vscode/.local/lib/python3.10/site-packages/airflow/example_dags/example_branch_operator_decorator.py
[2025-08-14T10:59:00.842+0000] {logging_mixin.py:150} INFO - [2025-08-14T10:59:00.841+0000] {dag.py:2742} INFO - Sync 1 DAGs
[2025-08-14T10:59:00.857+0000] {logging_mixin.py:150} INFO - [2025-08-14T10:59:00.857+0000] {dag.py:3504} INFO - Setting next_dagrun for example_branch_python_operator_decorator to 2025-08-13T00:00:00+00:00, run_after=2025-08-14T00:00:00+00:00
[2025-08-14T10:59:00.873+0000] {processor.py:179} INFO - Processing /home/vscode/.local/lib/python3.10/site-packages/airflow/example_dags/example_branch_operator_decorator.py took 0.056 seconds
[2025-08-14T10:59:46.767+0000] {processor.py:157} INFO - Started process (PID=40142) to work on /home/vscode/.local/lib/python3.10/site-packages/airflow/example_dags/example_branch_operator_decorator.py
[2025-08-14T10:59:46.768+0000] {processor.py:826} INFO - Processing file /home/vscode/.local/lib/python3.10/site-packages/airflow/example_dags/example_branch_operator_decorator.py for tasks to queue
[2025-08-14T10:59:46.769+0000] {logging_mixin.py:150} INFO - [2025-08-14T10:59:46.769+0000] {dagbag.py:541} INFO - Filling up the DagBag from /home/vscode/.local/lib/python3.10/site-packages/airflow/example_dags/example_branch_operator_decorator.py
[2025-08-14T10:59:46.776+0000] {processor.py:836} INFO - DAG(s) dict_keys(['example_branch_python_operator_decorator']) retrieved from /home/vscode/.local/lib/python3.10/site-packages/airflow/example_dags/example_branch_operator_decorator.py
[2025-08-14T10:59:46.789+0000] {logging_mixin.py:150} INFO - [2025-08-14T10:59:46.788+0000] {dag.py:2742} INFO - Sync 1 DAGs
[2025-08-14T10:59:46.803+0000] {logging_mixin.py:150} INFO - [2025-08-14T10:59:46.803+0000] {dag.py:3504} INFO - Setting next_dagrun for example_branch_python_operator_decorator to 2025-08-13T00:00:00+00:00, run_after=2025-08-14T00:00:00+00:00
[2025-08-14T10:59:46.818+0000] {processor.py:179} INFO - Processing /home/vscode/.local/lib/python3.10/site-packages/airflow/example_dags/example_branch_operator_decorator.py took 0.053 seconds
[2025-08-14T11:00:33.627+0000] {processor.py:157} INFO - Started process (PID=40592) to work on /home/vscode/.local/lib/python3.10/site-packages/airflow/example_dags/example_branch_operator_decorator.py
[2025-08-14T11:00:33.628+0000] {processor.py:826} INFO - Processing file /home/vscode/.local/lib/python3.10/site-packages/airflow/example_dags/example_branch_operator_decorator.py for tasks to queue
[2025-08-14T11:00:33.628+0000] {logging_mixin.py:150} INFO - [2025-08-14T11:00:33.628+0000] {dagbag.py:541} INFO - Filling up the DagBag from /home/vscode/.local/lib/python3.10/site-packages/airflow/example_dags/example_branch_operator_decorator.py
[2025-08-14T11:00:33.636+0000] {processor.py:836} INFO - DAG(s) dict_keys(['example_branch_python_operator_decorator']) retrieved from /home/vscode/.local/lib/python3.10/site-packages/airflow/example_dags/example_branch_operator_decorator.py
[2025-08-14T11:00:33.650+0000] {logging_mixin.py:150} INFO - [2025-08-14T11:00:33.650+0000] {dag.py:2742} INFO - Sync 1 DAGs
[2025-08-14T11:00:33.666+0000] {logging_mixin.py:150} INFO - [2025-08-14T11:00:33.666+0000] {dag.py:3504} INFO - Setting next_dagrun for example_branch_python_operator_decorator to 2025-08-13T00:00:00+00:00, run_after=2025-08-14T00:00:00+00:00
[2025-08-14T11:00:33.682+0000] {processor.py:179} INFO - Processing /home/vscode/.local/lib/python3.10/site-packages/airflow/example_dags/example_branch_operator_decorator.py took 0.058 seconds
[2025-08-14T11:01:21.275+0000] {processor.py:157} INFO - Started process (PID=41047) to work on /home/vscode/.local/lib/python3.10/site-packages/airflow/example_dags/example_branch_operator_decorator.py
[2025-08-14T11:01:21.276+0000] {processor.py:826} INFO - Processing file /home/vscode/.local/lib/python3.10/site-packages/airflow/example_dags/example_branch_operator_decorator.py for tasks to queue
[2025-08-14T11:01:21.276+0000] {logging_mixin.py:150} INFO - [2025-08-14T11:01:21.276+0000] {dagbag.py:541} INFO - Filling up the DagBag from /home/vscode/.local/lib/python3.10/site-packages/airflow/example_dags/example_branch_operator_decorator.py
[2025-08-14T11:01:21.284+0000] {processor.py:836} INFO - DAG(s) dict_keys(['example_branch_python_operator_decorator']) retrieved from /home/vscode/.local/lib/python3.10/site-packages/airflow/example_dags/example_branch_operator_decorator.py
[2025-08-14T11:01:21.297+0000] {logging_mixin.py:150} INFO - [2025-08-14T11:01:21.297+0000] {dag.py:2742} INFO - Sync 1 DAGs
[2025-08-14T11:01:21.312+0000] {logging_mixin.py:150} INFO - [2025-08-14T11:01:21.312+0000] {dag.py:3504} INFO - Setting next_dagrun for example_branch_python_operator_decorator to 2025-08-13T00:00:00+00:00, run_after=2025-08-14T00:00:00+00:00
[2025-08-14T11:01:21.327+0000] {processor.py:179} INFO - Processing /home/vscode/.local/lib/python3.10/site-packages/airflow/example_dags/example_branch_operator_decorator.py took 0.054 seconds
[2025-08-14T11:02:10.394+0000] {processor.py:157} INFO - Started process (PID=41513) to work on /home/vscode/.local/lib/python3.10/site-packages/airflow/example_dags/example_branch_operator_decorator.py
[2025-08-14T11:02:10.395+0000] {processor.py:826} INFO - Processing file /home/vscode/.local/lib/python3.10/site-packages/airflow/example_dags/example_branch_operator_decorator.py for tasks to queue
[2025-08-14T11:02:10.395+0000] {logging_mixin.py:150} INFO - [2025-08-14T11:02:10.395+0000] {dagbag.py:541} INFO - Filling up the DagBag from /home/vscode/.local/lib/python3.10/site-packages/airflow/example_dags/example_branch_operator_decorator.py
[2025-08-14T11:02:10.403+0000] {processor.py:836} INFO - DAG(s) dict_keys(['example_branch_python_operator_decorator']) retrieved from /home/vscode/.local/lib/python3.10/site-packages/airflow/example_dags/example_branch_operator_decorator.py
[2025-08-14T11:02:10.417+0000] {logging_mixin.py:150} INFO - [2025-08-14T11:02:10.417+0000] {dag.py:2742} INFO - Sync 1 DAGs
[2025-08-14T11:02:10.432+0000] {logging_mixin.py:150} INFO - [2025-08-14T11:02:10.432+0000] {dag.py:3504} INFO - Setting next_dagrun for example_branch_python_operator_decorator to 2025-08-13T00:00:00+00:00, run_after=2025-08-14T00:00:00+00:00
[2025-08-14T11:02:10.447+0000] {processor.py:179} INFO - Processing /home/vscode/.local/lib/python3.10/site-packages/airflow/example_dags/example_branch_operator_decorator.py took 0.055 seconds
[2025-08-14T11:02:58.168+0000] {processor.py:157} INFO - Started process (PID=41969) to work on /home/vscode/.local/lib/python3.10/site-packages/airflow/example_dags/example_branch_operator_decorator.py
[2025-08-14T11:02:58.169+0000] {processor.py:826} INFO - Processing file /home/vscode/.local/lib/python3.10/site-packages/airflow/example_dags/example_branch_operator_decorator.py for tasks to queue
[2025-08-14T11:02:58.170+0000] {logging_mixin.py:150} INFO - [2025-08-14T11:02:58.169+0000] {dagbag.py:541} INFO - Filling up the DagBag from /home/vscode/.local/lib/python3.10/site-packages/airflow/example_dags/example_branch_operator_decorator.py
[2025-08-14T11:02:58.177+0000] {processor.py:836} INFO - DAG(s) dict_keys(['example_branch_python_operator_decorator']) retrieved from /home/vscode/.local/lib/python3.10/site-packages/airflow/example_dags/example_branch_operator_decorator.py
[2025-08-14T11:02:58.191+0000] {logging_mixin.py:150} INFO - [2025-08-14T11:02:58.191+0000] {dag.py:2742} INFO - Sync 1 DAGs
[2025-08-14T11:02:58.207+0000] {logging_mixin.py:150} INFO - [2025-08-14T11:02:58.207+0000] {dag.py:3504} INFO - Setting next_dagrun for example_branch_python_operator_decorator to 2025-08-13T00:00:00+00:00, run_after=2025-08-14T00:00:00+00:00
[2025-08-14T11:02:58.222+0000] {processor.py:179} INFO - Processing /home/vscode/.local/lib/python3.10/site-packages/airflow/example_dags/example_branch_operator_decorator.py took 0.056 seconds
[2025-08-14T11:03:44.707+0000] {processor.py:157} INFO - Started process (PID=42419) to work on /home/vscode/.local/lib/python3.10/site-packages/airflow/example_dags/example_branch_operator_decorator.py
[2025-08-14T11:03:44.708+0000] {processor.py:826} INFO - Processing file /home/vscode/.local/lib/python3.10/site-packages/airflow/example_dags/example_branch_operator_decorator.py for tasks to queue
[2025-08-14T11:03:44.709+0000] {logging_mixin.py:150} INFO - [2025-08-14T11:03:44.708+0000] {dagbag.py:541} INFO - Filling up the DagBag from /home/vscode/.local/lib/python3.10/site-packages/airflow/example_dags/example_branch_operator_decorator.py
[2025-08-14T11:03:44.716+0000] {processor.py:836} INFO - DAG(s) dict_keys(['example_branch_python_operator_decorator']) retrieved from /home/vscode/.local/lib/python3.10/site-packages/airflow/example_dags/example_branch_operator_decorator.py
[2025-08-14T11:03:44.729+0000] {logging_mixin.py:150} INFO - [2025-08-14T11:03:44.729+0000] {dag.py:2742} INFO - Sync 1 DAGs
[2025-08-14T11:03:44.745+0000] {logging_mixin.py:150} INFO - [2025-08-14T11:03:44.744+0000] {dag.py:3504} INFO - Setting next_dagrun for example_branch_python_operator_decorator to 2025-08-13T00:00:00+00:00, run_after=2025-08-14T00:00:00+00:00
[2025-08-14T11:03:44.762+0000] {processor.py:179} INFO - Processing /home/vscode/.local/lib/python3.10/site-packages/airflow/example_dags/example_branch_operator_decorator.py took 0.057 seconds
[2025-08-14T11:04:30.211+0000] {processor.py:157} INFO - Started process (PID=42853) to work on /home/vscode/.local/lib/python3.10/site-packages/airflow/example_dags/example_branch_operator_decorator.py
[2025-08-14T11:04:30.211+0000] {processor.py:826} INFO - Processing file /home/vscode/.local/lib/python3.10/site-packages/airflow/example_dags/example_branch_operator_decorator.py for tasks to queue
[2025-08-14T11:04:30.212+0000] {logging_mixin.py:150} INFO - [2025-08-14T11:04:30.212+0000] {dagbag.py:541} INFO - Filling up the DagBag from /home/vscode/.local/lib/python3.10/site-packages/airflow/example_dags/example_branch_operator_decorator.py
[2025-08-14T11:04:30.220+0000] {processor.py:836} INFO - DAG(s) dict_keys(['example_branch_python_operator_decorator']) retrieved from /home/vscode/.local/lib/python3.10/site-packages/airflow/example_dags/example_branch_operator_decorator.py
[2025-08-14T11:04:30.233+0000] {logging_mixin.py:150} INFO - [2025-08-14T11:04:30.233+0000] {dag.py:2742} INFO - Sync 1 DAGs
[2025-08-14T11:04:30.249+0000] {logging_mixin.py:150} INFO - [2025-08-14T11:04:30.249+0000] {dag.py:3504} INFO - Setting next_dagrun for example_branch_python_operator_decorator to 2025-08-13T00:00:00+00:00, run_after=2025-08-14T00:00:00+00:00
[2025-08-14T11:04:30.264+0000] {processor.py:179} INFO - Processing /home/vscode/.local/lib/python3.10/site-packages/airflow/example_dags/example_branch_operator_decorator.py took 0.056 seconds
[2025-08-14T11:05:21.783+0000] {processor.py:157} INFO - Started process (PID=43342) to work on /home/vscode/.local/lib/python3.10/site-packages/airflow/example_dags/example_branch_operator_decorator.py
[2025-08-14T11:05:21.784+0000] {processor.py:826} INFO - Processing file /home/vscode/.local/lib/python3.10/site-packages/airflow/example_dags/example_branch_operator_decorator.py for tasks to queue
[2025-08-14T11:05:21.785+0000] {logging_mixin.py:150} INFO - [2025-08-14T11:05:21.785+0000] {dagbag.py:541} INFO - Filling up the DagBag from /home/vscode/.local/lib/python3.10/site-packages/airflow/example_dags/example_branch_operator_decorator.py
[2025-08-14T11:05:21.793+0000] {processor.py:836} INFO - DAG(s) dict_keys(['example_branch_python_operator_decorator']) retrieved from /home/vscode/.local/lib/python3.10/site-packages/airflow/example_dags/example_branch_operator_decorator.py
[2025-08-14T11:05:21.807+0000] {logging_mixin.py:150} INFO - [2025-08-14T11:05:21.806+0000] {dag.py:2742} INFO - Sync 1 DAGs
[2025-08-14T11:05:21.822+0000] {logging_mixin.py:150} INFO - [2025-08-14T11:05:21.822+0000] {dag.py:3504} INFO - Setting next_dagrun for example_branch_python_operator_decorator to 2025-08-13T00:00:00+00:00, run_after=2025-08-14T00:00:00+00:00
[2025-08-14T11:05:21.838+0000] {processor.py:179} INFO - Processing /home/vscode/.local/lib/python3.10/site-packages/airflow/example_dags/example_branch_operator_decorator.py took 0.057 seconds
[2025-08-14T11:06:16.014+0000] {processor.py:157} INFO - Started process (PID=43872) to work on /home/vscode/.local/lib/python3.10/site-packages/airflow/example_dags/example_branch_operator_decorator.py
[2025-08-14T11:06:16.015+0000] {processor.py:826} INFO - Processing file /home/vscode/.local/lib/python3.10/site-packages/airflow/example_dags/example_branch_operator_decorator.py for tasks to queue
[2025-08-14T11:06:16.016+0000] {logging_mixin.py:150} INFO - [2025-08-14T11:06:16.016+0000] {dagbag.py:541} INFO - Filling up the DagBag from /home/vscode/.local/lib/python3.10/site-packages/airflow/example_dags/example_branch_operator_decorator.py
[2025-08-14T11:06:16.024+0000] {processor.py:836} INFO - DAG(s) dict_keys(['example_branch_python_operator_decorator']) retrieved from /home/vscode/.local/lib/python3.10/site-packages/airflow/example_dags/example_branch_operator_decorator.py
[2025-08-14T11:06:16.037+0000] {logging_mixin.py:150} INFO - [2025-08-14T11:06:16.037+0000] {dag.py:2742} INFO - Sync 1 DAGs
[2025-08-14T11:06:16.053+0000] {logging_mixin.py:150} INFO - [2025-08-14T11:06:16.053+0000] {dag.py:3504} INFO - Setting next_dagrun for example_branch_python_operator_decorator to 2025-08-13T00:00:00+00:00, run_after=2025-08-14T00:00:00+00:00
[2025-08-14T11:06:16.076+0000] {processor.py:179} INFO - Processing /home/vscode/.local/lib/python3.10/site-packages/airflow/example_dags/example_branch_operator_decorator.py took 0.064 seconds
[2025-08-14T11:07:04.547+0000] {processor.py:157} INFO - Started process (PID=44329) to work on /home/vscode/.local/lib/python3.10/site-packages/airflow/example_dags/example_branch_operator_decorator.py
[2025-08-14T11:07:04.548+0000] {processor.py:826} INFO - Processing file /home/vscode/.local/lib/python3.10/site-packages/airflow/example_dags/example_branch_operator_decorator.py for tasks to queue
[2025-08-14T11:07:04.549+0000] {logging_mixin.py:150} INFO - [2025-08-14T11:07:04.549+0000] {dagbag.py:541} INFO - Filling up the DagBag from /home/vscode/.local/lib/python3.10/site-packages/airflow/example_dags/example_branch_operator_decorator.py
[2025-08-14T11:07:04.556+0000] {processor.py:836} INFO - DAG(s) dict_keys(['example_branch_python_operator_decorator']) retrieved from /home/vscode/.local/lib/python3.10/site-packages/airflow/example_dags/example_branch_operator_decorator.py
[2025-08-14T11:07:04.569+0000] {logging_mixin.py:150} INFO - [2025-08-14T11:07:04.569+0000] {dag.py:2742} INFO - Sync 1 DAGs
[2025-08-14T11:07:04.584+0000] {logging_mixin.py:150} INFO - [2025-08-14T11:07:04.584+0000] {dag.py:3504} INFO - Setting next_dagrun for example_branch_python_operator_decorator to 2025-08-13T00:00:00+00:00, run_after=2025-08-14T00:00:00+00:00
[2025-08-14T11:07:04.599+0000] {processor.py:179} INFO - Processing /home/vscode/.local/lib/python3.10/site-packages/airflow/example_dags/example_branch_operator_decorator.py took 0.054 seconds
[2025-08-14T11:07:49.415+0000] {processor.py:157} INFO - Started process (PID=44763) to work on /home/vscode/.local/lib/python3.10/site-packages/airflow/example_dags/example_branch_operator_decorator.py
[2025-08-14T11:07:49.416+0000] {processor.py:826} INFO - Processing file /home/vscode/.local/lib/python3.10/site-packages/airflow/example_dags/example_branch_operator_decorator.py for tasks to queue
[2025-08-14T11:07:49.417+0000] {logging_mixin.py:150} INFO - [2025-08-14T11:07:49.417+0000] {dagbag.py:541} INFO - Filling up the DagBag from /home/vscode/.local/lib/python3.10/site-packages/airflow/example_dags/example_branch_operator_decorator.py
[2025-08-14T11:07:49.425+0000] {processor.py:836} INFO - DAG(s) dict_keys(['example_branch_python_operator_decorator']) retrieved from /home/vscode/.local/lib/python3.10/site-packages/airflow/example_dags/example_branch_operator_decorator.py
[2025-08-14T11:07:49.439+0000] {logging_mixin.py:150} INFO - [2025-08-14T11:07:49.438+0000] {dag.py:2742} INFO - Sync 1 DAGs
[2025-08-14T11:07:49.454+0000] {logging_mixin.py:150} INFO - [2025-08-14T11:07:49.454+0000] {dag.py:3504} INFO - Setting next_dagrun for example_branch_python_operator_decorator to 2025-08-13T00:00:00+00:00, run_after=2025-08-14T00:00:00+00:00
[2025-08-14T11:07:49.470+0000] {processor.py:179} INFO - Processing /home/vscode/.local/lib/python3.10/site-packages/airflow/example_dags/example_branch_operator_decorator.py took 0.057 seconds
[2025-08-14T11:08:33.643+0000] {processor.py:157} INFO - Started process (PID=45184) to work on /home/vscode/.local/lib/python3.10/site-packages/airflow/example_dags/example_branch_operator_decorator.py
[2025-08-14T11:08:33.644+0000] {processor.py:826} INFO - Processing file /home/vscode/.local/lib/python3.10/site-packages/airflow/example_dags/example_branch_operator_decorator.py for tasks to queue
[2025-08-14T11:08:33.645+0000] {logging_mixin.py:150} INFO - [2025-08-14T11:08:33.644+0000] {dagbag.py:541} INFO - Filling up the DagBag from /home/vscode/.local/lib/python3.10/site-packages/airflow/example_dags/example_branch_operator_decorator.py
[2025-08-14T11:08:33.652+0000] {processor.py:836} INFO - DAG(s) dict_keys(['example_branch_python_operator_decorator']) retrieved from /home/vscode/.local/lib/python3.10/site-packages/airflow/example_dags/example_branch_operator_decorator.py
[2025-08-14T11:08:33.670+0000] {logging_mixin.py:150} INFO - [2025-08-14T11:08:33.669+0000] {dag.py:2742} INFO - Sync 1 DAGs
[2025-08-14T11:08:33.691+0000] {logging_mixin.py:150} INFO - [2025-08-14T11:08:33.691+0000] {dag.py:3504} INFO - Setting next_dagrun for example_branch_python_operator_decorator to 2025-08-13T00:00:00+00:00, run_after=2025-08-14T00:00:00+00:00
[2025-08-14T11:08:33.712+0000] {processor.py:179} INFO - Processing /home/vscode/.local/lib/python3.10/site-packages/airflow/example_dags/example_branch_operator_decorator.py took 0.072 seconds
[2025-08-14T11:09:21.594+0000] {processor.py:157} INFO - Started process (PID=45646) to work on /home/vscode/.local/lib/python3.10/site-packages/airflow/example_dags/example_branch_operator_decorator.py
[2025-08-14T11:09:21.595+0000] {processor.py:826} INFO - Processing file /home/vscode/.local/lib/python3.10/site-packages/airflow/example_dags/example_branch_operator_decorator.py for tasks to queue
[2025-08-14T11:09:21.596+0000] {logging_mixin.py:150} INFO - [2025-08-14T11:09:21.595+0000] {dagbag.py:541} INFO - Filling up the DagBag from /home/vscode/.local/lib/python3.10/site-packages/airflow/example_dags/example_branch_operator_decorator.py
[2025-08-14T11:09:21.606+0000] {processor.py:836} INFO - DAG(s) dict_keys(['example_branch_python_operator_decorator']) retrieved from /home/vscode/.local/lib/python3.10/site-packages/airflow/example_dags/example_branch_operator_decorator.py
[2025-08-14T11:09:21.621+0000] {logging_mixin.py:150} INFO - [2025-08-14T11:09:21.621+0000] {dag.py:2742} INFO - Sync 1 DAGs
[2025-08-14T11:09:21.637+0000] {logging_mixin.py:150} INFO - [2025-08-14T11:09:21.637+0000] {dag.py:3504} INFO - Setting next_dagrun for example_branch_python_operator_decorator to 2025-08-13T00:00:00+00:00, run_after=2025-08-14T00:00:00+00:00
[2025-08-14T11:09:21.653+0000] {processor.py:179} INFO - Processing /home/vscode/.local/lib/python3.10/site-packages/airflow/example_dags/example_branch_operator_decorator.py took 0.062 seconds
[2025-08-14T11:10:14.756+0000] {processor.py:157} INFO - Started process (PID=46152) to work on /home/vscode/.local/lib/python3.10/site-packages/airflow/example_dags/example_branch_operator_decorator.py
[2025-08-14T11:10:14.757+0000] {processor.py:826} INFO - Processing file /home/vscode/.local/lib/python3.10/site-packages/airflow/example_dags/example_branch_operator_decorator.py for tasks to queue
[2025-08-14T11:10:14.758+0000] {logging_mixin.py:150} INFO - [2025-08-14T11:10:14.757+0000] {dagbag.py:541} INFO - Filling up the DagBag from /home/vscode/.local/lib/python3.10/site-packages/airflow/example_dags/example_branch_operator_decorator.py
[2025-08-14T11:10:14.765+0000] {processor.py:836} INFO - DAG(s) dict_keys(['example_branch_python_operator_decorator']) retrieved from /home/vscode/.local/lib/python3.10/site-packages/airflow/example_dags/example_branch_operator_decorator.py
[2025-08-14T11:10:14.779+0000] {logging_mixin.py:150} INFO - [2025-08-14T11:10:14.779+0000] {dag.py:2742} INFO - Sync 1 DAGs
[2025-08-14T11:10:14.795+0000] {logging_mixin.py:150} INFO - [2025-08-14T11:10:14.794+0000] {dag.py:3504} INFO - Setting next_dagrun for example_branch_python_operator_decorator to 2025-08-13T00:00:00+00:00, run_after=2025-08-14T00:00:00+00:00
[2025-08-14T11:10:14.810+0000] {processor.py:179} INFO - Processing /home/vscode/.local/lib/python3.10/site-packages/airflow/example_dags/example_branch_operator_decorator.py took 0.056 seconds
[2025-08-14T11:11:01.542+0000] {processor.py:157} INFO - Started process (PID=46597) to work on /home/vscode/.local/lib/python3.10/site-packages/airflow/example_dags/example_branch_operator_decorator.py
[2025-08-14T11:11:01.543+0000] {processor.py:826} INFO - Processing file /home/vscode/.local/lib/python3.10/site-packages/airflow/example_dags/example_branch_operator_decorator.py for tasks to queue
[2025-08-14T11:11:01.543+0000] {logging_mixin.py:150} INFO - [2025-08-14T11:11:01.543+0000] {dagbag.py:541} INFO - Filling up the DagBag from /home/vscode/.local/lib/python3.10/site-packages/airflow/example_dags/example_branch_operator_decorator.py
[2025-08-14T11:11:01.551+0000] {processor.py:836} INFO - DAG(s) dict_keys(['example_branch_python_operator_decorator']) retrieved from /home/vscode/.local/lib/python3.10/site-packages/airflow/example_dags/example_branch_operator_decorator.py
[2025-08-14T11:11:01.565+0000] {logging_mixin.py:150} INFO - [2025-08-14T11:11:01.565+0000] {dag.py:2742} INFO - Sync 1 DAGs
[2025-08-14T11:11:01.581+0000] {logging_mixin.py:150} INFO - [2025-08-14T11:11:01.581+0000] {dag.py:3504} INFO - Setting next_dagrun for example_branch_python_operator_decorator to 2025-08-13T00:00:00+00:00, run_after=2025-08-14T00:00:00+00:00
[2025-08-14T11:11:01.598+0000] {processor.py:179} INFO - Processing /home/vscode/.local/lib/python3.10/site-packages/airflow/example_dags/example_branch_operator_decorator.py took 0.059 seconds
[2025-08-14T11:11:56.358+0000] {processor.py:157} INFO - Started process (PID=47125) to work on /home/vscode/.local/lib/python3.10/site-packages/airflow/example_dags/example_branch_operator_decorator.py
[2025-08-14T11:11:56.359+0000] {processor.py:826} INFO - Processing file /home/vscode/.local/lib/python3.10/site-packages/airflow/example_dags/example_branch_operator_decorator.py for tasks to queue
[2025-08-14T11:11:56.360+0000] {logging_mixin.py:150} INFO - [2025-08-14T11:11:56.359+0000] {dagbag.py:541} INFO - Filling up the DagBag from /home/vscode/.local/lib/python3.10/site-packages/airflow/example_dags/example_branch_operator_decorator.py
[2025-08-14T11:11:56.367+0000] {processor.py:836} INFO - DAG(s) dict_keys(['example_branch_python_operator_decorator']) retrieved from /home/vscode/.local/lib/python3.10/site-packages/airflow/example_dags/example_branch_operator_decorator.py
[2025-08-14T11:11:56.380+0000] {logging_mixin.py:150} INFO - [2025-08-14T11:11:56.379+0000] {dag.py:2742} INFO - Sync 1 DAGs
[2025-08-14T11:11:56.394+0000] {logging_mixin.py:150} INFO - [2025-08-14T11:11:56.394+0000] {dag.py:3504} INFO - Setting next_dagrun for example_branch_python_operator_decorator to 2025-08-13T00:00:00+00:00, run_after=2025-08-14T00:00:00+00:00
[2025-08-14T11:11:56.409+0000] {processor.py:179} INFO - Processing /home/vscode/.local/lib/python3.10/site-packages/airflow/example_dags/example_branch_operator_decorator.py took 0.053 seconds
[2025-08-14T11:12:58.114+0000] {processor.py:157} INFO - Started process (PID=47711) to work on /home/vscode/.local/lib/python3.10/site-packages/airflow/example_dags/example_branch_operator_decorator.py
[2025-08-14T11:12:58.114+0000] {processor.py:826} INFO - Processing file /home/vscode/.local/lib/python3.10/site-packages/airflow/example_dags/example_branch_operator_decorator.py for tasks to queue
[2025-08-14T11:12:58.115+0000] {logging_mixin.py:150} INFO - [2025-08-14T11:12:58.115+0000] {dagbag.py:541} INFO - Filling up the DagBag from /home/vscode/.local/lib/python3.10/site-packages/airflow/example_dags/example_branch_operator_decorator.py
[2025-08-14T11:12:58.122+0000] {processor.py:836} INFO - DAG(s) dict_keys(['example_branch_python_operator_decorator']) retrieved from /home/vscode/.local/lib/python3.10/site-packages/airflow/example_dags/example_branch_operator_decorator.py
[2025-08-14T11:12:58.136+0000] {logging_mixin.py:150} INFO - [2025-08-14T11:12:58.136+0000] {dag.py:2742} INFO - Sync 1 DAGs
[2025-08-14T11:12:58.150+0000] {logging_mixin.py:150} INFO - [2025-08-14T11:12:58.150+0000] {dag.py:3504} INFO - Setting next_dagrun for example_branch_python_operator_decorator to 2025-08-13T00:00:00+00:00, run_after=2025-08-14T00:00:00+00:00
[2025-08-14T11:12:58.166+0000] {processor.py:179} INFO - Processing /home/vscode/.local/lib/python3.10/site-packages/airflow/example_dags/example_branch_operator_decorator.py took 0.054 seconds
[2025-08-14T11:13:47.620+0000] {processor.py:157} INFO - Started process (PID=48182) to work on /home/vscode/.local/lib/python3.10/site-packages/airflow/example_dags/example_branch_operator_decorator.py
[2025-08-14T11:13:47.621+0000] {processor.py:826} INFO - Processing file /home/vscode/.local/lib/python3.10/site-packages/airflow/example_dags/example_branch_operator_decorator.py for tasks to queue
[2025-08-14T11:13:47.621+0000] {logging_mixin.py:150} INFO - [2025-08-14T11:13:47.621+0000] {dagbag.py:541} INFO - Filling up the DagBag from /home/vscode/.local/lib/python3.10/site-packages/airflow/example_dags/example_branch_operator_decorator.py
[2025-08-14T11:13:47.629+0000] {processor.py:836} INFO - DAG(s) dict_keys(['example_branch_python_operator_decorator']) retrieved from /home/vscode/.local/lib/python3.10/site-packages/airflow/example_dags/example_branch_operator_decorator.py
[2025-08-14T11:13:47.642+0000] {logging_mixin.py:150} INFO - [2025-08-14T11:13:47.641+0000] {dag.py:2742} INFO - Sync 1 DAGs
[2025-08-14T11:13:47.657+0000] {logging_mixin.py:150} INFO - [2025-08-14T11:13:47.656+0000] {dag.py:3504} INFO - Setting next_dagrun for example_branch_python_operator_decorator to 2025-08-13T00:00:00+00:00, run_after=2025-08-14T00:00:00+00:00
[2025-08-14T11:13:47.671+0000] {processor.py:179} INFO - Processing /home/vscode/.local/lib/python3.10/site-packages/airflow/example_dags/example_branch_operator_decorator.py took 0.053 seconds
[2025-08-14T11:14:33.541+0000] {processor.py:157} INFO - Started process (PID=48624) to work on /home/vscode/.local/lib/python3.10/site-packages/airflow/example_dags/example_branch_operator_decorator.py
[2025-08-14T11:14:33.542+0000] {processor.py:826} INFO - Processing file /home/vscode/.local/lib/python3.10/site-packages/airflow/example_dags/example_branch_operator_decorator.py for tasks to queue
[2025-08-14T11:14:33.542+0000] {logging_mixin.py:150} INFO - [2025-08-14T11:14:33.542+0000] {dagbag.py:541} INFO - Filling up the DagBag from /home/vscode/.local/lib/python3.10/site-packages/airflow/example_dags/example_branch_operator_decorator.py
[2025-08-14T11:14:33.550+0000] {processor.py:836} INFO - DAG(s) dict_keys(['example_branch_python_operator_decorator']) retrieved from /home/vscode/.local/lib/python3.10/site-packages/airflow/example_dags/example_branch_operator_decorator.py
[2025-08-14T11:14:33.563+0000] {logging_mixin.py:150} INFO - [2025-08-14T11:14:33.562+0000] {dag.py:2742} INFO - Sync 1 DAGs
[2025-08-14T11:14:33.577+0000] {logging_mixin.py:150} INFO - [2025-08-14T11:14:33.577+0000] {dag.py:3504} INFO - Setting next_dagrun for example_branch_python_operator_decorator to 2025-08-13T00:00:00+00:00, run_after=2025-08-14T00:00:00+00:00
[2025-08-14T11:14:33.592+0000] {processor.py:179} INFO - Processing /home/vscode/.local/lib/python3.10/site-packages/airflow/example_dags/example_branch_operator_decorator.py took 0.053 seconds
[2025-08-14T11:15:23.289+0000] {processor.py:157} INFO - Started process (PID=49101) to work on /home/vscode/.local/lib/python3.10/site-packages/airflow/example_dags/example_branch_operator_decorator.py
[2025-08-14T11:15:23.289+0000] {processor.py:826} INFO - Processing file /home/vscode/.local/lib/python3.10/site-packages/airflow/example_dags/example_branch_operator_decorator.py for tasks to queue
[2025-08-14T11:15:23.290+0000] {logging_mixin.py:150} INFO - [2025-08-14T11:15:23.290+0000] {dagbag.py:541} INFO - Filling up the DagBag from /home/vscode/.local/lib/python3.10/site-packages/airflow/example_dags/example_branch_operator_decorator.py
[2025-08-14T11:15:23.301+0000] {processor.py:836} INFO - DAG(s) dict_keys(['example_branch_python_operator_decorator']) retrieved from /home/vscode/.local/lib/python3.10/site-packages/airflow/example_dags/example_branch_operator_decorator.py
[2025-08-14T11:15:23.321+0000] {logging_mixin.py:150} INFO - [2025-08-14T11:15:23.321+0000] {dag.py:2742} INFO - Sync 1 DAGs
[2025-08-14T11:15:23.340+0000] {logging_mixin.py:150} INFO - [2025-08-14T11:15:23.340+0000] {dag.py:3504} INFO - Setting next_dagrun for example_branch_python_operator_decorator to 2025-08-13T00:00:00+00:00, run_after=2025-08-14T00:00:00+00:00
[2025-08-14T11:15:23.355+0000] {processor.py:179} INFO - Processing /home/vscode/.local/lib/python3.10/site-packages/airflow/example_dags/example_branch_operator_decorator.py took 0.069 seconds
[2025-08-14T11:16:11.168+0000] {processor.py:157} INFO - Started process (PID=49559) to work on /home/vscode/.local/lib/python3.10/site-packages/airflow/example_dags/example_branch_operator_decorator.py
[2025-08-14T11:16:11.169+0000] {processor.py:826} INFO - Processing file /home/vscode/.local/lib/python3.10/site-packages/airflow/example_dags/example_branch_operator_decorator.py for tasks to queue
[2025-08-14T11:16:11.169+0000] {logging_mixin.py:150} INFO - [2025-08-14T11:16:11.169+0000] {dagbag.py:541} INFO - Filling up the DagBag from /home/vscode/.local/lib/python3.10/site-packages/airflow/example_dags/example_branch_operator_decorator.py
[2025-08-14T11:16:11.177+0000] {processor.py:836} INFO - DAG(s) dict_keys(['example_branch_python_operator_decorator']) retrieved from /home/vscode/.local/lib/python3.10/site-packages/airflow/example_dags/example_branch_operator_decorator.py
[2025-08-14T11:16:11.190+0000] {logging_mixin.py:150} INFO - [2025-08-14T11:16:11.190+0000] {dag.py:2742} INFO - Sync 1 DAGs
[2025-08-14T11:16:11.205+0000] {logging_mixin.py:150} INFO - [2025-08-14T11:16:11.205+0000] {dag.py:3504} INFO - Setting next_dagrun for example_branch_python_operator_decorator to 2025-08-13T00:00:00+00:00, run_after=2025-08-14T00:00:00+00:00
[2025-08-14T11:16:11.220+0000] {processor.py:179} INFO - Processing /home/vscode/.local/lib/python3.10/site-packages/airflow/example_dags/example_branch_operator_decorator.py took 0.054 seconds
[2025-08-14T11:16:57.422+0000] {processor.py:157} INFO - Started process (PID=50001) to work on /home/vscode/.local/lib/python3.10/site-packages/airflow/example_dags/example_branch_operator_decorator.py
[2025-08-14T11:16:57.423+0000] {processor.py:826} INFO - Processing file /home/vscode/.local/lib/python3.10/site-packages/airflow/example_dags/example_branch_operator_decorator.py for tasks to queue
[2025-08-14T11:16:57.424+0000] {logging_mixin.py:150} INFO - [2025-08-14T11:16:57.424+0000] {dagbag.py:541} INFO - Filling up the DagBag from /home/vscode/.local/lib/python3.10/site-packages/airflow/example_dags/example_branch_operator_decorator.py
[2025-08-14T11:16:57.435+0000] {processor.py:836} INFO - DAG(s) dict_keys(['example_branch_python_operator_decorator']) retrieved from /home/vscode/.local/lib/python3.10/site-packages/airflow/example_dags/example_branch_operator_decorator.py
[2025-08-14T11:16:57.453+0000] {logging_mixin.py:150} INFO - [2025-08-14T11:16:57.452+0000] {dag.py:2742} INFO - Sync 1 DAGs
[2025-08-14T11:16:57.468+0000] {logging_mixin.py:150} INFO - [2025-08-14T11:16:57.468+0000] {dag.py:3504} INFO - Setting next_dagrun for example_branch_python_operator_decorator to 2025-08-13T00:00:00+00:00, run_after=2025-08-14T00:00:00+00:00
[2025-08-14T11:16:57.483+0000] {processor.py:179} INFO - Processing /home/vscode/.local/lib/python3.10/site-packages/airflow/example_dags/example_branch_operator_decorator.py took 0.063 seconds
[2025-08-14T11:17:55.102+0000] {processor.py:157} INFO - Started process (PID=50552) to work on /home/vscode/.local/lib/python3.10/site-packages/airflow/example_dags/example_branch_operator_decorator.py
[2025-08-14T11:17:55.103+0000] {processor.py:826} INFO - Processing file /home/vscode/.local/lib/python3.10/site-packages/airflow/example_dags/example_branch_operator_decorator.py for tasks to queue
[2025-08-14T11:17:55.103+0000] {logging_mixin.py:150} INFO - [2025-08-14T11:17:55.103+0000] {dagbag.py:541} INFO - Filling up the DagBag from /home/vscode/.local/lib/python3.10/site-packages/airflow/example_dags/example_branch_operator_decorator.py
[2025-08-14T11:17:55.111+0000] {processor.py:836} INFO - DAG(s) dict_keys(['example_branch_python_operator_decorator']) retrieved from /home/vscode/.local/lib/python3.10/site-packages/airflow/example_dags/example_branch_operator_decorator.py
[2025-08-14T11:17:55.124+0000] {logging_mixin.py:150} INFO - [2025-08-14T11:17:55.123+0000] {dag.py:2742} INFO - Sync 1 DAGs
[2025-08-14T11:17:55.138+0000] {logging_mixin.py:150} INFO - [2025-08-14T11:17:55.138+0000] {dag.py:3504} INFO - Setting next_dagrun for example_branch_python_operator_decorator to 2025-08-13T00:00:00+00:00, run_after=2025-08-14T00:00:00+00:00
[2025-08-14T11:17:55.153+0000] {processor.py:179} INFO - Processing /home/vscode/.local/lib/python3.10/site-packages/airflow/example_dags/example_branch_operator_decorator.py took 0.054 seconds
[2025-08-14T11:18:41.346+0000] {processor.py:157} INFO - Started process (PID=51000) to work on /home/vscode/.local/lib/python3.10/site-packages/airflow/example_dags/example_branch_operator_decorator.py
[2025-08-14T11:18:41.346+0000] {processor.py:826} INFO - Processing file /home/vscode/.local/lib/python3.10/site-packages/airflow/example_dags/example_branch_operator_decorator.py for tasks to queue
[2025-08-14T11:18:41.347+0000] {logging_mixin.py:150} INFO - [2025-08-14T11:18:41.347+0000] {dagbag.py:541} INFO - Filling up the DagBag from /home/vscode/.local/lib/python3.10/site-packages/airflow/example_dags/example_branch_operator_decorator.py
[2025-08-14T11:18:41.355+0000] {processor.py:836} INFO - DAG(s) dict_keys(['example_branch_python_operator_decorator']) retrieved from /home/vscode/.local/lib/python3.10/site-packages/airflow/example_dags/example_branch_operator_decorator.py
[2025-08-14T11:18:41.368+0000] {logging_mixin.py:150} INFO - [2025-08-14T11:18:41.368+0000] {dag.py:2742} INFO - Sync 1 DAGs
[2025-08-14T11:18:41.383+0000] {logging_mixin.py:150} INFO - [2025-08-14T11:18:41.383+0000] {dag.py:3504} INFO - Setting next_dagrun for example_branch_python_operator_decorator to 2025-08-13T00:00:00+00:00, run_after=2025-08-14T00:00:00+00:00
[2025-08-14T11:18:41.399+0000] {processor.py:179} INFO - Processing /home/vscode/.local/lib/python3.10/site-packages/airflow/example_dags/example_branch_operator_decorator.py took 0.055 seconds
[2025-08-14T11:19:41.875+0000] {processor.py:157} INFO - Started process (PID=51573) to work on /home/vscode/.local/lib/python3.10/site-packages/airflow/example_dags/example_branch_operator_decorator.py
[2025-08-14T11:19:41.876+0000] {processor.py:826} INFO - Processing file /home/vscode/.local/lib/python3.10/site-packages/airflow/example_dags/example_branch_operator_decorator.py for tasks to queue
[2025-08-14T11:19:41.877+0000] {logging_mixin.py:150} INFO - [2025-08-14T11:19:41.876+0000] {dagbag.py:541} INFO - Filling up the DagBag from /home/vscode/.local/lib/python3.10/site-packages/airflow/example_dags/example_branch_operator_decorator.py
[2025-08-14T11:19:41.889+0000] {processor.py:836} INFO - DAG(s) dict_keys(['example_branch_python_operator_decorator']) retrieved from /home/vscode/.local/lib/python3.10/site-packages/airflow/example_dags/example_branch_operator_decorator.py
[2025-08-14T11:19:41.909+0000] {logging_mixin.py:150} INFO - [2025-08-14T11:19:41.909+0000] {dag.py:2742} INFO - Sync 1 DAGs
[2025-08-14T11:19:41.925+0000] {logging_mixin.py:150} INFO - [2025-08-14T11:19:41.925+0000] {dag.py:3504} INFO - Setting next_dagrun for example_branch_python_operator_decorator to 2025-08-13T00:00:00+00:00, run_after=2025-08-14T00:00:00+00:00
[2025-08-14T11:19:41.940+0000] {processor.py:179} INFO - Processing /home/vscode/.local/lib/python3.10/site-packages/airflow/example_dags/example_branch_operator_decorator.py took 0.068 seconds
[2025-08-14T11:20:29.071+0000] {processor.py:157} INFO - Started process (PID=52020) to work on /home/vscode/.local/lib/python3.10/site-packages/airflow/example_dags/example_branch_operator_decorator.py
[2025-08-14T11:20:29.071+0000] {processor.py:826} INFO - Processing file /home/vscode/.local/lib/python3.10/site-packages/airflow/example_dags/example_branch_operator_decorator.py for tasks to queue
[2025-08-14T11:20:29.072+0000] {logging_mixin.py:150} INFO - [2025-08-14T11:20:29.072+0000] {dagbag.py:541} INFO - Filling up the DagBag from /home/vscode/.local/lib/python3.10/site-packages/airflow/example_dags/example_branch_operator_decorator.py
[2025-08-14T11:20:29.080+0000] {processor.py:836} INFO - DAG(s) dict_keys(['example_branch_python_operator_decorator']) retrieved from /home/vscode/.local/lib/python3.10/site-packages/airflow/example_dags/example_branch_operator_decorator.py
[2025-08-14T11:20:29.094+0000] {logging_mixin.py:150} INFO - [2025-08-14T11:20:29.094+0000] {dag.py:2742} INFO - Sync 1 DAGs
[2025-08-14T11:20:29.120+0000] {logging_mixin.py:150} INFO - [2025-08-14T11:20:29.119+0000] {dag.py:3504} INFO - Setting next_dagrun for example_branch_python_operator_decorator to 2025-08-13T00:00:00+00:00, run_after=2025-08-14T00:00:00+00:00
[2025-08-14T11:20:29.137+0000] {processor.py:179} INFO - Processing /home/vscode/.local/lib/python3.10/site-packages/airflow/example_dags/example_branch_operator_decorator.py took 0.068 seconds
[2025-08-14T11:21:14.190+0000] {processor.py:157} INFO - Started process (PID=52453) to work on /home/vscode/.local/lib/python3.10/site-packages/airflow/example_dags/example_branch_operator_decorator.py
[2025-08-14T11:21:14.191+0000] {processor.py:826} INFO - Processing file /home/vscode/.local/lib/python3.10/site-packages/airflow/example_dags/example_branch_operator_decorator.py for tasks to queue
[2025-08-14T11:21:14.191+0000] {logging_mixin.py:150} INFO - [2025-08-14T11:21:14.191+0000] {dagbag.py:541} INFO - Filling up the DagBag from /home/vscode/.local/lib/python3.10/site-packages/airflow/example_dags/example_branch_operator_decorator.py
[2025-08-14T11:21:14.199+0000] {processor.py:836} INFO - DAG(s) dict_keys(['example_branch_python_operator_decorator']) retrieved from /home/vscode/.local/lib/python3.10/site-packages/airflow/example_dags/example_branch_operator_decorator.py
[2025-08-14T11:21:14.211+0000] {logging_mixin.py:150} INFO - [2025-08-14T11:21:14.211+0000] {dag.py:2742} INFO - Sync 1 DAGs
[2025-08-14T11:21:14.227+0000] {logging_mixin.py:150} INFO - [2025-08-14T11:21:14.227+0000] {dag.py:3504} INFO - Setting next_dagrun for example_branch_python_operator_decorator to 2025-08-13T00:00:00+00:00, run_after=2025-08-14T00:00:00+00:00
[2025-08-14T11:21:14.241+0000] {processor.py:179} INFO - Processing /home/vscode/.local/lib/python3.10/site-packages/airflow/example_dags/example_branch_operator_decorator.py took 0.053 seconds
[2025-08-14T11:22:00.353+0000] {processor.py:157} INFO - Started process (PID=52903) to work on /home/vscode/.local/lib/python3.10/site-packages/airflow/example_dags/example_branch_operator_decorator.py
[2025-08-14T11:22:00.354+0000] {processor.py:826} INFO - Processing file /home/vscode/.local/lib/python3.10/site-packages/airflow/example_dags/example_branch_operator_decorator.py for tasks to queue
[2025-08-14T11:22:00.355+0000] {logging_mixin.py:150} INFO - [2025-08-14T11:22:00.354+0000] {dagbag.py:541} INFO - Filling up the DagBag from /home/vscode/.local/lib/python3.10/site-packages/airflow/example_dags/example_branch_operator_decorator.py
[2025-08-14T11:22:00.362+0000] {processor.py:836} INFO - DAG(s) dict_keys(['example_branch_python_operator_decorator']) retrieved from /home/vscode/.local/lib/python3.10/site-packages/airflow/example_dags/example_branch_operator_decorator.py
[2025-08-14T11:22:00.375+0000] {logging_mixin.py:150} INFO - [2025-08-14T11:22:00.375+0000] {dag.py:2742} INFO - Sync 1 DAGs
[2025-08-14T11:22:00.390+0000] {logging_mixin.py:150} INFO - [2025-08-14T11:22:00.390+0000] {dag.py:3504} INFO - Setting next_dagrun for example_branch_python_operator_decorator to 2025-08-13T00:00:00+00:00, run_after=2025-08-14T00:00:00+00:00
[2025-08-14T11:22:00.406+0000] {processor.py:179} INFO - Processing /home/vscode/.local/lib/python3.10/site-packages/airflow/example_dags/example_branch_operator_decorator.py took 0.054 seconds
[2025-08-14T11:22:47.721+0000] {processor.py:157} INFO - Started process (PID=53353) to work on /home/vscode/.local/lib/python3.10/site-packages/airflow/example_dags/example_branch_operator_decorator.py
[2025-08-14T11:22:47.722+0000] {processor.py:826} INFO - Processing file /home/vscode/.local/lib/python3.10/site-packages/airflow/example_dags/example_branch_operator_decorator.py for tasks to queue
[2025-08-14T11:22:47.722+0000] {logging_mixin.py:150} INFO - [2025-08-14T11:22:47.722+0000] {dagbag.py:541} INFO - Filling up the DagBag from /home/vscode/.local/lib/python3.10/site-packages/airflow/example_dags/example_branch_operator_decorator.py
[2025-08-14T11:22:47.730+0000] {processor.py:836} INFO - DAG(s) dict_keys(['example_branch_python_operator_decorator']) retrieved from /home/vscode/.local/lib/python3.10/site-packages/airflow/example_dags/example_branch_operator_decorator.py
[2025-08-14T11:22:47.744+0000] {logging_mixin.py:150} INFO - [2025-08-14T11:22:47.744+0000] {dag.py:2742} INFO - Sync 1 DAGs
[2025-08-14T11:22:47.759+0000] {logging_mixin.py:150} INFO - [2025-08-14T11:22:47.759+0000] {dag.py:3504} INFO - Setting next_dagrun for example_branch_python_operator_decorator to 2025-08-13T00:00:00+00:00, run_after=2025-08-14T00:00:00+00:00
[2025-08-14T11:22:47.774+0000] {processor.py:179} INFO - Processing /home/vscode/.local/lib/python3.10/site-packages/airflow/example_dags/example_branch_operator_decorator.py took 0.056 seconds
[2025-08-14T11:23:33.818+0000] {processor.py:157} INFO - Started process (PID=53790) to work on /home/vscode/.local/lib/python3.10/site-packages/airflow/example_dags/example_branch_operator_decorator.py
[2025-08-14T11:23:33.818+0000] {processor.py:826} INFO - Processing file /home/vscode/.local/lib/python3.10/site-packages/airflow/example_dags/example_branch_operator_decorator.py for tasks to queue
[2025-08-14T11:23:33.819+0000] {logging_mixin.py:150} INFO - [2025-08-14T11:23:33.819+0000] {dagbag.py:541} INFO - Filling up the DagBag from /home/vscode/.local/lib/python3.10/site-packages/airflow/example_dags/example_branch_operator_decorator.py
[2025-08-14T11:23:33.826+0000] {processor.py:836} INFO - DAG(s) dict_keys(['example_branch_python_operator_decorator']) retrieved from /home/vscode/.local/lib/python3.10/site-packages/airflow/example_dags/example_branch_operator_decorator.py
[2025-08-14T11:23:33.839+0000] {logging_mixin.py:150} INFO - [2025-08-14T11:23:33.839+0000] {dag.py:2742} INFO - Sync 1 DAGs
[2025-08-14T11:23:33.855+0000] {logging_mixin.py:150} INFO - [2025-08-14T11:23:33.855+0000] {dag.py:3504} INFO - Setting next_dagrun for example_branch_python_operator_decorator to 2025-08-13T00:00:00+00:00, run_after=2025-08-14T00:00:00+00:00
[2025-08-14T11:23:33.871+0000] {processor.py:179} INFO - Processing /home/vscode/.local/lib/python3.10/site-packages/airflow/example_dags/example_branch_operator_decorator.py took 0.056 seconds
[2025-08-14T11:24:21.199+0000] {processor.py:157} INFO - Started process (PID=54246) to work on /home/vscode/.local/lib/python3.10/site-packages/airflow/example_dags/example_branch_operator_decorator.py
[2025-08-14T11:24:21.200+0000] {processor.py:826} INFO - Processing file /home/vscode/.local/lib/python3.10/site-packages/airflow/example_dags/example_branch_operator_decorator.py for tasks to queue
[2025-08-14T11:24:21.201+0000] {logging_mixin.py:150} INFO - [2025-08-14T11:24:21.200+0000] {dagbag.py:541} INFO - Filling up the DagBag from /home/vscode/.local/lib/python3.10/site-packages/airflow/example_dags/example_branch_operator_decorator.py
[2025-08-14T11:24:21.208+0000] {processor.py:836} INFO - DAG(s) dict_keys(['example_branch_python_operator_decorator']) retrieved from /home/vscode/.local/lib/python3.10/site-packages/airflow/example_dags/example_branch_operator_decorator.py
[2025-08-14T11:24:21.223+0000] {logging_mixin.py:150} INFO - [2025-08-14T11:24:21.222+0000] {dag.py:2742} INFO - Sync 1 DAGs
[2025-08-14T11:24:21.240+0000] {logging_mixin.py:150} INFO - [2025-08-14T11:24:21.239+0000] {dag.py:3504} INFO - Setting next_dagrun for example_branch_python_operator_decorator to 2025-08-13T00:00:00+00:00, run_after=2025-08-14T00:00:00+00:00
[2025-08-14T11:24:21.257+0000] {processor.py:179} INFO - Processing /home/vscode/.local/lib/python3.10/site-packages/airflow/example_dags/example_branch_operator_decorator.py took 0.060 seconds
[2025-08-14T11:25:12.633+0000] {processor.py:157} INFO - Started process (PID=54733) to work on /home/vscode/.local/lib/python3.10/site-packages/airflow/example_dags/example_branch_operator_decorator.py
[2025-08-14T11:25:12.634+0000] {processor.py:826} INFO - Processing file /home/vscode/.local/lib/python3.10/site-packages/airflow/example_dags/example_branch_operator_decorator.py for tasks to queue
[2025-08-14T11:25:12.635+0000] {logging_mixin.py:150} INFO - [2025-08-14T11:25:12.634+0000] {dagbag.py:541} INFO - Filling up the DagBag from /home/vscode/.local/lib/python3.10/site-packages/airflow/example_dags/example_branch_operator_decorator.py
[2025-08-14T11:25:12.642+0000] {processor.py:836} INFO - DAG(s) dict_keys(['example_branch_python_operator_decorator']) retrieved from /home/vscode/.local/lib/python3.10/site-packages/airflow/example_dags/example_branch_operator_decorator.py
[2025-08-14T11:25:12.655+0000] {logging_mixin.py:150} INFO - [2025-08-14T11:25:12.655+0000] {dag.py:2742} INFO - Sync 1 DAGs
[2025-08-14T11:25:12.670+0000] {logging_mixin.py:150} INFO - [2025-08-14T11:25:12.670+0000] {dag.py:3504} INFO - Setting next_dagrun for example_branch_python_operator_decorator to 2025-08-13T00:00:00+00:00, run_after=2025-08-14T00:00:00+00:00
[2025-08-14T11:25:12.685+0000] {processor.py:179} INFO - Processing /home/vscode/.local/lib/python3.10/site-packages/airflow/example_dags/example_branch_operator_decorator.py took 0.054 seconds
[2025-08-14T11:26:01.758+0000] {processor.py:157} INFO - Started process (PID=55210) to work on /home/vscode/.local/lib/python3.10/site-packages/airflow/example_dags/example_branch_operator_decorator.py
[2025-08-14T11:26:01.758+0000] {processor.py:826} INFO - Processing file /home/vscode/.local/lib/python3.10/site-packages/airflow/example_dags/example_branch_operator_decorator.py for tasks to queue
[2025-08-14T11:26:01.759+0000] {logging_mixin.py:150} INFO - [2025-08-14T11:26:01.759+0000] {dagbag.py:541} INFO - Filling up the DagBag from /home/vscode/.local/lib/python3.10/site-packages/airflow/example_dags/example_branch_operator_decorator.py
[2025-08-14T11:26:01.767+0000] {processor.py:836} INFO - DAG(s) dict_keys(['example_branch_python_operator_decorator']) retrieved from /home/vscode/.local/lib/python3.10/site-packages/airflow/example_dags/example_branch_operator_decorator.py
[2025-08-14T11:26:01.780+0000] {logging_mixin.py:150} INFO - [2025-08-14T11:26:01.780+0000] {dag.py:2742} INFO - Sync 1 DAGs
[2025-08-14T11:26:01.796+0000] {logging_mixin.py:150} INFO - [2025-08-14T11:26:01.796+0000] {dag.py:3504} INFO - Setting next_dagrun for example_branch_python_operator_decorator to 2025-08-13T00:00:00+00:00, run_after=2025-08-14T00:00:00+00:00
[2025-08-14T11:26:01.813+0000] {processor.py:179} INFO - Processing /home/vscode/.local/lib/python3.10/site-packages/airflow/example_dags/example_branch_operator_decorator.py took 0.058 seconds
