[2025-08-14T09:39:20.780+0000] {processor.py:157} INFO - Started process (PID=3605) to work on /home/vscode/.local/lib/python3.10/site-packages/airflow/example_dags/example_short_circuit_operator.py
[2025-08-14T09:39:20.780+0000] {processor.py:826} INFO - Processing file /home/vscode/.local/lib/python3.10/site-packages/airflow/example_dags/example_short_circuit_operator.py for tasks to queue
[2025-08-14T09:39:20.781+0000] {logging_mixin.py:150} INFO - [2025-08-14T09:39:20.781+0000] {dagbag.py:541} INFO - Filling up the DagBag from /home/vscode/.local/lib/python3.10/site-packages/airflow/example_dags/example_short_circuit_operator.py
[2025-08-14T09:39:20.789+0000] {processor.py:836} INFO - DAG(s) dict_keys(['example_short_circuit_operator']) retrieved from /home/vscode/.local/lib/python3.10/site-packages/airflow/example_dags/example_short_circuit_operator.py
[2025-08-14T09:39:20.891+0000] {logging_mixin.py:150} INFO - [2025-08-14T09:39:20.890+0000] {manager.py:504} INFO - Created Permission View: can edit on DAG:example_short_circuit_operator
[2025-08-14T09:39:20.899+0000] {logging_mixin.py:150} INFO - [2025-08-14T09:39:20.899+0000] {manager.py:504} INFO - Created Permission View: can read on DAG:example_short_circuit_operator
[2025-08-14T09:39:20.905+0000] {logging_mixin.py:150} INFO - [2025-08-14T09:39:20.905+0000] {manager.py:504} INFO - Created Permission View: can delete on DAG:example_short_circuit_operator
[2025-08-14T09:39:20.914+0000] {logging_mixin.py:150} INFO - [2025-08-14T09:39:20.914+0000] {dag.py:2742} INFO - Sync 1 DAGs
[2025-08-14T09:39:20.920+0000] {logging_mixin.py:150} INFO - [2025-08-14T09:39:20.920+0000] {dag.py:2763} INFO - Creating ORM DAG for example_short_circuit_operator
[2025-08-14T09:39:20.926+0000] {logging_mixin.py:150} INFO - [2025-08-14T09:39:20.926+0000] {dag.py:3504} INFO - Setting next_dagrun for example_short_circuit_operator to 2025-08-13T09:39:20.926728+00:00, run_after=2025-08-14T09:39:20.926728+00:00
[2025-08-14T09:39:20.942+0000] {processor.py:179} INFO - Processing /home/vscode/.local/lib/python3.10/site-packages/airflow/example_dags/example_short_circuit_operator.py took 0.165 seconds
[2025-08-14T09:40:08.996+0000] {processor.py:157} INFO - Started process (PID=3928) to work on /home/vscode/.local/lib/python3.10/site-packages/airflow/example_dags/example_short_circuit_operator.py
[2025-08-14T09:40:08.997+0000] {processor.py:826} INFO - Processing file /home/vscode/.local/lib/python3.10/site-packages/airflow/example_dags/example_short_circuit_operator.py for tasks to queue
[2025-08-14T09:40:08.997+0000] {logging_mixin.py:150} INFO - [2025-08-14T09:40:08.997+0000] {dagbag.py:541} INFO - Filling up the DagBag from /home/vscode/.local/lib/python3.10/site-packages/airflow/example_dags/example_short_circuit_operator.py
[2025-08-14T09:40:09.003+0000] {processor.py:836} INFO - DAG(s) dict_keys(['example_short_circuit_operator']) retrieved from /home/vscode/.local/lib/python3.10/site-packages/airflow/example_dags/example_short_circuit_operator.py
[2025-08-14T09:40:09.016+0000] {logging_mixin.py:150} INFO - [2025-08-14T09:40:09.016+0000] {dag.py:2742} INFO - Sync 1 DAGs
[2025-08-14T09:40:09.030+0000] {logging_mixin.py:150} INFO - [2025-08-14T09:40:09.030+0000] {dag.py:3504} INFO - Setting next_dagrun for example_short_circuit_operator to 2025-08-13T09:40:09.030009+00:00, run_after=2025-08-14T09:40:09.030009+00:00
[2025-08-14T09:40:09.046+0000] {processor.py:179} INFO - Processing /home/vscode/.local/lib/python3.10/site-packages/airflow/example_dags/example_short_circuit_operator.py took 0.052 seconds
[2025-08-14T09:40:53.401+0000] {processor.py:157} INFO - Started process (PID=4233) to work on /home/vscode/.local/lib/python3.10/site-packages/airflow/example_dags/example_short_circuit_operator.py
[2025-08-14T09:40:53.401+0000] {processor.py:826} INFO - Processing file /home/vscode/.local/lib/python3.10/site-packages/airflow/example_dags/example_short_circuit_operator.py for tasks to queue
[2025-08-14T09:40:53.402+0000] {logging_mixin.py:150} INFO - [2025-08-14T09:40:53.402+0000] {dagbag.py:541} INFO - Filling up the DagBag from /home/vscode/.local/lib/python3.10/site-packages/airflow/example_dags/example_short_circuit_operator.py
[2025-08-14T09:40:53.408+0000] {processor.py:836} INFO - DAG(s) dict_keys(['example_short_circuit_operator']) retrieved from /home/vscode/.local/lib/python3.10/site-packages/airflow/example_dags/example_short_circuit_operator.py
[2025-08-14T09:40:53.422+0000] {logging_mixin.py:150} INFO - [2025-08-14T09:40:53.422+0000] {dag.py:2742} INFO - Sync 1 DAGs
[2025-08-14T09:40:53.436+0000] {logging_mixin.py:150} INFO - [2025-08-14T09:40:53.435+0000] {dag.py:3504} INFO - Setting next_dagrun for example_short_circuit_operator to 2025-08-13T09:40:53.435806+00:00, run_after=2025-08-14T09:40:53.435806+00:00
[2025-08-14T09:40:53.451+0000] {processor.py:179} INFO - Processing /home/vscode/.local/lib/python3.10/site-packages/airflow/example_dags/example_short_circuit_operator.py took 0.052 seconds
[2025-08-14T09:41:37.367+0000] {processor.py:157} INFO - Started process (PID=4553) to work on /home/vscode/.local/lib/python3.10/site-packages/airflow/example_dags/example_short_circuit_operator.py
[2025-08-14T09:41:37.368+0000] {processor.py:826} INFO - Processing file /home/vscode/.local/lib/python3.10/site-packages/airflow/example_dags/example_short_circuit_operator.py for tasks to queue
[2025-08-14T09:41:37.368+0000] {logging_mixin.py:150} INFO - [2025-08-14T09:41:37.368+0000] {dagbag.py:541} INFO - Filling up the DagBag from /home/vscode/.local/lib/python3.10/site-packages/airflow/example_dags/example_short_circuit_operator.py
[2025-08-14T09:41:37.374+0000] {processor.py:836} INFO - DAG(s) dict_keys(['example_short_circuit_operator']) retrieved from /home/vscode/.local/lib/python3.10/site-packages/airflow/example_dags/example_short_circuit_operator.py
[2025-08-14T09:41:37.388+0000] {logging_mixin.py:150} INFO - [2025-08-14T09:41:37.388+0000] {dag.py:2742} INFO - Sync 1 DAGs
[2025-08-14T09:41:37.402+0000] {logging_mixin.py:150} INFO - [2025-08-14T09:41:37.401+0000] {dag.py:3504} INFO - Setting next_dagrun for example_short_circuit_operator to 2025-08-13T09:41:37.401824+00:00, run_after=2025-08-14T09:41:37.401824+00:00
[2025-08-14T09:41:37.418+0000] {processor.py:179} INFO - Processing /home/vscode/.local/lib/python3.10/site-packages/airflow/example_dags/example_short_circuit_operator.py took 0.052 seconds
[2025-08-14T09:42:21.005+0000] {processor.py:157} INFO - Started process (PID=4880) to work on /home/vscode/.local/lib/python3.10/site-packages/airflow/example_dags/example_short_circuit_operator.py
[2025-08-14T09:42:21.006+0000] {processor.py:826} INFO - Processing file /home/vscode/.local/lib/python3.10/site-packages/airflow/example_dags/example_short_circuit_operator.py for tasks to queue
[2025-08-14T09:42:21.007+0000] {logging_mixin.py:150} INFO - [2025-08-14T09:42:21.007+0000] {dagbag.py:541} INFO - Filling up the DagBag from /home/vscode/.local/lib/python3.10/site-packages/airflow/example_dags/example_short_circuit_operator.py
[2025-08-14T09:42:21.017+0000] {processor.py:836} INFO - DAG(s) dict_keys(['example_short_circuit_operator']) retrieved from /home/vscode/.local/lib/python3.10/site-packages/airflow/example_dags/example_short_circuit_operator.py
[2025-08-14T09:42:21.039+0000] {logging_mixin.py:150} INFO - [2025-08-14T09:42:21.039+0000] {dag.py:2742} INFO - Sync 1 DAGs
[2025-08-14T09:42:21.062+0000] {logging_mixin.py:150} INFO - [2025-08-14T09:42:21.062+0000] {dag.py:3504} INFO - Setting next_dagrun for example_short_circuit_operator to 2025-08-13T09:42:21.061905+00:00, run_after=2025-08-14T09:42:21.061905+00:00
[2025-08-14T09:42:21.086+0000] {processor.py:179} INFO - Processing /home/vscode/.local/lib/python3.10/site-packages/airflow/example_dags/example_short_circuit_operator.py took 0.084 seconds
[2025-08-14T09:43:05.166+0000] {processor.py:157} INFO - Started process (PID=5186) to work on /home/vscode/.local/lib/python3.10/site-packages/airflow/example_dags/example_short_circuit_operator.py
[2025-08-14T09:43:05.167+0000] {processor.py:826} INFO - Processing file /home/vscode/.local/lib/python3.10/site-packages/airflow/example_dags/example_short_circuit_operator.py for tasks to queue
[2025-08-14T09:43:05.167+0000] {logging_mixin.py:150} INFO - [2025-08-14T09:43:05.167+0000] {dagbag.py:541} INFO - Filling up the DagBag from /home/vscode/.local/lib/python3.10/site-packages/airflow/example_dags/example_short_circuit_operator.py
[2025-08-14T09:43:05.173+0000] {processor.py:836} INFO - DAG(s) dict_keys(['example_short_circuit_operator']) retrieved from /home/vscode/.local/lib/python3.10/site-packages/airflow/example_dags/example_short_circuit_operator.py
[2025-08-14T09:43:05.186+0000] {logging_mixin.py:150} INFO - [2025-08-14T09:43:05.186+0000] {dag.py:2742} INFO - Sync 1 DAGs
[2025-08-14T09:43:05.199+0000] {logging_mixin.py:150} INFO - [2025-08-14T09:43:05.199+0000] {dag.py:3504} INFO - Setting next_dagrun for example_short_circuit_operator to 2025-08-13T09:43:05.199226+00:00, run_after=2025-08-14T09:43:05.199226+00:00
[2025-08-14T09:43:05.215+0000] {processor.py:179} INFO - Processing /home/vscode/.local/lib/python3.10/site-packages/airflow/example_dags/example_short_circuit_operator.py took 0.050 seconds
[2025-08-14T09:43:52.390+0000] {processor.py:157} INFO - Started process (PID=5535) to work on /home/vscode/.local/lib/python3.10/site-packages/airflow/example_dags/example_short_circuit_operator.py
[2025-08-14T09:43:52.391+0000] {processor.py:826} INFO - Processing file /home/vscode/.local/lib/python3.10/site-packages/airflow/example_dags/example_short_circuit_operator.py for tasks to queue
[2025-08-14T09:43:52.391+0000] {logging_mixin.py:150} INFO - [2025-08-14T09:43:52.391+0000] {dagbag.py:541} INFO - Filling up the DagBag from /home/vscode/.local/lib/python3.10/site-packages/airflow/example_dags/example_short_circuit_operator.py
[2025-08-14T09:43:52.397+0000] {processor.py:836} INFO - DAG(s) dict_keys(['example_short_circuit_operator']) retrieved from /home/vscode/.local/lib/python3.10/site-packages/airflow/example_dags/example_short_circuit_operator.py
[2025-08-14T09:43:52.411+0000] {logging_mixin.py:150} INFO - [2025-08-14T09:43:52.411+0000] {dag.py:2742} INFO - Sync 1 DAGs
[2025-08-14T09:43:52.425+0000] {logging_mixin.py:150} INFO - [2025-08-14T09:43:52.425+0000] {dag.py:3504} INFO - Setting next_dagrun for example_short_circuit_operator to 2025-08-13T09:43:52.425536+00:00, run_after=2025-08-14T09:43:52.425536+00:00
[2025-08-14T09:43:52.441+0000] {processor.py:179} INFO - Processing /home/vscode/.local/lib/python3.10/site-packages/airflow/example_dags/example_short_circuit_operator.py took 0.053 seconds
[2025-08-14T09:44:34.856+0000] {processor.py:157} INFO - Started process (PID=5852) to work on /home/vscode/.local/lib/python3.10/site-packages/airflow/example_dags/example_short_circuit_operator.py
[2025-08-14T09:44:34.856+0000] {processor.py:826} INFO - Processing file /home/vscode/.local/lib/python3.10/site-packages/airflow/example_dags/example_short_circuit_operator.py for tasks to queue
[2025-08-14T09:44:34.857+0000] {logging_mixin.py:150} INFO - [2025-08-14T09:44:34.857+0000] {dagbag.py:541} INFO - Filling up the DagBag from /home/vscode/.local/lib/python3.10/site-packages/airflow/example_dags/example_short_circuit_operator.py
[2025-08-14T09:44:34.863+0000] {processor.py:836} INFO - DAG(s) dict_keys(['example_short_circuit_operator']) retrieved from /home/vscode/.local/lib/python3.10/site-packages/airflow/example_dags/example_short_circuit_operator.py
[2025-08-14T09:44:34.877+0000] {logging_mixin.py:150} INFO - [2025-08-14T09:44:34.877+0000] {dag.py:2742} INFO - Sync 1 DAGs
[2025-08-14T09:44:34.891+0000] {logging_mixin.py:150} INFO - [2025-08-14T09:44:34.891+0000] {dag.py:3504} INFO - Setting next_dagrun for example_short_circuit_operator to 2025-08-13T09:44:34.891219+00:00, run_after=2025-08-14T09:44:34.891219+00:00
[2025-08-14T09:44:34.906+0000] {processor.py:179} INFO - Processing /home/vscode/.local/lib/python3.10/site-packages/airflow/example_dags/example_short_circuit_operator.py took 0.052 seconds
[2025-08-14T09:45:16.676+0000] {processor.py:157} INFO - Started process (PID=6164) to work on /home/vscode/.local/lib/python3.10/site-packages/airflow/example_dags/example_short_circuit_operator.py
[2025-08-14T09:45:16.677+0000] {processor.py:826} INFO - Processing file /home/vscode/.local/lib/python3.10/site-packages/airflow/example_dags/example_short_circuit_operator.py for tasks to queue
[2025-08-14T09:45:16.677+0000] {logging_mixin.py:150} INFO - [2025-08-14T09:45:16.677+0000] {dagbag.py:541} INFO - Filling up the DagBag from /home/vscode/.local/lib/python3.10/site-packages/airflow/example_dags/example_short_circuit_operator.py
[2025-08-14T09:45:16.683+0000] {processor.py:836} INFO - DAG(s) dict_keys(['example_short_circuit_operator']) retrieved from /home/vscode/.local/lib/python3.10/site-packages/airflow/example_dags/example_short_circuit_operator.py
[2025-08-14T09:45:16.697+0000] {logging_mixin.py:150} INFO - [2025-08-14T09:45:16.696+0000] {dag.py:2742} INFO - Sync 1 DAGs
[2025-08-14T09:45:16.710+0000] {logging_mixin.py:150} INFO - [2025-08-14T09:45:16.710+0000] {dag.py:3504} INFO - Setting next_dagrun for example_short_circuit_operator to 2025-08-13T09:45:16.710219+00:00, run_after=2025-08-14T09:45:16.710219+00:00
[2025-08-14T09:45:16.725+0000] {processor.py:179} INFO - Processing /home/vscode/.local/lib/python3.10/site-packages/airflow/example_dags/example_short_circuit_operator.py took 0.051 seconds
[2025-08-14T09:46:01.915+0000] {processor.py:157} INFO - Started process (PID=6465) to work on /home/vscode/.local/lib/python3.10/site-packages/airflow/example_dags/example_short_circuit_operator.py
[2025-08-14T09:46:01.915+0000] {processor.py:826} INFO - Processing file /home/vscode/.local/lib/python3.10/site-packages/airflow/example_dags/example_short_circuit_operator.py for tasks to queue
[2025-08-14T09:46:01.916+0000] {logging_mixin.py:150} INFO - [2025-08-14T09:46:01.916+0000] {dagbag.py:541} INFO - Filling up the DagBag from /home/vscode/.local/lib/python3.10/site-packages/airflow/example_dags/example_short_circuit_operator.py
[2025-08-14T09:46:01.922+0000] {processor.py:836} INFO - DAG(s) dict_keys(['example_short_circuit_operator']) retrieved from /home/vscode/.local/lib/python3.10/site-packages/airflow/example_dags/example_short_circuit_operator.py
[2025-08-14T09:46:01.935+0000] {logging_mixin.py:150} INFO - [2025-08-14T09:46:01.935+0000] {dag.py:2742} INFO - Sync 1 DAGs
[2025-08-14T09:46:01.949+0000] {logging_mixin.py:150} INFO - [2025-08-14T09:46:01.949+0000] {dag.py:3504} INFO - Setting next_dagrun for example_short_circuit_operator to 2025-08-13T09:46:01.949024+00:00, run_after=2025-08-14T09:46:01.949024+00:00
[2025-08-14T09:46:01.965+0000] {processor.py:179} INFO - Processing /home/vscode/.local/lib/python3.10/site-packages/airflow/example_dags/example_short_circuit_operator.py took 0.052 seconds
[2025-08-14T09:46:47.046+0000] {processor.py:157} INFO - Started process (PID=6771) to work on /home/vscode/.local/lib/python3.10/site-packages/airflow/example_dags/example_short_circuit_operator.py
[2025-08-14T09:46:47.046+0000] {processor.py:826} INFO - Processing file /home/vscode/.local/lib/python3.10/site-packages/airflow/example_dags/example_short_circuit_operator.py for tasks to queue
[2025-08-14T09:46:47.047+0000] {logging_mixin.py:150} INFO - [2025-08-14T09:46:47.047+0000] {dagbag.py:541} INFO - Filling up the DagBag from /home/vscode/.local/lib/python3.10/site-packages/airflow/example_dags/example_short_circuit_operator.py
[2025-08-14T09:46:47.053+0000] {processor.py:836} INFO - DAG(s) dict_keys(['example_short_circuit_operator']) retrieved from /home/vscode/.local/lib/python3.10/site-packages/airflow/example_dags/example_short_circuit_operator.py
[2025-08-14T09:46:47.067+0000] {logging_mixin.py:150} INFO - [2025-08-14T09:46:47.066+0000] {dag.py:2742} INFO - Sync 1 DAGs
[2025-08-14T09:46:47.080+0000] {logging_mixin.py:150} INFO - [2025-08-14T09:46:47.080+0000] {dag.py:3504} INFO - Setting next_dagrun for example_short_circuit_operator to 2025-08-13T09:46:47.080666+00:00, run_after=2025-08-14T09:46:47.080666+00:00
[2025-08-14T09:46:47.096+0000] {processor.py:179} INFO - Processing /home/vscode/.local/lib/python3.10/site-packages/airflow/example_dags/example_short_circuit_operator.py took 0.052 seconds
[2025-08-14T09:47:33.353+0000] {processor.py:157} INFO - Started process (PID=7083) to work on /home/vscode/.local/lib/python3.10/site-packages/airflow/example_dags/example_short_circuit_operator.py
[2025-08-14T09:47:33.354+0000] {processor.py:826} INFO - Processing file /home/vscode/.local/lib/python3.10/site-packages/airflow/example_dags/example_short_circuit_operator.py for tasks to queue
[2025-08-14T09:47:33.355+0000] {logging_mixin.py:150} INFO - [2025-08-14T09:47:33.354+0000] {dagbag.py:541} INFO - Filling up the DagBag from /home/vscode/.local/lib/python3.10/site-packages/airflow/example_dags/example_short_circuit_operator.py
[2025-08-14T09:47:33.360+0000] {processor.py:836} INFO - DAG(s) dict_keys(['example_short_circuit_operator']) retrieved from /home/vscode/.local/lib/python3.10/site-packages/airflow/example_dags/example_short_circuit_operator.py
[2025-08-14T09:47:33.375+0000] {logging_mixin.py:150} INFO - [2025-08-14T09:47:33.374+0000] {dag.py:2742} INFO - Sync 1 DAGs
[2025-08-14T09:47:33.389+0000] {logging_mixin.py:150} INFO - [2025-08-14T09:47:33.388+0000] {dag.py:3504} INFO - Setting next_dagrun for example_short_circuit_operator to 2025-08-13T09:47:33.388743+00:00, run_after=2025-08-14T09:47:33.388743+00:00
[2025-08-14T09:47:33.405+0000] {processor.py:179} INFO - Processing /home/vscode/.local/lib/python3.10/site-packages/airflow/example_dags/example_short_circuit_operator.py took 0.053 seconds
[2025-08-14T09:48:21.590+0000] {processor.py:157} INFO - Started process (PID=7424) to work on /home/vscode/.local/lib/python3.10/site-packages/airflow/example_dags/example_short_circuit_operator.py
[2025-08-14T09:48:21.591+0000] {processor.py:826} INFO - Processing file /home/vscode/.local/lib/python3.10/site-packages/airflow/example_dags/example_short_circuit_operator.py for tasks to queue
[2025-08-14T09:48:21.591+0000] {logging_mixin.py:150} INFO - [2025-08-14T09:48:21.591+0000] {dagbag.py:541} INFO - Filling up the DagBag from /home/vscode/.local/lib/python3.10/site-packages/airflow/example_dags/example_short_circuit_operator.py
[2025-08-14T09:48:21.598+0000] {processor.py:836} INFO - DAG(s) dict_keys(['example_short_circuit_operator']) retrieved from /home/vscode/.local/lib/python3.10/site-packages/airflow/example_dags/example_short_circuit_operator.py
[2025-08-14T09:48:21.611+0000] {logging_mixin.py:150} INFO - [2025-08-14T09:48:21.611+0000] {dag.py:2742} INFO - Sync 1 DAGs
[2025-08-14T09:48:21.625+0000] {logging_mixin.py:150} INFO - [2025-08-14T09:48:21.625+0000] {dag.py:3504} INFO - Setting next_dagrun for example_short_circuit_operator to 2025-08-13T09:48:21.624956+00:00, run_after=2025-08-14T09:48:21.624956+00:00
[2025-08-14T09:48:21.640+0000] {processor.py:179} INFO - Processing /home/vscode/.local/lib/python3.10/site-packages/airflow/example_dags/example_short_circuit_operator.py took 0.051 seconds
[2025-08-14T09:49:06.979+0000] {processor.py:157} INFO - Started process (PID=7769) to work on /home/vscode/.local/lib/python3.10/site-packages/airflow/example_dags/example_short_circuit_operator.py
[2025-08-14T09:49:06.980+0000] {processor.py:826} INFO - Processing file /home/vscode/.local/lib/python3.10/site-packages/airflow/example_dags/example_short_circuit_operator.py for tasks to queue
[2025-08-14T09:49:06.980+0000] {logging_mixin.py:150} INFO - [2025-08-14T09:49:06.980+0000] {dagbag.py:541} INFO - Filling up the DagBag from /home/vscode/.local/lib/python3.10/site-packages/airflow/example_dags/example_short_circuit_operator.py
[2025-08-14T09:49:06.986+0000] {processor.py:836} INFO - DAG(s) dict_keys(['example_short_circuit_operator']) retrieved from /home/vscode/.local/lib/python3.10/site-packages/airflow/example_dags/example_short_circuit_operator.py
[2025-08-14T09:49:07.000+0000] {logging_mixin.py:150} INFO - [2025-08-14T09:49:07.000+0000] {dag.py:2742} INFO - Sync 1 DAGs
[2025-08-14T09:49:07.015+0000] {logging_mixin.py:150} INFO - [2025-08-14T09:49:07.015+0000] {dag.py:3504} INFO - Setting next_dagrun for example_short_circuit_operator to 2025-08-13T09:49:07.015506+00:00, run_after=2025-08-14T09:49:07.015506+00:00
[2025-08-14T09:49:07.033+0000] {processor.py:179} INFO - Processing /home/vscode/.local/lib/python3.10/site-packages/airflow/example_dags/example_short_circuit_operator.py took 0.056 seconds
[2025-08-14T09:49:52.824+0000] {processor.py:157} INFO - Started process (PID=8114) to work on /home/vscode/.local/lib/python3.10/site-packages/airflow/example_dags/example_short_circuit_operator.py
[2025-08-14T09:49:52.825+0000] {processor.py:826} INFO - Processing file /home/vscode/.local/lib/python3.10/site-packages/airflow/example_dags/example_short_circuit_operator.py for tasks to queue
[2025-08-14T09:49:52.825+0000] {logging_mixin.py:150} INFO - [2025-08-14T09:49:52.825+0000] {dagbag.py:541} INFO - Filling up the DagBag from /home/vscode/.local/lib/python3.10/site-packages/airflow/example_dags/example_short_circuit_operator.py
[2025-08-14T09:49:52.831+0000] {processor.py:836} INFO - DAG(s) dict_keys(['example_short_circuit_operator']) retrieved from /home/vscode/.local/lib/python3.10/site-packages/airflow/example_dags/example_short_circuit_operator.py
[2025-08-14T09:49:52.850+0000] {logging_mixin.py:150} INFO - [2025-08-14T09:49:52.849+0000] {dag.py:2742} INFO - Sync 1 DAGs
[2025-08-14T09:49:52.869+0000] {logging_mixin.py:150} INFO - [2025-08-14T09:49:52.869+0000] {dag.py:3504} INFO - Setting next_dagrun for example_short_circuit_operator to 2025-08-13T09:49:52.869578+00:00, run_after=2025-08-14T09:49:52.869578+00:00
[2025-08-14T09:49:52.892+0000] {processor.py:179} INFO - Processing /home/vscode/.local/lib/python3.10/site-packages/airflow/example_dags/example_short_circuit_operator.py took 0.070 seconds
[2025-08-14T09:50:37.074+0000] {processor.py:157} INFO - Started process (PID=8439) to work on /home/vscode/.local/lib/python3.10/site-packages/airflow/example_dags/example_short_circuit_operator.py
[2025-08-14T09:50:37.075+0000] {processor.py:826} INFO - Processing file /home/vscode/.local/lib/python3.10/site-packages/airflow/example_dags/example_short_circuit_operator.py for tasks to queue
[2025-08-14T09:50:37.075+0000] {logging_mixin.py:150} INFO - [2025-08-14T09:50:37.075+0000] {dagbag.py:541} INFO - Filling up the DagBag from /home/vscode/.local/lib/python3.10/site-packages/airflow/example_dags/example_short_circuit_operator.py
[2025-08-14T09:50:37.081+0000] {processor.py:836} INFO - DAG(s) dict_keys(['example_short_circuit_operator']) retrieved from /home/vscode/.local/lib/python3.10/site-packages/airflow/example_dags/example_short_circuit_operator.py
[2025-08-14T09:50:37.094+0000] {logging_mixin.py:150} INFO - [2025-08-14T09:50:37.094+0000] {dag.py:2742} INFO - Sync 1 DAGs
[2025-08-14T09:50:37.108+0000] {logging_mixin.py:150} INFO - [2025-08-14T09:50:37.108+0000] {dag.py:3504} INFO - Setting next_dagrun for example_short_circuit_operator to 2025-08-13T09:50:37.108632+00:00, run_after=2025-08-14T09:50:37.108632+00:00
[2025-08-14T09:50:37.124+0000] {processor.py:179} INFO - Processing /home/vscode/.local/lib/python3.10/site-packages/airflow/example_dags/example_short_circuit_operator.py took 0.051 seconds
[2025-08-14T09:51:20.434+0000] {processor.py:157} INFO - Started process (PID=8764) to work on /home/vscode/.local/lib/python3.10/site-packages/airflow/example_dags/example_short_circuit_operator.py
[2025-08-14T09:51:20.435+0000] {processor.py:826} INFO - Processing file /home/vscode/.local/lib/python3.10/site-packages/airflow/example_dags/example_short_circuit_operator.py for tasks to queue
[2025-08-14T09:51:20.436+0000] {logging_mixin.py:150} INFO - [2025-08-14T09:51:20.435+0000] {dagbag.py:541} INFO - Filling up the DagBag from /home/vscode/.local/lib/python3.10/site-packages/airflow/example_dags/example_short_circuit_operator.py
[2025-08-14T09:51:20.444+0000] {processor.py:836} INFO - DAG(s) dict_keys(['example_short_circuit_operator']) retrieved from /home/vscode/.local/lib/python3.10/site-packages/airflow/example_dags/example_short_circuit_operator.py
[2025-08-14T09:51:20.462+0000] {logging_mixin.py:150} INFO - [2025-08-14T09:51:20.462+0000] {dag.py:2742} INFO - Sync 1 DAGs
[2025-08-14T09:51:20.476+0000] {logging_mixin.py:150} INFO - [2025-08-14T09:51:20.476+0000] {dag.py:3504} INFO - Setting next_dagrun for example_short_circuit_operator to 2025-08-13T09:51:20.476664+00:00, run_after=2025-08-14T09:51:20.476664+00:00
[2025-08-14T09:51:20.496+0000] {processor.py:179} INFO - Processing /home/vscode/.local/lib/python3.10/site-packages/airflow/example_dags/example_short_circuit_operator.py took 0.064 seconds
[2025-08-14T09:52:09.016+0000] {processor.py:157} INFO - Started process (PID=9096) to work on /home/vscode/.local/lib/python3.10/site-packages/airflow/example_dags/example_short_circuit_operator.py
[2025-08-14T09:52:09.018+0000] {processor.py:826} INFO - Processing file /home/vscode/.local/lib/python3.10/site-packages/airflow/example_dags/example_short_circuit_operator.py for tasks to queue
[2025-08-14T09:52:09.019+0000] {logging_mixin.py:150} INFO - [2025-08-14T09:52:09.019+0000] {dagbag.py:541} INFO - Filling up the DagBag from /home/vscode/.local/lib/python3.10/site-packages/airflow/example_dags/example_short_circuit_operator.py
[2025-08-14T09:52:09.028+0000] {processor.py:836} INFO - DAG(s) dict_keys(['example_short_circuit_operator']) retrieved from /home/vscode/.local/lib/python3.10/site-packages/airflow/example_dags/example_short_circuit_operator.py
[2025-08-14T09:52:09.048+0000] {logging_mixin.py:150} INFO - [2025-08-14T09:52:09.048+0000] {dag.py:2742} INFO - Sync 1 DAGs
[2025-08-14T09:52:09.064+0000] {logging_mixin.py:150} INFO - [2025-08-14T09:52:09.064+0000] {dag.py:3504} INFO - Setting next_dagrun for example_short_circuit_operator to 2025-08-13T09:52:09.064438+00:00, run_after=2025-08-14T09:52:09.064438+00:00
[2025-08-14T09:52:09.080+0000] {processor.py:179} INFO - Processing /home/vscode/.local/lib/python3.10/site-packages/airflow/example_dags/example_short_circuit_operator.py took 0.066 seconds
[2025-08-14T09:52:56.659+0000] {processor.py:157} INFO - Started process (PID=9415) to work on /home/vscode/.local/lib/python3.10/site-packages/airflow/example_dags/example_short_circuit_operator.py
[2025-08-14T09:52:56.660+0000] {processor.py:826} INFO - Processing file /home/vscode/.local/lib/python3.10/site-packages/airflow/example_dags/example_short_circuit_operator.py for tasks to queue
[2025-08-14T09:52:56.660+0000] {logging_mixin.py:150} INFO - [2025-08-14T09:52:56.660+0000] {dagbag.py:541} INFO - Filling up the DagBag from /home/vscode/.local/lib/python3.10/site-packages/airflow/example_dags/example_short_circuit_operator.py
[2025-08-14T09:52:56.668+0000] {processor.py:836} INFO - DAG(s) dict_keys(['example_short_circuit_operator']) retrieved from /home/vscode/.local/lib/python3.10/site-packages/airflow/example_dags/example_short_circuit_operator.py
[2025-08-14T09:52:56.681+0000] {logging_mixin.py:150} INFO - [2025-08-14T09:52:56.681+0000] {dag.py:2742} INFO - Sync 1 DAGs
[2025-08-14T09:52:56.695+0000] {logging_mixin.py:150} INFO - [2025-08-14T09:52:56.695+0000] {dag.py:3504} INFO - Setting next_dagrun for example_short_circuit_operator to 2025-08-13T09:52:56.695440+00:00, run_after=2025-08-14T09:52:56.695440+00:00
[2025-08-14T09:52:56.711+0000] {processor.py:179} INFO - Processing /home/vscode/.local/lib/python3.10/site-packages/airflow/example_dags/example_short_circuit_operator.py took 0.054 seconds
[2025-08-14T09:53:45.481+0000] {processor.py:157} INFO - Started process (PID=9741) to work on /home/vscode/.local/lib/python3.10/site-packages/airflow/example_dags/example_short_circuit_operator.py
[2025-08-14T09:53:45.481+0000] {processor.py:826} INFO - Processing file /home/vscode/.local/lib/python3.10/site-packages/airflow/example_dags/example_short_circuit_operator.py for tasks to queue
[2025-08-14T09:53:45.482+0000] {logging_mixin.py:150} INFO - [2025-08-14T09:53:45.482+0000] {dagbag.py:541} INFO - Filling up the DagBag from /home/vscode/.local/lib/python3.10/site-packages/airflow/example_dags/example_short_circuit_operator.py
[2025-08-14T09:53:45.488+0000] {processor.py:836} INFO - DAG(s) dict_keys(['example_short_circuit_operator']) retrieved from /home/vscode/.local/lib/python3.10/site-packages/airflow/example_dags/example_short_circuit_operator.py
[2025-08-14T09:53:45.501+0000] {logging_mixin.py:150} INFO - [2025-08-14T09:53:45.501+0000] {dag.py:2742} INFO - Sync 1 DAGs
[2025-08-14T09:53:45.516+0000] {logging_mixin.py:150} INFO - [2025-08-14T09:53:45.516+0000] {dag.py:3504} INFO - Setting next_dagrun for example_short_circuit_operator to 2025-08-13T09:53:45.515880+00:00, run_after=2025-08-14T09:53:45.515880+00:00
[2025-08-14T09:53:45.531+0000] {processor.py:179} INFO - Processing /home/vscode/.local/lib/python3.10/site-packages/airflow/example_dags/example_short_circuit_operator.py took 0.053 seconds
[2025-08-14T09:54:27.985+0000] {processor.py:157} INFO - Started process (PID=10029) to work on /home/vscode/.local/lib/python3.10/site-packages/airflow/example_dags/example_short_circuit_operator.py
[2025-08-14T09:54:27.986+0000] {processor.py:826} INFO - Processing file /home/vscode/.local/lib/python3.10/site-packages/airflow/example_dags/example_short_circuit_operator.py for tasks to queue
[2025-08-14T09:54:27.987+0000] {logging_mixin.py:150} INFO - [2025-08-14T09:54:27.986+0000] {dagbag.py:541} INFO - Filling up the DagBag from /home/vscode/.local/lib/python3.10/site-packages/airflow/example_dags/example_short_circuit_operator.py
[2025-08-14T09:54:27.993+0000] {processor.py:836} INFO - DAG(s) dict_keys(['example_short_circuit_operator']) retrieved from /home/vscode/.local/lib/python3.10/site-packages/airflow/example_dags/example_short_circuit_operator.py
[2025-08-14T09:54:28.006+0000] {logging_mixin.py:150} INFO - [2025-08-14T09:54:28.006+0000] {dag.py:2742} INFO - Sync 1 DAGs
[2025-08-14T09:54:28.022+0000] {logging_mixin.py:150} INFO - [2025-08-14T09:54:28.021+0000] {dag.py:3504} INFO - Setting next_dagrun for example_short_circuit_operator to 2025-08-13T09:54:28.021727+00:00, run_after=2025-08-14T09:54:28.021727+00:00
[2025-08-14T09:54:28.037+0000] {processor.py:179} INFO - Processing /home/vscode/.local/lib/python3.10/site-packages/airflow/example_dags/example_short_circuit_operator.py took 0.054 seconds
[2025-08-14T09:55:15.679+0000] {processor.py:157} INFO - Started process (PID=10348) to work on /home/vscode/.local/lib/python3.10/site-packages/airflow/example_dags/example_short_circuit_operator.py
[2025-08-14T09:55:15.680+0000] {processor.py:826} INFO - Processing file /home/vscode/.local/lib/python3.10/site-packages/airflow/example_dags/example_short_circuit_operator.py for tasks to queue
[2025-08-14T09:55:15.681+0000] {logging_mixin.py:150} INFO - [2025-08-14T09:55:15.680+0000] {dagbag.py:541} INFO - Filling up the DagBag from /home/vscode/.local/lib/python3.10/site-packages/airflow/example_dags/example_short_circuit_operator.py
[2025-08-14T09:55:15.687+0000] {processor.py:836} INFO - DAG(s) dict_keys(['example_short_circuit_operator']) retrieved from /home/vscode/.local/lib/python3.10/site-packages/airflow/example_dags/example_short_circuit_operator.py
[2025-08-14T09:55:15.700+0000] {logging_mixin.py:150} INFO - [2025-08-14T09:55:15.700+0000] {dag.py:2742} INFO - Sync 1 DAGs
[2025-08-14T09:55:15.714+0000] {logging_mixin.py:150} INFO - [2025-08-14T09:55:15.714+0000] {dag.py:3504} INFO - Setting next_dagrun for example_short_circuit_operator to 2025-08-13T09:55:15.713972+00:00, run_after=2025-08-14T09:55:15.713972+00:00
[2025-08-14T09:55:15.729+0000] {processor.py:179} INFO - Processing /home/vscode/.local/lib/python3.10/site-packages/airflow/example_dags/example_short_circuit_operator.py took 0.056 seconds
[2025-08-14T09:56:01.719+0000] {processor.py:157} INFO - Started process (PID=10659) to work on /home/vscode/.local/lib/python3.10/site-packages/airflow/example_dags/example_short_circuit_operator.py
[2025-08-14T09:56:01.720+0000] {processor.py:826} INFO - Processing file /home/vscode/.local/lib/python3.10/site-packages/airflow/example_dags/example_short_circuit_operator.py for tasks to queue
[2025-08-14T09:56:01.721+0000] {logging_mixin.py:150} INFO - [2025-08-14T09:56:01.720+0000] {dagbag.py:541} INFO - Filling up the DagBag from /home/vscode/.local/lib/python3.10/site-packages/airflow/example_dags/example_short_circuit_operator.py
[2025-08-14T09:56:01.727+0000] {processor.py:836} INFO - DAG(s) dict_keys(['example_short_circuit_operator']) retrieved from /home/vscode/.local/lib/python3.10/site-packages/airflow/example_dags/example_short_circuit_operator.py
[2025-08-14T09:56:01.740+0000] {logging_mixin.py:150} INFO - [2025-08-14T09:56:01.740+0000] {dag.py:2742} INFO - Sync 1 DAGs
[2025-08-14T09:56:01.754+0000] {logging_mixin.py:150} INFO - [2025-08-14T09:56:01.754+0000] {dag.py:3504} INFO - Setting next_dagrun for example_short_circuit_operator to 2025-08-13T09:56:01.754387+00:00, run_after=2025-08-14T09:56:01.754387+00:00
[2025-08-14T09:56:01.770+0000] {processor.py:179} INFO - Processing /home/vscode/.local/lib/python3.10/site-packages/airflow/example_dags/example_short_circuit_operator.py took 0.053 seconds
[2025-08-14T09:56:46.856+0000] {processor.py:157} INFO - Started process (PID=11025) to work on /home/vscode/.local/lib/python3.10/site-packages/airflow/example_dags/example_short_circuit_operator.py
[2025-08-14T09:56:46.857+0000] {processor.py:826} INFO - Processing file /home/vscode/.local/lib/python3.10/site-packages/airflow/example_dags/example_short_circuit_operator.py for tasks to queue
[2025-08-14T09:56:46.857+0000] {logging_mixin.py:150} INFO - [2025-08-14T09:56:46.857+0000] {dagbag.py:541} INFO - Filling up the DagBag from /home/vscode/.local/lib/python3.10/site-packages/airflow/example_dags/example_short_circuit_operator.py
[2025-08-14T09:56:46.863+0000] {processor.py:836} INFO - DAG(s) dict_keys(['example_short_circuit_operator']) retrieved from /home/vscode/.local/lib/python3.10/site-packages/airflow/example_dags/example_short_circuit_operator.py
[2025-08-14T09:56:46.876+0000] {logging_mixin.py:150} INFO - [2025-08-14T09:56:46.876+0000] {dag.py:2742} INFO - Sync 1 DAGs
[2025-08-14T09:56:46.891+0000] {logging_mixin.py:150} INFO - [2025-08-14T09:56:46.891+0000] {dag.py:3504} INFO - Setting next_dagrun for example_short_circuit_operator to 2025-08-13T09:56:46.890838+00:00, run_after=2025-08-14T09:56:46.890838+00:00
[2025-08-14T09:56:46.907+0000] {processor.py:179} INFO - Processing /home/vscode/.local/lib/python3.10/site-packages/airflow/example_dags/example_short_circuit_operator.py took 0.053 seconds
[2025-08-14T09:57:35.235+0000] {processor.py:157} INFO - Started process (PID=11422) to work on /home/vscode/.local/lib/python3.10/site-packages/airflow/example_dags/example_short_circuit_operator.py
[2025-08-14T09:57:35.235+0000] {processor.py:826} INFO - Processing file /home/vscode/.local/lib/python3.10/site-packages/airflow/example_dags/example_short_circuit_operator.py for tasks to queue
[2025-08-14T09:57:35.236+0000] {logging_mixin.py:150} INFO - [2025-08-14T09:57:35.236+0000] {dagbag.py:541} INFO - Filling up the DagBag from /home/vscode/.local/lib/python3.10/site-packages/airflow/example_dags/example_short_circuit_operator.py
[2025-08-14T09:57:35.242+0000] {processor.py:836} INFO - DAG(s) dict_keys(['example_short_circuit_operator']) retrieved from /home/vscode/.local/lib/python3.10/site-packages/airflow/example_dags/example_short_circuit_operator.py
[2025-08-14T09:57:35.257+0000] {logging_mixin.py:150} INFO - [2025-08-14T09:57:35.257+0000] {dag.py:2742} INFO - Sync 1 DAGs
[2025-08-14T09:57:35.272+0000] {logging_mixin.py:150} INFO - [2025-08-14T09:57:35.272+0000] {dag.py:3504} INFO - Setting next_dagrun for example_short_circuit_operator to 2025-08-13T09:57:35.272221+00:00, run_after=2025-08-14T09:57:35.272221+00:00
[2025-08-14T09:57:35.287+0000] {processor.py:179} INFO - Processing /home/vscode/.local/lib/python3.10/site-packages/airflow/example_dags/example_short_circuit_operator.py took 0.055 seconds
[2025-08-14T09:58:24.292+0000] {processor.py:157} INFO - Started process (PID=11749) to work on /home/vscode/.local/lib/python3.10/site-packages/airflow/example_dags/example_short_circuit_operator.py
[2025-08-14T09:58:24.293+0000] {processor.py:826} INFO - Processing file /home/vscode/.local/lib/python3.10/site-packages/airflow/example_dags/example_short_circuit_operator.py for tasks to queue
[2025-08-14T09:58:24.293+0000] {logging_mixin.py:150} INFO - [2025-08-14T09:58:24.293+0000] {dagbag.py:541} INFO - Filling up the DagBag from /home/vscode/.local/lib/python3.10/site-packages/airflow/example_dags/example_short_circuit_operator.py
[2025-08-14T09:58:24.299+0000] {processor.py:836} INFO - DAG(s) dict_keys(['example_short_circuit_operator']) retrieved from /home/vscode/.local/lib/python3.10/site-packages/airflow/example_dags/example_short_circuit_operator.py
[2025-08-14T09:58:24.312+0000] {logging_mixin.py:150} INFO - [2025-08-14T09:58:24.312+0000] {dag.py:2742} INFO - Sync 1 DAGs
[2025-08-14T09:58:24.326+0000] {logging_mixin.py:150} INFO - [2025-08-14T09:58:24.326+0000] {dag.py:3504} INFO - Setting next_dagrun for example_short_circuit_operator to 2025-08-13T09:58:24.326018+00:00, run_after=2025-08-14T09:58:24.326018+00:00
[2025-08-14T09:58:24.342+0000] {processor.py:179} INFO - Processing /home/vscode/.local/lib/python3.10/site-packages/airflow/example_dags/example_short_circuit_operator.py took 0.052 seconds
[2025-08-14T10:05:56.262+0000] {processor.py:157} INFO - Started process (PID=15106) to work on /home/vscode/.local/lib/python3.10/site-packages/airflow/example_dags/example_short_circuit_operator.py
[2025-08-14T10:05:56.263+0000] {processor.py:826} INFO - Processing file /home/vscode/.local/lib/python3.10/site-packages/airflow/example_dags/example_short_circuit_operator.py for tasks to queue
[2025-08-14T10:05:56.263+0000] {logging_mixin.py:150} INFO - [2025-08-14T10:05:56.263+0000] {dagbag.py:541} INFO - Filling up the DagBag from /home/vscode/.local/lib/python3.10/site-packages/airflow/example_dags/example_short_circuit_operator.py
[2025-08-14T10:05:56.271+0000] {processor.py:836} INFO - DAG(s) dict_keys(['example_short_circuit_operator']) retrieved from /home/vscode/.local/lib/python3.10/site-packages/airflow/example_dags/example_short_circuit_operator.py
[2025-08-14T10:05:56.286+0000] {logging_mixin.py:150} INFO - [2025-08-14T10:05:56.286+0000] {dag.py:2742} INFO - Sync 1 DAGs
[2025-08-14T10:05:56.301+0000] {logging_mixin.py:150} INFO - [2025-08-14T10:05:56.301+0000] {dag.py:3504} INFO - Setting next_dagrun for example_short_circuit_operator to 2025-08-13T10:05:56.301418+00:00, run_after=2025-08-14T10:05:56.301418+00:00
[2025-08-14T10:05:56.316+0000] {processor.py:179} INFO - Processing /home/vscode/.local/lib/python3.10/site-packages/airflow/example_dags/example_short_circuit_operator.py took 0.057 seconds
[2025-08-14T10:06:41.510+0000] {processor.py:157} INFO - Started process (PID=15412) to work on /home/vscode/.local/lib/python3.10/site-packages/airflow/example_dags/example_short_circuit_operator.py
[2025-08-14T10:06:41.510+0000] {processor.py:826} INFO - Processing file /home/vscode/.local/lib/python3.10/site-packages/airflow/example_dags/example_short_circuit_operator.py for tasks to queue
[2025-08-14T10:06:41.511+0000] {logging_mixin.py:150} INFO - [2025-08-14T10:06:41.511+0000] {dagbag.py:541} INFO - Filling up the DagBag from /home/vscode/.local/lib/python3.10/site-packages/airflow/example_dags/example_short_circuit_operator.py
[2025-08-14T10:06:41.517+0000] {processor.py:836} INFO - DAG(s) dict_keys(['example_short_circuit_operator']) retrieved from /home/vscode/.local/lib/python3.10/site-packages/airflow/example_dags/example_short_circuit_operator.py
[2025-08-14T10:06:41.530+0000] {logging_mixin.py:150} INFO - [2025-08-14T10:06:41.530+0000] {dag.py:2742} INFO - Sync 1 DAGs
[2025-08-14T10:06:41.544+0000] {logging_mixin.py:150} INFO - [2025-08-14T10:06:41.544+0000] {dag.py:3504} INFO - Setting next_dagrun for example_short_circuit_operator to 2025-08-13T10:06:41.544248+00:00, run_after=2025-08-14T10:06:41.544248+00:00
[2025-08-14T10:06:41.561+0000] {processor.py:179} INFO - Processing /home/vscode/.local/lib/python3.10/site-packages/airflow/example_dags/example_short_circuit_operator.py took 0.053 seconds
[2025-08-14T10:07:26.792+0000] {processor.py:157} INFO - Started process (PID=15705) to work on /home/vscode/.local/lib/python3.10/site-packages/airflow/example_dags/example_short_circuit_operator.py
[2025-08-14T10:07:26.792+0000] {processor.py:826} INFO - Processing file /home/vscode/.local/lib/python3.10/site-packages/airflow/example_dags/example_short_circuit_operator.py for tasks to queue
[2025-08-14T10:07:26.793+0000] {logging_mixin.py:150} INFO - [2025-08-14T10:07:26.793+0000] {dagbag.py:541} INFO - Filling up the DagBag from /home/vscode/.local/lib/python3.10/site-packages/airflow/example_dags/example_short_circuit_operator.py
[2025-08-14T10:07:26.799+0000] {processor.py:836} INFO - DAG(s) dict_keys(['example_short_circuit_operator']) retrieved from /home/vscode/.local/lib/python3.10/site-packages/airflow/example_dags/example_short_circuit_operator.py
[2025-08-14T10:07:26.811+0000] {logging_mixin.py:150} INFO - [2025-08-14T10:07:26.811+0000] {dag.py:2742} INFO - Sync 1 DAGs
[2025-08-14T10:07:26.825+0000] {logging_mixin.py:150} INFO - [2025-08-14T10:07:26.825+0000] {dag.py:3504} INFO - Setting next_dagrun for example_short_circuit_operator to 2025-08-13T10:07:26.825219+00:00, run_after=2025-08-14T10:07:26.825219+00:00
[2025-08-14T10:07:26.840+0000] {processor.py:179} INFO - Processing /home/vscode/.local/lib/python3.10/site-packages/airflow/example_dags/example_short_circuit_operator.py took 0.051 seconds
[2025-08-14T10:08:14.123+0000] {processor.py:157} INFO - Started process (PID=16102) to work on /home/vscode/.local/lib/python3.10/site-packages/airflow/example_dags/example_short_circuit_operator.py
[2025-08-14T10:08:14.123+0000] {processor.py:826} INFO - Processing file /home/vscode/.local/lib/python3.10/site-packages/airflow/example_dags/example_short_circuit_operator.py for tasks to queue
[2025-08-14T10:08:14.124+0000] {logging_mixin.py:150} INFO - [2025-08-14T10:08:14.124+0000] {dagbag.py:541} INFO - Filling up the DagBag from /home/vscode/.local/lib/python3.10/site-packages/airflow/example_dags/example_short_circuit_operator.py
[2025-08-14T10:08:14.131+0000] {processor.py:836} INFO - DAG(s) dict_keys(['example_short_circuit_operator']) retrieved from /home/vscode/.local/lib/python3.10/site-packages/airflow/example_dags/example_short_circuit_operator.py
[2025-08-14T10:08:14.144+0000] {logging_mixin.py:150} INFO - [2025-08-14T10:08:14.144+0000] {dag.py:2742} INFO - Sync 1 DAGs
[2025-08-14T10:08:14.159+0000] {logging_mixin.py:150} INFO - [2025-08-14T10:08:14.159+0000] {dag.py:3504} INFO - Setting next_dagrun for example_short_circuit_operator to 2025-08-13T10:08:14.159445+00:00, run_after=2025-08-14T10:08:14.159445+00:00
[2025-08-14T10:08:14.183+0000] {processor.py:179} INFO - Processing /home/vscode/.local/lib/python3.10/site-packages/airflow/example_dags/example_short_circuit_operator.py took 0.063 seconds
[2025-08-14T10:09:01.545+0000] {processor.py:157} INFO - Started process (PID=16557) to work on /home/vscode/.local/lib/python3.10/site-packages/airflow/example_dags/example_short_circuit_operator.py
[2025-08-14T10:09:01.546+0000] {processor.py:826} INFO - Processing file /home/vscode/.local/lib/python3.10/site-packages/airflow/example_dags/example_short_circuit_operator.py for tasks to queue
[2025-08-14T10:09:01.547+0000] {logging_mixin.py:150} INFO - [2025-08-14T10:09:01.546+0000] {dagbag.py:541} INFO - Filling up the DagBag from /home/vscode/.local/lib/python3.10/site-packages/airflow/example_dags/example_short_circuit_operator.py
[2025-08-14T10:09:01.552+0000] {processor.py:836} INFO - DAG(s) dict_keys(['example_short_circuit_operator']) retrieved from /home/vscode/.local/lib/python3.10/site-packages/airflow/example_dags/example_short_circuit_operator.py
[2025-08-14T10:09:01.558+0000] {logging_mixin.py:150} INFO - [2025-08-14T10:09:01.558+0000] {dag.py:2742} INFO - Sync 1 DAGs
[2025-08-14T10:09:01.572+0000] {logging_mixin.py:150} INFO - [2025-08-14T10:09:01.572+0000] {dag.py:3504} INFO - Setting next_dagrun for example_short_circuit_operator to 2025-08-13T10:09:01.572471+00:00, run_after=2025-08-14T10:09:01.572471+00:00
[2025-08-14T10:09:01.588+0000] {processor.py:179} INFO - Processing /home/vscode/.local/lib/python3.10/site-packages/airflow/example_dags/example_short_circuit_operator.py took 0.044 seconds
[2025-08-14T10:09:51.079+0000] {processor.py:157} INFO - Started process (PID=16916) to work on /home/vscode/.local/lib/python3.10/site-packages/airflow/example_dags/example_short_circuit_operator.py
[2025-08-14T10:09:51.080+0000] {processor.py:826} INFO - Processing file /home/vscode/.local/lib/python3.10/site-packages/airflow/example_dags/example_short_circuit_operator.py for tasks to queue
[2025-08-14T10:09:51.080+0000] {logging_mixin.py:150} INFO - [2025-08-14T10:09:51.080+0000] {dagbag.py:541} INFO - Filling up the DagBag from /home/vscode/.local/lib/python3.10/site-packages/airflow/example_dags/example_short_circuit_operator.py
[2025-08-14T10:09:51.087+0000] {processor.py:836} INFO - DAG(s) dict_keys(['example_short_circuit_operator']) retrieved from /home/vscode/.local/lib/python3.10/site-packages/airflow/example_dags/example_short_circuit_operator.py
[2025-08-14T10:09:51.100+0000] {logging_mixin.py:150} INFO - [2025-08-14T10:09:51.100+0000] {dag.py:2742} INFO - Sync 1 DAGs
[2025-08-14T10:09:51.114+0000] {logging_mixin.py:150} INFO - [2025-08-14T10:09:51.114+0000] {dag.py:3504} INFO - Setting next_dagrun for example_short_circuit_operator to 2025-08-13T10:09:51.114391+00:00, run_after=2025-08-14T10:09:51.114391+00:00
[2025-08-14T10:09:51.130+0000] {processor.py:179} INFO - Processing /home/vscode/.local/lib/python3.10/site-packages/airflow/example_dags/example_short_circuit_operator.py took 0.053 seconds
[2025-08-14T10:10:34.938+0000] {processor.py:157} INFO - Started process (PID=17236) to work on /home/vscode/.local/lib/python3.10/site-packages/airflow/example_dags/example_short_circuit_operator.py
[2025-08-14T10:10:34.939+0000] {processor.py:826} INFO - Processing file /home/vscode/.local/lib/python3.10/site-packages/airflow/example_dags/example_short_circuit_operator.py for tasks to queue
[2025-08-14T10:10:34.939+0000] {logging_mixin.py:150} INFO - [2025-08-14T10:10:34.939+0000] {dagbag.py:541} INFO - Filling up the DagBag from /home/vscode/.local/lib/python3.10/site-packages/airflow/example_dags/example_short_circuit_operator.py
[2025-08-14T10:10:34.945+0000] {processor.py:836} INFO - DAG(s) dict_keys(['example_short_circuit_operator']) retrieved from /home/vscode/.local/lib/python3.10/site-packages/airflow/example_dags/example_short_circuit_operator.py
[2025-08-14T10:10:34.958+0000] {logging_mixin.py:150} INFO - [2025-08-14T10:10:34.958+0000] {dag.py:2742} INFO - Sync 1 DAGs
[2025-08-14T10:10:34.972+0000] {logging_mixin.py:150} INFO - [2025-08-14T10:10:34.972+0000] {dag.py:3504} INFO - Setting next_dagrun for example_short_circuit_operator to 2025-08-13T10:10:34.972555+00:00, run_after=2025-08-14T10:10:34.972555+00:00
[2025-08-14T10:10:34.989+0000] {processor.py:179} INFO - Processing /home/vscode/.local/lib/python3.10/site-packages/airflow/example_dags/example_short_circuit_operator.py took 0.053 seconds
[2025-08-14T10:11:25.115+0000] {processor.py:157} INFO - Started process (PID=17610) to work on /home/vscode/.local/lib/python3.10/site-packages/airflow/example_dags/example_short_circuit_operator.py
[2025-08-14T10:11:25.115+0000] {processor.py:826} INFO - Processing file /home/vscode/.local/lib/python3.10/site-packages/airflow/example_dags/example_short_circuit_operator.py for tasks to queue
[2025-08-14T10:11:25.116+0000] {logging_mixin.py:150} INFO - [2025-08-14T10:11:25.116+0000] {dagbag.py:541} INFO - Filling up the DagBag from /home/vscode/.local/lib/python3.10/site-packages/airflow/example_dags/example_short_circuit_operator.py
[2025-08-14T10:11:25.122+0000] {processor.py:836} INFO - DAG(s) dict_keys(['example_short_circuit_operator']) retrieved from /home/vscode/.local/lib/python3.10/site-packages/airflow/example_dags/example_short_circuit_operator.py
[2025-08-14T10:11:25.135+0000] {logging_mixin.py:150} INFO - [2025-08-14T10:11:25.135+0000] {dag.py:2742} INFO - Sync 1 DAGs
[2025-08-14T10:11:25.149+0000] {logging_mixin.py:150} INFO - [2025-08-14T10:11:25.148+0000] {dag.py:3504} INFO - Setting next_dagrun for example_short_circuit_operator to 2025-08-13T10:11:25.148809+00:00, run_after=2025-08-14T10:11:25.148809+00:00
[2025-08-14T10:11:25.164+0000] {processor.py:179} INFO - Processing /home/vscode/.local/lib/python3.10/site-packages/airflow/example_dags/example_short_circuit_operator.py took 0.051 seconds
[2025-08-14T10:12:08.535+0000] {processor.py:157} INFO - Started process (PID=17934) to work on /home/vscode/.local/lib/python3.10/site-packages/airflow/example_dags/example_short_circuit_operator.py
[2025-08-14T10:12:08.536+0000] {processor.py:826} INFO - Processing file /home/vscode/.local/lib/python3.10/site-packages/airflow/example_dags/example_short_circuit_operator.py for tasks to queue
[2025-08-14T10:12:08.536+0000] {logging_mixin.py:150} INFO - [2025-08-14T10:12:08.536+0000] {dagbag.py:541} INFO - Filling up the DagBag from /home/vscode/.local/lib/python3.10/site-packages/airflow/example_dags/example_short_circuit_operator.py
[2025-08-14T10:12:08.542+0000] {processor.py:836} INFO - DAG(s) dict_keys(['example_short_circuit_operator']) retrieved from /home/vscode/.local/lib/python3.10/site-packages/airflow/example_dags/example_short_circuit_operator.py
[2025-08-14T10:12:08.555+0000] {logging_mixin.py:150} INFO - [2025-08-14T10:12:08.555+0000] {dag.py:2742} INFO - Sync 1 DAGs
[2025-08-14T10:12:08.569+0000] {logging_mixin.py:150} INFO - [2025-08-14T10:12:08.568+0000] {dag.py:3504} INFO - Setting next_dagrun for example_short_circuit_operator to 2025-08-13T10:12:08.568828+00:00, run_after=2025-08-14T10:12:08.568828+00:00
[2025-08-14T10:12:08.584+0000] {processor.py:179} INFO - Processing /home/vscode/.local/lib/python3.10/site-packages/airflow/example_dags/example_short_circuit_operator.py took 0.051 seconds
[2025-08-14T10:12:52.534+0000] {processor.py:157} INFO - Started process (PID=18269) to work on /home/vscode/.local/lib/python3.10/site-packages/airflow/example_dags/example_short_circuit_operator.py
[2025-08-14T10:12:52.535+0000] {processor.py:826} INFO - Processing file /home/vscode/.local/lib/python3.10/site-packages/airflow/example_dags/example_short_circuit_operator.py for tasks to queue
[2025-08-14T10:12:52.535+0000] {logging_mixin.py:150} INFO - [2025-08-14T10:12:52.535+0000] {dagbag.py:541} INFO - Filling up the DagBag from /home/vscode/.local/lib/python3.10/site-packages/airflow/example_dags/example_short_circuit_operator.py
[2025-08-14T10:12:52.542+0000] {processor.py:836} INFO - DAG(s) dict_keys(['example_short_circuit_operator']) retrieved from /home/vscode/.local/lib/python3.10/site-packages/airflow/example_dags/example_short_circuit_operator.py
[2025-08-14T10:12:52.555+0000] {logging_mixin.py:150} INFO - [2025-08-14T10:12:52.555+0000] {dag.py:2742} INFO - Sync 1 DAGs
[2025-08-14T10:12:52.570+0000] {logging_mixin.py:150} INFO - [2025-08-14T10:12:52.570+0000] {dag.py:3504} INFO - Setting next_dagrun for example_short_circuit_operator to 2025-08-13T10:12:52.570255+00:00, run_after=2025-08-14T10:12:52.570255+00:00
[2025-08-14T10:12:52.586+0000] {processor.py:179} INFO - Processing /home/vscode/.local/lib/python3.10/site-packages/airflow/example_dags/example_short_circuit_operator.py took 0.054 seconds
[2025-08-14T10:13:45.032+0000] {processor.py:157} INFO - Started process (PID=18655) to work on /home/vscode/.local/lib/python3.10/site-packages/airflow/example_dags/example_short_circuit_operator.py
[2025-08-14T10:13:45.032+0000] {processor.py:826} INFO - Processing file /home/vscode/.local/lib/python3.10/site-packages/airflow/example_dags/example_short_circuit_operator.py for tasks to queue
[2025-08-14T10:13:45.033+0000] {logging_mixin.py:150} INFO - [2025-08-14T10:13:45.033+0000] {dagbag.py:541} INFO - Filling up the DagBag from /home/vscode/.local/lib/python3.10/site-packages/airflow/example_dags/example_short_circuit_operator.py
[2025-08-14T10:13:45.039+0000] {processor.py:836} INFO - DAG(s) dict_keys(['example_short_circuit_operator']) retrieved from /home/vscode/.local/lib/python3.10/site-packages/airflow/example_dags/example_short_circuit_operator.py
[2025-08-14T10:13:45.053+0000] {logging_mixin.py:150} INFO - [2025-08-14T10:13:45.053+0000] {dag.py:2742} INFO - Sync 1 DAGs
[2025-08-14T10:13:45.067+0000] {logging_mixin.py:150} INFO - [2025-08-14T10:13:45.067+0000] {dag.py:3504} INFO - Setting next_dagrun for example_short_circuit_operator to 2025-08-13T10:13:45.067515+00:00, run_after=2025-08-14T10:13:45.067515+00:00
[2025-08-14T10:13:45.082+0000] {processor.py:179} INFO - Processing /home/vscode/.local/lib/python3.10/site-packages/airflow/example_dags/example_short_circuit_operator.py took 0.053 seconds
[2025-08-14T10:14:29.125+0000] {processor.py:157} INFO - Started process (PID=18985) to work on /home/vscode/.local/lib/python3.10/site-packages/airflow/example_dags/example_short_circuit_operator.py
[2025-08-14T10:14:29.126+0000] {processor.py:826} INFO - Processing file /home/vscode/.local/lib/python3.10/site-packages/airflow/example_dags/example_short_circuit_operator.py for tasks to queue
[2025-08-14T10:14:29.127+0000] {logging_mixin.py:150} INFO - [2025-08-14T10:14:29.126+0000] {dagbag.py:541} INFO - Filling up the DagBag from /home/vscode/.local/lib/python3.10/site-packages/airflow/example_dags/example_short_circuit_operator.py
[2025-08-14T10:14:29.132+0000] {processor.py:836} INFO - DAG(s) dict_keys(['example_short_circuit_operator']) retrieved from /home/vscode/.local/lib/python3.10/site-packages/airflow/example_dags/example_short_circuit_operator.py
[2025-08-14T10:14:29.145+0000] {logging_mixin.py:150} INFO - [2025-08-14T10:14:29.145+0000] {dag.py:2742} INFO - Sync 1 DAGs
[2025-08-14T10:14:29.159+0000] {logging_mixin.py:150} INFO - [2025-08-14T10:14:29.159+0000] {dag.py:3504} INFO - Setting next_dagrun for example_short_circuit_operator to 2025-08-13T10:14:29.158869+00:00, run_after=2025-08-14T10:14:29.158869+00:00
[2025-08-14T10:14:29.174+0000] {processor.py:179} INFO - Processing /home/vscode/.local/lib/python3.10/site-packages/airflow/example_dags/example_short_circuit_operator.py took 0.051 seconds
[2025-08-14T10:15:15.955+0000] {processor.py:157} INFO - Started process (PID=19338) to work on /home/vscode/.local/lib/python3.10/site-packages/airflow/example_dags/example_short_circuit_operator.py
[2025-08-14T10:15:15.956+0000] {processor.py:826} INFO - Processing file /home/vscode/.local/lib/python3.10/site-packages/airflow/example_dags/example_short_circuit_operator.py for tasks to queue
[2025-08-14T10:15:15.956+0000] {logging_mixin.py:150} INFO - [2025-08-14T10:15:15.956+0000] {dagbag.py:541} INFO - Filling up the DagBag from /home/vscode/.local/lib/python3.10/site-packages/airflow/example_dags/example_short_circuit_operator.py
[2025-08-14T10:15:15.963+0000] {processor.py:836} INFO - DAG(s) dict_keys(['example_short_circuit_operator']) retrieved from /home/vscode/.local/lib/python3.10/site-packages/airflow/example_dags/example_short_circuit_operator.py
[2025-08-14T10:15:15.976+0000] {logging_mixin.py:150} INFO - [2025-08-14T10:15:15.976+0000] {dag.py:2742} INFO - Sync 1 DAGs
[2025-08-14T10:15:15.990+0000] {logging_mixin.py:150} INFO - [2025-08-14T10:15:15.990+0000] {dag.py:3504} INFO - Setting next_dagrun for example_short_circuit_operator to 2025-08-13T10:15:15.990427+00:00, run_after=2025-08-14T10:15:15.990427+00:00
[2025-08-14T10:15:16.005+0000] {processor.py:179} INFO - Processing /home/vscode/.local/lib/python3.10/site-packages/airflow/example_dags/example_short_circuit_operator.py took 0.052 seconds
[2025-08-14T10:15:56.634+0000] {processor.py:157} INFO - Started process (PID=19633) to work on /home/vscode/.local/lib/python3.10/site-packages/airflow/example_dags/example_short_circuit_operator.py
[2025-08-14T10:15:56.635+0000] {processor.py:826} INFO - Processing file /home/vscode/.local/lib/python3.10/site-packages/airflow/example_dags/example_short_circuit_operator.py for tasks to queue
[2025-08-14T10:15:56.636+0000] {logging_mixin.py:150} INFO - [2025-08-14T10:15:56.635+0000] {dagbag.py:541} INFO - Filling up the DagBag from /home/vscode/.local/lib/python3.10/site-packages/airflow/example_dags/example_short_circuit_operator.py
[2025-08-14T10:15:56.642+0000] {processor.py:836} INFO - DAG(s) dict_keys(['example_short_circuit_operator']) retrieved from /home/vscode/.local/lib/python3.10/site-packages/airflow/example_dags/example_short_circuit_operator.py
[2025-08-14T10:15:56.654+0000] {logging_mixin.py:150} INFO - [2025-08-14T10:15:56.654+0000] {dag.py:2742} INFO - Sync 1 DAGs
[2025-08-14T10:15:56.669+0000] {logging_mixin.py:150} INFO - [2025-08-14T10:15:56.668+0000] {dag.py:3504} INFO - Setting next_dagrun for example_short_circuit_operator to 2025-08-13T10:15:56.668826+00:00, run_after=2025-08-14T10:15:56.668826+00:00
[2025-08-14T10:15:56.684+0000] {processor.py:179} INFO - Processing /home/vscode/.local/lib/python3.10/site-packages/airflow/example_dags/example_short_circuit_operator.py took 0.051 seconds
[2025-08-14T10:16:43.448+0000] {processor.py:157} INFO - Started process (PID=19991) to work on /home/vscode/.local/lib/python3.10/site-packages/airflow/example_dags/example_short_circuit_operator.py
[2025-08-14T10:16:43.448+0000] {processor.py:826} INFO - Processing file /home/vscode/.local/lib/python3.10/site-packages/airflow/example_dags/example_short_circuit_operator.py for tasks to queue
[2025-08-14T10:16:43.449+0000] {logging_mixin.py:150} INFO - [2025-08-14T10:16:43.449+0000] {dagbag.py:541} INFO - Filling up the DagBag from /home/vscode/.local/lib/python3.10/site-packages/airflow/example_dags/example_short_circuit_operator.py
[2025-08-14T10:16:43.455+0000] {processor.py:836} INFO - DAG(s) dict_keys(['example_short_circuit_operator']) retrieved from /home/vscode/.local/lib/python3.10/site-packages/airflow/example_dags/example_short_circuit_operator.py
[2025-08-14T10:16:43.469+0000] {logging_mixin.py:150} INFO - [2025-08-14T10:16:43.469+0000] {dag.py:2742} INFO - Sync 1 DAGs
[2025-08-14T10:16:43.485+0000] {logging_mixin.py:150} INFO - [2025-08-14T10:16:43.484+0000] {dag.py:3504} INFO - Setting next_dagrun for example_short_circuit_operator to 2025-08-13T10:16:43.484769+00:00, run_after=2025-08-14T10:16:43.484769+00:00
[2025-08-14T10:16:43.502+0000] {processor.py:179} INFO - Processing /home/vscode/.local/lib/python3.10/site-packages/airflow/example_dags/example_short_circuit_operator.py took 0.057 seconds
[2025-08-14T10:17:34.431+0000] {processor.py:157} INFO - Started process (PID=20363) to work on /home/vscode/.local/lib/python3.10/site-packages/airflow/example_dags/example_short_circuit_operator.py
[2025-08-14T10:17:34.431+0000] {processor.py:826} INFO - Processing file /home/vscode/.local/lib/python3.10/site-packages/airflow/example_dags/example_short_circuit_operator.py for tasks to queue
[2025-08-14T10:17:34.432+0000] {logging_mixin.py:150} INFO - [2025-08-14T10:17:34.432+0000] {dagbag.py:541} INFO - Filling up the DagBag from /home/vscode/.local/lib/python3.10/site-packages/airflow/example_dags/example_short_circuit_operator.py
[2025-08-14T10:17:34.438+0000] {processor.py:836} INFO - DAG(s) dict_keys(['example_short_circuit_operator']) retrieved from /home/vscode/.local/lib/python3.10/site-packages/airflow/example_dags/example_short_circuit_operator.py
[2025-08-14T10:17:34.451+0000] {logging_mixin.py:150} INFO - [2025-08-14T10:17:34.450+0000] {dag.py:2742} INFO - Sync 1 DAGs
[2025-08-14T10:17:34.465+0000] {logging_mixin.py:150} INFO - [2025-08-14T10:17:34.465+0000] {dag.py:3504} INFO - Setting next_dagrun for example_short_circuit_operator to 2025-08-13T10:17:34.464890+00:00, run_after=2025-08-14T10:17:34.464890+00:00
[2025-08-14T10:17:34.480+0000] {processor.py:179} INFO - Processing /home/vscode/.local/lib/python3.10/site-packages/airflow/example_dags/example_short_circuit_operator.py took 0.051 seconds
[2025-08-14T10:18:19.840+0000] {processor.py:157} INFO - Started process (PID=20670) to work on /home/vscode/.local/lib/python3.10/site-packages/airflow/example_dags/example_short_circuit_operator.py
[2025-08-14T10:18:19.840+0000] {processor.py:826} INFO - Processing file /home/vscode/.local/lib/python3.10/site-packages/airflow/example_dags/example_short_circuit_operator.py for tasks to queue
[2025-08-14T10:18:19.841+0000] {logging_mixin.py:150} INFO - [2025-08-14T10:18:19.841+0000] {dagbag.py:541} INFO - Filling up the DagBag from /home/vscode/.local/lib/python3.10/site-packages/airflow/example_dags/example_short_circuit_operator.py
[2025-08-14T10:18:19.847+0000] {processor.py:836} INFO - DAG(s) dict_keys(['example_short_circuit_operator']) retrieved from /home/vscode/.local/lib/python3.10/site-packages/airflow/example_dags/example_short_circuit_operator.py
[2025-08-14T10:18:19.860+0000] {logging_mixin.py:150} INFO - [2025-08-14T10:18:19.860+0000] {dag.py:2742} INFO - Sync 1 DAGs
[2025-08-14T10:18:19.873+0000] {logging_mixin.py:150} INFO - [2025-08-14T10:18:19.873+0000] {dag.py:3504} INFO - Setting next_dagrun for example_short_circuit_operator to 2025-08-13T10:18:19.873643+00:00, run_after=2025-08-14T10:18:19.873643+00:00
[2025-08-14T10:18:19.889+0000] {processor.py:179} INFO - Processing /home/vscode/.local/lib/python3.10/site-packages/airflow/example_dags/example_short_circuit_operator.py took 0.051 seconds
[2025-08-14T10:19:09.690+0000] {processor.py:157} INFO - Started process (PID=21003) to work on /home/vscode/.local/lib/python3.10/site-packages/airflow/example_dags/example_short_circuit_operator.py
[2025-08-14T10:19:09.690+0000] {processor.py:826} INFO - Processing file /home/vscode/.local/lib/python3.10/site-packages/airflow/example_dags/example_short_circuit_operator.py for tasks to queue
[2025-08-14T10:19:09.691+0000] {logging_mixin.py:150} INFO - [2025-08-14T10:19:09.691+0000] {dagbag.py:541} INFO - Filling up the DagBag from /home/vscode/.local/lib/python3.10/site-packages/airflow/example_dags/example_short_circuit_operator.py
[2025-08-14T10:19:09.697+0000] {processor.py:836} INFO - DAG(s) dict_keys(['example_short_circuit_operator']) retrieved from /home/vscode/.local/lib/python3.10/site-packages/airflow/example_dags/example_short_circuit_operator.py
[2025-08-14T10:19:09.712+0000] {logging_mixin.py:150} INFO - [2025-08-14T10:19:09.712+0000] {dag.py:2742} INFO - Sync 1 DAGs
[2025-08-14T10:19:09.728+0000] {logging_mixin.py:150} INFO - [2025-08-14T10:19:09.728+0000] {dag.py:3504} INFO - Setting next_dagrun for example_short_circuit_operator to 2025-08-13T10:19:09.728310+00:00, run_after=2025-08-14T10:19:09.728310+00:00
[2025-08-14T10:19:09.743+0000] {processor.py:179} INFO - Processing /home/vscode/.local/lib/python3.10/site-packages/airflow/example_dags/example_short_circuit_operator.py took 0.056 seconds
[2025-08-14T10:19:55.933+0000] {processor.py:157} INFO - Started process (PID=21352) to work on /home/vscode/.local/lib/python3.10/site-packages/airflow/example_dags/example_short_circuit_operator.py
[2025-08-14T10:19:55.934+0000] {processor.py:826} INFO - Processing file /home/vscode/.local/lib/python3.10/site-packages/airflow/example_dags/example_short_circuit_operator.py for tasks to queue
[2025-08-14T10:19:55.935+0000] {logging_mixin.py:150} INFO - [2025-08-14T10:19:55.935+0000] {dagbag.py:541} INFO - Filling up the DagBag from /home/vscode/.local/lib/python3.10/site-packages/airflow/example_dags/example_short_circuit_operator.py
[2025-08-14T10:19:55.941+0000] {processor.py:836} INFO - DAG(s) dict_keys(['example_short_circuit_operator']) retrieved from /home/vscode/.local/lib/python3.10/site-packages/airflow/example_dags/example_short_circuit_operator.py
[2025-08-14T10:19:55.958+0000] {logging_mixin.py:150} INFO - [2025-08-14T10:19:55.957+0000] {dag.py:2742} INFO - Sync 1 DAGs
[2025-08-14T10:19:55.975+0000] {logging_mixin.py:150} INFO - [2025-08-14T10:19:55.974+0000] {dag.py:3504} INFO - Setting next_dagrun for example_short_circuit_operator to 2025-08-13T10:19:55.974716+00:00, run_after=2025-08-14T10:19:55.974716+00:00
[2025-08-14T10:19:55.996+0000] {processor.py:179} INFO - Processing /home/vscode/.local/lib/python3.10/site-packages/airflow/example_dags/example_short_circuit_operator.py took 0.064 seconds
[2025-08-14T10:20:41.409+0000] {processor.py:157} INFO - Started process (PID=21671) to work on /home/vscode/.local/lib/python3.10/site-packages/airflow/example_dags/example_short_circuit_operator.py
[2025-08-14T10:20:41.409+0000] {processor.py:826} INFO - Processing file /home/vscode/.local/lib/python3.10/site-packages/airflow/example_dags/example_short_circuit_operator.py for tasks to queue
[2025-08-14T10:20:41.410+0000] {logging_mixin.py:150} INFO - [2025-08-14T10:20:41.410+0000] {dagbag.py:541} INFO - Filling up the DagBag from /home/vscode/.local/lib/python3.10/site-packages/airflow/example_dags/example_short_circuit_operator.py
[2025-08-14T10:20:41.419+0000] {processor.py:836} INFO - DAG(s) dict_keys(['example_short_circuit_operator']) retrieved from /home/vscode/.local/lib/python3.10/site-packages/airflow/example_dags/example_short_circuit_operator.py
[2025-08-14T10:20:41.440+0000] {logging_mixin.py:150} INFO - [2025-08-14T10:20:41.439+0000] {dag.py:2742} INFO - Sync 1 DAGs
[2025-08-14T10:20:41.461+0000] {logging_mixin.py:150} INFO - [2025-08-14T10:20:41.460+0000] {dag.py:3504} INFO - Setting next_dagrun for example_short_circuit_operator to 2025-08-13T10:20:41.460681+00:00, run_after=2025-08-14T10:20:41.460681+00:00
[2025-08-14T10:20:41.481+0000] {processor.py:179} INFO - Processing /home/vscode/.local/lib/python3.10/site-packages/airflow/example_dags/example_short_circuit_operator.py took 0.075 seconds
[2025-08-14T10:21:30.831+0000] {processor.py:157} INFO - Started process (PID=22003) to work on /home/vscode/.local/lib/python3.10/site-packages/airflow/example_dags/example_short_circuit_operator.py
[2025-08-14T10:21:30.832+0000] {processor.py:826} INFO - Processing file /home/vscode/.local/lib/python3.10/site-packages/airflow/example_dags/example_short_circuit_operator.py for tasks to queue
[2025-08-14T10:21:30.832+0000] {logging_mixin.py:150} INFO - [2025-08-14T10:21:30.832+0000] {dagbag.py:541} INFO - Filling up the DagBag from /home/vscode/.local/lib/python3.10/site-packages/airflow/example_dags/example_short_circuit_operator.py
[2025-08-14T10:21:30.839+0000] {processor.py:836} INFO - DAG(s) dict_keys(['example_short_circuit_operator']) retrieved from /home/vscode/.local/lib/python3.10/site-packages/airflow/example_dags/example_short_circuit_operator.py
[2025-08-14T10:21:30.853+0000] {logging_mixin.py:150} INFO - [2025-08-14T10:21:30.853+0000] {dag.py:2742} INFO - Sync 1 DAGs
[2025-08-14T10:21:30.867+0000] {logging_mixin.py:150} INFO - [2025-08-14T10:21:30.867+0000] {dag.py:3504} INFO - Setting next_dagrun for example_short_circuit_operator to 2025-08-13T10:21:30.867218+00:00, run_after=2025-08-14T10:21:30.867218+00:00
[2025-08-14T10:21:30.884+0000] {processor.py:179} INFO - Processing /home/vscode/.local/lib/python3.10/site-packages/airflow/example_dags/example_short_circuit_operator.py took 0.055 seconds
[2025-08-14T10:22:15.805+0000] {processor.py:157} INFO - Started process (PID=22300) to work on /home/vscode/.local/lib/python3.10/site-packages/airflow/example_dags/example_short_circuit_operator.py
[2025-08-14T10:22:15.805+0000] {processor.py:826} INFO - Processing file /home/vscode/.local/lib/python3.10/site-packages/airflow/example_dags/example_short_circuit_operator.py for tasks to queue
[2025-08-14T10:22:15.806+0000] {logging_mixin.py:150} INFO - [2025-08-14T10:22:15.806+0000] {dagbag.py:541} INFO - Filling up the DagBag from /home/vscode/.local/lib/python3.10/site-packages/airflow/example_dags/example_short_circuit_operator.py
[2025-08-14T10:22:15.812+0000] {processor.py:836} INFO - DAG(s) dict_keys(['example_short_circuit_operator']) retrieved from /home/vscode/.local/lib/python3.10/site-packages/airflow/example_dags/example_short_circuit_operator.py
[2025-08-14T10:22:15.828+0000] {logging_mixin.py:150} INFO - [2025-08-14T10:22:15.827+0000] {dag.py:2742} INFO - Sync 1 DAGs
[2025-08-14T10:22:15.848+0000] {logging_mixin.py:150} INFO - [2025-08-14T10:22:15.847+0000] {dag.py:3504} INFO - Setting next_dagrun for example_short_circuit_operator to 2025-08-13T10:22:15.847756+00:00, run_after=2025-08-14T10:22:15.847756+00:00
[2025-08-14T10:22:15.869+0000] {processor.py:179} INFO - Processing /home/vscode/.local/lib/python3.10/site-packages/airflow/example_dags/example_short_circuit_operator.py took 0.067 seconds
[2025-08-14T10:23:03.402+0000] {processor.py:157} INFO - Started process (PID=22619) to work on /home/vscode/.local/lib/python3.10/site-packages/airflow/example_dags/example_short_circuit_operator.py
[2025-08-14T10:23:03.402+0000] {processor.py:826} INFO - Processing file /home/vscode/.local/lib/python3.10/site-packages/airflow/example_dags/example_short_circuit_operator.py for tasks to queue
[2025-08-14T10:23:03.403+0000] {logging_mixin.py:150} INFO - [2025-08-14T10:23:03.403+0000] {dagbag.py:541} INFO - Filling up the DagBag from /home/vscode/.local/lib/python3.10/site-packages/airflow/example_dags/example_short_circuit_operator.py
[2025-08-14T10:23:03.409+0000] {processor.py:836} INFO - DAG(s) dict_keys(['example_short_circuit_operator']) retrieved from /home/vscode/.local/lib/python3.10/site-packages/airflow/example_dags/example_short_circuit_operator.py
[2025-08-14T10:23:03.422+0000] {logging_mixin.py:150} INFO - [2025-08-14T10:23:03.422+0000] {dag.py:2742} INFO - Sync 1 DAGs
[2025-08-14T10:23:03.436+0000] {logging_mixin.py:150} INFO - [2025-08-14T10:23:03.435+0000] {dag.py:3504} INFO - Setting next_dagrun for example_short_circuit_operator to 2025-08-13T10:23:03.435833+00:00, run_after=2025-08-14T10:23:03.435833+00:00
[2025-08-14T10:23:03.452+0000] {processor.py:179} INFO - Processing /home/vscode/.local/lib/python3.10/site-packages/airflow/example_dags/example_short_circuit_operator.py took 0.053 seconds
[2025-08-14T10:23:46.125+0000] {processor.py:157} INFO - Started process (PID=22920) to work on /home/vscode/.local/lib/python3.10/site-packages/airflow/example_dags/example_short_circuit_operator.py
[2025-08-14T10:23:46.126+0000] {processor.py:826} INFO - Processing file /home/vscode/.local/lib/python3.10/site-packages/airflow/example_dags/example_short_circuit_operator.py for tasks to queue
[2025-08-14T10:23:46.127+0000] {logging_mixin.py:150} INFO - [2025-08-14T10:23:46.126+0000] {dagbag.py:541} INFO - Filling up the DagBag from /home/vscode/.local/lib/python3.10/site-packages/airflow/example_dags/example_short_circuit_operator.py
[2025-08-14T10:23:46.133+0000] {processor.py:836} INFO - DAG(s) dict_keys(['example_short_circuit_operator']) retrieved from /home/vscode/.local/lib/python3.10/site-packages/airflow/example_dags/example_short_circuit_operator.py
[2025-08-14T10:23:46.147+0000] {logging_mixin.py:150} INFO - [2025-08-14T10:23:46.147+0000] {dag.py:2742} INFO - Sync 1 DAGs
[2025-08-14T10:23:46.162+0000] {logging_mixin.py:150} INFO - [2025-08-14T10:23:46.162+0000] {dag.py:3504} INFO - Setting next_dagrun for example_short_circuit_operator to 2025-08-13T10:23:46.161920+00:00, run_after=2025-08-14T10:23:46.161920+00:00
[2025-08-14T10:23:46.178+0000] {processor.py:179} INFO - Processing /home/vscode/.local/lib/python3.10/site-packages/airflow/example_dags/example_short_circuit_operator.py took 0.055 seconds
[2025-08-14T10:24:34.607+0000] {processor.py:157} INFO - Started process (PID=23249) to work on /home/vscode/.local/lib/python3.10/site-packages/airflow/example_dags/example_short_circuit_operator.py
[2025-08-14T10:24:34.608+0000] {processor.py:826} INFO - Processing file /home/vscode/.local/lib/python3.10/site-packages/airflow/example_dags/example_short_circuit_operator.py for tasks to queue
[2025-08-14T10:24:34.609+0000] {logging_mixin.py:150} INFO - [2025-08-14T10:24:34.608+0000] {dagbag.py:541} INFO - Filling up the DagBag from /home/vscode/.local/lib/python3.10/site-packages/airflow/example_dags/example_short_circuit_operator.py
[2025-08-14T10:24:34.615+0000] {processor.py:836} INFO - DAG(s) dict_keys(['example_short_circuit_operator']) retrieved from /home/vscode/.local/lib/python3.10/site-packages/airflow/example_dags/example_short_circuit_operator.py
[2025-08-14T10:24:34.627+0000] {logging_mixin.py:150} INFO - [2025-08-14T10:24:34.627+0000] {dag.py:2742} INFO - Sync 1 DAGs
[2025-08-14T10:24:34.641+0000] {logging_mixin.py:150} INFO - [2025-08-14T10:24:34.641+0000] {dag.py:3504} INFO - Setting next_dagrun for example_short_circuit_operator to 2025-08-13T10:24:34.641492+00:00, run_after=2025-08-14T10:24:34.641492+00:00
[2025-08-14T10:24:34.657+0000] {processor.py:179} INFO - Processing /home/vscode/.local/lib/python3.10/site-packages/airflow/example_dags/example_short_circuit_operator.py took 0.051 seconds
[2025-08-14T10:25:19.699+0000] {processor.py:157} INFO - Started process (PID=23560) to work on /home/vscode/.local/lib/python3.10/site-packages/airflow/example_dags/example_short_circuit_operator.py
[2025-08-14T10:25:19.700+0000] {processor.py:826} INFO - Processing file /home/vscode/.local/lib/python3.10/site-packages/airflow/example_dags/example_short_circuit_operator.py for tasks to queue
[2025-08-14T10:25:19.700+0000] {logging_mixin.py:150} INFO - [2025-08-14T10:25:19.700+0000] {dagbag.py:541} INFO - Filling up the DagBag from /home/vscode/.local/lib/python3.10/site-packages/airflow/example_dags/example_short_circuit_operator.py
[2025-08-14T10:25:19.706+0000] {processor.py:836} INFO - DAG(s) dict_keys(['example_short_circuit_operator']) retrieved from /home/vscode/.local/lib/python3.10/site-packages/airflow/example_dags/example_short_circuit_operator.py
[2025-08-14T10:25:19.719+0000] {logging_mixin.py:150} INFO - [2025-08-14T10:25:19.719+0000] {dag.py:2742} INFO - Sync 1 DAGs
[2025-08-14T10:25:19.732+0000] {logging_mixin.py:150} INFO - [2025-08-14T10:25:19.732+0000] {dag.py:3504} INFO - Setting next_dagrun for example_short_circuit_operator to 2025-08-13T10:25:19.732680+00:00, run_after=2025-08-14T10:25:19.732680+00:00
[2025-08-14T10:25:19.747+0000] {processor.py:179} INFO - Processing /home/vscode/.local/lib/python3.10/site-packages/airflow/example_dags/example_short_circuit_operator.py took 0.050 seconds
[2025-08-14T10:26:03.710+0000] {processor.py:157} INFO - Started process (PID=23858) to work on /home/vscode/.local/lib/python3.10/site-packages/airflow/example_dags/example_short_circuit_operator.py
[2025-08-14T10:26:03.710+0000] {processor.py:826} INFO - Processing file /home/vscode/.local/lib/python3.10/site-packages/airflow/example_dags/example_short_circuit_operator.py for tasks to queue
[2025-08-14T10:26:03.711+0000] {logging_mixin.py:150} INFO - [2025-08-14T10:26:03.711+0000] {dagbag.py:541} INFO - Filling up the DagBag from /home/vscode/.local/lib/python3.10/site-packages/airflow/example_dags/example_short_circuit_operator.py
[2025-08-14T10:26:03.717+0000] {processor.py:836} INFO - DAG(s) dict_keys(['example_short_circuit_operator']) retrieved from /home/vscode/.local/lib/python3.10/site-packages/airflow/example_dags/example_short_circuit_operator.py
[2025-08-14T10:26:03.731+0000] {logging_mixin.py:150} INFO - [2025-08-14T10:26:03.731+0000] {dag.py:2742} INFO - Sync 1 DAGs
[2025-08-14T10:26:03.746+0000] {logging_mixin.py:150} INFO - [2025-08-14T10:26:03.746+0000] {dag.py:3504} INFO - Setting next_dagrun for example_short_circuit_operator to 2025-08-13T10:26:03.746134+00:00, run_after=2025-08-14T10:26:03.746134+00:00
[2025-08-14T10:26:03.763+0000] {processor.py:179} INFO - Processing /home/vscode/.local/lib/python3.10/site-packages/airflow/example_dags/example_short_circuit_operator.py took 0.055 seconds
[2025-08-14T10:26:49.294+0000] {processor.py:157} INFO - Started process (PID=24166) to work on /home/vscode/.local/lib/python3.10/site-packages/airflow/example_dags/example_short_circuit_operator.py
[2025-08-14T10:26:49.295+0000] {processor.py:826} INFO - Processing file /home/vscode/.local/lib/python3.10/site-packages/airflow/example_dags/example_short_circuit_operator.py for tasks to queue
[2025-08-14T10:26:49.295+0000] {logging_mixin.py:150} INFO - [2025-08-14T10:26:49.295+0000] {dagbag.py:541} INFO - Filling up the DagBag from /home/vscode/.local/lib/python3.10/site-packages/airflow/example_dags/example_short_circuit_operator.py
[2025-08-14T10:26:49.301+0000] {processor.py:836} INFO - DAG(s) dict_keys(['example_short_circuit_operator']) retrieved from /home/vscode/.local/lib/python3.10/site-packages/airflow/example_dags/example_short_circuit_operator.py
[2025-08-14T10:26:49.314+0000] {logging_mixin.py:150} INFO - [2025-08-14T10:26:49.314+0000] {dag.py:2742} INFO - Sync 1 DAGs
[2025-08-14T10:26:49.327+0000] {logging_mixin.py:150} INFO - [2025-08-14T10:26:49.327+0000] {dag.py:3504} INFO - Setting next_dagrun for example_short_circuit_operator to 2025-08-13T10:26:49.327590+00:00, run_after=2025-08-14T10:26:49.327590+00:00
[2025-08-14T10:26:49.343+0000] {processor.py:179} INFO - Processing /home/vscode/.local/lib/python3.10/site-packages/airflow/example_dags/example_short_circuit_operator.py took 0.051 seconds
[2025-08-14T10:27:38.851+0000] {processor.py:157} INFO - Started process (PID=24493) to work on /home/vscode/.local/lib/python3.10/site-packages/airflow/example_dags/example_short_circuit_operator.py
[2025-08-14T10:27:38.851+0000] {processor.py:826} INFO - Processing file /home/vscode/.local/lib/python3.10/site-packages/airflow/example_dags/example_short_circuit_operator.py for tasks to queue
[2025-08-14T10:27:38.852+0000] {logging_mixin.py:150} INFO - [2025-08-14T10:27:38.852+0000] {dagbag.py:541} INFO - Filling up the DagBag from /home/vscode/.local/lib/python3.10/site-packages/airflow/example_dags/example_short_circuit_operator.py
[2025-08-14T10:27:38.858+0000] {processor.py:836} INFO - DAG(s) dict_keys(['example_short_circuit_operator']) retrieved from /home/vscode/.local/lib/python3.10/site-packages/airflow/example_dags/example_short_circuit_operator.py
[2025-08-14T10:27:38.872+0000] {logging_mixin.py:150} INFO - [2025-08-14T10:27:38.872+0000] {dag.py:2742} INFO - Sync 1 DAGs
[2025-08-14T10:27:38.887+0000] {logging_mixin.py:150} INFO - [2025-08-14T10:27:38.887+0000] {dag.py:3504} INFO - Setting next_dagrun for example_short_circuit_operator to 2025-08-13T10:27:38.887542+00:00, run_after=2025-08-14T10:27:38.887542+00:00
[2025-08-14T10:27:38.904+0000] {processor.py:179} INFO - Processing /home/vscode/.local/lib/python3.10/site-packages/airflow/example_dags/example_short_circuit_operator.py took 0.056 seconds
[2025-08-14T10:28:23.846+0000] {processor.py:157} INFO - Started process (PID=24789) to work on /home/vscode/.local/lib/python3.10/site-packages/airflow/example_dags/example_short_circuit_operator.py
[2025-08-14T10:28:23.846+0000] {processor.py:826} INFO - Processing file /home/vscode/.local/lib/python3.10/site-packages/airflow/example_dags/example_short_circuit_operator.py for tasks to queue
[2025-08-14T10:28:23.847+0000] {logging_mixin.py:150} INFO - [2025-08-14T10:28:23.847+0000] {dagbag.py:541} INFO - Filling up the DagBag from /home/vscode/.local/lib/python3.10/site-packages/airflow/example_dags/example_short_circuit_operator.py
[2025-08-14T10:28:23.853+0000] {processor.py:836} INFO - DAG(s) dict_keys(['example_short_circuit_operator']) retrieved from /home/vscode/.local/lib/python3.10/site-packages/airflow/example_dags/example_short_circuit_operator.py
[2025-08-14T10:28:23.866+0000] {logging_mixin.py:150} INFO - [2025-08-14T10:28:23.866+0000] {dag.py:2742} INFO - Sync 1 DAGs
[2025-08-14T10:28:23.880+0000] {logging_mixin.py:150} INFO - [2025-08-14T10:28:23.880+0000] {dag.py:3504} INFO - Setting next_dagrun for example_short_circuit_operator to 2025-08-13T10:28:23.880205+00:00, run_after=2025-08-14T10:28:23.880205+00:00
[2025-08-14T10:28:23.895+0000] {processor.py:179} INFO - Processing /home/vscode/.local/lib/python3.10/site-packages/airflow/example_dags/example_short_circuit_operator.py took 0.052 seconds
[2025-08-14T10:29:12.203+0000] {processor.py:157} INFO - Started process (PID=25115) to work on /home/vscode/.local/lib/python3.10/site-packages/airflow/example_dags/example_short_circuit_operator.py
[2025-08-14T10:29:12.203+0000] {processor.py:826} INFO - Processing file /home/vscode/.local/lib/python3.10/site-packages/airflow/example_dags/example_short_circuit_operator.py for tasks to queue
[2025-08-14T10:29:12.204+0000] {logging_mixin.py:150} INFO - [2025-08-14T10:29:12.204+0000] {dagbag.py:541} INFO - Filling up the DagBag from /home/vscode/.local/lib/python3.10/site-packages/airflow/example_dags/example_short_circuit_operator.py
[2025-08-14T10:29:12.210+0000] {processor.py:836} INFO - DAG(s) dict_keys(['example_short_circuit_operator']) retrieved from /home/vscode/.local/lib/python3.10/site-packages/airflow/example_dags/example_short_circuit_operator.py
[2025-08-14T10:29:12.223+0000] {logging_mixin.py:150} INFO - [2025-08-14T10:29:12.223+0000] {dag.py:2742} INFO - Sync 1 DAGs
[2025-08-14T10:29:12.237+0000] {logging_mixin.py:150} INFO - [2025-08-14T10:29:12.237+0000] {dag.py:3504} INFO - Setting next_dagrun for example_short_circuit_operator to 2025-08-13T10:29:12.236894+00:00, run_after=2025-08-14T10:29:12.236894+00:00
[2025-08-14T10:29:12.252+0000] {processor.py:179} INFO - Processing /home/vscode/.local/lib/python3.10/site-packages/airflow/example_dags/example_short_circuit_operator.py took 0.051 seconds
[2025-08-14T10:29:55.052+0000] {processor.py:157} INFO - Started process (PID=25402) to work on /home/vscode/.local/lib/python3.10/site-packages/airflow/example_dags/example_short_circuit_operator.py
[2025-08-14T10:29:55.053+0000] {processor.py:826} INFO - Processing file /home/vscode/.local/lib/python3.10/site-packages/airflow/example_dags/example_short_circuit_operator.py for tasks to queue
[2025-08-14T10:29:55.054+0000] {logging_mixin.py:150} INFO - [2025-08-14T10:29:55.053+0000] {dagbag.py:541} INFO - Filling up the DagBag from /home/vscode/.local/lib/python3.10/site-packages/airflow/example_dags/example_short_circuit_operator.py
[2025-08-14T10:29:55.060+0000] {processor.py:836} INFO - DAG(s) dict_keys(['example_short_circuit_operator']) retrieved from /home/vscode/.local/lib/python3.10/site-packages/airflow/example_dags/example_short_circuit_operator.py
[2025-08-14T10:29:55.075+0000] {logging_mixin.py:150} INFO - [2025-08-14T10:29:55.075+0000] {dag.py:2742} INFO - Sync 1 DAGs
[2025-08-14T10:29:55.089+0000] {logging_mixin.py:150} INFO - [2025-08-14T10:29:55.089+0000] {dag.py:3504} INFO - Setting next_dagrun for example_short_circuit_operator to 2025-08-13T10:29:55.089149+00:00, run_after=2025-08-14T10:29:55.089149+00:00
[2025-08-14T10:29:55.104+0000] {processor.py:179} INFO - Processing /home/vscode/.local/lib/python3.10/site-packages/airflow/example_dags/example_short_circuit_operator.py took 0.054 seconds
[2025-08-14T10:30:45.296+0000] {processor.py:157} INFO - Started process (PID=25731) to work on /home/vscode/.local/lib/python3.10/site-packages/airflow/example_dags/example_short_circuit_operator.py
[2025-08-14T10:30:45.296+0000] {processor.py:826} INFO - Processing file /home/vscode/.local/lib/python3.10/site-packages/airflow/example_dags/example_short_circuit_operator.py for tasks to queue
[2025-08-14T10:30:45.297+0000] {logging_mixin.py:150} INFO - [2025-08-14T10:30:45.297+0000] {dagbag.py:541} INFO - Filling up the DagBag from /home/vscode/.local/lib/python3.10/site-packages/airflow/example_dags/example_short_circuit_operator.py
[2025-08-14T10:30:45.303+0000] {processor.py:836} INFO - DAG(s) dict_keys(['example_short_circuit_operator']) retrieved from /home/vscode/.local/lib/python3.10/site-packages/airflow/example_dags/example_short_circuit_operator.py
[2025-08-14T10:30:45.318+0000] {logging_mixin.py:150} INFO - [2025-08-14T10:30:45.318+0000] {dag.py:2742} INFO - Sync 1 DAGs
[2025-08-14T10:30:45.333+0000] {logging_mixin.py:150} INFO - [2025-08-14T10:30:45.333+0000] {dag.py:3504} INFO - Setting next_dagrun for example_short_circuit_operator to 2025-08-13T10:30:45.333259+00:00, run_after=2025-08-14T10:30:45.333259+00:00
[2025-08-14T10:30:45.349+0000] {processor.py:179} INFO - Processing /home/vscode/.local/lib/python3.10/site-packages/airflow/example_dags/example_short_circuit_operator.py took 0.055 seconds
[2025-08-14T10:31:29.850+0000] {processor.py:157} INFO - Started process (PID=26034) to work on /home/vscode/.local/lib/python3.10/site-packages/airflow/example_dags/example_short_circuit_operator.py
[2025-08-14T10:31:29.850+0000] {processor.py:826} INFO - Processing file /home/vscode/.local/lib/python3.10/site-packages/airflow/example_dags/example_short_circuit_operator.py for tasks to queue
[2025-08-14T10:31:29.851+0000] {logging_mixin.py:150} INFO - [2025-08-14T10:31:29.851+0000] {dagbag.py:541} INFO - Filling up the DagBag from /home/vscode/.local/lib/python3.10/site-packages/airflow/example_dags/example_short_circuit_operator.py
[2025-08-14T10:31:29.857+0000] {processor.py:836} INFO - DAG(s) dict_keys(['example_short_circuit_operator']) retrieved from /home/vscode/.local/lib/python3.10/site-packages/airflow/example_dags/example_short_circuit_operator.py
[2025-08-14T10:31:29.869+0000] {logging_mixin.py:150} INFO - [2025-08-14T10:31:29.869+0000] {dag.py:2742} INFO - Sync 1 DAGs
[2025-08-14T10:31:29.883+0000] {logging_mixin.py:150} INFO - [2025-08-14T10:31:29.883+0000] {dag.py:3504} INFO - Setting next_dagrun for example_short_circuit_operator to 2025-08-13T10:31:29.883007+00:00, run_after=2025-08-14T10:31:29.883007+00:00
[2025-08-14T10:31:29.898+0000] {processor.py:179} INFO - Processing /home/vscode/.local/lib/python3.10/site-packages/airflow/example_dags/example_short_circuit_operator.py took 0.051 seconds
[2025-08-14T10:32:13.643+0000] {processor.py:157} INFO - Started process (PID=26323) to work on /home/vscode/.local/lib/python3.10/site-packages/airflow/example_dags/example_short_circuit_operator.py
[2025-08-14T10:32:13.644+0000] {processor.py:826} INFO - Processing file /home/vscode/.local/lib/python3.10/site-packages/airflow/example_dags/example_short_circuit_operator.py for tasks to queue
[2025-08-14T10:32:13.644+0000] {logging_mixin.py:150} INFO - [2025-08-14T10:32:13.644+0000] {dagbag.py:541} INFO - Filling up the DagBag from /home/vscode/.local/lib/python3.10/site-packages/airflow/example_dags/example_short_circuit_operator.py
[2025-08-14T10:32:13.651+0000] {processor.py:836} INFO - DAG(s) dict_keys(['example_short_circuit_operator']) retrieved from /home/vscode/.local/lib/python3.10/site-packages/airflow/example_dags/example_short_circuit_operator.py
[2025-08-14T10:32:13.664+0000] {logging_mixin.py:150} INFO - [2025-08-14T10:32:13.664+0000] {dag.py:2742} INFO - Sync 1 DAGs
[2025-08-14T10:32:13.677+0000] {logging_mixin.py:150} INFO - [2025-08-14T10:32:13.677+0000] {dag.py:3504} INFO - Setting next_dagrun for example_short_circuit_operator to 2025-08-13T10:32:13.677655+00:00, run_after=2025-08-14T10:32:13.677655+00:00
[2025-08-14T10:32:13.693+0000] {processor.py:179} INFO - Processing /home/vscode/.local/lib/python3.10/site-packages/airflow/example_dags/example_short_circuit_operator.py took 0.053 seconds
[2025-08-14T10:32:55.192+0000] {processor.py:157} INFO - Started process (PID=26609) to work on /home/vscode/.local/lib/python3.10/site-packages/airflow/example_dags/example_short_circuit_operator.py
[2025-08-14T10:32:55.193+0000] {processor.py:826} INFO - Processing file /home/vscode/.local/lib/python3.10/site-packages/airflow/example_dags/example_short_circuit_operator.py for tasks to queue
[2025-08-14T10:32:55.194+0000] {logging_mixin.py:150} INFO - [2025-08-14T10:32:55.194+0000] {dagbag.py:541} INFO - Filling up the DagBag from /home/vscode/.local/lib/python3.10/site-packages/airflow/example_dags/example_short_circuit_operator.py
[2025-08-14T10:32:55.203+0000] {processor.py:836} INFO - DAG(s) dict_keys(['example_short_circuit_operator']) retrieved from /home/vscode/.local/lib/python3.10/site-packages/airflow/example_dags/example_short_circuit_operator.py
[2025-08-14T10:32:55.218+0000] {logging_mixin.py:150} INFO - [2025-08-14T10:32:55.218+0000] {dag.py:2742} INFO - Sync 1 DAGs
[2025-08-14T10:32:55.232+0000] {logging_mixin.py:150} INFO - [2025-08-14T10:32:55.232+0000] {dag.py:3504} INFO - Setting next_dagrun for example_short_circuit_operator to 2025-08-13T10:32:55.232634+00:00, run_after=2025-08-14T10:32:55.232634+00:00
[2025-08-14T10:32:55.247+0000] {processor.py:179} INFO - Processing /home/vscode/.local/lib/python3.10/site-packages/airflow/example_dags/example_short_circuit_operator.py took 0.058 seconds
[2025-08-14T10:33:42.317+0000] {processor.py:157} INFO - Started process (PID=27041) to work on /home/vscode/.local/lib/python3.10/site-packages/airflow/example_dags/example_short_circuit_operator.py
[2025-08-14T10:33:42.317+0000] {processor.py:826} INFO - Processing file /home/vscode/.local/lib/python3.10/site-packages/airflow/example_dags/example_short_circuit_operator.py for tasks to queue
[2025-08-14T10:33:42.318+0000] {logging_mixin.py:150} INFO - [2025-08-14T10:33:42.318+0000] {dagbag.py:541} INFO - Filling up the DagBag from /home/vscode/.local/lib/python3.10/site-packages/airflow/example_dags/example_short_circuit_operator.py
[2025-08-14T10:33:42.324+0000] {processor.py:836} INFO - DAG(s) dict_keys(['example_short_circuit_operator']) retrieved from /home/vscode/.local/lib/python3.10/site-packages/airflow/example_dags/example_short_circuit_operator.py
[2025-08-14T10:33:42.338+0000] {logging_mixin.py:150} INFO - [2025-08-14T10:33:42.338+0000] {dag.py:2742} INFO - Sync 1 DAGs
[2025-08-14T10:33:42.353+0000] {logging_mixin.py:150} INFO - [2025-08-14T10:33:42.352+0000] {dag.py:3504} INFO - Setting next_dagrun for example_short_circuit_operator to 2025-08-13T10:33:42.352720+00:00, run_after=2025-08-14T10:33:42.352720+00:00
[2025-08-14T10:33:42.368+0000] {processor.py:179} INFO - Processing /home/vscode/.local/lib/python3.10/site-packages/airflow/example_dags/example_short_circuit_operator.py took 0.054 seconds
[2025-08-14T10:34:26.007+0000] {processor.py:157} INFO - Started process (PID=27335) to work on /home/vscode/.local/lib/python3.10/site-packages/airflow/example_dags/example_short_circuit_operator.py
[2025-08-14T10:34:26.008+0000] {processor.py:826} INFO - Processing file /home/vscode/.local/lib/python3.10/site-packages/airflow/example_dags/example_short_circuit_operator.py for tasks to queue
[2025-08-14T10:34:26.008+0000] {logging_mixin.py:150} INFO - [2025-08-14T10:34:26.008+0000] {dagbag.py:541} INFO - Filling up the DagBag from /home/vscode/.local/lib/python3.10/site-packages/airflow/example_dags/example_short_circuit_operator.py
[2025-08-14T10:34:26.014+0000] {processor.py:836} INFO - DAG(s) dict_keys(['example_short_circuit_operator']) retrieved from /home/vscode/.local/lib/python3.10/site-packages/airflow/example_dags/example_short_circuit_operator.py
[2025-08-14T10:34:26.027+0000] {logging_mixin.py:150} INFO - [2025-08-14T10:34:26.027+0000] {dag.py:2742} INFO - Sync 1 DAGs
[2025-08-14T10:34:26.040+0000] {logging_mixin.py:150} INFO - [2025-08-14T10:34:26.040+0000] {dag.py:3504} INFO - Setting next_dagrun for example_short_circuit_operator to 2025-08-13T10:34:26.040708+00:00, run_after=2025-08-14T10:34:26.040708+00:00
[2025-08-14T10:34:26.056+0000] {processor.py:179} INFO - Processing /home/vscode/.local/lib/python3.10/site-packages/airflow/example_dags/example_short_circuit_operator.py took 0.050 seconds
[2025-08-14T10:35:12.549+0000] {processor.py:157} INFO - Started process (PID=27639) to work on /home/vscode/.local/lib/python3.10/site-packages/airflow/example_dags/example_short_circuit_operator.py
[2025-08-14T10:35:12.550+0000] {processor.py:826} INFO - Processing file /home/vscode/.local/lib/python3.10/site-packages/airflow/example_dags/example_short_circuit_operator.py for tasks to queue
[2025-08-14T10:35:12.550+0000] {logging_mixin.py:150} INFO - [2025-08-14T10:35:12.550+0000] {dagbag.py:541} INFO - Filling up the DagBag from /home/vscode/.local/lib/python3.10/site-packages/airflow/example_dags/example_short_circuit_operator.py
[2025-08-14T10:35:12.556+0000] {processor.py:836} INFO - DAG(s) dict_keys(['example_short_circuit_operator']) retrieved from /home/vscode/.local/lib/python3.10/site-packages/airflow/example_dags/example_short_circuit_operator.py
[2025-08-14T10:35:12.569+0000] {logging_mixin.py:150} INFO - [2025-08-14T10:35:12.569+0000] {dag.py:2742} INFO - Sync 1 DAGs
[2025-08-14T10:35:12.583+0000] {logging_mixin.py:150} INFO - [2025-08-14T10:35:12.583+0000] {dag.py:3504} INFO - Setting next_dagrun for example_short_circuit_operator to 2025-08-13T10:35:12.582979+00:00, run_after=2025-08-14T10:35:12.582979+00:00
[2025-08-14T10:35:12.598+0000] {processor.py:179} INFO - Processing /home/vscode/.local/lib/python3.10/site-packages/airflow/example_dags/example_short_circuit_operator.py took 0.051 seconds
[2025-08-14T10:35:56.849+0000] {processor.py:157} INFO - Started process (PID=27940) to work on /home/vscode/.local/lib/python3.10/site-packages/airflow/example_dags/example_short_circuit_operator.py
[2025-08-14T10:35:56.850+0000] {processor.py:826} INFO - Processing file /home/vscode/.local/lib/python3.10/site-packages/airflow/example_dags/example_short_circuit_operator.py for tasks to queue
[2025-08-14T10:35:56.851+0000] {logging_mixin.py:150} INFO - [2025-08-14T10:35:56.850+0000] {dagbag.py:541} INFO - Filling up the DagBag from /home/vscode/.local/lib/python3.10/site-packages/airflow/example_dags/example_short_circuit_operator.py
[2025-08-14T10:35:56.857+0000] {processor.py:836} INFO - DAG(s) dict_keys(['example_short_circuit_operator']) retrieved from /home/vscode/.local/lib/python3.10/site-packages/airflow/example_dags/example_short_circuit_operator.py
[2025-08-14T10:35:56.870+0000] {logging_mixin.py:150} INFO - [2025-08-14T10:35:56.870+0000] {dag.py:2742} INFO - Sync 1 DAGs
[2025-08-14T10:35:56.885+0000] {logging_mixin.py:150} INFO - [2025-08-14T10:35:56.885+0000] {dag.py:3504} INFO - Setting next_dagrun for example_short_circuit_operator to 2025-08-13T10:35:56.885133+00:00, run_after=2025-08-14T10:35:56.885133+00:00
[2025-08-14T10:35:56.901+0000] {processor.py:179} INFO - Processing /home/vscode/.local/lib/python3.10/site-packages/airflow/example_dags/example_short_circuit_operator.py took 0.054 seconds
[2025-08-14T10:36:47.088+0000] {processor.py:157} INFO - Started process (PID=28275) to work on /home/vscode/.local/lib/python3.10/site-packages/airflow/example_dags/example_short_circuit_operator.py
[2025-08-14T10:36:47.088+0000] {processor.py:826} INFO - Processing file /home/vscode/.local/lib/python3.10/site-packages/airflow/example_dags/example_short_circuit_operator.py for tasks to queue
[2025-08-14T10:36:47.089+0000] {logging_mixin.py:150} INFO - [2025-08-14T10:36:47.089+0000] {dagbag.py:541} INFO - Filling up the DagBag from /home/vscode/.local/lib/python3.10/site-packages/airflow/example_dags/example_short_circuit_operator.py
[2025-08-14T10:36:47.095+0000] {processor.py:836} INFO - DAG(s) dict_keys(['example_short_circuit_operator']) retrieved from /home/vscode/.local/lib/python3.10/site-packages/airflow/example_dags/example_short_circuit_operator.py
[2025-08-14T10:36:47.108+0000] {logging_mixin.py:150} INFO - [2025-08-14T10:36:47.107+0000] {dag.py:2742} INFO - Sync 1 DAGs
[2025-08-14T10:36:47.121+0000] {logging_mixin.py:150} INFO - [2025-08-14T10:36:47.121+0000] {dag.py:3504} INFO - Setting next_dagrun for example_short_circuit_operator to 2025-08-13T10:36:47.121688+00:00, run_after=2025-08-14T10:36:47.121688+00:00
[2025-08-14T10:36:47.137+0000] {processor.py:179} INFO - Processing /home/vscode/.local/lib/python3.10/site-packages/airflow/example_dags/example_short_circuit_operator.py took 0.052 seconds
[2025-08-14T10:37:32.186+0000] {processor.py:157} INFO - Started process (PID=28577) to work on /home/vscode/.local/lib/python3.10/site-packages/airflow/example_dags/example_short_circuit_operator.py
[2025-08-14T10:37:32.186+0000] {processor.py:826} INFO - Processing file /home/vscode/.local/lib/python3.10/site-packages/airflow/example_dags/example_short_circuit_operator.py for tasks to queue
[2025-08-14T10:37:32.187+0000] {logging_mixin.py:150} INFO - [2025-08-14T10:37:32.187+0000] {dagbag.py:541} INFO - Filling up the DagBag from /home/vscode/.local/lib/python3.10/site-packages/airflow/example_dags/example_short_circuit_operator.py
[2025-08-14T10:37:32.193+0000] {processor.py:836} INFO - DAG(s) dict_keys(['example_short_circuit_operator']) retrieved from /home/vscode/.local/lib/python3.10/site-packages/airflow/example_dags/example_short_circuit_operator.py
[2025-08-14T10:37:32.206+0000] {logging_mixin.py:150} INFO - [2025-08-14T10:37:32.206+0000] {dag.py:2742} INFO - Sync 1 DAGs
[2025-08-14T10:37:32.219+0000] {logging_mixin.py:150} INFO - [2025-08-14T10:37:32.219+0000] {dag.py:3504} INFO - Setting next_dagrun for example_short_circuit_operator to 2025-08-13T10:37:32.219381+00:00, run_after=2025-08-14T10:37:32.219381+00:00
[2025-08-14T10:37:32.234+0000] {processor.py:179} INFO - Processing /home/vscode/.local/lib/python3.10/site-packages/airflow/example_dags/example_short_circuit_operator.py took 0.050 seconds
[2025-08-14T10:38:19.568+0000] {processor.py:157} INFO - Started process (PID=28891) to work on /home/vscode/.local/lib/python3.10/site-packages/airflow/example_dags/example_short_circuit_operator.py
[2025-08-14T10:38:19.569+0000] {processor.py:826} INFO - Processing file /home/vscode/.local/lib/python3.10/site-packages/airflow/example_dags/example_short_circuit_operator.py for tasks to queue
[2025-08-14T10:38:19.569+0000] {logging_mixin.py:150} INFO - [2025-08-14T10:38:19.569+0000] {dagbag.py:541} INFO - Filling up the DagBag from /home/vscode/.local/lib/python3.10/site-packages/airflow/example_dags/example_short_circuit_operator.py
[2025-08-14T10:38:19.575+0000] {processor.py:836} INFO - DAG(s) dict_keys(['example_short_circuit_operator']) retrieved from /home/vscode/.local/lib/python3.10/site-packages/airflow/example_dags/example_short_circuit_operator.py
[2025-08-14T10:38:19.588+0000] {logging_mixin.py:150} INFO - [2025-08-14T10:38:19.588+0000] {dag.py:2742} INFO - Sync 1 DAGs
[2025-08-14T10:38:19.602+0000] {logging_mixin.py:150} INFO - [2025-08-14T10:38:19.602+0000] {dag.py:3504} INFO - Setting next_dagrun for example_short_circuit_operator to 2025-08-13T10:38:19.602397+00:00, run_after=2025-08-14T10:38:19.602397+00:00
[2025-08-14T10:38:19.618+0000] {processor.py:179} INFO - Processing /home/vscode/.local/lib/python3.10/site-packages/airflow/example_dags/example_short_circuit_operator.py took 0.052 seconds
[2025-08-14T10:39:08.795+0000] {processor.py:157} INFO - Started process (PID=29216) to work on /home/vscode/.local/lib/python3.10/site-packages/airflow/example_dags/example_short_circuit_operator.py
[2025-08-14T10:39:08.795+0000] {processor.py:826} INFO - Processing file /home/vscode/.local/lib/python3.10/site-packages/airflow/example_dags/example_short_circuit_operator.py for tasks to queue
[2025-08-14T10:39:08.796+0000] {logging_mixin.py:150} INFO - [2025-08-14T10:39:08.796+0000] {dagbag.py:541} INFO - Filling up the DagBag from /home/vscode/.local/lib/python3.10/site-packages/airflow/example_dags/example_short_circuit_operator.py
[2025-08-14T10:39:08.802+0000] {processor.py:836} INFO - DAG(s) dict_keys(['example_short_circuit_operator']) retrieved from /home/vscode/.local/lib/python3.10/site-packages/airflow/example_dags/example_short_circuit_operator.py
[2025-08-14T10:39:08.815+0000] {logging_mixin.py:150} INFO - [2025-08-14T10:39:08.815+0000] {dag.py:2742} INFO - Sync 1 DAGs
[2025-08-14T10:39:08.829+0000] {logging_mixin.py:150} INFO - [2025-08-14T10:39:08.829+0000] {dag.py:3504} INFO - Setting next_dagrun for example_short_circuit_operator to 2025-08-13T10:39:08.828921+00:00, run_after=2025-08-14T10:39:08.828921+00:00
[2025-08-14T10:39:08.844+0000] {processor.py:179} INFO - Processing /home/vscode/.local/lib/python3.10/site-packages/airflow/example_dags/example_short_circuit_operator.py took 0.051 seconds
[2025-08-14T10:39:54.467+0000] {processor.py:157} INFO - Started process (PID=29520) to work on /home/vscode/.local/lib/python3.10/site-packages/airflow/example_dags/example_short_circuit_operator.py
[2025-08-14T10:39:54.468+0000] {processor.py:826} INFO - Processing file /home/vscode/.local/lib/python3.10/site-packages/airflow/example_dags/example_short_circuit_operator.py for tasks to queue
[2025-08-14T10:39:54.468+0000] {logging_mixin.py:150} INFO - [2025-08-14T10:39:54.468+0000] {dagbag.py:541} INFO - Filling up the DagBag from /home/vscode/.local/lib/python3.10/site-packages/airflow/example_dags/example_short_circuit_operator.py
[2025-08-14T10:39:54.475+0000] {processor.py:836} INFO - DAG(s) dict_keys(['example_short_circuit_operator']) retrieved from /home/vscode/.local/lib/python3.10/site-packages/airflow/example_dags/example_short_circuit_operator.py
[2025-08-14T10:39:54.487+0000] {logging_mixin.py:150} INFO - [2025-08-14T10:39:54.487+0000] {dag.py:2742} INFO - Sync 1 DAGs
[2025-08-14T10:39:54.501+0000] {logging_mixin.py:150} INFO - [2025-08-14T10:39:54.501+0000] {dag.py:3504} INFO - Setting next_dagrun for example_short_circuit_operator to 2025-08-13T10:39:54.501562+00:00, run_after=2025-08-14T10:39:54.501562+00:00
[2025-08-14T10:39:54.517+0000] {processor.py:179} INFO - Processing /home/vscode/.local/lib/python3.10/site-packages/airflow/example_dags/example_short_circuit_operator.py took 0.052 seconds
[2025-08-14T10:40:43.569+0000] {processor.py:157} INFO - Started process (PID=29848) to work on /home/vscode/.local/lib/python3.10/site-packages/airflow/example_dags/example_short_circuit_operator.py
[2025-08-14T10:40:43.570+0000] {processor.py:826} INFO - Processing file /home/vscode/.local/lib/python3.10/site-packages/airflow/example_dags/example_short_circuit_operator.py for tasks to queue
[2025-08-14T10:40:43.570+0000] {logging_mixin.py:150} INFO - [2025-08-14T10:40:43.570+0000] {dagbag.py:541} INFO - Filling up the DagBag from /home/vscode/.local/lib/python3.10/site-packages/airflow/example_dags/example_short_circuit_operator.py
[2025-08-14T10:40:43.577+0000] {processor.py:836} INFO - DAG(s) dict_keys(['example_short_circuit_operator']) retrieved from /home/vscode/.local/lib/python3.10/site-packages/airflow/example_dags/example_short_circuit_operator.py
[2025-08-14T10:40:43.590+0000] {logging_mixin.py:150} INFO - [2025-08-14T10:40:43.590+0000] {dag.py:2742} INFO - Sync 1 DAGs
[2025-08-14T10:40:43.604+0000] {logging_mixin.py:150} INFO - [2025-08-14T10:40:43.604+0000] {dag.py:3504} INFO - Setting next_dagrun for example_short_circuit_operator to 2025-08-13T10:40:43.604264+00:00, run_after=2025-08-14T10:40:43.604264+00:00
[2025-08-14T10:40:43.620+0000] {processor.py:179} INFO - Processing /home/vscode/.local/lib/python3.10/site-packages/airflow/example_dags/example_short_circuit_operator.py took 0.053 seconds
[2025-08-14T10:41:31.953+0000] {processor.py:157} INFO - Started process (PID=30167) to work on /home/vscode/.local/lib/python3.10/site-packages/airflow/example_dags/example_short_circuit_operator.py
[2025-08-14T10:41:31.953+0000] {processor.py:826} INFO - Processing file /home/vscode/.local/lib/python3.10/site-packages/airflow/example_dags/example_short_circuit_operator.py for tasks to queue
[2025-08-14T10:41:31.954+0000] {logging_mixin.py:150} INFO - [2025-08-14T10:41:31.954+0000] {dagbag.py:541} INFO - Filling up the DagBag from /home/vscode/.local/lib/python3.10/site-packages/airflow/example_dags/example_short_circuit_operator.py
[2025-08-14T10:41:31.960+0000] {processor.py:836} INFO - DAG(s) dict_keys(['example_short_circuit_operator']) retrieved from /home/vscode/.local/lib/python3.10/site-packages/airflow/example_dags/example_short_circuit_operator.py
[2025-08-14T10:41:31.974+0000] {logging_mixin.py:150} INFO - [2025-08-14T10:41:31.974+0000] {dag.py:2742} INFO - Sync 1 DAGs
[2025-08-14T10:41:31.988+0000] {logging_mixin.py:150} INFO - [2025-08-14T10:41:31.988+0000] {dag.py:3504} INFO - Setting next_dagrun for example_short_circuit_operator to 2025-08-13T10:41:31.988361+00:00, run_after=2025-08-14T10:41:31.988361+00:00
[2025-08-14T10:41:32.003+0000] {processor.py:179} INFO - Processing /home/vscode/.local/lib/python3.10/site-packages/airflow/example_dags/example_short_circuit_operator.py took 0.053 seconds
[2025-08-14T10:42:19.893+0000] {processor.py:157} INFO - Started process (PID=30484) to work on /home/vscode/.local/lib/python3.10/site-packages/airflow/example_dags/example_short_circuit_operator.py
[2025-08-14T10:42:19.894+0000] {processor.py:826} INFO - Processing file /home/vscode/.local/lib/python3.10/site-packages/airflow/example_dags/example_short_circuit_operator.py for tasks to queue
[2025-08-14T10:42:19.895+0000] {logging_mixin.py:150} INFO - [2025-08-14T10:42:19.894+0000] {dagbag.py:541} INFO - Filling up the DagBag from /home/vscode/.local/lib/python3.10/site-packages/airflow/example_dags/example_short_circuit_operator.py
[2025-08-14T10:42:19.900+0000] {processor.py:836} INFO - DAG(s) dict_keys(['example_short_circuit_operator']) retrieved from /home/vscode/.local/lib/python3.10/site-packages/airflow/example_dags/example_short_circuit_operator.py
[2025-08-14T10:42:19.913+0000] {logging_mixin.py:150} INFO - [2025-08-14T10:42:19.913+0000] {dag.py:2742} INFO - Sync 1 DAGs
[2025-08-14T10:42:19.927+0000] {logging_mixin.py:150} INFO - [2025-08-14T10:42:19.927+0000] {dag.py:3504} INFO - Setting next_dagrun for example_short_circuit_operator to 2025-08-13T10:42:19.927057+00:00, run_after=2025-08-14T10:42:19.927057+00:00
[2025-08-14T10:42:19.943+0000] {processor.py:179} INFO - Processing /home/vscode/.local/lib/python3.10/site-packages/airflow/example_dags/example_short_circuit_operator.py took 0.052 seconds
[2025-08-14T10:43:05.547+0000] {processor.py:157} INFO - Started process (PID=30794) to work on /home/vscode/.local/lib/python3.10/site-packages/airflow/example_dags/example_short_circuit_operator.py
[2025-08-14T10:43:05.547+0000] {processor.py:826} INFO - Processing file /home/vscode/.local/lib/python3.10/site-packages/airflow/example_dags/example_short_circuit_operator.py for tasks to queue
[2025-08-14T10:43:05.548+0000] {logging_mixin.py:150} INFO - [2025-08-14T10:43:05.548+0000] {dagbag.py:541} INFO - Filling up the DagBag from /home/vscode/.local/lib/python3.10/site-packages/airflow/example_dags/example_short_circuit_operator.py
[2025-08-14T10:43:05.554+0000] {processor.py:836} INFO - DAG(s) dict_keys(['example_short_circuit_operator']) retrieved from /home/vscode/.local/lib/python3.10/site-packages/airflow/example_dags/example_short_circuit_operator.py
[2025-08-14T10:43:05.566+0000] {logging_mixin.py:150} INFO - [2025-08-14T10:43:05.566+0000] {dag.py:2742} INFO - Sync 1 DAGs
[2025-08-14T10:43:05.580+0000] {logging_mixin.py:150} INFO - [2025-08-14T10:43:05.580+0000] {dag.py:3504} INFO - Setting next_dagrun for example_short_circuit_operator to 2025-08-13T10:43:05.580515+00:00, run_after=2025-08-14T10:43:05.580515+00:00
[2025-08-14T10:43:05.595+0000] {processor.py:179} INFO - Processing /home/vscode/.local/lib/python3.10/site-packages/airflow/example_dags/example_short_circuit_operator.py took 0.051 seconds
[2025-08-14T10:43:55.772+0000] {processor.py:157} INFO - Started process (PID=31129) to work on /home/vscode/.local/lib/python3.10/site-packages/airflow/example_dags/example_short_circuit_operator.py
[2025-08-14T10:43:55.773+0000] {processor.py:826} INFO - Processing file /home/vscode/.local/lib/python3.10/site-packages/airflow/example_dags/example_short_circuit_operator.py for tasks to queue
[2025-08-14T10:43:55.773+0000] {logging_mixin.py:150} INFO - [2025-08-14T10:43:55.773+0000] {dagbag.py:541} INFO - Filling up the DagBag from /home/vscode/.local/lib/python3.10/site-packages/airflow/example_dags/example_short_circuit_operator.py
[2025-08-14T10:43:55.779+0000] {processor.py:836} INFO - DAG(s) dict_keys(['example_short_circuit_operator']) retrieved from /home/vscode/.local/lib/python3.10/site-packages/airflow/example_dags/example_short_circuit_operator.py
[2025-08-14T10:43:55.792+0000] {logging_mixin.py:150} INFO - [2025-08-14T10:43:55.792+0000] {dag.py:2742} INFO - Sync 1 DAGs
[2025-08-14T10:43:55.805+0000] {logging_mixin.py:150} INFO - [2025-08-14T10:43:55.805+0000] {dag.py:3504} INFO - Setting next_dagrun for example_short_circuit_operator to 2025-08-13T10:43:55.805663+00:00, run_after=2025-08-14T10:43:55.805663+00:00
[2025-08-14T10:43:55.821+0000] {processor.py:179} INFO - Processing /home/vscode/.local/lib/python3.10/site-packages/airflow/example_dags/example_short_circuit_operator.py took 0.051 seconds
[2025-08-14T10:44:41.733+0000] {processor.py:157} INFO - Started process (PID=31426) to work on /home/vscode/.local/lib/python3.10/site-packages/airflow/example_dags/example_short_circuit_operator.py
[2025-08-14T10:44:41.734+0000] {processor.py:826} INFO - Processing file /home/vscode/.local/lib/python3.10/site-packages/airflow/example_dags/example_short_circuit_operator.py for tasks to queue
[2025-08-14T10:44:41.734+0000] {logging_mixin.py:150} INFO - [2025-08-14T10:44:41.734+0000] {dagbag.py:541} INFO - Filling up the DagBag from /home/vscode/.local/lib/python3.10/site-packages/airflow/example_dags/example_short_circuit_operator.py
[2025-08-14T10:44:41.740+0000] {processor.py:836} INFO - DAG(s) dict_keys(['example_short_circuit_operator']) retrieved from /home/vscode/.local/lib/python3.10/site-packages/airflow/example_dags/example_short_circuit_operator.py
[2025-08-14T10:44:41.753+0000] {logging_mixin.py:150} INFO - [2025-08-14T10:44:41.753+0000] {dag.py:2742} INFO - Sync 1 DAGs
[2025-08-14T10:44:41.767+0000] {logging_mixin.py:150} INFO - [2025-08-14T10:44:41.767+0000] {dag.py:3504} INFO - Setting next_dagrun for example_short_circuit_operator to 2025-08-13T10:44:41.767112+00:00, run_after=2025-08-14T10:44:41.767112+00:00
[2025-08-14T10:44:41.782+0000] {processor.py:179} INFO - Processing /home/vscode/.local/lib/python3.10/site-packages/airflow/example_dags/example_short_circuit_operator.py took 0.051 seconds
[2025-08-14T10:45:29.931+0000] {processor.py:157} INFO - Started process (PID=31751) to work on /home/vscode/.local/lib/python3.10/site-packages/airflow/example_dags/example_short_circuit_operator.py
[2025-08-14T10:45:29.931+0000] {processor.py:826} INFO - Processing file /home/vscode/.local/lib/python3.10/site-packages/airflow/example_dags/example_short_circuit_operator.py for tasks to queue
[2025-08-14T10:45:29.932+0000] {logging_mixin.py:150} INFO - [2025-08-14T10:45:29.932+0000] {dagbag.py:541} INFO - Filling up the DagBag from /home/vscode/.local/lib/python3.10/site-packages/airflow/example_dags/example_short_circuit_operator.py
[2025-08-14T10:45:29.938+0000] {processor.py:836} INFO - DAG(s) dict_keys(['example_short_circuit_operator']) retrieved from /home/vscode/.local/lib/python3.10/site-packages/airflow/example_dags/example_short_circuit_operator.py
[2025-08-14T10:45:29.951+0000] {logging_mixin.py:150} INFO - [2025-08-14T10:45:29.951+0000] {dag.py:2742} INFO - Sync 1 DAGs
[2025-08-14T10:45:29.966+0000] {logging_mixin.py:150} INFO - [2025-08-14T10:45:29.966+0000] {dag.py:3504} INFO - Setting next_dagrun for example_short_circuit_operator to 2025-08-13T10:45:29.966204+00:00, run_after=2025-08-14T10:45:29.966204+00:00
[2025-08-14T10:45:29.981+0000] {processor.py:179} INFO - Processing /home/vscode/.local/lib/python3.10/site-packages/airflow/example_dags/example_short_circuit_operator.py took 0.052 seconds
[2025-08-14T10:46:13.051+0000] {processor.py:157} INFO - Started process (PID=32039) to work on /home/vscode/.local/lib/python3.10/site-packages/airflow/example_dags/example_short_circuit_operator.py
[2025-08-14T10:46:13.051+0000] {processor.py:826} INFO - Processing file /home/vscode/.local/lib/python3.10/site-packages/airflow/example_dags/example_short_circuit_operator.py for tasks to queue
[2025-08-14T10:46:13.052+0000] {logging_mixin.py:150} INFO - [2025-08-14T10:46:13.052+0000] {dagbag.py:541} INFO - Filling up the DagBag from /home/vscode/.local/lib/python3.10/site-packages/airflow/example_dags/example_short_circuit_operator.py
[2025-08-14T10:46:13.058+0000] {processor.py:836} INFO - DAG(s) dict_keys(['example_short_circuit_operator']) retrieved from /home/vscode/.local/lib/python3.10/site-packages/airflow/example_dags/example_short_circuit_operator.py
[2025-08-14T10:46:13.070+0000] {logging_mixin.py:150} INFO - [2025-08-14T10:46:13.070+0000] {dag.py:2742} INFO - Sync 1 DAGs
[2025-08-14T10:46:13.084+0000] {logging_mixin.py:150} INFO - [2025-08-14T10:46:13.084+0000] {dag.py:3504} INFO - Setting next_dagrun for example_short_circuit_operator to 2025-08-13T10:46:13.084484+00:00, run_after=2025-08-14T10:46:13.084484+00:00
[2025-08-14T10:46:13.099+0000] {processor.py:179} INFO - Processing /home/vscode/.local/lib/python3.10/site-packages/airflow/example_dags/example_short_circuit_operator.py took 0.051 seconds
[2025-08-14T10:47:02.464+0000] {processor.py:157} INFO - Started process (PID=32367) to work on /home/vscode/.local/lib/python3.10/site-packages/airflow/example_dags/example_short_circuit_operator.py
[2025-08-14T10:47:02.464+0000] {processor.py:826} INFO - Processing file /home/vscode/.local/lib/python3.10/site-packages/airflow/example_dags/example_short_circuit_operator.py for tasks to queue
[2025-08-14T10:47:02.465+0000] {logging_mixin.py:150} INFO - [2025-08-14T10:47:02.465+0000] {dagbag.py:541} INFO - Filling up the DagBag from /home/vscode/.local/lib/python3.10/site-packages/airflow/example_dags/example_short_circuit_operator.py
[2025-08-14T10:47:02.471+0000] {processor.py:836} INFO - DAG(s) dict_keys(['example_short_circuit_operator']) retrieved from /home/vscode/.local/lib/python3.10/site-packages/airflow/example_dags/example_short_circuit_operator.py
[2025-08-14T10:47:02.484+0000] {logging_mixin.py:150} INFO - [2025-08-14T10:47:02.484+0000] {dag.py:2742} INFO - Sync 1 DAGs
[2025-08-14T10:47:02.499+0000] {logging_mixin.py:150} INFO - [2025-08-14T10:47:02.499+0000] {dag.py:3504} INFO - Setting next_dagrun for example_short_circuit_operator to 2025-08-13T10:47:02.498987+00:00, run_after=2025-08-14T10:47:02.498987+00:00
[2025-08-14T10:47:02.515+0000] {processor.py:179} INFO - Processing /home/vscode/.local/lib/python3.10/site-packages/airflow/example_dags/example_short_circuit_operator.py took 0.053 seconds
[2025-08-14T10:47:44.625+0000] {processor.py:157} INFO - Started process (PID=32653) to work on /home/vscode/.local/lib/python3.10/site-packages/airflow/example_dags/example_short_circuit_operator.py
[2025-08-14T10:47:44.626+0000] {processor.py:826} INFO - Processing file /home/vscode/.local/lib/python3.10/site-packages/airflow/example_dags/example_short_circuit_operator.py for tasks to queue
[2025-08-14T10:47:44.627+0000] {logging_mixin.py:150} INFO - [2025-08-14T10:47:44.626+0000] {dagbag.py:541} INFO - Filling up the DagBag from /home/vscode/.local/lib/python3.10/site-packages/airflow/example_dags/example_short_circuit_operator.py
[2025-08-14T10:47:44.633+0000] {processor.py:836} INFO - DAG(s) dict_keys(['example_short_circuit_operator']) retrieved from /home/vscode/.local/lib/python3.10/site-packages/airflow/example_dags/example_short_circuit_operator.py
[2025-08-14T10:47:44.646+0000] {logging_mixin.py:150} INFO - [2025-08-14T10:47:44.646+0000] {dag.py:2742} INFO - Sync 1 DAGs
[2025-08-14T10:47:44.660+0000] {logging_mixin.py:150} INFO - [2025-08-14T10:47:44.660+0000] {dag.py:3504} INFO - Setting next_dagrun for example_short_circuit_operator to 2025-08-13T10:47:44.660085+00:00, run_after=2025-08-14T10:47:44.660085+00:00
[2025-08-14T10:47:44.675+0000] {processor.py:179} INFO - Processing /home/vscode/.local/lib/python3.10/site-packages/airflow/example_dags/example_short_circuit_operator.py took 0.052 seconds
[2025-08-14T10:48:26.712+0000] {processor.py:157} INFO - Started process (PID=32935) to work on /home/vscode/.local/lib/python3.10/site-packages/airflow/example_dags/example_short_circuit_operator.py
[2025-08-14T10:48:26.713+0000] {processor.py:826} INFO - Processing file /home/vscode/.local/lib/python3.10/site-packages/airflow/example_dags/example_short_circuit_operator.py for tasks to queue
[2025-08-14T10:48:26.714+0000] {logging_mixin.py:150} INFO - [2025-08-14T10:48:26.713+0000] {dagbag.py:541} INFO - Filling up the DagBag from /home/vscode/.local/lib/python3.10/site-packages/airflow/example_dags/example_short_circuit_operator.py
[2025-08-14T10:48:26.720+0000] {processor.py:836} INFO - DAG(s) dict_keys(['example_short_circuit_operator']) retrieved from /home/vscode/.local/lib/python3.10/site-packages/airflow/example_dags/example_short_circuit_operator.py
[2025-08-14T10:48:26.732+0000] {logging_mixin.py:150} INFO - [2025-08-14T10:48:26.732+0000] {dag.py:2742} INFO - Sync 1 DAGs
[2025-08-14T10:48:26.746+0000] {logging_mixin.py:150} INFO - [2025-08-14T10:48:26.746+0000] {dag.py:3504} INFO - Setting next_dagrun for example_short_circuit_operator to 2025-08-13T10:48:26.746608+00:00, run_after=2025-08-14T10:48:26.746608+00:00
[2025-08-14T10:48:26.762+0000] {processor.py:179} INFO - Processing /home/vscode/.local/lib/python3.10/site-packages/airflow/example_dags/example_short_circuit_operator.py took 0.051 seconds
[2025-08-14T10:49:13.071+0000] {processor.py:157} INFO - Started process (PID=33241) to work on /home/vscode/.local/lib/python3.10/site-packages/airflow/example_dags/example_short_circuit_operator.py
[2025-08-14T10:49:13.072+0000] {processor.py:826} INFO - Processing file /home/vscode/.local/lib/python3.10/site-packages/airflow/example_dags/example_short_circuit_operator.py for tasks to queue
[2025-08-14T10:49:13.072+0000] {logging_mixin.py:150} INFO - [2025-08-14T10:49:13.072+0000] {dagbag.py:541} INFO - Filling up the DagBag from /home/vscode/.local/lib/python3.10/site-packages/airflow/example_dags/example_short_circuit_operator.py
[2025-08-14T10:49:13.078+0000] {processor.py:836} INFO - DAG(s) dict_keys(['example_short_circuit_operator']) retrieved from /home/vscode/.local/lib/python3.10/site-packages/airflow/example_dags/example_short_circuit_operator.py
[2025-08-14T10:49:13.091+0000] {logging_mixin.py:150} INFO - [2025-08-14T10:49:13.091+0000] {dag.py:2742} INFO - Sync 1 DAGs
[2025-08-14T10:49:13.105+0000] {logging_mixin.py:150} INFO - [2025-08-14T10:49:13.105+0000] {dag.py:3504} INFO - Setting next_dagrun for example_short_circuit_operator to 2025-08-13T10:49:13.105428+00:00, run_after=2025-08-14T10:49:13.105428+00:00
[2025-08-14T10:49:13.120+0000] {processor.py:179} INFO - Processing /home/vscode/.local/lib/python3.10/site-packages/airflow/example_dags/example_short_circuit_operator.py took 0.051 seconds
[2025-08-14T10:49:59.223+0000] {processor.py:157} INFO - Started process (PID=33552) to work on /home/vscode/.local/lib/python3.10/site-packages/airflow/example_dags/example_short_circuit_operator.py
[2025-08-14T10:49:59.224+0000] {processor.py:826} INFO - Processing file /home/vscode/.local/lib/python3.10/site-packages/airflow/example_dags/example_short_circuit_operator.py for tasks to queue
[2025-08-14T10:49:59.224+0000] {logging_mixin.py:150} INFO - [2025-08-14T10:49:59.224+0000] {dagbag.py:541} INFO - Filling up the DagBag from /home/vscode/.local/lib/python3.10/site-packages/airflow/example_dags/example_short_circuit_operator.py
[2025-08-14T10:49:59.233+0000] {processor.py:836} INFO - DAG(s) dict_keys(['example_short_circuit_operator']) retrieved from /home/vscode/.local/lib/python3.10/site-packages/airflow/example_dags/example_short_circuit_operator.py
[2025-08-14T10:49:59.254+0000] {logging_mixin.py:150} INFO - [2025-08-14T10:49:59.254+0000] {dag.py:2742} INFO - Sync 1 DAGs
[2025-08-14T10:49:59.275+0000] {logging_mixin.py:150} INFO - [2025-08-14T10:49:59.274+0000] {dag.py:3504} INFO - Setting next_dagrun for example_short_circuit_operator to 2025-08-13T10:49:59.274777+00:00, run_after=2025-08-14T10:49:59.274777+00:00
[2025-08-14T10:49:59.290+0000] {processor.py:179} INFO - Processing /home/vscode/.local/lib/python3.10/site-packages/airflow/example_dags/example_short_circuit_operator.py took 0.070 seconds
[2025-08-14T10:50:47.828+0000] {processor.py:157} INFO - Started process (PID=33877) to work on /home/vscode/.local/lib/python3.10/site-packages/airflow/example_dags/example_short_circuit_operator.py
[2025-08-14T10:50:47.829+0000] {processor.py:826} INFO - Processing file /home/vscode/.local/lib/python3.10/site-packages/airflow/example_dags/example_short_circuit_operator.py for tasks to queue
[2025-08-14T10:50:47.829+0000] {logging_mixin.py:150} INFO - [2025-08-14T10:50:47.829+0000] {dagbag.py:541} INFO - Filling up the DagBag from /home/vscode/.local/lib/python3.10/site-packages/airflow/example_dags/example_short_circuit_operator.py
[2025-08-14T10:50:47.835+0000] {processor.py:836} INFO - DAG(s) dict_keys(['example_short_circuit_operator']) retrieved from /home/vscode/.local/lib/python3.10/site-packages/airflow/example_dags/example_short_circuit_operator.py
[2025-08-14T10:50:47.848+0000] {logging_mixin.py:150} INFO - [2025-08-14T10:50:47.848+0000] {dag.py:2742} INFO - Sync 1 DAGs
[2025-08-14T10:50:47.863+0000] {logging_mixin.py:150} INFO - [2025-08-14T10:50:47.863+0000] {dag.py:3504} INFO - Setting next_dagrun for example_short_circuit_operator to 2025-08-13T10:50:47.863075+00:00, run_after=2025-08-14T10:50:47.863075+00:00
[2025-08-14T10:50:47.878+0000] {processor.py:179} INFO - Processing /home/vscode/.local/lib/python3.10/site-packages/airflow/example_dags/example_short_circuit_operator.py took 0.052 seconds
[2025-08-14T10:51:34.572+0000] {processor.py:157} INFO - Started process (PID=34187) to work on /home/vscode/.local/lib/python3.10/site-packages/airflow/example_dags/example_short_circuit_operator.py
[2025-08-14T10:51:34.573+0000] {processor.py:826} INFO - Processing file /home/vscode/.local/lib/python3.10/site-packages/airflow/example_dags/example_short_circuit_operator.py for tasks to queue
[2025-08-14T10:51:34.574+0000] {logging_mixin.py:150} INFO - [2025-08-14T10:51:34.574+0000] {dagbag.py:541} INFO - Filling up the DagBag from /home/vscode/.local/lib/python3.10/site-packages/airflow/example_dags/example_short_circuit_operator.py
[2025-08-14T10:51:34.584+0000] {processor.py:836} INFO - DAG(s) dict_keys(['example_short_circuit_operator']) retrieved from /home/vscode/.local/lib/python3.10/site-packages/airflow/example_dags/example_short_circuit_operator.py
[2025-08-14T10:51:34.602+0000] {logging_mixin.py:150} INFO - [2025-08-14T10:51:34.602+0000] {dag.py:2742} INFO - Sync 1 DAGs
[2025-08-14T10:51:34.616+0000] {logging_mixin.py:150} INFO - [2025-08-14T10:51:34.616+0000] {dag.py:3504} INFO - Setting next_dagrun for example_short_circuit_operator to 2025-08-13T10:51:34.615991+00:00, run_after=2025-08-14T10:51:34.615991+00:00
[2025-08-14T10:51:34.631+0000] {processor.py:179} INFO - Processing /home/vscode/.local/lib/python3.10/site-packages/airflow/example_dags/example_short_circuit_operator.py took 0.064 seconds
[2025-08-14T10:52:20.591+0000] {processor.py:157} INFO - Started process (PID=34492) to work on /home/vscode/.local/lib/python3.10/site-packages/airflow/example_dags/example_short_circuit_operator.py
[2025-08-14T10:52:20.592+0000] {processor.py:826} INFO - Processing file /home/vscode/.local/lib/python3.10/site-packages/airflow/example_dags/example_short_circuit_operator.py for tasks to queue
[2025-08-14T10:52:20.593+0000] {logging_mixin.py:150} INFO - [2025-08-14T10:52:20.592+0000] {dagbag.py:541} INFO - Filling up the DagBag from /home/vscode/.local/lib/python3.10/site-packages/airflow/example_dags/example_short_circuit_operator.py
[2025-08-14T10:52:20.599+0000] {processor.py:836} INFO - DAG(s) dict_keys(['example_short_circuit_operator']) retrieved from /home/vscode/.local/lib/python3.10/site-packages/airflow/example_dags/example_short_circuit_operator.py
[2025-08-14T10:52:20.611+0000] {logging_mixin.py:150} INFO - [2025-08-14T10:52:20.611+0000] {dag.py:2742} INFO - Sync 1 DAGs
[2025-08-14T10:52:20.625+0000] {logging_mixin.py:150} INFO - [2025-08-14T10:52:20.625+0000] {dag.py:3504} INFO - Setting next_dagrun for example_short_circuit_operator to 2025-08-13T10:52:20.625215+00:00, run_after=2025-08-14T10:52:20.625215+00:00
[2025-08-14T10:52:20.640+0000] {processor.py:179} INFO - Processing /home/vscode/.local/lib/python3.10/site-packages/airflow/example_dags/example_short_circuit_operator.py took 0.051 seconds
[2025-08-14T10:53:07.408+0000] {processor.py:157} INFO - Started process (PID=34809) to work on /home/vscode/.local/lib/python3.10/site-packages/airflow/example_dags/example_short_circuit_operator.py
[2025-08-14T10:53:07.408+0000] {processor.py:826} INFO - Processing file /home/vscode/.local/lib/python3.10/site-packages/airflow/example_dags/example_short_circuit_operator.py for tasks to queue
[2025-08-14T10:53:07.409+0000] {logging_mixin.py:150} INFO - [2025-08-14T10:53:07.409+0000] {dagbag.py:541} INFO - Filling up the DagBag from /home/vscode/.local/lib/python3.10/site-packages/airflow/example_dags/example_short_circuit_operator.py
[2025-08-14T10:53:07.415+0000] {processor.py:836} INFO - DAG(s) dict_keys(['example_short_circuit_operator']) retrieved from /home/vscode/.local/lib/python3.10/site-packages/airflow/example_dags/example_short_circuit_operator.py
[2025-08-14T10:53:07.429+0000] {logging_mixin.py:150} INFO - [2025-08-14T10:53:07.429+0000] {dag.py:2742} INFO - Sync 1 DAGs
[2025-08-14T10:53:07.443+0000] {logging_mixin.py:150} INFO - [2025-08-14T10:53:07.443+0000] {dag.py:3504} INFO - Setting next_dagrun for example_short_circuit_operator to 2025-08-13T10:53:07.443233+00:00, run_after=2025-08-14T10:53:07.443233+00:00
[2025-08-14T10:53:07.459+0000] {processor.py:179} INFO - Processing /home/vscode/.local/lib/python3.10/site-packages/airflow/example_dags/example_short_circuit_operator.py took 0.053 seconds
[2025-08-14T10:54:03.912+0000] {processor.py:157} INFO - Started process (PID=36515) to work on /home/vscode/.local/lib/python3.10/site-packages/airflow/example_dags/example_short_circuit_operator.py
[2025-08-14T10:54:03.912+0000] {processor.py:826} INFO - Processing file /home/vscode/.local/lib/python3.10/site-packages/airflow/example_dags/example_short_circuit_operator.py for tasks to queue
[2025-08-14T10:54:03.913+0000] {logging_mixin.py:150} INFO - [2025-08-14T10:54:03.913+0000] {dagbag.py:541} INFO - Filling up the DagBag from /home/vscode/.local/lib/python3.10/site-packages/airflow/example_dags/example_short_circuit_operator.py
[2025-08-14T10:54:03.920+0000] {processor.py:836} INFO - DAG(s) dict_keys(['example_short_circuit_operator']) retrieved from /home/vscode/.local/lib/python3.10/site-packages/airflow/example_dags/example_short_circuit_operator.py
[2025-08-14T10:54:03.933+0000] {logging_mixin.py:150} INFO - [2025-08-14T10:54:03.933+0000] {dag.py:2742} INFO - Sync 1 DAGs
[2025-08-14T10:54:03.948+0000] {logging_mixin.py:150} INFO - [2025-08-14T10:54:03.948+0000] {dag.py:3504} INFO - Setting next_dagrun for example_short_circuit_operator to 2025-08-13T10:54:03.948306+00:00, run_after=2025-08-14T10:54:03.948306+00:00
[2025-08-14T10:54:03.963+0000] {processor.py:179} INFO - Processing /home/vscode/.local/lib/python3.10/site-packages/airflow/example_dags/example_short_circuit_operator.py took 0.054 seconds
[2025-08-14T10:54:40.534+0000] {processor.py:157} INFO - Started process (PID=37017) to work on /home/vscode/.local/lib/python3.10/site-packages/airflow/example_dags/example_short_circuit_operator.py
[2025-08-14T10:54:40.535+0000] {processor.py:826} INFO - Processing file /home/vscode/.local/lib/python3.10/site-packages/airflow/example_dags/example_short_circuit_operator.py for tasks to queue
[2025-08-14T10:54:40.536+0000] {logging_mixin.py:150} INFO - [2025-08-14T10:54:40.535+0000] {dagbag.py:541} INFO - Filling up the DagBag from /home/vscode/.local/lib/python3.10/site-packages/airflow/example_dags/example_short_circuit_operator.py
[2025-08-14T10:54:40.542+0000] {processor.py:836} INFO - DAG(s) dict_keys(['example_short_circuit_operator']) retrieved from /home/vscode/.local/lib/python3.10/site-packages/airflow/example_dags/example_short_circuit_operator.py
[2025-08-14T10:54:40.555+0000] {logging_mixin.py:150} INFO - [2025-08-14T10:54:40.555+0000] {dag.py:2742} INFO - Sync 1 DAGs
[2025-08-14T10:54:40.570+0000] {logging_mixin.py:150} INFO - [2025-08-14T10:54:40.570+0000] {dag.py:3504} INFO - Setting next_dagrun for example_short_circuit_operator to 2025-08-13T10:54:40.570280+00:00, run_after=2025-08-14T10:54:40.570280+00:00
[2025-08-14T10:54:40.587+0000] {processor.py:179} INFO - Processing /home/vscode/.local/lib/python3.10/site-packages/airflow/example_dags/example_short_circuit_operator.py took 0.055 seconds
[2025-08-14T10:55:24.372+0000] {processor.py:157} INFO - Started process (PID=37560) to work on /home/vscode/.local/lib/python3.10/site-packages/airflow/example_dags/example_short_circuit_operator.py
[2025-08-14T10:55:24.373+0000] {processor.py:826} INFO - Processing file /home/vscode/.local/lib/python3.10/site-packages/airflow/example_dags/example_short_circuit_operator.py for tasks to queue
[2025-08-14T10:55:24.374+0000] {logging_mixin.py:150} INFO - [2025-08-14T10:55:24.373+0000] {dagbag.py:541} INFO - Filling up the DagBag from /home/vscode/.local/lib/python3.10/site-packages/airflow/example_dags/example_short_circuit_operator.py
[2025-08-14T10:55:24.380+0000] {processor.py:836} INFO - DAG(s) dict_keys(['example_short_circuit_operator']) retrieved from /home/vscode/.local/lib/python3.10/site-packages/airflow/example_dags/example_short_circuit_operator.py
[2025-08-14T10:55:24.393+0000] {logging_mixin.py:150} INFO - [2025-08-14T10:55:24.393+0000] {dag.py:2742} INFO - Sync 1 DAGs
[2025-08-14T10:55:24.409+0000] {logging_mixin.py:150} INFO - [2025-08-14T10:55:24.409+0000] {dag.py:3504} INFO - Setting next_dagrun for example_short_circuit_operator to 2025-08-13T10:55:24.409150+00:00, run_after=2025-08-14T10:55:24.409150+00:00
[2025-08-14T10:55:24.427+0000] {processor.py:179} INFO - Processing /home/vscode/.local/lib/python3.10/site-packages/airflow/example_dags/example_short_circuit_operator.py took 0.058 seconds
[2025-08-14T10:56:11.262+0000] {processor.py:157} INFO - Started process (PID=38084) to work on /home/vscode/.local/lib/python3.10/site-packages/airflow/example_dags/example_short_circuit_operator.py
[2025-08-14T10:56:11.262+0000] {processor.py:826} INFO - Processing file /home/vscode/.local/lib/python3.10/site-packages/airflow/example_dags/example_short_circuit_operator.py for tasks to queue
[2025-08-14T10:56:11.263+0000] {logging_mixin.py:150} INFO - [2025-08-14T10:56:11.263+0000] {dagbag.py:541} INFO - Filling up the DagBag from /home/vscode/.local/lib/python3.10/site-packages/airflow/example_dags/example_short_circuit_operator.py
[2025-08-14T10:56:11.269+0000] {processor.py:836} INFO - DAG(s) dict_keys(['example_short_circuit_operator']) retrieved from /home/vscode/.local/lib/python3.10/site-packages/airflow/example_dags/example_short_circuit_operator.py
[2025-08-14T10:56:11.283+0000] {logging_mixin.py:150} INFO - [2025-08-14T10:56:11.283+0000] {dag.py:2742} INFO - Sync 1 DAGs
[2025-08-14T10:56:11.297+0000] {logging_mixin.py:150} INFO - [2025-08-14T10:56:11.297+0000] {dag.py:3504} INFO - Setting next_dagrun for example_short_circuit_operator to 2025-08-13T10:56:11.297186+00:00, run_after=2025-08-14T10:56:11.297186+00:00
[2025-08-14T10:56:11.312+0000] {processor.py:179} INFO - Processing /home/vscode/.local/lib/python3.10/site-packages/airflow/example_dags/example_short_circuit_operator.py took 0.053 seconds
[2025-08-14T10:57:01.935+0000] {processor.py:157} INFO - Started process (PID=38563) to work on /home/vscode/.local/lib/python3.10/site-packages/airflow/example_dags/example_short_circuit_operator.py
[2025-08-14T10:57:01.936+0000] {processor.py:826} INFO - Processing file /home/vscode/.local/lib/python3.10/site-packages/airflow/example_dags/example_short_circuit_operator.py for tasks to queue
[2025-08-14T10:57:01.936+0000] {logging_mixin.py:150} INFO - [2025-08-14T10:57:01.936+0000] {dagbag.py:541} INFO - Filling up the DagBag from /home/vscode/.local/lib/python3.10/site-packages/airflow/example_dags/example_short_circuit_operator.py
[2025-08-14T10:57:01.942+0000] {processor.py:836} INFO - DAG(s) dict_keys(['example_short_circuit_operator']) retrieved from /home/vscode/.local/lib/python3.10/site-packages/airflow/example_dags/example_short_circuit_operator.py
[2025-08-14T10:57:01.956+0000] {logging_mixin.py:150} INFO - [2025-08-14T10:57:01.955+0000] {dag.py:2742} INFO - Sync 1 DAGs
[2025-08-14T10:57:01.970+0000] {logging_mixin.py:150} INFO - [2025-08-14T10:57:01.970+0000] {dag.py:3504} INFO - Setting next_dagrun for example_short_circuit_operator to 2025-08-13T10:57:01.970057+00:00, run_after=2025-08-14T10:57:01.970057+00:00
[2025-08-14T10:57:01.987+0000] {processor.py:179} INFO - Processing /home/vscode/.local/lib/python3.10/site-packages/airflow/example_dags/example_short_circuit_operator.py took 0.054 seconds
[2025-08-14T10:57:47.954+0000] {processor.py:157} INFO - Started process (PID=39003) to work on /home/vscode/.local/lib/python3.10/site-packages/airflow/example_dags/example_short_circuit_operator.py
[2025-08-14T10:57:47.955+0000] {processor.py:826} INFO - Processing file /home/vscode/.local/lib/python3.10/site-packages/airflow/example_dags/example_short_circuit_operator.py for tasks to queue
[2025-08-14T10:57:47.956+0000] {logging_mixin.py:150} INFO - [2025-08-14T10:57:47.955+0000] {dagbag.py:541} INFO - Filling up the DagBag from /home/vscode/.local/lib/python3.10/site-packages/airflow/example_dags/example_short_circuit_operator.py
[2025-08-14T10:57:47.964+0000] {processor.py:836} INFO - DAG(s) dict_keys(['example_short_circuit_operator']) retrieved from /home/vscode/.local/lib/python3.10/site-packages/airflow/example_dags/example_short_circuit_operator.py
[2025-08-14T10:57:47.978+0000] {logging_mixin.py:150} INFO - [2025-08-14T10:57:47.978+0000] {dag.py:2742} INFO - Sync 1 DAGs
[2025-08-14T10:57:47.993+0000] {logging_mixin.py:150} INFO - [2025-08-14T10:57:47.993+0000] {dag.py:3504} INFO - Setting next_dagrun for example_short_circuit_operator to 2025-08-13T10:57:47.993074+00:00, run_after=2025-08-14T10:57:47.993074+00:00
[2025-08-14T10:57:48.010+0000] {processor.py:179} INFO - Processing /home/vscode/.local/lib/python3.10/site-packages/airflow/example_dags/example_short_circuit_operator.py took 0.059 seconds
[2025-08-14T10:58:35.416+0000] {processor.py:157} INFO - Started process (PID=39461) to work on /home/vscode/.local/lib/python3.10/site-packages/airflow/example_dags/example_short_circuit_operator.py
[2025-08-14T10:58:35.416+0000] {processor.py:826} INFO - Processing file /home/vscode/.local/lib/python3.10/site-packages/airflow/example_dags/example_short_circuit_operator.py for tasks to queue
[2025-08-14T10:58:35.417+0000] {logging_mixin.py:150} INFO - [2025-08-14T10:58:35.417+0000] {dagbag.py:541} INFO - Filling up the DagBag from /home/vscode/.local/lib/python3.10/site-packages/airflow/example_dags/example_short_circuit_operator.py
[2025-08-14T10:58:35.423+0000] {processor.py:836} INFO - DAG(s) dict_keys(['example_short_circuit_operator']) retrieved from /home/vscode/.local/lib/python3.10/site-packages/airflow/example_dags/example_short_circuit_operator.py
[2025-08-14T10:58:35.435+0000] {logging_mixin.py:150} INFO - [2025-08-14T10:58:35.435+0000] {dag.py:2742} INFO - Sync 1 DAGs
[2025-08-14T10:58:35.449+0000] {logging_mixin.py:150} INFO - [2025-08-14T10:58:35.449+0000] {dag.py:3504} INFO - Setting next_dagrun for example_short_circuit_operator to 2025-08-13T10:58:35.449053+00:00, run_after=2025-08-14T10:58:35.449053+00:00
[2025-08-14T10:58:35.464+0000] {processor.py:179} INFO - Processing /home/vscode/.local/lib/python3.10/site-packages/airflow/example_dags/example_short_circuit_operator.py took 0.051 seconds
[2025-08-14T10:59:19.132+0000] {processor.py:157} INFO - Started process (PID=39875) to work on /home/vscode/.local/lib/python3.10/site-packages/airflow/example_dags/example_short_circuit_operator.py
[2025-08-14T10:59:19.132+0000] {processor.py:826} INFO - Processing file /home/vscode/.local/lib/python3.10/site-packages/airflow/example_dags/example_short_circuit_operator.py for tasks to queue
[2025-08-14T10:59:19.133+0000] {logging_mixin.py:150} INFO - [2025-08-14T10:59:19.133+0000] {dagbag.py:541} INFO - Filling up the DagBag from /home/vscode/.local/lib/python3.10/site-packages/airflow/example_dags/example_short_circuit_operator.py
[2025-08-14T10:59:19.139+0000] {processor.py:836} INFO - DAG(s) dict_keys(['example_short_circuit_operator']) retrieved from /home/vscode/.local/lib/python3.10/site-packages/airflow/example_dags/example_short_circuit_operator.py
[2025-08-14T10:59:19.152+0000] {logging_mixin.py:150} INFO - [2025-08-14T10:59:19.152+0000] {dag.py:2742} INFO - Sync 1 DAGs
[2025-08-14T10:59:19.166+0000] {logging_mixin.py:150} INFO - [2025-08-14T10:59:19.166+0000] {dag.py:3504} INFO - Setting next_dagrun for example_short_circuit_operator to 2025-08-13T10:59:19.166445+00:00, run_after=2025-08-14T10:59:19.166445+00:00
[2025-08-14T10:59:19.182+0000] {processor.py:179} INFO - Processing /home/vscode/.local/lib/python3.10/site-packages/airflow/example_dags/example_short_circuit_operator.py took 0.052 seconds
[2025-08-14T11:00:04.263+0000] {processor.py:157} INFO - Started process (PID=40311) to work on /home/vscode/.local/lib/python3.10/site-packages/airflow/example_dags/example_short_circuit_operator.py
[2025-08-14T11:00:04.263+0000] {processor.py:826} INFO - Processing file /home/vscode/.local/lib/python3.10/site-packages/airflow/example_dags/example_short_circuit_operator.py for tasks to queue
[2025-08-14T11:00:04.264+0000] {logging_mixin.py:150} INFO - [2025-08-14T11:00:04.264+0000] {dagbag.py:541} INFO - Filling up the DagBag from /home/vscode/.local/lib/python3.10/site-packages/airflow/example_dags/example_short_circuit_operator.py
[2025-08-14T11:00:04.270+0000] {processor.py:836} INFO - DAG(s) dict_keys(['example_short_circuit_operator']) retrieved from /home/vscode/.local/lib/python3.10/site-packages/airflow/example_dags/example_short_circuit_operator.py
[2025-08-14T11:00:04.283+0000] {logging_mixin.py:150} INFO - [2025-08-14T11:00:04.283+0000] {dag.py:2742} INFO - Sync 1 DAGs
[2025-08-14T11:00:04.296+0000] {logging_mixin.py:150} INFO - [2025-08-14T11:00:04.296+0000] {dag.py:3504} INFO - Setting next_dagrun for example_short_circuit_operator to 2025-08-13T11:00:04.296619+00:00, run_after=2025-08-14T11:00:04.296619+00:00
[2025-08-14T11:00:04.312+0000] {processor.py:179} INFO - Processing /home/vscode/.local/lib/python3.10/site-packages/airflow/example_dags/example_short_circuit_operator.py took 0.051 seconds
[2025-08-14T11:00:43.611+0000] {processor.py:157} INFO - Started process (PID=40684) to work on /home/vscode/.local/lib/python3.10/site-packages/airflow/example_dags/example_short_circuit_operator.py
[2025-08-14T11:00:43.612+0000] {processor.py:826} INFO - Processing file /home/vscode/.local/lib/python3.10/site-packages/airflow/example_dags/example_short_circuit_operator.py for tasks to queue
[2025-08-14T11:00:43.613+0000] {logging_mixin.py:150} INFO - [2025-08-14T11:00:43.612+0000] {dagbag.py:541} INFO - Filling up the DagBag from /home/vscode/.local/lib/python3.10/site-packages/airflow/example_dags/example_short_circuit_operator.py
[2025-08-14T11:00:43.618+0000] {processor.py:836} INFO - DAG(s) dict_keys(['example_short_circuit_operator']) retrieved from /home/vscode/.local/lib/python3.10/site-packages/airflow/example_dags/example_short_circuit_operator.py
[2025-08-14T11:00:43.631+0000] {logging_mixin.py:150} INFO - [2025-08-14T11:00:43.631+0000] {dag.py:2742} INFO - Sync 1 DAGs
[2025-08-14T11:00:43.645+0000] {logging_mixin.py:150} INFO - [2025-08-14T11:00:43.645+0000] {dag.py:3504} INFO - Setting next_dagrun for example_short_circuit_operator to 2025-08-13T11:00:43.645651+00:00, run_after=2025-08-14T11:00:43.645651+00:00
[2025-08-14T11:00:43.660+0000] {processor.py:179} INFO - Processing /home/vscode/.local/lib/python3.10/site-packages/airflow/example_dags/example_short_circuit_operator.py took 0.051 seconds
[2025-08-14T11:01:31.555+0000] {processor.py:157} INFO - Started process (PID=41146) to work on /home/vscode/.local/lib/python3.10/site-packages/airflow/example_dags/example_short_circuit_operator.py
[2025-08-14T11:01:31.555+0000] {processor.py:826} INFO - Processing file /home/vscode/.local/lib/python3.10/site-packages/airflow/example_dags/example_short_circuit_operator.py for tasks to queue
[2025-08-14T11:01:31.556+0000] {logging_mixin.py:150} INFO - [2025-08-14T11:01:31.556+0000] {dagbag.py:541} INFO - Filling up the DagBag from /home/vscode/.local/lib/python3.10/site-packages/airflow/example_dags/example_short_circuit_operator.py
[2025-08-14T11:01:31.562+0000] {processor.py:836} INFO - DAG(s) dict_keys(['example_short_circuit_operator']) retrieved from /home/vscode/.local/lib/python3.10/site-packages/airflow/example_dags/example_short_circuit_operator.py
[2025-08-14T11:01:31.575+0000] {logging_mixin.py:150} INFO - [2025-08-14T11:01:31.575+0000] {dag.py:2742} INFO - Sync 1 DAGs
[2025-08-14T11:01:31.589+0000] {logging_mixin.py:150} INFO - [2025-08-14T11:01:31.589+0000] {dag.py:3504} INFO - Setting next_dagrun for example_short_circuit_operator to 2025-08-13T11:01:31.589034+00:00, run_after=2025-08-14T11:01:31.589034+00:00
[2025-08-14T11:01:31.604+0000] {processor.py:179} INFO - Processing /home/vscode/.local/lib/python3.10/site-packages/airflow/example_dags/example_short_circuit_operator.py took 0.052 seconds
[2025-08-14T11:02:18.856+0000] {processor.py:157} INFO - Started process (PID=41595) to work on /home/vscode/.local/lib/python3.10/site-packages/airflow/example_dags/example_short_circuit_operator.py
[2025-08-14T11:02:18.857+0000] {processor.py:826} INFO - Processing file /home/vscode/.local/lib/python3.10/site-packages/airflow/example_dags/example_short_circuit_operator.py for tasks to queue
[2025-08-14T11:02:18.858+0000] {logging_mixin.py:150} INFO - [2025-08-14T11:02:18.857+0000] {dagbag.py:541} INFO - Filling up the DagBag from /home/vscode/.local/lib/python3.10/site-packages/airflow/example_dags/example_short_circuit_operator.py
[2025-08-14T11:02:18.864+0000] {processor.py:836} INFO - DAG(s) dict_keys(['example_short_circuit_operator']) retrieved from /home/vscode/.local/lib/python3.10/site-packages/airflow/example_dags/example_short_circuit_operator.py
[2025-08-14T11:02:18.877+0000] {logging_mixin.py:150} INFO - [2025-08-14T11:02:18.876+0000] {dag.py:2742} INFO - Sync 1 DAGs
[2025-08-14T11:02:18.890+0000] {logging_mixin.py:150} INFO - [2025-08-14T11:02:18.890+0000] {dag.py:3504} INFO - Setting next_dagrun for example_short_circuit_operator to 2025-08-13T11:02:18.890719+00:00, run_after=2025-08-14T11:02:18.890719+00:00
[2025-08-14T11:02:18.906+0000] {processor.py:179} INFO - Processing /home/vscode/.local/lib/python3.10/site-packages/airflow/example_dags/example_short_circuit_operator.py took 0.052 seconds
[2025-08-14T11:03:05.624+0000] {processor.py:157} INFO - Started process (PID=42039) to work on /home/vscode/.local/lib/python3.10/site-packages/airflow/example_dags/example_short_circuit_operator.py
[2025-08-14T11:03:05.625+0000] {processor.py:826} INFO - Processing file /home/vscode/.local/lib/python3.10/site-packages/airflow/example_dags/example_short_circuit_operator.py for tasks to queue
[2025-08-14T11:03:05.626+0000] {logging_mixin.py:150} INFO - [2025-08-14T11:03:05.625+0000] {dagbag.py:541} INFO - Filling up the DagBag from /home/vscode/.local/lib/python3.10/site-packages/airflow/example_dags/example_short_circuit_operator.py
[2025-08-14T11:03:05.632+0000] {processor.py:836} INFO - DAG(s) dict_keys(['example_short_circuit_operator']) retrieved from /home/vscode/.local/lib/python3.10/site-packages/airflow/example_dags/example_short_circuit_operator.py
[2025-08-14T11:03:05.646+0000] {logging_mixin.py:150} INFO - [2025-08-14T11:03:05.646+0000] {dag.py:2742} INFO - Sync 1 DAGs
[2025-08-14T11:03:05.660+0000] {logging_mixin.py:150} INFO - [2025-08-14T11:03:05.660+0000] {dag.py:3504} INFO - Setting next_dagrun for example_short_circuit_operator to 2025-08-13T11:03:05.660697+00:00, run_after=2025-08-14T11:03:05.660697+00:00
[2025-08-14T11:03:05.676+0000] {processor.py:179} INFO - Processing /home/vscode/.local/lib/python3.10/site-packages/airflow/example_dags/example_short_circuit_operator.py took 0.054 seconds
[2025-08-14T11:03:51.146+0000] {processor.py:157} INFO - Started process (PID=42481) to work on /home/vscode/.local/lib/python3.10/site-packages/airflow/example_dags/example_short_circuit_operator.py
[2025-08-14T11:03:51.147+0000] {processor.py:826} INFO - Processing file /home/vscode/.local/lib/python3.10/site-packages/airflow/example_dags/example_short_circuit_operator.py for tasks to queue
[2025-08-14T11:03:51.147+0000] {logging_mixin.py:150} INFO - [2025-08-14T11:03:51.147+0000] {dagbag.py:541} INFO - Filling up the DagBag from /home/vscode/.local/lib/python3.10/site-packages/airflow/example_dags/example_short_circuit_operator.py
[2025-08-14T11:03:51.154+0000] {processor.py:836} INFO - DAG(s) dict_keys(['example_short_circuit_operator']) retrieved from /home/vscode/.local/lib/python3.10/site-packages/airflow/example_dags/example_short_circuit_operator.py
[2025-08-14T11:03:51.169+0000] {logging_mixin.py:150} INFO - [2025-08-14T11:03:51.169+0000] {dag.py:2742} INFO - Sync 1 DAGs
[2025-08-14T11:03:51.185+0000] {logging_mixin.py:150} INFO - [2025-08-14T11:03:51.184+0000] {dag.py:3504} INFO - Setting next_dagrun for example_short_circuit_operator to 2025-08-13T11:03:51.184689+00:00, run_after=2025-08-14T11:03:51.184689+00:00
[2025-08-14T11:03:51.203+0000] {processor.py:179} INFO - Processing /home/vscode/.local/lib/python3.10/site-packages/airflow/example_dags/example_short_circuit_operator.py took 0.059 seconds
[2025-08-14T11:04:41.376+0000] {processor.py:157} INFO - Started process (PID=42959) to work on /home/vscode/.local/lib/python3.10/site-packages/airflow/example_dags/example_short_circuit_operator.py
[2025-08-14T11:04:41.376+0000] {processor.py:826} INFO - Processing file /home/vscode/.local/lib/python3.10/site-packages/airflow/example_dags/example_short_circuit_operator.py for tasks to queue
[2025-08-14T11:04:41.377+0000] {logging_mixin.py:150} INFO - [2025-08-14T11:04:41.377+0000] {dagbag.py:541} INFO - Filling up the DagBag from /home/vscode/.local/lib/python3.10/site-packages/airflow/example_dags/example_short_circuit_operator.py
[2025-08-14T11:04:41.383+0000] {processor.py:836} INFO - DAG(s) dict_keys(['example_short_circuit_operator']) retrieved from /home/vscode/.local/lib/python3.10/site-packages/airflow/example_dags/example_short_circuit_operator.py
[2025-08-14T11:04:41.397+0000] {logging_mixin.py:150} INFO - [2025-08-14T11:04:41.397+0000] {dag.py:2742} INFO - Sync 1 DAGs
[2025-08-14T11:04:41.412+0000] {logging_mixin.py:150} INFO - [2025-08-14T11:04:41.412+0000] {dag.py:3504} INFO - Setting next_dagrun for example_short_circuit_operator to 2025-08-13T11:04:41.412092+00:00, run_after=2025-08-14T11:04:41.412092+00:00
[2025-08-14T11:04:41.429+0000] {processor.py:179} INFO - Processing /home/vscode/.local/lib/python3.10/site-packages/airflow/example_dags/example_short_circuit_operator.py took 0.055 seconds
[2025-08-14T11:05:28.646+0000] {processor.py:157} INFO - Started process (PID=43417) to work on /home/vscode/.local/lib/python3.10/site-packages/airflow/example_dags/example_short_circuit_operator.py
[2025-08-14T11:05:28.646+0000] {processor.py:826} INFO - Processing file /home/vscode/.local/lib/python3.10/site-packages/airflow/example_dags/example_short_circuit_operator.py for tasks to queue
[2025-08-14T11:05:28.647+0000] {logging_mixin.py:150} INFO - [2025-08-14T11:05:28.647+0000] {dagbag.py:541} INFO - Filling up the DagBag from /home/vscode/.local/lib/python3.10/site-packages/airflow/example_dags/example_short_circuit_operator.py
[2025-08-14T11:05:28.653+0000] {processor.py:836} INFO - DAG(s) dict_keys(['example_short_circuit_operator']) retrieved from /home/vscode/.local/lib/python3.10/site-packages/airflow/example_dags/example_short_circuit_operator.py
[2025-08-14T11:05:28.667+0000] {logging_mixin.py:150} INFO - [2025-08-14T11:05:28.667+0000] {dag.py:2742} INFO - Sync 1 DAGs
[2025-08-14T11:05:28.681+0000] {logging_mixin.py:150} INFO - [2025-08-14T11:05:28.681+0000] {dag.py:3504} INFO - Setting next_dagrun for example_short_circuit_operator to 2025-08-13T11:05:28.681337+00:00, run_after=2025-08-14T11:05:28.681337+00:00
[2025-08-14T11:05:28.698+0000] {processor.py:179} INFO - Processing /home/vscode/.local/lib/python3.10/site-packages/airflow/example_dags/example_short_circuit_operator.py took 0.054 seconds
[2025-08-14T11:06:10.900+0000] {processor.py:157} INFO - Started process (PID=43811) to work on /home/vscode/.local/lib/python3.10/site-packages/airflow/example_dags/example_short_circuit_operator.py
[2025-08-14T11:06:10.900+0000] {processor.py:826} INFO - Processing file /home/vscode/.local/lib/python3.10/site-packages/airflow/example_dags/example_short_circuit_operator.py for tasks to queue
[2025-08-14T11:06:10.901+0000] {logging_mixin.py:150} INFO - [2025-08-14T11:06:10.901+0000] {dagbag.py:541} INFO - Filling up the DagBag from /home/vscode/.local/lib/python3.10/site-packages/airflow/example_dags/example_short_circuit_operator.py
[2025-08-14T11:06:10.907+0000] {processor.py:836} INFO - DAG(s) dict_keys(['example_short_circuit_operator']) retrieved from /home/vscode/.local/lib/python3.10/site-packages/airflow/example_dags/example_short_circuit_operator.py
[2025-08-14T11:06:10.922+0000] {logging_mixin.py:150} INFO - [2025-08-14T11:06:10.922+0000] {dag.py:2742} INFO - Sync 1 DAGs
[2025-08-14T11:06:10.940+0000] {logging_mixin.py:150} INFO - [2025-08-14T11:06:10.940+0000] {dag.py:3504} INFO - Setting next_dagrun for example_short_circuit_operator to 2025-08-13T11:06:10.940435+00:00, run_after=2025-08-14T11:06:10.940435+00:00
[2025-08-14T11:06:10.959+0000] {processor.py:179} INFO - Processing /home/vscode/.local/lib/python3.10/site-packages/airflow/example_dags/example_short_circuit_operator.py took 0.061 seconds
[2025-08-14T11:06:59.746+0000] {processor.py:157} INFO - Started process (PID=44283) to work on /home/vscode/.local/lib/python3.10/site-packages/airflow/example_dags/example_short_circuit_operator.py
[2025-08-14T11:06:59.746+0000] {processor.py:826} INFO - Processing file /home/vscode/.local/lib/python3.10/site-packages/airflow/example_dags/example_short_circuit_operator.py for tasks to queue
[2025-08-14T11:06:59.747+0000] {logging_mixin.py:150} INFO - [2025-08-14T11:06:59.747+0000] {dagbag.py:541} INFO - Filling up the DagBag from /home/vscode/.local/lib/python3.10/site-packages/airflow/example_dags/example_short_circuit_operator.py
[2025-08-14T11:06:59.753+0000] {processor.py:836} INFO - DAG(s) dict_keys(['example_short_circuit_operator']) retrieved from /home/vscode/.local/lib/python3.10/site-packages/airflow/example_dags/example_short_circuit_operator.py
[2025-08-14T11:06:59.765+0000] {logging_mixin.py:150} INFO - [2025-08-14T11:06:59.765+0000] {dag.py:2742} INFO - Sync 1 DAGs
[2025-08-14T11:06:59.779+0000] {logging_mixin.py:150} INFO - [2025-08-14T11:06:59.779+0000] {dag.py:3504} INFO - Setting next_dagrun for example_short_circuit_operator to 2025-08-13T11:06:59.779496+00:00, run_after=2025-08-14T11:06:59.779496+00:00
[2025-08-14T11:06:59.794+0000] {processor.py:179} INFO - Processing /home/vscode/.local/lib/python3.10/site-packages/airflow/example_dags/example_short_circuit_operator.py took 0.051 seconds
[2025-08-14T11:07:46.078+0000] {processor.py:157} INFO - Started process (PID=44731) to work on /home/vscode/.local/lib/python3.10/site-packages/airflow/example_dags/example_short_circuit_operator.py
[2025-08-14T11:07:46.078+0000] {processor.py:826} INFO - Processing file /home/vscode/.local/lib/python3.10/site-packages/airflow/example_dags/example_short_circuit_operator.py for tasks to queue
[2025-08-14T11:07:46.079+0000] {logging_mixin.py:150} INFO - [2025-08-14T11:07:46.079+0000] {dagbag.py:541} INFO - Filling up the DagBag from /home/vscode/.local/lib/python3.10/site-packages/airflow/example_dags/example_short_circuit_operator.py
[2025-08-14T11:07:46.085+0000] {processor.py:836} INFO - DAG(s) dict_keys(['example_short_circuit_operator']) retrieved from /home/vscode/.local/lib/python3.10/site-packages/airflow/example_dags/example_short_circuit_operator.py
[2025-08-14T11:07:46.098+0000] {logging_mixin.py:150} INFO - [2025-08-14T11:07:46.098+0000] {dag.py:2742} INFO - Sync 1 DAGs
[2025-08-14T11:07:46.112+0000] {logging_mixin.py:150} INFO - [2025-08-14T11:07:46.112+0000] {dag.py:3504} INFO - Setting next_dagrun for example_short_circuit_operator to 2025-08-13T11:07:46.112199+00:00, run_after=2025-08-14T11:07:46.112199+00:00
[2025-08-14T11:07:46.128+0000] {processor.py:179} INFO - Processing /home/vscode/.local/lib/python3.10/site-packages/airflow/example_dags/example_short_circuit_operator.py took 0.053 seconds
[2025-08-14T11:08:28.808+0000] {processor.py:157} INFO - Started process (PID=45138) to work on /home/vscode/.local/lib/python3.10/site-packages/airflow/example_dags/example_short_circuit_operator.py
[2025-08-14T11:08:28.809+0000] {processor.py:826} INFO - Processing file /home/vscode/.local/lib/python3.10/site-packages/airflow/example_dags/example_short_circuit_operator.py for tasks to queue
[2025-08-14T11:08:28.810+0000] {logging_mixin.py:150} INFO - [2025-08-14T11:08:28.809+0000] {dagbag.py:541} INFO - Filling up the DagBag from /home/vscode/.local/lib/python3.10/site-packages/airflow/example_dags/example_short_circuit_operator.py
[2025-08-14T11:08:28.816+0000] {processor.py:836} INFO - DAG(s) dict_keys(['example_short_circuit_operator']) retrieved from /home/vscode/.local/lib/python3.10/site-packages/airflow/example_dags/example_short_circuit_operator.py
[2025-08-14T11:08:28.828+0000] {logging_mixin.py:150} INFO - [2025-08-14T11:08:28.828+0000] {dag.py:2742} INFO - Sync 1 DAGs
[2025-08-14T11:08:28.842+0000] {logging_mixin.py:150} INFO - [2025-08-14T11:08:28.842+0000] {dag.py:3504} INFO - Setting next_dagrun for example_short_circuit_operator to 2025-08-13T11:08:28.841887+00:00, run_after=2025-08-14T11:08:28.841887+00:00
[2025-08-14T11:08:28.856+0000] {processor.py:179} INFO - Processing /home/vscode/.local/lib/python3.10/site-packages/airflow/example_dags/example_short_circuit_operator.py took 0.050 seconds
[2025-08-14T11:09:16.464+0000] {processor.py:157} INFO - Started process (PID=45600) to work on /home/vscode/.local/lib/python3.10/site-packages/airflow/example_dags/example_short_circuit_operator.py
[2025-08-14T11:09:16.464+0000] {processor.py:826} INFO - Processing file /home/vscode/.local/lib/python3.10/site-packages/airflow/example_dags/example_short_circuit_operator.py for tasks to queue
[2025-08-14T11:09:16.465+0000] {logging_mixin.py:150} INFO - [2025-08-14T11:09:16.465+0000] {dagbag.py:541} INFO - Filling up the DagBag from /home/vscode/.local/lib/python3.10/site-packages/airflow/example_dags/example_short_circuit_operator.py
[2025-08-14T11:09:16.473+0000] {processor.py:836} INFO - DAG(s) dict_keys(['example_short_circuit_operator']) retrieved from /home/vscode/.local/lib/python3.10/site-packages/airflow/example_dags/example_short_circuit_operator.py
[2025-08-14T11:09:16.495+0000] {logging_mixin.py:150} INFO - [2025-08-14T11:09:16.495+0000] {dag.py:2742} INFO - Sync 1 DAGs
[2025-08-14T11:09:16.516+0000] {logging_mixin.py:150} INFO - [2025-08-14T11:09:16.516+0000] {dag.py:3504} INFO - Setting next_dagrun for example_short_circuit_operator to 2025-08-13T11:09:16.516064+00:00, run_after=2025-08-14T11:09:16.516064+00:00
[2025-08-14T11:09:16.543+0000] {processor.py:179} INFO - Processing /home/vscode/.local/lib/python3.10/site-packages/airflow/example_dags/example_short_circuit_operator.py took 0.082 seconds
[2025-08-14T11:10:08.453+0000] {processor.py:157} INFO - Started process (PID=46091) to work on /home/vscode/.local/lib/python3.10/site-packages/airflow/example_dags/example_short_circuit_operator.py
[2025-08-14T11:10:08.454+0000] {processor.py:826} INFO - Processing file /home/vscode/.local/lib/python3.10/site-packages/airflow/example_dags/example_short_circuit_operator.py for tasks to queue
[2025-08-14T11:10:08.455+0000] {logging_mixin.py:150} INFO - [2025-08-14T11:10:08.455+0000] {dagbag.py:541} INFO - Filling up the DagBag from /home/vscode/.local/lib/python3.10/site-packages/airflow/example_dags/example_short_circuit_operator.py
[2025-08-14T11:10:08.461+0000] {processor.py:836} INFO - DAG(s) dict_keys(['example_short_circuit_operator']) retrieved from /home/vscode/.local/lib/python3.10/site-packages/airflow/example_dags/example_short_circuit_operator.py
[2025-08-14T11:10:08.475+0000] {logging_mixin.py:150} INFO - [2025-08-14T11:10:08.475+0000] {dag.py:2742} INFO - Sync 1 DAGs
[2025-08-14T11:10:08.489+0000] {logging_mixin.py:150} INFO - [2025-08-14T11:10:08.489+0000] {dag.py:3504} INFO - Setting next_dagrun for example_short_circuit_operator to 2025-08-13T11:10:08.489247+00:00, run_after=2025-08-14T11:10:08.489247+00:00
[2025-08-14T11:10:08.504+0000] {processor.py:179} INFO - Processing /home/vscode/.local/lib/python3.10/site-packages/airflow/example_dags/example_short_circuit_operator.py took 0.053 seconds
[2025-08-14T11:10:56.109+0000] {processor.py:157} INFO - Started process (PID=46548) to work on /home/vscode/.local/lib/python3.10/site-packages/airflow/example_dags/example_short_circuit_operator.py
[2025-08-14T11:10:56.110+0000] {processor.py:826} INFO - Processing file /home/vscode/.local/lib/python3.10/site-packages/airflow/example_dags/example_short_circuit_operator.py for tasks to queue
[2025-08-14T11:10:56.110+0000] {logging_mixin.py:150} INFO - [2025-08-14T11:10:56.110+0000] {dagbag.py:541} INFO - Filling up the DagBag from /home/vscode/.local/lib/python3.10/site-packages/airflow/example_dags/example_short_circuit_operator.py
[2025-08-14T11:10:56.119+0000] {processor.py:836} INFO - DAG(s) dict_keys(['example_short_circuit_operator']) retrieved from /home/vscode/.local/lib/python3.10/site-packages/airflow/example_dags/example_short_circuit_operator.py
[2025-08-14T11:10:56.132+0000] {logging_mixin.py:150} INFO - [2025-08-14T11:10:56.132+0000] {dag.py:2742} INFO - Sync 1 DAGs
[2025-08-14T11:10:56.147+0000] {logging_mixin.py:150} INFO - [2025-08-14T11:10:56.147+0000] {dag.py:3504} INFO - Setting next_dagrun for example_short_circuit_operator to 2025-08-13T11:10:56.146988+00:00, run_after=2025-08-14T11:10:56.146988+00:00
[2025-08-14T11:10:56.164+0000] {processor.py:179} INFO - Processing /home/vscode/.local/lib/python3.10/site-packages/airflow/example_dags/example_short_circuit_operator.py took 0.058 seconds
[2025-08-14T11:11:36.938+0000] {processor.py:157} INFO - Started process (PID=46939) to work on /home/vscode/.local/lib/python3.10/site-packages/airflow/example_dags/example_short_circuit_operator.py
[2025-08-14T11:11:36.938+0000] {processor.py:826} INFO - Processing file /home/vscode/.local/lib/python3.10/site-packages/airflow/example_dags/example_short_circuit_operator.py for tasks to queue
[2025-08-14T11:11:36.939+0000] {logging_mixin.py:150} INFO - [2025-08-14T11:11:36.939+0000] {dagbag.py:541} INFO - Filling up the DagBag from /home/vscode/.local/lib/python3.10/site-packages/airflow/example_dags/example_short_circuit_operator.py
[2025-08-14T11:11:36.950+0000] {processor.py:836} INFO - DAG(s) dict_keys(['example_short_circuit_operator']) retrieved from /home/vscode/.local/lib/python3.10/site-packages/airflow/example_dags/example_short_circuit_operator.py
[2025-08-14T11:11:36.966+0000] {logging_mixin.py:150} INFO - [2025-08-14T11:11:36.966+0000] {dag.py:2742} INFO - Sync 1 DAGs
[2025-08-14T11:11:36.980+0000] {logging_mixin.py:150} INFO - [2025-08-14T11:11:36.980+0000] {dag.py:3504} INFO - Setting next_dagrun for example_short_circuit_operator to 2025-08-13T11:11:36.980463+00:00, run_after=2025-08-14T11:11:36.980463+00:00
[2025-08-14T11:11:36.996+0000] {processor.py:179} INFO - Processing /home/vscode/.local/lib/python3.10/site-packages/airflow/example_dags/example_short_circuit_operator.py took 0.062 seconds
[2025-08-14T11:12:18.641+0000] {processor.py:157} INFO - Started process (PID=47339) to work on /home/vscode/.local/lib/python3.10/site-packages/airflow/example_dags/example_short_circuit_operator.py
[2025-08-14T11:12:18.642+0000] {processor.py:826} INFO - Processing file /home/vscode/.local/lib/python3.10/site-packages/airflow/example_dags/example_short_circuit_operator.py for tasks to queue
[2025-08-14T11:12:18.642+0000] {logging_mixin.py:150} INFO - [2025-08-14T11:12:18.642+0000] {dagbag.py:541} INFO - Filling up the DagBag from /home/vscode/.local/lib/python3.10/site-packages/airflow/example_dags/example_short_circuit_operator.py
[2025-08-14T11:12:18.648+0000] {processor.py:836} INFO - DAG(s) dict_keys(['example_short_circuit_operator']) retrieved from /home/vscode/.local/lib/python3.10/site-packages/airflow/example_dags/example_short_circuit_operator.py
[2025-08-14T11:12:18.661+0000] {logging_mixin.py:150} INFO - [2025-08-14T11:12:18.661+0000] {dag.py:2742} INFO - Sync 1 DAGs
[2025-08-14T11:12:18.675+0000] {logging_mixin.py:150} INFO - [2025-08-14T11:12:18.675+0000] {dag.py:3504} INFO - Setting next_dagrun for example_short_circuit_operator to 2025-08-13T11:12:18.675097+00:00, run_after=2025-08-14T11:12:18.675097+00:00
[2025-08-14T11:12:18.690+0000] {processor.py:179} INFO - Processing /home/vscode/.local/lib/python3.10/site-packages/airflow/example_dags/example_short_circuit_operator.py took 0.051 seconds
[2025-08-14T11:13:07.179+0000] {processor.py:157} INFO - Started process (PID=47802) to work on /home/vscode/.local/lib/python3.10/site-packages/airflow/example_dags/example_short_circuit_operator.py
[2025-08-14T11:13:07.179+0000] {processor.py:826} INFO - Processing file /home/vscode/.local/lib/python3.10/site-packages/airflow/example_dags/example_short_circuit_operator.py for tasks to queue
[2025-08-14T11:13:07.180+0000] {logging_mixin.py:150} INFO - [2025-08-14T11:13:07.180+0000] {dagbag.py:541} INFO - Filling up the DagBag from /home/vscode/.local/lib/python3.10/site-packages/airflow/example_dags/example_short_circuit_operator.py
[2025-08-14T11:13:07.186+0000] {processor.py:836} INFO - DAG(s) dict_keys(['example_short_circuit_operator']) retrieved from /home/vscode/.local/lib/python3.10/site-packages/airflow/example_dags/example_short_circuit_operator.py
[2025-08-14T11:13:07.199+0000] {logging_mixin.py:150} INFO - [2025-08-14T11:13:07.199+0000] {dag.py:2742} INFO - Sync 1 DAGs
[2025-08-14T11:13:07.213+0000] {logging_mixin.py:150} INFO - [2025-08-14T11:13:07.213+0000] {dag.py:3504} INFO - Setting next_dagrun for example_short_circuit_operator to 2025-08-13T11:13:07.212864+00:00, run_after=2025-08-14T11:13:07.212864+00:00
[2025-08-14T11:13:07.228+0000] {processor.py:179} INFO - Processing /home/vscode/.local/lib/python3.10/site-packages/airflow/example_dags/example_short_circuit_operator.py took 0.051 seconds
[2025-08-14T11:13:56.422+0000] {processor.py:157} INFO - Started process (PID=48272) to work on /home/vscode/.local/lib/python3.10/site-packages/airflow/example_dags/example_short_circuit_operator.py
[2025-08-14T11:13:56.422+0000] {processor.py:826} INFO - Processing file /home/vscode/.local/lib/python3.10/site-packages/airflow/example_dags/example_short_circuit_operator.py for tasks to queue
[2025-08-14T11:13:56.423+0000] {logging_mixin.py:150} INFO - [2025-08-14T11:13:56.423+0000] {dagbag.py:541} INFO - Filling up the DagBag from /home/vscode/.local/lib/python3.10/site-packages/airflow/example_dags/example_short_circuit_operator.py
[2025-08-14T11:13:56.429+0000] {processor.py:836} INFO - DAG(s) dict_keys(['example_short_circuit_operator']) retrieved from /home/vscode/.local/lib/python3.10/site-packages/airflow/example_dags/example_short_circuit_operator.py
[2025-08-14T11:13:56.445+0000] {logging_mixin.py:150} INFO - [2025-08-14T11:13:56.445+0000] {dag.py:2742} INFO - Sync 1 DAGs
[2025-08-14T11:13:56.460+0000] {logging_mixin.py:150} INFO - [2025-08-14T11:13:56.460+0000] {dag.py:3504} INFO - Setting next_dagrun for example_short_circuit_operator to 2025-08-13T11:13:56.460145+00:00, run_after=2025-08-14T11:13:56.460145+00:00
[2025-08-14T11:13:56.476+0000] {processor.py:179} INFO - Processing /home/vscode/.local/lib/python3.10/site-packages/airflow/example_dags/example_short_circuit_operator.py took 0.056 seconds
[2025-08-14T11:14:42.081+0000] {processor.py:157} INFO - Started process (PID=48706) to work on /home/vscode/.local/lib/python3.10/site-packages/airflow/example_dags/example_short_circuit_operator.py
[2025-08-14T11:14:42.082+0000] {processor.py:826} INFO - Processing file /home/vscode/.local/lib/python3.10/site-packages/airflow/example_dags/example_short_circuit_operator.py for tasks to queue
[2025-08-14T11:14:42.083+0000] {logging_mixin.py:150} INFO - [2025-08-14T11:14:42.082+0000] {dagbag.py:541} INFO - Filling up the DagBag from /home/vscode/.local/lib/python3.10/site-packages/airflow/example_dags/example_short_circuit_operator.py
[2025-08-14T11:14:42.089+0000] {processor.py:836} INFO - DAG(s) dict_keys(['example_short_circuit_operator']) retrieved from /home/vscode/.local/lib/python3.10/site-packages/airflow/example_dags/example_short_circuit_operator.py
[2025-08-14T11:14:42.102+0000] {logging_mixin.py:150} INFO - [2025-08-14T11:14:42.101+0000] {dag.py:2742} INFO - Sync 1 DAGs
[2025-08-14T11:14:42.116+0000] {logging_mixin.py:150} INFO - [2025-08-14T11:14:42.115+0000] {dag.py:3504} INFO - Setting next_dagrun for example_short_circuit_operator to 2025-08-13T11:14:42.115772+00:00, run_after=2025-08-14T11:14:42.115772+00:00
[2025-08-14T11:14:42.131+0000] {processor.py:179} INFO - Processing /home/vscode/.local/lib/python3.10/site-packages/airflow/example_dags/example_short_circuit_operator.py took 0.051 seconds
[2025-08-14T11:15:32.338+0000] {processor.py:157} INFO - Started process (PID=49186) to work on /home/vscode/.local/lib/python3.10/site-packages/airflow/example_dags/example_short_circuit_operator.py
[2025-08-14T11:15:32.339+0000] {processor.py:826} INFO - Processing file /home/vscode/.local/lib/python3.10/site-packages/airflow/example_dags/example_short_circuit_operator.py for tasks to queue
[2025-08-14T11:15:32.339+0000] {logging_mixin.py:150} INFO - [2025-08-14T11:15:32.339+0000] {dagbag.py:541} INFO - Filling up the DagBag from /home/vscode/.local/lib/python3.10/site-packages/airflow/example_dags/example_short_circuit_operator.py
[2025-08-14T11:15:32.345+0000] {processor.py:836} INFO - DAG(s) dict_keys(['example_short_circuit_operator']) retrieved from /home/vscode/.local/lib/python3.10/site-packages/airflow/example_dags/example_short_circuit_operator.py
[2025-08-14T11:15:32.358+0000] {logging_mixin.py:150} INFO - [2025-08-14T11:15:32.358+0000] {dag.py:2742} INFO - Sync 1 DAGs
[2025-08-14T11:15:32.371+0000] {logging_mixin.py:150} INFO - [2025-08-14T11:15:32.371+0000] {dag.py:3504} INFO - Setting next_dagrun for example_short_circuit_operator to 2025-08-13T11:15:32.371623+00:00, run_after=2025-08-14T11:15:32.371623+00:00
[2025-08-14T11:15:32.387+0000] {processor.py:179} INFO - Processing /home/vscode/.local/lib/python3.10/site-packages/airflow/example_dags/example_short_circuit_operator.py took 0.051 seconds
[2025-08-14T11:16:20.028+0000] {processor.py:157} INFO - Started process (PID=49643) to work on /home/vscode/.local/lib/python3.10/site-packages/airflow/example_dags/example_short_circuit_operator.py
[2025-08-14T11:16:20.029+0000] {processor.py:826} INFO - Processing file /home/vscode/.local/lib/python3.10/site-packages/airflow/example_dags/example_short_circuit_operator.py for tasks to queue
[2025-08-14T11:16:20.030+0000] {logging_mixin.py:150} INFO - [2025-08-14T11:16:20.030+0000] {dagbag.py:541} INFO - Filling up the DagBag from /home/vscode/.local/lib/python3.10/site-packages/airflow/example_dags/example_short_circuit_operator.py
[2025-08-14T11:16:20.036+0000] {processor.py:836} INFO - DAG(s) dict_keys(['example_short_circuit_operator']) retrieved from /home/vscode/.local/lib/python3.10/site-packages/airflow/example_dags/example_short_circuit_operator.py
[2025-08-14T11:16:20.050+0000] {logging_mixin.py:150} INFO - [2025-08-14T11:16:20.049+0000] {dag.py:2742} INFO - Sync 1 DAGs
[2025-08-14T11:16:20.064+0000] {logging_mixin.py:150} INFO - [2025-08-14T11:16:20.064+0000] {dag.py:3504} INFO - Setting next_dagrun for example_short_circuit_operator to 2025-08-13T11:16:20.064375+00:00, run_after=2025-08-14T11:16:20.064375+00:00
[2025-08-14T11:16:20.079+0000] {processor.py:179} INFO - Processing /home/vscode/.local/lib/python3.10/site-packages/airflow/example_dags/example_short_circuit_operator.py took 0.053 seconds
[2025-08-14T11:17:04.263+0000] {processor.py:157} INFO - Started process (PID=50069) to work on /home/vscode/.local/lib/python3.10/site-packages/airflow/example_dags/example_short_circuit_operator.py
[2025-08-14T11:17:04.264+0000] {processor.py:826} INFO - Processing file /home/vscode/.local/lib/python3.10/site-packages/airflow/example_dags/example_short_circuit_operator.py for tasks to queue
[2025-08-14T11:17:04.265+0000] {logging_mixin.py:150} INFO - [2025-08-14T11:17:04.264+0000] {dagbag.py:541} INFO - Filling up the DagBag from /home/vscode/.local/lib/python3.10/site-packages/airflow/example_dags/example_short_circuit_operator.py
[2025-08-14T11:17:04.271+0000] {processor.py:836} INFO - DAG(s) dict_keys(['example_short_circuit_operator']) retrieved from /home/vscode/.local/lib/python3.10/site-packages/airflow/example_dags/example_short_circuit_operator.py
[2025-08-14T11:17:04.283+0000] {logging_mixin.py:150} INFO - [2025-08-14T11:17:04.283+0000] {dag.py:2742} INFO - Sync 1 DAGs
[2025-08-14T11:17:04.297+0000] {logging_mixin.py:150} INFO - [2025-08-14T11:17:04.297+0000] {dag.py:3504} INFO - Setting next_dagrun for example_short_circuit_operator to 2025-08-13T11:17:04.297438+00:00, run_after=2025-08-14T11:17:04.297438+00:00
[2025-08-14T11:17:04.314+0000] {processor.py:179} INFO - Processing /home/vscode/.local/lib/python3.10/site-packages/airflow/example_dags/example_short_circuit_operator.py took 0.052 seconds
[2025-08-14T11:17:46.753+0000] {processor.py:157} INFO - Started process (PID=50468) to work on /home/vscode/.local/lib/python3.10/site-packages/airflow/example_dags/example_short_circuit_operator.py
[2025-08-14T11:17:46.754+0000] {processor.py:826} INFO - Processing file /home/vscode/.local/lib/python3.10/site-packages/airflow/example_dags/example_short_circuit_operator.py for tasks to queue
[2025-08-14T11:17:46.754+0000] {logging_mixin.py:150} INFO - [2025-08-14T11:17:46.754+0000] {dagbag.py:541} INFO - Filling up the DagBag from /home/vscode/.local/lib/python3.10/site-packages/airflow/example_dags/example_short_circuit_operator.py
[2025-08-14T11:17:46.761+0000] {processor.py:836} INFO - DAG(s) dict_keys(['example_short_circuit_operator']) retrieved from /home/vscode/.local/lib/python3.10/site-packages/airflow/example_dags/example_short_circuit_operator.py
[2025-08-14T11:17:46.773+0000] {logging_mixin.py:150} INFO - [2025-08-14T11:17:46.773+0000] {dag.py:2742} INFO - Sync 1 DAGs
[2025-08-14T11:17:46.788+0000] {logging_mixin.py:150} INFO - [2025-08-14T11:17:46.788+0000] {dag.py:3504} INFO - Setting next_dagrun for example_short_circuit_operator to 2025-08-13T11:17:46.788095+00:00, run_after=2025-08-14T11:17:46.788095+00:00
[2025-08-14T11:17:46.803+0000] {processor.py:179} INFO - Processing /home/vscode/.local/lib/python3.10/site-packages/airflow/example_dags/example_short_circuit_operator.py took 0.052 seconds
[2025-08-14T11:18:33.334+0000] {processor.py:157} INFO - Started process (PID=50917) to work on /home/vscode/.local/lib/python3.10/site-packages/airflow/example_dags/example_short_circuit_operator.py
[2025-08-14T11:18:33.334+0000] {processor.py:826} INFO - Processing file /home/vscode/.local/lib/python3.10/site-packages/airflow/example_dags/example_short_circuit_operator.py for tasks to queue
[2025-08-14T11:18:33.335+0000] {logging_mixin.py:150} INFO - [2025-08-14T11:18:33.335+0000] {dagbag.py:541} INFO - Filling up the DagBag from /home/vscode/.local/lib/python3.10/site-packages/airflow/example_dags/example_short_circuit_operator.py
[2025-08-14T11:18:33.341+0000] {processor.py:836} INFO - DAG(s) dict_keys(['example_short_circuit_operator']) retrieved from /home/vscode/.local/lib/python3.10/site-packages/airflow/example_dags/example_short_circuit_operator.py
[2025-08-14T11:18:33.354+0000] {logging_mixin.py:150} INFO - [2025-08-14T11:18:33.354+0000] {dag.py:2742} INFO - Sync 1 DAGs
[2025-08-14T11:18:33.368+0000] {logging_mixin.py:150} INFO - [2025-08-14T11:18:33.368+0000] {dag.py:3504} INFO - Setting next_dagrun for example_short_circuit_operator to 2025-08-13T11:18:33.367968+00:00, run_after=2025-08-14T11:18:33.367968+00:00
[2025-08-14T11:18:33.383+0000] {processor.py:179} INFO - Processing /home/vscode/.local/lib/python3.10/site-packages/airflow/example_dags/example_short_circuit_operator.py took 0.051 seconds
[2025-08-14T11:19:15.065+0000] {processor.py:157} INFO - Started process (PID=51319) to work on /home/vscode/.local/lib/python3.10/site-packages/airflow/example_dags/example_short_circuit_operator.py
[2025-08-14T11:19:15.066+0000] {processor.py:826} INFO - Processing file /home/vscode/.local/lib/python3.10/site-packages/airflow/example_dags/example_short_circuit_operator.py for tasks to queue
[2025-08-14T11:19:15.067+0000] {logging_mixin.py:150} INFO - [2025-08-14T11:19:15.067+0000] {dagbag.py:541} INFO - Filling up the DagBag from /home/vscode/.local/lib/python3.10/site-packages/airflow/example_dags/example_short_circuit_operator.py
[2025-08-14T11:19:15.077+0000] {processor.py:836} INFO - DAG(s) dict_keys(['example_short_circuit_operator']) retrieved from /home/vscode/.local/lib/python3.10/site-packages/airflow/example_dags/example_short_circuit_operator.py
[2025-08-14T11:19:15.097+0000] {logging_mixin.py:150} INFO - [2025-08-14T11:19:15.097+0000] {dag.py:2742} INFO - Sync 1 DAGs
[2025-08-14T11:19:15.115+0000] {logging_mixin.py:150} INFO - [2025-08-14T11:19:15.115+0000] {dag.py:3504} INFO - Setting next_dagrun for example_short_circuit_operator to 2025-08-13T11:19:15.115467+00:00, run_after=2025-08-14T11:19:15.115467+00:00
[2025-08-14T11:19:15.130+0000] {processor.py:179} INFO - Processing /home/vscode/.local/lib/python3.10/site-packages/airflow/example_dags/example_short_circuit_operator.py took 0.068 seconds
[2025-08-14T11:20:06.244+0000] {processor.py:157} INFO - Started process (PID=51800) to work on /home/vscode/.local/lib/python3.10/site-packages/airflow/example_dags/example_short_circuit_operator.py
[2025-08-14T11:20:06.245+0000] {processor.py:826} INFO - Processing file /home/vscode/.local/lib/python3.10/site-packages/airflow/example_dags/example_short_circuit_operator.py for tasks to queue
[2025-08-14T11:20:06.246+0000] {logging_mixin.py:150} INFO - [2025-08-14T11:20:06.245+0000] {dagbag.py:541} INFO - Filling up the DagBag from /home/vscode/.local/lib/python3.10/site-packages/airflow/example_dags/example_short_circuit_operator.py
[2025-08-14T11:20:06.252+0000] {processor.py:836} INFO - DAG(s) dict_keys(['example_short_circuit_operator']) retrieved from /home/vscode/.local/lib/python3.10/site-packages/airflow/example_dags/example_short_circuit_operator.py
[2025-08-14T11:20:06.266+0000] {logging_mixin.py:150} INFO - [2025-08-14T11:20:06.266+0000] {dag.py:2742} INFO - Sync 1 DAGs
[2025-08-14T11:20:06.280+0000] {logging_mixin.py:150} INFO - [2025-08-14T11:20:06.280+0000] {dag.py:3504} INFO - Setting next_dagrun for example_short_circuit_operator to 2025-08-13T11:20:06.280436+00:00, run_after=2025-08-14T11:20:06.280436+00:00
[2025-08-14T11:20:06.295+0000] {processor.py:179} INFO - Processing /home/vscode/.local/lib/python3.10/site-packages/airflow/example_dags/example_short_circuit_operator.py took 0.053 seconds
[2025-08-14T11:20:51.098+0000] {processor.py:157} INFO - Started process (PID=52233) to work on /home/vscode/.local/lib/python3.10/site-packages/airflow/example_dags/example_short_circuit_operator.py
[2025-08-14T11:20:51.098+0000] {processor.py:826} INFO - Processing file /home/vscode/.local/lib/python3.10/site-packages/airflow/example_dags/example_short_circuit_operator.py for tasks to queue
[2025-08-14T11:20:51.099+0000] {logging_mixin.py:150} INFO - [2025-08-14T11:20:51.099+0000] {dagbag.py:541} INFO - Filling up the DagBag from /home/vscode/.local/lib/python3.10/site-packages/airflow/example_dags/example_short_circuit_operator.py
[2025-08-14T11:20:51.105+0000] {processor.py:836} INFO - DAG(s) dict_keys(['example_short_circuit_operator']) retrieved from /home/vscode/.local/lib/python3.10/site-packages/airflow/example_dags/example_short_circuit_operator.py
[2025-08-14T11:20:51.118+0000] {logging_mixin.py:150} INFO - [2025-08-14T11:20:51.118+0000] {dag.py:2742} INFO - Sync 1 DAGs
[2025-08-14T11:20:51.132+0000] {logging_mixin.py:150} INFO - [2025-08-14T11:20:51.132+0000] {dag.py:3504} INFO - Setting next_dagrun for example_short_circuit_operator to 2025-08-13T11:20:51.131904+00:00, run_after=2025-08-14T11:20:51.131904+00:00
[2025-08-14T11:20:51.147+0000] {processor.py:179} INFO - Processing /home/vscode/.local/lib/python3.10/site-packages/airflow/example_dags/example_short_circuit_operator.py took 0.051 seconds
[2025-08-14T11:21:39.794+0000] {processor.py:157} INFO - Started process (PID=52703) to work on /home/vscode/.local/lib/python3.10/site-packages/airflow/example_dags/example_short_circuit_operator.py
[2025-08-14T11:21:39.795+0000] {processor.py:826} INFO - Processing file /home/vscode/.local/lib/python3.10/site-packages/airflow/example_dags/example_short_circuit_operator.py for tasks to queue
[2025-08-14T11:21:39.795+0000] {logging_mixin.py:150} INFO - [2025-08-14T11:21:39.795+0000] {dagbag.py:541} INFO - Filling up the DagBag from /home/vscode/.local/lib/python3.10/site-packages/airflow/example_dags/example_short_circuit_operator.py
[2025-08-14T11:21:39.801+0000] {processor.py:836} INFO - DAG(s) dict_keys(['example_short_circuit_operator']) retrieved from /home/vscode/.local/lib/python3.10/site-packages/airflow/example_dags/example_short_circuit_operator.py
[2025-08-14T11:21:39.814+0000] {logging_mixin.py:150} INFO - [2025-08-14T11:21:39.814+0000] {dag.py:2742} INFO - Sync 1 DAGs
[2025-08-14T11:21:39.833+0000] {logging_mixin.py:150} INFO - [2025-08-14T11:21:39.833+0000] {dag.py:3504} INFO - Setting next_dagrun for example_short_circuit_operator to 2025-08-13T11:21:39.833283+00:00, run_after=2025-08-14T11:21:39.833283+00:00
[2025-08-14T11:21:39.849+0000] {processor.py:179} INFO - Processing /home/vscode/.local/lib/python3.10/site-packages/airflow/example_dags/example_short_circuit_operator.py took 0.057 seconds
[2025-08-14T11:22:24.385+0000] {processor.py:157} INFO - Started process (PID=53126) to work on /home/vscode/.local/lib/python3.10/site-packages/airflow/example_dags/example_short_circuit_operator.py
[2025-08-14T11:22:24.385+0000] {processor.py:826} INFO - Processing file /home/vscode/.local/lib/python3.10/site-packages/airflow/example_dags/example_short_circuit_operator.py for tasks to queue
[2025-08-14T11:22:24.386+0000] {logging_mixin.py:150} INFO - [2025-08-14T11:22:24.386+0000] {dagbag.py:541} INFO - Filling up the DagBag from /home/vscode/.local/lib/python3.10/site-packages/airflow/example_dags/example_short_circuit_operator.py
[2025-08-14T11:22:24.392+0000] {processor.py:836} INFO - DAG(s) dict_keys(['example_short_circuit_operator']) retrieved from /home/vscode/.local/lib/python3.10/site-packages/airflow/example_dags/example_short_circuit_operator.py
[2025-08-14T11:22:24.407+0000] {logging_mixin.py:150} INFO - [2025-08-14T11:22:24.407+0000] {dag.py:2742} INFO - Sync 1 DAGs
[2025-08-14T11:22:24.429+0000] {logging_mixin.py:150} INFO - [2025-08-14T11:22:24.429+0000] {dag.py:3504} INFO - Setting next_dagrun for example_short_circuit_operator to 2025-08-13T11:22:24.429120+00:00, run_after=2025-08-14T11:22:24.429120+00:00
[2025-08-14T11:22:24.465+0000] {processor.py:179} INFO - Processing /home/vscode/.local/lib/python3.10/site-packages/airflow/example_dags/example_short_circuit_operator.py took 0.083 seconds
[2025-08-14T11:23:11.380+0000] {processor.py:157} INFO - Started process (PID=53576) to work on /home/vscode/.local/lib/python3.10/site-packages/airflow/example_dags/example_short_circuit_operator.py
[2025-08-14T11:23:11.381+0000] {processor.py:826} INFO - Processing file /home/vscode/.local/lib/python3.10/site-packages/airflow/example_dags/example_short_circuit_operator.py for tasks to queue
[2025-08-14T11:23:11.382+0000] {logging_mixin.py:150} INFO - [2025-08-14T11:23:11.382+0000] {dagbag.py:541} INFO - Filling up the DagBag from /home/vscode/.local/lib/python3.10/site-packages/airflow/example_dags/example_short_circuit_operator.py
[2025-08-14T11:23:11.388+0000] {processor.py:836} INFO - DAG(s) dict_keys(['example_short_circuit_operator']) retrieved from /home/vscode/.local/lib/python3.10/site-packages/airflow/example_dags/example_short_circuit_operator.py
[2025-08-14T11:23:11.402+0000] {logging_mixin.py:150} INFO - [2025-08-14T11:23:11.402+0000] {dag.py:2742} INFO - Sync 1 DAGs
[2025-08-14T11:23:11.418+0000] {logging_mixin.py:150} INFO - [2025-08-14T11:23:11.418+0000] {dag.py:3504} INFO - Setting next_dagrun for example_short_circuit_operator to 2025-08-13T11:23:11.418095+00:00, run_after=2025-08-14T11:23:11.418095+00:00
[2025-08-14T11:23:11.433+0000] {processor.py:179} INFO - Processing /home/vscode/.local/lib/python3.10/site-packages/airflow/example_dags/example_short_circuit_operator.py took 0.056 seconds
[2025-08-14T11:24:00.505+0000] {processor.py:157} INFO - Started process (PID=54048) to work on /home/vscode/.local/lib/python3.10/site-packages/airflow/example_dags/example_short_circuit_operator.py
[2025-08-14T11:24:00.506+0000] {processor.py:826} INFO - Processing file /home/vscode/.local/lib/python3.10/site-packages/airflow/example_dags/example_short_circuit_operator.py for tasks to queue
[2025-08-14T11:24:00.506+0000] {logging_mixin.py:150} INFO - [2025-08-14T11:24:00.506+0000] {dagbag.py:541} INFO - Filling up the DagBag from /home/vscode/.local/lib/python3.10/site-packages/airflow/example_dags/example_short_circuit_operator.py
[2025-08-14T11:24:00.512+0000] {processor.py:836} INFO - DAG(s) dict_keys(['example_short_circuit_operator']) retrieved from /home/vscode/.local/lib/python3.10/site-packages/airflow/example_dags/example_short_circuit_operator.py
[2025-08-14T11:24:00.526+0000] {logging_mixin.py:150} INFO - [2025-08-14T11:24:00.525+0000] {dag.py:2742} INFO - Sync 1 DAGs
[2025-08-14T11:24:00.542+0000] {logging_mixin.py:150} INFO - [2025-08-14T11:24:00.542+0000] {dag.py:3504} INFO - Setting next_dagrun for example_short_circuit_operator to 2025-08-13T11:24:00.541877+00:00, run_after=2025-08-14T11:24:00.541877+00:00
[2025-08-14T11:24:00.557+0000] {processor.py:179} INFO - Processing /home/vscode/.local/lib/python3.10/site-packages/airflow/example_dags/example_short_circuit_operator.py took 0.055 seconds
[2025-08-14T11:24:48.641+0000] {processor.py:157} INFO - Started process (PID=54499) to work on /home/vscode/.local/lib/python3.10/site-packages/airflow/example_dags/example_short_circuit_operator.py
[2025-08-14T11:24:48.642+0000] {processor.py:826} INFO - Processing file /home/vscode/.local/lib/python3.10/site-packages/airflow/example_dags/example_short_circuit_operator.py for tasks to queue
[2025-08-14T11:24:48.643+0000] {logging_mixin.py:150} INFO - [2025-08-14T11:24:48.643+0000] {dagbag.py:541} INFO - Filling up the DagBag from /home/vscode/.local/lib/python3.10/site-packages/airflow/example_dags/example_short_circuit_operator.py
[2025-08-14T11:24:48.649+0000] {processor.py:836} INFO - DAG(s) dict_keys(['example_short_circuit_operator']) retrieved from /home/vscode/.local/lib/python3.10/site-packages/airflow/example_dags/example_short_circuit_operator.py
[2025-08-14T11:24:48.663+0000] {logging_mixin.py:150} INFO - [2025-08-14T11:24:48.663+0000] {dag.py:2742} INFO - Sync 1 DAGs
[2025-08-14T11:24:48.678+0000] {logging_mixin.py:150} INFO - [2025-08-14T11:24:48.678+0000] {dag.py:3504} INFO - Setting next_dagrun for example_short_circuit_operator to 2025-08-13T11:24:48.678338+00:00, run_after=2025-08-14T11:24:48.678338+00:00
[2025-08-14T11:24:48.694+0000] {processor.py:179} INFO - Processing /home/vscode/.local/lib/python3.10/site-packages/airflow/example_dags/example_short_circuit_operator.py took 0.055 seconds
[2025-08-14T11:25:38.902+0000] {processor.py:157} INFO - Started process (PID=54983) to work on /home/vscode/.local/lib/python3.10/site-packages/airflow/example_dags/example_short_circuit_operator.py
[2025-08-14T11:25:38.903+0000] {processor.py:826} INFO - Processing file /home/vscode/.local/lib/python3.10/site-packages/airflow/example_dags/example_short_circuit_operator.py for tasks to queue
[2025-08-14T11:25:38.903+0000] {logging_mixin.py:150} INFO - [2025-08-14T11:25:38.903+0000] {dagbag.py:541} INFO - Filling up the DagBag from /home/vscode/.local/lib/python3.10/site-packages/airflow/example_dags/example_short_circuit_operator.py
[2025-08-14T11:25:38.909+0000] {processor.py:836} INFO - DAG(s) dict_keys(['example_short_circuit_operator']) retrieved from /home/vscode/.local/lib/python3.10/site-packages/airflow/example_dags/example_short_circuit_operator.py
[2025-08-14T11:25:38.923+0000] {logging_mixin.py:150} INFO - [2025-08-14T11:25:38.922+0000] {dag.py:2742} INFO - Sync 1 DAGs
[2025-08-14T11:25:38.937+0000] {logging_mixin.py:150} INFO - [2025-08-14T11:25:38.937+0000] {dag.py:3504} INFO - Setting next_dagrun for example_short_circuit_operator to 2025-08-13T11:25:38.936993+00:00, run_after=2025-08-14T11:25:38.936993+00:00
[2025-08-14T11:25:38.953+0000] {processor.py:179} INFO - Processing /home/vscode/.local/lib/python3.10/site-packages/airflow/example_dags/example_short_circuit_operator.py took 0.053 seconds
[2025-08-14T11:26:26.325+0000] {processor.py:157} INFO - Started process (PID=55440) to work on /home/vscode/.local/lib/python3.10/site-packages/airflow/example_dags/example_short_circuit_operator.py
[2025-08-14T11:26:26.326+0000] {processor.py:826} INFO - Processing file /home/vscode/.local/lib/python3.10/site-packages/airflow/example_dags/example_short_circuit_operator.py for tasks to queue
[2025-08-14T11:26:26.327+0000] {logging_mixin.py:150} INFO - [2025-08-14T11:26:26.326+0000] {dagbag.py:541} INFO - Filling up the DagBag from /home/vscode/.local/lib/python3.10/site-packages/airflow/example_dags/example_short_circuit_operator.py
[2025-08-14T11:26:26.333+0000] {processor.py:836} INFO - DAG(s) dict_keys(['example_short_circuit_operator']) retrieved from /home/vscode/.local/lib/python3.10/site-packages/airflow/example_dags/example_short_circuit_operator.py
[2025-08-14T11:26:26.345+0000] {logging_mixin.py:150} INFO - [2025-08-14T11:26:26.345+0000] {dag.py:2742} INFO - Sync 1 DAGs
[2025-08-14T11:26:26.359+0000] {logging_mixin.py:150} INFO - [2025-08-14T11:26:26.359+0000] {dag.py:3504} INFO - Setting next_dagrun for example_short_circuit_operator to 2025-08-13T11:26:26.359138+00:00, run_after=2025-08-14T11:26:26.359138+00:00
[2025-08-14T11:26:26.374+0000] {processor.py:179} INFO - Processing /home/vscode/.local/lib/python3.10/site-packages/airflow/example_dags/example_short_circuit_operator.py took 0.051 seconds
