[2025-08-14T09:39:10.582+0000] {processor.py:157} INFO - Started process (PID=3538) to work on /home/vscode/.local/lib/python3.10/site-packages/airflow/example_dags/tutorial_taskflow_api_virtualenv.py
[2025-08-14T09:39:10.583+0000] {processor.py:826} INFO - Processing file /home/vscode/.local/lib/python3.10/site-packages/airflow/example_dags/tutorial_taskflow_api_virtualenv.py for tasks to queue
[2025-08-14T09:39:10.583+0000] {logging_mixin.py:150} INFO - [2025-08-14T09:39:10.583+0000] {dagbag.py:541} INFO - Filling up the DagBag from /home/vscode/.local/lib/python3.10/site-packages/airflow/example_dags/tutorial_taskflow_api_virtualenv.py
[2025-08-14T09:39:10.590+0000] {processor.py:836} INFO - DAG(s) dict_keys(['tutorial_taskflow_api_virtualenv']) retrieved from /home/vscode/.local/lib/python3.10/site-packages/airflow/example_dags/tutorial_taskflow_api_virtualenv.py
[2025-08-14T09:39:10.674+0000] {logging_mixin.py:150} INFO - [2025-08-14T09:39:10.673+0000] {manager.py:504} INFO - Created Permission View: can edit on DAG:tutorial_taskflow_api_virtualenv
[2025-08-14T09:39:10.682+0000] {logging_mixin.py:150} INFO - [2025-08-14T09:39:10.682+0000] {manager.py:504} INFO - Created Permission View: can read on DAG:tutorial_taskflow_api_virtualenv
[2025-08-14T09:39:10.688+0000] {logging_mixin.py:150} INFO - [2025-08-14T09:39:10.688+0000] {manager.py:504} INFO - Created Permission View: can delete on DAG:tutorial_taskflow_api_virtualenv
[2025-08-14T09:39:10.696+0000] {logging_mixin.py:150} INFO - [2025-08-14T09:39:10.696+0000] {dag.py:2742} INFO - Sync 1 DAGs
[2025-08-14T09:39:10.704+0000] {logging_mixin.py:150} INFO - [2025-08-14T09:39:10.703+0000] {dag.py:2763} INFO - Creating ORM DAG for tutorial_taskflow_api_virtualenv
[2025-08-14T09:39:10.710+0000] {logging_mixin.py:150} INFO - [2025-08-14T09:39:10.710+0000] {dag.py:3504} INFO - Setting next_dagrun for tutorial_taskflow_api_virtualenv to None, run_after=None
[2025-08-14T09:39:10.725+0000] {processor.py:179} INFO - Processing /home/vscode/.local/lib/python3.10/site-packages/airflow/example_dags/tutorial_taskflow_api_virtualenv.py took 0.145 seconds
[2025-08-14T09:40:01.964+0000] {processor.py:157} INFO - Started process (PID=3883) to work on /home/vscode/.local/lib/python3.10/site-packages/airflow/example_dags/tutorial_taskflow_api_virtualenv.py
[2025-08-14T09:40:01.964+0000] {processor.py:826} INFO - Processing file /home/vscode/.local/lib/python3.10/site-packages/airflow/example_dags/tutorial_taskflow_api_virtualenv.py for tasks to queue
[2025-08-14T09:40:01.965+0000] {logging_mixin.py:150} INFO - [2025-08-14T09:40:01.965+0000] {dagbag.py:541} INFO - Filling up the DagBag from /home/vscode/.local/lib/python3.10/site-packages/airflow/example_dags/tutorial_taskflow_api_virtualenv.py
[2025-08-14T09:40:01.970+0000] {processor.py:836} INFO - DAG(s) dict_keys(['tutorial_taskflow_api_virtualenv']) retrieved from /home/vscode/.local/lib/python3.10/site-packages/airflow/example_dags/tutorial_taskflow_api_virtualenv.py
[2025-08-14T09:40:01.982+0000] {logging_mixin.py:150} INFO - [2025-08-14T09:40:01.981+0000] {dag.py:2742} INFO - Sync 1 DAGs
[2025-08-14T09:40:01.995+0000] {logging_mixin.py:150} INFO - [2025-08-14T09:40:01.995+0000] {dag.py:3504} INFO - Setting next_dagrun for tutorial_taskflow_api_virtualenv to None, run_after=None
[2025-08-14T09:40:02.011+0000] {processor.py:179} INFO - Processing /home/vscode/.local/lib/python3.10/site-packages/airflow/example_dags/tutorial_taskflow_api_virtualenv.py took 0.050 seconds
[2025-08-14T09:40:44.854+0000] {processor.py:157} INFO - Started process (PID=4175) to work on /home/vscode/.local/lib/python3.10/site-packages/airflow/example_dags/tutorial_taskflow_api_virtualenv.py
[2025-08-14T09:40:44.855+0000] {processor.py:826} INFO - Processing file /home/vscode/.local/lib/python3.10/site-packages/airflow/example_dags/tutorial_taskflow_api_virtualenv.py for tasks to queue
[2025-08-14T09:40:44.855+0000] {logging_mixin.py:150} INFO - [2025-08-14T09:40:44.855+0000] {dagbag.py:541} INFO - Filling up the DagBag from /home/vscode/.local/lib/python3.10/site-packages/airflow/example_dags/tutorial_taskflow_api_virtualenv.py
[2025-08-14T09:40:44.861+0000] {processor.py:836} INFO - DAG(s) dict_keys(['tutorial_taskflow_api_virtualenv']) retrieved from /home/vscode/.local/lib/python3.10/site-packages/airflow/example_dags/tutorial_taskflow_api_virtualenv.py
[2025-08-14T09:40:44.873+0000] {logging_mixin.py:150} INFO - [2025-08-14T09:40:44.873+0000] {dag.py:2742} INFO - Sync 1 DAGs
[2025-08-14T09:40:44.887+0000] {logging_mixin.py:150} INFO - [2025-08-14T09:40:44.887+0000] {dag.py:3504} INFO - Setting next_dagrun for tutorial_taskflow_api_virtualenv to None, run_after=None
[2025-08-14T09:40:44.902+0000] {processor.py:179} INFO - Processing /home/vscode/.local/lib/python3.10/site-packages/airflow/example_dags/tutorial_taskflow_api_virtualenv.py took 0.050 seconds
[2025-08-14T09:41:29.481+0000] {processor.py:157} INFO - Started process (PID=4493) to work on /home/vscode/.local/lib/python3.10/site-packages/airflow/example_dags/tutorial_taskflow_api_virtualenv.py
[2025-08-14T09:41:29.481+0000] {processor.py:826} INFO - Processing file /home/vscode/.local/lib/python3.10/site-packages/airflow/example_dags/tutorial_taskflow_api_virtualenv.py for tasks to queue
[2025-08-14T09:41:29.482+0000] {logging_mixin.py:150} INFO - [2025-08-14T09:41:29.481+0000] {dagbag.py:541} INFO - Filling up the DagBag from /home/vscode/.local/lib/python3.10/site-packages/airflow/example_dags/tutorial_taskflow_api_virtualenv.py
[2025-08-14T09:41:29.487+0000] {processor.py:836} INFO - DAG(s) dict_keys(['tutorial_taskflow_api_virtualenv']) retrieved from /home/vscode/.local/lib/python3.10/site-packages/airflow/example_dags/tutorial_taskflow_api_virtualenv.py
[2025-08-14T09:41:29.498+0000] {logging_mixin.py:150} INFO - [2025-08-14T09:41:29.498+0000] {dag.py:2742} INFO - Sync 1 DAGs
[2025-08-14T09:41:29.511+0000] {logging_mixin.py:150} INFO - [2025-08-14T09:41:29.511+0000] {dag.py:3504} INFO - Setting next_dagrun for tutorial_taskflow_api_virtualenv to None, run_after=None
[2025-08-14T09:41:29.526+0000] {processor.py:179} INFO - Processing /home/vscode/.local/lib/python3.10/site-packages/airflow/example_dags/tutorial_taskflow_api_virtualenv.py took 0.048 seconds
[2025-08-14T09:42:13.373+0000] {processor.py:157} INFO - Started process (PID=4824) to work on /home/vscode/.local/lib/python3.10/site-packages/airflow/example_dags/tutorial_taskflow_api_virtualenv.py
[2025-08-14T09:42:13.374+0000] {processor.py:826} INFO - Processing file /home/vscode/.local/lib/python3.10/site-packages/airflow/example_dags/tutorial_taskflow_api_virtualenv.py for tasks to queue
[2025-08-14T09:42:13.374+0000] {logging_mixin.py:150} INFO - [2025-08-14T09:42:13.374+0000] {dagbag.py:541} INFO - Filling up the DagBag from /home/vscode/.local/lib/python3.10/site-packages/airflow/example_dags/tutorial_taskflow_api_virtualenv.py
[2025-08-14T09:42:13.379+0000] {processor.py:836} INFO - DAG(s) dict_keys(['tutorial_taskflow_api_virtualenv']) retrieved from /home/vscode/.local/lib/python3.10/site-packages/airflow/example_dags/tutorial_taskflow_api_virtualenv.py
[2025-08-14T09:42:13.391+0000] {logging_mixin.py:150} INFO - [2025-08-14T09:42:13.391+0000] {dag.py:2742} INFO - Sync 1 DAGs
[2025-08-14T09:42:13.404+0000] {logging_mixin.py:150} INFO - [2025-08-14T09:42:13.404+0000] {dag.py:3504} INFO - Setting next_dagrun for tutorial_taskflow_api_virtualenv to None, run_after=None
[2025-08-14T09:42:13.419+0000] {processor.py:179} INFO - Processing /home/vscode/.local/lib/python3.10/site-packages/airflow/example_dags/tutorial_taskflow_api_virtualenv.py took 0.047 seconds
[2025-08-14T09:42:58.599+0000] {processor.py:157} INFO - Started process (PID=5141) to work on /home/vscode/.local/lib/python3.10/site-packages/airflow/example_dags/tutorial_taskflow_api_virtualenv.py
[2025-08-14T09:42:58.599+0000] {processor.py:826} INFO - Processing file /home/vscode/.local/lib/python3.10/site-packages/airflow/example_dags/tutorial_taskflow_api_virtualenv.py for tasks to queue
[2025-08-14T09:42:58.600+0000] {logging_mixin.py:150} INFO - [2025-08-14T09:42:58.600+0000] {dagbag.py:541} INFO - Filling up the DagBag from /home/vscode/.local/lib/python3.10/site-packages/airflow/example_dags/tutorial_taskflow_api_virtualenv.py
[2025-08-14T09:42:58.608+0000] {processor.py:836} INFO - DAG(s) dict_keys(['tutorial_taskflow_api_virtualenv']) retrieved from /home/vscode/.local/lib/python3.10/site-packages/airflow/example_dags/tutorial_taskflow_api_virtualenv.py
[2025-08-14T09:42:58.620+0000] {logging_mixin.py:150} INFO - [2025-08-14T09:42:58.620+0000] {dag.py:2742} INFO - Sync 1 DAGs
[2025-08-14T09:42:58.635+0000] {logging_mixin.py:150} INFO - [2025-08-14T09:42:58.635+0000] {dag.py:3504} INFO - Setting next_dagrun for tutorial_taskflow_api_virtualenv to None, run_after=None
[2025-08-14T09:42:58.651+0000] {processor.py:179} INFO - Processing /home/vscode/.local/lib/python3.10/site-packages/airflow/example_dags/tutorial_taskflow_api_virtualenv.py took 0.055 seconds
[2025-08-14T09:43:34.055+0000] {processor.py:157} INFO - Started process (PID=5395) to work on /home/vscode/.local/lib/python3.10/site-packages/airflow/example_dags/tutorial_taskflow_api_virtualenv.py
[2025-08-14T09:43:34.056+0000] {processor.py:826} INFO - Processing file /home/vscode/.local/lib/python3.10/site-packages/airflow/example_dags/tutorial_taskflow_api_virtualenv.py for tasks to queue
[2025-08-14T09:43:34.057+0000] {logging_mixin.py:150} INFO - [2025-08-14T09:43:34.056+0000] {dagbag.py:541} INFO - Filling up the DagBag from /home/vscode/.local/lib/python3.10/site-packages/airflow/example_dags/tutorial_taskflow_api_virtualenv.py
[2025-08-14T09:43:34.062+0000] {processor.py:836} INFO - DAG(s) dict_keys(['tutorial_taskflow_api_virtualenv']) retrieved from /home/vscode/.local/lib/python3.10/site-packages/airflow/example_dags/tutorial_taskflow_api_virtualenv.py
[2025-08-14T09:43:34.073+0000] {logging_mixin.py:150} INFO - [2025-08-14T09:43:34.073+0000] {dag.py:2742} INFO - Sync 1 DAGs
[2025-08-14T09:43:34.087+0000] {logging_mixin.py:150} INFO - [2025-08-14T09:43:34.087+0000] {dag.py:3504} INFO - Setting next_dagrun for tutorial_taskflow_api_virtualenv to None, run_after=None
[2025-08-14T09:43:34.102+0000] {processor.py:179} INFO - Processing /home/vscode/.local/lib/python3.10/site-packages/airflow/example_dags/tutorial_taskflow_api_virtualenv.py took 0.049 seconds
[2025-08-14T09:44:15.986+0000] {processor.py:157} INFO - Started process (PID=5708) to work on /home/vscode/.local/lib/python3.10/site-packages/airflow/example_dags/tutorial_taskflow_api_virtualenv.py
[2025-08-14T09:44:15.987+0000] {processor.py:826} INFO - Processing file /home/vscode/.local/lib/python3.10/site-packages/airflow/example_dags/tutorial_taskflow_api_virtualenv.py for tasks to queue
[2025-08-14T09:44:15.987+0000] {logging_mixin.py:150} INFO - [2025-08-14T09:44:15.987+0000] {dagbag.py:541} INFO - Filling up the DagBag from /home/vscode/.local/lib/python3.10/site-packages/airflow/example_dags/tutorial_taskflow_api_virtualenv.py
[2025-08-14T09:44:15.992+0000] {processor.py:836} INFO - DAG(s) dict_keys(['tutorial_taskflow_api_virtualenv']) retrieved from /home/vscode/.local/lib/python3.10/site-packages/airflow/example_dags/tutorial_taskflow_api_virtualenv.py
[2025-08-14T09:44:16.003+0000] {logging_mixin.py:150} INFO - [2025-08-14T09:44:16.003+0000] {dag.py:2742} INFO - Sync 1 DAGs
[2025-08-14T09:44:16.017+0000] {logging_mixin.py:150} INFO - [2025-08-14T09:44:16.017+0000] {dag.py:3504} INFO - Setting next_dagrun for tutorial_taskflow_api_virtualenv to None, run_after=None
[2025-08-14T09:44:16.032+0000] {processor.py:179} INFO - Processing /home/vscode/.local/lib/python3.10/site-packages/airflow/example_dags/tutorial_taskflow_api_virtualenv.py took 0.048 seconds
[2025-08-14T09:44:57.977+0000] {processor.py:157} INFO - Started process (PID=6025) to work on /home/vscode/.local/lib/python3.10/site-packages/airflow/example_dags/tutorial_taskflow_api_virtualenv.py
[2025-08-14T09:44:57.978+0000] {processor.py:826} INFO - Processing file /home/vscode/.local/lib/python3.10/site-packages/airflow/example_dags/tutorial_taskflow_api_virtualenv.py for tasks to queue
[2025-08-14T09:44:57.979+0000] {logging_mixin.py:150} INFO - [2025-08-14T09:44:57.978+0000] {dagbag.py:541} INFO - Filling up the DagBag from /home/vscode/.local/lib/python3.10/site-packages/airflow/example_dags/tutorial_taskflow_api_virtualenv.py
[2025-08-14T09:44:57.984+0000] {processor.py:836} INFO - DAG(s) dict_keys(['tutorial_taskflow_api_virtualenv']) retrieved from /home/vscode/.local/lib/python3.10/site-packages/airflow/example_dags/tutorial_taskflow_api_virtualenv.py
[2025-08-14T09:44:57.996+0000] {logging_mixin.py:150} INFO - [2025-08-14T09:44:57.996+0000] {dag.py:2742} INFO - Sync 1 DAGs
[2025-08-14T09:44:58.010+0000] {logging_mixin.py:150} INFO - [2025-08-14T09:44:58.010+0000] {dag.py:3504} INFO - Setting next_dagrun for tutorial_taskflow_api_virtualenv to None, run_after=None
[2025-08-14T09:44:58.025+0000] {processor.py:179} INFO - Processing /home/vscode/.local/lib/python3.10/site-packages/airflow/example_dags/tutorial_taskflow_api_virtualenv.py took 0.050 seconds
[2025-08-14T09:45:37.959+0000] {processor.py:157} INFO - Started process (PID=6304) to work on /home/vscode/.local/lib/python3.10/site-packages/airflow/example_dags/tutorial_taskflow_api_virtualenv.py
[2025-08-14T09:45:37.959+0000] {processor.py:826} INFO - Processing file /home/vscode/.local/lib/python3.10/site-packages/airflow/example_dags/tutorial_taskflow_api_virtualenv.py for tasks to queue
[2025-08-14T09:45:37.960+0000] {logging_mixin.py:150} INFO - [2025-08-14T09:45:37.960+0000] {dagbag.py:541} INFO - Filling up the DagBag from /home/vscode/.local/lib/python3.10/site-packages/airflow/example_dags/tutorial_taskflow_api_virtualenv.py
[2025-08-14T09:45:37.965+0000] {processor.py:836} INFO - DAG(s) dict_keys(['tutorial_taskflow_api_virtualenv']) retrieved from /home/vscode/.local/lib/python3.10/site-packages/airflow/example_dags/tutorial_taskflow_api_virtualenv.py
[2025-08-14T09:45:37.976+0000] {logging_mixin.py:150} INFO - [2025-08-14T09:45:37.976+0000] {dag.py:2742} INFO - Sync 1 DAGs
[2025-08-14T09:45:37.990+0000] {logging_mixin.py:150} INFO - [2025-08-14T09:45:37.989+0000] {dag.py:3504} INFO - Setting next_dagrun for tutorial_taskflow_api_virtualenv to None, run_after=None
[2025-08-14T09:45:38.004+0000] {processor.py:179} INFO - Processing /home/vscode/.local/lib/python3.10/site-packages/airflow/example_dags/tutorial_taskflow_api_virtualenv.py took 0.047 seconds
[2025-08-14T09:46:13.330+0000] {processor.py:157} INFO - Started process (PID=6549) to work on /home/vscode/.local/lib/python3.10/site-packages/airflow/example_dags/tutorial_taskflow_api_virtualenv.py
[2025-08-14T09:46:13.331+0000] {processor.py:826} INFO - Processing file /home/vscode/.local/lib/python3.10/site-packages/airflow/example_dags/tutorial_taskflow_api_virtualenv.py for tasks to queue
[2025-08-14T09:46:13.332+0000] {logging_mixin.py:150} INFO - [2025-08-14T09:46:13.332+0000] {dagbag.py:541} INFO - Filling up the DagBag from /home/vscode/.local/lib/python3.10/site-packages/airflow/example_dags/tutorial_taskflow_api_virtualenv.py
[2025-08-14T09:46:13.339+0000] {processor.py:836} INFO - DAG(s) dict_keys(['tutorial_taskflow_api_virtualenv']) retrieved from /home/vscode/.local/lib/python3.10/site-packages/airflow/example_dags/tutorial_taskflow_api_virtualenv.py
[2025-08-14T09:46:13.352+0000] {logging_mixin.py:150} INFO - [2025-08-14T09:46:13.352+0000] {dag.py:2742} INFO - Sync 1 DAGs
[2025-08-14T09:46:13.366+0000] {logging_mixin.py:150} INFO - [2025-08-14T09:46:13.366+0000] {dag.py:3504} INFO - Setting next_dagrun for tutorial_taskflow_api_virtualenv to None, run_after=None
[2025-08-14T09:46:13.382+0000] {processor.py:179} INFO - Processing /home/vscode/.local/lib/python3.10/site-packages/airflow/example_dags/tutorial_taskflow_api_virtualenv.py took 0.054 seconds
[2025-08-14T09:46:59.140+0000] {processor.py:157} INFO - Started process (PID=6851) to work on /home/vscode/.local/lib/python3.10/site-packages/airflow/example_dags/tutorial_taskflow_api_virtualenv.py
[2025-08-14T09:46:59.141+0000] {processor.py:826} INFO - Processing file /home/vscode/.local/lib/python3.10/site-packages/airflow/example_dags/tutorial_taskflow_api_virtualenv.py for tasks to queue
[2025-08-14T09:46:59.141+0000] {logging_mixin.py:150} INFO - [2025-08-14T09:46:59.141+0000] {dagbag.py:541} INFO - Filling up the DagBag from /home/vscode/.local/lib/python3.10/site-packages/airflow/example_dags/tutorial_taskflow_api_virtualenv.py
[2025-08-14T09:46:59.146+0000] {processor.py:836} INFO - DAG(s) dict_keys(['tutorial_taskflow_api_virtualenv']) retrieved from /home/vscode/.local/lib/python3.10/site-packages/airflow/example_dags/tutorial_taskflow_api_virtualenv.py
[2025-08-14T09:46:59.158+0000] {logging_mixin.py:150} INFO - [2025-08-14T09:46:59.157+0000] {dag.py:2742} INFO - Sync 1 DAGs
[2025-08-14T09:46:59.171+0000] {logging_mixin.py:150} INFO - [2025-08-14T09:46:59.171+0000] {dag.py:3504} INFO - Setting next_dagrun for tutorial_taskflow_api_virtualenv to None, run_after=None
[2025-08-14T09:46:59.186+0000] {processor.py:179} INFO - Processing /home/vscode/.local/lib/python3.10/site-packages/airflow/example_dags/tutorial_taskflow_api_virtualenv.py took 0.048 seconds
[2025-08-14T09:47:44.784+0000] {processor.py:157} INFO - Started process (PID=7154) to work on /home/vscode/.local/lib/python3.10/site-packages/airflow/example_dags/tutorial_taskflow_api_virtualenv.py
[2025-08-14T09:47:44.784+0000] {processor.py:826} INFO - Processing file /home/vscode/.local/lib/python3.10/site-packages/airflow/example_dags/tutorial_taskflow_api_virtualenv.py for tasks to queue
[2025-08-14T09:47:44.785+0000] {logging_mixin.py:150} INFO - [2025-08-14T09:47:44.784+0000] {dagbag.py:541} INFO - Filling up the DagBag from /home/vscode/.local/lib/python3.10/site-packages/airflow/example_dags/tutorial_taskflow_api_virtualenv.py
[2025-08-14T09:47:44.790+0000] {processor.py:836} INFO - DAG(s) dict_keys(['tutorial_taskflow_api_virtualenv']) retrieved from /home/vscode/.local/lib/python3.10/site-packages/airflow/example_dags/tutorial_taskflow_api_virtualenv.py
[2025-08-14T09:47:44.801+0000] {logging_mixin.py:150} INFO - [2025-08-14T09:47:44.801+0000] {dag.py:2742} INFO - Sync 1 DAGs
[2025-08-14T09:47:44.815+0000] {logging_mixin.py:150} INFO - [2025-08-14T09:47:44.814+0000] {dag.py:3504} INFO - Setting next_dagrun for tutorial_taskflow_api_virtualenv to None, run_after=None
[2025-08-14T09:47:44.829+0000] {processor.py:179} INFO - Processing /home/vscode/.local/lib/python3.10/site-packages/airflow/example_dags/tutorial_taskflow_api_virtualenv.py took 0.048 seconds
[2025-08-14T09:48:32.724+0000] {processor.py:157} INFO - Started process (PID=7518) to work on /home/vscode/.local/lib/python3.10/site-packages/airflow/example_dags/tutorial_taskflow_api_virtualenv.py
[2025-08-14T09:48:32.724+0000] {processor.py:826} INFO - Processing file /home/vscode/.local/lib/python3.10/site-packages/airflow/example_dags/tutorial_taskflow_api_virtualenv.py for tasks to queue
[2025-08-14T09:48:32.725+0000] {logging_mixin.py:150} INFO - [2025-08-14T09:48:32.725+0000] {dagbag.py:541} INFO - Filling up the DagBag from /home/vscode/.local/lib/python3.10/site-packages/airflow/example_dags/tutorial_taskflow_api_virtualenv.py
[2025-08-14T09:48:32.730+0000] {processor.py:836} INFO - DAG(s) dict_keys(['tutorial_taskflow_api_virtualenv']) retrieved from /home/vscode/.local/lib/python3.10/site-packages/airflow/example_dags/tutorial_taskflow_api_virtualenv.py
[2025-08-14T09:48:32.742+0000] {logging_mixin.py:150} INFO - [2025-08-14T09:48:32.742+0000] {dag.py:2742} INFO - Sync 1 DAGs
[2025-08-14T09:48:32.757+0000] {logging_mixin.py:150} INFO - [2025-08-14T09:48:32.757+0000] {dag.py:3504} INFO - Setting next_dagrun for tutorial_taskflow_api_virtualenv to None, run_after=None
[2025-08-14T09:48:32.773+0000] {processor.py:179} INFO - Processing /home/vscode/.local/lib/python3.10/site-packages/airflow/example_dags/tutorial_taskflow_api_virtualenv.py took 0.051 seconds
[2025-08-14T09:49:18.275+0000] {processor.py:157} INFO - Started process (PID=7857) to work on /home/vscode/.local/lib/python3.10/site-packages/airflow/example_dags/tutorial_taskflow_api_virtualenv.py
[2025-08-14T09:49:18.276+0000] {processor.py:826} INFO - Processing file /home/vscode/.local/lib/python3.10/site-packages/airflow/example_dags/tutorial_taskflow_api_virtualenv.py for tasks to queue
[2025-08-14T09:49:18.277+0000] {logging_mixin.py:150} INFO - [2025-08-14T09:49:18.276+0000] {dagbag.py:541} INFO - Filling up the DagBag from /home/vscode/.local/lib/python3.10/site-packages/airflow/example_dags/tutorial_taskflow_api_virtualenv.py
[2025-08-14T09:49:18.282+0000] {processor.py:836} INFO - DAG(s) dict_keys(['tutorial_taskflow_api_virtualenv']) retrieved from /home/vscode/.local/lib/python3.10/site-packages/airflow/example_dags/tutorial_taskflow_api_virtualenv.py
[2025-08-14T09:49:18.293+0000] {logging_mixin.py:150} INFO - [2025-08-14T09:49:18.293+0000] {dag.py:2742} INFO - Sync 1 DAGs
[2025-08-14T09:49:18.310+0000] {logging_mixin.py:150} INFO - [2025-08-14T09:49:18.309+0000] {dag.py:3504} INFO - Setting next_dagrun for tutorial_taskflow_api_virtualenv to None, run_after=None
[2025-08-14T09:49:18.328+0000] {processor.py:179} INFO - Processing /home/vscode/.local/lib/python3.10/site-packages/airflow/example_dags/tutorial_taskflow_api_virtualenv.py took 0.055 seconds
[2025-08-14T09:50:04.330+0000] {processor.py:157} INFO - Started process (PID=8197) to work on /home/vscode/.local/lib/python3.10/site-packages/airflow/example_dags/tutorial_taskflow_api_virtualenv.py
[2025-08-14T09:50:04.331+0000] {processor.py:826} INFO - Processing file /home/vscode/.local/lib/python3.10/site-packages/airflow/example_dags/tutorial_taskflow_api_virtualenv.py for tasks to queue
[2025-08-14T09:50:04.331+0000] {logging_mixin.py:150} INFO - [2025-08-14T09:50:04.331+0000] {dagbag.py:541} INFO - Filling up the DagBag from /home/vscode/.local/lib/python3.10/site-packages/airflow/example_dags/tutorial_taskflow_api_virtualenv.py
[2025-08-14T09:50:04.336+0000] {processor.py:836} INFO - DAG(s) dict_keys(['tutorial_taskflow_api_virtualenv']) retrieved from /home/vscode/.local/lib/python3.10/site-packages/airflow/example_dags/tutorial_taskflow_api_virtualenv.py
[2025-08-14T09:50:04.347+0000] {logging_mixin.py:150} INFO - [2025-08-14T09:50:04.347+0000] {dag.py:2742} INFO - Sync 1 DAGs
[2025-08-14T09:50:04.361+0000] {logging_mixin.py:150} INFO - [2025-08-14T09:50:04.361+0000] {dag.py:3504} INFO - Setting next_dagrun for tutorial_taskflow_api_virtualenv to None, run_after=None
[2025-08-14T09:50:04.377+0000] {processor.py:179} INFO - Processing /home/vscode/.local/lib/python3.10/site-packages/airflow/example_dags/tutorial_taskflow_api_virtualenv.py took 0.049 seconds
[2025-08-14T09:50:48.487+0000] {processor.py:157} INFO - Started process (PID=8528) to work on /home/vscode/.local/lib/python3.10/site-packages/airflow/example_dags/tutorial_taskflow_api_virtualenv.py
[2025-08-14T09:50:48.487+0000] {processor.py:826} INFO - Processing file /home/vscode/.local/lib/python3.10/site-packages/airflow/example_dags/tutorial_taskflow_api_virtualenv.py for tasks to queue
[2025-08-14T09:50:48.488+0000] {logging_mixin.py:150} INFO - [2025-08-14T09:50:48.488+0000] {dagbag.py:541} INFO - Filling up the DagBag from /home/vscode/.local/lib/python3.10/site-packages/airflow/example_dags/tutorial_taskflow_api_virtualenv.py
[2025-08-14T09:50:48.493+0000] {processor.py:836} INFO - DAG(s) dict_keys(['tutorial_taskflow_api_virtualenv']) retrieved from /home/vscode/.local/lib/python3.10/site-packages/airflow/example_dags/tutorial_taskflow_api_virtualenv.py
[2025-08-14T09:50:48.505+0000] {logging_mixin.py:150} INFO - [2025-08-14T09:50:48.505+0000] {dag.py:2742} INFO - Sync 1 DAGs
[2025-08-14T09:50:48.519+0000] {logging_mixin.py:150} INFO - [2025-08-14T09:50:48.519+0000] {dag.py:3504} INFO - Setting next_dagrun for tutorial_taskflow_api_virtualenv to None, run_after=None
[2025-08-14T09:50:48.535+0000] {processor.py:179} INFO - Processing /home/vscode/.local/lib/python3.10/site-packages/airflow/example_dags/tutorial_taskflow_api_virtualenv.py took 0.051 seconds
[2025-08-14T09:51:31.629+0000] {processor.py:157} INFO - Started process (PID=8847) to work on /home/vscode/.local/lib/python3.10/site-packages/airflow/example_dags/tutorial_taskflow_api_virtualenv.py
[2025-08-14T09:51:31.630+0000] {processor.py:826} INFO - Processing file /home/vscode/.local/lib/python3.10/site-packages/airflow/example_dags/tutorial_taskflow_api_virtualenv.py for tasks to queue
[2025-08-14T09:51:31.630+0000] {logging_mixin.py:150} INFO - [2025-08-14T09:51:31.630+0000] {dagbag.py:541} INFO - Filling up the DagBag from /home/vscode/.local/lib/python3.10/site-packages/airflow/example_dags/tutorial_taskflow_api_virtualenv.py
[2025-08-14T09:51:31.635+0000] {processor.py:836} INFO - DAG(s) dict_keys(['tutorial_taskflow_api_virtualenv']) retrieved from /home/vscode/.local/lib/python3.10/site-packages/airflow/example_dags/tutorial_taskflow_api_virtualenv.py
[2025-08-14T09:51:31.647+0000] {logging_mixin.py:150} INFO - [2025-08-14T09:51:31.646+0000] {dag.py:2742} INFO - Sync 1 DAGs
[2025-08-14T09:51:31.660+0000] {logging_mixin.py:150} INFO - [2025-08-14T09:51:31.660+0000] {dag.py:3504} INFO - Setting next_dagrun for tutorial_taskflow_api_virtualenv to None, run_after=None
[2025-08-14T09:51:31.676+0000] {processor.py:179} INFO - Processing /home/vscode/.local/lib/python3.10/site-packages/airflow/example_dags/tutorial_taskflow_api_virtualenv.py took 0.049 seconds
[2025-08-14T09:52:20.728+0000] {processor.py:157} INFO - Started process (PID=9173) to work on /home/vscode/.local/lib/python3.10/site-packages/airflow/example_dags/tutorial_taskflow_api_virtualenv.py
[2025-08-14T09:52:20.729+0000] {processor.py:826} INFO - Processing file /home/vscode/.local/lib/python3.10/site-packages/airflow/example_dags/tutorial_taskflow_api_virtualenv.py for tasks to queue
[2025-08-14T09:52:20.730+0000] {logging_mixin.py:150} INFO - [2025-08-14T09:52:20.729+0000] {dagbag.py:541} INFO - Filling up the DagBag from /home/vscode/.local/lib/python3.10/site-packages/airflow/example_dags/tutorial_taskflow_api_virtualenv.py
[2025-08-14T09:52:20.735+0000] {processor.py:836} INFO - DAG(s) dict_keys(['tutorial_taskflow_api_virtualenv']) retrieved from /home/vscode/.local/lib/python3.10/site-packages/airflow/example_dags/tutorial_taskflow_api_virtualenv.py
[2025-08-14T09:52:20.746+0000] {logging_mixin.py:150} INFO - [2025-08-14T09:52:20.746+0000] {dag.py:2742} INFO - Sync 1 DAGs
[2025-08-14T09:52:20.759+0000] {logging_mixin.py:150} INFO - [2025-08-14T09:52:20.759+0000] {dag.py:3504} INFO - Setting next_dagrun for tutorial_taskflow_api_virtualenv to None, run_after=None
[2025-08-14T09:52:20.775+0000] {processor.py:179} INFO - Processing /home/vscode/.local/lib/python3.10/site-packages/airflow/example_dags/tutorial_taskflow_api_virtualenv.py took 0.049 seconds
[2025-08-14T09:53:08.100+0000] {processor.py:157} INFO - Started process (PID=9491) to work on /home/vscode/.local/lib/python3.10/site-packages/airflow/example_dags/tutorial_taskflow_api_virtualenv.py
[2025-08-14T09:53:08.101+0000] {processor.py:826} INFO - Processing file /home/vscode/.local/lib/python3.10/site-packages/airflow/example_dags/tutorial_taskflow_api_virtualenv.py for tasks to queue
[2025-08-14T09:53:08.102+0000] {logging_mixin.py:150} INFO - [2025-08-14T09:53:08.101+0000] {dagbag.py:541} INFO - Filling up the DagBag from /home/vscode/.local/lib/python3.10/site-packages/airflow/example_dags/tutorial_taskflow_api_virtualenv.py
[2025-08-14T09:53:08.107+0000] {processor.py:836} INFO - DAG(s) dict_keys(['tutorial_taskflow_api_virtualenv']) retrieved from /home/vscode/.local/lib/python3.10/site-packages/airflow/example_dags/tutorial_taskflow_api_virtualenv.py
[2025-08-14T09:53:08.118+0000] {logging_mixin.py:150} INFO - [2025-08-14T09:53:08.118+0000] {dag.py:2742} INFO - Sync 1 DAGs
[2025-08-14T09:53:08.131+0000] {logging_mixin.py:150} INFO - [2025-08-14T09:53:08.131+0000] {dag.py:3504} INFO - Setting next_dagrun for tutorial_taskflow_api_virtualenv to None, run_after=None
[2025-08-14T09:53:08.147+0000] {processor.py:179} INFO - Processing /home/vscode/.local/lib/python3.10/site-packages/airflow/example_dags/tutorial_taskflow_api_virtualenv.py took 0.048 seconds
[2025-08-14T09:53:54.938+0000] {processor.py:157} INFO - Started process (PID=9810) to work on /home/vscode/.local/lib/python3.10/site-packages/airflow/example_dags/tutorial_taskflow_api_virtualenv.py
[2025-08-14T09:53:54.939+0000] {processor.py:826} INFO - Processing file /home/vscode/.local/lib/python3.10/site-packages/airflow/example_dags/tutorial_taskflow_api_virtualenv.py for tasks to queue
[2025-08-14T09:53:54.939+0000] {logging_mixin.py:150} INFO - [2025-08-14T09:53:54.939+0000] {dagbag.py:541} INFO - Filling up the DagBag from /home/vscode/.local/lib/python3.10/site-packages/airflow/example_dags/tutorial_taskflow_api_virtualenv.py
[2025-08-14T09:53:54.944+0000] {processor.py:836} INFO - DAG(s) dict_keys(['tutorial_taskflow_api_virtualenv']) retrieved from /home/vscode/.local/lib/python3.10/site-packages/airflow/example_dags/tutorial_taskflow_api_virtualenv.py
[2025-08-14T09:53:54.955+0000] {logging_mixin.py:150} INFO - [2025-08-14T09:53:54.955+0000] {dag.py:2742} INFO - Sync 1 DAGs
[2025-08-14T09:53:54.969+0000] {logging_mixin.py:150} INFO - [2025-08-14T09:53:54.969+0000] {dag.py:3504} INFO - Setting next_dagrun for tutorial_taskflow_api_virtualenv to None, run_after=None
[2025-08-14T09:53:54.984+0000] {processor.py:179} INFO - Processing /home/vscode/.local/lib/python3.10/site-packages/airflow/example_dags/tutorial_taskflow_api_virtualenv.py took 0.048 seconds
[2025-08-14T09:54:38.279+0000] {processor.py:157} INFO - Started process (PID=10097) to work on /home/vscode/.local/lib/python3.10/site-packages/airflow/example_dags/tutorial_taskflow_api_virtualenv.py
[2025-08-14T09:54:38.279+0000] {processor.py:826} INFO - Processing file /home/vscode/.local/lib/python3.10/site-packages/airflow/example_dags/tutorial_taskflow_api_virtualenv.py for tasks to queue
[2025-08-14T09:54:38.280+0000] {logging_mixin.py:150} INFO - [2025-08-14T09:54:38.280+0000] {dagbag.py:541} INFO - Filling up the DagBag from /home/vscode/.local/lib/python3.10/site-packages/airflow/example_dags/tutorial_taskflow_api_virtualenv.py
[2025-08-14T09:54:38.285+0000] {processor.py:836} INFO - DAG(s) dict_keys(['tutorial_taskflow_api_virtualenv']) retrieved from /home/vscode/.local/lib/python3.10/site-packages/airflow/example_dags/tutorial_taskflow_api_virtualenv.py
[2025-08-14T09:54:38.296+0000] {logging_mixin.py:150} INFO - [2025-08-14T09:54:38.296+0000] {dag.py:2742} INFO - Sync 1 DAGs
[2025-08-14T09:54:38.310+0000] {logging_mixin.py:150} INFO - [2025-08-14T09:54:38.310+0000] {dag.py:3504} INFO - Setting next_dagrun for tutorial_taskflow_api_virtualenv to None, run_after=None
[2025-08-14T09:54:38.325+0000] {processor.py:179} INFO - Processing /home/vscode/.local/lib/python3.10/site-packages/airflow/example_dags/tutorial_taskflow_api_virtualenv.py took 0.049 seconds
[2025-08-14T09:55:24.510+0000] {processor.py:157} INFO - Started process (PID=10402) to work on /home/vscode/.local/lib/python3.10/site-packages/airflow/example_dags/tutorial_taskflow_api_virtualenv.py
[2025-08-14T09:55:24.513+0000] {processor.py:826} INFO - Processing file /home/vscode/.local/lib/python3.10/site-packages/airflow/example_dags/tutorial_taskflow_api_virtualenv.py for tasks to queue
[2025-08-14T09:55:24.514+0000] {logging_mixin.py:150} INFO - [2025-08-14T09:55:24.513+0000] {dagbag.py:541} INFO - Filling up the DagBag from /home/vscode/.local/lib/python3.10/site-packages/airflow/example_dags/tutorial_taskflow_api_virtualenv.py
[2025-08-14T09:55:24.522+0000] {processor.py:836} INFO - DAG(s) dict_keys(['tutorial_taskflow_api_virtualenv']) retrieved from /home/vscode/.local/lib/python3.10/site-packages/airflow/example_dags/tutorial_taskflow_api_virtualenv.py
[2025-08-14T09:55:24.540+0000] {logging_mixin.py:150} INFO - [2025-08-14T09:55:24.540+0000] {dag.py:2742} INFO - Sync 1 DAGs
[2025-08-14T09:55:24.557+0000] {logging_mixin.py:150} INFO - [2025-08-14T09:55:24.557+0000] {dag.py:3504} INFO - Setting next_dagrun for tutorial_taskflow_api_virtualenv to None, run_after=None
[2025-08-14T09:55:24.572+0000] {processor.py:179} INFO - Processing /home/vscode/.local/lib/python3.10/site-packages/airflow/example_dags/tutorial_taskflow_api_virtualenv.py took 0.065 seconds
[2025-08-14T09:56:12.306+0000] {processor.py:157} INFO - Started process (PID=10736) to work on /home/vscode/.local/lib/python3.10/site-packages/airflow/example_dags/tutorial_taskflow_api_virtualenv.py
[2025-08-14T09:56:12.306+0000] {processor.py:826} INFO - Processing file /home/vscode/.local/lib/python3.10/site-packages/airflow/example_dags/tutorial_taskflow_api_virtualenv.py for tasks to queue
[2025-08-14T09:56:12.307+0000] {logging_mixin.py:150} INFO - [2025-08-14T09:56:12.307+0000] {dagbag.py:541} INFO - Filling up the DagBag from /home/vscode/.local/lib/python3.10/site-packages/airflow/example_dags/tutorial_taskflow_api_virtualenv.py
[2025-08-14T09:56:12.312+0000] {processor.py:836} INFO - DAG(s) dict_keys(['tutorial_taskflow_api_virtualenv']) retrieved from /home/vscode/.local/lib/python3.10/site-packages/airflow/example_dags/tutorial_taskflow_api_virtualenv.py
[2025-08-14T09:56:12.323+0000] {logging_mixin.py:150} INFO - [2025-08-14T09:56:12.323+0000] {dag.py:2742} INFO - Sync 1 DAGs
[2025-08-14T09:56:12.337+0000] {logging_mixin.py:150} INFO - [2025-08-14T09:56:12.337+0000] {dag.py:3504} INFO - Setting next_dagrun for tutorial_taskflow_api_virtualenv to None, run_after=None
[2025-08-14T09:56:12.352+0000] {processor.py:179} INFO - Processing /home/vscode/.local/lib/python3.10/site-packages/airflow/example_dags/tutorial_taskflow_api_virtualenv.py took 0.048 seconds
[2025-08-14T09:56:56.587+0000] {processor.py:157} INFO - Started process (PID=11096) to work on /home/vscode/.local/lib/python3.10/site-packages/airflow/example_dags/tutorial_taskflow_api_virtualenv.py
[2025-08-14T09:56:56.588+0000] {processor.py:826} INFO - Processing file /home/vscode/.local/lib/python3.10/site-packages/airflow/example_dags/tutorial_taskflow_api_virtualenv.py for tasks to queue
[2025-08-14T09:56:56.589+0000] {logging_mixin.py:150} INFO - [2025-08-14T09:56:56.589+0000] {dagbag.py:541} INFO - Filling up the DagBag from /home/vscode/.local/lib/python3.10/site-packages/airflow/example_dags/tutorial_taskflow_api_virtualenv.py
[2025-08-14T09:56:56.595+0000] {processor.py:836} INFO - DAG(s) dict_keys(['tutorial_taskflow_api_virtualenv']) retrieved from /home/vscode/.local/lib/python3.10/site-packages/airflow/example_dags/tutorial_taskflow_api_virtualenv.py
[2025-08-14T09:56:56.607+0000] {logging_mixin.py:150} INFO - [2025-08-14T09:56:56.607+0000] {dag.py:2742} INFO - Sync 1 DAGs
[2025-08-14T09:56:56.621+0000] {logging_mixin.py:150} INFO - [2025-08-14T09:56:56.621+0000] {dag.py:3504} INFO - Setting next_dagrun for tutorial_taskflow_api_virtualenv to None, run_after=None
[2025-08-14T09:56:56.637+0000] {processor.py:179} INFO - Processing /home/vscode/.local/lib/python3.10/site-packages/airflow/example_dags/tutorial_taskflow_api_virtualenv.py took 0.052 seconds
[2025-08-14T09:57:29.128+0000] {processor.py:157} INFO - Started process (PID=11386) to work on /home/vscode/.local/lib/python3.10/site-packages/airflow/example_dags/tutorial_taskflow_api_virtualenv.py
[2025-08-14T09:57:29.129+0000] {processor.py:826} INFO - Processing file /home/vscode/.local/lib/python3.10/site-packages/airflow/example_dags/tutorial_taskflow_api_virtualenv.py for tasks to queue
[2025-08-14T09:57:29.130+0000] {logging_mixin.py:150} INFO - [2025-08-14T09:57:29.129+0000] {dagbag.py:541} INFO - Filling up the DagBag from /home/vscode/.local/lib/python3.10/site-packages/airflow/example_dags/tutorial_taskflow_api_virtualenv.py
[2025-08-14T09:57:29.137+0000] {processor.py:836} INFO - DAG(s) dict_keys(['tutorial_taskflow_api_virtualenv']) retrieved from /home/vscode/.local/lib/python3.10/site-packages/airflow/example_dags/tutorial_taskflow_api_virtualenv.py
[2025-08-14T09:57:29.163+0000] {logging_mixin.py:150} INFO - [2025-08-14T09:57:29.163+0000] {dag.py:2742} INFO - Sync 1 DAGs
[2025-08-14T09:57:29.189+0000] {logging_mixin.py:150} INFO - [2025-08-14T09:57:29.189+0000] {dag.py:3504} INFO - Setting next_dagrun for tutorial_taskflow_api_virtualenv to None, run_after=None
[2025-08-14T09:57:29.206+0000] {processor.py:179} INFO - Processing /home/vscode/.local/lib/python3.10/site-packages/airflow/example_dags/tutorial_taskflow_api_virtualenv.py took 0.081 seconds
[2025-08-14T09:58:03.706+0000] {processor.py:157} INFO - Started process (PID=11617) to work on /home/vscode/.local/lib/python3.10/site-packages/airflow/example_dags/tutorial_taskflow_api_virtualenv.py
[2025-08-14T09:58:03.707+0000] {processor.py:826} INFO - Processing file /home/vscode/.local/lib/python3.10/site-packages/airflow/example_dags/tutorial_taskflow_api_virtualenv.py for tasks to queue
[2025-08-14T09:58:03.707+0000] {logging_mixin.py:150} INFO - [2025-08-14T09:58:03.707+0000] {dagbag.py:541} INFO - Filling up the DagBag from /home/vscode/.local/lib/python3.10/site-packages/airflow/example_dags/tutorial_taskflow_api_virtualenv.py
[2025-08-14T09:58:03.713+0000] {processor.py:836} INFO - DAG(s) dict_keys(['tutorial_taskflow_api_virtualenv']) retrieved from /home/vscode/.local/lib/python3.10/site-packages/airflow/example_dags/tutorial_taskflow_api_virtualenv.py
[2025-08-14T09:58:03.725+0000] {logging_mixin.py:150} INFO - [2025-08-14T09:58:03.724+0000] {dag.py:2742} INFO - Sync 1 DAGs
[2025-08-14T09:58:03.739+0000] {logging_mixin.py:150} INFO - [2025-08-14T09:58:03.739+0000] {dag.py:3504} INFO - Setting next_dagrun for tutorial_taskflow_api_virtualenv to None, run_after=None
[2025-08-14T09:58:03.755+0000] {processor.py:179} INFO - Processing /home/vscode/.local/lib/python3.10/site-packages/airflow/example_dags/tutorial_taskflow_api_virtualenv.py took 0.051 seconds
[2025-08-14T09:58:51.077+0000] {processor.py:157} INFO - Started process (PID=12042) to work on /home/vscode/.local/lib/python3.10/site-packages/airflow/example_dags/tutorial_taskflow_api_virtualenv.py
[2025-08-14T09:58:51.078+0000] {processor.py:826} INFO - Processing file /home/vscode/.local/lib/python3.10/site-packages/airflow/example_dags/tutorial_taskflow_api_virtualenv.py for tasks to queue
[2025-08-14T09:58:51.078+0000] {logging_mixin.py:150} INFO - [2025-08-14T09:58:51.078+0000] {dagbag.py:541} INFO - Filling up the DagBag from /home/vscode/.local/lib/python3.10/site-packages/airflow/example_dags/tutorial_taskflow_api_virtualenv.py
[2025-08-14T09:58:51.083+0000] {processor.py:836} INFO - DAG(s) dict_keys(['tutorial_taskflow_api_virtualenv']) retrieved from /home/vscode/.local/lib/python3.10/site-packages/airflow/example_dags/tutorial_taskflow_api_virtualenv.py
[2025-08-14T09:58:51.095+0000] {logging_mixin.py:150} INFO - [2025-08-14T09:58:51.095+0000] {dag.py:2742} INFO - Sync 1 DAGs
[2025-08-14T09:58:51.109+0000] {logging_mixin.py:150} INFO - [2025-08-14T09:58:51.109+0000] {dag.py:3504} INFO - Setting next_dagrun for tutorial_taskflow_api_virtualenv to None, run_after=None
[2025-08-14T09:58:51.126+0000] {processor.py:179} INFO - Processing /home/vscode/.local/lib/python3.10/site-packages/airflow/example_dags/tutorial_taskflow_api_virtualenv.py took 0.051 seconds
[2025-08-14T10:05:49.517+0000] {processor.py:157} INFO - Started process (PID=15056) to work on /home/vscode/.local/lib/python3.10/site-packages/airflow/example_dags/tutorial_taskflow_api_virtualenv.py
[2025-08-14T10:05:49.517+0000] {processor.py:826} INFO - Processing file /home/vscode/.local/lib/python3.10/site-packages/airflow/example_dags/tutorial_taskflow_api_virtualenv.py for tasks to queue
[2025-08-14T10:05:49.518+0000] {logging_mixin.py:150} INFO - [2025-08-14T10:05:49.518+0000] {dagbag.py:541} INFO - Filling up the DagBag from /home/vscode/.local/lib/python3.10/site-packages/airflow/example_dags/tutorial_taskflow_api_virtualenv.py
[2025-08-14T10:05:49.525+0000] {processor.py:836} INFO - DAG(s) dict_keys(['tutorial_taskflow_api_virtualenv']) retrieved from /home/vscode/.local/lib/python3.10/site-packages/airflow/example_dags/tutorial_taskflow_api_virtualenv.py
[2025-08-14T10:05:49.542+0000] {logging_mixin.py:150} INFO - [2025-08-14T10:05:49.541+0000] {dag.py:2742} INFO - Sync 1 DAGs
[2025-08-14T10:05:49.556+0000] {logging_mixin.py:150} INFO - [2025-08-14T10:05:49.556+0000] {dag.py:3504} INFO - Setting next_dagrun for tutorial_taskflow_api_virtualenv to None, run_after=None
[2025-08-14T10:05:49.571+0000] {processor.py:179} INFO - Processing /home/vscode/.local/lib/python3.10/site-packages/airflow/example_dags/tutorial_taskflow_api_virtualenv.py took 0.056 seconds
[2025-08-14T10:06:34.548+0000] {processor.py:157} INFO - Started process (PID=15360) to work on /home/vscode/.local/lib/python3.10/site-packages/airflow/example_dags/tutorial_taskflow_api_virtualenv.py
[2025-08-14T10:06:34.549+0000] {processor.py:826} INFO - Processing file /home/vscode/.local/lib/python3.10/site-packages/airflow/example_dags/tutorial_taskflow_api_virtualenv.py for tasks to queue
[2025-08-14T10:06:34.549+0000] {logging_mixin.py:150} INFO - [2025-08-14T10:06:34.549+0000] {dagbag.py:541} INFO - Filling up the DagBag from /home/vscode/.local/lib/python3.10/site-packages/airflow/example_dags/tutorial_taskflow_api_virtualenv.py
[2025-08-14T10:06:34.554+0000] {processor.py:836} INFO - DAG(s) dict_keys(['tutorial_taskflow_api_virtualenv']) retrieved from /home/vscode/.local/lib/python3.10/site-packages/airflow/example_dags/tutorial_taskflow_api_virtualenv.py
[2025-08-14T10:06:34.566+0000] {logging_mixin.py:150} INFO - [2025-08-14T10:06:34.566+0000] {dag.py:2742} INFO - Sync 1 DAGs
[2025-08-14T10:06:34.579+0000] {logging_mixin.py:150} INFO - [2025-08-14T10:06:34.579+0000] {dag.py:3504} INFO - Setting next_dagrun for tutorial_taskflow_api_virtualenv to None, run_after=None
[2025-08-14T10:06:34.594+0000] {processor.py:179} INFO - Processing /home/vscode/.local/lib/python3.10/site-packages/airflow/example_dags/tutorial_taskflow_api_virtualenv.py took 0.048 seconds
[2025-08-14T10:07:19.594+0000] {processor.py:157} INFO - Started process (PID=15661) to work on /home/vscode/.local/lib/python3.10/site-packages/airflow/example_dags/tutorial_taskflow_api_virtualenv.py
[2025-08-14T10:07:19.595+0000] {processor.py:826} INFO - Processing file /home/vscode/.local/lib/python3.10/site-packages/airflow/example_dags/tutorial_taskflow_api_virtualenv.py for tasks to queue
[2025-08-14T10:07:19.596+0000] {logging_mixin.py:150} INFO - [2025-08-14T10:07:19.595+0000] {dagbag.py:541} INFO - Filling up the DagBag from /home/vscode/.local/lib/python3.10/site-packages/airflow/example_dags/tutorial_taskflow_api_virtualenv.py
[2025-08-14T10:07:19.601+0000] {processor.py:836} INFO - DAG(s) dict_keys(['tutorial_taskflow_api_virtualenv']) retrieved from /home/vscode/.local/lib/python3.10/site-packages/airflow/example_dags/tutorial_taskflow_api_virtualenv.py
[2025-08-14T10:07:19.613+0000] {logging_mixin.py:150} INFO - [2025-08-14T10:07:19.613+0000] {dag.py:2742} INFO - Sync 1 DAGs
[2025-08-14T10:07:19.629+0000] {logging_mixin.py:150} INFO - [2025-08-14T10:07:19.629+0000] {dag.py:3504} INFO - Setting next_dagrun for tutorial_taskflow_api_virtualenv to None, run_after=None
[2025-08-14T10:07:19.645+0000] {processor.py:179} INFO - Processing /home/vscode/.local/lib/python3.10/site-packages/airflow/example_dags/tutorial_taskflow_api_virtualenv.py took 0.053 seconds
[2025-08-14T10:08:06.225+0000] {processor.py:157} INFO - Started process (PID=16048) to work on /home/vscode/.local/lib/python3.10/site-packages/airflow/example_dags/tutorial_taskflow_api_virtualenv.py
[2025-08-14T10:08:06.225+0000] {processor.py:826} INFO - Processing file /home/vscode/.local/lib/python3.10/site-packages/airflow/example_dags/tutorial_taskflow_api_virtualenv.py for tasks to queue
[2025-08-14T10:08:06.226+0000] {logging_mixin.py:150} INFO - [2025-08-14T10:08:06.226+0000] {dagbag.py:541} INFO - Filling up the DagBag from /home/vscode/.local/lib/python3.10/site-packages/airflow/example_dags/tutorial_taskflow_api_virtualenv.py
[2025-08-14T10:08:06.231+0000] {processor.py:836} INFO - DAG(s) dict_keys(['tutorial_taskflow_api_virtualenv']) retrieved from /home/vscode/.local/lib/python3.10/site-packages/airflow/example_dags/tutorial_taskflow_api_virtualenv.py
[2025-08-14T10:08:06.242+0000] {logging_mixin.py:150} INFO - [2025-08-14T10:08:06.242+0000] {dag.py:2742} INFO - Sync 1 DAGs
[2025-08-14T10:08:06.255+0000] {logging_mixin.py:150} INFO - [2025-08-14T10:08:06.255+0000] {dag.py:3504} INFO - Setting next_dagrun for tutorial_taskflow_api_virtualenv to None, run_after=None
[2025-08-14T10:08:06.270+0000] {processor.py:179} INFO - Processing /home/vscode/.local/lib/python3.10/site-packages/airflow/example_dags/tutorial_taskflow_api_virtualenv.py took 0.048 seconds
[2025-08-14T10:08:53.541+0000] {processor.py:157} INFO - Started process (PID=16453) to work on /home/vscode/.local/lib/python3.10/site-packages/airflow/example_dags/tutorial_taskflow_api_virtualenv.py
[2025-08-14T10:08:53.542+0000] {processor.py:826} INFO - Processing file /home/vscode/.local/lib/python3.10/site-packages/airflow/example_dags/tutorial_taskflow_api_virtualenv.py for tasks to queue
[2025-08-14T10:08:53.543+0000] {logging_mixin.py:150} INFO - [2025-08-14T10:08:53.543+0000] {dagbag.py:541} INFO - Filling up the DagBag from /home/vscode/.local/lib/python3.10/site-packages/airflow/example_dags/tutorial_taskflow_api_virtualenv.py
[2025-08-14T10:08:53.550+0000] {processor.py:836} INFO - DAG(s) dict_keys(['tutorial_taskflow_api_virtualenv']) retrieved from /home/vscode/.local/lib/python3.10/site-packages/airflow/example_dags/tutorial_taskflow_api_virtualenv.py
[2025-08-14T10:08:53.558+0000] {logging_mixin.py:150} INFO - [2025-08-14T10:08:53.558+0000] {dag.py:2742} INFO - Sync 1 DAGs
[2025-08-14T10:08:53.580+0000] {logging_mixin.py:150} INFO - [2025-08-14T10:08:53.580+0000] {dag.py:3504} INFO - Setting next_dagrun for tutorial_taskflow_api_virtualenv to None, run_after=None
[2025-08-14T10:08:53.602+0000] {processor.py:179} INFO - Processing /home/vscode/.local/lib/python3.10/site-packages/airflow/example_dags/tutorial_taskflow_api_virtualenv.py took 0.063 seconds
[2025-08-14T10:09:27.818+0000] {processor.py:157} INFO - Started process (PID=16741) to work on /home/vscode/.local/lib/python3.10/site-packages/airflow/example_dags/tutorial_taskflow_api_virtualenv.py
[2025-08-14T10:09:27.819+0000] {processor.py:826} INFO - Processing file /home/vscode/.local/lib/python3.10/site-packages/airflow/example_dags/tutorial_taskflow_api_virtualenv.py for tasks to queue
[2025-08-14T10:09:27.820+0000] {logging_mixin.py:150} INFO - [2025-08-14T10:09:27.819+0000] {dagbag.py:541} INFO - Filling up the DagBag from /home/vscode/.local/lib/python3.10/site-packages/airflow/example_dags/tutorial_taskflow_api_virtualenv.py
[2025-08-14T10:09:27.825+0000] {processor.py:836} INFO - DAG(s) dict_keys(['tutorial_taskflow_api_virtualenv']) retrieved from /home/vscode/.local/lib/python3.10/site-packages/airflow/example_dags/tutorial_taskflow_api_virtualenv.py
[2025-08-14T10:09:27.836+0000] {logging_mixin.py:150} INFO - [2025-08-14T10:09:27.836+0000] {dag.py:2742} INFO - Sync 1 DAGs
[2025-08-14T10:09:27.849+0000] {logging_mixin.py:150} INFO - [2025-08-14T10:09:27.849+0000] {dag.py:3504} INFO - Setting next_dagrun for tutorial_taskflow_api_virtualenv to None, run_after=None
[2025-08-14T10:09:27.864+0000] {processor.py:179} INFO - Processing /home/vscode/.local/lib/python3.10/site-packages/airflow/example_dags/tutorial_taskflow_api_virtualenv.py took 0.048 seconds
[2025-08-14T10:10:14.372+0000] {processor.py:157} INFO - Started process (PID=17082) to work on /home/vscode/.local/lib/python3.10/site-packages/airflow/example_dags/tutorial_taskflow_api_virtualenv.py
[2025-08-14T10:10:14.372+0000] {processor.py:826} INFO - Processing file /home/vscode/.local/lib/python3.10/site-packages/airflow/example_dags/tutorial_taskflow_api_virtualenv.py for tasks to queue
[2025-08-14T10:10:14.373+0000] {logging_mixin.py:150} INFO - [2025-08-14T10:10:14.373+0000] {dagbag.py:541} INFO - Filling up the DagBag from /home/vscode/.local/lib/python3.10/site-packages/airflow/example_dags/tutorial_taskflow_api_virtualenv.py
[2025-08-14T10:10:14.378+0000] {processor.py:836} INFO - DAG(s) dict_keys(['tutorial_taskflow_api_virtualenv']) retrieved from /home/vscode/.local/lib/python3.10/site-packages/airflow/example_dags/tutorial_taskflow_api_virtualenv.py
[2025-08-14T10:10:14.389+0000] {logging_mixin.py:150} INFO - [2025-08-14T10:10:14.389+0000] {dag.py:2742} INFO - Sync 1 DAGs
[2025-08-14T10:10:14.403+0000] {logging_mixin.py:150} INFO - [2025-08-14T10:10:14.403+0000] {dag.py:3504} INFO - Setting next_dagrun for tutorial_taskflow_api_virtualenv to None, run_after=None
[2025-08-14T10:10:14.418+0000] {processor.py:179} INFO - Processing /home/vscode/.local/lib/python3.10/site-packages/airflow/example_dags/tutorial_taskflow_api_virtualenv.py took 0.049 seconds
[2025-08-14T10:10:58.556+0000] {processor.py:157} INFO - Started process (PID=17412) to work on /home/vscode/.local/lib/python3.10/site-packages/airflow/example_dags/tutorial_taskflow_api_virtualenv.py
[2025-08-14T10:10:58.556+0000] {processor.py:826} INFO - Processing file /home/vscode/.local/lib/python3.10/site-packages/airflow/example_dags/tutorial_taskflow_api_virtualenv.py for tasks to queue
[2025-08-14T10:10:58.557+0000] {logging_mixin.py:150} INFO - [2025-08-14T10:10:58.557+0000] {dagbag.py:541} INFO - Filling up the DagBag from /home/vscode/.local/lib/python3.10/site-packages/airflow/example_dags/tutorial_taskflow_api_virtualenv.py
[2025-08-14T10:10:58.562+0000] {processor.py:836} INFO - DAG(s) dict_keys(['tutorial_taskflow_api_virtualenv']) retrieved from /home/vscode/.local/lib/python3.10/site-packages/airflow/example_dags/tutorial_taskflow_api_virtualenv.py
[2025-08-14T10:10:58.574+0000] {logging_mixin.py:150} INFO - [2025-08-14T10:10:58.574+0000] {dag.py:2742} INFO - Sync 1 DAGs
[2025-08-14T10:10:58.588+0000] {logging_mixin.py:150} INFO - [2025-08-14T10:10:58.587+0000] {dag.py:3504} INFO - Setting next_dagrun for tutorial_taskflow_api_virtualenv to None, run_after=None
[2025-08-14T10:10:58.602+0000] {processor.py:179} INFO - Processing /home/vscode/.local/lib/python3.10/site-packages/airflow/example_dags/tutorial_taskflow_api_virtualenv.py took 0.049 seconds
[2025-08-14T10:11:34.795+0000] {processor.py:157} INFO - Started process (PID=17686) to work on /home/vscode/.local/lib/python3.10/site-packages/airflow/example_dags/tutorial_taskflow_api_virtualenv.py
[2025-08-14T10:11:34.795+0000] {processor.py:826} INFO - Processing file /home/vscode/.local/lib/python3.10/site-packages/airflow/example_dags/tutorial_taskflow_api_virtualenv.py for tasks to queue
[2025-08-14T10:11:34.796+0000] {logging_mixin.py:150} INFO - [2025-08-14T10:11:34.796+0000] {dagbag.py:541} INFO - Filling up the DagBag from /home/vscode/.local/lib/python3.10/site-packages/airflow/example_dags/tutorial_taskflow_api_virtualenv.py
[2025-08-14T10:11:34.801+0000] {processor.py:836} INFO - DAG(s) dict_keys(['tutorial_taskflow_api_virtualenv']) retrieved from /home/vscode/.local/lib/python3.10/site-packages/airflow/example_dags/tutorial_taskflow_api_virtualenv.py
[2025-08-14T10:11:34.812+0000] {logging_mixin.py:150} INFO - [2025-08-14T10:11:34.812+0000] {dag.py:2742} INFO - Sync 1 DAGs
[2025-08-14T10:11:34.826+0000] {logging_mixin.py:150} INFO - [2025-08-14T10:11:34.826+0000] {dag.py:3504} INFO - Setting next_dagrun for tutorial_taskflow_api_virtualenv to None, run_after=None
[2025-08-14T10:11:34.841+0000] {processor.py:179} INFO - Processing /home/vscode/.local/lib/python3.10/site-packages/airflow/example_dags/tutorial_taskflow_api_virtualenv.py took 0.048 seconds
[2025-08-14T10:12:17.682+0000] {processor.py:157} INFO - Started process (PID=18009) to work on /home/vscode/.local/lib/python3.10/site-packages/airflow/example_dags/tutorial_taskflow_api_virtualenv.py
[2025-08-14T10:12:17.683+0000] {processor.py:826} INFO - Processing file /home/vscode/.local/lib/python3.10/site-packages/airflow/example_dags/tutorial_taskflow_api_virtualenv.py for tasks to queue
[2025-08-14T10:12:17.684+0000] {logging_mixin.py:150} INFO - [2025-08-14T10:12:17.684+0000] {dagbag.py:541} INFO - Filling up the DagBag from /home/vscode/.local/lib/python3.10/site-packages/airflow/example_dags/tutorial_taskflow_api_virtualenv.py
[2025-08-14T10:12:17.689+0000] {processor.py:836} INFO - DAG(s) dict_keys(['tutorial_taskflow_api_virtualenv']) retrieved from /home/vscode/.local/lib/python3.10/site-packages/airflow/example_dags/tutorial_taskflow_api_virtualenv.py
[2025-08-14T10:12:17.700+0000] {logging_mixin.py:150} INFO - [2025-08-14T10:12:17.700+0000] {dag.py:2742} INFO - Sync 1 DAGs
[2025-08-14T10:12:17.714+0000] {logging_mixin.py:150} INFO - [2025-08-14T10:12:17.713+0000] {dag.py:3504} INFO - Setting next_dagrun for tutorial_taskflow_api_virtualenv to None, run_after=None
[2025-08-14T10:12:17.729+0000] {processor.py:179} INFO - Processing /home/vscode/.local/lib/python3.10/site-packages/airflow/example_dags/tutorial_taskflow_api_virtualenv.py took 0.048 seconds
[2025-08-14T10:13:06.226+0000] {processor.py:157} INFO - Started process (PID=18364) to work on /home/vscode/.local/lib/python3.10/site-packages/airflow/example_dags/tutorial_taskflow_api_virtualenv.py
[2025-08-14T10:13:06.226+0000] {processor.py:826} INFO - Processing file /home/vscode/.local/lib/python3.10/site-packages/airflow/example_dags/tutorial_taskflow_api_virtualenv.py for tasks to queue
[2025-08-14T10:13:06.227+0000] {logging_mixin.py:150} INFO - [2025-08-14T10:13:06.227+0000] {dagbag.py:541} INFO - Filling up the DagBag from /home/vscode/.local/lib/python3.10/site-packages/airflow/example_dags/tutorial_taskflow_api_virtualenv.py
[2025-08-14T10:13:06.232+0000] {processor.py:836} INFO - DAG(s) dict_keys(['tutorial_taskflow_api_virtualenv']) retrieved from /home/vscode/.local/lib/python3.10/site-packages/airflow/example_dags/tutorial_taskflow_api_virtualenv.py
[2025-08-14T10:13:06.244+0000] {logging_mixin.py:150} INFO - [2025-08-14T10:13:06.244+0000] {dag.py:2742} INFO - Sync 1 DAGs
[2025-08-14T10:13:06.257+0000] {logging_mixin.py:150} INFO - [2025-08-14T10:13:06.257+0000] {dag.py:3504} INFO - Setting next_dagrun for tutorial_taskflow_api_virtualenv to None, run_after=None
[2025-08-14T10:13:06.274+0000] {processor.py:179} INFO - Processing /home/vscode/.local/lib/python3.10/site-packages/airflow/example_dags/tutorial_taskflow_api_virtualenv.py took 0.051 seconds
[2025-08-14T10:13:41.902+0000] {processor.py:157} INFO - Started process (PID=18638) to work on /home/vscode/.local/lib/python3.10/site-packages/airflow/example_dags/tutorial_taskflow_api_virtualenv.py
[2025-08-14T10:13:41.907+0000] {processor.py:826} INFO - Processing file /home/vscode/.local/lib/python3.10/site-packages/airflow/example_dags/tutorial_taskflow_api_virtualenv.py for tasks to queue
[2025-08-14T10:13:41.908+0000] {logging_mixin.py:150} INFO - [2025-08-14T10:13:41.908+0000] {dagbag.py:541} INFO - Filling up the DagBag from /home/vscode/.local/lib/python3.10/site-packages/airflow/example_dags/tutorial_taskflow_api_virtualenv.py
[2025-08-14T10:13:41.923+0000] {processor.py:836} INFO - DAG(s) dict_keys(['tutorial_taskflow_api_virtualenv']) retrieved from /home/vscode/.local/lib/python3.10/site-packages/airflow/example_dags/tutorial_taskflow_api_virtualenv.py
[2025-08-14T10:13:41.939+0000] {logging_mixin.py:150} INFO - [2025-08-14T10:13:41.939+0000] {dag.py:2742} INFO - Sync 1 DAGs
[2025-08-14T10:13:41.960+0000] {logging_mixin.py:150} INFO - [2025-08-14T10:13:41.960+0000] {dag.py:3504} INFO - Setting next_dagrun for tutorial_taskflow_api_virtualenv to None, run_after=None
[2025-08-14T10:13:41.975+0000] {processor.py:179} INFO - Processing /home/vscode/.local/lib/python3.10/site-packages/airflow/example_dags/tutorial_taskflow_api_virtualenv.py took 0.078 seconds
[2025-08-14T10:14:24.733+0000] {processor.py:157} INFO - Started process (PID=18955) to work on /home/vscode/.local/lib/python3.10/site-packages/airflow/example_dags/tutorial_taskflow_api_virtualenv.py
[2025-08-14T10:14:24.733+0000] {processor.py:826} INFO - Processing file /home/vscode/.local/lib/python3.10/site-packages/airflow/example_dags/tutorial_taskflow_api_virtualenv.py for tasks to queue
[2025-08-14T10:14:24.734+0000] {logging_mixin.py:150} INFO - [2025-08-14T10:14:24.734+0000] {dagbag.py:541} INFO - Filling up the DagBag from /home/vscode/.local/lib/python3.10/site-packages/airflow/example_dags/tutorial_taskflow_api_virtualenv.py
[2025-08-14T10:14:24.739+0000] {processor.py:836} INFO - DAG(s) dict_keys(['tutorial_taskflow_api_virtualenv']) retrieved from /home/vscode/.local/lib/python3.10/site-packages/airflow/example_dags/tutorial_taskflow_api_virtualenv.py
[2025-08-14T10:14:24.751+0000] {logging_mixin.py:150} INFO - [2025-08-14T10:14:24.751+0000] {dag.py:2742} INFO - Sync 1 DAGs
[2025-08-14T10:14:24.765+0000] {logging_mixin.py:150} INFO - [2025-08-14T10:14:24.765+0000] {dag.py:3504} INFO - Setting next_dagrun for tutorial_taskflow_api_virtualenv to None, run_after=None
[2025-08-14T10:14:24.780+0000] {processor.py:179} INFO - Processing /home/vscode/.local/lib/python3.10/site-packages/airflow/example_dags/tutorial_taskflow_api_virtualenv.py took 0.049 seconds
[2025-08-14T10:15:12.099+0000] {processor.py:157} INFO - Started process (PID=19302) to work on /home/vscode/.local/lib/python3.10/site-packages/airflow/example_dags/tutorial_taskflow_api_virtualenv.py
[2025-08-14T10:15:12.099+0000] {processor.py:826} INFO - Processing file /home/vscode/.local/lib/python3.10/site-packages/airflow/example_dags/tutorial_taskflow_api_virtualenv.py for tasks to queue
[2025-08-14T10:15:12.100+0000] {logging_mixin.py:150} INFO - [2025-08-14T10:15:12.100+0000] {dagbag.py:541} INFO - Filling up the DagBag from /home/vscode/.local/lib/python3.10/site-packages/airflow/example_dags/tutorial_taskflow_api_virtualenv.py
[2025-08-14T10:15:12.105+0000] {processor.py:836} INFO - DAG(s) dict_keys(['tutorial_taskflow_api_virtualenv']) retrieved from /home/vscode/.local/lib/python3.10/site-packages/airflow/example_dags/tutorial_taskflow_api_virtualenv.py
[2025-08-14T10:15:12.116+0000] {logging_mixin.py:150} INFO - [2025-08-14T10:15:12.116+0000] {dag.py:2742} INFO - Sync 1 DAGs
[2025-08-14T10:15:12.130+0000] {logging_mixin.py:150} INFO - [2025-08-14T10:15:12.130+0000] {dag.py:3504} INFO - Setting next_dagrun for tutorial_taskflow_api_virtualenv to None, run_after=None
[2025-08-14T10:15:12.145+0000] {processor.py:179} INFO - Processing /home/vscode/.local/lib/python3.10/site-packages/airflow/example_dags/tutorial_taskflow_api_virtualenv.py took 0.048 seconds
[2025-08-14T10:15:52.099+0000] {processor.py:157} INFO - Started process (PID=19597) to work on /home/vscode/.local/lib/python3.10/site-packages/airflow/example_dags/tutorial_taskflow_api_virtualenv.py
[2025-08-14T10:15:52.100+0000] {processor.py:826} INFO - Processing file /home/vscode/.local/lib/python3.10/site-packages/airflow/example_dags/tutorial_taskflow_api_virtualenv.py for tasks to queue
[2025-08-14T10:15:52.101+0000] {logging_mixin.py:150} INFO - [2025-08-14T10:15:52.100+0000] {dagbag.py:541} INFO - Filling up the DagBag from /home/vscode/.local/lib/python3.10/site-packages/airflow/example_dags/tutorial_taskflow_api_virtualenv.py
[2025-08-14T10:15:52.108+0000] {processor.py:836} INFO - DAG(s) dict_keys(['tutorial_taskflow_api_virtualenv']) retrieved from /home/vscode/.local/lib/python3.10/site-packages/airflow/example_dags/tutorial_taskflow_api_virtualenv.py
[2025-08-14T10:15:52.123+0000] {logging_mixin.py:150} INFO - [2025-08-14T10:15:52.123+0000] {dag.py:2742} INFO - Sync 1 DAGs
[2025-08-14T10:15:52.144+0000] {logging_mixin.py:150} INFO - [2025-08-14T10:15:52.144+0000] {dag.py:3504} INFO - Setting next_dagrun for tutorial_taskflow_api_virtualenv to None, run_after=None
[2025-08-14T10:15:52.160+0000] {processor.py:179} INFO - Processing /home/vscode/.local/lib/python3.10/site-packages/airflow/example_dags/tutorial_taskflow_api_virtualenv.py took 0.064 seconds
[2025-08-14T10:16:38.308+0000] {processor.py:157} INFO - Started process (PID=19952) to work on /home/vscode/.local/lib/python3.10/site-packages/airflow/example_dags/tutorial_taskflow_api_virtualenv.py
[2025-08-14T10:16:38.309+0000] {processor.py:826} INFO - Processing file /home/vscode/.local/lib/python3.10/site-packages/airflow/example_dags/tutorial_taskflow_api_virtualenv.py for tasks to queue
[2025-08-14T10:16:38.309+0000] {logging_mixin.py:150} INFO - [2025-08-14T10:16:38.309+0000] {dagbag.py:541} INFO - Filling up the DagBag from /home/vscode/.local/lib/python3.10/site-packages/airflow/example_dags/tutorial_taskflow_api_virtualenv.py
[2025-08-14T10:16:38.314+0000] {processor.py:836} INFO - DAG(s) dict_keys(['tutorial_taskflow_api_virtualenv']) retrieved from /home/vscode/.local/lib/python3.10/site-packages/airflow/example_dags/tutorial_taskflow_api_virtualenv.py
[2025-08-14T10:16:38.328+0000] {logging_mixin.py:150} INFO - [2025-08-14T10:16:38.328+0000] {dag.py:2742} INFO - Sync 1 DAGs
[2025-08-14T10:16:38.343+0000] {logging_mixin.py:150} INFO - [2025-08-14T10:16:38.342+0000] {dag.py:3504} INFO - Setting next_dagrun for tutorial_taskflow_api_virtualenv to None, run_after=None
[2025-08-14T10:16:38.358+0000] {processor.py:179} INFO - Processing /home/vscode/.local/lib/python3.10/site-packages/airflow/example_dags/tutorial_taskflow_api_virtualenv.py took 0.052 seconds
[2025-08-14T10:17:27.940+0000] {processor.py:157} INFO - Started process (PID=20315) to work on /home/vscode/.local/lib/python3.10/site-packages/airflow/example_dags/tutorial_taskflow_api_virtualenv.py
[2025-08-14T10:17:27.941+0000] {processor.py:826} INFO - Processing file /home/vscode/.local/lib/python3.10/site-packages/airflow/example_dags/tutorial_taskflow_api_virtualenv.py for tasks to queue
[2025-08-14T10:17:27.941+0000] {logging_mixin.py:150} INFO - [2025-08-14T10:17:27.941+0000] {dagbag.py:541} INFO - Filling up the DagBag from /home/vscode/.local/lib/python3.10/site-packages/airflow/example_dags/tutorial_taskflow_api_virtualenv.py
[2025-08-14T10:17:27.946+0000] {processor.py:836} INFO - DAG(s) dict_keys(['tutorial_taskflow_api_virtualenv']) retrieved from /home/vscode/.local/lib/python3.10/site-packages/airflow/example_dags/tutorial_taskflow_api_virtualenv.py
[2025-08-14T10:17:27.958+0000] {logging_mixin.py:150} INFO - [2025-08-14T10:17:27.957+0000] {dag.py:2742} INFO - Sync 1 DAGs
[2025-08-14T10:17:27.971+0000] {logging_mixin.py:150} INFO - [2025-08-14T10:17:27.971+0000] {dag.py:3504} INFO - Setting next_dagrun for tutorial_taskflow_api_virtualenv to None, run_after=None
[2025-08-14T10:17:27.986+0000] {processor.py:179} INFO - Processing /home/vscode/.local/lib/python3.10/site-packages/airflow/example_dags/tutorial_taskflow_api_virtualenv.py took 0.048 seconds
[2025-08-14T10:18:13.174+0000] {processor.py:157} INFO - Started process (PID=20627) to work on /home/vscode/.local/lib/python3.10/site-packages/airflow/example_dags/tutorial_taskflow_api_virtualenv.py
[2025-08-14T10:18:13.175+0000] {processor.py:826} INFO - Processing file /home/vscode/.local/lib/python3.10/site-packages/airflow/example_dags/tutorial_taskflow_api_virtualenv.py for tasks to queue
[2025-08-14T10:18:13.177+0000] {logging_mixin.py:150} INFO - [2025-08-14T10:18:13.176+0000] {dagbag.py:541} INFO - Filling up the DagBag from /home/vscode/.local/lib/python3.10/site-packages/airflow/example_dags/tutorial_taskflow_api_virtualenv.py
[2025-08-14T10:18:13.184+0000] {processor.py:836} INFO - DAG(s) dict_keys(['tutorial_taskflow_api_virtualenv']) retrieved from /home/vscode/.local/lib/python3.10/site-packages/airflow/example_dags/tutorial_taskflow_api_virtualenv.py
[2025-08-14T10:18:13.197+0000] {logging_mixin.py:150} INFO - [2025-08-14T10:18:13.197+0000] {dag.py:2742} INFO - Sync 1 DAGs
[2025-08-14T10:18:13.212+0000] {logging_mixin.py:150} INFO - [2025-08-14T10:18:13.212+0000] {dag.py:3504} INFO - Setting next_dagrun for tutorial_taskflow_api_virtualenv to None, run_after=None
[2025-08-14T10:18:13.226+0000] {processor.py:179} INFO - Processing /home/vscode/.local/lib/python3.10/site-packages/airflow/example_dags/tutorial_taskflow_api_virtualenv.py took 0.055 seconds
[2025-08-14T10:19:01.302+0000] {processor.py:157} INFO - Started process (PID=20945) to work on /home/vscode/.local/lib/python3.10/site-packages/airflow/example_dags/tutorial_taskflow_api_virtualenv.py
[2025-08-14T10:19:01.302+0000] {processor.py:826} INFO - Processing file /home/vscode/.local/lib/python3.10/site-packages/airflow/example_dags/tutorial_taskflow_api_virtualenv.py for tasks to queue
[2025-08-14T10:19:01.303+0000] {logging_mixin.py:150} INFO - [2025-08-14T10:19:01.303+0000] {dagbag.py:541} INFO - Filling up the DagBag from /home/vscode/.local/lib/python3.10/site-packages/airflow/example_dags/tutorial_taskflow_api_virtualenv.py
[2025-08-14T10:19:01.308+0000] {processor.py:836} INFO - DAG(s) dict_keys(['tutorial_taskflow_api_virtualenv']) retrieved from /home/vscode/.local/lib/python3.10/site-packages/airflow/example_dags/tutorial_taskflow_api_virtualenv.py
[2025-08-14T10:19:01.320+0000] {logging_mixin.py:150} INFO - [2025-08-14T10:19:01.320+0000] {dag.py:2742} INFO - Sync 1 DAGs
[2025-08-14T10:19:01.335+0000] {logging_mixin.py:150} INFO - [2025-08-14T10:19:01.335+0000] {dag.py:3504} INFO - Setting next_dagrun for tutorial_taskflow_api_virtualenv to None, run_after=None
[2025-08-14T10:19:01.351+0000] {processor.py:179} INFO - Processing /home/vscode/.local/lib/python3.10/site-packages/airflow/example_dags/tutorial_taskflow_api_virtualenv.py took 0.051 seconds
[2025-08-14T10:19:34.292+0000] {processor.py:157} INFO - Started process (PID=21177) to work on /home/vscode/.local/lib/python3.10/site-packages/airflow/example_dags/tutorial_taskflow_api_virtualenv.py
[2025-08-14T10:19:34.292+0000] {processor.py:826} INFO - Processing file /home/vscode/.local/lib/python3.10/site-packages/airflow/example_dags/tutorial_taskflow_api_virtualenv.py for tasks to queue
[2025-08-14T10:19:34.293+0000] {logging_mixin.py:150} INFO - [2025-08-14T10:19:34.293+0000] {dagbag.py:541} INFO - Filling up the DagBag from /home/vscode/.local/lib/python3.10/site-packages/airflow/example_dags/tutorial_taskflow_api_virtualenv.py
[2025-08-14T10:19:34.298+0000] {processor.py:836} INFO - DAG(s) dict_keys(['tutorial_taskflow_api_virtualenv']) retrieved from /home/vscode/.local/lib/python3.10/site-packages/airflow/example_dags/tutorial_taskflow_api_virtualenv.py
[2025-08-14T10:19:34.309+0000] {logging_mixin.py:150} INFO - [2025-08-14T10:19:34.309+0000] {dag.py:2742} INFO - Sync 1 DAGs
[2025-08-14T10:19:34.324+0000] {logging_mixin.py:150} INFO - [2025-08-14T10:19:34.323+0000] {dag.py:3504} INFO - Setting next_dagrun for tutorial_taskflow_api_virtualenv to None, run_after=None
[2025-08-14T10:19:34.339+0000] {processor.py:179} INFO - Processing /home/vscode/.local/lib/python3.10/site-packages/airflow/example_dags/tutorial_taskflow_api_virtualenv.py took 0.049 seconds
[2025-08-14T10:20:19.354+0000] {processor.py:157} INFO - Started process (PID=21530) to work on /home/vscode/.local/lib/python3.10/site-packages/airflow/example_dags/tutorial_taskflow_api_virtualenv.py
[2025-08-14T10:20:19.355+0000] {processor.py:826} INFO - Processing file /home/vscode/.local/lib/python3.10/site-packages/airflow/example_dags/tutorial_taskflow_api_virtualenv.py for tasks to queue
[2025-08-14T10:20:19.355+0000] {logging_mixin.py:150} INFO - [2025-08-14T10:20:19.355+0000] {dagbag.py:541} INFO - Filling up the DagBag from /home/vscode/.local/lib/python3.10/site-packages/airflow/example_dags/tutorial_taskflow_api_virtualenv.py
[2025-08-14T10:20:19.360+0000] {processor.py:836} INFO - DAG(s) dict_keys(['tutorial_taskflow_api_virtualenv']) retrieved from /home/vscode/.local/lib/python3.10/site-packages/airflow/example_dags/tutorial_taskflow_api_virtualenv.py
[2025-08-14T10:20:19.371+0000] {logging_mixin.py:150} INFO - [2025-08-14T10:20:19.371+0000] {dag.py:2742} INFO - Sync 1 DAGs
[2025-08-14T10:20:19.386+0000] {logging_mixin.py:150} INFO - [2025-08-14T10:20:19.386+0000] {dag.py:3504} INFO - Setting next_dagrun for tutorial_taskflow_api_virtualenv to None, run_after=None
[2025-08-14T10:20:19.405+0000] {processor.py:179} INFO - Processing /home/vscode/.local/lib/python3.10/site-packages/airflow/example_dags/tutorial_taskflow_api_virtualenv.py took 0.053 seconds
[2025-08-14T10:21:06.864+0000] {processor.py:157} INFO - Started process (PID=21848) to work on /home/vscode/.local/lib/python3.10/site-packages/airflow/example_dags/tutorial_taskflow_api_virtualenv.py
[2025-08-14T10:21:06.865+0000] {processor.py:826} INFO - Processing file /home/vscode/.local/lib/python3.10/site-packages/airflow/example_dags/tutorial_taskflow_api_virtualenv.py for tasks to queue
[2025-08-14T10:21:06.866+0000] {logging_mixin.py:150} INFO - [2025-08-14T10:21:06.865+0000] {dagbag.py:541} INFO - Filling up the DagBag from /home/vscode/.local/lib/python3.10/site-packages/airflow/example_dags/tutorial_taskflow_api_virtualenv.py
[2025-08-14T10:21:06.875+0000] {processor.py:836} INFO - DAG(s) dict_keys(['tutorial_taskflow_api_virtualenv']) retrieved from /home/vscode/.local/lib/python3.10/site-packages/airflow/example_dags/tutorial_taskflow_api_virtualenv.py
[2025-08-14T10:21:06.892+0000] {logging_mixin.py:150} INFO - [2025-08-14T10:21:06.891+0000] {dag.py:2742} INFO - Sync 1 DAGs
[2025-08-14T10:21:06.909+0000] {logging_mixin.py:150} INFO - [2025-08-14T10:21:06.909+0000] {dag.py:3504} INFO - Setting next_dagrun for tutorial_taskflow_api_virtualenv to None, run_after=None
[2025-08-14T10:21:06.924+0000] {processor.py:179} INFO - Processing /home/vscode/.local/lib/python3.10/site-packages/airflow/example_dags/tutorial_taskflow_api_virtualenv.py took 0.063 seconds
[2025-08-14T10:21:41.105+0000] {processor.py:157} INFO - Started process (PID=22072) to work on /home/vscode/.local/lib/python3.10/site-packages/airflow/example_dags/tutorial_taskflow_api_virtualenv.py
[2025-08-14T10:21:41.106+0000] {processor.py:826} INFO - Processing file /home/vscode/.local/lib/python3.10/site-packages/airflow/example_dags/tutorial_taskflow_api_virtualenv.py for tasks to queue
[2025-08-14T10:21:41.106+0000] {logging_mixin.py:150} INFO - [2025-08-14T10:21:41.106+0000] {dagbag.py:541} INFO - Filling up the DagBag from /home/vscode/.local/lib/python3.10/site-packages/airflow/example_dags/tutorial_taskflow_api_virtualenv.py
[2025-08-14T10:21:41.111+0000] {processor.py:836} INFO - DAG(s) dict_keys(['tutorial_taskflow_api_virtualenv']) retrieved from /home/vscode/.local/lib/python3.10/site-packages/airflow/example_dags/tutorial_taskflow_api_virtualenv.py
[2025-08-14T10:21:41.122+0000] {logging_mixin.py:150} INFO - [2025-08-14T10:21:41.122+0000] {dag.py:2742} INFO - Sync 1 DAGs
[2025-08-14T10:21:41.136+0000] {logging_mixin.py:150} INFO - [2025-08-14T10:21:41.136+0000] {dag.py:3504} INFO - Setting next_dagrun for tutorial_taskflow_api_virtualenv to None, run_after=None
[2025-08-14T10:21:41.152+0000] {processor.py:179} INFO - Processing /home/vscode/.local/lib/python3.10/site-packages/airflow/example_dags/tutorial_taskflow_api_virtualenv.py took 0.048 seconds
[2025-08-14T10:22:27.954+0000] {processor.py:157} INFO - Started process (PID=22378) to work on /home/vscode/.local/lib/python3.10/site-packages/airflow/example_dags/tutorial_taskflow_api_virtualenv.py
[2025-08-14T10:22:27.955+0000] {processor.py:826} INFO - Processing file /home/vscode/.local/lib/python3.10/site-packages/airflow/example_dags/tutorial_taskflow_api_virtualenv.py for tasks to queue
[2025-08-14T10:22:27.955+0000] {logging_mixin.py:150} INFO - [2025-08-14T10:22:27.955+0000] {dagbag.py:541} INFO - Filling up the DagBag from /home/vscode/.local/lib/python3.10/site-packages/airflow/example_dags/tutorial_taskflow_api_virtualenv.py
[2025-08-14T10:22:27.960+0000] {processor.py:836} INFO - DAG(s) dict_keys(['tutorial_taskflow_api_virtualenv']) retrieved from /home/vscode/.local/lib/python3.10/site-packages/airflow/example_dags/tutorial_taskflow_api_virtualenv.py
[2025-08-14T10:22:27.972+0000] {logging_mixin.py:150} INFO - [2025-08-14T10:22:27.972+0000] {dag.py:2742} INFO - Sync 1 DAGs
[2025-08-14T10:22:27.985+0000] {logging_mixin.py:150} INFO - [2025-08-14T10:22:27.985+0000] {dag.py:3504} INFO - Setting next_dagrun for tutorial_taskflow_api_virtualenv to None, run_after=None
[2025-08-14T10:22:28.001+0000] {processor.py:179} INFO - Processing /home/vscode/.local/lib/python3.10/site-packages/airflow/example_dags/tutorial_taskflow_api_virtualenv.py took 0.049 seconds
[2025-08-14T10:23:11.408+0000] {processor.py:157} INFO - Started process (PID=22672) to work on /home/vscode/.local/lib/python3.10/site-packages/airflow/example_dags/tutorial_taskflow_api_virtualenv.py
[2025-08-14T10:23:11.409+0000] {processor.py:826} INFO - Processing file /home/vscode/.local/lib/python3.10/site-packages/airflow/example_dags/tutorial_taskflow_api_virtualenv.py for tasks to queue
[2025-08-14T10:23:11.410+0000] {logging_mixin.py:150} INFO - [2025-08-14T10:23:11.409+0000] {dagbag.py:541} INFO - Filling up the DagBag from /home/vscode/.local/lib/python3.10/site-packages/airflow/example_dags/tutorial_taskflow_api_virtualenv.py
[2025-08-14T10:23:11.415+0000] {processor.py:836} INFO - DAG(s) dict_keys(['tutorial_taskflow_api_virtualenv']) retrieved from /home/vscode/.local/lib/python3.10/site-packages/airflow/example_dags/tutorial_taskflow_api_virtualenv.py
[2025-08-14T10:23:11.426+0000] {logging_mixin.py:150} INFO - [2025-08-14T10:23:11.426+0000] {dag.py:2742} INFO - Sync 1 DAGs
[2025-08-14T10:23:11.440+0000] {logging_mixin.py:150} INFO - [2025-08-14T10:23:11.440+0000] {dag.py:3504} INFO - Setting next_dagrun for tutorial_taskflow_api_virtualenv to None, run_after=None
[2025-08-14T10:23:11.462+0000] {processor.py:179} INFO - Processing /home/vscode/.local/lib/python3.10/site-packages/airflow/example_dags/tutorial_taskflow_api_virtualenv.py took 0.055 seconds
[2025-08-14T10:23:57.537+0000] {processor.py:157} INFO - Started process (PID=22995) to work on /home/vscode/.local/lib/python3.10/site-packages/airflow/example_dags/tutorial_taskflow_api_virtualenv.py
[2025-08-14T10:23:57.538+0000] {processor.py:826} INFO - Processing file /home/vscode/.local/lib/python3.10/site-packages/airflow/example_dags/tutorial_taskflow_api_virtualenv.py for tasks to queue
[2025-08-14T10:23:57.538+0000] {logging_mixin.py:150} INFO - [2025-08-14T10:23:57.538+0000] {dagbag.py:541} INFO - Filling up the DagBag from /home/vscode/.local/lib/python3.10/site-packages/airflow/example_dags/tutorial_taskflow_api_virtualenv.py
[2025-08-14T10:23:57.544+0000] {processor.py:836} INFO - DAG(s) dict_keys(['tutorial_taskflow_api_virtualenv']) retrieved from /home/vscode/.local/lib/python3.10/site-packages/airflow/example_dags/tutorial_taskflow_api_virtualenv.py
[2025-08-14T10:23:57.556+0000] {logging_mixin.py:150} INFO - [2025-08-14T10:23:57.555+0000] {dag.py:2742} INFO - Sync 1 DAGs
[2025-08-14T10:23:57.570+0000] {logging_mixin.py:150} INFO - [2025-08-14T10:23:57.570+0000] {dag.py:3504} INFO - Setting next_dagrun for tutorial_taskflow_api_virtualenv to None, run_after=None
[2025-08-14T10:23:57.585+0000] {processor.py:179} INFO - Processing /home/vscode/.local/lib/python3.10/site-packages/airflow/example_dags/tutorial_taskflow_api_virtualenv.py took 0.050 seconds
[2025-08-14T10:24:45.478+0000] {processor.py:157} INFO - Started process (PID=23334) to work on /home/vscode/.local/lib/python3.10/site-packages/airflow/example_dags/tutorial_taskflow_api_virtualenv.py
[2025-08-14T10:24:45.479+0000] {processor.py:826} INFO - Processing file /home/vscode/.local/lib/python3.10/site-packages/airflow/example_dags/tutorial_taskflow_api_virtualenv.py for tasks to queue
[2025-08-14T10:24:45.479+0000] {logging_mixin.py:150} INFO - [2025-08-14T10:24:45.479+0000] {dagbag.py:541} INFO - Filling up the DagBag from /home/vscode/.local/lib/python3.10/site-packages/airflow/example_dags/tutorial_taskflow_api_virtualenv.py
[2025-08-14T10:24:45.485+0000] {processor.py:836} INFO - DAG(s) dict_keys(['tutorial_taskflow_api_virtualenv']) retrieved from /home/vscode/.local/lib/python3.10/site-packages/airflow/example_dags/tutorial_taskflow_api_virtualenv.py
[2025-08-14T10:24:45.497+0000] {logging_mixin.py:150} INFO - [2025-08-14T10:24:45.497+0000] {dag.py:2742} INFO - Sync 1 DAGs
[2025-08-14T10:24:45.512+0000] {logging_mixin.py:150} INFO - [2025-08-14T10:24:45.512+0000] {dag.py:3504} INFO - Setting next_dagrun for tutorial_taskflow_api_virtualenv to None, run_after=None
[2025-08-14T10:24:45.529+0000] {processor.py:179} INFO - Processing /home/vscode/.local/lib/python3.10/site-packages/airflow/example_dags/tutorial_taskflow_api_virtualenv.py took 0.054 seconds
[2025-08-14T10:25:29.981+0000] {processor.py:157} INFO - Started process (PID=23630) to work on /home/vscode/.local/lib/python3.10/site-packages/airflow/example_dags/tutorial_taskflow_api_virtualenv.py
[2025-08-14T10:25:29.982+0000] {processor.py:826} INFO - Processing file /home/vscode/.local/lib/python3.10/site-packages/airflow/example_dags/tutorial_taskflow_api_virtualenv.py for tasks to queue
[2025-08-14T10:25:29.983+0000] {logging_mixin.py:150} INFO - [2025-08-14T10:25:29.982+0000] {dagbag.py:541} INFO - Filling up the DagBag from /home/vscode/.local/lib/python3.10/site-packages/airflow/example_dags/tutorial_taskflow_api_virtualenv.py
[2025-08-14T10:25:29.988+0000] {processor.py:836} INFO - DAG(s) dict_keys(['tutorial_taskflow_api_virtualenv']) retrieved from /home/vscode/.local/lib/python3.10/site-packages/airflow/example_dags/tutorial_taskflow_api_virtualenv.py
[2025-08-14T10:25:29.999+0000] {logging_mixin.py:150} INFO - [2025-08-14T10:25:29.999+0000] {dag.py:2742} INFO - Sync 1 DAGs
[2025-08-14T10:25:30.012+0000] {logging_mixin.py:150} INFO - [2025-08-14T10:25:30.012+0000] {dag.py:3504} INFO - Setting next_dagrun for tutorial_taskflow_api_virtualenv to None, run_after=None
[2025-08-14T10:25:30.027+0000] {processor.py:179} INFO - Processing /home/vscode/.local/lib/python3.10/site-packages/airflow/example_dags/tutorial_taskflow_api_virtualenv.py took 0.047 seconds
[2025-08-14T10:26:16.644+0000] {processor.py:157} INFO - Started process (PID=23944) to work on /home/vscode/.local/lib/python3.10/site-packages/airflow/example_dags/tutorial_taskflow_api_virtualenv.py
[2025-08-14T10:26:16.645+0000] {processor.py:826} INFO - Processing file /home/vscode/.local/lib/python3.10/site-packages/airflow/example_dags/tutorial_taskflow_api_virtualenv.py for tasks to queue
[2025-08-14T10:26:16.645+0000] {logging_mixin.py:150} INFO - [2025-08-14T10:26:16.645+0000] {dagbag.py:541} INFO - Filling up the DagBag from /home/vscode/.local/lib/python3.10/site-packages/airflow/example_dags/tutorial_taskflow_api_virtualenv.py
[2025-08-14T10:26:16.650+0000] {processor.py:836} INFO - DAG(s) dict_keys(['tutorial_taskflow_api_virtualenv']) retrieved from /home/vscode/.local/lib/python3.10/site-packages/airflow/example_dags/tutorial_taskflow_api_virtualenv.py
[2025-08-14T10:26:16.661+0000] {logging_mixin.py:150} INFO - [2025-08-14T10:26:16.661+0000] {dag.py:2742} INFO - Sync 1 DAGs
[2025-08-14T10:26:16.675+0000] {logging_mixin.py:150} INFO - [2025-08-14T10:26:16.675+0000] {dag.py:3504} INFO - Setting next_dagrun for tutorial_taskflow_api_virtualenv to None, run_after=None
[2025-08-14T10:26:16.690+0000] {processor.py:179} INFO - Processing /home/vscode/.local/lib/python3.10/site-packages/airflow/example_dags/tutorial_taskflow_api_virtualenv.py took 0.047 seconds
[2025-08-14T10:27:01.306+0000] {processor.py:157} INFO - Started process (PID=24244) to work on /home/vscode/.local/lib/python3.10/site-packages/airflow/example_dags/tutorial_taskflow_api_virtualenv.py
[2025-08-14T10:27:01.307+0000] {processor.py:826} INFO - Processing file /home/vscode/.local/lib/python3.10/site-packages/airflow/example_dags/tutorial_taskflow_api_virtualenv.py for tasks to queue
[2025-08-14T10:27:01.307+0000] {logging_mixin.py:150} INFO - [2025-08-14T10:27:01.307+0000] {dagbag.py:541} INFO - Filling up the DagBag from /home/vscode/.local/lib/python3.10/site-packages/airflow/example_dags/tutorial_taskflow_api_virtualenv.py
[2025-08-14T10:27:01.312+0000] {processor.py:836} INFO - DAG(s) dict_keys(['tutorial_taskflow_api_virtualenv']) retrieved from /home/vscode/.local/lib/python3.10/site-packages/airflow/example_dags/tutorial_taskflow_api_virtualenv.py
[2025-08-14T10:27:01.324+0000] {logging_mixin.py:150} INFO - [2025-08-14T10:27:01.324+0000] {dag.py:2742} INFO - Sync 1 DAGs
[2025-08-14T10:27:01.338+0000] {logging_mixin.py:150} INFO - [2025-08-14T10:27:01.338+0000] {dag.py:3504} INFO - Setting next_dagrun for tutorial_taskflow_api_virtualenv to None, run_after=None
[2025-08-14T10:27:01.353+0000] {processor.py:179} INFO - Processing /home/vscode/.local/lib/python3.10/site-packages/airflow/example_dags/tutorial_taskflow_api_virtualenv.py took 0.049 seconds
[2025-08-14T10:27:35.615+0000] {processor.py:157} INFO - Started process (PID=24468) to work on /home/vscode/.local/lib/python3.10/site-packages/airflow/example_dags/tutorial_taskflow_api_virtualenv.py
[2025-08-14T10:27:35.616+0000] {processor.py:826} INFO - Processing file /home/vscode/.local/lib/python3.10/site-packages/airflow/example_dags/tutorial_taskflow_api_virtualenv.py for tasks to queue
[2025-08-14T10:27:35.616+0000] {logging_mixin.py:150} INFO - [2025-08-14T10:27:35.616+0000] {dagbag.py:541} INFO - Filling up the DagBag from /home/vscode/.local/lib/python3.10/site-packages/airflow/example_dags/tutorial_taskflow_api_virtualenv.py
[2025-08-14T10:27:35.622+0000] {processor.py:836} INFO - DAG(s) dict_keys(['tutorial_taskflow_api_virtualenv']) retrieved from /home/vscode/.local/lib/python3.10/site-packages/airflow/example_dags/tutorial_taskflow_api_virtualenv.py
[2025-08-14T10:27:35.635+0000] {logging_mixin.py:150} INFO - [2025-08-14T10:27:35.635+0000] {dag.py:2742} INFO - Sync 1 DAGs
[2025-08-14T10:27:35.652+0000] {logging_mixin.py:150} INFO - [2025-08-14T10:27:35.652+0000] {dag.py:3504} INFO - Setting next_dagrun for tutorial_taskflow_api_virtualenv to None, run_after=None
[2025-08-14T10:27:35.674+0000] {processor.py:179} INFO - Processing /home/vscode/.local/lib/python3.10/site-packages/airflow/example_dags/tutorial_taskflow_api_virtualenv.py took 0.061 seconds
[2025-08-14T10:28:20.453+0000] {processor.py:157} INFO - Started process (PID=24770) to work on /home/vscode/.local/lib/python3.10/site-packages/airflow/example_dags/tutorial_taskflow_api_virtualenv.py
[2025-08-14T10:28:20.453+0000] {processor.py:826} INFO - Processing file /home/vscode/.local/lib/python3.10/site-packages/airflow/example_dags/tutorial_taskflow_api_virtualenv.py for tasks to queue
[2025-08-14T10:28:20.454+0000] {logging_mixin.py:150} INFO - [2025-08-14T10:28:20.454+0000] {dagbag.py:541} INFO - Filling up the DagBag from /home/vscode/.local/lib/python3.10/site-packages/airflow/example_dags/tutorial_taskflow_api_virtualenv.py
[2025-08-14T10:28:20.460+0000] {processor.py:836} INFO - DAG(s) dict_keys(['tutorial_taskflow_api_virtualenv']) retrieved from /home/vscode/.local/lib/python3.10/site-packages/airflow/example_dags/tutorial_taskflow_api_virtualenv.py
[2025-08-14T10:28:20.473+0000] {logging_mixin.py:150} INFO - [2025-08-14T10:28:20.472+0000] {dag.py:2742} INFO - Sync 1 DAGs
[2025-08-14T10:28:20.488+0000] {logging_mixin.py:150} INFO - [2025-08-14T10:28:20.488+0000] {dag.py:3504} INFO - Setting next_dagrun for tutorial_taskflow_api_virtualenv to None, run_after=None
[2025-08-14T10:28:20.504+0000] {processor.py:179} INFO - Processing /home/vscode/.local/lib/python3.10/site-packages/airflow/example_dags/tutorial_taskflow_api_virtualenv.py took 0.054 seconds
[2025-08-14T10:29:08.134+0000] {processor.py:157} INFO - Started process (PID=25089) to work on /home/vscode/.local/lib/python3.10/site-packages/airflow/example_dags/tutorial_taskflow_api_virtualenv.py
[2025-08-14T10:29:08.135+0000] {processor.py:826} INFO - Processing file /home/vscode/.local/lib/python3.10/site-packages/airflow/example_dags/tutorial_taskflow_api_virtualenv.py for tasks to queue
[2025-08-14T10:29:08.136+0000] {logging_mixin.py:150} INFO - [2025-08-14T10:29:08.136+0000] {dagbag.py:541} INFO - Filling up the DagBag from /home/vscode/.local/lib/python3.10/site-packages/airflow/example_dags/tutorial_taskflow_api_virtualenv.py
[2025-08-14T10:29:08.141+0000] {processor.py:836} INFO - DAG(s) dict_keys(['tutorial_taskflow_api_virtualenv']) retrieved from /home/vscode/.local/lib/python3.10/site-packages/airflow/example_dags/tutorial_taskflow_api_virtualenv.py
[2025-08-14T10:29:08.154+0000] {logging_mixin.py:150} INFO - [2025-08-14T10:29:08.154+0000] {dag.py:2742} INFO - Sync 1 DAGs
[2025-08-14T10:29:08.169+0000] {logging_mixin.py:150} INFO - [2025-08-14T10:29:08.169+0000] {dag.py:3504} INFO - Setting next_dagrun for tutorial_taskflow_api_virtualenv to None, run_after=None
[2025-08-14T10:29:08.184+0000] {processor.py:179} INFO - Processing /home/vscode/.local/lib/python3.10/site-packages/airflow/example_dags/tutorial_taskflow_api_virtualenv.py took 0.052 seconds
[2025-08-14T10:29:52.187+0000] {processor.py:157} INFO - Started process (PID=25378) to work on /home/vscode/.local/lib/python3.10/site-packages/airflow/example_dags/tutorial_taskflow_api_virtualenv.py
[2025-08-14T10:29:52.188+0000] {processor.py:826} INFO - Processing file /home/vscode/.local/lib/python3.10/site-packages/airflow/example_dags/tutorial_taskflow_api_virtualenv.py for tasks to queue
[2025-08-14T10:29:52.189+0000] {logging_mixin.py:150} INFO - [2025-08-14T10:29:52.188+0000] {dagbag.py:541} INFO - Filling up the DagBag from /home/vscode/.local/lib/python3.10/site-packages/airflow/example_dags/tutorial_taskflow_api_virtualenv.py
[2025-08-14T10:29:52.194+0000] {processor.py:836} INFO - DAG(s) dict_keys(['tutorial_taskflow_api_virtualenv']) retrieved from /home/vscode/.local/lib/python3.10/site-packages/airflow/example_dags/tutorial_taskflow_api_virtualenv.py
[2025-08-14T10:29:52.205+0000] {logging_mixin.py:150} INFO - [2025-08-14T10:29:52.205+0000] {dag.py:2742} INFO - Sync 1 DAGs
[2025-08-14T10:29:52.218+0000] {logging_mixin.py:150} INFO - [2025-08-14T10:29:52.218+0000] {dag.py:3504} INFO - Setting next_dagrun for tutorial_taskflow_api_virtualenv to None, run_after=None
[2025-08-14T10:29:52.233+0000] {processor.py:179} INFO - Processing /home/vscode/.local/lib/python3.10/site-packages/airflow/example_dags/tutorial_taskflow_api_virtualenv.py took 0.048 seconds
[2025-08-14T10:30:41.628+0000] {processor.py:157} INFO - Started process (PID=25708) to work on /home/vscode/.local/lib/python3.10/site-packages/airflow/example_dags/tutorial_taskflow_api_virtualenv.py
[2025-08-14T10:30:41.629+0000] {processor.py:826} INFO - Processing file /home/vscode/.local/lib/python3.10/site-packages/airflow/example_dags/tutorial_taskflow_api_virtualenv.py for tasks to queue
[2025-08-14T10:30:41.630+0000] {logging_mixin.py:150} INFO - [2025-08-14T10:30:41.629+0000] {dagbag.py:541} INFO - Filling up the DagBag from /home/vscode/.local/lib/python3.10/site-packages/airflow/example_dags/tutorial_taskflow_api_virtualenv.py
[2025-08-14T10:30:41.636+0000] {processor.py:836} INFO - DAG(s) dict_keys(['tutorial_taskflow_api_virtualenv']) retrieved from /home/vscode/.local/lib/python3.10/site-packages/airflow/example_dags/tutorial_taskflow_api_virtualenv.py
[2025-08-14T10:30:41.653+0000] {logging_mixin.py:150} INFO - [2025-08-14T10:30:41.653+0000] {dag.py:2742} INFO - Sync 1 DAGs
[2025-08-14T10:30:41.668+0000] {logging_mixin.py:150} INFO - [2025-08-14T10:30:41.668+0000] {dag.py:3504} INFO - Setting next_dagrun for tutorial_taskflow_api_virtualenv to None, run_after=None
[2025-08-14T10:30:41.683+0000] {processor.py:179} INFO - Processing /home/vscode/.local/lib/python3.10/site-packages/airflow/example_dags/tutorial_taskflow_api_virtualenv.py took 0.059 seconds
[2025-08-14T10:31:25.455+0000] {processor.py:157} INFO - Started process (PID=26008) to work on /home/vscode/.local/lib/python3.10/site-packages/airflow/example_dags/tutorial_taskflow_api_virtualenv.py
[2025-08-14T10:31:25.456+0000] {processor.py:826} INFO - Processing file /home/vscode/.local/lib/python3.10/site-packages/airflow/example_dags/tutorial_taskflow_api_virtualenv.py for tasks to queue
[2025-08-14T10:31:25.457+0000] {logging_mixin.py:150} INFO - [2025-08-14T10:31:25.457+0000] {dagbag.py:541} INFO - Filling up the DagBag from /home/vscode/.local/lib/python3.10/site-packages/airflow/example_dags/tutorial_taskflow_api_virtualenv.py
[2025-08-14T10:31:25.463+0000] {processor.py:836} INFO - DAG(s) dict_keys(['tutorial_taskflow_api_virtualenv']) retrieved from /home/vscode/.local/lib/python3.10/site-packages/airflow/example_dags/tutorial_taskflow_api_virtualenv.py
[2025-08-14T10:31:25.476+0000] {logging_mixin.py:150} INFO - [2025-08-14T10:31:25.476+0000] {dag.py:2742} INFO - Sync 1 DAGs
[2025-08-14T10:31:25.491+0000] {logging_mixin.py:150} INFO - [2025-08-14T10:31:25.491+0000] {dag.py:3504} INFO - Setting next_dagrun for tutorial_taskflow_api_virtualenv to None, run_after=None
[2025-08-14T10:31:25.507+0000] {processor.py:179} INFO - Processing /home/vscode/.local/lib/python3.10/site-packages/airflow/example_dags/tutorial_taskflow_api_virtualenv.py took 0.054 seconds
[2025-08-14T10:32:09.721+0000] {processor.py:157} INFO - Started process (PID=26303) to work on /home/vscode/.local/lib/python3.10/site-packages/airflow/example_dags/tutorial_taskflow_api_virtualenv.py
[2025-08-14T10:32:09.722+0000] {processor.py:826} INFO - Processing file /home/vscode/.local/lib/python3.10/site-packages/airflow/example_dags/tutorial_taskflow_api_virtualenv.py for tasks to queue
[2025-08-14T10:32:09.722+0000] {logging_mixin.py:150} INFO - [2025-08-14T10:32:09.722+0000] {dagbag.py:541} INFO - Filling up the DagBag from /home/vscode/.local/lib/python3.10/site-packages/airflow/example_dags/tutorial_taskflow_api_virtualenv.py
[2025-08-14T10:32:09.727+0000] {processor.py:836} INFO - DAG(s) dict_keys(['tutorial_taskflow_api_virtualenv']) retrieved from /home/vscode/.local/lib/python3.10/site-packages/airflow/example_dags/tutorial_taskflow_api_virtualenv.py
[2025-08-14T10:32:09.739+0000] {logging_mixin.py:150} INFO - [2025-08-14T10:32:09.739+0000] {dag.py:2742} INFO - Sync 1 DAGs
[2025-08-14T10:32:09.753+0000] {logging_mixin.py:150} INFO - [2025-08-14T10:32:09.753+0000] {dag.py:3504} INFO - Setting next_dagrun for tutorial_taskflow_api_virtualenv to None, run_after=None
[2025-08-14T10:32:09.769+0000] {processor.py:179} INFO - Processing /home/vscode/.local/lib/python3.10/site-packages/airflow/example_dags/tutorial_taskflow_api_virtualenv.py took 0.050 seconds
[2025-08-14T10:32:51.927+0000] {processor.py:157} INFO - Started process (PID=26583) to work on /home/vscode/.local/lib/python3.10/site-packages/airflow/example_dags/tutorial_taskflow_api_virtualenv.py
[2025-08-14T10:32:51.928+0000] {processor.py:826} INFO - Processing file /home/vscode/.local/lib/python3.10/site-packages/airflow/example_dags/tutorial_taskflow_api_virtualenv.py for tasks to queue
[2025-08-14T10:32:51.929+0000] {logging_mixin.py:150} INFO - [2025-08-14T10:32:51.928+0000] {dagbag.py:541} INFO - Filling up the DagBag from /home/vscode/.local/lib/python3.10/site-packages/airflow/example_dags/tutorial_taskflow_api_virtualenv.py
[2025-08-14T10:32:51.934+0000] {processor.py:836} INFO - DAG(s) dict_keys(['tutorial_taskflow_api_virtualenv']) retrieved from /home/vscode/.local/lib/python3.10/site-packages/airflow/example_dags/tutorial_taskflow_api_virtualenv.py
[2025-08-14T10:32:51.945+0000] {logging_mixin.py:150} INFO - [2025-08-14T10:32:51.945+0000] {dag.py:2742} INFO - Sync 1 DAGs
[2025-08-14T10:32:51.963+0000] {logging_mixin.py:150} INFO - [2025-08-14T10:32:51.963+0000] {dag.py:3504} INFO - Setting next_dagrun for tutorial_taskflow_api_virtualenv to None, run_after=None
[2025-08-14T10:32:51.987+0000] {processor.py:179} INFO - Processing /home/vscode/.local/lib/python3.10/site-packages/airflow/example_dags/tutorial_taskflow_api_virtualenv.py took 0.062 seconds
[2025-08-14T10:33:38.336+0000] {processor.py:157} INFO - Started process (PID=27014) to work on /home/vscode/.local/lib/python3.10/site-packages/airflow/example_dags/tutorial_taskflow_api_virtualenv.py
[2025-08-14T10:33:38.337+0000] {processor.py:826} INFO - Processing file /home/vscode/.local/lib/python3.10/site-packages/airflow/example_dags/tutorial_taskflow_api_virtualenv.py for tasks to queue
[2025-08-14T10:33:38.337+0000] {logging_mixin.py:150} INFO - [2025-08-14T10:33:38.337+0000] {dagbag.py:541} INFO - Filling up the DagBag from /home/vscode/.local/lib/python3.10/site-packages/airflow/example_dags/tutorial_taskflow_api_virtualenv.py
[2025-08-14T10:33:38.344+0000] {processor.py:836} INFO - DAG(s) dict_keys(['tutorial_taskflow_api_virtualenv']) retrieved from /home/vscode/.local/lib/python3.10/site-packages/airflow/example_dags/tutorial_taskflow_api_virtualenv.py
[2025-08-14T10:33:38.356+0000] {logging_mixin.py:150} INFO - [2025-08-14T10:33:38.356+0000] {dag.py:2742} INFO - Sync 1 DAGs
[2025-08-14T10:33:38.374+0000] {logging_mixin.py:150} INFO - [2025-08-14T10:33:38.374+0000] {dag.py:3504} INFO - Setting next_dagrun for tutorial_taskflow_api_virtualenv to None, run_after=None
[2025-08-14T10:33:38.391+0000] {processor.py:179} INFO - Processing /home/vscode/.local/lib/python3.10/site-packages/airflow/example_dags/tutorial_taskflow_api_virtualenv.py took 0.058 seconds
[2025-08-14T10:34:22.296+0000] {processor.py:157} INFO - Started process (PID=27309) to work on /home/vscode/.local/lib/python3.10/site-packages/airflow/example_dags/tutorial_taskflow_api_virtualenv.py
[2025-08-14T10:34:22.296+0000] {processor.py:826} INFO - Processing file /home/vscode/.local/lib/python3.10/site-packages/airflow/example_dags/tutorial_taskflow_api_virtualenv.py for tasks to queue
[2025-08-14T10:34:22.297+0000] {logging_mixin.py:150} INFO - [2025-08-14T10:34:22.297+0000] {dagbag.py:541} INFO - Filling up the DagBag from /home/vscode/.local/lib/python3.10/site-packages/airflow/example_dags/tutorial_taskflow_api_virtualenv.py
[2025-08-14T10:34:22.302+0000] {processor.py:836} INFO - DAG(s) dict_keys(['tutorial_taskflow_api_virtualenv']) retrieved from /home/vscode/.local/lib/python3.10/site-packages/airflow/example_dags/tutorial_taskflow_api_virtualenv.py
[2025-08-14T10:34:22.313+0000] {logging_mixin.py:150} INFO - [2025-08-14T10:34:22.313+0000] {dag.py:2742} INFO - Sync 1 DAGs
[2025-08-14T10:34:22.327+0000] {logging_mixin.py:150} INFO - [2025-08-14T10:34:22.327+0000] {dag.py:3504} INFO - Setting next_dagrun for tutorial_taskflow_api_virtualenv to None, run_after=None
[2025-08-14T10:34:22.342+0000] {processor.py:179} INFO - Processing /home/vscode/.local/lib/python3.10/site-packages/airflow/example_dags/tutorial_taskflow_api_virtualenv.py took 0.048 seconds
[2025-08-14T10:35:08.594+0000] {processor.py:157} INFO - Started process (PID=27619) to work on /home/vscode/.local/lib/python3.10/site-packages/airflow/example_dags/tutorial_taskflow_api_virtualenv.py
[2025-08-14T10:35:08.595+0000] {processor.py:826} INFO - Processing file /home/vscode/.local/lib/python3.10/site-packages/airflow/example_dags/tutorial_taskflow_api_virtualenv.py for tasks to queue
[2025-08-14T10:35:08.595+0000] {logging_mixin.py:150} INFO - [2025-08-14T10:35:08.595+0000] {dagbag.py:541} INFO - Filling up the DagBag from /home/vscode/.local/lib/python3.10/site-packages/airflow/example_dags/tutorial_taskflow_api_virtualenv.py
[2025-08-14T10:35:08.601+0000] {processor.py:836} INFO - DAG(s) dict_keys(['tutorial_taskflow_api_virtualenv']) retrieved from /home/vscode/.local/lib/python3.10/site-packages/airflow/example_dags/tutorial_taskflow_api_virtualenv.py
[2025-08-14T10:35:08.613+0000] {logging_mixin.py:150} INFO - [2025-08-14T10:35:08.613+0000] {dag.py:2742} INFO - Sync 1 DAGs
[2025-08-14T10:35:08.628+0000] {logging_mixin.py:150} INFO - [2025-08-14T10:35:08.628+0000] {dag.py:3504} INFO - Setting next_dagrun for tutorial_taskflow_api_virtualenv to None, run_after=None
[2025-08-14T10:35:08.643+0000] {processor.py:179} INFO - Processing /home/vscode/.local/lib/python3.10/site-packages/airflow/example_dags/tutorial_taskflow_api_virtualenv.py took 0.052 seconds
[2025-08-14T10:35:52.944+0000] {processor.py:157} INFO - Started process (PID=27914) to work on /home/vscode/.local/lib/python3.10/site-packages/airflow/example_dags/tutorial_taskflow_api_virtualenv.py
[2025-08-14T10:35:52.944+0000] {processor.py:826} INFO - Processing file /home/vscode/.local/lib/python3.10/site-packages/airflow/example_dags/tutorial_taskflow_api_virtualenv.py for tasks to queue
[2025-08-14T10:35:52.945+0000] {logging_mixin.py:150} INFO - [2025-08-14T10:35:52.944+0000] {dagbag.py:541} INFO - Filling up the DagBag from /home/vscode/.local/lib/python3.10/site-packages/airflow/example_dags/tutorial_taskflow_api_virtualenv.py
[2025-08-14T10:35:52.950+0000] {processor.py:836} INFO - DAG(s) dict_keys(['tutorial_taskflow_api_virtualenv']) retrieved from /home/vscode/.local/lib/python3.10/site-packages/airflow/example_dags/tutorial_taskflow_api_virtualenv.py
[2025-08-14T10:35:52.961+0000] {logging_mixin.py:150} INFO - [2025-08-14T10:35:52.961+0000] {dag.py:2742} INFO - Sync 1 DAGs
[2025-08-14T10:35:52.975+0000] {logging_mixin.py:150} INFO - [2025-08-14T10:35:52.975+0000] {dag.py:3504} INFO - Setting next_dagrun for tutorial_taskflow_api_virtualenv to None, run_after=None
[2025-08-14T10:35:52.989+0000] {processor.py:179} INFO - Processing /home/vscode/.local/lib/python3.10/site-packages/airflow/example_dags/tutorial_taskflow_api_virtualenv.py took 0.048 seconds
[2025-08-14T10:36:42.260+0000] {processor.py:157} INFO - Started process (PID=28240) to work on /home/vscode/.local/lib/python3.10/site-packages/airflow/example_dags/tutorial_taskflow_api_virtualenv.py
[2025-08-14T10:36:42.260+0000] {processor.py:826} INFO - Processing file /home/vscode/.local/lib/python3.10/site-packages/airflow/example_dags/tutorial_taskflow_api_virtualenv.py for tasks to queue
[2025-08-14T10:36:42.261+0000] {logging_mixin.py:150} INFO - [2025-08-14T10:36:42.261+0000] {dagbag.py:541} INFO - Filling up the DagBag from /home/vscode/.local/lib/python3.10/site-packages/airflow/example_dags/tutorial_taskflow_api_virtualenv.py
[2025-08-14T10:36:42.266+0000] {processor.py:836} INFO - DAG(s) dict_keys(['tutorial_taskflow_api_virtualenv']) retrieved from /home/vscode/.local/lib/python3.10/site-packages/airflow/example_dags/tutorial_taskflow_api_virtualenv.py
[2025-08-14T10:36:42.277+0000] {logging_mixin.py:150} INFO - [2025-08-14T10:36:42.277+0000] {dag.py:2742} INFO - Sync 1 DAGs
[2025-08-14T10:36:42.296+0000] {logging_mixin.py:150} INFO - [2025-08-14T10:36:42.296+0000] {dag.py:3504} INFO - Setting next_dagrun for tutorial_taskflow_api_virtualenv to None, run_after=None
[2025-08-14T10:36:42.315+0000] {processor.py:179} INFO - Processing /home/vscode/.local/lib/python3.10/site-packages/airflow/example_dags/tutorial_taskflow_api_virtualenv.py took 0.058 seconds
[2025-08-14T10:37:26.333+0000] {processor.py:157} INFO - Started process (PID=28535) to work on /home/vscode/.local/lib/python3.10/site-packages/airflow/example_dags/tutorial_taskflow_api_virtualenv.py
[2025-08-14T10:37:26.334+0000] {processor.py:826} INFO - Processing file /home/vscode/.local/lib/python3.10/site-packages/airflow/example_dags/tutorial_taskflow_api_virtualenv.py for tasks to queue
[2025-08-14T10:37:26.334+0000] {logging_mixin.py:150} INFO - [2025-08-14T10:37:26.334+0000] {dagbag.py:541} INFO - Filling up the DagBag from /home/vscode/.local/lib/python3.10/site-packages/airflow/example_dags/tutorial_taskflow_api_virtualenv.py
[2025-08-14T10:37:26.339+0000] {processor.py:836} INFO - DAG(s) dict_keys(['tutorial_taskflow_api_virtualenv']) retrieved from /home/vscode/.local/lib/python3.10/site-packages/airflow/example_dags/tutorial_taskflow_api_virtualenv.py
[2025-08-14T10:37:26.350+0000] {logging_mixin.py:150} INFO - [2025-08-14T10:37:26.350+0000] {dag.py:2742} INFO - Sync 1 DAGs
[2025-08-14T10:37:26.364+0000] {logging_mixin.py:150} INFO - [2025-08-14T10:37:26.364+0000] {dag.py:3504} INFO - Setting next_dagrun for tutorial_taskflow_api_virtualenv to None, run_after=None
[2025-08-14T10:37:26.378+0000] {processor.py:179} INFO - Processing /home/vscode/.local/lib/python3.10/site-packages/airflow/example_dags/tutorial_taskflow_api_virtualenv.py took 0.047 seconds
[2025-08-14T10:37:59.016+0000] {processor.py:157} INFO - Started process (PID=28752) to work on /home/vscode/.local/lib/python3.10/site-packages/airflow/example_dags/tutorial_taskflow_api_virtualenv.py
[2025-08-14T10:37:59.016+0000] {processor.py:826} INFO - Processing file /home/vscode/.local/lib/python3.10/site-packages/airflow/example_dags/tutorial_taskflow_api_virtualenv.py for tasks to queue
[2025-08-14T10:37:59.017+0000] {logging_mixin.py:150} INFO - [2025-08-14T10:37:59.017+0000] {dagbag.py:541} INFO - Filling up the DagBag from /home/vscode/.local/lib/python3.10/site-packages/airflow/example_dags/tutorial_taskflow_api_virtualenv.py
[2025-08-14T10:37:59.022+0000] {processor.py:836} INFO - DAG(s) dict_keys(['tutorial_taskflow_api_virtualenv']) retrieved from /home/vscode/.local/lib/python3.10/site-packages/airflow/example_dags/tutorial_taskflow_api_virtualenv.py
[2025-08-14T10:37:59.033+0000] {logging_mixin.py:150} INFO - [2025-08-14T10:37:59.033+0000] {dag.py:2742} INFO - Sync 1 DAGs
[2025-08-14T10:37:59.047+0000] {logging_mixin.py:150} INFO - [2025-08-14T10:37:59.046+0000] {dag.py:3504} INFO - Setting next_dagrun for tutorial_taskflow_api_virtualenv to None, run_after=None
[2025-08-14T10:37:59.062+0000] {processor.py:179} INFO - Processing /home/vscode/.local/lib/python3.10/site-packages/airflow/example_dags/tutorial_taskflow_api_virtualenv.py took 0.048 seconds
[2025-08-14T10:38:43.288+0000] {processor.py:157} INFO - Started process (PID=29047) to work on /home/vscode/.local/lib/python3.10/site-packages/airflow/example_dags/tutorial_taskflow_api_virtualenv.py
[2025-08-14T10:38:43.288+0000] {processor.py:826} INFO - Processing file /home/vscode/.local/lib/python3.10/site-packages/airflow/example_dags/tutorial_taskflow_api_virtualenv.py for tasks to queue
[2025-08-14T10:38:43.289+0000] {logging_mixin.py:150} INFO - [2025-08-14T10:38:43.289+0000] {dagbag.py:541} INFO - Filling up the DagBag from /home/vscode/.local/lib/python3.10/site-packages/airflow/example_dags/tutorial_taskflow_api_virtualenv.py
[2025-08-14T10:38:43.294+0000] {processor.py:836} INFO - DAG(s) dict_keys(['tutorial_taskflow_api_virtualenv']) retrieved from /home/vscode/.local/lib/python3.10/site-packages/airflow/example_dags/tutorial_taskflow_api_virtualenv.py
[2025-08-14T10:38:43.306+0000] {logging_mixin.py:150} INFO - [2025-08-14T10:38:43.306+0000] {dag.py:2742} INFO - Sync 1 DAGs
[2025-08-14T10:38:43.320+0000] {logging_mixin.py:150} INFO - [2025-08-14T10:38:43.320+0000] {dag.py:3504} INFO - Setting next_dagrun for tutorial_taskflow_api_virtualenv to None, run_after=None
[2025-08-14T10:38:43.336+0000] {processor.py:179} INFO - Processing /home/vscode/.local/lib/python3.10/site-packages/airflow/example_dags/tutorial_taskflow_api_virtualenv.py took 0.050 seconds
[2025-08-14T10:39:17.797+0000] {processor.py:157} INFO - Started process (PID=29277) to work on /home/vscode/.local/lib/python3.10/site-packages/airflow/example_dags/tutorial_taskflow_api_virtualenv.py
[2025-08-14T10:39:17.797+0000] {processor.py:826} INFO - Processing file /home/vscode/.local/lib/python3.10/site-packages/airflow/example_dags/tutorial_taskflow_api_virtualenv.py for tasks to queue
[2025-08-14T10:39:17.798+0000] {logging_mixin.py:150} INFO - [2025-08-14T10:39:17.798+0000] {dagbag.py:541} INFO - Filling up the DagBag from /home/vscode/.local/lib/python3.10/site-packages/airflow/example_dags/tutorial_taskflow_api_virtualenv.py
[2025-08-14T10:39:17.803+0000] {processor.py:836} INFO - DAG(s) dict_keys(['tutorial_taskflow_api_virtualenv']) retrieved from /home/vscode/.local/lib/python3.10/site-packages/airflow/example_dags/tutorial_taskflow_api_virtualenv.py
[2025-08-14T10:39:17.815+0000] {logging_mixin.py:150} INFO - [2025-08-14T10:39:17.815+0000] {dag.py:2742} INFO - Sync 1 DAGs
[2025-08-14T10:39:17.829+0000] {logging_mixin.py:150} INFO - [2025-08-14T10:39:17.829+0000] {dag.py:3504} INFO - Setting next_dagrun for tutorial_taskflow_api_virtualenv to None, run_after=None
[2025-08-14T10:39:17.844+0000] {processor.py:179} INFO - Processing /home/vscode/.local/lib/python3.10/site-packages/airflow/example_dags/tutorial_taskflow_api_virtualenv.py took 0.050 seconds
[2025-08-14T10:40:04.757+0000] {processor.py:157} INFO - Started process (PID=29588) to work on /home/vscode/.local/lib/python3.10/site-packages/airflow/example_dags/tutorial_taskflow_api_virtualenv.py
[2025-08-14T10:40:04.757+0000] {processor.py:826} INFO - Processing file /home/vscode/.local/lib/python3.10/site-packages/airflow/example_dags/tutorial_taskflow_api_virtualenv.py for tasks to queue
[2025-08-14T10:40:04.758+0000] {logging_mixin.py:150} INFO - [2025-08-14T10:40:04.757+0000] {dagbag.py:541} INFO - Filling up the DagBag from /home/vscode/.local/lib/python3.10/site-packages/airflow/example_dags/tutorial_taskflow_api_virtualenv.py
[2025-08-14T10:40:04.763+0000] {processor.py:836} INFO - DAG(s) dict_keys(['tutorial_taskflow_api_virtualenv']) retrieved from /home/vscode/.local/lib/python3.10/site-packages/airflow/example_dags/tutorial_taskflow_api_virtualenv.py
[2025-08-14T10:40:04.774+0000] {logging_mixin.py:150} INFO - [2025-08-14T10:40:04.774+0000] {dag.py:2742} INFO - Sync 1 DAGs
[2025-08-14T10:40:04.788+0000] {logging_mixin.py:150} INFO - [2025-08-14T10:40:04.787+0000] {dag.py:3504} INFO - Setting next_dagrun for tutorial_taskflow_api_virtualenv to None, run_after=None
[2025-08-14T10:40:04.802+0000] {processor.py:179} INFO - Processing /home/vscode/.local/lib/python3.10/site-packages/airflow/example_dags/tutorial_taskflow_api_virtualenv.py took 0.048 seconds
[2025-08-14T10:40:37.621+0000] {processor.py:157} INFO - Started process (PID=29806) to work on /home/vscode/.local/lib/python3.10/site-packages/airflow/example_dags/tutorial_taskflow_api_virtualenv.py
[2025-08-14T10:40:37.621+0000] {processor.py:826} INFO - Processing file /home/vscode/.local/lib/python3.10/site-packages/airflow/example_dags/tutorial_taskflow_api_virtualenv.py for tasks to queue
[2025-08-14T10:40:37.622+0000] {logging_mixin.py:150} INFO - [2025-08-14T10:40:37.622+0000] {dagbag.py:541} INFO - Filling up the DagBag from /home/vscode/.local/lib/python3.10/site-packages/airflow/example_dags/tutorial_taskflow_api_virtualenv.py
[2025-08-14T10:40:37.627+0000] {processor.py:836} INFO - DAG(s) dict_keys(['tutorial_taskflow_api_virtualenv']) retrieved from /home/vscode/.local/lib/python3.10/site-packages/airflow/example_dags/tutorial_taskflow_api_virtualenv.py
[2025-08-14T10:40:37.639+0000] {logging_mixin.py:150} INFO - [2025-08-14T10:40:37.639+0000] {dag.py:2742} INFO - Sync 1 DAGs
[2025-08-14T10:40:37.653+0000] {logging_mixin.py:150} INFO - [2025-08-14T10:40:37.653+0000] {dag.py:3504} INFO - Setting next_dagrun for tutorial_taskflow_api_virtualenv to None, run_after=None
[2025-08-14T10:40:37.668+0000] {processor.py:179} INFO - Processing /home/vscode/.local/lib/python3.10/site-packages/airflow/example_dags/tutorial_taskflow_api_virtualenv.py took 0.050 seconds
[2025-08-14T10:41:12.527+0000] {processor.py:157} INFO - Started process (PID=30037) to work on /home/vscode/.local/lib/python3.10/site-packages/airflow/example_dags/tutorial_taskflow_api_virtualenv.py
[2025-08-14T10:41:12.527+0000] {processor.py:826} INFO - Processing file /home/vscode/.local/lib/python3.10/site-packages/airflow/example_dags/tutorial_taskflow_api_virtualenv.py for tasks to queue
[2025-08-14T10:41:12.528+0000] {logging_mixin.py:150} INFO - [2025-08-14T10:41:12.528+0000] {dagbag.py:541} INFO - Filling up the DagBag from /home/vscode/.local/lib/python3.10/site-packages/airflow/example_dags/tutorial_taskflow_api_virtualenv.py
[2025-08-14T10:41:12.533+0000] {processor.py:836} INFO - DAG(s) dict_keys(['tutorial_taskflow_api_virtualenv']) retrieved from /home/vscode/.local/lib/python3.10/site-packages/airflow/example_dags/tutorial_taskflow_api_virtualenv.py
[2025-08-14T10:41:12.545+0000] {logging_mixin.py:150} INFO - [2025-08-14T10:41:12.544+0000] {dag.py:2742} INFO - Sync 1 DAGs
[2025-08-14T10:41:12.558+0000] {logging_mixin.py:150} INFO - [2025-08-14T10:41:12.558+0000] {dag.py:3504} INFO - Setting next_dagrun for tutorial_taskflow_api_virtualenv to None, run_after=None
[2025-08-14T10:41:12.574+0000] {processor.py:179} INFO - Processing /home/vscode/.local/lib/python3.10/site-packages/airflow/example_dags/tutorial_taskflow_api_virtualenv.py took 0.049 seconds
[2025-08-14T10:41:59.482+0000] {processor.py:157} INFO - Started process (PID=30347) to work on /home/vscode/.local/lib/python3.10/site-packages/airflow/example_dags/tutorial_taskflow_api_virtualenv.py
[2025-08-14T10:41:59.483+0000] {processor.py:826} INFO - Processing file /home/vscode/.local/lib/python3.10/site-packages/airflow/example_dags/tutorial_taskflow_api_virtualenv.py for tasks to queue
[2025-08-14T10:41:59.484+0000] {logging_mixin.py:150} INFO - [2025-08-14T10:41:59.483+0000] {dagbag.py:541} INFO - Filling up the DagBag from /home/vscode/.local/lib/python3.10/site-packages/airflow/example_dags/tutorial_taskflow_api_virtualenv.py
[2025-08-14T10:41:59.489+0000] {processor.py:836} INFO - DAG(s) dict_keys(['tutorial_taskflow_api_virtualenv']) retrieved from /home/vscode/.local/lib/python3.10/site-packages/airflow/example_dags/tutorial_taskflow_api_virtualenv.py
[2025-08-14T10:41:59.500+0000] {logging_mixin.py:150} INFO - [2025-08-14T10:41:59.500+0000] {dag.py:2742} INFO - Sync 1 DAGs
[2025-08-14T10:41:59.516+0000] {logging_mixin.py:150} INFO - [2025-08-14T10:41:59.516+0000] {dag.py:3504} INFO - Setting next_dagrun for tutorial_taskflow_api_virtualenv to None, run_after=None
[2025-08-14T10:41:59.532+0000] {processor.py:179} INFO - Processing /home/vscode/.local/lib/python3.10/site-packages/airflow/example_dags/tutorial_taskflow_api_virtualenv.py took 0.052 seconds
[2025-08-14T10:42:45.762+0000] {processor.py:157} INFO - Started process (PID=30665) to work on /home/vscode/.local/lib/python3.10/site-packages/airflow/example_dags/tutorial_taskflow_api_virtualenv.py
[2025-08-14T10:42:45.762+0000] {processor.py:826} INFO - Processing file /home/vscode/.local/lib/python3.10/site-packages/airflow/example_dags/tutorial_taskflow_api_virtualenv.py for tasks to queue
[2025-08-14T10:42:45.763+0000] {logging_mixin.py:150} INFO - [2025-08-14T10:42:45.763+0000] {dagbag.py:541} INFO - Filling up the DagBag from /home/vscode/.local/lib/python3.10/site-packages/airflow/example_dags/tutorial_taskflow_api_virtualenv.py
[2025-08-14T10:42:45.768+0000] {processor.py:836} INFO - DAG(s) dict_keys(['tutorial_taskflow_api_virtualenv']) retrieved from /home/vscode/.local/lib/python3.10/site-packages/airflow/example_dags/tutorial_taskflow_api_virtualenv.py
[2025-08-14T10:42:45.781+0000] {logging_mixin.py:150} INFO - [2025-08-14T10:42:45.780+0000] {dag.py:2742} INFO - Sync 1 DAGs
[2025-08-14T10:42:45.797+0000] {logging_mixin.py:150} INFO - [2025-08-14T10:42:45.797+0000] {dag.py:3504} INFO - Setting next_dagrun for tutorial_taskflow_api_virtualenv to None, run_after=None
[2025-08-14T10:42:45.813+0000] {processor.py:179} INFO - Processing /home/vscode/.local/lib/python3.10/site-packages/airflow/example_dags/tutorial_taskflow_api_virtualenv.py took 0.054 seconds
[2025-08-14T10:43:35.244+0000] {processor.py:157} INFO - Started process (PID=30990) to work on /home/vscode/.local/lib/python3.10/site-packages/airflow/example_dags/tutorial_taskflow_api_virtualenv.py
[2025-08-14T10:43:35.245+0000] {processor.py:826} INFO - Processing file /home/vscode/.local/lib/python3.10/site-packages/airflow/example_dags/tutorial_taskflow_api_virtualenv.py for tasks to queue
[2025-08-14T10:43:35.246+0000] {logging_mixin.py:150} INFO - [2025-08-14T10:43:35.245+0000] {dagbag.py:541} INFO - Filling up the DagBag from /home/vscode/.local/lib/python3.10/site-packages/airflow/example_dags/tutorial_taskflow_api_virtualenv.py
[2025-08-14T10:43:35.250+0000] {processor.py:836} INFO - DAG(s) dict_keys(['tutorial_taskflow_api_virtualenv']) retrieved from /home/vscode/.local/lib/python3.10/site-packages/airflow/example_dags/tutorial_taskflow_api_virtualenv.py
[2025-08-14T10:43:35.262+0000] {logging_mixin.py:150} INFO - [2025-08-14T10:43:35.262+0000] {dag.py:2742} INFO - Sync 1 DAGs
[2025-08-14T10:43:35.276+0000] {logging_mixin.py:150} INFO - [2025-08-14T10:43:35.276+0000] {dag.py:3504} INFO - Setting next_dagrun for tutorial_taskflow_api_virtualenv to None, run_after=None
[2025-08-14T10:43:35.292+0000] {processor.py:179} INFO - Processing /home/vscode/.local/lib/python3.10/site-packages/airflow/example_dags/tutorial_taskflow_api_virtualenv.py took 0.050 seconds
[2025-08-14T10:44:19.191+0000] {processor.py:157} INFO - Started process (PID=31279) to work on /home/vscode/.local/lib/python3.10/site-packages/airflow/example_dags/tutorial_taskflow_api_virtualenv.py
[2025-08-14T10:44:19.192+0000] {processor.py:826} INFO - Processing file /home/vscode/.local/lib/python3.10/site-packages/airflow/example_dags/tutorial_taskflow_api_virtualenv.py for tasks to queue
[2025-08-14T10:44:19.193+0000] {logging_mixin.py:150} INFO - [2025-08-14T10:44:19.192+0000] {dagbag.py:541} INFO - Filling up the DagBag from /home/vscode/.local/lib/python3.10/site-packages/airflow/example_dags/tutorial_taskflow_api_virtualenv.py
[2025-08-14T10:44:19.198+0000] {processor.py:836} INFO - DAG(s) dict_keys(['tutorial_taskflow_api_virtualenv']) retrieved from /home/vscode/.local/lib/python3.10/site-packages/airflow/example_dags/tutorial_taskflow_api_virtualenv.py
[2025-08-14T10:44:19.209+0000] {logging_mixin.py:150} INFO - [2025-08-14T10:44:19.209+0000] {dag.py:2742} INFO - Sync 1 DAGs
[2025-08-14T10:44:19.222+0000] {logging_mixin.py:150} INFO - [2025-08-14T10:44:19.222+0000] {dag.py:3504} INFO - Setting next_dagrun for tutorial_taskflow_api_virtualenv to None, run_after=None
[2025-08-14T10:44:19.237+0000] {processor.py:179} INFO - Processing /home/vscode/.local/lib/python3.10/site-packages/airflow/example_dags/tutorial_taskflow_api_virtualenv.py took 0.048 seconds
[2025-08-14T10:44:54.033+0000] {processor.py:157} INFO - Started process (PID=31511) to work on /home/vscode/.local/lib/python3.10/site-packages/airflow/example_dags/tutorial_taskflow_api_virtualenv.py
[2025-08-14T10:44:54.034+0000] {processor.py:826} INFO - Processing file /home/vscode/.local/lib/python3.10/site-packages/airflow/example_dags/tutorial_taskflow_api_virtualenv.py for tasks to queue
[2025-08-14T10:44:54.035+0000] {logging_mixin.py:150} INFO - [2025-08-14T10:44:54.034+0000] {dagbag.py:541} INFO - Filling up the DagBag from /home/vscode/.local/lib/python3.10/site-packages/airflow/example_dags/tutorial_taskflow_api_virtualenv.py
[2025-08-14T10:44:54.040+0000] {processor.py:836} INFO - DAG(s) dict_keys(['tutorial_taskflow_api_virtualenv']) retrieved from /home/vscode/.local/lib/python3.10/site-packages/airflow/example_dags/tutorial_taskflow_api_virtualenv.py
[2025-08-14T10:44:54.051+0000] {logging_mixin.py:150} INFO - [2025-08-14T10:44:54.051+0000] {dag.py:2742} INFO - Sync 1 DAGs
[2025-08-14T10:44:54.065+0000] {logging_mixin.py:150} INFO - [2025-08-14T10:44:54.065+0000] {dag.py:3504} INFO - Setting next_dagrun for tutorial_taskflow_api_virtualenv to None, run_after=None
[2025-08-14T10:44:54.080+0000] {processor.py:179} INFO - Processing /home/vscode/.local/lib/python3.10/site-packages/airflow/example_dags/tutorial_taskflow_api_virtualenv.py took 0.050 seconds
[2025-08-14T10:45:41.370+0000] {processor.py:157} INFO - Started process (PID=31828) to work on /home/vscode/.local/lib/python3.10/site-packages/airflow/example_dags/tutorial_taskflow_api_virtualenv.py
[2025-08-14T10:45:41.371+0000] {processor.py:826} INFO - Processing file /home/vscode/.local/lib/python3.10/site-packages/airflow/example_dags/tutorial_taskflow_api_virtualenv.py for tasks to queue
[2025-08-14T10:45:41.371+0000] {logging_mixin.py:150} INFO - [2025-08-14T10:45:41.371+0000] {dagbag.py:541} INFO - Filling up the DagBag from /home/vscode/.local/lib/python3.10/site-packages/airflow/example_dags/tutorial_taskflow_api_virtualenv.py
[2025-08-14T10:45:41.377+0000] {processor.py:836} INFO - DAG(s) dict_keys(['tutorial_taskflow_api_virtualenv']) retrieved from /home/vscode/.local/lib/python3.10/site-packages/airflow/example_dags/tutorial_taskflow_api_virtualenv.py
[2025-08-14T10:45:41.389+0000] {logging_mixin.py:150} INFO - [2025-08-14T10:45:41.389+0000] {dag.py:2742} INFO - Sync 1 DAGs
[2025-08-14T10:45:41.405+0000] {logging_mixin.py:150} INFO - [2025-08-14T10:45:41.404+0000] {dag.py:3504} INFO - Setting next_dagrun for tutorial_taskflow_api_virtualenv to None, run_after=None
[2025-08-14T10:45:41.420+0000] {processor.py:179} INFO - Processing /home/vscode/.local/lib/python3.10/site-packages/airflow/example_dags/tutorial_taskflow_api_virtualenv.py took 0.052 seconds
[2025-08-14T10:46:23.186+0000] {processor.py:157} INFO - Started process (PID=32107) to work on /home/vscode/.local/lib/python3.10/site-packages/airflow/example_dags/tutorial_taskflow_api_virtualenv.py
[2025-08-14T10:46:23.186+0000] {processor.py:826} INFO - Processing file /home/vscode/.local/lib/python3.10/site-packages/airflow/example_dags/tutorial_taskflow_api_virtualenv.py for tasks to queue
[2025-08-14T10:46:23.187+0000] {logging_mixin.py:150} INFO - [2025-08-14T10:46:23.187+0000] {dagbag.py:541} INFO - Filling up the DagBag from /home/vscode/.local/lib/python3.10/site-packages/airflow/example_dags/tutorial_taskflow_api_virtualenv.py
[2025-08-14T10:46:23.192+0000] {processor.py:836} INFO - DAG(s) dict_keys(['tutorial_taskflow_api_virtualenv']) retrieved from /home/vscode/.local/lib/python3.10/site-packages/airflow/example_dags/tutorial_taskflow_api_virtualenv.py
[2025-08-14T10:46:23.203+0000] {logging_mixin.py:150} INFO - [2025-08-14T10:46:23.203+0000] {dag.py:2742} INFO - Sync 1 DAGs
[2025-08-14T10:46:23.216+0000] {logging_mixin.py:150} INFO - [2025-08-14T10:46:23.216+0000] {dag.py:3504} INFO - Setting next_dagrun for tutorial_taskflow_api_virtualenv to None, run_after=None
[2025-08-14T10:46:23.231+0000] {processor.py:179} INFO - Processing /home/vscode/.local/lib/python3.10/site-packages/airflow/example_dags/tutorial_taskflow_api_virtualenv.py took 0.047 seconds
[2025-08-14T10:46:57.113+0000] {processor.py:157} INFO - Started process (PID=32338) to work on /home/vscode/.local/lib/python3.10/site-packages/airflow/example_dags/tutorial_taskflow_api_virtualenv.py
[2025-08-14T10:46:57.113+0000] {processor.py:826} INFO - Processing file /home/vscode/.local/lib/python3.10/site-packages/airflow/example_dags/tutorial_taskflow_api_virtualenv.py for tasks to queue
[2025-08-14T10:46:57.114+0000] {logging_mixin.py:150} INFO - [2025-08-14T10:46:57.114+0000] {dagbag.py:541} INFO - Filling up the DagBag from /home/vscode/.local/lib/python3.10/site-packages/airflow/example_dags/tutorial_taskflow_api_virtualenv.py
[2025-08-14T10:46:57.119+0000] {processor.py:836} INFO - DAG(s) dict_keys(['tutorial_taskflow_api_virtualenv']) retrieved from /home/vscode/.local/lib/python3.10/site-packages/airflow/example_dags/tutorial_taskflow_api_virtualenv.py
[2025-08-14T10:46:57.131+0000] {logging_mixin.py:150} INFO - [2025-08-14T10:46:57.131+0000] {dag.py:2742} INFO - Sync 1 DAGs
[2025-08-14T10:46:57.145+0000] {logging_mixin.py:150} INFO - [2025-08-14T10:46:57.145+0000] {dag.py:3504} INFO - Setting next_dagrun for tutorial_taskflow_api_virtualenv to None, run_after=None
[2025-08-14T10:46:57.161+0000] {processor.py:179} INFO - Processing /home/vscode/.local/lib/python3.10/site-packages/airflow/example_dags/tutorial_taskflow_api_virtualenv.py took 0.051 seconds
[2025-08-14T10:47:40.453+0000] {processor.py:157} INFO - Started process (PID=32625) to work on /home/vscode/.local/lib/python3.10/site-packages/airflow/example_dags/tutorial_taskflow_api_virtualenv.py
[2025-08-14T10:47:40.454+0000] {processor.py:826} INFO - Processing file /home/vscode/.local/lib/python3.10/site-packages/airflow/example_dags/tutorial_taskflow_api_virtualenv.py for tasks to queue
[2025-08-14T10:47:40.454+0000] {logging_mixin.py:150} INFO - [2025-08-14T10:47:40.454+0000] {dagbag.py:541} INFO - Filling up the DagBag from /home/vscode/.local/lib/python3.10/site-packages/airflow/example_dags/tutorial_taskflow_api_virtualenv.py
[2025-08-14T10:47:40.459+0000] {processor.py:836} INFO - DAG(s) dict_keys(['tutorial_taskflow_api_virtualenv']) retrieved from /home/vscode/.local/lib/python3.10/site-packages/airflow/example_dags/tutorial_taskflow_api_virtualenv.py
[2025-08-14T10:47:40.470+0000] {logging_mixin.py:150} INFO - [2025-08-14T10:47:40.470+0000] {dag.py:2742} INFO - Sync 1 DAGs
[2025-08-14T10:47:40.484+0000] {logging_mixin.py:150} INFO - [2025-08-14T10:47:40.484+0000] {dag.py:3504} INFO - Setting next_dagrun for tutorial_taskflow_api_virtualenv to None, run_after=None
[2025-08-14T10:47:40.499+0000] {processor.py:179} INFO - Processing /home/vscode/.local/lib/python3.10/site-packages/airflow/example_dags/tutorial_taskflow_api_virtualenv.py took 0.048 seconds
[2025-08-14T10:48:20.442+0000] {processor.py:157} INFO - Started process (PID=32893) to work on /home/vscode/.local/lib/python3.10/site-packages/airflow/example_dags/tutorial_taskflow_api_virtualenv.py
[2025-08-14T10:48:20.443+0000] {processor.py:826} INFO - Processing file /home/vscode/.local/lib/python3.10/site-packages/airflow/example_dags/tutorial_taskflow_api_virtualenv.py for tasks to queue
[2025-08-14T10:48:20.443+0000] {logging_mixin.py:150} INFO - [2025-08-14T10:48:20.443+0000] {dagbag.py:541} INFO - Filling up the DagBag from /home/vscode/.local/lib/python3.10/site-packages/airflow/example_dags/tutorial_taskflow_api_virtualenv.py
[2025-08-14T10:48:20.449+0000] {processor.py:836} INFO - DAG(s) dict_keys(['tutorial_taskflow_api_virtualenv']) retrieved from /home/vscode/.local/lib/python3.10/site-packages/airflow/example_dags/tutorial_taskflow_api_virtualenv.py
[2025-08-14T10:48:20.460+0000] {logging_mixin.py:150} INFO - [2025-08-14T10:48:20.460+0000] {dag.py:2742} INFO - Sync 1 DAGs
[2025-08-14T10:48:20.474+0000] {logging_mixin.py:150} INFO - [2025-08-14T10:48:20.474+0000] {dag.py:3504} INFO - Setting next_dagrun for tutorial_taskflow_api_virtualenv to None, run_after=None
[2025-08-14T10:48:20.490+0000] {processor.py:179} INFO - Processing /home/vscode/.local/lib/python3.10/site-packages/airflow/example_dags/tutorial_taskflow_api_virtualenv.py took 0.050 seconds
[2025-08-14T10:49:05.653+0000] {processor.py:157} INFO - Started process (PID=33190) to work on /home/vscode/.local/lib/python3.10/site-packages/airflow/example_dags/tutorial_taskflow_api_virtualenv.py
[2025-08-14T10:49:05.653+0000] {processor.py:826} INFO - Processing file /home/vscode/.local/lib/python3.10/site-packages/airflow/example_dags/tutorial_taskflow_api_virtualenv.py for tasks to queue
[2025-08-14T10:49:05.654+0000] {logging_mixin.py:150} INFO - [2025-08-14T10:49:05.654+0000] {dagbag.py:541} INFO - Filling up the DagBag from /home/vscode/.local/lib/python3.10/site-packages/airflow/example_dags/tutorial_taskflow_api_virtualenv.py
[2025-08-14T10:49:05.659+0000] {processor.py:836} INFO - DAG(s) dict_keys(['tutorial_taskflow_api_virtualenv']) retrieved from /home/vscode/.local/lib/python3.10/site-packages/airflow/example_dags/tutorial_taskflow_api_virtualenv.py
[2025-08-14T10:49:05.670+0000] {logging_mixin.py:150} INFO - [2025-08-14T10:49:05.670+0000] {dag.py:2742} INFO - Sync 1 DAGs
[2025-08-14T10:49:05.684+0000] {logging_mixin.py:150} INFO - [2025-08-14T10:49:05.684+0000] {dag.py:3504} INFO - Setting next_dagrun for tutorial_taskflow_api_virtualenv to None, run_after=None
[2025-08-14T10:49:05.699+0000] {processor.py:179} INFO - Processing /home/vscode/.local/lib/python3.10/site-packages/airflow/example_dags/tutorial_taskflow_api_virtualenv.py took 0.049 seconds
[2025-08-14T10:49:51.791+0000] {processor.py:157} INFO - Started process (PID=33506) to work on /home/vscode/.local/lib/python3.10/site-packages/airflow/example_dags/tutorial_taskflow_api_virtualenv.py
[2025-08-14T10:49:51.791+0000] {processor.py:826} INFO - Processing file /home/vscode/.local/lib/python3.10/site-packages/airflow/example_dags/tutorial_taskflow_api_virtualenv.py for tasks to queue
[2025-08-14T10:49:51.792+0000] {logging_mixin.py:150} INFO - [2025-08-14T10:49:51.792+0000] {dagbag.py:541} INFO - Filling up the DagBag from /home/vscode/.local/lib/python3.10/site-packages/airflow/example_dags/tutorial_taskflow_api_virtualenv.py
[2025-08-14T10:49:51.798+0000] {processor.py:836} INFO - DAG(s) dict_keys(['tutorial_taskflow_api_virtualenv']) retrieved from /home/vscode/.local/lib/python3.10/site-packages/airflow/example_dags/tutorial_taskflow_api_virtualenv.py
[2025-08-14T10:49:51.810+0000] {logging_mixin.py:150} INFO - [2025-08-14T10:49:51.810+0000] {dag.py:2742} INFO - Sync 1 DAGs
[2025-08-14T10:49:51.835+0000] {logging_mixin.py:150} INFO - [2025-08-14T10:49:51.835+0000] {dag.py:3504} INFO - Setting next_dagrun for tutorial_taskflow_api_virtualenv to None, run_after=None
[2025-08-14T10:49:51.859+0000] {processor.py:179} INFO - Processing /home/vscode/.local/lib/python3.10/site-packages/airflow/example_dags/tutorial_taskflow_api_virtualenv.py took 0.070 seconds
[2025-08-14T10:50:27.554+0000] {processor.py:157} INFO - Started process (PID=33739) to work on /home/vscode/.local/lib/python3.10/site-packages/airflow/example_dags/tutorial_taskflow_api_virtualenv.py
[2025-08-14T10:50:27.555+0000] {processor.py:826} INFO - Processing file /home/vscode/.local/lib/python3.10/site-packages/airflow/example_dags/tutorial_taskflow_api_virtualenv.py for tasks to queue
[2025-08-14T10:50:27.555+0000] {logging_mixin.py:150} INFO - [2025-08-14T10:50:27.555+0000] {dagbag.py:541} INFO - Filling up the DagBag from /home/vscode/.local/lib/python3.10/site-packages/airflow/example_dags/tutorial_taskflow_api_virtualenv.py
[2025-08-14T10:50:27.560+0000] {processor.py:836} INFO - DAG(s) dict_keys(['tutorial_taskflow_api_virtualenv']) retrieved from /home/vscode/.local/lib/python3.10/site-packages/airflow/example_dags/tutorial_taskflow_api_virtualenv.py
[2025-08-14T10:50:27.571+0000] {logging_mixin.py:150} INFO - [2025-08-14T10:50:27.571+0000] {dag.py:2742} INFO - Sync 1 DAGs
[2025-08-14T10:50:27.585+0000] {logging_mixin.py:150} INFO - [2025-08-14T10:50:27.585+0000] {dag.py:3504} INFO - Setting next_dagrun for tutorial_taskflow_api_virtualenv to None, run_after=None
[2025-08-14T10:50:27.599+0000] {processor.py:179} INFO - Processing /home/vscode/.local/lib/python3.10/site-packages/airflow/example_dags/tutorial_taskflow_api_virtualenv.py took 0.048 seconds
[2025-08-14T10:51:12.263+0000] {processor.py:157} INFO - Started process (PID=34035) to work on /home/vscode/.local/lib/python3.10/site-packages/airflow/example_dags/tutorial_taskflow_api_virtualenv.py
[2025-08-14T10:51:12.263+0000] {processor.py:826} INFO - Processing file /home/vscode/.local/lib/python3.10/site-packages/airflow/example_dags/tutorial_taskflow_api_virtualenv.py for tasks to queue
[2025-08-14T10:51:12.264+0000] {logging_mixin.py:150} INFO - [2025-08-14T10:51:12.264+0000] {dagbag.py:541} INFO - Filling up the DagBag from /home/vscode/.local/lib/python3.10/site-packages/airflow/example_dags/tutorial_taskflow_api_virtualenv.py
[2025-08-14T10:51:12.269+0000] {processor.py:836} INFO - DAG(s) dict_keys(['tutorial_taskflow_api_virtualenv']) retrieved from /home/vscode/.local/lib/python3.10/site-packages/airflow/example_dags/tutorial_taskflow_api_virtualenv.py
[2025-08-14T10:51:12.280+0000] {logging_mixin.py:150} INFO - [2025-08-14T10:51:12.280+0000] {dag.py:2742} INFO - Sync 1 DAGs
[2025-08-14T10:51:12.294+0000] {logging_mixin.py:150} INFO - [2025-08-14T10:51:12.294+0000] {dag.py:3504} INFO - Setting next_dagrun for tutorial_taskflow_api_virtualenv to None, run_after=None
[2025-08-14T10:51:12.309+0000] {processor.py:179} INFO - Processing /home/vscode/.local/lib/python3.10/site-packages/airflow/example_dags/tutorial_taskflow_api_virtualenv.py took 0.048 seconds
[2025-08-14T10:51:46.342+0000] {processor.py:157} INFO - Started process (PID=34265) to work on /home/vscode/.local/lib/python3.10/site-packages/airflow/example_dags/tutorial_taskflow_api_virtualenv.py
[2025-08-14T10:51:46.342+0000] {processor.py:826} INFO - Processing file /home/vscode/.local/lib/python3.10/site-packages/airflow/example_dags/tutorial_taskflow_api_virtualenv.py for tasks to queue
[2025-08-14T10:51:46.343+0000] {logging_mixin.py:150} INFO - [2025-08-14T10:51:46.343+0000] {dagbag.py:541} INFO - Filling up the DagBag from /home/vscode/.local/lib/python3.10/site-packages/airflow/example_dags/tutorial_taskflow_api_virtualenv.py
[2025-08-14T10:51:46.348+0000] {processor.py:836} INFO - DAG(s) dict_keys(['tutorial_taskflow_api_virtualenv']) retrieved from /home/vscode/.local/lib/python3.10/site-packages/airflow/example_dags/tutorial_taskflow_api_virtualenv.py
[2025-08-14T10:51:46.359+0000] {logging_mixin.py:150} INFO - [2025-08-14T10:51:46.359+0000] {dag.py:2742} INFO - Sync 1 DAGs
[2025-08-14T10:51:46.373+0000] {logging_mixin.py:150} INFO - [2025-08-14T10:51:46.372+0000] {dag.py:3504} INFO - Setting next_dagrun for tutorial_taskflow_api_virtualenv to None, run_after=None
[2025-08-14T10:51:46.388+0000] {processor.py:179} INFO - Processing /home/vscode/.local/lib/python3.10/site-packages/airflow/example_dags/tutorial_taskflow_api_virtualenv.py took 0.048 seconds
[2025-08-14T10:52:32.008+0000] {processor.py:157} INFO - Started process (PID=34568) to work on /home/vscode/.local/lib/python3.10/site-packages/airflow/example_dags/tutorial_taskflow_api_virtualenv.py
[2025-08-14T10:52:32.008+0000] {processor.py:826} INFO - Processing file /home/vscode/.local/lib/python3.10/site-packages/airflow/example_dags/tutorial_taskflow_api_virtualenv.py for tasks to queue
[2025-08-14T10:52:32.009+0000] {logging_mixin.py:150} INFO - [2025-08-14T10:52:32.009+0000] {dagbag.py:541} INFO - Filling up the DagBag from /home/vscode/.local/lib/python3.10/site-packages/airflow/example_dags/tutorial_taskflow_api_virtualenv.py
[2025-08-14T10:52:32.014+0000] {processor.py:836} INFO - DAG(s) dict_keys(['tutorial_taskflow_api_virtualenv']) retrieved from /home/vscode/.local/lib/python3.10/site-packages/airflow/example_dags/tutorial_taskflow_api_virtualenv.py
[2025-08-14T10:52:32.025+0000] {logging_mixin.py:150} INFO - [2025-08-14T10:52:32.025+0000] {dag.py:2742} INFO - Sync 1 DAGs
[2025-08-14T10:52:32.039+0000] {logging_mixin.py:150} INFO - [2025-08-14T10:52:32.039+0000] {dag.py:3504} INFO - Setting next_dagrun for tutorial_taskflow_api_virtualenv to None, run_after=None
[2025-08-14T10:52:32.053+0000] {processor.py:179} INFO - Processing /home/vscode/.local/lib/python3.10/site-packages/airflow/example_dags/tutorial_taskflow_api_virtualenv.py took 0.048 seconds
[2025-08-14T10:53:18.681+0000] {processor.py:157} INFO - Started process (PID=34885) to work on /home/vscode/.local/lib/python3.10/site-packages/airflow/example_dags/tutorial_taskflow_api_virtualenv.py
[2025-08-14T10:53:18.681+0000] {processor.py:826} INFO - Processing file /home/vscode/.local/lib/python3.10/site-packages/airflow/example_dags/tutorial_taskflow_api_virtualenv.py for tasks to queue
[2025-08-14T10:53:18.682+0000] {logging_mixin.py:150} INFO - [2025-08-14T10:53:18.682+0000] {dagbag.py:541} INFO - Filling up the DagBag from /home/vscode/.local/lib/python3.10/site-packages/airflow/example_dags/tutorial_taskflow_api_virtualenv.py
[2025-08-14T10:53:18.687+0000] {processor.py:836} INFO - DAG(s) dict_keys(['tutorial_taskflow_api_virtualenv']) retrieved from /home/vscode/.local/lib/python3.10/site-packages/airflow/example_dags/tutorial_taskflow_api_virtualenv.py
[2025-08-14T10:53:18.702+0000] {logging_mixin.py:150} INFO - [2025-08-14T10:53:18.702+0000] {dag.py:2742} INFO - Sync 1 DAGs
[2025-08-14T10:53:18.716+0000] {logging_mixin.py:150} INFO - [2025-08-14T10:53:18.716+0000] {dag.py:3504} INFO - Setting next_dagrun for tutorial_taskflow_api_virtualenv to None, run_after=None
[2025-08-14T10:53:18.731+0000] {processor.py:179} INFO - Processing /home/vscode/.local/lib/python3.10/site-packages/airflow/example_dags/tutorial_taskflow_api_virtualenv.py took 0.052 seconds
[2025-08-14T10:53:59.362+0000] {processor.py:157} INFO - Started process (PID=36454) to work on /home/vscode/.local/lib/python3.10/site-packages/airflow/example_dags/tutorial_taskflow_api_virtualenv.py
[2025-08-14T10:53:59.363+0000] {processor.py:826} INFO - Processing file /home/vscode/.local/lib/python3.10/site-packages/airflow/example_dags/tutorial_taskflow_api_virtualenv.py for tasks to queue
[2025-08-14T10:53:59.363+0000] {logging_mixin.py:150} INFO - [2025-08-14T10:53:59.363+0000] {dagbag.py:541} INFO - Filling up the DagBag from /home/vscode/.local/lib/python3.10/site-packages/airflow/example_dags/tutorial_taskflow_api_virtualenv.py
[2025-08-14T10:53:59.369+0000] {processor.py:836} INFO - DAG(s) dict_keys(['tutorial_taskflow_api_virtualenv']) retrieved from /home/vscode/.local/lib/python3.10/site-packages/airflow/example_dags/tutorial_taskflow_api_virtualenv.py
[2025-08-14T10:53:59.381+0000] {logging_mixin.py:150} INFO - [2025-08-14T10:53:59.381+0000] {dag.py:2742} INFO - Sync 1 DAGs
[2025-08-14T10:53:59.396+0000] {logging_mixin.py:150} INFO - [2025-08-14T10:53:59.396+0000] {dag.py:3504} INFO - Setting next_dagrun for tutorial_taskflow_api_virtualenv to None, run_after=None
[2025-08-14T10:53:59.412+0000] {processor.py:179} INFO - Processing /home/vscode/.local/lib/python3.10/site-packages/airflow/example_dags/tutorial_taskflow_api_virtualenv.py took 0.053 seconds
[2025-08-14T10:54:37.813+0000] {processor.py:157} INFO - Started process (PID=36984) to work on /home/vscode/.local/lib/python3.10/site-packages/airflow/example_dags/tutorial_taskflow_api_virtualenv.py
[2025-08-14T10:54:37.814+0000] {processor.py:826} INFO - Processing file /home/vscode/.local/lib/python3.10/site-packages/airflow/example_dags/tutorial_taskflow_api_virtualenv.py for tasks to queue
[2025-08-14T10:54:37.814+0000] {logging_mixin.py:150} INFO - [2025-08-14T10:54:37.814+0000] {dagbag.py:541} INFO - Filling up the DagBag from /home/vscode/.local/lib/python3.10/site-packages/airflow/example_dags/tutorial_taskflow_api_virtualenv.py
[2025-08-14T10:54:37.820+0000] {processor.py:836} INFO - DAG(s) dict_keys(['tutorial_taskflow_api_virtualenv']) retrieved from /home/vscode/.local/lib/python3.10/site-packages/airflow/example_dags/tutorial_taskflow_api_virtualenv.py
[2025-08-14T10:54:37.833+0000] {logging_mixin.py:150} INFO - [2025-08-14T10:54:37.832+0000] {dag.py:2742} INFO - Sync 1 DAGs
[2025-08-14T10:54:37.850+0000] {logging_mixin.py:150} INFO - [2025-08-14T10:54:37.850+0000] {dag.py:3504} INFO - Setting next_dagrun for tutorial_taskflow_api_virtualenv to None, run_after=None
[2025-08-14T10:54:37.875+0000] {processor.py:179} INFO - Processing /home/vscode/.local/lib/python3.10/site-packages/airflow/example_dags/tutorial_taskflow_api_virtualenv.py took 0.064 seconds
[2025-08-14T10:55:20.754+0000] {processor.py:157} INFO - Started process (PID=37530) to work on /home/vscode/.local/lib/python3.10/site-packages/airflow/example_dags/tutorial_taskflow_api_virtualenv.py
[2025-08-14T10:55:20.755+0000] {processor.py:826} INFO - Processing file /home/vscode/.local/lib/python3.10/site-packages/airflow/example_dags/tutorial_taskflow_api_virtualenv.py for tasks to queue
[2025-08-14T10:55:20.755+0000] {logging_mixin.py:150} INFO - [2025-08-14T10:55:20.755+0000] {dagbag.py:541} INFO - Filling up the DagBag from /home/vscode/.local/lib/python3.10/site-packages/airflow/example_dags/tutorial_taskflow_api_virtualenv.py
[2025-08-14T10:55:20.761+0000] {processor.py:836} INFO - DAG(s) dict_keys(['tutorial_taskflow_api_virtualenv']) retrieved from /home/vscode/.local/lib/python3.10/site-packages/airflow/example_dags/tutorial_taskflow_api_virtualenv.py
[2025-08-14T10:55:20.772+0000] {logging_mixin.py:150} INFO - [2025-08-14T10:55:20.772+0000] {dag.py:2742} INFO - Sync 1 DAGs
[2025-08-14T10:55:20.787+0000] {logging_mixin.py:150} INFO - [2025-08-14T10:55:20.787+0000] {dag.py:3504} INFO - Setting next_dagrun for tutorial_taskflow_api_virtualenv to None, run_after=None
[2025-08-14T10:55:20.805+0000] {processor.py:179} INFO - Processing /home/vscode/.local/lib/python3.10/site-packages/airflow/example_dags/tutorial_taskflow_api_virtualenv.py took 0.053 seconds
[2025-08-14T10:56:07.371+0000] {processor.py:157} INFO - Started process (PID=38040) to work on /home/vscode/.local/lib/python3.10/site-packages/airflow/example_dags/tutorial_taskflow_api_virtualenv.py
[2025-08-14T10:56:07.372+0000] {processor.py:826} INFO - Processing file /home/vscode/.local/lib/python3.10/site-packages/airflow/example_dags/tutorial_taskflow_api_virtualenv.py for tasks to queue
[2025-08-14T10:56:07.373+0000] {logging_mixin.py:150} INFO - [2025-08-14T10:56:07.372+0000] {dagbag.py:541} INFO - Filling up the DagBag from /home/vscode/.local/lib/python3.10/site-packages/airflow/example_dags/tutorial_taskflow_api_virtualenv.py
[2025-08-14T10:56:07.381+0000] {processor.py:836} INFO - DAG(s) dict_keys(['tutorial_taskflow_api_virtualenv']) retrieved from /home/vscode/.local/lib/python3.10/site-packages/airflow/example_dags/tutorial_taskflow_api_virtualenv.py
[2025-08-14T10:56:07.399+0000] {logging_mixin.py:150} INFO - [2025-08-14T10:56:07.399+0000] {dag.py:2742} INFO - Sync 1 DAGs
[2025-08-14T10:56:07.422+0000] {logging_mixin.py:150} INFO - [2025-08-14T10:56:07.422+0000] {dag.py:3504} INFO - Setting next_dagrun for tutorial_taskflow_api_virtualenv to None, run_after=None
[2025-08-14T10:56:07.452+0000] {processor.py:179} INFO - Processing /home/vscode/.local/lib/python3.10/site-packages/airflow/example_dags/tutorial_taskflow_api_virtualenv.py took 0.085 seconds
[2025-08-14T10:56:43.926+0000] {processor.py:157} INFO - Started process (PID=38394) to work on /home/vscode/.local/lib/python3.10/site-packages/airflow/example_dags/tutorial_taskflow_api_virtualenv.py
[2025-08-14T10:56:43.926+0000] {processor.py:826} INFO - Processing file /home/vscode/.local/lib/python3.10/site-packages/airflow/example_dags/tutorial_taskflow_api_virtualenv.py for tasks to queue
[2025-08-14T10:56:43.927+0000] {logging_mixin.py:150} INFO - [2025-08-14T10:56:43.927+0000] {dagbag.py:541} INFO - Filling up the DagBag from /home/vscode/.local/lib/python3.10/site-packages/airflow/example_dags/tutorial_taskflow_api_virtualenv.py
[2025-08-14T10:56:43.933+0000] {processor.py:836} INFO - DAG(s) dict_keys(['tutorial_taskflow_api_virtualenv']) retrieved from /home/vscode/.local/lib/python3.10/site-packages/airflow/example_dags/tutorial_taskflow_api_virtualenv.py
[2025-08-14T10:56:43.945+0000] {logging_mixin.py:150} INFO - [2025-08-14T10:56:43.945+0000] {dag.py:2742} INFO - Sync 1 DAGs
[2025-08-14T10:56:43.961+0000] {logging_mixin.py:150} INFO - [2025-08-14T10:56:43.960+0000] {dag.py:3504} INFO - Setting next_dagrun for tutorial_taskflow_api_virtualenv to None, run_after=None
[2025-08-14T10:56:43.976+0000] {processor.py:179} INFO - Processing /home/vscode/.local/lib/python3.10/site-packages/airflow/example_dags/tutorial_taskflow_api_virtualenv.py took 0.053 seconds
[2025-08-14T10:57:18.069+0000] {processor.py:157} INFO - Started process (PID=38715) to work on /home/vscode/.local/lib/python3.10/site-packages/airflow/example_dags/tutorial_taskflow_api_virtualenv.py
[2025-08-14T10:57:18.070+0000] {processor.py:826} INFO - Processing file /home/vscode/.local/lib/python3.10/site-packages/airflow/example_dags/tutorial_taskflow_api_virtualenv.py for tasks to queue
[2025-08-14T10:57:18.071+0000] {logging_mixin.py:150} INFO - [2025-08-14T10:57:18.070+0000] {dagbag.py:541} INFO - Filling up the DagBag from /home/vscode/.local/lib/python3.10/site-packages/airflow/example_dags/tutorial_taskflow_api_virtualenv.py
[2025-08-14T10:57:18.076+0000] {processor.py:836} INFO - DAG(s) dict_keys(['tutorial_taskflow_api_virtualenv']) retrieved from /home/vscode/.local/lib/python3.10/site-packages/airflow/example_dags/tutorial_taskflow_api_virtualenv.py
[2025-08-14T10:57:18.089+0000] {logging_mixin.py:150} INFO - [2025-08-14T10:57:18.089+0000] {dag.py:2742} INFO - Sync 1 DAGs
[2025-08-14T10:57:18.104+0000] {logging_mixin.py:150} INFO - [2025-08-14T10:57:18.104+0000] {dag.py:3504} INFO - Setting next_dagrun for tutorial_taskflow_api_virtualenv to None, run_after=None
[2025-08-14T10:57:18.120+0000] {processor.py:179} INFO - Processing /home/vscode/.local/lib/python3.10/site-packages/airflow/example_dags/tutorial_taskflow_api_virtualenv.py took 0.053 seconds
[2025-08-14T10:58:05.016+0000] {processor.py:157} INFO - Started process (PID=39164) to work on /home/vscode/.local/lib/python3.10/site-packages/airflow/example_dags/tutorial_taskflow_api_virtualenv.py
[2025-08-14T10:58:05.016+0000] {processor.py:826} INFO - Processing file /home/vscode/.local/lib/python3.10/site-packages/airflow/example_dags/tutorial_taskflow_api_virtualenv.py for tasks to queue
[2025-08-14T10:58:05.017+0000] {logging_mixin.py:150} INFO - [2025-08-14T10:58:05.017+0000] {dagbag.py:541} INFO - Filling up the DagBag from /home/vscode/.local/lib/python3.10/site-packages/airflow/example_dags/tutorial_taskflow_api_virtualenv.py
[2025-08-14T10:58:05.023+0000] {processor.py:836} INFO - DAG(s) dict_keys(['tutorial_taskflow_api_virtualenv']) retrieved from /home/vscode/.local/lib/python3.10/site-packages/airflow/example_dags/tutorial_taskflow_api_virtualenv.py
[2025-08-14T10:58:05.038+0000] {logging_mixin.py:150} INFO - [2025-08-14T10:58:05.038+0000] {dag.py:2742} INFO - Sync 1 DAGs
[2025-08-14T10:58:05.059+0000] {logging_mixin.py:150} INFO - [2025-08-14T10:58:05.059+0000] {dag.py:3504} INFO - Setting next_dagrun for tutorial_taskflow_api_virtualenv to None, run_after=None
[2025-08-14T10:58:05.074+0000] {processor.py:179} INFO - Processing /home/vscode/.local/lib/python3.10/site-packages/airflow/example_dags/tutorial_taskflow_api_virtualenv.py took 0.061 seconds
[2025-08-14T10:58:51.488+0000] {processor.py:157} INFO - Started process (PID=39620) to work on /home/vscode/.local/lib/python3.10/site-packages/airflow/example_dags/tutorial_taskflow_api_virtualenv.py
[2025-08-14T10:58:51.489+0000] {processor.py:826} INFO - Processing file /home/vscode/.local/lib/python3.10/site-packages/airflow/example_dags/tutorial_taskflow_api_virtualenv.py for tasks to queue
[2025-08-14T10:58:51.489+0000] {logging_mixin.py:150} INFO - [2025-08-14T10:58:51.489+0000] {dagbag.py:541} INFO - Filling up the DagBag from /home/vscode/.local/lib/python3.10/site-packages/airflow/example_dags/tutorial_taskflow_api_virtualenv.py
[2025-08-14T10:58:51.495+0000] {processor.py:836} INFO - DAG(s) dict_keys(['tutorial_taskflow_api_virtualenv']) retrieved from /home/vscode/.local/lib/python3.10/site-packages/airflow/example_dags/tutorial_taskflow_api_virtualenv.py
[2025-08-14T10:58:51.506+0000] {logging_mixin.py:150} INFO - [2025-08-14T10:58:51.506+0000] {dag.py:2742} INFO - Sync 1 DAGs
[2025-08-14T10:58:51.521+0000] {logging_mixin.py:150} INFO - [2025-08-14T10:58:51.521+0000] {dag.py:3504} INFO - Setting next_dagrun for tutorial_taskflow_api_virtualenv to None, run_after=None
[2025-08-14T10:58:51.536+0000] {processor.py:179} INFO - Processing /home/vscode/.local/lib/python3.10/site-packages/airflow/example_dags/tutorial_taskflow_api_virtualenv.py took 0.050 seconds
[2025-08-14T10:59:37.966+0000] {processor.py:157} INFO - Started process (PID=40057) to work on /home/vscode/.local/lib/python3.10/site-packages/airflow/example_dags/tutorial_taskflow_api_virtualenv.py
[2025-08-14T10:59:37.967+0000] {processor.py:826} INFO - Processing file /home/vscode/.local/lib/python3.10/site-packages/airflow/example_dags/tutorial_taskflow_api_virtualenv.py for tasks to queue
[2025-08-14T10:59:37.968+0000] {logging_mixin.py:150} INFO - [2025-08-14T10:59:37.967+0000] {dagbag.py:541} INFO - Filling up the DagBag from /home/vscode/.local/lib/python3.10/site-packages/airflow/example_dags/tutorial_taskflow_api_virtualenv.py
[2025-08-14T10:59:37.973+0000] {processor.py:836} INFO - DAG(s) dict_keys(['tutorial_taskflow_api_virtualenv']) retrieved from /home/vscode/.local/lib/python3.10/site-packages/airflow/example_dags/tutorial_taskflow_api_virtualenv.py
[2025-08-14T10:59:37.986+0000] {logging_mixin.py:150} INFO - [2025-08-14T10:59:37.985+0000] {dag.py:2742} INFO - Sync 1 DAGs
[2025-08-14T10:59:38.000+0000] {logging_mixin.py:150} INFO - [2025-08-14T10:59:38.000+0000] {dag.py:3504} INFO - Setting next_dagrun for tutorial_taskflow_api_virtualenv to None, run_after=None
[2025-08-14T10:59:38.015+0000] {processor.py:179} INFO - Processing /home/vscode/.local/lib/python3.10/site-packages/airflow/example_dags/tutorial_taskflow_api_virtualenv.py took 0.052 seconds
[2025-08-14T11:00:24.545+0000] {processor.py:157} INFO - Started process (PID=40507) to work on /home/vscode/.local/lib/python3.10/site-packages/airflow/example_dags/tutorial_taskflow_api_virtualenv.py
[2025-08-14T11:00:24.546+0000] {processor.py:826} INFO - Processing file /home/vscode/.local/lib/python3.10/site-packages/airflow/example_dags/tutorial_taskflow_api_virtualenv.py for tasks to queue
[2025-08-14T11:00:24.547+0000] {logging_mixin.py:150} INFO - [2025-08-14T11:00:24.547+0000] {dagbag.py:541} INFO - Filling up the DagBag from /home/vscode/.local/lib/python3.10/site-packages/airflow/example_dags/tutorial_taskflow_api_virtualenv.py
[2025-08-14T11:00:24.552+0000] {processor.py:836} INFO - DAG(s) dict_keys(['tutorial_taskflow_api_virtualenv']) retrieved from /home/vscode/.local/lib/python3.10/site-packages/airflow/example_dags/tutorial_taskflow_api_virtualenv.py
[2025-08-14T11:00:24.563+0000] {logging_mixin.py:150} INFO - [2025-08-14T11:00:24.563+0000] {dag.py:2742} INFO - Sync 1 DAGs
[2025-08-14T11:00:24.577+0000] {logging_mixin.py:150} INFO - [2025-08-14T11:00:24.577+0000] {dag.py:3504} INFO - Setting next_dagrun for tutorial_taskflow_api_virtualenv to None, run_after=None
[2025-08-14T11:00:24.592+0000] {processor.py:179} INFO - Processing /home/vscode/.local/lib/python3.10/site-packages/airflow/example_dags/tutorial_taskflow_api_virtualenv.py took 0.049 seconds
[2025-08-14T11:01:10.992+0000] {processor.py:157} INFO - Started process (PID=40949) to work on /home/vscode/.local/lib/python3.10/site-packages/airflow/example_dags/tutorial_taskflow_api_virtualenv.py
[2025-08-14T11:01:10.993+0000] {processor.py:826} INFO - Processing file /home/vscode/.local/lib/python3.10/site-packages/airflow/example_dags/tutorial_taskflow_api_virtualenv.py for tasks to queue
[2025-08-14T11:01:10.993+0000] {logging_mixin.py:150} INFO - [2025-08-14T11:01:10.993+0000] {dagbag.py:541} INFO - Filling up the DagBag from /home/vscode/.local/lib/python3.10/site-packages/airflow/example_dags/tutorial_taskflow_api_virtualenv.py
[2025-08-14T11:01:11.000+0000] {processor.py:836} INFO - DAG(s) dict_keys(['tutorial_taskflow_api_virtualenv']) retrieved from /home/vscode/.local/lib/python3.10/site-packages/airflow/example_dags/tutorial_taskflow_api_virtualenv.py
[2025-08-14T11:01:11.015+0000] {logging_mixin.py:150} INFO - [2025-08-14T11:01:11.015+0000] {dag.py:2742} INFO - Sync 1 DAGs
[2025-08-14T11:01:11.035+0000] {logging_mixin.py:150} INFO - [2025-08-14T11:01:11.035+0000] {dag.py:3504} INFO - Setting next_dagrun for tutorial_taskflow_api_virtualenv to None, run_after=None
[2025-08-14T11:01:11.055+0000] {processor.py:179} INFO - Processing /home/vscode/.local/lib/python3.10/site-packages/airflow/example_dags/tutorial_taskflow_api_virtualenv.py took 0.066 seconds
[2025-08-14T11:01:45.677+0000] {processor.py:157} INFO - Started process (PID=41282) to work on /home/vscode/.local/lib/python3.10/site-packages/airflow/example_dags/tutorial_taskflow_api_virtualenv.py
[2025-08-14T11:01:45.677+0000] {processor.py:826} INFO - Processing file /home/vscode/.local/lib/python3.10/site-packages/airflow/example_dags/tutorial_taskflow_api_virtualenv.py for tasks to queue
[2025-08-14T11:01:45.678+0000] {logging_mixin.py:150} INFO - [2025-08-14T11:01:45.678+0000] {dagbag.py:541} INFO - Filling up the DagBag from /home/vscode/.local/lib/python3.10/site-packages/airflow/example_dags/tutorial_taskflow_api_virtualenv.py
[2025-08-14T11:01:45.683+0000] {processor.py:836} INFO - DAG(s) dict_keys(['tutorial_taskflow_api_virtualenv']) retrieved from /home/vscode/.local/lib/python3.10/site-packages/airflow/example_dags/tutorial_taskflow_api_virtualenv.py
[2025-08-14T11:01:45.695+0000] {logging_mixin.py:150} INFO - [2025-08-14T11:01:45.695+0000] {dag.py:2742} INFO - Sync 1 DAGs
[2025-08-14T11:01:45.709+0000] {logging_mixin.py:150} INFO - [2025-08-14T11:01:45.709+0000] {dag.py:3504} INFO - Setting next_dagrun for tutorial_taskflow_api_virtualenv to None, run_after=None
[2025-08-14T11:01:45.724+0000] {processor.py:179} INFO - Processing /home/vscode/.local/lib/python3.10/site-packages/airflow/example_dags/tutorial_taskflow_api_virtualenv.py took 0.049 seconds
[2025-08-14T11:02:32.439+0000] {processor.py:157} INFO - Started process (PID=41723) to work on /home/vscode/.local/lib/python3.10/site-packages/airflow/example_dags/tutorial_taskflow_api_virtualenv.py
[2025-08-14T11:02:32.440+0000] {processor.py:826} INFO - Processing file /home/vscode/.local/lib/python3.10/site-packages/airflow/example_dags/tutorial_taskflow_api_virtualenv.py for tasks to queue
[2025-08-14T11:02:32.440+0000] {logging_mixin.py:150} INFO - [2025-08-14T11:02:32.440+0000] {dagbag.py:541} INFO - Filling up the DagBag from /home/vscode/.local/lib/python3.10/site-packages/airflow/example_dags/tutorial_taskflow_api_virtualenv.py
[2025-08-14T11:02:32.446+0000] {processor.py:836} INFO - DAG(s) dict_keys(['tutorial_taskflow_api_virtualenv']) retrieved from /home/vscode/.local/lib/python3.10/site-packages/airflow/example_dags/tutorial_taskflow_api_virtualenv.py
[2025-08-14T11:02:32.457+0000] {logging_mixin.py:150} INFO - [2025-08-14T11:02:32.457+0000] {dag.py:2742} INFO - Sync 1 DAGs
[2025-08-14T11:02:32.476+0000] {logging_mixin.py:150} INFO - [2025-08-14T11:02:32.476+0000] {dag.py:3504} INFO - Setting next_dagrun for tutorial_taskflow_api_virtualenv to None, run_after=None
[2025-08-14T11:02:32.498+0000] {processor.py:179} INFO - Processing /home/vscode/.local/lib/python3.10/site-packages/airflow/example_dags/tutorial_taskflow_api_virtualenv.py took 0.061 seconds
[2025-08-14T11:03:18.040+0000] {processor.py:157} INFO - Started process (PID=42159) to work on /home/vscode/.local/lib/python3.10/site-packages/airflow/example_dags/tutorial_taskflow_api_virtualenv.py
[2025-08-14T11:03:18.042+0000] {processor.py:826} INFO - Processing file /home/vscode/.local/lib/python3.10/site-packages/airflow/example_dags/tutorial_taskflow_api_virtualenv.py for tasks to queue
[2025-08-14T11:03:18.043+0000] {logging_mixin.py:150} INFO - [2025-08-14T11:03:18.042+0000] {dagbag.py:541} INFO - Filling up the DagBag from /home/vscode/.local/lib/python3.10/site-packages/airflow/example_dags/tutorial_taskflow_api_virtualenv.py
[2025-08-14T11:03:18.051+0000] {processor.py:836} INFO - DAG(s) dict_keys(['tutorial_taskflow_api_virtualenv']) retrieved from /home/vscode/.local/lib/python3.10/site-packages/airflow/example_dags/tutorial_taskflow_api_virtualenv.py
[2025-08-14T11:03:18.068+0000] {logging_mixin.py:150} INFO - [2025-08-14T11:03:18.068+0000] {dag.py:2742} INFO - Sync 1 DAGs
[2025-08-14T11:03:18.090+0000] {logging_mixin.py:150} INFO - [2025-08-14T11:03:18.090+0000] {dag.py:3504} INFO - Setting next_dagrun for tutorial_taskflow_api_virtualenv to None, run_after=None
[2025-08-14T11:03:18.111+0000] {processor.py:179} INFO - Processing /home/vscode/.local/lib/python3.10/site-packages/airflow/example_dags/tutorial_taskflow_api_virtualenv.py took 0.074 seconds
[2025-08-14T11:04:01.437+0000] {processor.py:157} INFO - Started process (PID=42580) to work on /home/vscode/.local/lib/python3.10/site-packages/airflow/example_dags/tutorial_taskflow_api_virtualenv.py
[2025-08-14T11:04:01.438+0000] {processor.py:826} INFO - Processing file /home/vscode/.local/lib/python3.10/site-packages/airflow/example_dags/tutorial_taskflow_api_virtualenv.py for tasks to queue
[2025-08-14T11:04:01.438+0000] {logging_mixin.py:150} INFO - [2025-08-14T11:04:01.438+0000] {dagbag.py:541} INFO - Filling up the DagBag from /home/vscode/.local/lib/python3.10/site-packages/airflow/example_dags/tutorial_taskflow_api_virtualenv.py
[2025-08-14T11:04:01.444+0000] {processor.py:836} INFO - DAG(s) dict_keys(['tutorial_taskflow_api_virtualenv']) retrieved from /home/vscode/.local/lib/python3.10/site-packages/airflow/example_dags/tutorial_taskflow_api_virtualenv.py
[2025-08-14T11:04:01.456+0000] {logging_mixin.py:150} INFO - [2025-08-14T11:04:01.456+0000] {dag.py:2742} INFO - Sync 1 DAGs
[2025-08-14T11:04:01.470+0000] {logging_mixin.py:150} INFO - [2025-08-14T11:04:01.470+0000] {dag.py:3504} INFO - Setting next_dagrun for tutorial_taskflow_api_virtualenv to None, run_after=None
[2025-08-14T11:04:01.486+0000] {processor.py:179} INFO - Processing /home/vscode/.local/lib/python3.10/site-packages/airflow/example_dags/tutorial_taskflow_api_virtualenv.py took 0.052 seconds
[2025-08-14T11:04:36.281+0000] {processor.py:157} INFO - Started process (PID=42913) to work on /home/vscode/.local/lib/python3.10/site-packages/airflow/example_dags/tutorial_taskflow_api_virtualenv.py
[2025-08-14T11:04:36.282+0000] {processor.py:826} INFO - Processing file /home/vscode/.local/lib/python3.10/site-packages/airflow/example_dags/tutorial_taskflow_api_virtualenv.py for tasks to queue
[2025-08-14T11:04:36.283+0000] {logging_mixin.py:150} INFO - [2025-08-14T11:04:36.282+0000] {dagbag.py:541} INFO - Filling up the DagBag from /home/vscode/.local/lib/python3.10/site-packages/airflow/example_dags/tutorial_taskflow_api_virtualenv.py
[2025-08-14T11:04:36.288+0000] {processor.py:836} INFO - DAG(s) dict_keys(['tutorial_taskflow_api_virtualenv']) retrieved from /home/vscode/.local/lib/python3.10/site-packages/airflow/example_dags/tutorial_taskflow_api_virtualenv.py
[2025-08-14T11:04:36.300+0000] {logging_mixin.py:150} INFO - [2025-08-14T11:04:36.299+0000] {dag.py:2742} INFO - Sync 1 DAGs
[2025-08-14T11:04:36.314+0000] {logging_mixin.py:150} INFO - [2025-08-14T11:04:36.314+0000] {dag.py:3504} INFO - Setting next_dagrun for tutorial_taskflow_api_virtualenv to None, run_after=None
[2025-08-14T11:04:36.330+0000] {processor.py:179} INFO - Processing /home/vscode/.local/lib/python3.10/site-packages/airflow/example_dags/tutorial_taskflow_api_virtualenv.py took 0.051 seconds
[2025-08-14T11:05:10.529+0000] {processor.py:157} INFO - Started process (PID=43235) to work on /home/vscode/.local/lib/python3.10/site-packages/airflow/example_dags/tutorial_taskflow_api_virtualenv.py
[2025-08-14T11:05:10.530+0000] {processor.py:826} INFO - Processing file /home/vscode/.local/lib/python3.10/site-packages/airflow/example_dags/tutorial_taskflow_api_virtualenv.py for tasks to queue
[2025-08-14T11:05:10.531+0000] {logging_mixin.py:150} INFO - [2025-08-14T11:05:10.530+0000] {dagbag.py:541} INFO - Filling up the DagBag from /home/vscode/.local/lib/python3.10/site-packages/airflow/example_dags/tutorial_taskflow_api_virtualenv.py
[2025-08-14T11:05:10.536+0000] {processor.py:836} INFO - DAG(s) dict_keys(['tutorial_taskflow_api_virtualenv']) retrieved from /home/vscode/.local/lib/python3.10/site-packages/airflow/example_dags/tutorial_taskflow_api_virtualenv.py
[2025-08-14T11:05:10.547+0000] {logging_mixin.py:150} INFO - [2025-08-14T11:05:10.547+0000] {dag.py:2742} INFO - Sync 1 DAGs
[2025-08-14T11:05:10.561+0000] {logging_mixin.py:150} INFO - [2025-08-14T11:05:10.560+0000] {dag.py:3504} INFO - Setting next_dagrun for tutorial_taskflow_api_virtualenv to None, run_after=None
[2025-08-14T11:05:10.575+0000] {processor.py:179} INFO - Processing /home/vscode/.local/lib/python3.10/site-packages/airflow/example_dags/tutorial_taskflow_api_virtualenv.py took 0.048 seconds
[2025-08-14T11:05:53.207+0000] {processor.py:157} INFO - Started process (PID=43655) to work on /home/vscode/.local/lib/python3.10/site-packages/airflow/example_dags/tutorial_taskflow_api_virtualenv.py
[2025-08-14T11:05:53.208+0000] {processor.py:826} INFO - Processing file /home/vscode/.local/lib/python3.10/site-packages/airflow/example_dags/tutorial_taskflow_api_virtualenv.py for tasks to queue
[2025-08-14T11:05:53.209+0000] {logging_mixin.py:150} INFO - [2025-08-14T11:05:53.208+0000] {dagbag.py:541} INFO - Filling up the DagBag from /home/vscode/.local/lib/python3.10/site-packages/airflow/example_dags/tutorial_taskflow_api_virtualenv.py
[2025-08-14T11:05:53.214+0000] {processor.py:836} INFO - DAG(s) dict_keys(['tutorial_taskflow_api_virtualenv']) retrieved from /home/vscode/.local/lib/python3.10/site-packages/airflow/example_dags/tutorial_taskflow_api_virtualenv.py
[2025-08-14T11:05:53.228+0000] {logging_mixin.py:150} INFO - [2025-08-14T11:05:53.228+0000] {dag.py:2742} INFO - Sync 1 DAGs
[2025-08-14T11:05:53.244+0000] {logging_mixin.py:150} INFO - [2025-08-14T11:05:53.244+0000] {dag.py:3504} INFO - Setting next_dagrun for tutorial_taskflow_api_virtualenv to None, run_after=None
[2025-08-14T11:05:53.261+0000] {processor.py:179} INFO - Processing /home/vscode/.local/lib/python3.10/site-packages/airflow/example_dags/tutorial_taskflow_api_virtualenv.py took 0.056 seconds
[2025-08-14T11:06:37.706+0000] {processor.py:157} INFO - Started process (PID=44071) to work on /home/vscode/.local/lib/python3.10/site-packages/airflow/example_dags/tutorial_taskflow_api_virtualenv.py
[2025-08-14T11:06:37.706+0000] {processor.py:826} INFO - Processing file /home/vscode/.local/lib/python3.10/site-packages/airflow/example_dags/tutorial_taskflow_api_virtualenv.py for tasks to queue
[2025-08-14T11:06:37.707+0000] {logging_mixin.py:150} INFO - [2025-08-14T11:06:37.707+0000] {dagbag.py:541} INFO - Filling up the DagBag from /home/vscode/.local/lib/python3.10/site-packages/airflow/example_dags/tutorial_taskflow_api_virtualenv.py
[2025-08-14T11:06:37.712+0000] {processor.py:836} INFO - DAG(s) dict_keys(['tutorial_taskflow_api_virtualenv']) retrieved from /home/vscode/.local/lib/python3.10/site-packages/airflow/example_dags/tutorial_taskflow_api_virtualenv.py
[2025-08-14T11:06:37.723+0000] {logging_mixin.py:150} INFO - [2025-08-14T11:06:37.723+0000] {dag.py:2742} INFO - Sync 1 DAGs
[2025-08-14T11:06:37.737+0000] {logging_mixin.py:150} INFO - [2025-08-14T11:06:37.736+0000] {dag.py:3504} INFO - Setting next_dagrun for tutorial_taskflow_api_virtualenv to None, run_after=None
[2025-08-14T11:06:37.752+0000] {processor.py:179} INFO - Processing /home/vscode/.local/lib/python3.10/site-packages/airflow/example_dags/tutorial_taskflow_api_virtualenv.py took 0.048 seconds
[2025-08-14T11:07:23.947+0000] {processor.py:157} INFO - Started process (PID=44524) to work on /home/vscode/.local/lib/python3.10/site-packages/airflow/example_dags/tutorial_taskflow_api_virtualenv.py
[2025-08-14T11:07:23.948+0000] {processor.py:826} INFO - Processing file /home/vscode/.local/lib/python3.10/site-packages/airflow/example_dags/tutorial_taskflow_api_virtualenv.py for tasks to queue
[2025-08-14T11:07:23.948+0000] {logging_mixin.py:150} INFO - [2025-08-14T11:07:23.948+0000] {dagbag.py:541} INFO - Filling up the DagBag from /home/vscode/.local/lib/python3.10/site-packages/airflow/example_dags/tutorial_taskflow_api_virtualenv.py
[2025-08-14T11:07:23.954+0000] {processor.py:836} INFO - DAG(s) dict_keys(['tutorial_taskflow_api_virtualenv']) retrieved from /home/vscode/.local/lib/python3.10/site-packages/airflow/example_dags/tutorial_taskflow_api_virtualenv.py
[2025-08-14T11:07:23.965+0000] {logging_mixin.py:150} INFO - [2025-08-14T11:07:23.965+0000] {dag.py:2742} INFO - Sync 1 DAGs
[2025-08-14T11:07:23.979+0000] {logging_mixin.py:150} INFO - [2025-08-14T11:07:23.979+0000] {dag.py:3504} INFO - Setting next_dagrun for tutorial_taskflow_api_virtualenv to None, run_after=None
[2025-08-14T11:07:23.994+0000] {processor.py:179} INFO - Processing /home/vscode/.local/lib/python3.10/site-packages/airflow/example_dags/tutorial_taskflow_api_virtualenv.py took 0.049 seconds
[2025-08-14T11:08:08.048+0000] {processor.py:157} INFO - Started process (PID=44939) to work on /home/vscode/.local/lib/python3.10/site-packages/airflow/example_dags/tutorial_taskflow_api_virtualenv.py
[2025-08-14T11:08:08.049+0000] {processor.py:826} INFO - Processing file /home/vscode/.local/lib/python3.10/site-packages/airflow/example_dags/tutorial_taskflow_api_virtualenv.py for tasks to queue
[2025-08-14T11:08:08.050+0000] {logging_mixin.py:150} INFO - [2025-08-14T11:08:08.049+0000] {dagbag.py:541} INFO - Filling up the DagBag from /home/vscode/.local/lib/python3.10/site-packages/airflow/example_dags/tutorial_taskflow_api_virtualenv.py
[2025-08-14T11:08:08.055+0000] {processor.py:836} INFO - DAG(s) dict_keys(['tutorial_taskflow_api_virtualenv']) retrieved from /home/vscode/.local/lib/python3.10/site-packages/airflow/example_dags/tutorial_taskflow_api_virtualenv.py
[2025-08-14T11:08:08.066+0000] {logging_mixin.py:150} INFO - [2025-08-14T11:08:08.066+0000] {dag.py:2742} INFO - Sync 1 DAGs
[2025-08-14T11:08:08.080+0000] {logging_mixin.py:150} INFO - [2025-08-14T11:08:08.080+0000] {dag.py:3504} INFO - Setting next_dagrun for tutorial_taskflow_api_virtualenv to None, run_after=None
[2025-08-14T11:08:08.096+0000] {processor.py:179} INFO - Processing /home/vscode/.local/lib/python3.10/site-packages/airflow/example_dags/tutorial_taskflow_api_virtualenv.py took 0.050 seconds
[2025-08-14T11:08:52.302+0000] {processor.py:157} INFO - Started process (PID=45366) to work on /home/vscode/.local/lib/python3.10/site-packages/airflow/example_dags/tutorial_taskflow_api_virtualenv.py
[2025-08-14T11:08:52.302+0000] {processor.py:826} INFO - Processing file /home/vscode/.local/lib/python3.10/site-packages/airflow/example_dags/tutorial_taskflow_api_virtualenv.py for tasks to queue
[2025-08-14T11:08:52.303+0000] {logging_mixin.py:150} INFO - [2025-08-14T11:08:52.303+0000] {dagbag.py:541} INFO - Filling up the DagBag from /home/vscode/.local/lib/python3.10/site-packages/airflow/example_dags/tutorial_taskflow_api_virtualenv.py
[2025-08-14T11:08:52.309+0000] {processor.py:836} INFO - DAG(s) dict_keys(['tutorial_taskflow_api_virtualenv']) retrieved from /home/vscode/.local/lib/python3.10/site-packages/airflow/example_dags/tutorial_taskflow_api_virtualenv.py
[2025-08-14T11:08:52.321+0000] {logging_mixin.py:150} INFO - [2025-08-14T11:08:52.321+0000] {dag.py:2742} INFO - Sync 1 DAGs
[2025-08-14T11:08:52.335+0000] {logging_mixin.py:150} INFO - [2025-08-14T11:08:52.335+0000] {dag.py:3504} INFO - Setting next_dagrun for tutorial_taskflow_api_virtualenv to None, run_after=None
[2025-08-14T11:08:52.351+0000] {processor.py:179} INFO - Processing /home/vscode/.local/lib/python3.10/site-packages/airflow/example_dags/tutorial_taskflow_api_virtualenv.py took 0.051 seconds
[2025-08-14T11:09:26.148+0000] {processor.py:157} INFO - Started process (PID=45685) to work on /home/vscode/.local/lib/python3.10/site-packages/airflow/example_dags/tutorial_taskflow_api_virtualenv.py
[2025-08-14T11:09:26.149+0000] {processor.py:826} INFO - Processing file /home/vscode/.local/lib/python3.10/site-packages/airflow/example_dags/tutorial_taskflow_api_virtualenv.py for tasks to queue
[2025-08-14T11:09:26.150+0000] {logging_mixin.py:150} INFO - [2025-08-14T11:09:26.149+0000] {dagbag.py:541} INFO - Filling up the DagBag from /home/vscode/.local/lib/python3.10/site-packages/airflow/example_dags/tutorial_taskflow_api_virtualenv.py
[2025-08-14T11:09:26.157+0000] {processor.py:836} INFO - DAG(s) dict_keys(['tutorial_taskflow_api_virtualenv']) retrieved from /home/vscode/.local/lib/python3.10/site-packages/airflow/example_dags/tutorial_taskflow_api_virtualenv.py
[2025-08-14T11:09:26.172+0000] {logging_mixin.py:150} INFO - [2025-08-14T11:09:26.172+0000] {dag.py:2742} INFO - Sync 1 DAGs
[2025-08-14T11:09:26.186+0000] {logging_mixin.py:150} INFO - [2025-08-14T11:09:26.186+0000] {dag.py:3504} INFO - Setting next_dagrun for tutorial_taskflow_api_virtualenv to None, run_after=None
[2025-08-14T11:09:26.203+0000] {processor.py:179} INFO - Processing /home/vscode/.local/lib/python3.10/site-packages/airflow/example_dags/tutorial_taskflow_api_virtualenv.py took 0.058 seconds
[2025-08-14T11:10:00.792+0000] {processor.py:157} INFO - Started process (PID=46016) to work on /home/vscode/.local/lib/python3.10/site-packages/airflow/example_dags/tutorial_taskflow_api_virtualenv.py
[2025-08-14T11:10:00.792+0000] {processor.py:826} INFO - Processing file /home/vscode/.local/lib/python3.10/site-packages/airflow/example_dags/tutorial_taskflow_api_virtualenv.py for tasks to queue
[2025-08-14T11:10:00.793+0000] {logging_mixin.py:150} INFO - [2025-08-14T11:10:00.793+0000] {dagbag.py:541} INFO - Filling up the DagBag from /home/vscode/.local/lib/python3.10/site-packages/airflow/example_dags/tutorial_taskflow_api_virtualenv.py
[2025-08-14T11:10:00.798+0000] {processor.py:836} INFO - DAG(s) dict_keys(['tutorial_taskflow_api_virtualenv']) retrieved from /home/vscode/.local/lib/python3.10/site-packages/airflow/example_dags/tutorial_taskflow_api_virtualenv.py
[2025-08-14T11:10:00.810+0000] {logging_mixin.py:150} INFO - [2025-08-14T11:10:00.810+0000] {dag.py:2742} INFO - Sync 1 DAGs
[2025-08-14T11:10:00.824+0000] {logging_mixin.py:150} INFO - [2025-08-14T11:10:00.824+0000] {dag.py:3504} INFO - Setting next_dagrun for tutorial_taskflow_api_virtualenv to None, run_after=None
[2025-08-14T11:10:00.839+0000] {processor.py:179} INFO - Processing /home/vscode/.local/lib/python3.10/site-packages/airflow/example_dags/tutorial_taskflow_api_virtualenv.py took 0.050 seconds
[2025-08-14T11:10:35.843+0000] {processor.py:157} INFO - Started process (PID=46350) to work on /home/vscode/.local/lib/python3.10/site-packages/airflow/example_dags/tutorial_taskflow_api_virtualenv.py
[2025-08-14T11:10:35.844+0000] {processor.py:826} INFO - Processing file /home/vscode/.local/lib/python3.10/site-packages/airflow/example_dags/tutorial_taskflow_api_virtualenv.py for tasks to queue
[2025-08-14T11:10:35.844+0000] {logging_mixin.py:150} INFO - [2025-08-14T11:10:35.844+0000] {dagbag.py:541} INFO - Filling up the DagBag from /home/vscode/.local/lib/python3.10/site-packages/airflow/example_dags/tutorial_taskflow_api_virtualenv.py
[2025-08-14T11:10:35.849+0000] {processor.py:836} INFO - DAG(s) dict_keys(['tutorial_taskflow_api_virtualenv']) retrieved from /home/vscode/.local/lib/python3.10/site-packages/airflow/example_dags/tutorial_taskflow_api_virtualenv.py
[2025-08-14T11:10:35.860+0000] {logging_mixin.py:150} INFO - [2025-08-14T11:10:35.860+0000] {dag.py:2742} INFO - Sync 1 DAGs
[2025-08-14T11:10:35.874+0000] {logging_mixin.py:150} INFO - [2025-08-14T11:10:35.874+0000] {dag.py:3504} INFO - Setting next_dagrun for tutorial_taskflow_api_virtualenv to None, run_after=None
[2025-08-14T11:10:35.889+0000] {processor.py:179} INFO - Processing /home/vscode/.local/lib/python3.10/site-packages/airflow/example_dags/tutorial_taskflow_api_virtualenv.py took 0.049 seconds
[2025-08-14T11:11:19.243+0000] {processor.py:157} INFO - Started process (PID=46764) to work on /home/vscode/.local/lib/python3.10/site-packages/airflow/example_dags/tutorial_taskflow_api_virtualenv.py
[2025-08-14T11:11:19.243+0000] {processor.py:826} INFO - Processing file /home/vscode/.local/lib/python3.10/site-packages/airflow/example_dags/tutorial_taskflow_api_virtualenv.py for tasks to queue
[2025-08-14T11:11:19.244+0000] {logging_mixin.py:150} INFO - [2025-08-14T11:11:19.244+0000] {dagbag.py:541} INFO - Filling up the DagBag from /home/vscode/.local/lib/python3.10/site-packages/airflow/example_dags/tutorial_taskflow_api_virtualenv.py
[2025-08-14T11:11:19.249+0000] {processor.py:836} INFO - DAG(s) dict_keys(['tutorial_taskflow_api_virtualenv']) retrieved from /home/vscode/.local/lib/python3.10/site-packages/airflow/example_dags/tutorial_taskflow_api_virtualenv.py
[2025-08-14T11:11:19.260+0000] {logging_mixin.py:150} INFO - [2025-08-14T11:11:19.260+0000] {dag.py:2742} INFO - Sync 1 DAGs
[2025-08-14T11:11:19.275+0000] {logging_mixin.py:150} INFO - [2025-08-14T11:11:19.275+0000] {dag.py:3504} INFO - Setting next_dagrun for tutorial_taskflow_api_virtualenv to None, run_after=None
[2025-08-14T11:11:19.291+0000] {processor.py:179} INFO - Processing /home/vscode/.local/lib/python3.10/site-packages/airflow/example_dags/tutorial_taskflow_api_virtualenv.py took 0.050 seconds
[2025-08-14T11:12:00.367+0000] {processor.py:157} INFO - Started process (PID=47164) to work on /home/vscode/.local/lib/python3.10/site-packages/airflow/example_dags/tutorial_taskflow_api_virtualenv.py
[2025-08-14T11:12:00.368+0000] {processor.py:826} INFO - Processing file /home/vscode/.local/lib/python3.10/site-packages/airflow/example_dags/tutorial_taskflow_api_virtualenv.py for tasks to queue
[2025-08-14T11:12:00.369+0000] {logging_mixin.py:150} INFO - [2025-08-14T11:12:00.368+0000] {dagbag.py:541} INFO - Filling up the DagBag from /home/vscode/.local/lib/python3.10/site-packages/airflow/example_dags/tutorial_taskflow_api_virtualenv.py
[2025-08-14T11:12:00.374+0000] {processor.py:836} INFO - DAG(s) dict_keys(['tutorial_taskflow_api_virtualenv']) retrieved from /home/vscode/.local/lib/python3.10/site-packages/airflow/example_dags/tutorial_taskflow_api_virtualenv.py
[2025-08-14T11:12:00.386+0000] {logging_mixin.py:150} INFO - [2025-08-14T11:12:00.385+0000] {dag.py:2742} INFO - Sync 1 DAGs
[2025-08-14T11:12:00.400+0000] {logging_mixin.py:150} INFO - [2025-08-14T11:12:00.400+0000] {dag.py:3504} INFO - Setting next_dagrun for tutorial_taskflow_api_virtualenv to None, run_after=None
[2025-08-14T11:12:00.415+0000] {processor.py:179} INFO - Processing /home/vscode/.local/lib/python3.10/site-packages/airflow/example_dags/tutorial_taskflow_api_virtualenv.py took 0.050 seconds
[2025-08-14T11:12:46.056+0000] {processor.py:157} INFO - Started process (PID=47598) to work on /home/vscode/.local/lib/python3.10/site-packages/airflow/example_dags/tutorial_taskflow_api_virtualenv.py
[2025-08-14T11:12:46.056+0000] {processor.py:826} INFO - Processing file /home/vscode/.local/lib/python3.10/site-packages/airflow/example_dags/tutorial_taskflow_api_virtualenv.py for tasks to queue
[2025-08-14T11:12:46.057+0000] {logging_mixin.py:150} INFO - [2025-08-14T11:12:46.057+0000] {dagbag.py:541} INFO - Filling up the DagBag from /home/vscode/.local/lib/python3.10/site-packages/airflow/example_dags/tutorial_taskflow_api_virtualenv.py
[2025-08-14T11:12:46.062+0000] {processor.py:836} INFO - DAG(s) dict_keys(['tutorial_taskflow_api_virtualenv']) retrieved from /home/vscode/.local/lib/python3.10/site-packages/airflow/example_dags/tutorial_taskflow_api_virtualenv.py
[2025-08-14T11:12:46.074+0000] {logging_mixin.py:150} INFO - [2025-08-14T11:12:46.074+0000] {dag.py:2742} INFO - Sync 1 DAGs
[2025-08-14T11:12:46.089+0000] {logging_mixin.py:150} INFO - [2025-08-14T11:12:46.088+0000] {dag.py:3504} INFO - Setting next_dagrun for tutorial_taskflow_api_virtualenv to None, run_after=None
[2025-08-14T11:12:46.104+0000] {processor.py:179} INFO - Processing /home/vscode/.local/lib/python3.10/site-packages/airflow/example_dags/tutorial_taskflow_api_virtualenv.py took 0.051 seconds
[2025-08-14T11:13:35.761+0000] {processor.py:157} INFO - Started process (PID=48074) to work on /home/vscode/.local/lib/python3.10/site-packages/airflow/example_dags/tutorial_taskflow_api_virtualenv.py
[2025-08-14T11:13:35.762+0000] {processor.py:826} INFO - Processing file /home/vscode/.local/lib/python3.10/site-packages/airflow/example_dags/tutorial_taskflow_api_virtualenv.py for tasks to queue
[2025-08-14T11:13:35.763+0000] {logging_mixin.py:150} INFO - [2025-08-14T11:13:35.762+0000] {dagbag.py:541} INFO - Filling up the DagBag from /home/vscode/.local/lib/python3.10/site-packages/airflow/example_dags/tutorial_taskflow_api_virtualenv.py
[2025-08-14T11:13:35.768+0000] {processor.py:836} INFO - DAG(s) dict_keys(['tutorial_taskflow_api_virtualenv']) retrieved from /home/vscode/.local/lib/python3.10/site-packages/airflow/example_dags/tutorial_taskflow_api_virtualenv.py
[2025-08-14T11:13:35.779+0000] {logging_mixin.py:150} INFO - [2025-08-14T11:13:35.779+0000] {dag.py:2742} INFO - Sync 1 DAGs
[2025-08-14T11:13:35.798+0000] {logging_mixin.py:150} INFO - [2025-08-14T11:13:35.798+0000] {dag.py:3504} INFO - Setting next_dagrun for tutorial_taskflow_api_virtualenv to None, run_after=None
[2025-08-14T11:13:35.814+0000] {processor.py:179} INFO - Processing /home/vscode/.local/lib/python3.10/site-packages/airflow/example_dags/tutorial_taskflow_api_virtualenv.py took 0.055 seconds
[2025-08-14T11:14:10.114+0000] {processor.py:157} INFO - Started process (PID=48402) to work on /home/vscode/.local/lib/python3.10/site-packages/airflow/example_dags/tutorial_taskflow_api_virtualenv.py
[2025-08-14T11:14:10.114+0000] {processor.py:826} INFO - Processing file /home/vscode/.local/lib/python3.10/site-packages/airflow/example_dags/tutorial_taskflow_api_virtualenv.py for tasks to queue
[2025-08-14T11:14:10.115+0000] {logging_mixin.py:150} INFO - [2025-08-14T11:14:10.115+0000] {dagbag.py:541} INFO - Filling up the DagBag from /home/vscode/.local/lib/python3.10/site-packages/airflow/example_dags/tutorial_taskflow_api_virtualenv.py
[2025-08-14T11:14:10.121+0000] {processor.py:836} INFO - DAG(s) dict_keys(['tutorial_taskflow_api_virtualenv']) retrieved from /home/vscode/.local/lib/python3.10/site-packages/airflow/example_dags/tutorial_taskflow_api_virtualenv.py
[2025-08-14T11:14:10.136+0000] {logging_mixin.py:150} INFO - [2025-08-14T11:14:10.136+0000] {dag.py:2742} INFO - Sync 1 DAGs
[2025-08-14T11:14:10.150+0000] {logging_mixin.py:150} INFO - [2025-08-14T11:14:10.150+0000] {dag.py:3504} INFO - Setting next_dagrun for tutorial_taskflow_api_virtualenv to None, run_after=None
[2025-08-14T11:14:10.165+0000] {processor.py:179} INFO - Processing /home/vscode/.local/lib/python3.10/site-packages/airflow/example_dags/tutorial_taskflow_api_virtualenv.py took 0.054 seconds
[2025-08-14T11:14:55.935+0000] {processor.py:157} INFO - Started process (PID=48837) to work on /home/vscode/.local/lib/python3.10/site-packages/airflow/example_dags/tutorial_taskflow_api_virtualenv.py
[2025-08-14T11:14:55.935+0000] {processor.py:826} INFO - Processing file /home/vscode/.local/lib/python3.10/site-packages/airflow/example_dags/tutorial_taskflow_api_virtualenv.py for tasks to queue
[2025-08-14T11:14:55.936+0000] {logging_mixin.py:150} INFO - [2025-08-14T11:14:55.936+0000] {dagbag.py:541} INFO - Filling up the DagBag from /home/vscode/.local/lib/python3.10/site-packages/airflow/example_dags/tutorial_taskflow_api_virtualenv.py
[2025-08-14T11:14:55.941+0000] {processor.py:836} INFO - DAG(s) dict_keys(['tutorial_taskflow_api_virtualenv']) retrieved from /home/vscode/.local/lib/python3.10/site-packages/airflow/example_dags/tutorial_taskflow_api_virtualenv.py
[2025-08-14T11:14:55.952+0000] {logging_mixin.py:150} INFO - [2025-08-14T11:14:55.952+0000] {dag.py:2742} INFO - Sync 1 DAGs
[2025-08-14T11:14:55.966+0000] {logging_mixin.py:150} INFO - [2025-08-14T11:14:55.966+0000] {dag.py:3504} INFO - Setting next_dagrun for tutorial_taskflow_api_virtualenv to None, run_after=None
[2025-08-14T11:14:55.982+0000] {processor.py:179} INFO - Processing /home/vscode/.local/lib/python3.10/site-packages/airflow/example_dags/tutorial_taskflow_api_virtualenv.py took 0.049 seconds
[2025-08-14T11:15:44.091+0000] {processor.py:157} INFO - Started process (PID=49300) to work on /home/vscode/.local/lib/python3.10/site-packages/airflow/example_dags/tutorial_taskflow_api_virtualenv.py
[2025-08-14T11:15:44.091+0000] {processor.py:826} INFO - Processing file /home/vscode/.local/lib/python3.10/site-packages/airflow/example_dags/tutorial_taskflow_api_virtualenv.py for tasks to queue
[2025-08-14T11:15:44.092+0000] {logging_mixin.py:150} INFO - [2025-08-14T11:15:44.092+0000] {dagbag.py:541} INFO - Filling up the DagBag from /home/vscode/.local/lib/python3.10/site-packages/airflow/example_dags/tutorial_taskflow_api_virtualenv.py
[2025-08-14T11:15:44.097+0000] {processor.py:836} INFO - DAG(s) dict_keys(['tutorial_taskflow_api_virtualenv']) retrieved from /home/vscode/.local/lib/python3.10/site-packages/airflow/example_dags/tutorial_taskflow_api_virtualenv.py
[2025-08-14T11:15:44.108+0000] {logging_mixin.py:150} INFO - [2025-08-14T11:15:44.108+0000] {dag.py:2742} INFO - Sync 1 DAGs
[2025-08-14T11:15:44.122+0000] {logging_mixin.py:150} INFO - [2025-08-14T11:15:44.122+0000] {dag.py:3504} INFO - Setting next_dagrun for tutorial_taskflow_api_virtualenv to None, run_after=None
[2025-08-14T11:15:44.137+0000] {processor.py:179} INFO - Processing /home/vscode/.local/lib/python3.10/site-packages/airflow/example_dags/tutorial_taskflow_api_virtualenv.py took 0.049 seconds
[2025-08-14T11:16:31.727+0000] {processor.py:157} INFO - Started process (PID=49756) to work on /home/vscode/.local/lib/python3.10/site-packages/airflow/example_dags/tutorial_taskflow_api_virtualenv.py
[2025-08-14T11:16:31.728+0000] {processor.py:826} INFO - Processing file /home/vscode/.local/lib/python3.10/site-packages/airflow/example_dags/tutorial_taskflow_api_virtualenv.py for tasks to queue
[2025-08-14T11:16:31.728+0000] {logging_mixin.py:150} INFO - [2025-08-14T11:16:31.728+0000] {dagbag.py:541} INFO - Filling up the DagBag from /home/vscode/.local/lib/python3.10/site-packages/airflow/example_dags/tutorial_taskflow_api_virtualenv.py
[2025-08-14T11:16:31.733+0000] {processor.py:836} INFO - DAG(s) dict_keys(['tutorial_taskflow_api_virtualenv']) retrieved from /home/vscode/.local/lib/python3.10/site-packages/airflow/example_dags/tutorial_taskflow_api_virtualenv.py
[2025-08-14T11:16:31.745+0000] {logging_mixin.py:150} INFO - [2025-08-14T11:16:31.744+0000] {dag.py:2742} INFO - Sync 1 DAGs
[2025-08-14T11:16:31.759+0000] {logging_mixin.py:150} INFO - [2025-08-14T11:16:31.758+0000] {dag.py:3504} INFO - Setting next_dagrun for tutorial_taskflow_api_virtualenv to None, run_after=None
[2025-08-14T11:16:31.774+0000] {processor.py:179} INFO - Processing /home/vscode/.local/lib/python3.10/site-packages/airflow/example_dags/tutorial_taskflow_api_virtualenv.py took 0.049 seconds
[2025-08-14T11:17:16.338+0000] {processor.py:157} INFO - Started process (PID=50183) to work on /home/vscode/.local/lib/python3.10/site-packages/airflow/example_dags/tutorial_taskflow_api_virtualenv.py
[2025-08-14T11:17:16.339+0000] {processor.py:826} INFO - Processing file /home/vscode/.local/lib/python3.10/site-packages/airflow/example_dags/tutorial_taskflow_api_virtualenv.py for tasks to queue
[2025-08-14T11:17:16.340+0000] {logging_mixin.py:150} INFO - [2025-08-14T11:17:16.339+0000] {dagbag.py:541} INFO - Filling up the DagBag from /home/vscode/.local/lib/python3.10/site-packages/airflow/example_dags/tutorial_taskflow_api_virtualenv.py
[2025-08-14T11:17:16.345+0000] {processor.py:836} INFO - DAG(s) dict_keys(['tutorial_taskflow_api_virtualenv']) retrieved from /home/vscode/.local/lib/python3.10/site-packages/airflow/example_dags/tutorial_taskflow_api_virtualenv.py
[2025-08-14T11:17:16.356+0000] {logging_mixin.py:150} INFO - [2025-08-14T11:17:16.356+0000] {dag.py:2742} INFO - Sync 1 DAGs
[2025-08-14T11:17:16.370+0000] {logging_mixin.py:150} INFO - [2025-08-14T11:17:16.370+0000] {dag.py:3504} INFO - Setting next_dagrun for tutorial_taskflow_api_virtualenv to None, run_after=None
[2025-08-14T11:17:16.386+0000] {processor.py:179} INFO - Processing /home/vscode/.local/lib/python3.10/site-packages/airflow/example_dags/tutorial_taskflow_api_virtualenv.py took 0.050 seconds
[2025-08-14T11:18:00.250+0000] {processor.py:157} INFO - Started process (PID=50603) to work on /home/vscode/.local/lib/python3.10/site-packages/airflow/example_dags/tutorial_taskflow_api_virtualenv.py
[2025-08-14T11:18:00.251+0000] {processor.py:826} INFO - Processing file /home/vscode/.local/lib/python3.10/site-packages/airflow/example_dags/tutorial_taskflow_api_virtualenv.py for tasks to queue
[2025-08-14T11:18:00.251+0000] {logging_mixin.py:150} INFO - [2025-08-14T11:18:00.251+0000] {dagbag.py:541} INFO - Filling up the DagBag from /home/vscode/.local/lib/python3.10/site-packages/airflow/example_dags/tutorial_taskflow_api_virtualenv.py
[2025-08-14T11:18:00.256+0000] {processor.py:836} INFO - DAG(s) dict_keys(['tutorial_taskflow_api_virtualenv']) retrieved from /home/vscode/.local/lib/python3.10/site-packages/airflow/example_dags/tutorial_taskflow_api_virtualenv.py
[2025-08-14T11:18:00.269+0000] {logging_mixin.py:150} INFO - [2025-08-14T11:18:00.269+0000] {dag.py:2742} INFO - Sync 1 DAGs
[2025-08-14T11:18:00.283+0000] {logging_mixin.py:150} INFO - [2025-08-14T11:18:00.283+0000] {dag.py:3504} INFO - Setting next_dagrun for tutorial_taskflow_api_virtualenv to None, run_after=None
[2025-08-14T11:18:00.299+0000] {processor.py:179} INFO - Processing /home/vscode/.local/lib/python3.10/site-packages/airflow/example_dags/tutorial_taskflow_api_virtualenv.py took 0.051 seconds
[2025-08-14T11:18:45.351+0000] {processor.py:157} INFO - Started process (PID=51032) to work on /home/vscode/.local/lib/python3.10/site-packages/airflow/example_dags/tutorial_taskflow_api_virtualenv.py
[2025-08-14T11:18:45.352+0000] {processor.py:826} INFO - Processing file /home/vscode/.local/lib/python3.10/site-packages/airflow/example_dags/tutorial_taskflow_api_virtualenv.py for tasks to queue
[2025-08-14T11:18:45.352+0000] {logging_mixin.py:150} INFO - [2025-08-14T11:18:45.352+0000] {dagbag.py:541} INFO - Filling up the DagBag from /home/vscode/.local/lib/python3.10/site-packages/airflow/example_dags/tutorial_taskflow_api_virtualenv.py
[2025-08-14T11:18:45.358+0000] {processor.py:836} INFO - DAG(s) dict_keys(['tutorial_taskflow_api_virtualenv']) retrieved from /home/vscode/.local/lib/python3.10/site-packages/airflow/example_dags/tutorial_taskflow_api_virtualenv.py
[2025-08-14T11:18:45.370+0000] {logging_mixin.py:150} INFO - [2025-08-14T11:18:45.369+0000] {dag.py:2742} INFO - Sync 1 DAGs
[2025-08-14T11:18:45.384+0000] {logging_mixin.py:150} INFO - [2025-08-14T11:18:45.384+0000] {dag.py:3504} INFO - Setting next_dagrun for tutorial_taskflow_api_virtualenv to None, run_after=None
[2025-08-14T11:18:45.400+0000] {processor.py:179} INFO - Processing /home/vscode/.local/lib/python3.10/site-packages/airflow/example_dags/tutorial_taskflow_api_virtualenv.py took 0.051 seconds
[2025-08-14T11:19:27.617+0000] {processor.py:157} INFO - Started process (PID=51435) to work on /home/vscode/.local/lib/python3.10/site-packages/airflow/example_dags/tutorial_taskflow_api_virtualenv.py
[2025-08-14T11:19:27.618+0000] {processor.py:826} INFO - Processing file /home/vscode/.local/lib/python3.10/site-packages/airflow/example_dags/tutorial_taskflow_api_virtualenv.py for tasks to queue
[2025-08-14T11:19:27.619+0000] {logging_mixin.py:150} INFO - [2025-08-14T11:19:27.618+0000] {dagbag.py:541} INFO - Filling up the DagBag from /home/vscode/.local/lib/python3.10/site-packages/airflow/example_dags/tutorial_taskflow_api_virtualenv.py
[2025-08-14T11:19:27.624+0000] {processor.py:836} INFO - DAG(s) dict_keys(['tutorial_taskflow_api_virtualenv']) retrieved from /home/vscode/.local/lib/python3.10/site-packages/airflow/example_dags/tutorial_taskflow_api_virtualenv.py
[2025-08-14T11:19:27.635+0000] {logging_mixin.py:150} INFO - [2025-08-14T11:19:27.635+0000] {dag.py:2742} INFO - Sync 1 DAGs
[2025-08-14T11:19:27.650+0000] {logging_mixin.py:150} INFO - [2025-08-14T11:19:27.650+0000] {dag.py:3504} INFO - Setting next_dagrun for tutorial_taskflow_api_virtualenv to None, run_after=None
[2025-08-14T11:19:27.665+0000] {processor.py:179} INFO - Processing /home/vscode/.local/lib/python3.10/site-packages/airflow/example_dags/tutorial_taskflow_api_virtualenv.py took 0.050 seconds
[2025-08-14T11:20:03.377+0000] {processor.py:157} INFO - Started process (PID=51781) to work on /home/vscode/.local/lib/python3.10/site-packages/airflow/example_dags/tutorial_taskflow_api_virtualenv.py
[2025-08-14T11:20:03.377+0000] {processor.py:826} INFO - Processing file /home/vscode/.local/lib/python3.10/site-packages/airflow/example_dags/tutorial_taskflow_api_virtualenv.py for tasks to queue
[2025-08-14T11:20:03.378+0000] {logging_mixin.py:150} INFO - [2025-08-14T11:20:03.378+0000] {dagbag.py:541} INFO - Filling up the DagBag from /home/vscode/.local/lib/python3.10/site-packages/airflow/example_dags/tutorial_taskflow_api_virtualenv.py
[2025-08-14T11:20:03.383+0000] {processor.py:836} INFO - DAG(s) dict_keys(['tutorial_taskflow_api_virtualenv']) retrieved from /home/vscode/.local/lib/python3.10/site-packages/airflow/example_dags/tutorial_taskflow_api_virtualenv.py
[2025-08-14T11:20:03.394+0000] {logging_mixin.py:150} INFO - [2025-08-14T11:20:03.394+0000] {dag.py:2742} INFO - Sync 1 DAGs
[2025-08-14T11:20:03.408+0000] {logging_mixin.py:150} INFO - [2025-08-14T11:20:03.407+0000] {dag.py:3504} INFO - Setting next_dagrun for tutorial_taskflow_api_virtualenv to None, run_after=None
[2025-08-14T11:20:03.423+0000] {processor.py:179} INFO - Processing /home/vscode/.local/lib/python3.10/site-packages/airflow/example_dags/tutorial_taskflow_api_virtualenv.py took 0.048 seconds
[2025-08-14T11:20:47.352+0000] {processor.py:157} INFO - Started process (PID=52196) to work on /home/vscode/.local/lib/python3.10/site-packages/airflow/example_dags/tutorial_taskflow_api_virtualenv.py
[2025-08-14T11:20:47.353+0000] {processor.py:826} INFO - Processing file /home/vscode/.local/lib/python3.10/site-packages/airflow/example_dags/tutorial_taskflow_api_virtualenv.py for tasks to queue
[2025-08-14T11:20:47.353+0000] {logging_mixin.py:150} INFO - [2025-08-14T11:20:47.353+0000] {dagbag.py:541} INFO - Filling up the DagBag from /home/vscode/.local/lib/python3.10/site-packages/airflow/example_dags/tutorial_taskflow_api_virtualenv.py
[2025-08-14T11:20:47.359+0000] {processor.py:836} INFO - DAG(s) dict_keys(['tutorial_taskflow_api_virtualenv']) retrieved from /home/vscode/.local/lib/python3.10/site-packages/airflow/example_dags/tutorial_taskflow_api_virtualenv.py
[2025-08-14T11:20:47.370+0000] {logging_mixin.py:150} INFO - [2025-08-14T11:20:47.370+0000] {dag.py:2742} INFO - Sync 1 DAGs
[2025-08-14T11:20:47.383+0000] {logging_mixin.py:150} INFO - [2025-08-14T11:20:47.383+0000] {dag.py:3504} INFO - Setting next_dagrun for tutorial_taskflow_api_virtualenv to None, run_after=None
[2025-08-14T11:20:47.398+0000] {processor.py:179} INFO - Processing /home/vscode/.local/lib/python3.10/site-packages/airflow/example_dags/tutorial_taskflow_api_virtualenv.py took 0.048 seconds
[2025-08-14T11:21:19.881+0000] {processor.py:157} INFO - Started process (PID=52513) to work on /home/vscode/.local/lib/python3.10/site-packages/airflow/example_dags/tutorial_taskflow_api_virtualenv.py
[2025-08-14T11:21:19.882+0000] {processor.py:826} INFO - Processing file /home/vscode/.local/lib/python3.10/site-packages/airflow/example_dags/tutorial_taskflow_api_virtualenv.py for tasks to queue
[2025-08-14T11:21:19.883+0000] {logging_mixin.py:150} INFO - [2025-08-14T11:21:19.882+0000] {dagbag.py:541} INFO - Filling up the DagBag from /home/vscode/.local/lib/python3.10/site-packages/airflow/example_dags/tutorial_taskflow_api_virtualenv.py
[2025-08-14T11:21:19.888+0000] {processor.py:836} INFO - DAG(s) dict_keys(['tutorial_taskflow_api_virtualenv']) retrieved from /home/vscode/.local/lib/python3.10/site-packages/airflow/example_dags/tutorial_taskflow_api_virtualenv.py
[2025-08-14T11:21:19.899+0000] {logging_mixin.py:150} INFO - [2025-08-14T11:21:19.899+0000] {dag.py:2742} INFO - Sync 1 DAGs
[2025-08-14T11:21:19.913+0000] {logging_mixin.py:150} INFO - [2025-08-14T11:21:19.912+0000] {dag.py:3504} INFO - Setting next_dagrun for tutorial_taskflow_api_virtualenv to None, run_after=None
[2025-08-14T11:21:19.927+0000] {processor.py:179} INFO - Processing /home/vscode/.local/lib/python3.10/site-packages/airflow/example_dags/tutorial_taskflow_api_virtualenv.py took 0.048 seconds
[2025-08-14T11:22:05.492+0000] {processor.py:157} INFO - Started process (PID=52943) to work on /home/vscode/.local/lib/python3.10/site-packages/airflow/example_dags/tutorial_taskflow_api_virtualenv.py
[2025-08-14T11:22:05.493+0000] {processor.py:826} INFO - Processing file /home/vscode/.local/lib/python3.10/site-packages/airflow/example_dags/tutorial_taskflow_api_virtualenv.py for tasks to queue
[2025-08-14T11:22:05.493+0000] {logging_mixin.py:150} INFO - [2025-08-14T11:22:05.493+0000] {dagbag.py:541} INFO - Filling up the DagBag from /home/vscode/.local/lib/python3.10/site-packages/airflow/example_dags/tutorial_taskflow_api_virtualenv.py
[2025-08-14T11:22:05.498+0000] {processor.py:836} INFO - DAG(s) dict_keys(['tutorial_taskflow_api_virtualenv']) retrieved from /home/vscode/.local/lib/python3.10/site-packages/airflow/example_dags/tutorial_taskflow_api_virtualenv.py
[2025-08-14T11:22:05.510+0000] {logging_mixin.py:150} INFO - [2025-08-14T11:22:05.510+0000] {dag.py:2742} INFO - Sync 1 DAGs
[2025-08-14T11:22:05.523+0000] {logging_mixin.py:150} INFO - [2025-08-14T11:22:05.523+0000] {dag.py:3504} INFO - Setting next_dagrun for tutorial_taskflow_api_virtualenv to None, run_after=None
[2025-08-14T11:22:05.540+0000] {processor.py:179} INFO - Processing /home/vscode/.local/lib/python3.10/site-packages/airflow/example_dags/tutorial_taskflow_api_virtualenv.py took 0.050 seconds
[2025-08-14T11:22:51.477+0000] {processor.py:157} INFO - Started process (PID=53396) to work on /home/vscode/.local/lib/python3.10/site-packages/airflow/example_dags/tutorial_taskflow_api_virtualenv.py
[2025-08-14T11:22:51.478+0000] {processor.py:826} INFO - Processing file /home/vscode/.local/lib/python3.10/site-packages/airflow/example_dags/tutorial_taskflow_api_virtualenv.py for tasks to queue
[2025-08-14T11:22:51.479+0000] {logging_mixin.py:150} INFO - [2025-08-14T11:22:51.479+0000] {dagbag.py:541} INFO - Filling up the DagBag from /home/vscode/.local/lib/python3.10/site-packages/airflow/example_dags/tutorial_taskflow_api_virtualenv.py
[2025-08-14T11:22:51.487+0000] {processor.py:836} INFO - DAG(s) dict_keys(['tutorial_taskflow_api_virtualenv']) retrieved from /home/vscode/.local/lib/python3.10/site-packages/airflow/example_dags/tutorial_taskflow_api_virtualenv.py
[2025-08-14T11:22:51.505+0000] {logging_mixin.py:150} INFO - [2025-08-14T11:22:51.505+0000] {dag.py:2742} INFO - Sync 1 DAGs
[2025-08-14T11:22:51.543+0000] {logging_mixin.py:150} INFO - [2025-08-14T11:22:51.543+0000] {dag.py:3504} INFO - Setting next_dagrun for tutorial_taskflow_api_virtualenv to None, run_after=None
[2025-08-14T11:22:51.561+0000] {processor.py:179} INFO - Processing /home/vscode/.local/lib/python3.10/site-packages/airflow/example_dags/tutorial_taskflow_api_virtualenv.py took 0.086 seconds
[2025-08-14T11:23:40.086+0000] {processor.py:157} INFO - Started process (PID=53850) to work on /home/vscode/.local/lib/python3.10/site-packages/airflow/example_dags/tutorial_taskflow_api_virtualenv.py
[2025-08-14T11:23:40.087+0000] {processor.py:826} INFO - Processing file /home/vscode/.local/lib/python3.10/site-packages/airflow/example_dags/tutorial_taskflow_api_virtualenv.py for tasks to queue
[2025-08-14T11:23:40.088+0000] {logging_mixin.py:150} INFO - [2025-08-14T11:23:40.088+0000] {dagbag.py:541} INFO - Filling up the DagBag from /home/vscode/.local/lib/python3.10/site-packages/airflow/example_dags/tutorial_taskflow_api_virtualenv.py
[2025-08-14T11:23:40.095+0000] {processor.py:836} INFO - DAG(s) dict_keys(['tutorial_taskflow_api_virtualenv']) retrieved from /home/vscode/.local/lib/python3.10/site-packages/airflow/example_dags/tutorial_taskflow_api_virtualenv.py
[2025-08-14T11:23:40.107+0000] {logging_mixin.py:150} INFO - [2025-08-14T11:23:40.107+0000] {dag.py:2742} INFO - Sync 1 DAGs
[2025-08-14T11:23:40.122+0000] {logging_mixin.py:150} INFO - [2025-08-14T11:23:40.122+0000] {dag.py:3504} INFO - Setting next_dagrun for tutorial_taskflow_api_virtualenv to None, run_after=None
[2025-08-14T11:23:40.137+0000] {processor.py:179} INFO - Processing /home/vscode/.local/lib/python3.10/site-packages/airflow/example_dags/tutorial_taskflow_api_virtualenv.py took 0.056 seconds
[2025-08-14T11:24:26.347+0000] {processor.py:157} INFO - Started process (PID=54296) to work on /home/vscode/.local/lib/python3.10/site-packages/airflow/example_dags/tutorial_taskflow_api_virtualenv.py
[2025-08-14T11:24:26.348+0000] {processor.py:826} INFO - Processing file /home/vscode/.local/lib/python3.10/site-packages/airflow/example_dags/tutorial_taskflow_api_virtualenv.py for tasks to queue
[2025-08-14T11:24:26.349+0000] {logging_mixin.py:150} INFO - [2025-08-14T11:24:26.349+0000] {dagbag.py:541} INFO - Filling up the DagBag from /home/vscode/.local/lib/python3.10/site-packages/airflow/example_dags/tutorial_taskflow_api_virtualenv.py
[2025-08-14T11:24:26.357+0000] {processor.py:836} INFO - DAG(s) dict_keys(['tutorial_taskflow_api_virtualenv']) retrieved from /home/vscode/.local/lib/python3.10/site-packages/airflow/example_dags/tutorial_taskflow_api_virtualenv.py
[2025-08-14T11:24:26.369+0000] {logging_mixin.py:150} INFO - [2025-08-14T11:24:26.369+0000] {dag.py:2742} INFO - Sync 1 DAGs
[2025-08-14T11:24:26.383+0000] {logging_mixin.py:150} INFO - [2025-08-14T11:24:26.383+0000] {dag.py:3504} INFO - Setting next_dagrun for tutorial_taskflow_api_virtualenv to None, run_after=None
[2025-08-14T11:24:26.399+0000] {processor.py:179} INFO - Processing /home/vscode/.local/lib/python3.10/site-packages/airflow/example_dags/tutorial_taskflow_api_virtualenv.py took 0.055 seconds
[2025-08-14T11:25:00.088+0000] {processor.py:157} INFO - Started process (PID=54611) to work on /home/vscode/.local/lib/python3.10/site-packages/airflow/example_dags/tutorial_taskflow_api_virtualenv.py
[2025-08-14T11:25:00.088+0000] {processor.py:826} INFO - Processing file /home/vscode/.local/lib/python3.10/site-packages/airflow/example_dags/tutorial_taskflow_api_virtualenv.py for tasks to queue
[2025-08-14T11:25:00.089+0000] {logging_mixin.py:150} INFO - [2025-08-14T11:25:00.089+0000] {dagbag.py:541} INFO - Filling up the DagBag from /home/vscode/.local/lib/python3.10/site-packages/airflow/example_dags/tutorial_taskflow_api_virtualenv.py
[2025-08-14T11:25:00.094+0000] {processor.py:836} INFO - DAG(s) dict_keys(['tutorial_taskflow_api_virtualenv']) retrieved from /home/vscode/.local/lib/python3.10/site-packages/airflow/example_dags/tutorial_taskflow_api_virtualenv.py
[2025-08-14T11:25:00.106+0000] {logging_mixin.py:150} INFO - [2025-08-14T11:25:00.106+0000] {dag.py:2742} INFO - Sync 1 DAGs
[2025-08-14T11:25:00.119+0000] {logging_mixin.py:150} INFO - [2025-08-14T11:25:00.119+0000] {dag.py:3504} INFO - Setting next_dagrun for tutorial_taskflow_api_virtualenv to None, run_after=None
[2025-08-14T11:25:00.135+0000] {processor.py:179} INFO - Processing /home/vscode/.local/lib/python3.10/site-packages/airflow/example_dags/tutorial_taskflow_api_virtualenv.py took 0.049 seconds
[2025-08-14T11:25:33.904+0000] {processor.py:157} INFO - Started process (PID=54931) to work on /home/vscode/.local/lib/python3.10/site-packages/airflow/example_dags/tutorial_taskflow_api_virtualenv.py
[2025-08-14T11:25:33.905+0000] {processor.py:826} INFO - Processing file /home/vscode/.local/lib/python3.10/site-packages/airflow/example_dags/tutorial_taskflow_api_virtualenv.py for tasks to queue
[2025-08-14T11:25:33.905+0000] {logging_mixin.py:150} INFO - [2025-08-14T11:25:33.905+0000] {dagbag.py:541} INFO - Filling up the DagBag from /home/vscode/.local/lib/python3.10/site-packages/airflow/example_dags/tutorial_taskflow_api_virtualenv.py
[2025-08-14T11:25:33.911+0000] {processor.py:836} INFO - DAG(s) dict_keys(['tutorial_taskflow_api_virtualenv']) retrieved from /home/vscode/.local/lib/python3.10/site-packages/airflow/example_dags/tutorial_taskflow_api_virtualenv.py
[2025-08-14T11:25:33.922+0000] {logging_mixin.py:150} INFO - [2025-08-14T11:25:33.922+0000] {dag.py:2742} INFO - Sync 1 DAGs
[2025-08-14T11:25:33.936+0000] {logging_mixin.py:150} INFO - [2025-08-14T11:25:33.936+0000] {dag.py:3504} INFO - Setting next_dagrun for tutorial_taskflow_api_virtualenv to None, run_after=None
[2025-08-14T11:25:33.954+0000] {processor.py:179} INFO - Processing /home/vscode/.local/lib/python3.10/site-packages/airflow/example_dags/tutorial_taskflow_api_virtualenv.py took 0.052 seconds
[2025-08-14T11:26:08.028+0000] {processor.py:157} INFO - Started process (PID=55265) to work on /home/vscode/.local/lib/python3.10/site-packages/airflow/example_dags/tutorial_taskflow_api_virtualenv.py
[2025-08-14T11:26:08.029+0000] {processor.py:826} INFO - Processing file /home/vscode/.local/lib/python3.10/site-packages/airflow/example_dags/tutorial_taskflow_api_virtualenv.py for tasks to queue
[2025-08-14T11:26:08.029+0000] {logging_mixin.py:150} INFO - [2025-08-14T11:26:08.029+0000] {dagbag.py:541} INFO - Filling up the DagBag from /home/vscode/.local/lib/python3.10/site-packages/airflow/example_dags/tutorial_taskflow_api_virtualenv.py
[2025-08-14T11:26:08.035+0000] {processor.py:836} INFO - DAG(s) dict_keys(['tutorial_taskflow_api_virtualenv']) retrieved from /home/vscode/.local/lib/python3.10/site-packages/airflow/example_dags/tutorial_taskflow_api_virtualenv.py
[2025-08-14T11:26:08.046+0000] {logging_mixin.py:150} INFO - [2025-08-14T11:26:08.046+0000] {dag.py:2742} INFO - Sync 1 DAGs
[2025-08-14T11:26:08.062+0000] {logging_mixin.py:150} INFO - [2025-08-14T11:26:08.061+0000] {dag.py:3504} INFO - Setting next_dagrun for tutorial_taskflow_api_virtualenv to None, run_after=None
[2025-08-14T11:26:08.077+0000] {processor.py:179} INFO - Processing /home/vscode/.local/lib/python3.10/site-packages/airflow/example_dags/tutorial_taskflow_api_virtualenv.py took 0.051 seconds
