[2025-08-14T09:39:13.221+0000] {processor.py:157} INFO - Started process (PID=3548) to work on /home/vscode/.local/lib/python3.10/site-packages/airflow/example_dags/tutorial.py
[2025-08-14T09:39:13.222+0000] {processor.py:826} INFO - Processing file /home/vscode/.local/lib/python3.10/site-packages/airflow/example_dags/tutorial.py for tasks to queue
[2025-08-14T09:39:13.225+0000] {logging_mixin.py:150} INFO - [2025-08-14T09:39:13.224+0000] {dagbag.py:541} INFO - Filling up the DagBag from /home/vscode/.local/lib/python3.10/site-packages/airflow/example_dags/tutorial.py
[2025-08-14T09:39:13.238+0000] {processor.py:836} INFO - DAG(s) dict_keys(['tutorial']) retrieved from /home/vscode/.local/lib/python3.10/site-packages/airflow/example_dags/tutorial.py
[2025-08-14T09:39:13.374+0000] {logging_mixin.py:150} INFO - [2025-08-14T09:39:13.373+0000] {manager.py:504} INFO - Created Permission View: can edit on DAG:tutorial
[2025-08-14T09:39:13.385+0000] {logging_mixin.py:150} INFO - [2025-08-14T09:39:13.385+0000] {manager.py:504} INFO - Created Permission View: can read on DAG:tutorial
[2025-08-14T09:39:13.393+0000] {logging_mixin.py:150} INFO - [2025-08-14T09:39:13.393+0000] {manager.py:504} INFO - Created Permission View: can delete on DAG:tutorial
[2025-08-14T09:39:13.405+0000] {logging_mixin.py:150} INFO - [2025-08-14T09:39:13.404+0000] {dag.py:2742} INFO - Sync 1 DAGs
[2025-08-14T09:39:13.416+0000] {logging_mixin.py:150} INFO - [2025-08-14T09:39:13.416+0000] {dag.py:2763} INFO - Creating ORM DAG for tutorial
[2025-08-14T09:39:13.426+0000] {logging_mixin.py:150} INFO - [2025-08-14T09:39:13.426+0000] {dag.py:3504} INFO - Setting next_dagrun for tutorial to 2025-08-13T09:39:13.425942+00:00, run_after=2025-08-14T09:39:13.425942+00:00
[2025-08-14T09:39:13.448+0000] {processor.py:179} INFO - Processing /home/vscode/.local/lib/python3.10/site-packages/airflow/example_dags/tutorial.py took 0.234 seconds
[2025-08-14T09:40:02.727+0000] {processor.py:157} INFO - Started process (PID=3886) to work on /home/vscode/.local/lib/python3.10/site-packages/airflow/example_dags/tutorial.py
[2025-08-14T09:40:02.728+0000] {processor.py:826} INFO - Processing file /home/vscode/.local/lib/python3.10/site-packages/airflow/example_dags/tutorial.py for tasks to queue
[2025-08-14T09:40:02.728+0000] {logging_mixin.py:150} INFO - [2025-08-14T09:40:02.728+0000] {dagbag.py:541} INFO - Filling up the DagBag from /home/vscode/.local/lib/python3.10/site-packages/airflow/example_dags/tutorial.py
[2025-08-14T09:40:02.733+0000] {processor.py:836} INFO - DAG(s) dict_keys(['tutorial']) retrieved from /home/vscode/.local/lib/python3.10/site-packages/airflow/example_dags/tutorial.py
[2025-08-14T09:40:02.744+0000] {logging_mixin.py:150} INFO - [2025-08-14T09:40:02.744+0000] {dag.py:2742} INFO - Sync 1 DAGs
[2025-08-14T09:40:02.760+0000] {logging_mixin.py:150} INFO - [2025-08-14T09:40:02.760+0000] {dag.py:3504} INFO - Setting next_dagrun for tutorial to 2025-08-13T09:40:02.760259+00:00, run_after=2025-08-14T09:40:02.760259+00:00
[2025-08-14T09:40:02.776+0000] {processor.py:179} INFO - Processing /home/vscode/.local/lib/python3.10/site-packages/airflow/example_dags/tutorial.py took 0.051 seconds
[2025-08-14T09:40:47.130+0000] {processor.py:157} INFO - Started process (PID=4185) to work on /home/vscode/.local/lib/python3.10/site-packages/airflow/example_dags/tutorial.py
[2025-08-14T09:40:47.131+0000] {processor.py:826} INFO - Processing file /home/vscode/.local/lib/python3.10/site-packages/airflow/example_dags/tutorial.py for tasks to queue
[2025-08-14T09:40:47.131+0000] {logging_mixin.py:150} INFO - [2025-08-14T09:40:47.131+0000] {dagbag.py:541} INFO - Filling up the DagBag from /home/vscode/.local/lib/python3.10/site-packages/airflow/example_dags/tutorial.py
[2025-08-14T09:40:47.136+0000] {processor.py:836} INFO - DAG(s) dict_keys(['tutorial']) retrieved from /home/vscode/.local/lib/python3.10/site-packages/airflow/example_dags/tutorial.py
[2025-08-14T09:40:47.147+0000] {logging_mixin.py:150} INFO - [2025-08-14T09:40:47.147+0000] {dag.py:2742} INFO - Sync 1 DAGs
[2025-08-14T09:40:47.161+0000] {logging_mixin.py:150} INFO - [2025-08-14T09:40:47.161+0000] {dag.py:3504} INFO - Setting next_dagrun for tutorial to 2025-08-13T09:40:47.161072+00:00, run_after=2025-08-14T09:40:47.161072+00:00
[2025-08-14T09:40:47.176+0000] {processor.py:179} INFO - Processing /home/vscode/.local/lib/python3.10/site-packages/airflow/example_dags/tutorial.py took 0.047 seconds
[2025-08-14T09:41:31.214+0000] {processor.py:157} INFO - Started process (PID=4509) to work on /home/vscode/.local/lib/python3.10/site-packages/airflow/example_dags/tutorial.py
[2025-08-14T09:41:31.215+0000] {processor.py:826} INFO - Processing file /home/vscode/.local/lib/python3.10/site-packages/airflow/example_dags/tutorial.py for tasks to queue
[2025-08-14T09:41:31.216+0000] {logging_mixin.py:150} INFO - [2025-08-14T09:41:31.215+0000] {dagbag.py:541} INFO - Filling up the DagBag from /home/vscode/.local/lib/python3.10/site-packages/airflow/example_dags/tutorial.py
[2025-08-14T09:41:31.222+0000] {processor.py:836} INFO - DAG(s) dict_keys(['tutorial']) retrieved from /home/vscode/.local/lib/python3.10/site-packages/airflow/example_dags/tutorial.py
[2025-08-14T09:41:31.234+0000] {logging_mixin.py:150} INFO - [2025-08-14T09:41:31.234+0000] {dag.py:2742} INFO - Sync 1 DAGs
[2025-08-14T09:41:31.248+0000] {logging_mixin.py:150} INFO - [2025-08-14T09:41:31.248+0000] {dag.py:3504} INFO - Setting next_dagrun for tutorial to 2025-08-13T09:41:31.248444+00:00, run_after=2025-08-14T09:41:31.248444+00:00
[2025-08-14T09:41:31.264+0000] {processor.py:179} INFO - Processing /home/vscode/.local/lib/python3.10/site-packages/airflow/example_dags/tutorial.py took 0.052 seconds
[2025-08-14T09:42:15.627+0000] {processor.py:157} INFO - Started process (PID=4841) to work on /home/vscode/.local/lib/python3.10/site-packages/airflow/example_dags/tutorial.py
[2025-08-14T09:42:15.628+0000] {processor.py:826} INFO - Processing file /home/vscode/.local/lib/python3.10/site-packages/airflow/example_dags/tutorial.py for tasks to queue
[2025-08-14T09:42:15.628+0000] {logging_mixin.py:150} INFO - [2025-08-14T09:42:15.628+0000] {dagbag.py:541} INFO - Filling up the DagBag from /home/vscode/.local/lib/python3.10/site-packages/airflow/example_dags/tutorial.py
[2025-08-14T09:42:15.633+0000] {processor.py:836} INFO - DAG(s) dict_keys(['tutorial']) retrieved from /home/vscode/.local/lib/python3.10/site-packages/airflow/example_dags/tutorial.py
[2025-08-14T09:42:15.645+0000] {logging_mixin.py:150} INFO - [2025-08-14T09:42:15.644+0000] {dag.py:2742} INFO - Sync 1 DAGs
[2025-08-14T09:42:15.658+0000] {logging_mixin.py:150} INFO - [2025-08-14T09:42:15.658+0000] {dag.py:3504} INFO - Setting next_dagrun for tutorial to 2025-08-13T09:42:15.658364+00:00, run_after=2025-08-14T09:42:15.658364+00:00
[2025-08-14T09:42:15.674+0000] {processor.py:179} INFO - Processing /home/vscode/.local/lib/python3.10/site-packages/airflow/example_dags/tutorial.py took 0.049 seconds
[2025-08-14T09:43:00.871+0000] {processor.py:157} INFO - Started process (PID=5158) to work on /home/vscode/.local/lib/python3.10/site-packages/airflow/example_dags/tutorial.py
[2025-08-14T09:43:00.872+0000] {processor.py:826} INFO - Processing file /home/vscode/.local/lib/python3.10/site-packages/airflow/example_dags/tutorial.py for tasks to queue
[2025-08-14T09:43:00.872+0000] {logging_mixin.py:150} INFO - [2025-08-14T09:43:00.872+0000] {dagbag.py:541} INFO - Filling up the DagBag from /home/vscode/.local/lib/python3.10/site-packages/airflow/example_dags/tutorial.py
[2025-08-14T09:43:00.877+0000] {processor.py:836} INFO - DAG(s) dict_keys(['tutorial']) retrieved from /home/vscode/.local/lib/python3.10/site-packages/airflow/example_dags/tutorial.py
[2025-08-14T09:43:00.889+0000] {logging_mixin.py:150} INFO - [2025-08-14T09:43:00.888+0000] {dag.py:2742} INFO - Sync 1 DAGs
[2025-08-14T09:43:00.903+0000] {logging_mixin.py:150} INFO - [2025-08-14T09:43:00.903+0000] {dag.py:3504} INFO - Setting next_dagrun for tutorial to 2025-08-13T09:43:00.902981+00:00, run_after=2025-08-14T09:43:00.902981+00:00
[2025-08-14T09:43:00.919+0000] {processor.py:179} INFO - Processing /home/vscode/.local/lib/python3.10/site-packages/airflow/example_dags/tutorial.py took 0.050 seconds
[2025-08-14T09:43:46.718+0000] {processor.py:157} INFO - Started process (PID=5489) to work on /home/vscode/.local/lib/python3.10/site-packages/airflow/example_dags/tutorial.py
[2025-08-14T09:43:46.719+0000] {processor.py:826} INFO - Processing file /home/vscode/.local/lib/python3.10/site-packages/airflow/example_dags/tutorial.py for tasks to queue
[2025-08-14T09:43:46.719+0000] {logging_mixin.py:150} INFO - [2025-08-14T09:43:46.719+0000] {dagbag.py:541} INFO - Filling up the DagBag from /home/vscode/.local/lib/python3.10/site-packages/airflow/example_dags/tutorial.py
[2025-08-14T09:43:46.725+0000] {processor.py:836} INFO - DAG(s) dict_keys(['tutorial']) retrieved from /home/vscode/.local/lib/python3.10/site-packages/airflow/example_dags/tutorial.py
[2025-08-14T09:43:46.736+0000] {logging_mixin.py:150} INFO - [2025-08-14T09:43:46.736+0000] {dag.py:2742} INFO - Sync 1 DAGs
[2025-08-14T09:43:46.750+0000] {logging_mixin.py:150} INFO - [2025-08-14T09:43:46.750+0000] {dag.py:3504} INFO - Setting next_dagrun for tutorial to 2025-08-13T09:43:46.750685+00:00, run_after=2025-08-14T09:43:46.750685+00:00
[2025-08-14T09:43:46.766+0000] {processor.py:179} INFO - Processing /home/vscode/.local/lib/python3.10/site-packages/airflow/example_dags/tutorial.py took 0.050 seconds
[2025-08-14T09:44:29.403+0000] {processor.py:157} INFO - Started process (PID=5806) to work on /home/vscode/.local/lib/python3.10/site-packages/airflow/example_dags/tutorial.py
[2025-08-14T09:44:29.404+0000] {processor.py:826} INFO - Processing file /home/vscode/.local/lib/python3.10/site-packages/airflow/example_dags/tutorial.py for tasks to queue
[2025-08-14T09:44:29.404+0000] {logging_mixin.py:150} INFO - [2025-08-14T09:44:29.404+0000] {dagbag.py:541} INFO - Filling up the DagBag from /home/vscode/.local/lib/python3.10/site-packages/airflow/example_dags/tutorial.py
[2025-08-14T09:44:29.409+0000] {processor.py:836} INFO - DAG(s) dict_keys(['tutorial']) retrieved from /home/vscode/.local/lib/python3.10/site-packages/airflow/example_dags/tutorial.py
[2025-08-14T09:44:29.421+0000] {logging_mixin.py:150} INFO - [2025-08-14T09:44:29.420+0000] {dag.py:2742} INFO - Sync 1 DAGs
[2025-08-14T09:44:29.435+0000] {logging_mixin.py:150} INFO - [2025-08-14T09:44:29.435+0000] {dag.py:3504} INFO - Setting next_dagrun for tutorial to 2025-08-13T09:44:29.435445+00:00, run_after=2025-08-14T09:44:29.435445+00:00
[2025-08-14T09:44:29.451+0000] {processor.py:179} INFO - Processing /home/vscode/.local/lib/python3.10/site-packages/airflow/example_dags/tutorial.py took 0.050 seconds
[2025-08-14T09:45:10.540+0000] {processor.py:157} INFO - Started process (PID=6124) to work on /home/vscode/.local/lib/python3.10/site-packages/airflow/example_dags/tutorial.py
[2025-08-14T09:45:10.540+0000] {processor.py:826} INFO - Processing file /home/vscode/.local/lib/python3.10/site-packages/airflow/example_dags/tutorial.py for tasks to queue
[2025-08-14T09:45:10.541+0000] {logging_mixin.py:150} INFO - [2025-08-14T09:45:10.541+0000] {dagbag.py:541} INFO - Filling up the DagBag from /home/vscode/.local/lib/python3.10/site-packages/airflow/example_dags/tutorial.py
[2025-08-14T09:45:10.546+0000] {processor.py:836} INFO - DAG(s) dict_keys(['tutorial']) retrieved from /home/vscode/.local/lib/python3.10/site-packages/airflow/example_dags/tutorial.py
[2025-08-14T09:45:10.561+0000] {logging_mixin.py:150} INFO - [2025-08-14T09:45:10.561+0000] {dag.py:2742} INFO - Sync 1 DAGs
[2025-08-14T09:45:10.583+0000] {logging_mixin.py:150} INFO - [2025-08-14T09:45:10.583+0000] {dag.py:3504} INFO - Setting next_dagrun for tutorial to 2025-08-13T09:45:10.582910+00:00, run_after=2025-08-14T09:45:10.582910+00:00
[2025-08-14T09:45:10.601+0000] {processor.py:179} INFO - Processing /home/vscode/.local/lib/python3.10/site-packages/airflow/example_dags/tutorial.py took 0.064 seconds
[2025-08-14T09:45:56.764+0000] {processor.py:157} INFO - Started process (PID=6436) to work on /home/vscode/.local/lib/python3.10/site-packages/airflow/example_dags/tutorial.py
[2025-08-14T09:45:56.765+0000] {processor.py:826} INFO - Processing file /home/vscode/.local/lib/python3.10/site-packages/airflow/example_dags/tutorial.py for tasks to queue
[2025-08-14T09:45:56.765+0000] {logging_mixin.py:150} INFO - [2025-08-14T09:45:56.765+0000] {dagbag.py:541} INFO - Filling up the DagBag from /home/vscode/.local/lib/python3.10/site-packages/airflow/example_dags/tutorial.py
[2025-08-14T09:45:56.770+0000] {processor.py:836} INFO - DAG(s) dict_keys(['tutorial']) retrieved from /home/vscode/.local/lib/python3.10/site-packages/airflow/example_dags/tutorial.py
[2025-08-14T09:45:56.782+0000] {logging_mixin.py:150} INFO - [2025-08-14T09:45:56.782+0000] {dag.py:2742} INFO - Sync 1 DAGs
[2025-08-14T09:45:56.796+0000] {logging_mixin.py:150} INFO - [2025-08-14T09:45:56.796+0000] {dag.py:3504} INFO - Setting next_dagrun for tutorial to 2025-08-13T09:45:56.796727+00:00, run_after=2025-08-14T09:45:56.796727+00:00
[2025-08-14T09:45:56.812+0000] {processor.py:179} INFO - Processing /home/vscode/.local/lib/python3.10/site-packages/airflow/example_dags/tutorial.py took 0.050 seconds
[2025-08-14T09:46:40.770+0000] {processor.py:157} INFO - Started process (PID=6729) to work on /home/vscode/.local/lib/python3.10/site-packages/airflow/example_dags/tutorial.py
[2025-08-14T09:46:40.771+0000] {processor.py:826} INFO - Processing file /home/vscode/.local/lib/python3.10/site-packages/airflow/example_dags/tutorial.py for tasks to queue
[2025-08-14T09:46:40.771+0000] {logging_mixin.py:150} INFO - [2025-08-14T09:46:40.771+0000] {dagbag.py:541} INFO - Filling up the DagBag from /home/vscode/.local/lib/python3.10/site-packages/airflow/example_dags/tutorial.py
[2025-08-14T09:46:40.776+0000] {processor.py:836} INFO - DAG(s) dict_keys(['tutorial']) retrieved from /home/vscode/.local/lib/python3.10/site-packages/airflow/example_dags/tutorial.py
[2025-08-14T09:46:40.789+0000] {logging_mixin.py:150} INFO - [2025-08-14T09:46:40.789+0000] {dag.py:2742} INFO - Sync 1 DAGs
[2025-08-14T09:46:40.802+0000] {logging_mixin.py:150} INFO - [2025-08-14T09:46:40.802+0000] {dag.py:3504} INFO - Setting next_dagrun for tutorial to 2025-08-13T09:46:40.802467+00:00, run_after=2025-08-14T09:46:40.802467+00:00
[2025-08-14T09:46:40.817+0000] {processor.py:179} INFO - Processing /home/vscode/.local/lib/python3.10/site-packages/airflow/example_dags/tutorial.py took 0.049 seconds
[2025-08-14T09:47:28.220+0000] {processor.py:157} INFO - Started process (PID=7042) to work on /home/vscode/.local/lib/python3.10/site-packages/airflow/example_dags/tutorial.py
[2025-08-14T09:47:28.220+0000] {processor.py:826} INFO - Processing file /home/vscode/.local/lib/python3.10/site-packages/airflow/example_dags/tutorial.py for tasks to queue
[2025-08-14T09:47:28.221+0000] {logging_mixin.py:150} INFO - [2025-08-14T09:47:28.221+0000] {dagbag.py:541} INFO - Filling up the DagBag from /home/vscode/.local/lib/python3.10/site-packages/airflow/example_dags/tutorial.py
[2025-08-14T09:47:28.225+0000] {processor.py:836} INFO - DAG(s) dict_keys(['tutorial']) retrieved from /home/vscode/.local/lib/python3.10/site-packages/airflow/example_dags/tutorial.py
[2025-08-14T09:47:28.236+0000] {logging_mixin.py:150} INFO - [2025-08-14T09:47:28.236+0000] {dag.py:2742} INFO - Sync 1 DAGs
[2025-08-14T09:47:28.250+0000] {logging_mixin.py:150} INFO - [2025-08-14T09:47:28.250+0000] {dag.py:3504} INFO - Setting next_dagrun for tutorial to 2025-08-13T09:47:28.250195+00:00, run_after=2025-08-14T09:47:28.250195+00:00
[2025-08-14T09:47:28.265+0000] {processor.py:179} INFO - Processing /home/vscode/.local/lib/python3.10/site-packages/airflow/example_dags/tutorial.py took 0.048 seconds
[2025-08-14T09:48:15.646+0000] {processor.py:157} INFO - Started process (PID=7384) to work on /home/vscode/.local/lib/python3.10/site-packages/airflow/example_dags/tutorial.py
[2025-08-14T09:48:15.647+0000] {processor.py:826} INFO - Processing file /home/vscode/.local/lib/python3.10/site-packages/airflow/example_dags/tutorial.py for tasks to queue
[2025-08-14T09:48:15.647+0000] {logging_mixin.py:150} INFO - [2025-08-14T09:48:15.647+0000] {dagbag.py:541} INFO - Filling up the DagBag from /home/vscode/.local/lib/python3.10/site-packages/airflow/example_dags/tutorial.py
[2025-08-14T09:48:15.652+0000] {processor.py:836} INFO - DAG(s) dict_keys(['tutorial']) retrieved from /home/vscode/.local/lib/python3.10/site-packages/airflow/example_dags/tutorial.py
[2025-08-14T09:48:15.667+0000] {logging_mixin.py:150} INFO - [2025-08-14T09:48:15.667+0000] {dag.py:2742} INFO - Sync 1 DAGs
[2025-08-14T09:48:15.683+0000] {logging_mixin.py:150} INFO - [2025-08-14T09:48:15.683+0000] {dag.py:3504} INFO - Setting next_dagrun for tutorial to 2025-08-13T09:48:15.683378+00:00, run_after=2025-08-14T09:48:15.683378+00:00
[2025-08-14T09:48:15.700+0000] {processor.py:179} INFO - Processing /home/vscode/.local/lib/python3.10/site-packages/airflow/example_dags/tutorial.py took 0.056 seconds
[2025-08-14T09:49:02.019+0000] {processor.py:157} INFO - Started process (PID=7730) to work on /home/vscode/.local/lib/python3.10/site-packages/airflow/example_dags/tutorial.py
[2025-08-14T09:49:02.020+0000] {processor.py:826} INFO - Processing file /home/vscode/.local/lib/python3.10/site-packages/airflow/example_dags/tutorial.py for tasks to queue
[2025-08-14T09:49:02.020+0000] {logging_mixin.py:150} INFO - [2025-08-14T09:49:02.020+0000] {dagbag.py:541} INFO - Filling up the DagBag from /home/vscode/.local/lib/python3.10/site-packages/airflow/example_dags/tutorial.py
[2025-08-14T09:49:02.025+0000] {processor.py:836} INFO - DAG(s) dict_keys(['tutorial']) retrieved from /home/vscode/.local/lib/python3.10/site-packages/airflow/example_dags/tutorial.py
[2025-08-14T09:49:02.036+0000] {logging_mixin.py:150} INFO - [2025-08-14T09:49:02.036+0000] {dag.py:2742} INFO - Sync 1 DAGs
[2025-08-14T09:49:02.051+0000] {logging_mixin.py:150} INFO - [2025-08-14T09:49:02.051+0000] {dag.py:3504} INFO - Setting next_dagrun for tutorial to 2025-08-13T09:49:02.051292+00:00, run_after=2025-08-14T09:49:02.051292+00:00
[2025-08-14T09:49:02.072+0000] {processor.py:179} INFO - Processing /home/vscode/.local/lib/python3.10/site-packages/airflow/example_dags/tutorial.py took 0.056 seconds
[2025-08-14T09:49:47.972+0000] {processor.py:157} INFO - Started process (PID=8073) to work on /home/vscode/.local/lib/python3.10/site-packages/airflow/example_dags/tutorial.py
[2025-08-14T09:49:47.973+0000] {processor.py:826} INFO - Processing file /home/vscode/.local/lib/python3.10/site-packages/airflow/example_dags/tutorial.py for tasks to queue
[2025-08-14T09:49:47.974+0000] {logging_mixin.py:150} INFO - [2025-08-14T09:49:47.973+0000] {dagbag.py:541} INFO - Filling up the DagBag from /home/vscode/.local/lib/python3.10/site-packages/airflow/example_dags/tutorial.py
[2025-08-14T09:49:47.979+0000] {processor.py:836} INFO - DAG(s) dict_keys(['tutorial']) retrieved from /home/vscode/.local/lib/python3.10/site-packages/airflow/example_dags/tutorial.py
[2025-08-14T09:49:47.990+0000] {logging_mixin.py:150} INFO - [2025-08-14T09:49:47.990+0000] {dag.py:2742} INFO - Sync 1 DAGs
[2025-08-14T09:49:48.005+0000] {logging_mixin.py:150} INFO - [2025-08-14T09:49:48.005+0000] {dag.py:3504} INFO - Setting next_dagrun for tutorial to 2025-08-13T09:49:48.005555+00:00, run_after=2025-08-14T09:49:48.005555+00:00
[2025-08-14T09:49:48.022+0000] {processor.py:179} INFO - Processing /home/vscode/.local/lib/python3.10/site-packages/airflow/example_dags/tutorial.py took 0.052 seconds
[2025-08-14T09:50:30.795+0000] {processor.py:157} INFO - Started process (PID=8393) to work on /home/vscode/.local/lib/python3.10/site-packages/airflow/example_dags/tutorial.py
[2025-08-14T09:50:30.796+0000] {processor.py:826} INFO - Processing file /home/vscode/.local/lib/python3.10/site-packages/airflow/example_dags/tutorial.py for tasks to queue
[2025-08-14T09:50:30.796+0000] {logging_mixin.py:150} INFO - [2025-08-14T09:50:30.796+0000] {dagbag.py:541} INFO - Filling up the DagBag from /home/vscode/.local/lib/python3.10/site-packages/airflow/example_dags/tutorial.py
[2025-08-14T09:50:30.801+0000] {processor.py:836} INFO - DAG(s) dict_keys(['tutorial']) retrieved from /home/vscode/.local/lib/python3.10/site-packages/airflow/example_dags/tutorial.py
[2025-08-14T09:50:30.812+0000] {logging_mixin.py:150} INFO - [2025-08-14T09:50:30.812+0000] {dag.py:2742} INFO - Sync 1 DAGs
[2025-08-14T09:50:30.825+0000] {logging_mixin.py:150} INFO - [2025-08-14T09:50:30.825+0000] {dag.py:3504} INFO - Setting next_dagrun for tutorial to 2025-08-13T09:50:30.825459+00:00, run_after=2025-08-14T09:50:30.825459+00:00
[2025-08-14T09:50:30.840+0000] {processor.py:179} INFO - Processing /home/vscode/.local/lib/python3.10/site-packages/airflow/example_dags/tutorial.py took 0.047 seconds
[2025-08-14T09:51:14.163+0000] {processor.py:157} INFO - Started process (PID=8721) to work on /home/vscode/.local/lib/python3.10/site-packages/airflow/example_dags/tutorial.py
[2025-08-14T09:51:14.164+0000] {processor.py:826} INFO - Processing file /home/vscode/.local/lib/python3.10/site-packages/airflow/example_dags/tutorial.py for tasks to queue
[2025-08-14T09:51:14.164+0000] {logging_mixin.py:150} INFO - [2025-08-14T09:51:14.164+0000] {dagbag.py:541} INFO - Filling up the DagBag from /home/vscode/.local/lib/python3.10/site-packages/airflow/example_dags/tutorial.py
[2025-08-14T09:51:14.170+0000] {processor.py:836} INFO - DAG(s) dict_keys(['tutorial']) retrieved from /home/vscode/.local/lib/python3.10/site-packages/airflow/example_dags/tutorial.py
[2025-08-14T09:51:14.182+0000] {logging_mixin.py:150} INFO - [2025-08-14T09:51:14.181+0000] {dag.py:2742} INFO - Sync 1 DAGs
[2025-08-14T09:51:14.195+0000] {logging_mixin.py:150} INFO - [2025-08-14T09:51:14.195+0000] {dag.py:3504} INFO - Setting next_dagrun for tutorial to 2025-08-13T09:51:14.195332+00:00, run_after=2025-08-14T09:51:14.195332+00:00
[2025-08-14T09:51:14.211+0000] {processor.py:179} INFO - Processing /home/vscode/.local/lib/python3.10/site-packages/airflow/example_dags/tutorial.py took 0.050 seconds
[2025-08-14T09:52:03.472+0000] {processor.py:157} INFO - Started process (PID=9060) to work on /home/vscode/.local/lib/python3.10/site-packages/airflow/example_dags/tutorial.py
[2025-08-14T09:52:03.473+0000] {processor.py:826} INFO - Processing file /home/vscode/.local/lib/python3.10/site-packages/airflow/example_dags/tutorial.py for tasks to queue
[2025-08-14T09:52:03.473+0000] {logging_mixin.py:150} INFO - [2025-08-14T09:52:03.473+0000] {dagbag.py:541} INFO - Filling up the DagBag from /home/vscode/.local/lib/python3.10/site-packages/airflow/example_dags/tutorial.py
[2025-08-14T09:52:03.479+0000] {processor.py:836} INFO - DAG(s) dict_keys(['tutorial']) retrieved from /home/vscode/.local/lib/python3.10/site-packages/airflow/example_dags/tutorial.py
[2025-08-14T09:52:03.493+0000] {logging_mixin.py:150} INFO - [2025-08-14T09:52:03.493+0000] {dag.py:2742} INFO - Sync 1 DAGs
[2025-08-14T09:52:03.516+0000] {logging_mixin.py:150} INFO - [2025-08-14T09:52:03.515+0000] {dag.py:3504} INFO - Setting next_dagrun for tutorial to 2025-08-13T09:52:03.515683+00:00, run_after=2025-08-14T09:52:03.515683+00:00
[2025-08-14T09:52:03.540+0000] {processor.py:179} INFO - Processing /home/vscode/.local/lib/python3.10/site-packages/airflow/example_dags/tutorial.py took 0.070 seconds
[2025-08-14T09:52:50.385+0000] {processor.py:157} INFO - Started process (PID=9372) to work on /home/vscode/.local/lib/python3.10/site-packages/airflow/example_dags/tutorial.py
[2025-08-14T09:52:50.386+0000] {processor.py:826} INFO - Processing file /home/vscode/.local/lib/python3.10/site-packages/airflow/example_dags/tutorial.py for tasks to queue
[2025-08-14T09:52:50.386+0000] {logging_mixin.py:150} INFO - [2025-08-14T09:52:50.386+0000] {dagbag.py:541} INFO - Filling up the DagBag from /home/vscode/.local/lib/python3.10/site-packages/airflow/example_dags/tutorial.py
[2025-08-14T09:52:50.391+0000] {processor.py:836} INFO - DAG(s) dict_keys(['tutorial']) retrieved from /home/vscode/.local/lib/python3.10/site-packages/airflow/example_dags/tutorial.py
[2025-08-14T09:52:50.402+0000] {logging_mixin.py:150} INFO - [2025-08-14T09:52:50.402+0000] {dag.py:2742} INFO - Sync 1 DAGs
[2025-08-14T09:52:50.415+0000] {logging_mixin.py:150} INFO - [2025-08-14T09:52:50.415+0000] {dag.py:3504} INFO - Setting next_dagrun for tutorial to 2025-08-13T09:52:50.415704+00:00, run_after=2025-08-14T09:52:50.415704+00:00
[2025-08-14T09:52:50.431+0000] {processor.py:179} INFO - Processing /home/vscode/.local/lib/python3.10/site-packages/airflow/example_dags/tutorial.py took 0.048 seconds
[2025-08-14T09:53:24.663+0000] {processor.py:157} INFO - Started process (PID=9603) to work on /home/vscode/.local/lib/python3.10/site-packages/airflow/example_dags/tutorial.py
[2025-08-14T09:53:24.664+0000] {processor.py:826} INFO - Processing file /home/vscode/.local/lib/python3.10/site-packages/airflow/example_dags/tutorial.py for tasks to queue
[2025-08-14T09:53:24.664+0000] {logging_mixin.py:150} INFO - [2025-08-14T09:53:24.664+0000] {dagbag.py:541} INFO - Filling up the DagBag from /home/vscode/.local/lib/python3.10/site-packages/airflow/example_dags/tutorial.py
[2025-08-14T09:53:24.669+0000] {processor.py:836} INFO - DAG(s) dict_keys(['tutorial']) retrieved from /home/vscode/.local/lib/python3.10/site-packages/airflow/example_dags/tutorial.py
[2025-08-14T09:53:24.680+0000] {logging_mixin.py:150} INFO - [2025-08-14T09:53:24.680+0000] {dag.py:2742} INFO - Sync 1 DAGs
[2025-08-14T09:53:24.695+0000] {logging_mixin.py:150} INFO - [2025-08-14T09:53:24.695+0000] {dag.py:3504} INFO - Setting next_dagrun for tutorial to 2025-08-13T09:53:24.695044+00:00, run_after=2025-08-14T09:53:24.695044+00:00
[2025-08-14T09:53:24.710+0000] {processor.py:179} INFO - Processing /home/vscode/.local/lib/python3.10/site-packages/airflow/example_dags/tutorial.py took 0.049 seconds
[2025-08-14T09:54:08.554+0000] {processor.py:157} INFO - Started process (PID=9898) to work on /home/vscode/.local/lib/python3.10/site-packages/airflow/example_dags/tutorial.py
[2025-08-14T09:54:08.555+0000] {processor.py:826} INFO - Processing file /home/vscode/.local/lib/python3.10/site-packages/airflow/example_dags/tutorial.py for tasks to queue
[2025-08-14T09:54:08.555+0000] {logging_mixin.py:150} INFO - [2025-08-14T09:54:08.555+0000] {dagbag.py:541} INFO - Filling up the DagBag from /home/vscode/.local/lib/python3.10/site-packages/airflow/example_dags/tutorial.py
[2025-08-14T09:54:08.560+0000] {processor.py:836} INFO - DAG(s) dict_keys(['tutorial']) retrieved from /home/vscode/.local/lib/python3.10/site-packages/airflow/example_dags/tutorial.py
[2025-08-14T09:54:08.572+0000] {logging_mixin.py:150} INFO - [2025-08-14T09:54:08.572+0000] {dag.py:2742} INFO - Sync 1 DAGs
[2025-08-14T09:54:08.586+0000] {logging_mixin.py:150} INFO - [2025-08-14T09:54:08.586+0000] {dag.py:3504} INFO - Setting next_dagrun for tutorial to 2025-08-13T09:54:08.586120+00:00, run_after=2025-08-14T09:54:08.586120+00:00
[2025-08-14T09:54:08.603+0000] {processor.py:179} INFO - Processing /home/vscode/.local/lib/python3.10/site-packages/airflow/example_dags/tutorial.py took 0.051 seconds
[2025-08-14T09:54:54.150+0000] {processor.py:157} INFO - Started process (PID=10201) to work on /home/vscode/.local/lib/python3.10/site-packages/airflow/example_dags/tutorial.py
[2025-08-14T09:54:54.151+0000] {processor.py:826} INFO - Processing file /home/vscode/.local/lib/python3.10/site-packages/airflow/example_dags/tutorial.py for tasks to queue
[2025-08-14T09:54:54.151+0000] {logging_mixin.py:150} INFO - [2025-08-14T09:54:54.151+0000] {dagbag.py:541} INFO - Filling up the DagBag from /home/vscode/.local/lib/python3.10/site-packages/airflow/example_dags/tutorial.py
[2025-08-14T09:54:54.156+0000] {processor.py:836} INFO - DAG(s) dict_keys(['tutorial']) retrieved from /home/vscode/.local/lib/python3.10/site-packages/airflow/example_dags/tutorial.py
[2025-08-14T09:54:54.168+0000] {logging_mixin.py:150} INFO - [2025-08-14T09:54:54.168+0000] {dag.py:2742} INFO - Sync 1 DAGs
[2025-08-14T09:54:54.182+0000] {logging_mixin.py:150} INFO - [2025-08-14T09:54:54.182+0000] {dag.py:3504} INFO - Setting next_dagrun for tutorial to 2025-08-13T09:54:54.182554+00:00, run_after=2025-08-14T09:54:54.182554+00:00
[2025-08-14T09:54:54.197+0000] {processor.py:179} INFO - Processing /home/vscode/.local/lib/python3.10/site-packages/airflow/example_dags/tutorial.py took 0.049 seconds
[2025-08-14T09:55:38.194+0000] {processor.py:157} INFO - Started process (PID=10497) to work on /home/vscode/.local/lib/python3.10/site-packages/airflow/example_dags/tutorial.py
[2025-08-14T09:55:38.195+0000] {processor.py:826} INFO - Processing file /home/vscode/.local/lib/python3.10/site-packages/airflow/example_dags/tutorial.py for tasks to queue
[2025-08-14T09:55:38.196+0000] {logging_mixin.py:150} INFO - [2025-08-14T09:55:38.195+0000] {dagbag.py:541} INFO - Filling up the DagBag from /home/vscode/.local/lib/python3.10/site-packages/airflow/example_dags/tutorial.py
[2025-08-14T09:55:38.201+0000] {processor.py:836} INFO - DAG(s) dict_keys(['tutorial']) retrieved from /home/vscode/.local/lib/python3.10/site-packages/airflow/example_dags/tutorial.py
[2025-08-14T09:55:38.212+0000] {logging_mixin.py:150} INFO - [2025-08-14T09:55:38.211+0000] {dag.py:2742} INFO - Sync 1 DAGs
[2025-08-14T09:55:38.225+0000] {logging_mixin.py:150} INFO - [2025-08-14T09:55:38.225+0000] {dag.py:3504} INFO - Setting next_dagrun for tutorial to 2025-08-13T09:55:38.225419+00:00, run_after=2025-08-14T09:55:38.225419+00:00
[2025-08-14T09:55:38.241+0000] {processor.py:179} INFO - Processing /home/vscode/.local/lib/python3.10/site-packages/airflow/example_dags/tutorial.py took 0.048 seconds
[2025-08-14T09:56:14.572+0000] {processor.py:157} INFO - Started process (PID=10750) to work on /home/vscode/.local/lib/python3.10/site-packages/airflow/example_dags/tutorial.py
[2025-08-14T09:56:14.572+0000] {processor.py:826} INFO - Processing file /home/vscode/.local/lib/python3.10/site-packages/airflow/example_dags/tutorial.py for tasks to queue
[2025-08-14T09:56:14.573+0000] {logging_mixin.py:150} INFO - [2025-08-14T09:56:14.573+0000] {dagbag.py:541} INFO - Filling up the DagBag from /home/vscode/.local/lib/python3.10/site-packages/airflow/example_dags/tutorial.py
[2025-08-14T09:56:14.578+0000] {processor.py:836} INFO - DAG(s) dict_keys(['tutorial']) retrieved from /home/vscode/.local/lib/python3.10/site-packages/airflow/example_dags/tutorial.py
[2025-08-14T09:56:14.589+0000] {logging_mixin.py:150} INFO - [2025-08-14T09:56:14.589+0000] {dag.py:2742} INFO - Sync 1 DAGs
[2025-08-14T09:56:14.604+0000] {logging_mixin.py:150} INFO - [2025-08-14T09:56:14.604+0000] {dag.py:3504} INFO - Setting next_dagrun for tutorial to 2025-08-13T09:56:14.604269+00:00, run_after=2025-08-14T09:56:14.604269+00:00
[2025-08-14T09:56:14.619+0000] {processor.py:179} INFO - Processing /home/vscode/.local/lib/python3.10/site-packages/airflow/example_dags/tutorial.py took 0.050 seconds
[2025-08-14T09:56:58.856+0000] {processor.py:157} INFO - Started process (PID=11113) to work on /home/vscode/.local/lib/python3.10/site-packages/airflow/example_dags/tutorial.py
[2025-08-14T09:56:58.857+0000] {processor.py:826} INFO - Processing file /home/vscode/.local/lib/python3.10/site-packages/airflow/example_dags/tutorial.py for tasks to queue
[2025-08-14T09:56:58.858+0000] {logging_mixin.py:150} INFO - [2025-08-14T09:56:58.858+0000] {dagbag.py:541} INFO - Filling up the DagBag from /home/vscode/.local/lib/python3.10/site-packages/airflow/example_dags/tutorial.py
[2025-08-14T09:56:58.863+0000] {processor.py:836} INFO - DAG(s) dict_keys(['tutorial']) retrieved from /home/vscode/.local/lib/python3.10/site-packages/airflow/example_dags/tutorial.py
[2025-08-14T09:56:58.874+0000] {logging_mixin.py:150} INFO - [2025-08-14T09:56:58.874+0000] {dag.py:2742} INFO - Sync 1 DAGs
[2025-08-14T09:56:58.889+0000] {logging_mixin.py:150} INFO - [2025-08-14T09:56:58.889+0000] {dag.py:3504} INFO - Setting next_dagrun for tutorial to 2025-08-13T09:56:58.889232+00:00, run_after=2025-08-14T09:56:58.889232+00:00
[2025-08-14T09:56:58.905+0000] {processor.py:179} INFO - Processing /home/vscode/.local/lib/python3.10/site-packages/airflow/example_dags/tutorial.py took 0.051 seconds
[2025-08-14T09:57:47.149+0000] {processor.py:157} INFO - Started process (PID=11506) to work on /home/vscode/.local/lib/python3.10/site-packages/airflow/example_dags/tutorial.py
[2025-08-14T09:57:47.150+0000] {processor.py:826} INFO - Processing file /home/vscode/.local/lib/python3.10/site-packages/airflow/example_dags/tutorial.py for tasks to queue
[2025-08-14T09:57:47.151+0000] {logging_mixin.py:150} INFO - [2025-08-14T09:57:47.151+0000] {dagbag.py:541} INFO - Filling up the DagBag from /home/vscode/.local/lib/python3.10/site-packages/airflow/example_dags/tutorial.py
[2025-08-14T09:57:47.158+0000] {processor.py:836} INFO - DAG(s) dict_keys(['tutorial']) retrieved from /home/vscode/.local/lib/python3.10/site-packages/airflow/example_dags/tutorial.py
[2025-08-14T09:57:47.173+0000] {logging_mixin.py:150} INFO - [2025-08-14T09:57:47.173+0000] {dag.py:2742} INFO - Sync 1 DAGs
[2025-08-14T09:57:47.194+0000] {logging_mixin.py:150} INFO - [2025-08-14T09:57:47.194+0000] {dag.py:3504} INFO - Setting next_dagrun for tutorial to 2025-08-13T09:57:47.194287+00:00, run_after=2025-08-14T09:57:47.194287+00:00
[2025-08-14T09:57:47.212+0000] {processor.py:179} INFO - Processing /home/vscode/.local/lib/python3.10/site-packages/airflow/example_dags/tutorial.py took 0.066 seconds
[2025-08-14T09:58:34.569+0000] {processor.py:157} INFO - Started process (PID=11826) to work on /home/vscode/.local/lib/python3.10/site-packages/airflow/example_dags/tutorial.py
[2025-08-14T09:58:34.569+0000] {processor.py:826} INFO - Processing file /home/vscode/.local/lib/python3.10/site-packages/airflow/example_dags/tutorial.py for tasks to queue
[2025-08-14T09:58:34.570+0000] {logging_mixin.py:150} INFO - [2025-08-14T09:58:34.570+0000] {dagbag.py:541} INFO - Filling up the DagBag from /home/vscode/.local/lib/python3.10/site-packages/airflow/example_dags/tutorial.py
[2025-08-14T09:58:34.575+0000] {processor.py:836} INFO - DAG(s) dict_keys(['tutorial']) retrieved from /home/vscode/.local/lib/python3.10/site-packages/airflow/example_dags/tutorial.py
[2025-08-14T09:58:34.586+0000] {logging_mixin.py:150} INFO - [2025-08-14T09:58:34.586+0000] {dag.py:2742} INFO - Sync 1 DAGs
[2025-08-14T09:58:34.600+0000] {logging_mixin.py:150} INFO - [2025-08-14T09:58:34.600+0000] {dag.py:3504} INFO - Setting next_dagrun for tutorial to 2025-08-13T09:58:34.600274+00:00, run_after=2025-08-14T09:58:34.600274+00:00
[2025-08-14T09:58:34.616+0000] {processor.py:179} INFO - Processing /home/vscode/.local/lib/python3.10/site-packages/airflow/example_dags/tutorial.py took 0.050 seconds
[2025-08-14T10:05:51.105+0000] {processor.py:157} INFO - Started process (PID=15071) to work on /home/vscode/.local/lib/python3.10/site-packages/airflow/example_dags/tutorial.py
[2025-08-14T10:05:51.106+0000] {processor.py:826} INFO - Processing file /home/vscode/.local/lib/python3.10/site-packages/airflow/example_dags/tutorial.py for tasks to queue
[2025-08-14T10:05:51.107+0000] {logging_mixin.py:150} INFO - [2025-08-14T10:05:51.107+0000] {dagbag.py:541} INFO - Filling up the DagBag from /home/vscode/.local/lib/python3.10/site-packages/airflow/example_dags/tutorial.py
[2025-08-14T10:05:51.117+0000] {processor.py:836} INFO - DAG(s) dict_keys(['tutorial']) retrieved from /home/vscode/.local/lib/python3.10/site-packages/airflow/example_dags/tutorial.py
[2025-08-14T10:05:51.150+0000] {logging_mixin.py:150} INFO - [2025-08-14T10:05:51.149+0000] {dag.py:2742} INFO - Sync 1 DAGs
[2025-08-14T10:05:51.173+0000] {logging_mixin.py:150} INFO - [2025-08-14T10:05:51.173+0000] {dag.py:3504} INFO - Setting next_dagrun for tutorial to 2025-08-13T10:05:51.173501+00:00, run_after=2025-08-14T10:05:51.173501+00:00
[2025-08-14T10:05:51.195+0000] {processor.py:179} INFO - Processing /home/vscode/.local/lib/python3.10/site-packages/airflow/example_dags/tutorial.py took 0.093 seconds
[2025-08-14T10:06:36.813+0000] {processor.py:157} INFO - Started process (PID=15370) to work on /home/vscode/.local/lib/python3.10/site-packages/airflow/example_dags/tutorial.py
[2025-08-14T10:06:36.814+0000] {processor.py:826} INFO - Processing file /home/vscode/.local/lib/python3.10/site-packages/airflow/example_dags/tutorial.py for tasks to queue
[2025-08-14T10:06:36.815+0000] {logging_mixin.py:150} INFO - [2025-08-14T10:06:36.814+0000] {dagbag.py:541} INFO - Filling up the DagBag from /home/vscode/.local/lib/python3.10/site-packages/airflow/example_dags/tutorial.py
[2025-08-14T10:06:36.820+0000] {processor.py:836} INFO - DAG(s) dict_keys(['tutorial']) retrieved from /home/vscode/.local/lib/python3.10/site-packages/airflow/example_dags/tutorial.py
[2025-08-14T10:06:36.831+0000] {logging_mixin.py:150} INFO - [2025-08-14T10:06:36.831+0000] {dag.py:2742} INFO - Sync 1 DAGs
[2025-08-14T10:06:36.847+0000] {logging_mixin.py:150} INFO - [2025-08-14T10:06:36.847+0000] {dag.py:3504} INFO - Setting next_dagrun for tutorial to 2025-08-13T10:06:36.847277+00:00, run_after=2025-08-14T10:06:36.847277+00:00
[2025-08-14T10:06:36.869+0000] {processor.py:179} INFO - Processing /home/vscode/.local/lib/python3.10/site-packages/airflow/example_dags/tutorial.py took 0.057 seconds
[2025-08-14T10:07:21.863+0000] {processor.py:157} INFO - Started process (PID=15671) to work on /home/vscode/.local/lib/python3.10/site-packages/airflow/example_dags/tutorial.py
[2025-08-14T10:07:21.864+0000] {processor.py:826} INFO - Processing file /home/vscode/.local/lib/python3.10/site-packages/airflow/example_dags/tutorial.py for tasks to queue
[2025-08-14T10:07:21.864+0000] {logging_mixin.py:150} INFO - [2025-08-14T10:07:21.864+0000] {dagbag.py:541} INFO - Filling up the DagBag from /home/vscode/.local/lib/python3.10/site-packages/airflow/example_dags/tutorial.py
[2025-08-14T10:07:21.870+0000] {processor.py:836} INFO - DAG(s) dict_keys(['tutorial']) retrieved from /home/vscode/.local/lib/python3.10/site-packages/airflow/example_dags/tutorial.py
[2025-08-14T10:07:21.881+0000] {logging_mixin.py:150} INFO - [2025-08-14T10:07:21.880+0000] {dag.py:2742} INFO - Sync 1 DAGs
[2025-08-14T10:07:21.894+0000] {logging_mixin.py:150} INFO - [2025-08-14T10:07:21.894+0000] {dag.py:3504} INFO - Setting next_dagrun for tutorial to 2025-08-13T10:07:21.894686+00:00, run_after=2025-08-14T10:07:21.894686+00:00
[2025-08-14T10:07:21.912+0000] {processor.py:179} INFO - Processing /home/vscode/.local/lib/python3.10/site-packages/airflow/example_dags/tutorial.py took 0.052 seconds
[2025-08-14T10:08:08.490+0000] {processor.py:157} INFO - Started process (PID=16058) to work on /home/vscode/.local/lib/python3.10/site-packages/airflow/example_dags/tutorial.py
[2025-08-14T10:08:08.490+0000] {processor.py:826} INFO - Processing file /home/vscode/.local/lib/python3.10/site-packages/airflow/example_dags/tutorial.py for tasks to queue
[2025-08-14T10:08:08.491+0000] {logging_mixin.py:150} INFO - [2025-08-14T10:08:08.491+0000] {dagbag.py:541} INFO - Filling up the DagBag from /home/vscode/.local/lib/python3.10/site-packages/airflow/example_dags/tutorial.py
[2025-08-14T10:08:08.496+0000] {processor.py:836} INFO - DAG(s) dict_keys(['tutorial']) retrieved from /home/vscode/.local/lib/python3.10/site-packages/airflow/example_dags/tutorial.py
[2025-08-14T10:08:08.507+0000] {logging_mixin.py:150} INFO - [2025-08-14T10:08:08.506+0000] {dag.py:2742} INFO - Sync 1 DAGs
[2025-08-14T10:08:08.520+0000] {logging_mixin.py:150} INFO - [2025-08-14T10:08:08.520+0000] {dag.py:3504} INFO - Setting next_dagrun for tutorial to 2025-08-13T10:08:08.520263+00:00, run_after=2025-08-14T10:08:08.520263+00:00
[2025-08-14T10:08:08.535+0000] {processor.py:179} INFO - Processing /home/vscode/.local/lib/python3.10/site-packages/airflow/example_dags/tutorial.py took 0.047 seconds
[2025-08-14T10:08:55.846+0000] {processor.py:157} INFO - Started process (PID=16499) to work on /home/vscode/.local/lib/python3.10/site-packages/airflow/example_dags/tutorial.py
[2025-08-14T10:08:55.847+0000] {processor.py:826} INFO - Processing file /home/vscode/.local/lib/python3.10/site-packages/airflow/example_dags/tutorial.py for tasks to queue
[2025-08-14T10:08:55.848+0000] {logging_mixin.py:150} INFO - [2025-08-14T10:08:55.847+0000] {dagbag.py:541} INFO - Filling up the DagBag from /home/vscode/.local/lib/python3.10/site-packages/airflow/example_dags/tutorial.py
[2025-08-14T10:08:55.852+0000] {processor.py:836} INFO - DAG(s) dict_keys(['tutorial']) retrieved from /home/vscode/.local/lib/python3.10/site-packages/airflow/example_dags/tutorial.py
[2025-08-14T10:08:55.858+0000] {logging_mixin.py:150} INFO - [2025-08-14T10:08:55.858+0000] {dag.py:2742} INFO - Sync 1 DAGs
[2025-08-14T10:08:55.873+0000] {logging_mixin.py:150} INFO - [2025-08-14T10:08:55.873+0000] {dag.py:3504} INFO - Setting next_dagrun for tutorial to 2025-08-13T10:08:55.873577+00:00, run_after=2025-08-14T10:08:55.873577+00:00
[2025-08-14T10:08:55.889+0000] {processor.py:179} INFO - Processing /home/vscode/.local/lib/python3.10/site-packages/airflow/example_dags/tutorial.py took 0.044 seconds
[2025-08-14T10:09:44.331+0000] {processor.py:157} INFO - Started process (PID=16866) to work on /home/vscode/.local/lib/python3.10/site-packages/airflow/example_dags/tutorial.py
[2025-08-14T10:09:44.332+0000] {processor.py:826} INFO - Processing file /home/vscode/.local/lib/python3.10/site-packages/airflow/example_dags/tutorial.py for tasks to queue
[2025-08-14T10:09:44.332+0000] {logging_mixin.py:150} INFO - [2025-08-14T10:09:44.332+0000] {dagbag.py:541} INFO - Filling up the DagBag from /home/vscode/.local/lib/python3.10/site-packages/airflow/example_dags/tutorial.py
[2025-08-14T10:09:44.338+0000] {processor.py:836} INFO - DAG(s) dict_keys(['tutorial']) retrieved from /home/vscode/.local/lib/python3.10/site-packages/airflow/example_dags/tutorial.py
[2025-08-14T10:09:44.350+0000] {logging_mixin.py:150} INFO - [2025-08-14T10:09:44.349+0000] {dag.py:2742} INFO - Sync 1 DAGs
[2025-08-14T10:09:44.365+0000] {logging_mixin.py:150} INFO - [2025-08-14T10:09:44.365+0000] {dag.py:3504} INFO - Setting next_dagrun for tutorial to 2025-08-13T10:09:44.365091+00:00, run_after=2025-08-14T10:09:44.365091+00:00
[2025-08-14T10:09:44.381+0000] {processor.py:179} INFO - Processing /home/vscode/.local/lib/python3.10/site-packages/airflow/example_dags/tutorial.py took 0.052 seconds
[2025-08-14T10:10:28.652+0000] {processor.py:157} INFO - Started process (PID=17190) to work on /home/vscode/.local/lib/python3.10/site-packages/airflow/example_dags/tutorial.py
[2025-08-14T10:10:28.653+0000] {processor.py:826} INFO - Processing file /home/vscode/.local/lib/python3.10/site-packages/airflow/example_dags/tutorial.py for tasks to queue
[2025-08-14T10:10:28.654+0000] {logging_mixin.py:150} INFO - [2025-08-14T10:10:28.653+0000] {dagbag.py:541} INFO - Filling up the DagBag from /home/vscode/.local/lib/python3.10/site-packages/airflow/example_dags/tutorial.py
[2025-08-14T10:10:28.659+0000] {processor.py:836} INFO - DAG(s) dict_keys(['tutorial']) retrieved from /home/vscode/.local/lib/python3.10/site-packages/airflow/example_dags/tutorial.py
[2025-08-14T10:10:28.671+0000] {logging_mixin.py:150} INFO - [2025-08-14T10:10:28.671+0000] {dag.py:2742} INFO - Sync 1 DAGs
[2025-08-14T10:10:28.687+0000] {logging_mixin.py:150} INFO - [2025-08-14T10:10:28.687+0000] {dag.py:3504} INFO - Setting next_dagrun for tutorial to 2025-08-13T10:10:28.687173+00:00, run_after=2025-08-14T10:10:28.687173+00:00
[2025-08-14T10:10:28.703+0000] {processor.py:179} INFO - Processing /home/vscode/.local/lib/python3.10/site-packages/airflow/example_dags/tutorial.py took 0.053 seconds
[2025-08-14T10:11:18.889+0000] {processor.py:157} INFO - Started process (PID=17564) to work on /home/vscode/.local/lib/python3.10/site-packages/airflow/example_dags/tutorial.py
[2025-08-14T10:11:18.890+0000] {processor.py:826} INFO - Processing file /home/vscode/.local/lib/python3.10/site-packages/airflow/example_dags/tutorial.py for tasks to queue
[2025-08-14T10:11:18.890+0000] {logging_mixin.py:150} INFO - [2025-08-14T10:11:18.890+0000] {dagbag.py:541} INFO - Filling up the DagBag from /home/vscode/.local/lib/python3.10/site-packages/airflow/example_dags/tutorial.py
[2025-08-14T10:11:18.895+0000] {processor.py:836} INFO - DAG(s) dict_keys(['tutorial']) retrieved from /home/vscode/.local/lib/python3.10/site-packages/airflow/example_dags/tutorial.py
[2025-08-14T10:11:18.906+0000] {logging_mixin.py:150} INFO - [2025-08-14T10:11:18.905+0000] {dag.py:2742} INFO - Sync 1 DAGs
[2025-08-14T10:11:18.919+0000] {logging_mixin.py:150} INFO - [2025-08-14T10:11:18.919+0000] {dag.py:3504} INFO - Setting next_dagrun for tutorial to 2025-08-13T10:11:18.919337+00:00, run_after=2025-08-14T10:11:18.919337+00:00
[2025-08-14T10:11:18.934+0000] {processor.py:179} INFO - Processing /home/vscode/.local/lib/python3.10/site-packages/airflow/example_dags/tutorial.py took 0.047 seconds
[2025-08-14T10:12:03.384+0000] {processor.py:157} INFO - Started process (PID=17900) to work on /home/vscode/.local/lib/python3.10/site-packages/airflow/example_dags/tutorial.py
[2025-08-14T10:12:03.384+0000] {processor.py:826} INFO - Processing file /home/vscode/.local/lib/python3.10/site-packages/airflow/example_dags/tutorial.py for tasks to queue
[2025-08-14T10:12:03.385+0000] {logging_mixin.py:150} INFO - [2025-08-14T10:12:03.385+0000] {dagbag.py:541} INFO - Filling up the DagBag from /home/vscode/.local/lib/python3.10/site-packages/airflow/example_dags/tutorial.py
[2025-08-14T10:12:03.390+0000] {processor.py:836} INFO - DAG(s) dict_keys(['tutorial']) retrieved from /home/vscode/.local/lib/python3.10/site-packages/airflow/example_dags/tutorial.py
[2025-08-14T10:12:03.400+0000] {logging_mixin.py:150} INFO - [2025-08-14T10:12:03.400+0000] {dag.py:2742} INFO - Sync 1 DAGs
[2025-08-14T10:12:03.414+0000] {logging_mixin.py:150} INFO - [2025-08-14T10:12:03.414+0000] {dag.py:3504} INFO - Setting next_dagrun for tutorial to 2025-08-13T10:12:03.414313+00:00, run_after=2025-08-14T10:12:03.414313+00:00
[2025-08-14T10:12:03.429+0000] {processor.py:179} INFO - Processing /home/vscode/.local/lib/python3.10/site-packages/airflow/example_dags/tutorial.py took 0.048 seconds
[2025-08-14T10:12:46.646+0000] {processor.py:157} INFO - Started process (PID=18224) to work on /home/vscode/.local/lib/python3.10/site-packages/airflow/example_dags/tutorial.py
[2025-08-14T10:12:46.648+0000] {processor.py:826} INFO - Processing file /home/vscode/.local/lib/python3.10/site-packages/airflow/example_dags/tutorial.py for tasks to queue
[2025-08-14T10:12:46.649+0000] {logging_mixin.py:150} INFO - [2025-08-14T10:12:46.648+0000] {dagbag.py:541} INFO - Filling up the DagBag from /home/vscode/.local/lib/python3.10/site-packages/airflow/example_dags/tutorial.py
[2025-08-14T10:12:46.656+0000] {processor.py:836} INFO - DAG(s) dict_keys(['tutorial']) retrieved from /home/vscode/.local/lib/python3.10/site-packages/airflow/example_dags/tutorial.py
[2025-08-14T10:12:46.669+0000] {logging_mixin.py:150} INFO - [2025-08-14T10:12:46.669+0000] {dag.py:2742} INFO - Sync 1 DAGs
[2025-08-14T10:12:46.683+0000] {logging_mixin.py:150} INFO - [2025-08-14T10:12:46.683+0000] {dag.py:3504} INFO - Setting next_dagrun for tutorial to 2025-08-13T10:12:46.683675+00:00, run_after=2025-08-14T10:12:46.683675+00:00
[2025-08-14T10:12:46.699+0000] {processor.py:179} INFO - Processing /home/vscode/.local/lib/python3.10/site-packages/airflow/example_dags/tutorial.py took 0.056 seconds
[2025-08-14T10:13:22.705+0000] {processor.py:157} INFO - Started process (PID=18491) to work on /home/vscode/.local/lib/python3.10/site-packages/airflow/example_dags/tutorial.py
[2025-08-14T10:13:22.706+0000] {processor.py:826} INFO - Processing file /home/vscode/.local/lib/python3.10/site-packages/airflow/example_dags/tutorial.py for tasks to queue
[2025-08-14T10:13:22.707+0000] {logging_mixin.py:150} INFO - [2025-08-14T10:13:22.706+0000] {dagbag.py:541} INFO - Filling up the DagBag from /home/vscode/.local/lib/python3.10/site-packages/airflow/example_dags/tutorial.py
[2025-08-14T10:13:22.712+0000] {processor.py:836} INFO - DAG(s) dict_keys(['tutorial']) retrieved from /home/vscode/.local/lib/python3.10/site-packages/airflow/example_dags/tutorial.py
[2025-08-14T10:13:22.723+0000] {logging_mixin.py:150} INFO - [2025-08-14T10:13:22.723+0000] {dag.py:2742} INFO - Sync 1 DAGs
[2025-08-14T10:13:22.738+0000] {logging_mixin.py:150} INFO - [2025-08-14T10:13:22.738+0000] {dag.py:3504} INFO - Setting next_dagrun for tutorial to 2025-08-13T10:13:22.738129+00:00, run_after=2025-08-14T10:13:22.738129+00:00
[2025-08-14T10:13:22.754+0000] {processor.py:179} INFO - Processing /home/vscode/.local/lib/python3.10/site-packages/airflow/example_dags/tutorial.py took 0.051 seconds
[2025-08-14T10:13:56.164+0000] {processor.py:157} INFO - Started process (PID=18740) to work on /home/vscode/.local/lib/python3.10/site-packages/airflow/example_dags/tutorial.py
[2025-08-14T10:13:56.165+0000] {processor.py:826} INFO - Processing file /home/vscode/.local/lib/python3.10/site-packages/airflow/example_dags/tutorial.py for tasks to queue
[2025-08-14T10:13:56.165+0000] {logging_mixin.py:150} INFO - [2025-08-14T10:13:56.165+0000] {dagbag.py:541} INFO - Filling up the DagBag from /home/vscode/.local/lib/python3.10/site-packages/airflow/example_dags/tutorial.py
[2025-08-14T10:13:56.171+0000] {processor.py:836} INFO - DAG(s) dict_keys(['tutorial']) retrieved from /home/vscode/.local/lib/python3.10/site-packages/airflow/example_dags/tutorial.py
[2025-08-14T10:13:56.182+0000] {logging_mixin.py:150} INFO - [2025-08-14T10:13:56.182+0000] {dag.py:2742} INFO - Sync 1 DAGs
[2025-08-14T10:13:56.197+0000] {logging_mixin.py:150} INFO - [2025-08-14T10:13:56.197+0000] {dag.py:3504} INFO - Setting next_dagrun for tutorial to 2025-08-13T10:13:56.197194+00:00, run_after=2025-08-14T10:13:56.197194+00:00
[2025-08-14T10:13:56.225+0000] {processor.py:179} INFO - Processing /home/vscode/.local/lib/python3.10/site-packages/airflow/example_dags/tutorial.py took 0.064 seconds
[2025-08-14T10:14:39.261+0000] {processor.py:157} INFO - Started process (PID=19061) to work on /home/vscode/.local/lib/python3.10/site-packages/airflow/example_dags/tutorial.py
[2025-08-14T10:14:39.261+0000] {processor.py:826} INFO - Processing file /home/vscode/.local/lib/python3.10/site-packages/airflow/example_dags/tutorial.py for tasks to queue
[2025-08-14T10:14:39.262+0000] {logging_mixin.py:150} INFO - [2025-08-14T10:14:39.262+0000] {dagbag.py:541} INFO - Filling up the DagBag from /home/vscode/.local/lib/python3.10/site-packages/airflow/example_dags/tutorial.py
[2025-08-14T10:14:39.267+0000] {processor.py:836} INFO - DAG(s) dict_keys(['tutorial']) retrieved from /home/vscode/.local/lib/python3.10/site-packages/airflow/example_dags/tutorial.py
[2025-08-14T10:14:39.278+0000] {logging_mixin.py:150} INFO - [2025-08-14T10:14:39.278+0000] {dag.py:2742} INFO - Sync 1 DAGs
[2025-08-14T10:14:39.293+0000] {logging_mixin.py:150} INFO - [2025-08-14T10:14:39.293+0000] {dag.py:3504} INFO - Setting next_dagrun for tutorial to 2025-08-13T10:14:39.293055+00:00, run_after=2025-08-14T10:14:39.293055+00:00
[2025-08-14T10:14:39.311+0000] {processor.py:179} INFO - Processing /home/vscode/.local/lib/python3.10/site-packages/airflow/example_dags/tutorial.py took 0.053 seconds
[2025-08-14T10:15:22.377+0000] {processor.py:157} INFO - Started process (PID=19380) to work on /home/vscode/.local/lib/python3.10/site-packages/airflow/example_dags/tutorial.py
[2025-08-14T10:15:22.377+0000] {processor.py:826} INFO - Processing file /home/vscode/.local/lib/python3.10/site-packages/airflow/example_dags/tutorial.py for tasks to queue
[2025-08-14T10:15:22.378+0000] {logging_mixin.py:150} INFO - [2025-08-14T10:15:22.378+0000] {dagbag.py:541} INFO - Filling up the DagBag from /home/vscode/.local/lib/python3.10/site-packages/airflow/example_dags/tutorial.py
[2025-08-14T10:15:22.383+0000] {processor.py:836} INFO - DAG(s) dict_keys(['tutorial']) retrieved from /home/vscode/.local/lib/python3.10/site-packages/airflow/example_dags/tutorial.py
[2025-08-14T10:15:22.394+0000] {logging_mixin.py:150} INFO - [2025-08-14T10:15:22.394+0000] {dag.py:2742} INFO - Sync 1 DAGs
[2025-08-14T10:15:22.408+0000] {logging_mixin.py:150} INFO - [2025-08-14T10:15:22.408+0000] {dag.py:3504} INFO - Setting next_dagrun for tutorial to 2025-08-13T10:15:22.407874+00:00, run_after=2025-08-14T10:15:22.407874+00:00
[2025-08-14T10:15:22.424+0000] {processor.py:179} INFO - Processing /home/vscode/.local/lib/python3.10/site-packages/airflow/example_dags/tutorial.py took 0.050 seconds
[2025-08-14T10:16:02.376+0000] {processor.py:157} INFO - Started process (PID=19673) to work on /home/vscode/.local/lib/python3.10/site-packages/airflow/example_dags/tutorial.py
[2025-08-14T10:16:02.377+0000] {processor.py:826} INFO - Processing file /home/vscode/.local/lib/python3.10/site-packages/airflow/example_dags/tutorial.py for tasks to queue
[2025-08-14T10:16:02.378+0000] {logging_mixin.py:150} INFO - [2025-08-14T10:16:02.377+0000] {dagbag.py:541} INFO - Filling up the DagBag from /home/vscode/.local/lib/python3.10/site-packages/airflow/example_dags/tutorial.py
[2025-08-14T10:16:02.382+0000] {processor.py:836} INFO - DAG(s) dict_keys(['tutorial']) retrieved from /home/vscode/.local/lib/python3.10/site-packages/airflow/example_dags/tutorial.py
[2025-08-14T10:16:02.393+0000] {logging_mixin.py:150} INFO - [2025-08-14T10:16:02.393+0000] {dag.py:2742} INFO - Sync 1 DAGs
[2025-08-14T10:16:02.407+0000] {logging_mixin.py:150} INFO - [2025-08-14T10:16:02.407+0000] {dag.py:3504} INFO - Setting next_dagrun for tutorial to 2025-08-13T10:16:02.407309+00:00, run_after=2025-08-14T10:16:02.407309+00:00
[2025-08-14T10:16:02.423+0000] {processor.py:179} INFO - Processing /home/vscode/.local/lib/python3.10/site-packages/airflow/example_dags/tutorial.py took 0.048 seconds
[2025-08-14T10:16:39.740+0000] {processor.py:157} INFO - Started process (PID=19955) to work on /home/vscode/.local/lib/python3.10/site-packages/airflow/example_dags/tutorial.py
[2025-08-14T10:16:39.741+0000] {processor.py:826} INFO - Processing file /home/vscode/.local/lib/python3.10/site-packages/airflow/example_dags/tutorial.py for tasks to queue
[2025-08-14T10:16:39.741+0000] {logging_mixin.py:150} INFO - [2025-08-14T10:16:39.741+0000] {dagbag.py:541} INFO - Filling up the DagBag from /home/vscode/.local/lib/python3.10/site-packages/airflow/example_dags/tutorial.py
[2025-08-14T10:16:39.746+0000] {processor.py:836} INFO - DAG(s) dict_keys(['tutorial']) retrieved from /home/vscode/.local/lib/python3.10/site-packages/airflow/example_dags/tutorial.py
[2025-08-14T10:16:39.759+0000] {logging_mixin.py:150} INFO - [2025-08-14T10:16:39.759+0000] {dag.py:2742} INFO - Sync 1 DAGs
[2025-08-14T10:16:39.779+0000] {logging_mixin.py:150} INFO - [2025-08-14T10:16:39.779+0000] {dag.py:3504} INFO - Setting next_dagrun for tutorial to 2025-08-13T10:16:39.779180+00:00, run_after=2025-08-14T10:16:39.779180+00:00
[2025-08-14T10:16:39.800+0000] {processor.py:179} INFO - Processing /home/vscode/.local/lib/python3.10/site-packages/airflow/example_dags/tutorial.py took 0.062 seconds
[2025-08-14T10:17:29.671+0000] {processor.py:157} INFO - Started process (PID=20329) to work on /home/vscode/.local/lib/python3.10/site-packages/airflow/example_dags/tutorial.py
[2025-08-14T10:17:29.672+0000] {processor.py:826} INFO - Processing file /home/vscode/.local/lib/python3.10/site-packages/airflow/example_dags/tutorial.py for tasks to queue
[2025-08-14T10:17:29.673+0000] {logging_mixin.py:150} INFO - [2025-08-14T10:17:29.672+0000] {dagbag.py:541} INFO - Filling up the DagBag from /home/vscode/.local/lib/python3.10/site-packages/airflow/example_dags/tutorial.py
[2025-08-14T10:17:29.678+0000] {processor.py:836} INFO - DAG(s) dict_keys(['tutorial']) retrieved from /home/vscode/.local/lib/python3.10/site-packages/airflow/example_dags/tutorial.py
[2025-08-14T10:17:29.691+0000] {logging_mixin.py:150} INFO - [2025-08-14T10:17:29.691+0000] {dag.py:2742} INFO - Sync 1 DAGs
[2025-08-14T10:17:29.713+0000] {logging_mixin.py:150} INFO - [2025-08-14T10:17:29.713+0000] {dag.py:3504} INFO - Setting next_dagrun for tutorial to 2025-08-13T10:17:29.713226+00:00, run_after=2025-08-14T10:17:29.713226+00:00
[2025-08-14T10:17:29.734+0000] {processor.py:179} INFO - Processing /home/vscode/.local/lib/python3.10/site-packages/airflow/example_dags/tutorial.py took 0.065 seconds
[2025-08-14T10:18:15.439+0000] {processor.py:157} INFO - Started process (PID=20643) to work on /home/vscode/.local/lib/python3.10/site-packages/airflow/example_dags/tutorial.py
[2025-08-14T10:18:15.440+0000] {processor.py:826} INFO - Processing file /home/vscode/.local/lib/python3.10/site-packages/airflow/example_dags/tutorial.py for tasks to queue
[2025-08-14T10:18:15.440+0000] {logging_mixin.py:150} INFO - [2025-08-14T10:18:15.440+0000] {dagbag.py:541} INFO - Filling up the DagBag from /home/vscode/.local/lib/python3.10/site-packages/airflow/example_dags/tutorial.py
[2025-08-14T10:18:15.445+0000] {processor.py:836} INFO - DAG(s) dict_keys(['tutorial']) retrieved from /home/vscode/.local/lib/python3.10/site-packages/airflow/example_dags/tutorial.py
[2025-08-14T10:18:15.456+0000] {logging_mixin.py:150} INFO - [2025-08-14T10:18:15.455+0000] {dag.py:2742} INFO - Sync 1 DAGs
[2025-08-14T10:18:15.469+0000] {logging_mixin.py:150} INFO - [2025-08-14T10:18:15.469+0000] {dag.py:3504} INFO - Setting next_dagrun for tutorial to 2025-08-13T10:18:15.469748+00:00, run_after=2025-08-14T10:18:15.469748+00:00
[2025-08-14T10:18:15.486+0000] {processor.py:179} INFO - Processing /home/vscode/.local/lib/python3.10/site-packages/airflow/example_dags/tutorial.py took 0.049 seconds
[2025-08-14T10:19:02.884+0000] {processor.py:157} INFO - Started process (PID=20954) to work on /home/vscode/.local/lib/python3.10/site-packages/airflow/example_dags/tutorial.py
[2025-08-14T10:19:02.885+0000] {processor.py:826} INFO - Processing file /home/vscode/.local/lib/python3.10/site-packages/airflow/example_dags/tutorial.py for tasks to queue
[2025-08-14T10:19:02.885+0000] {logging_mixin.py:150} INFO - [2025-08-14T10:19:02.885+0000] {dagbag.py:541} INFO - Filling up the DagBag from /home/vscode/.local/lib/python3.10/site-packages/airflow/example_dags/tutorial.py
[2025-08-14T10:19:02.890+0000] {processor.py:836} INFO - DAG(s) dict_keys(['tutorial']) retrieved from /home/vscode/.local/lib/python3.10/site-packages/airflow/example_dags/tutorial.py
[2025-08-14T10:19:02.901+0000] {logging_mixin.py:150} INFO - [2025-08-14T10:19:02.901+0000] {dag.py:2742} INFO - Sync 1 DAGs
[2025-08-14T10:19:02.915+0000] {logging_mixin.py:150} INFO - [2025-08-14T10:19:02.915+0000] {dag.py:3504} INFO - Setting next_dagrun for tutorial to 2025-08-13T10:19:02.914939+00:00, run_after=2025-08-14T10:19:02.914939+00:00
[2025-08-14T10:19:02.930+0000] {processor.py:179} INFO - Processing /home/vscode/.local/lib/python3.10/site-packages/airflow/example_dags/tutorial.py took 0.048 seconds
[2025-08-14T10:19:49.661+0000] {processor.py:157} INFO - Started process (PID=21290) to work on /home/vscode/.local/lib/python3.10/site-packages/airflow/example_dags/tutorial.py
[2025-08-14T10:19:49.662+0000] {processor.py:826} INFO - Processing file /home/vscode/.local/lib/python3.10/site-packages/airflow/example_dags/tutorial.py for tasks to queue
[2025-08-14T10:19:49.662+0000] {logging_mixin.py:150} INFO - [2025-08-14T10:19:49.662+0000] {dagbag.py:541} INFO - Filling up the DagBag from /home/vscode/.local/lib/python3.10/site-packages/airflow/example_dags/tutorial.py
[2025-08-14T10:19:49.667+0000] {processor.py:836} INFO - DAG(s) dict_keys(['tutorial']) retrieved from /home/vscode/.local/lib/python3.10/site-packages/airflow/example_dags/tutorial.py
[2025-08-14T10:19:49.678+0000] {logging_mixin.py:150} INFO - [2025-08-14T10:19:49.678+0000] {dag.py:2742} INFO - Sync 1 DAGs
[2025-08-14T10:19:49.691+0000] {logging_mixin.py:150} INFO - [2025-08-14T10:19:49.691+0000] {dag.py:3504} INFO - Setting next_dagrun for tutorial to 2025-08-13T10:19:49.691603+00:00, run_after=2025-08-14T10:19:49.691603+00:00
[2025-08-14T10:19:49.707+0000] {processor.py:179} INFO - Processing /home/vscode/.local/lib/python3.10/site-packages/airflow/example_dags/tutorial.py took 0.048 seconds
[2025-08-14T10:20:36.016+0000] {processor.py:157} INFO - Started process (PID=21641) to work on /home/vscode/.local/lib/python3.10/site-packages/airflow/example_dags/tutorial.py
[2025-08-14T10:20:36.017+0000] {processor.py:826} INFO - Processing file /home/vscode/.local/lib/python3.10/site-packages/airflow/example_dags/tutorial.py for tasks to queue
[2025-08-14T10:20:36.018+0000] {logging_mixin.py:150} INFO - [2025-08-14T10:20:36.017+0000] {dagbag.py:541} INFO - Filling up the DagBag from /home/vscode/.local/lib/python3.10/site-packages/airflow/example_dags/tutorial.py
[2025-08-14T10:20:36.023+0000] {processor.py:836} INFO - DAG(s) dict_keys(['tutorial']) retrieved from /home/vscode/.local/lib/python3.10/site-packages/airflow/example_dags/tutorial.py
[2025-08-14T10:20:36.034+0000] {logging_mixin.py:150} INFO - [2025-08-14T10:20:36.034+0000] {dag.py:2742} INFO - Sync 1 DAGs
[2025-08-14T10:20:36.048+0000] {logging_mixin.py:150} INFO - [2025-08-14T10:20:36.048+0000] {dag.py:3504} INFO - Setting next_dagrun for tutorial to 2025-08-13T10:20:36.048407+00:00, run_after=2025-08-14T10:20:36.048407+00:00
[2025-08-14T10:20:36.064+0000] {processor.py:179} INFO - Processing /home/vscode/.local/lib/python3.10/site-packages/airflow/example_dags/tutorial.py took 0.049 seconds
[2025-08-14T10:21:24.122+0000] {processor.py:157} INFO - Started process (PID=21954) to work on /home/vscode/.local/lib/python3.10/site-packages/airflow/example_dags/tutorial.py
[2025-08-14T10:21:24.122+0000] {processor.py:826} INFO - Processing file /home/vscode/.local/lib/python3.10/site-packages/airflow/example_dags/tutorial.py for tasks to queue
[2025-08-14T10:21:24.123+0000] {logging_mixin.py:150} INFO - [2025-08-14T10:21:24.123+0000] {dagbag.py:541} INFO - Filling up the DagBag from /home/vscode/.local/lib/python3.10/site-packages/airflow/example_dags/tutorial.py
[2025-08-14T10:21:24.128+0000] {processor.py:836} INFO - DAG(s) dict_keys(['tutorial']) retrieved from /home/vscode/.local/lib/python3.10/site-packages/airflow/example_dags/tutorial.py
[2025-08-14T10:21:24.139+0000] {logging_mixin.py:150} INFO - [2025-08-14T10:21:24.139+0000] {dag.py:2742} INFO - Sync 1 DAGs
[2025-08-14T10:21:24.153+0000] {logging_mixin.py:150} INFO - [2025-08-14T10:21:24.153+0000] {dag.py:3504} INFO - Setting next_dagrun for tutorial to 2025-08-13T10:21:24.153503+00:00, run_after=2025-08-14T10:21:24.153503+00:00
[2025-08-14T10:21:24.169+0000] {processor.py:179} INFO - Processing /home/vscode/.local/lib/python3.10/site-packages/airflow/example_dags/tutorial.py took 0.050 seconds
[2025-08-14T10:22:09.673+0000] {processor.py:157} INFO - Started process (PID=22258) to work on /home/vscode/.local/lib/python3.10/site-packages/airflow/example_dags/tutorial.py
[2025-08-14T10:22:09.674+0000] {processor.py:826} INFO - Processing file /home/vscode/.local/lib/python3.10/site-packages/airflow/example_dags/tutorial.py for tasks to queue
[2025-08-14T10:22:09.675+0000] {logging_mixin.py:150} INFO - [2025-08-14T10:22:09.675+0000] {dagbag.py:541} INFO - Filling up the DagBag from /home/vscode/.local/lib/python3.10/site-packages/airflow/example_dags/tutorial.py
[2025-08-14T10:22:09.682+0000] {processor.py:836} INFO - DAG(s) dict_keys(['tutorial']) retrieved from /home/vscode/.local/lib/python3.10/site-packages/airflow/example_dags/tutorial.py
[2025-08-14T10:22:09.698+0000] {logging_mixin.py:150} INFO - [2025-08-14T10:22:09.698+0000] {dag.py:2742} INFO - Sync 1 DAGs
[2025-08-14T10:22:09.720+0000] {logging_mixin.py:150} INFO - [2025-08-14T10:22:09.720+0000] {dag.py:3504} INFO - Setting next_dagrun for tutorial to 2025-08-13T10:22:09.720044+00:00, run_after=2025-08-14T10:22:09.720044+00:00
[2025-08-14T10:22:09.737+0000] {processor.py:179} INFO - Processing /home/vscode/.local/lib/python3.10/site-packages/airflow/example_dags/tutorial.py took 0.066 seconds
[2025-08-14T10:22:43.940+0000] {processor.py:157} INFO - Started process (PID=22484) to work on /home/vscode/.local/lib/python3.10/site-packages/airflow/example_dags/tutorial.py
[2025-08-14T10:22:43.940+0000] {processor.py:826} INFO - Processing file /home/vscode/.local/lib/python3.10/site-packages/airflow/example_dags/tutorial.py for tasks to queue
[2025-08-14T10:22:43.941+0000] {logging_mixin.py:150} INFO - [2025-08-14T10:22:43.941+0000] {dagbag.py:541} INFO - Filling up the DagBag from /home/vscode/.local/lib/python3.10/site-packages/airflow/example_dags/tutorial.py
[2025-08-14T10:22:43.946+0000] {processor.py:836} INFO - DAG(s) dict_keys(['tutorial']) retrieved from /home/vscode/.local/lib/python3.10/site-packages/airflow/example_dags/tutorial.py
[2025-08-14T10:22:43.957+0000] {logging_mixin.py:150} INFO - [2025-08-14T10:22:43.957+0000] {dag.py:2742} INFO - Sync 1 DAGs
[2025-08-14T10:22:43.971+0000] {logging_mixin.py:150} INFO - [2025-08-14T10:22:43.971+0000] {dag.py:3504} INFO - Setting next_dagrun for tutorial to 2025-08-13T10:22:43.970904+00:00, run_after=2025-08-14T10:22:43.970904+00:00
[2025-08-14T10:22:43.986+0000] {processor.py:179} INFO - Processing /home/vscode/.local/lib/python3.10/site-packages/airflow/example_dags/tutorial.py took 0.048 seconds
[2025-08-14T10:23:27.969+0000] {processor.py:157} INFO - Started process (PID=22789) to work on /home/vscode/.local/lib/python3.10/site-packages/airflow/example_dags/tutorial.py
[2025-08-14T10:23:27.970+0000] {processor.py:826} INFO - Processing file /home/vscode/.local/lib/python3.10/site-packages/airflow/example_dags/tutorial.py for tasks to queue
[2025-08-14T10:23:27.970+0000] {logging_mixin.py:150} INFO - [2025-08-14T10:23:27.970+0000] {dagbag.py:541} INFO - Filling up the DagBag from /home/vscode/.local/lib/python3.10/site-packages/airflow/example_dags/tutorial.py
[2025-08-14T10:23:27.975+0000] {processor.py:836} INFO - DAG(s) dict_keys(['tutorial']) retrieved from /home/vscode/.local/lib/python3.10/site-packages/airflow/example_dags/tutorial.py
[2025-08-14T10:23:27.987+0000] {logging_mixin.py:150} INFO - [2025-08-14T10:23:27.986+0000] {dag.py:2742} INFO - Sync 1 DAGs
[2025-08-14T10:23:28.001+0000] {logging_mixin.py:150} INFO - [2025-08-14T10:23:28.001+0000] {dag.py:3504} INFO - Setting next_dagrun for tutorial to 2025-08-13T10:23:28.001011+00:00, run_after=2025-08-14T10:23:28.001011+00:00
[2025-08-14T10:23:28.017+0000] {processor.py:179} INFO - Processing /home/vscode/.local/lib/python3.10/site-packages/airflow/example_dags/tutorial.py took 0.051 seconds
[2025-08-14T10:24:14.017+0000] {processor.py:157} INFO - Started process (PID=23104) to work on /home/vscode/.local/lib/python3.10/site-packages/airflow/example_dags/tutorial.py
[2025-08-14T10:24:14.017+0000] {processor.py:826} INFO - Processing file /home/vscode/.local/lib/python3.10/site-packages/airflow/example_dags/tutorial.py for tasks to queue
[2025-08-14T10:24:14.018+0000] {logging_mixin.py:150} INFO - [2025-08-14T10:24:14.018+0000] {dagbag.py:541} INFO - Filling up the DagBag from /home/vscode/.local/lib/python3.10/site-packages/airflow/example_dags/tutorial.py
[2025-08-14T10:24:14.023+0000] {processor.py:836} INFO - DAG(s) dict_keys(['tutorial']) retrieved from /home/vscode/.local/lib/python3.10/site-packages/airflow/example_dags/tutorial.py
[2025-08-14T10:24:14.033+0000] {logging_mixin.py:150} INFO - [2025-08-14T10:24:14.033+0000] {dag.py:2742} INFO - Sync 1 DAGs
[2025-08-14T10:24:14.047+0000] {logging_mixin.py:150} INFO - [2025-08-14T10:24:14.047+0000] {dag.py:3504} INFO - Setting next_dagrun for tutorial to 2025-08-13T10:24:14.047392+00:00, run_after=2025-08-14T10:24:14.047392+00:00
[2025-08-14T10:24:14.062+0000] {processor.py:179} INFO - Processing /home/vscode/.local/lib/python3.10/site-packages/airflow/example_dags/tutorial.py took 0.048 seconds
[2025-08-14T10:25:01.434+0000] {processor.py:157} INFO - Started process (PID=23438) to work on /home/vscode/.local/lib/python3.10/site-packages/airflow/example_dags/tutorial.py
[2025-08-14T10:25:01.435+0000] {processor.py:826} INFO - Processing file /home/vscode/.local/lib/python3.10/site-packages/airflow/example_dags/tutorial.py for tasks to queue
[2025-08-14T10:25:01.436+0000] {logging_mixin.py:150} INFO - [2025-08-14T10:25:01.435+0000] {dagbag.py:541} INFO - Filling up the DagBag from /home/vscode/.local/lib/python3.10/site-packages/airflow/example_dags/tutorial.py
[2025-08-14T10:25:01.443+0000] {processor.py:836} INFO - DAG(s) dict_keys(['tutorial']) retrieved from /home/vscode/.local/lib/python3.10/site-packages/airflow/example_dags/tutorial.py
[2025-08-14T10:25:01.461+0000] {logging_mixin.py:150} INFO - [2025-08-14T10:25:01.460+0000] {dag.py:2742} INFO - Sync 1 DAGs
[2025-08-14T10:25:01.480+0000] {logging_mixin.py:150} INFO - [2025-08-14T10:25:01.480+0000] {dag.py:3504} INFO - Setting next_dagrun for tutorial to 2025-08-13T10:25:01.480516+00:00, run_after=2025-08-14T10:25:01.480516+00:00
[2025-08-14T10:25:01.496+0000] {processor.py:179} INFO - Processing /home/vscode/.local/lib/python3.10/site-packages/airflow/example_dags/tutorial.py took 0.066 seconds
[2025-08-14T10:25:44.624+0000] {processor.py:157} INFO - Started process (PID=23732) to work on /home/vscode/.local/lib/python3.10/site-packages/airflow/example_dags/tutorial.py
[2025-08-14T10:25:44.625+0000] {processor.py:826} INFO - Processing file /home/vscode/.local/lib/python3.10/site-packages/airflow/example_dags/tutorial.py for tasks to queue
[2025-08-14T10:25:44.626+0000] {logging_mixin.py:150} INFO - [2025-08-14T10:25:44.625+0000] {dagbag.py:541} INFO - Filling up the DagBag from /home/vscode/.local/lib/python3.10/site-packages/airflow/example_dags/tutorial.py
[2025-08-14T10:25:44.630+0000] {processor.py:836} INFO - DAG(s) dict_keys(['tutorial']) retrieved from /home/vscode/.local/lib/python3.10/site-packages/airflow/example_dags/tutorial.py
[2025-08-14T10:25:44.641+0000] {logging_mixin.py:150} INFO - [2025-08-14T10:25:44.641+0000] {dag.py:2742} INFO - Sync 1 DAGs
[2025-08-14T10:25:44.656+0000] {logging_mixin.py:150} INFO - [2025-08-14T10:25:44.655+0000] {dag.py:3504} INFO - Setting next_dagrun for tutorial to 2025-08-13T10:25:44.655780+00:00, run_after=2025-08-14T10:25:44.655780+00:00
[2025-08-14T10:25:44.672+0000] {processor.py:179} INFO - Processing /home/vscode/.local/lib/python3.10/site-packages/airflow/example_dags/tutorial.py took 0.050 seconds
[2025-08-14T10:26:32.735+0000] {processor.py:157} INFO - Started process (PID=24055) to work on /home/vscode/.local/lib/python3.10/site-packages/airflow/example_dags/tutorial.py
[2025-08-14T10:26:32.736+0000] {processor.py:826} INFO - Processing file /home/vscode/.local/lib/python3.10/site-packages/airflow/example_dags/tutorial.py for tasks to queue
[2025-08-14T10:26:32.737+0000] {logging_mixin.py:150} INFO - [2025-08-14T10:26:32.736+0000] {dagbag.py:541} INFO - Filling up the DagBag from /home/vscode/.local/lib/python3.10/site-packages/airflow/example_dags/tutorial.py
[2025-08-14T10:26:32.742+0000] {processor.py:836} INFO - DAG(s) dict_keys(['tutorial']) retrieved from /home/vscode/.local/lib/python3.10/site-packages/airflow/example_dags/tutorial.py
[2025-08-14T10:26:32.753+0000] {logging_mixin.py:150} INFO - [2025-08-14T10:26:32.753+0000] {dag.py:2742} INFO - Sync 1 DAGs
[2025-08-14T10:26:32.767+0000] {logging_mixin.py:150} INFO - [2025-08-14T10:26:32.767+0000] {dag.py:3504} INFO - Setting next_dagrun for tutorial to 2025-08-13T10:26:32.767591+00:00, run_after=2025-08-14T10:26:32.767591+00:00
[2025-08-14T10:26:32.783+0000] {processor.py:179} INFO - Processing /home/vscode/.local/lib/python3.10/site-packages/airflow/example_dags/tutorial.py took 0.050 seconds
[2025-08-14T10:27:19.700+0000] {processor.py:157} INFO - Started process (PID=24364) to work on /home/vscode/.local/lib/python3.10/site-packages/airflow/example_dags/tutorial.py
[2025-08-14T10:27:19.700+0000] {processor.py:826} INFO - Processing file /home/vscode/.local/lib/python3.10/site-packages/airflow/example_dags/tutorial.py for tasks to queue
[2025-08-14T10:27:19.701+0000] {logging_mixin.py:150} INFO - [2025-08-14T10:27:19.701+0000] {dagbag.py:541} INFO - Filling up the DagBag from /home/vscode/.local/lib/python3.10/site-packages/airflow/example_dags/tutorial.py
[2025-08-14T10:27:19.706+0000] {processor.py:836} INFO - DAG(s) dict_keys(['tutorial']) retrieved from /home/vscode/.local/lib/python3.10/site-packages/airflow/example_dags/tutorial.py
[2025-08-14T10:27:19.717+0000] {logging_mixin.py:150} INFO - [2025-08-14T10:27:19.717+0000] {dag.py:2742} INFO - Sync 1 DAGs
[2025-08-14T10:27:19.732+0000] {logging_mixin.py:150} INFO - [2025-08-14T10:27:19.732+0000] {dag.py:3504} INFO - Setting next_dagrun for tutorial to 2025-08-13T10:27:19.732285+00:00, run_after=2025-08-14T10:27:19.732285+00:00
[2025-08-14T10:27:19.749+0000] {processor.py:179} INFO - Processing /home/vscode/.local/lib/python3.10/site-packages/airflow/example_dags/tutorial.py took 0.051 seconds
[2025-08-14T10:28:04.189+0000] {processor.py:157} INFO - Started process (PID=24659) to work on /home/vscode/.local/lib/python3.10/site-packages/airflow/example_dags/tutorial.py
[2025-08-14T10:28:04.189+0000] {processor.py:826} INFO - Processing file /home/vscode/.local/lib/python3.10/site-packages/airflow/example_dags/tutorial.py for tasks to queue
[2025-08-14T10:28:04.190+0000] {logging_mixin.py:150} INFO - [2025-08-14T10:28:04.190+0000] {dagbag.py:541} INFO - Filling up the DagBag from /home/vscode/.local/lib/python3.10/site-packages/airflow/example_dags/tutorial.py
[2025-08-14T10:28:04.195+0000] {processor.py:836} INFO - DAG(s) dict_keys(['tutorial']) retrieved from /home/vscode/.local/lib/python3.10/site-packages/airflow/example_dags/tutorial.py
[2025-08-14T10:28:04.206+0000] {logging_mixin.py:150} INFO - [2025-08-14T10:28:04.206+0000] {dag.py:2742} INFO - Sync 1 DAGs
[2025-08-14T10:28:04.220+0000] {logging_mixin.py:150} INFO - [2025-08-14T10:28:04.220+0000] {dag.py:3504} INFO - Setting next_dagrun for tutorial to 2025-08-13T10:28:04.219945+00:00, run_after=2025-08-14T10:28:04.219945+00:00
[2025-08-14T10:28:04.235+0000] {processor.py:179} INFO - Processing /home/vscode/.local/lib/python3.10/site-packages/airflow/example_dags/tutorial.py took 0.049 seconds
[2025-08-14T10:28:52.993+0000] {processor.py:157} INFO - Started process (PID=24979) to work on /home/vscode/.local/lib/python3.10/site-packages/airflow/example_dags/tutorial.py
[2025-08-14T10:28:52.993+0000] {processor.py:826} INFO - Processing file /home/vscode/.local/lib/python3.10/site-packages/airflow/example_dags/tutorial.py for tasks to queue
[2025-08-14T10:28:52.994+0000] {logging_mixin.py:150} INFO - [2025-08-14T10:28:52.994+0000] {dagbag.py:541} INFO - Filling up the DagBag from /home/vscode/.local/lib/python3.10/site-packages/airflow/example_dags/tutorial.py
[2025-08-14T10:28:52.999+0000] {processor.py:836} INFO - DAG(s) dict_keys(['tutorial']) retrieved from /home/vscode/.local/lib/python3.10/site-packages/airflow/example_dags/tutorial.py
[2025-08-14T10:28:53.009+0000] {logging_mixin.py:150} INFO - [2025-08-14T10:28:53.009+0000] {dag.py:2742} INFO - Sync 1 DAGs
[2025-08-14T10:28:53.023+0000] {logging_mixin.py:150} INFO - [2025-08-14T10:28:53.023+0000] {dag.py:3504} INFO - Setting next_dagrun for tutorial to 2025-08-13T10:28:53.023248+00:00, run_after=2025-08-14T10:28:53.023248+00:00
[2025-08-14T10:28:53.040+0000] {processor.py:179} INFO - Processing /home/vscode/.local/lib/python3.10/site-packages/airflow/example_dags/tutorial.py took 0.049 seconds
[2025-08-14T10:29:38.405+0000] {processor.py:157} INFO - Started process (PID=25295) to work on /home/vscode/.local/lib/python3.10/site-packages/airflow/example_dags/tutorial.py
[2025-08-14T10:29:38.406+0000] {processor.py:826} INFO - Processing file /home/vscode/.local/lib/python3.10/site-packages/airflow/example_dags/tutorial.py for tasks to queue
[2025-08-14T10:29:38.406+0000] {logging_mixin.py:150} INFO - [2025-08-14T10:29:38.406+0000] {dagbag.py:541} INFO - Filling up the DagBag from /home/vscode/.local/lib/python3.10/site-packages/airflow/example_dags/tutorial.py
[2025-08-14T10:29:38.411+0000] {processor.py:836} INFO - DAG(s) dict_keys(['tutorial']) retrieved from /home/vscode/.local/lib/python3.10/site-packages/airflow/example_dags/tutorial.py
[2025-08-14T10:29:38.422+0000] {logging_mixin.py:150} INFO - [2025-08-14T10:29:38.422+0000] {dag.py:2742} INFO - Sync 1 DAGs
[2025-08-14T10:29:38.437+0000] {logging_mixin.py:150} INFO - [2025-08-14T10:29:38.436+0000] {dag.py:3504} INFO - Setting next_dagrun for tutorial to 2025-08-13T10:29:38.436834+00:00, run_after=2025-08-14T10:29:38.436834+00:00
[2025-08-14T10:29:38.452+0000] {processor.py:179} INFO - Processing /home/vscode/.local/lib/python3.10/site-packages/airflow/example_dags/tutorial.py took 0.049 seconds
[2025-08-14T10:30:24.955+0000] {processor.py:157} INFO - Started process (PID=25593) to work on /home/vscode/.local/lib/python3.10/site-packages/airflow/example_dags/tutorial.py
[2025-08-14T10:30:24.955+0000] {processor.py:826} INFO - Processing file /home/vscode/.local/lib/python3.10/site-packages/airflow/example_dags/tutorial.py for tasks to queue
[2025-08-14T10:30:24.956+0000] {logging_mixin.py:150} INFO - [2025-08-14T10:30:24.956+0000] {dagbag.py:541} INFO - Filling up the DagBag from /home/vscode/.local/lib/python3.10/site-packages/airflow/example_dags/tutorial.py
[2025-08-14T10:30:24.961+0000] {processor.py:836} INFO - DAG(s) dict_keys(['tutorial']) retrieved from /home/vscode/.local/lib/python3.10/site-packages/airflow/example_dags/tutorial.py
[2025-08-14T10:30:24.972+0000] {logging_mixin.py:150} INFO - [2025-08-14T10:30:24.972+0000] {dag.py:2742} INFO - Sync 1 DAGs
[2025-08-14T10:30:24.986+0000] {logging_mixin.py:150} INFO - [2025-08-14T10:30:24.986+0000] {dag.py:3504} INFO - Setting next_dagrun for tutorial to 2025-08-13T10:30:24.986671+00:00, run_after=2025-08-14T10:30:24.986671+00:00
[2025-08-14T10:30:25.002+0000] {processor.py:179} INFO - Processing /home/vscode/.local/lib/python3.10/site-packages/airflow/example_dags/tutorial.py took 0.050 seconds
[2025-08-14T10:31:10.495+0000] {processor.py:157} INFO - Started process (PID=25912) to work on /home/vscode/.local/lib/python3.10/site-packages/airflow/example_dags/tutorial.py
[2025-08-14T10:31:10.496+0000] {processor.py:826} INFO - Processing file /home/vscode/.local/lib/python3.10/site-packages/airflow/example_dags/tutorial.py for tasks to queue
[2025-08-14T10:31:10.497+0000] {logging_mixin.py:150} INFO - [2025-08-14T10:31:10.496+0000] {dagbag.py:541} INFO - Filling up the DagBag from /home/vscode/.local/lib/python3.10/site-packages/airflow/example_dags/tutorial.py
[2025-08-14T10:31:10.504+0000] {processor.py:836} INFO - DAG(s) dict_keys(['tutorial']) retrieved from /home/vscode/.local/lib/python3.10/site-packages/airflow/example_dags/tutorial.py
[2025-08-14T10:31:10.520+0000] {logging_mixin.py:150} INFO - [2025-08-14T10:31:10.520+0000] {dag.py:2742} INFO - Sync 1 DAGs
[2025-08-14T10:31:10.542+0000] {logging_mixin.py:150} INFO - [2025-08-14T10:31:10.542+0000] {dag.py:3504} INFO - Setting next_dagrun for tutorial to 2025-08-13T10:31:10.541920+00:00, run_after=2025-08-14T10:31:10.541920+00:00
[2025-08-14T10:31:10.565+0000] {processor.py:179} INFO - Processing /home/vscode/.local/lib/python3.10/site-packages/airflow/example_dags/tutorial.py took 0.073 seconds
[2025-08-14T10:31:54.588+0000] {processor.py:157} INFO - Started process (PID=26201) to work on /home/vscode/.local/lib/python3.10/site-packages/airflow/example_dags/tutorial.py
[2025-08-14T10:31:54.589+0000] {processor.py:826} INFO - Processing file /home/vscode/.local/lib/python3.10/site-packages/airflow/example_dags/tutorial.py for tasks to queue
[2025-08-14T10:31:54.589+0000] {logging_mixin.py:150} INFO - [2025-08-14T10:31:54.589+0000] {dagbag.py:541} INFO - Filling up the DagBag from /home/vscode/.local/lib/python3.10/site-packages/airflow/example_dags/tutorial.py
[2025-08-14T10:31:54.594+0000] {processor.py:836} INFO - DAG(s) dict_keys(['tutorial']) retrieved from /home/vscode/.local/lib/python3.10/site-packages/airflow/example_dags/tutorial.py
[2025-08-14T10:31:54.605+0000] {logging_mixin.py:150} INFO - [2025-08-14T10:31:54.605+0000] {dag.py:2742} INFO - Sync 1 DAGs
[2025-08-14T10:31:54.619+0000] {logging_mixin.py:150} INFO - [2025-08-14T10:31:54.619+0000] {dag.py:3504} INFO - Setting next_dagrun for tutorial to 2025-08-13T10:31:54.619054+00:00, run_after=2025-08-14T10:31:54.619054+00:00
[2025-08-14T10:31:54.634+0000] {processor.py:179} INFO - Processing /home/vscode/.local/lib/python3.10/site-packages/airflow/example_dags/tutorial.py took 0.049 seconds
[2025-08-14T10:32:38.886+0000] {processor.py:157} INFO - Started process (PID=26495) to work on /home/vscode/.local/lib/python3.10/site-packages/airflow/example_dags/tutorial.py
[2025-08-14T10:32:38.887+0000] {processor.py:826} INFO - Processing file /home/vscode/.local/lib/python3.10/site-packages/airflow/example_dags/tutorial.py for tasks to queue
[2025-08-14T10:32:38.887+0000] {logging_mixin.py:150} INFO - [2025-08-14T10:32:38.887+0000] {dagbag.py:541} INFO - Filling up the DagBag from /home/vscode/.local/lib/python3.10/site-packages/airflow/example_dags/tutorial.py
[2025-08-14T10:32:38.892+0000] {processor.py:836} INFO - DAG(s) dict_keys(['tutorial']) retrieved from /home/vscode/.local/lib/python3.10/site-packages/airflow/example_dags/tutorial.py
[2025-08-14T10:32:38.903+0000] {logging_mixin.py:150} INFO - [2025-08-14T10:32:38.903+0000] {dag.py:2742} INFO - Sync 1 DAGs
[2025-08-14T10:32:38.918+0000] {logging_mixin.py:150} INFO - [2025-08-14T10:32:38.918+0000] {dag.py:3504} INFO - Setting next_dagrun for tutorial to 2025-08-13T10:32:38.918075+00:00, run_after=2025-08-14T10:32:38.918075+00:00
[2025-08-14T10:32:38.933+0000] {processor.py:179} INFO - Processing /home/vscode/.local/lib/python3.10/site-packages/airflow/example_dags/tutorial.py took 0.049 seconds
[2025-08-14T10:33:20.605+0000] {processor.py:157} INFO - Started process (PID=26877) to work on /home/vscode/.local/lib/python3.10/site-packages/airflow/example_dags/tutorial.py
[2025-08-14T10:33:20.606+0000] {processor.py:826} INFO - Processing file /home/vscode/.local/lib/python3.10/site-packages/airflow/example_dags/tutorial.py for tasks to queue
[2025-08-14T10:33:20.607+0000] {logging_mixin.py:150} INFO - [2025-08-14T10:33:20.606+0000] {dagbag.py:541} INFO - Filling up the DagBag from /home/vscode/.local/lib/python3.10/site-packages/airflow/example_dags/tutorial.py
[2025-08-14T10:33:20.611+0000] {processor.py:836} INFO - DAG(s) dict_keys(['tutorial']) retrieved from /home/vscode/.local/lib/python3.10/site-packages/airflow/example_dags/tutorial.py
[2025-08-14T10:33:20.626+0000] {logging_mixin.py:150} INFO - [2025-08-14T10:33:20.626+0000] {dag.py:2742} INFO - Sync 1 DAGs
[2025-08-14T10:33:20.642+0000] {logging_mixin.py:150} INFO - [2025-08-14T10:33:20.642+0000] {dag.py:3504} INFO - Setting next_dagrun for tutorial to 2025-08-13T10:33:20.642568+00:00, run_after=2025-08-14T10:33:20.642568+00:00
[2025-08-14T10:33:20.659+0000] {processor.py:179} INFO - Processing /home/vscode/.local/lib/python3.10/site-packages/airflow/example_dags/tutorial.py took 0.056 seconds
[2025-08-14T10:34:04.005+0000] {processor.py:157} INFO - Started process (PID=27189) to work on /home/vscode/.local/lib/python3.10/site-packages/airflow/example_dags/tutorial.py
[2025-08-14T10:34:04.005+0000] {processor.py:826} INFO - Processing file /home/vscode/.local/lib/python3.10/site-packages/airflow/example_dags/tutorial.py for tasks to queue
[2025-08-14T10:34:04.006+0000] {logging_mixin.py:150} INFO - [2025-08-14T10:34:04.006+0000] {dagbag.py:541} INFO - Filling up the DagBag from /home/vscode/.local/lib/python3.10/site-packages/airflow/example_dags/tutorial.py
[2025-08-14T10:34:04.011+0000] {processor.py:836} INFO - DAG(s) dict_keys(['tutorial']) retrieved from /home/vscode/.local/lib/python3.10/site-packages/airflow/example_dags/tutorial.py
[2025-08-14T10:34:04.021+0000] {logging_mixin.py:150} INFO - [2025-08-14T10:34:04.021+0000] {dag.py:2742} INFO - Sync 1 DAGs
[2025-08-14T10:34:04.035+0000] {logging_mixin.py:150} INFO - [2025-08-14T10:34:04.035+0000] {dag.py:3504} INFO - Setting next_dagrun for tutorial to 2025-08-13T10:34:04.035555+00:00, run_after=2025-08-14T10:34:04.035555+00:00
[2025-08-14T10:34:04.051+0000] {processor.py:179} INFO - Processing /home/vscode/.local/lib/python3.10/site-packages/airflow/example_dags/tutorial.py took 0.048 seconds
[2025-08-14T10:34:38.880+0000] {processor.py:157} INFO - Started process (PID=27415) to work on /home/vscode/.local/lib/python3.10/site-packages/airflow/example_dags/tutorial.py
[2025-08-14T10:34:38.880+0000] {processor.py:826} INFO - Processing file /home/vscode/.local/lib/python3.10/site-packages/airflow/example_dags/tutorial.py for tasks to queue
[2025-08-14T10:34:38.881+0000] {logging_mixin.py:150} INFO - [2025-08-14T10:34:38.880+0000] {dagbag.py:541} INFO - Filling up the DagBag from /home/vscode/.local/lib/python3.10/site-packages/airflow/example_dags/tutorial.py
[2025-08-14T10:34:38.886+0000] {processor.py:836} INFO - DAG(s) dict_keys(['tutorial']) retrieved from /home/vscode/.local/lib/python3.10/site-packages/airflow/example_dags/tutorial.py
[2025-08-14T10:34:38.898+0000] {logging_mixin.py:150} INFO - [2025-08-14T10:34:38.898+0000] {dag.py:2742} INFO - Sync 1 DAGs
[2025-08-14T10:34:38.912+0000] {logging_mixin.py:150} INFO - [2025-08-14T10:34:38.912+0000] {dag.py:3504} INFO - Setting next_dagrun for tutorial to 2025-08-13T10:34:38.912122+00:00, run_after=2025-08-14T10:34:38.912122+00:00
[2025-08-14T10:34:38.927+0000] {processor.py:179} INFO - Processing /home/vscode/.local/lib/python3.10/site-packages/airflow/example_dags/tutorial.py took 0.050 seconds
[2025-08-14T10:35:24.973+0000] {processor.py:157} INFO - Started process (PID=27729) to work on /home/vscode/.local/lib/python3.10/site-packages/airflow/example_dags/tutorial.py
[2025-08-14T10:35:24.974+0000] {processor.py:826} INFO - Processing file /home/vscode/.local/lib/python3.10/site-packages/airflow/example_dags/tutorial.py for tasks to queue
[2025-08-14T10:35:24.974+0000] {logging_mixin.py:150} INFO - [2025-08-14T10:35:24.974+0000] {dagbag.py:541} INFO - Filling up the DagBag from /home/vscode/.local/lib/python3.10/site-packages/airflow/example_dags/tutorial.py
[2025-08-14T10:35:24.979+0000] {processor.py:836} INFO - DAG(s) dict_keys(['tutorial']) retrieved from /home/vscode/.local/lib/python3.10/site-packages/airflow/example_dags/tutorial.py
[2025-08-14T10:35:24.991+0000] {logging_mixin.py:150} INFO - [2025-08-14T10:35:24.991+0000] {dag.py:2742} INFO - Sync 1 DAGs
[2025-08-14T10:35:25.009+0000] {logging_mixin.py:150} INFO - [2025-08-14T10:35:25.008+0000] {dag.py:3504} INFO - Setting next_dagrun for tutorial to 2025-08-13T10:35:25.008672+00:00, run_after=2025-08-14T10:35:25.008672+00:00
[2025-08-14T10:35:25.027+0000] {processor.py:179} INFO - Processing /home/vscode/.local/lib/python3.10/site-packages/airflow/example_dags/tutorial.py took 0.056 seconds
[2025-08-14T10:36:08.358+0000] {processor.py:157} INFO - Started process (PID=28016) to work on /home/vscode/.local/lib/python3.10/site-packages/airflow/example_dags/tutorial.py
[2025-08-14T10:36:08.359+0000] {processor.py:826} INFO - Processing file /home/vscode/.local/lib/python3.10/site-packages/airflow/example_dags/tutorial.py for tasks to queue
[2025-08-14T10:36:08.359+0000] {logging_mixin.py:150} INFO - [2025-08-14T10:36:08.359+0000] {dagbag.py:541} INFO - Filling up the DagBag from /home/vscode/.local/lib/python3.10/site-packages/airflow/example_dags/tutorial.py
[2025-08-14T10:36:08.364+0000] {processor.py:836} INFO - DAG(s) dict_keys(['tutorial']) retrieved from /home/vscode/.local/lib/python3.10/site-packages/airflow/example_dags/tutorial.py
[2025-08-14T10:36:08.375+0000] {logging_mixin.py:150} INFO - [2025-08-14T10:36:08.375+0000] {dag.py:2742} INFO - Sync 1 DAGs
[2025-08-14T10:36:08.389+0000] {logging_mixin.py:150} INFO - [2025-08-14T10:36:08.389+0000] {dag.py:3504} INFO - Setting next_dagrun for tutorial to 2025-08-13T10:36:08.389145+00:00, run_after=2025-08-14T10:36:08.389145+00:00
[2025-08-14T10:36:08.404+0000] {processor.py:179} INFO - Processing /home/vscode/.local/lib/python3.10/site-packages/airflow/example_dags/tutorial.py took 0.048 seconds
[2025-08-14T10:36:44.526+0000] {processor.py:157} INFO - Started process (PID=28250) to work on /home/vscode/.local/lib/python3.10/site-packages/airflow/example_dags/tutorial.py
[2025-08-14T10:36:44.526+0000] {processor.py:826} INFO - Processing file /home/vscode/.local/lib/python3.10/site-packages/airflow/example_dags/tutorial.py for tasks to queue
[2025-08-14T10:36:44.527+0000] {logging_mixin.py:150} INFO - [2025-08-14T10:36:44.527+0000] {dagbag.py:541} INFO - Filling up the DagBag from /home/vscode/.local/lib/python3.10/site-packages/airflow/example_dags/tutorial.py
[2025-08-14T10:36:44.532+0000] {processor.py:836} INFO - DAG(s) dict_keys(['tutorial']) retrieved from /home/vscode/.local/lib/python3.10/site-packages/airflow/example_dags/tutorial.py
[2025-08-14T10:36:44.543+0000] {logging_mixin.py:150} INFO - [2025-08-14T10:36:44.543+0000] {dag.py:2742} INFO - Sync 1 DAGs
[2025-08-14T10:36:44.558+0000] {logging_mixin.py:150} INFO - [2025-08-14T10:36:44.558+0000] {dag.py:3504} INFO - Setting next_dagrun for tutorial to 2025-08-13T10:36:44.558441+00:00, run_after=2025-08-14T10:36:44.558441+00:00
[2025-08-14T10:36:44.574+0000] {processor.py:179} INFO - Processing /home/vscode/.local/lib/python3.10/site-packages/airflow/example_dags/tutorial.py took 0.051 seconds
[2025-08-14T10:37:27.644+0000] {processor.py:157} INFO - Started process (PID=28538) to work on /home/vscode/.local/lib/python3.10/site-packages/airflow/example_dags/tutorial.py
[2025-08-14T10:37:27.645+0000] {processor.py:826} INFO - Processing file /home/vscode/.local/lib/python3.10/site-packages/airflow/example_dags/tutorial.py for tasks to queue
[2025-08-14T10:37:27.646+0000] {logging_mixin.py:150} INFO - [2025-08-14T10:37:27.645+0000] {dagbag.py:541} INFO - Filling up the DagBag from /home/vscode/.local/lib/python3.10/site-packages/airflow/example_dags/tutorial.py
[2025-08-14T10:37:27.651+0000] {processor.py:836} INFO - DAG(s) dict_keys(['tutorial']) retrieved from /home/vscode/.local/lib/python3.10/site-packages/airflow/example_dags/tutorial.py
[2025-08-14T10:37:27.662+0000] {logging_mixin.py:150} INFO - [2025-08-14T10:37:27.661+0000] {dag.py:2742} INFO - Sync 1 DAGs
[2025-08-14T10:37:27.675+0000] {logging_mixin.py:150} INFO - [2025-08-14T10:37:27.675+0000] {dag.py:3504} INFO - Setting next_dagrun for tutorial to 2025-08-13T10:37:27.675711+00:00, run_after=2025-08-14T10:37:27.675711+00:00
[2025-08-14T10:37:27.691+0000] {processor.py:179} INFO - Processing /home/vscode/.local/lib/python3.10/site-packages/airflow/example_dags/tutorial.py took 0.048 seconds
[2025-08-14T10:38:01.285+0000] {processor.py:157} INFO - Started process (PID=28768) to work on /home/vscode/.local/lib/python3.10/site-packages/airflow/example_dags/tutorial.py
[2025-08-14T10:38:01.286+0000] {processor.py:826} INFO - Processing file /home/vscode/.local/lib/python3.10/site-packages/airflow/example_dags/tutorial.py for tasks to queue
[2025-08-14T10:38:01.287+0000] {logging_mixin.py:150} INFO - [2025-08-14T10:38:01.286+0000] {dagbag.py:541} INFO - Filling up the DagBag from /home/vscode/.local/lib/python3.10/site-packages/airflow/example_dags/tutorial.py
[2025-08-14T10:38:01.292+0000] {processor.py:836} INFO - DAG(s) dict_keys(['tutorial']) retrieved from /home/vscode/.local/lib/python3.10/site-packages/airflow/example_dags/tutorial.py
[2025-08-14T10:38:01.304+0000] {logging_mixin.py:150} INFO - [2025-08-14T10:38:01.304+0000] {dag.py:2742} INFO - Sync 1 DAGs
[2025-08-14T10:38:01.318+0000] {logging_mixin.py:150} INFO - [2025-08-14T10:38:01.318+0000] {dag.py:3504} INFO - Setting next_dagrun for tutorial to 2025-08-13T10:38:01.318230+00:00, run_after=2025-08-14T10:38:01.318230+00:00
[2025-08-14T10:38:01.334+0000] {processor.py:179} INFO - Processing /home/vscode/.local/lib/python3.10/site-packages/airflow/example_dags/tutorial.py took 0.051 seconds
[2025-08-14T10:38:45.228+0000] {processor.py:157} INFO - Started process (PID=29063) to work on /home/vscode/.local/lib/python3.10/site-packages/airflow/example_dags/tutorial.py
[2025-08-14T10:38:45.229+0000] {processor.py:826} INFO - Processing file /home/vscode/.local/lib/python3.10/site-packages/airflow/example_dags/tutorial.py for tasks to queue
[2025-08-14T10:38:45.229+0000] {logging_mixin.py:150} INFO - [2025-08-14T10:38:45.229+0000] {dagbag.py:541} INFO - Filling up the DagBag from /home/vscode/.local/lib/python3.10/site-packages/airflow/example_dags/tutorial.py
[2025-08-14T10:38:45.234+0000] {processor.py:836} INFO - DAG(s) dict_keys(['tutorial']) retrieved from /home/vscode/.local/lib/python3.10/site-packages/airflow/example_dags/tutorial.py
[2025-08-14T10:38:45.245+0000] {logging_mixin.py:150} INFO - [2025-08-14T10:38:45.245+0000] {dag.py:2742} INFO - Sync 1 DAGs
[2025-08-14T10:38:45.259+0000] {logging_mixin.py:150} INFO - [2025-08-14T10:38:45.258+0000] {dag.py:3504} INFO - Setting next_dagrun for tutorial to 2025-08-13T10:38:45.258828+00:00, run_after=2025-08-14T10:38:45.258828+00:00
[2025-08-14T10:38:45.275+0000] {processor.py:179} INFO - Processing /home/vscode/.local/lib/python3.10/site-packages/airflow/example_dags/tutorial.py took 0.049 seconds
[2025-08-14T10:39:20.061+0000] {processor.py:157} INFO - Started process (PID=29287) to work on /home/vscode/.local/lib/python3.10/site-packages/airflow/example_dags/tutorial.py
[2025-08-14T10:39:20.061+0000] {processor.py:826} INFO - Processing file /home/vscode/.local/lib/python3.10/site-packages/airflow/example_dags/tutorial.py for tasks to queue
[2025-08-14T10:39:20.062+0000] {logging_mixin.py:150} INFO - [2025-08-14T10:39:20.062+0000] {dagbag.py:541} INFO - Filling up the DagBag from /home/vscode/.local/lib/python3.10/site-packages/airflow/example_dags/tutorial.py
[2025-08-14T10:39:20.068+0000] {processor.py:836} INFO - DAG(s) dict_keys(['tutorial']) retrieved from /home/vscode/.local/lib/python3.10/site-packages/airflow/example_dags/tutorial.py
[2025-08-14T10:39:20.078+0000] {logging_mixin.py:150} INFO - [2025-08-14T10:39:20.078+0000] {dag.py:2742} INFO - Sync 1 DAGs
[2025-08-14T10:39:20.093+0000] {logging_mixin.py:150} INFO - [2025-08-14T10:39:20.092+0000] {dag.py:3504} INFO - Setting next_dagrun for tutorial to 2025-08-13T10:39:20.092796+00:00, run_after=2025-08-14T10:39:20.092796+00:00
[2025-08-14T10:39:20.108+0000] {processor.py:179} INFO - Processing /home/vscode/.local/lib/python3.10/site-packages/airflow/example_dags/tutorial.py took 0.050 seconds
[2025-08-14T10:40:06.501+0000] {processor.py:157} INFO - Started process (PID=29604) to work on /home/vscode/.local/lib/python3.10/site-packages/airflow/example_dags/tutorial.py
[2025-08-14T10:40:06.501+0000] {processor.py:826} INFO - Processing file /home/vscode/.local/lib/python3.10/site-packages/airflow/example_dags/tutorial.py for tasks to queue
[2025-08-14T10:40:06.502+0000] {logging_mixin.py:150} INFO - [2025-08-14T10:40:06.502+0000] {dagbag.py:541} INFO - Filling up the DagBag from /home/vscode/.local/lib/python3.10/site-packages/airflow/example_dags/tutorial.py
[2025-08-14T10:40:06.509+0000] {processor.py:836} INFO - DAG(s) dict_keys(['tutorial']) retrieved from /home/vscode/.local/lib/python3.10/site-packages/airflow/example_dags/tutorial.py
[2025-08-14T10:40:06.525+0000] {logging_mixin.py:150} INFO - [2025-08-14T10:40:06.525+0000] {dag.py:2742} INFO - Sync 1 DAGs
[2025-08-14T10:40:06.539+0000] {logging_mixin.py:150} INFO - [2025-08-14T10:40:06.539+0000] {dag.py:3504} INFO - Setting next_dagrun for tutorial to 2025-08-13T10:40:06.539318+00:00, run_after=2025-08-14T10:40:06.539318+00:00
[2025-08-14T10:40:06.555+0000] {processor.py:179} INFO - Processing /home/vscode/.local/lib/python3.10/site-packages/airflow/example_dags/tutorial.py took 0.057 seconds
[2025-08-14T10:40:39.887+0000] {processor.py:157} INFO - Started process (PID=29822) to work on /home/vscode/.local/lib/python3.10/site-packages/airflow/example_dags/tutorial.py
[2025-08-14T10:40:39.887+0000] {processor.py:826} INFO - Processing file /home/vscode/.local/lib/python3.10/site-packages/airflow/example_dags/tutorial.py for tasks to queue
[2025-08-14T10:40:39.888+0000] {logging_mixin.py:150} INFO - [2025-08-14T10:40:39.888+0000] {dagbag.py:541} INFO - Filling up the DagBag from /home/vscode/.local/lib/python3.10/site-packages/airflow/example_dags/tutorial.py
[2025-08-14T10:40:39.893+0000] {processor.py:836} INFO - DAG(s) dict_keys(['tutorial']) retrieved from /home/vscode/.local/lib/python3.10/site-packages/airflow/example_dags/tutorial.py
[2025-08-14T10:40:39.903+0000] {logging_mixin.py:150} INFO - [2025-08-14T10:40:39.903+0000] {dag.py:2742} INFO - Sync 1 DAGs
[2025-08-14T10:40:39.917+0000] {logging_mixin.py:150} INFO - [2025-08-14T10:40:39.917+0000] {dag.py:3504} INFO - Setting next_dagrun for tutorial to 2025-08-13T10:40:39.917152+00:00, run_after=2025-08-14T10:40:39.917152+00:00
[2025-08-14T10:40:39.932+0000] {processor.py:179} INFO - Processing /home/vscode/.local/lib/python3.10/site-packages/airflow/example_dags/tutorial.py took 0.047 seconds
[2025-08-14T10:41:28.181+0000] {processor.py:157} INFO - Started process (PID=30147) to work on /home/vscode/.local/lib/python3.10/site-packages/airflow/example_dags/tutorial.py
[2025-08-14T10:41:28.182+0000] {processor.py:826} INFO - Processing file /home/vscode/.local/lib/python3.10/site-packages/airflow/example_dags/tutorial.py for tasks to queue
[2025-08-14T10:41:28.182+0000] {logging_mixin.py:150} INFO - [2025-08-14T10:41:28.182+0000] {dagbag.py:541} INFO - Filling up the DagBag from /home/vscode/.local/lib/python3.10/site-packages/airflow/example_dags/tutorial.py
[2025-08-14T10:41:28.187+0000] {processor.py:836} INFO - DAG(s) dict_keys(['tutorial']) retrieved from /home/vscode/.local/lib/python3.10/site-packages/airflow/example_dags/tutorial.py
[2025-08-14T10:41:28.199+0000] {logging_mixin.py:150} INFO - [2025-08-14T10:41:28.198+0000] {dag.py:2742} INFO - Sync 1 DAGs
[2025-08-14T10:41:28.213+0000] {logging_mixin.py:150} INFO - [2025-08-14T10:41:28.213+0000] {dag.py:3504} INFO - Setting next_dagrun for tutorial to 2025-08-13T10:41:28.213170+00:00, run_after=2025-08-14T10:41:28.213170+00:00
[2025-08-14T10:41:28.228+0000] {processor.py:179} INFO - Processing /home/vscode/.local/lib/python3.10/site-packages/airflow/example_dags/tutorial.py took 0.049 seconds
[2025-08-14T10:42:16.233+0000] {processor.py:157} INFO - Started process (PID=30464) to work on /home/vscode/.local/lib/python3.10/site-packages/airflow/example_dags/tutorial.py
[2025-08-14T10:42:16.234+0000] {processor.py:826} INFO - Processing file /home/vscode/.local/lib/python3.10/site-packages/airflow/example_dags/tutorial.py for tasks to queue
[2025-08-14T10:42:16.234+0000] {logging_mixin.py:150} INFO - [2025-08-14T10:42:16.234+0000] {dagbag.py:541} INFO - Filling up the DagBag from /home/vscode/.local/lib/python3.10/site-packages/airflow/example_dags/tutorial.py
[2025-08-14T10:42:16.240+0000] {processor.py:836} INFO - DAG(s) dict_keys(['tutorial']) retrieved from /home/vscode/.local/lib/python3.10/site-packages/airflow/example_dags/tutorial.py
[2025-08-14T10:42:16.260+0000] {logging_mixin.py:150} INFO - [2025-08-14T10:42:16.260+0000] {dag.py:2742} INFO - Sync 1 DAGs
[2025-08-14T10:42:16.286+0000] {logging_mixin.py:150} INFO - [2025-08-14T10:42:16.286+0000] {dag.py:3504} INFO - Setting next_dagrun for tutorial to 2025-08-13T10:42:16.285903+00:00, run_after=2025-08-14T10:42:16.285903+00:00
[2025-08-14T10:42:16.310+0000] {processor.py:179} INFO - Processing /home/vscode/.local/lib/python3.10/site-packages/airflow/example_dags/tutorial.py took 0.079 seconds
[2025-08-14T10:43:01.011+0000] {processor.py:157} INFO - Started process (PID=30761) to work on /home/vscode/.local/lib/python3.10/site-packages/airflow/example_dags/tutorial.py
[2025-08-14T10:43:01.012+0000] {processor.py:826} INFO - Processing file /home/vscode/.local/lib/python3.10/site-packages/airflow/example_dags/tutorial.py for tasks to queue
[2025-08-14T10:43:01.012+0000] {logging_mixin.py:150} INFO - [2025-08-14T10:43:01.012+0000] {dagbag.py:541} INFO - Filling up the DagBag from /home/vscode/.local/lib/python3.10/site-packages/airflow/example_dags/tutorial.py
[2025-08-14T10:43:01.017+0000] {processor.py:836} INFO - DAG(s) dict_keys(['tutorial']) retrieved from /home/vscode/.local/lib/python3.10/site-packages/airflow/example_dags/tutorial.py
[2025-08-14T10:43:01.030+0000] {logging_mixin.py:150} INFO - [2025-08-14T10:43:01.030+0000] {dag.py:2742} INFO - Sync 1 DAGs
[2025-08-14T10:43:01.044+0000] {logging_mixin.py:150} INFO - [2025-08-14T10:43:01.044+0000] {dag.py:3504} INFO - Setting next_dagrun for tutorial to 2025-08-13T10:43:01.044410+00:00, run_after=2025-08-14T10:43:01.044410+00:00
[2025-08-14T10:43:01.061+0000] {processor.py:179} INFO - Processing /home/vscode/.local/lib/python3.10/site-packages/airflow/example_dags/tutorial.py took 0.052 seconds
[2025-08-14T10:43:51.082+0000] {processor.py:157} INFO - Started process (PID=31095) to work on /home/vscode/.local/lib/python3.10/site-packages/airflow/example_dags/tutorial.py
[2025-08-14T10:43:51.083+0000] {processor.py:826} INFO - Processing file /home/vscode/.local/lib/python3.10/site-packages/airflow/example_dags/tutorial.py for tasks to queue
[2025-08-14T10:43:51.083+0000] {logging_mixin.py:150} INFO - [2025-08-14T10:43:51.083+0000] {dagbag.py:541} INFO - Filling up the DagBag from /home/vscode/.local/lib/python3.10/site-packages/airflow/example_dags/tutorial.py
[2025-08-14T10:43:51.089+0000] {processor.py:836} INFO - DAG(s) dict_keys(['tutorial']) retrieved from /home/vscode/.local/lib/python3.10/site-packages/airflow/example_dags/tutorial.py
[2025-08-14T10:43:51.100+0000] {logging_mixin.py:150} INFO - [2025-08-14T10:43:51.100+0000] {dag.py:2742} INFO - Sync 1 DAGs
[2025-08-14T10:43:51.115+0000] {logging_mixin.py:150} INFO - [2025-08-14T10:43:51.115+0000] {dag.py:3504} INFO - Setting next_dagrun for tutorial to 2025-08-13T10:43:51.114983+00:00, run_after=2025-08-14T10:43:51.114983+00:00
[2025-08-14T10:43:51.130+0000] {processor.py:179} INFO - Processing /home/vscode/.local/lib/python3.10/site-packages/airflow/example_dags/tutorial.py took 0.050 seconds
[2025-08-14T10:44:36.876+0000] {processor.py:157} INFO - Started process (PID=31398) to work on /home/vscode/.local/lib/python3.10/site-packages/airflow/example_dags/tutorial.py
[2025-08-14T10:44:36.877+0000] {processor.py:826} INFO - Processing file /home/vscode/.local/lib/python3.10/site-packages/airflow/example_dags/tutorial.py for tasks to queue
[2025-08-14T10:44:36.877+0000] {logging_mixin.py:150} INFO - [2025-08-14T10:44:36.877+0000] {dagbag.py:541} INFO - Filling up the DagBag from /home/vscode/.local/lib/python3.10/site-packages/airflow/example_dags/tutorial.py
[2025-08-14T10:44:36.882+0000] {processor.py:836} INFO - DAG(s) dict_keys(['tutorial']) retrieved from /home/vscode/.local/lib/python3.10/site-packages/airflow/example_dags/tutorial.py
[2025-08-14T10:44:36.893+0000] {logging_mixin.py:150} INFO - [2025-08-14T10:44:36.893+0000] {dag.py:2742} INFO - Sync 1 DAGs
[2025-08-14T10:44:36.907+0000] {logging_mixin.py:150} INFO - [2025-08-14T10:44:36.907+0000] {dag.py:3504} INFO - Setting next_dagrun for tutorial to 2025-08-13T10:44:36.907434+00:00, run_after=2025-08-14T10:44:36.907434+00:00
[2025-08-14T10:44:36.922+0000] {processor.py:179} INFO - Processing /home/vscode/.local/lib/python3.10/site-packages/airflow/example_dags/tutorial.py took 0.048 seconds
[2025-08-14T10:45:24.784+0000] {processor.py:157} INFO - Started process (PID=31717) to work on /home/vscode/.local/lib/python3.10/site-packages/airflow/example_dags/tutorial.py
[2025-08-14T10:45:24.785+0000] {processor.py:826} INFO - Processing file /home/vscode/.local/lib/python3.10/site-packages/airflow/example_dags/tutorial.py for tasks to queue
[2025-08-14T10:45:24.785+0000] {logging_mixin.py:150} INFO - [2025-08-14T10:45:24.785+0000] {dagbag.py:541} INFO - Filling up the DagBag from /home/vscode/.local/lib/python3.10/site-packages/airflow/example_dags/tutorial.py
[2025-08-14T10:45:24.790+0000] {processor.py:836} INFO - DAG(s) dict_keys(['tutorial']) retrieved from /home/vscode/.local/lib/python3.10/site-packages/airflow/example_dags/tutorial.py
[2025-08-14T10:45:24.800+0000] {logging_mixin.py:150} INFO - [2025-08-14T10:45:24.800+0000] {dag.py:2742} INFO - Sync 1 DAGs
[2025-08-14T10:45:24.815+0000] {logging_mixin.py:150} INFO - [2025-08-14T10:45:24.815+0000] {dag.py:3504} INFO - Setting next_dagrun for tutorial to 2025-08-13T10:45:24.815489+00:00, run_after=2025-08-14T10:45:24.815489+00:00
[2025-08-14T10:45:24.832+0000] {processor.py:179} INFO - Processing /home/vscode/.local/lib/python3.10/site-packages/airflow/example_dags/tutorial.py took 0.050 seconds
[2025-08-14T10:46:08.201+0000] {processor.py:157} INFO - Started process (PID=32011) to work on /home/vscode/.local/lib/python3.10/site-packages/airflow/example_dags/tutorial.py
[2025-08-14T10:46:08.201+0000] {processor.py:826} INFO - Processing file /home/vscode/.local/lib/python3.10/site-packages/airflow/example_dags/tutorial.py for tasks to queue
[2025-08-14T10:46:08.202+0000] {logging_mixin.py:150} INFO - [2025-08-14T10:46:08.202+0000] {dagbag.py:541} INFO - Filling up the DagBag from /home/vscode/.local/lib/python3.10/site-packages/airflow/example_dags/tutorial.py
[2025-08-14T10:46:08.207+0000] {processor.py:836} INFO - DAG(s) dict_keys(['tutorial']) retrieved from /home/vscode/.local/lib/python3.10/site-packages/airflow/example_dags/tutorial.py
[2025-08-14T10:46:08.217+0000] {logging_mixin.py:150} INFO - [2025-08-14T10:46:08.217+0000] {dag.py:2742} INFO - Sync 1 DAGs
[2025-08-14T10:46:08.231+0000] {logging_mixin.py:150} INFO - [2025-08-14T10:46:08.231+0000] {dag.py:3504} INFO - Setting next_dagrun for tutorial to 2025-08-13T10:46:08.231330+00:00, run_after=2025-08-14T10:46:08.231330+00:00
[2025-08-14T10:46:08.247+0000] {processor.py:179} INFO - Processing /home/vscode/.local/lib/python3.10/site-packages/airflow/example_dags/tutorial.py took 0.049 seconds
[2025-08-14T10:46:57.325+0000] {processor.py:157} INFO - Started process (PID=32339) to work on /home/vscode/.local/lib/python3.10/site-packages/airflow/example_dags/tutorial.py
[2025-08-14T10:46:57.326+0000] {processor.py:826} INFO - Processing file /home/vscode/.local/lib/python3.10/site-packages/airflow/example_dags/tutorial.py for tasks to queue
[2025-08-14T10:46:57.327+0000] {logging_mixin.py:150} INFO - [2025-08-14T10:46:57.326+0000] {dagbag.py:541} INFO - Filling up the DagBag from /home/vscode/.local/lib/python3.10/site-packages/airflow/example_dags/tutorial.py
[2025-08-14T10:46:57.332+0000] {processor.py:836} INFO - DAG(s) dict_keys(['tutorial']) retrieved from /home/vscode/.local/lib/python3.10/site-packages/airflow/example_dags/tutorial.py
[2025-08-14T10:46:57.343+0000] {logging_mixin.py:150} INFO - [2025-08-14T10:46:57.343+0000] {dag.py:2742} INFO - Sync 1 DAGs
[2025-08-14T10:46:57.358+0000] {logging_mixin.py:150} INFO - [2025-08-14T10:46:57.357+0000] {dag.py:3504} INFO - Setting next_dagrun for tutorial to 2025-08-13T10:46:57.357752+00:00, run_after=2025-08-14T10:46:57.357752+00:00
[2025-08-14T10:46:57.373+0000] {processor.py:179} INFO - Processing /home/vscode/.local/lib/python3.10/site-packages/airflow/example_dags/tutorial.py took 0.050 seconds
[2025-08-14T10:47:41.594+0000] {processor.py:157} INFO - Started process (PID=32633) to work on /home/vscode/.local/lib/python3.10/site-packages/airflow/example_dags/tutorial.py
[2025-08-14T10:47:41.595+0000] {processor.py:826} INFO - Processing file /home/vscode/.local/lib/python3.10/site-packages/airflow/example_dags/tutorial.py for tasks to queue
[2025-08-14T10:47:41.595+0000] {logging_mixin.py:150} INFO - [2025-08-14T10:47:41.595+0000] {dagbag.py:541} INFO - Filling up the DagBag from /home/vscode/.local/lib/python3.10/site-packages/airflow/example_dags/tutorial.py
[2025-08-14T10:47:41.602+0000] {processor.py:836} INFO - DAG(s) dict_keys(['tutorial']) retrieved from /home/vscode/.local/lib/python3.10/site-packages/airflow/example_dags/tutorial.py
[2025-08-14T10:47:41.621+0000] {logging_mixin.py:150} INFO - [2025-08-14T10:47:41.621+0000] {dag.py:2742} INFO - Sync 1 DAGs
[2025-08-14T10:47:41.642+0000] {logging_mixin.py:150} INFO - [2025-08-14T10:47:41.642+0000] {dag.py:3504} INFO - Setting next_dagrun for tutorial to 2025-08-13T10:47:41.642515+00:00, run_after=2025-08-14T10:47:41.642515+00:00
[2025-08-14T10:47:41.666+0000] {processor.py:179} INFO - Processing /home/vscode/.local/lib/python3.10/site-packages/airflow/example_dags/tutorial.py took 0.077 seconds
[2025-08-14T10:48:21.573+0000] {processor.py:157} INFO - Started process (PID=32901) to work on /home/vscode/.local/lib/python3.10/site-packages/airflow/example_dags/tutorial.py
[2025-08-14T10:48:21.574+0000] {processor.py:826} INFO - Processing file /home/vscode/.local/lib/python3.10/site-packages/airflow/example_dags/tutorial.py for tasks to queue
[2025-08-14T10:48:21.575+0000] {logging_mixin.py:150} INFO - [2025-08-14T10:48:21.574+0000] {dagbag.py:541} INFO - Filling up the DagBag from /home/vscode/.local/lib/python3.10/site-packages/airflow/example_dags/tutorial.py
[2025-08-14T10:48:21.579+0000] {processor.py:836} INFO - DAG(s) dict_keys(['tutorial']) retrieved from /home/vscode/.local/lib/python3.10/site-packages/airflow/example_dags/tutorial.py
[2025-08-14T10:48:21.590+0000] {logging_mixin.py:150} INFO - [2025-08-14T10:48:21.590+0000] {dag.py:2742} INFO - Sync 1 DAGs
[2025-08-14T10:48:21.604+0000] {logging_mixin.py:150} INFO - [2025-08-14T10:48:21.604+0000] {dag.py:3504} INFO - Setting next_dagrun for tutorial to 2025-08-13T10:48:21.604480+00:00, run_after=2025-08-14T10:48:21.604480+00:00
[2025-08-14T10:48:21.619+0000] {processor.py:179} INFO - Processing /home/vscode/.local/lib/python3.10/site-packages/airflow/example_dags/tutorial.py took 0.047 seconds
[2025-08-14T10:49:06.799+0000] {processor.py:157} INFO - Started process (PID=33204) to work on /home/vscode/.local/lib/python3.10/site-packages/airflow/example_dags/tutorial.py
[2025-08-14T10:49:06.800+0000] {processor.py:826} INFO - Processing file /home/vscode/.local/lib/python3.10/site-packages/airflow/example_dags/tutorial.py for tasks to queue
[2025-08-14T10:49:06.800+0000] {logging_mixin.py:150} INFO - [2025-08-14T10:49:06.800+0000] {dagbag.py:541} INFO - Filling up the DagBag from /home/vscode/.local/lib/python3.10/site-packages/airflow/example_dags/tutorial.py
[2025-08-14T10:49:06.805+0000] {processor.py:836} INFO - DAG(s) dict_keys(['tutorial']) retrieved from /home/vscode/.local/lib/python3.10/site-packages/airflow/example_dags/tutorial.py
[2025-08-14T10:49:06.816+0000] {logging_mixin.py:150} INFO - [2025-08-14T10:49:06.816+0000] {dag.py:2742} INFO - Sync 1 DAGs
[2025-08-14T10:49:06.830+0000] {logging_mixin.py:150} INFO - [2025-08-14T10:49:06.830+0000] {dag.py:3504} INFO - Setting next_dagrun for tutorial to 2025-08-13T10:49:06.830525+00:00, run_after=2025-08-14T10:49:06.830525+00:00
[2025-08-14T10:49:06.845+0000] {processor.py:179} INFO - Processing /home/vscode/.local/lib/python3.10/site-packages/airflow/example_dags/tutorial.py took 0.048 seconds
[2025-08-14T10:49:52.934+0000] {processor.py:157} INFO - Started process (PID=33508) to work on /home/vscode/.local/lib/python3.10/site-packages/airflow/example_dags/tutorial.py
[2025-08-14T10:49:52.934+0000] {processor.py:826} INFO - Processing file /home/vscode/.local/lib/python3.10/site-packages/airflow/example_dags/tutorial.py for tasks to queue
[2025-08-14T10:49:52.935+0000] {logging_mixin.py:150} INFO - [2025-08-14T10:49:52.935+0000] {dagbag.py:541} INFO - Filling up the DagBag from /home/vscode/.local/lib/python3.10/site-packages/airflow/example_dags/tutorial.py
[2025-08-14T10:49:52.940+0000] {processor.py:836} INFO - DAG(s) dict_keys(['tutorial']) retrieved from /home/vscode/.local/lib/python3.10/site-packages/airflow/example_dags/tutorial.py
[2025-08-14T10:49:52.951+0000] {logging_mixin.py:150} INFO - [2025-08-14T10:49:52.951+0000] {dag.py:2742} INFO - Sync 1 DAGs
[2025-08-14T10:49:52.966+0000] {logging_mixin.py:150} INFO - [2025-08-14T10:49:52.966+0000] {dag.py:3504} INFO - Setting next_dagrun for tutorial to 2025-08-13T10:49:52.965890+00:00, run_after=2025-08-14T10:49:52.965890+00:00
[2025-08-14T10:49:52.981+0000] {processor.py:179} INFO - Processing /home/vscode/.local/lib/python3.10/site-packages/airflow/example_dags/tutorial.py took 0.050 seconds
[2025-08-14T10:50:28.842+0000] {processor.py:157} INFO - Started process (PID=33748) to work on /home/vscode/.local/lib/python3.10/site-packages/airflow/example_dags/tutorial.py
[2025-08-14T10:50:28.842+0000] {processor.py:826} INFO - Processing file /home/vscode/.local/lib/python3.10/site-packages/airflow/example_dags/tutorial.py for tasks to queue
[2025-08-14T10:50:28.843+0000] {logging_mixin.py:150} INFO - [2025-08-14T10:50:28.843+0000] {dagbag.py:541} INFO - Filling up the DagBag from /home/vscode/.local/lib/python3.10/site-packages/airflow/example_dags/tutorial.py
[2025-08-14T10:50:28.848+0000] {processor.py:836} INFO - DAG(s) dict_keys(['tutorial']) retrieved from /home/vscode/.local/lib/python3.10/site-packages/airflow/example_dags/tutorial.py
[2025-08-14T10:50:28.859+0000] {logging_mixin.py:150} INFO - [2025-08-14T10:50:28.859+0000] {dag.py:2742} INFO - Sync 1 DAGs
[2025-08-14T10:50:28.873+0000] {logging_mixin.py:150} INFO - [2025-08-14T10:50:28.873+0000] {dag.py:3504} INFO - Setting next_dagrun for tutorial to 2025-08-13T10:50:28.872894+00:00, run_after=2025-08-14T10:50:28.872894+00:00
[2025-08-14T10:50:28.889+0000] {processor.py:179} INFO - Processing /home/vscode/.local/lib/python3.10/site-packages/airflow/example_dags/tutorial.py took 0.049 seconds
[2025-08-14T10:51:14.001+0000] {processor.py:157} INFO - Started process (PID=34050) to work on /home/vscode/.local/lib/python3.10/site-packages/airflow/example_dags/tutorial.py
[2025-08-14T10:51:14.002+0000] {processor.py:826} INFO - Processing file /home/vscode/.local/lib/python3.10/site-packages/airflow/example_dags/tutorial.py for tasks to queue
[2025-08-14T10:51:14.002+0000] {logging_mixin.py:150} INFO - [2025-08-14T10:51:14.002+0000] {dagbag.py:541} INFO - Filling up the DagBag from /home/vscode/.local/lib/python3.10/site-packages/airflow/example_dags/tutorial.py
[2025-08-14T10:51:14.010+0000] {processor.py:836} INFO - DAG(s) dict_keys(['tutorial']) retrieved from /home/vscode/.local/lib/python3.10/site-packages/airflow/example_dags/tutorial.py
[2025-08-14T10:51:14.026+0000] {logging_mixin.py:150} INFO - [2025-08-14T10:51:14.026+0000] {dag.py:2742} INFO - Sync 1 DAGs
[2025-08-14T10:51:14.047+0000] {logging_mixin.py:150} INFO - [2025-08-14T10:51:14.047+0000] {dag.py:3504} INFO - Setting next_dagrun for tutorial to 2025-08-13T10:51:14.046869+00:00, run_after=2025-08-14T10:51:14.046869+00:00
[2025-08-14T10:51:14.063+0000] {processor.py:179} INFO - Processing /home/vscode/.local/lib/python3.10/site-packages/airflow/example_dags/tutorial.py took 0.065 seconds
[2025-08-14T10:52:03.574+0000] {processor.py:157} INFO - Started process (PID=34379) to work on /home/vscode/.local/lib/python3.10/site-packages/airflow/example_dags/tutorial.py
[2025-08-14T10:52:03.574+0000] {processor.py:826} INFO - Processing file /home/vscode/.local/lib/python3.10/site-packages/airflow/example_dags/tutorial.py for tasks to queue
[2025-08-14T10:52:03.575+0000] {logging_mixin.py:150} INFO - [2025-08-14T10:52:03.575+0000] {dagbag.py:541} INFO - Filling up the DagBag from /home/vscode/.local/lib/python3.10/site-packages/airflow/example_dags/tutorial.py
[2025-08-14T10:52:03.580+0000] {processor.py:836} INFO - DAG(s) dict_keys(['tutorial']) retrieved from /home/vscode/.local/lib/python3.10/site-packages/airflow/example_dags/tutorial.py
[2025-08-14T10:52:03.590+0000] {logging_mixin.py:150} INFO - [2025-08-14T10:52:03.590+0000] {dag.py:2742} INFO - Sync 1 DAGs
[2025-08-14T10:52:03.604+0000] {logging_mixin.py:150} INFO - [2025-08-14T10:52:03.604+0000] {dag.py:3504} INFO - Setting next_dagrun for tutorial to 2025-08-13T10:52:03.604264+00:00, run_after=2025-08-14T10:52:03.604264+00:00
[2025-08-14T10:52:03.620+0000] {processor.py:179} INFO - Processing /home/vscode/.local/lib/python3.10/site-packages/airflow/example_dags/tutorial.py took 0.048 seconds
[2025-08-14T10:52:50.532+0000] {processor.py:157} INFO - Started process (PID=34696) to work on /home/vscode/.local/lib/python3.10/site-packages/airflow/example_dags/tutorial.py
[2025-08-14T10:52:50.533+0000] {processor.py:826} INFO - Processing file /home/vscode/.local/lib/python3.10/site-packages/airflow/example_dags/tutorial.py for tasks to queue
[2025-08-14T10:52:50.533+0000] {logging_mixin.py:150} INFO - [2025-08-14T10:52:50.533+0000] {dagbag.py:541} INFO - Filling up the DagBag from /home/vscode/.local/lib/python3.10/site-packages/airflow/example_dags/tutorial.py
[2025-08-14T10:52:50.538+0000] {processor.py:836} INFO - DAG(s) dict_keys(['tutorial']) retrieved from /home/vscode/.local/lib/python3.10/site-packages/airflow/example_dags/tutorial.py
[2025-08-14T10:52:50.550+0000] {logging_mixin.py:150} INFO - [2025-08-14T10:52:50.550+0000] {dag.py:2742} INFO - Sync 1 DAGs
[2025-08-14T10:52:50.565+0000] {logging_mixin.py:150} INFO - [2025-08-14T10:52:50.565+0000] {dag.py:3504} INFO - Setting next_dagrun for tutorial to 2025-08-13T10:52:50.565396+00:00, run_after=2025-08-14T10:52:50.565396+00:00
[2025-08-14T10:52:50.582+0000] {processor.py:179} INFO - Processing /home/vscode/.local/lib/python3.10/site-packages/airflow/example_dags/tutorial.py took 0.052 seconds
[2025-08-14T10:53:42.314+0000] {processor.py:157} INFO - Started process (PID=35843) to work on /home/vscode/.local/lib/python3.10/site-packages/airflow/example_dags/tutorial.py
[2025-08-14T10:53:42.317+0000] {processor.py:826} INFO - Processing file /home/vscode/.local/lib/python3.10/site-packages/airflow/example_dags/tutorial.py for tasks to queue
[2025-08-14T10:53:42.319+0000] {logging_mixin.py:150} INFO - [2025-08-14T10:53:42.318+0000] {dagbag.py:541} INFO - Filling up the DagBag from /home/vscode/.local/lib/python3.10/site-packages/airflow/example_dags/tutorial.py
[2025-08-14T10:53:42.335+0000] {processor.py:836} INFO - DAG(s) dict_keys(['tutorial']) retrieved from /home/vscode/.local/lib/python3.10/site-packages/airflow/example_dags/tutorial.py
[2025-08-14T10:53:42.436+0000] {logging_mixin.py:150} INFO - [2025-08-14T10:53:42.425+0000] {dag.py:2742} INFO - Sync 1 DAGs
[2025-08-14T10:53:42.546+0000] {logging_mixin.py:150} INFO - [2025-08-14T10:53:42.546+0000] {dag.py:3504} INFO - Setting next_dagrun for tutorial to 2025-08-13T10:53:42.545880+00:00, run_after=2025-08-14T10:53:42.545880+00:00
[2025-08-14T10:53:42.631+0000] {processor.py:179} INFO - Processing /home/vscode/.local/lib/python3.10/site-packages/airflow/example_dags/tutorial.py took 0.323 seconds
[2025-08-14T10:54:24.950+0000] {processor.py:157} INFO - Started process (PID=36805) to work on /home/vscode/.local/lib/python3.10/site-packages/airflow/example_dags/tutorial.py
[2025-08-14T10:54:24.951+0000] {processor.py:826} INFO - Processing file /home/vscode/.local/lib/python3.10/site-packages/airflow/example_dags/tutorial.py for tasks to queue
[2025-08-14T10:54:24.951+0000] {logging_mixin.py:150} INFO - [2025-08-14T10:54:24.951+0000] {dagbag.py:541} INFO - Filling up the DagBag from /home/vscode/.local/lib/python3.10/site-packages/airflow/example_dags/tutorial.py
[2025-08-14T10:54:24.956+0000] {processor.py:836} INFO - DAG(s) dict_keys(['tutorial']) retrieved from /home/vscode/.local/lib/python3.10/site-packages/airflow/example_dags/tutorial.py
[2025-08-14T10:54:24.974+0000] {logging_mixin.py:150} INFO - [2025-08-14T10:54:24.974+0000] {dag.py:2742} INFO - Sync 1 DAGs
[2025-08-14T10:54:24.996+0000] {logging_mixin.py:150} INFO - [2025-08-14T10:54:24.996+0000] {dag.py:3504} INFO - Setting next_dagrun for tutorial to 2025-08-13T10:54:24.996051+00:00, run_after=2025-08-14T10:54:24.996051+00:00
[2025-08-14T10:54:25.013+0000] {processor.py:179} INFO - Processing /home/vscode/.local/lib/python3.10/site-packages/airflow/example_dags/tutorial.py took 0.065 seconds
[2025-08-14T10:55:08.106+0000] {processor.py:157} INFO - Started process (PID=37377) to work on /home/vscode/.local/lib/python3.10/site-packages/airflow/example_dags/tutorial.py
[2025-08-14T10:55:08.107+0000] {processor.py:826} INFO - Processing file /home/vscode/.local/lib/python3.10/site-packages/airflow/example_dags/tutorial.py for tasks to queue
[2025-08-14T10:55:08.108+0000] {logging_mixin.py:150} INFO - [2025-08-14T10:55:08.107+0000] {dagbag.py:541} INFO - Filling up the DagBag from /home/vscode/.local/lib/python3.10/site-packages/airflow/example_dags/tutorial.py
[2025-08-14T10:55:08.115+0000] {processor.py:836} INFO - DAG(s) dict_keys(['tutorial']) retrieved from /home/vscode/.local/lib/python3.10/site-packages/airflow/example_dags/tutorial.py
[2025-08-14T10:55:08.133+0000] {logging_mixin.py:150} INFO - [2025-08-14T10:55:08.133+0000] {dag.py:2742} INFO - Sync 1 DAGs
[2025-08-14T10:55:08.171+0000] {logging_mixin.py:150} INFO - [2025-08-14T10:55:08.171+0000] {dag.py:3504} INFO - Setting next_dagrun for tutorial to 2025-08-13T10:55:08.171637+00:00, run_after=2025-08-14T10:55:08.171637+00:00
[2025-08-14T10:55:08.197+0000] {processor.py:179} INFO - Processing /home/vscode/.local/lib/python3.10/site-packages/airflow/example_dags/tutorial.py took 0.093 seconds
[2025-08-14T10:55:54.734+0000] {processor.py:157} INFO - Started process (PID=37925) to work on /home/vscode/.local/lib/python3.10/site-packages/airflow/example_dags/tutorial.py
[2025-08-14T10:55:54.735+0000] {processor.py:826} INFO - Processing file /home/vscode/.local/lib/python3.10/site-packages/airflow/example_dags/tutorial.py for tasks to queue
[2025-08-14T10:55:54.736+0000] {logging_mixin.py:150} INFO - [2025-08-14T10:55:54.736+0000] {dagbag.py:541} INFO - Filling up the DagBag from /home/vscode/.local/lib/python3.10/site-packages/airflow/example_dags/tutorial.py
[2025-08-14T10:55:54.743+0000] {processor.py:836} INFO - DAG(s) dict_keys(['tutorial']) retrieved from /home/vscode/.local/lib/python3.10/site-packages/airflow/example_dags/tutorial.py
[2025-08-14T10:55:54.759+0000] {logging_mixin.py:150} INFO - [2025-08-14T10:55:54.759+0000] {dag.py:2742} INFO - Sync 1 DAGs
[2025-08-14T10:55:54.776+0000] {logging_mixin.py:150} INFO - [2025-08-14T10:55:54.776+0000] {dag.py:3504} INFO - Setting next_dagrun for tutorial to 2025-08-13T10:55:54.776446+00:00, run_after=2025-08-14T10:55:54.776446+00:00
[2025-08-14T10:55:54.793+0000] {processor.py:179} INFO - Processing /home/vscode/.local/lib/python3.10/site-packages/airflow/example_dags/tutorial.py took 0.061 seconds
[2025-08-14T10:56:46.204+0000] {processor.py:157} INFO - Started process (PID=38416) to work on /home/vscode/.local/lib/python3.10/site-packages/airflow/example_dags/tutorial.py
[2025-08-14T10:56:46.204+0000] {processor.py:826} INFO - Processing file /home/vscode/.local/lib/python3.10/site-packages/airflow/example_dags/tutorial.py for tasks to queue
[2025-08-14T10:56:46.205+0000] {logging_mixin.py:150} INFO - [2025-08-14T10:56:46.205+0000] {dagbag.py:541} INFO - Filling up the DagBag from /home/vscode/.local/lib/python3.10/site-packages/airflow/example_dags/tutorial.py
[2025-08-14T10:56:46.211+0000] {processor.py:836} INFO - DAG(s) dict_keys(['tutorial']) retrieved from /home/vscode/.local/lib/python3.10/site-packages/airflow/example_dags/tutorial.py
[2025-08-14T10:56:46.222+0000] {logging_mixin.py:150} INFO - [2025-08-14T10:56:46.222+0000] {dag.py:2742} INFO - Sync 1 DAGs
[2025-08-14T10:56:46.237+0000] {logging_mixin.py:150} INFO - [2025-08-14T10:56:46.237+0000] {dag.py:3504} INFO - Setting next_dagrun for tutorial to 2025-08-13T10:56:46.237322+00:00, run_after=2025-08-14T10:56:46.237322+00:00
[2025-08-14T10:56:46.253+0000] {processor.py:179} INFO - Processing /home/vscode/.local/lib/python3.10/site-packages/airflow/example_dags/tutorial.py took 0.052 seconds
[2025-08-14T10:57:32.342+0000] {processor.py:157} INFO - Started process (PID=38852) to work on /home/vscode/.local/lib/python3.10/site-packages/airflow/example_dags/tutorial.py
[2025-08-14T10:57:32.343+0000] {processor.py:826} INFO - Processing file /home/vscode/.local/lib/python3.10/site-packages/airflow/example_dags/tutorial.py for tasks to queue
[2025-08-14T10:57:32.343+0000] {logging_mixin.py:150} INFO - [2025-08-14T10:57:32.343+0000] {dagbag.py:541} INFO - Filling up the DagBag from /home/vscode/.local/lib/python3.10/site-packages/airflow/example_dags/tutorial.py
[2025-08-14T10:57:32.348+0000] {processor.py:836} INFO - DAG(s) dict_keys(['tutorial']) retrieved from /home/vscode/.local/lib/python3.10/site-packages/airflow/example_dags/tutorial.py
[2025-08-14T10:57:32.359+0000] {logging_mixin.py:150} INFO - [2025-08-14T10:57:32.359+0000] {dag.py:2742} INFO - Sync 1 DAGs
[2025-08-14T10:57:32.375+0000] {logging_mixin.py:150} INFO - [2025-08-14T10:57:32.374+0000] {dag.py:3504} INFO - Setting next_dagrun for tutorial to 2025-08-13T10:57:32.374676+00:00, run_after=2025-08-14T10:57:32.374676+00:00
[2025-08-14T10:57:32.398+0000] {processor.py:179} INFO - Processing /home/vscode/.local/lib/python3.10/site-packages/airflow/example_dags/tutorial.py took 0.058 seconds
[2025-08-14T10:58:20.846+0000] {processor.py:157} INFO - Started process (PID=39321) to work on /home/vscode/.local/lib/python3.10/site-packages/airflow/example_dags/tutorial.py
[2025-08-14T10:58:20.846+0000] {processor.py:826} INFO - Processing file /home/vscode/.local/lib/python3.10/site-packages/airflow/example_dags/tutorial.py for tasks to queue
[2025-08-14T10:58:20.847+0000] {logging_mixin.py:150} INFO - [2025-08-14T10:58:20.847+0000] {dagbag.py:541} INFO - Filling up the DagBag from /home/vscode/.local/lib/python3.10/site-packages/airflow/example_dags/tutorial.py
[2025-08-14T10:58:20.852+0000] {processor.py:836} INFO - DAG(s) dict_keys(['tutorial']) retrieved from /home/vscode/.local/lib/python3.10/site-packages/airflow/example_dags/tutorial.py
[2025-08-14T10:58:20.863+0000] {logging_mixin.py:150} INFO - [2025-08-14T10:58:20.863+0000] {dag.py:2742} INFO - Sync 1 DAGs
[2025-08-14T10:58:20.877+0000] {logging_mixin.py:150} INFO - [2025-08-14T10:58:20.877+0000] {dag.py:3504} INFO - Setting next_dagrun for tutorial to 2025-08-13T10:58:20.877207+00:00, run_after=2025-08-14T10:58:20.877207+00:00
[2025-08-14T10:58:20.893+0000] {processor.py:179} INFO - Processing /home/vscode/.local/lib/python3.10/site-packages/airflow/example_dags/tutorial.py took 0.050 seconds
[2025-08-14T10:59:04.821+0000] {processor.py:157} INFO - Started process (PID=39738) to work on /home/vscode/.local/lib/python3.10/site-packages/airflow/example_dags/tutorial.py
[2025-08-14T10:59:04.822+0000] {processor.py:826} INFO - Processing file /home/vscode/.local/lib/python3.10/site-packages/airflow/example_dags/tutorial.py for tasks to queue
[2025-08-14T10:59:04.823+0000] {logging_mixin.py:150} INFO - [2025-08-14T10:59:04.822+0000] {dagbag.py:541} INFO - Filling up the DagBag from /home/vscode/.local/lib/python3.10/site-packages/airflow/example_dags/tutorial.py
[2025-08-14T10:59:04.828+0000] {processor.py:836} INFO - DAG(s) dict_keys(['tutorial']) retrieved from /home/vscode/.local/lib/python3.10/site-packages/airflow/example_dags/tutorial.py
[2025-08-14T10:59:04.844+0000] {logging_mixin.py:150} INFO - [2025-08-14T10:59:04.844+0000] {dag.py:2742} INFO - Sync 1 DAGs
[2025-08-14T10:59:04.867+0000] {logging_mixin.py:150} INFO - [2025-08-14T10:59:04.866+0000] {dag.py:3504} INFO - Setting next_dagrun for tutorial to 2025-08-13T10:59:04.866556+00:00, run_after=2025-08-14T10:59:04.866556+00:00
[2025-08-14T10:59:04.893+0000] {processor.py:179} INFO - Processing /home/vscode/.local/lib/python3.10/site-packages/airflow/example_dags/tutorial.py took 0.074 seconds
[2025-08-14T10:59:51.117+0000] {processor.py:157} INFO - Started process (PID=40193) to work on /home/vscode/.local/lib/python3.10/site-packages/airflow/example_dags/tutorial.py
[2025-08-14T10:59:51.118+0000] {processor.py:826} INFO - Processing file /home/vscode/.local/lib/python3.10/site-packages/airflow/example_dags/tutorial.py for tasks to queue
[2025-08-14T10:59:51.119+0000] {logging_mixin.py:150} INFO - [2025-08-14T10:59:51.118+0000] {dagbag.py:541} INFO - Filling up the DagBag from /home/vscode/.local/lib/python3.10/site-packages/airflow/example_dags/tutorial.py
[2025-08-14T10:59:51.124+0000] {processor.py:836} INFO - DAG(s) dict_keys(['tutorial']) retrieved from /home/vscode/.local/lib/python3.10/site-packages/airflow/example_dags/tutorial.py
[2025-08-14T10:59:51.135+0000] {logging_mixin.py:150} INFO - [2025-08-14T10:59:51.135+0000] {dag.py:2742} INFO - Sync 1 DAGs
[2025-08-14T10:59:51.150+0000] {logging_mixin.py:150} INFO - [2025-08-14T10:59:51.149+0000] {dag.py:3504} INFO - Setting next_dagrun for tutorial to 2025-08-13T10:59:51.149742+00:00, run_after=2025-08-14T10:59:51.149742+00:00
[2025-08-14T10:59:51.166+0000] {processor.py:179} INFO - Processing /home/vscode/.local/lib/python3.10/site-packages/airflow/example_dags/tutorial.py took 0.051 seconds
[2025-08-14T11:00:37.314+0000] {processor.py:157} INFO - Started process (PID=40624) to work on /home/vscode/.local/lib/python3.10/site-packages/airflow/example_dags/tutorial.py
[2025-08-14T11:00:37.315+0000] {processor.py:826} INFO - Processing file /home/vscode/.local/lib/python3.10/site-packages/airflow/example_dags/tutorial.py for tasks to queue
[2025-08-14T11:00:37.315+0000] {logging_mixin.py:150} INFO - [2025-08-14T11:00:37.315+0000] {dagbag.py:541} INFO - Filling up the DagBag from /home/vscode/.local/lib/python3.10/site-packages/airflow/example_dags/tutorial.py
[2025-08-14T11:00:37.320+0000] {processor.py:836} INFO - DAG(s) dict_keys(['tutorial']) retrieved from /home/vscode/.local/lib/python3.10/site-packages/airflow/example_dags/tutorial.py
[2025-08-14T11:00:37.331+0000] {logging_mixin.py:150} INFO - [2025-08-14T11:00:37.331+0000] {dag.py:2742} INFO - Sync 1 DAGs
[2025-08-14T11:00:37.345+0000] {logging_mixin.py:150} INFO - [2025-08-14T11:00:37.345+0000] {dag.py:3504} INFO - Setting next_dagrun for tutorial to 2025-08-13T11:00:37.345257+00:00, run_after=2025-08-14T11:00:37.345257+00:00
[2025-08-14T11:00:37.360+0000] {processor.py:179} INFO - Processing /home/vscode/.local/lib/python3.10/site-packages/airflow/example_dags/tutorial.py took 0.049 seconds
[2025-08-14T11:01:26.121+0000] {processor.py:157} INFO - Started process (PID=41092) to work on /home/vscode/.local/lib/python3.10/site-packages/airflow/example_dags/tutorial.py
[2025-08-14T11:01:26.122+0000] {processor.py:826} INFO - Processing file /home/vscode/.local/lib/python3.10/site-packages/airflow/example_dags/tutorial.py for tasks to queue
[2025-08-14T11:01:26.123+0000] {logging_mixin.py:150} INFO - [2025-08-14T11:01:26.122+0000] {dagbag.py:541} INFO - Filling up the DagBag from /home/vscode/.local/lib/python3.10/site-packages/airflow/example_dags/tutorial.py
[2025-08-14T11:01:26.128+0000] {processor.py:836} INFO - DAG(s) dict_keys(['tutorial']) retrieved from /home/vscode/.local/lib/python3.10/site-packages/airflow/example_dags/tutorial.py
[2025-08-14T11:01:26.139+0000] {logging_mixin.py:150} INFO - [2025-08-14T11:01:26.139+0000] {dag.py:2742} INFO - Sync 1 DAGs
[2025-08-14T11:01:26.153+0000] {logging_mixin.py:150} INFO - [2025-08-14T11:01:26.153+0000] {dag.py:3504} INFO - Setting next_dagrun for tutorial to 2025-08-13T11:01:26.153060+00:00, run_after=2025-08-14T11:01:26.153060+00:00
[2025-08-14T11:01:26.168+0000] {processor.py:179} INFO - Processing /home/vscode/.local/lib/python3.10/site-packages/airflow/example_dags/tutorial.py took 0.049 seconds
[2025-08-14T11:02:00.558+0000] {processor.py:157} INFO - Started process (PID=41415) to work on /home/vscode/.local/lib/python3.10/site-packages/airflow/example_dags/tutorial.py
[2025-08-14T11:02:00.559+0000] {processor.py:826} INFO - Processing file /home/vscode/.local/lib/python3.10/site-packages/airflow/example_dags/tutorial.py for tasks to queue
[2025-08-14T11:02:00.560+0000] {logging_mixin.py:150} INFO - [2025-08-14T11:02:00.560+0000] {dagbag.py:541} INFO - Filling up the DagBag from /home/vscode/.local/lib/python3.10/site-packages/airflow/example_dags/tutorial.py
[2025-08-14T11:02:00.567+0000] {processor.py:836} INFO - DAG(s) dict_keys(['tutorial']) retrieved from /home/vscode/.local/lib/python3.10/site-packages/airflow/example_dags/tutorial.py
[2025-08-14T11:02:00.580+0000] {logging_mixin.py:150} INFO - [2025-08-14T11:02:00.580+0000] {dag.py:2742} INFO - Sync 1 DAGs
[2025-08-14T11:02:00.595+0000] {logging_mixin.py:150} INFO - [2025-08-14T11:02:00.595+0000] {dag.py:3504} INFO - Setting next_dagrun for tutorial to 2025-08-13T11:02:00.594983+00:00, run_after=2025-08-14T11:02:00.594983+00:00
[2025-08-14T11:02:00.610+0000] {processor.py:179} INFO - Processing /home/vscode/.local/lib/python3.10/site-packages/airflow/example_dags/tutorial.py took 0.054 seconds
[2025-08-14T11:02:48.456+0000] {processor.py:157} INFO - Started process (PID=41876) to work on /home/vscode/.local/lib/python3.10/site-packages/airflow/example_dags/tutorial.py
[2025-08-14T11:02:48.456+0000] {processor.py:826} INFO - Processing file /home/vscode/.local/lib/python3.10/site-packages/airflow/example_dags/tutorial.py for tasks to queue
[2025-08-14T11:02:48.457+0000] {logging_mixin.py:150} INFO - [2025-08-14T11:02:48.457+0000] {dagbag.py:541} INFO - Filling up the DagBag from /home/vscode/.local/lib/python3.10/site-packages/airflow/example_dags/tutorial.py
[2025-08-14T11:02:48.462+0000] {processor.py:836} INFO - DAG(s) dict_keys(['tutorial']) retrieved from /home/vscode/.local/lib/python3.10/site-packages/airflow/example_dags/tutorial.py
[2025-08-14T11:02:48.474+0000] {logging_mixin.py:150} INFO - [2025-08-14T11:02:48.474+0000] {dag.py:2742} INFO - Sync 1 DAGs
[2025-08-14T11:02:48.488+0000] {logging_mixin.py:150} INFO - [2025-08-14T11:02:48.488+0000] {dag.py:3504} INFO - Setting next_dagrun for tutorial to 2025-08-13T11:02:48.488416+00:00, run_after=2025-08-14T11:02:48.488416+00:00
[2025-08-14T11:02:48.504+0000] {processor.py:179} INFO - Processing /home/vscode/.local/lib/python3.10/site-packages/airflow/example_dags/tutorial.py took 0.051 seconds
[2025-08-14T11:03:34.590+0000] {processor.py:157} INFO - Started process (PID=42326) to work on /home/vscode/.local/lib/python3.10/site-packages/airflow/example_dags/tutorial.py
[2025-08-14T11:03:34.590+0000] {processor.py:826} INFO - Processing file /home/vscode/.local/lib/python3.10/site-packages/airflow/example_dags/tutorial.py for tasks to queue
[2025-08-14T11:03:34.591+0000] {logging_mixin.py:150} INFO - [2025-08-14T11:03:34.591+0000] {dagbag.py:541} INFO - Filling up the DagBag from /home/vscode/.local/lib/python3.10/site-packages/airflow/example_dags/tutorial.py
[2025-08-14T11:03:34.596+0000] {processor.py:836} INFO - DAG(s) dict_keys(['tutorial']) retrieved from /home/vscode/.local/lib/python3.10/site-packages/airflow/example_dags/tutorial.py
[2025-08-14T11:03:34.609+0000] {logging_mixin.py:150} INFO - [2025-08-14T11:03:34.609+0000] {dag.py:2742} INFO - Sync 1 DAGs
[2025-08-14T11:03:34.623+0000] {logging_mixin.py:150} INFO - [2025-08-14T11:03:34.623+0000] {dag.py:3504} INFO - Setting next_dagrun for tutorial to 2025-08-13T11:03:34.623314+00:00, run_after=2025-08-14T11:03:34.623314+00:00
[2025-08-14T11:03:34.640+0000] {processor.py:179} INFO - Processing /home/vscode/.local/lib/python3.10/site-packages/airflow/example_dags/tutorial.py took 0.052 seconds
[2025-08-14T11:04:18.832+0000] {processor.py:157} INFO - Started process (PID=42746) to work on /home/vscode/.local/lib/python3.10/site-packages/airflow/example_dags/tutorial.py
[2025-08-14T11:04:18.833+0000] {processor.py:826} INFO - Processing file /home/vscode/.local/lib/python3.10/site-packages/airflow/example_dags/tutorial.py for tasks to queue
[2025-08-14T11:04:18.833+0000] {logging_mixin.py:150} INFO - [2025-08-14T11:04:18.833+0000] {dagbag.py:541} INFO - Filling up the DagBag from /home/vscode/.local/lib/python3.10/site-packages/airflow/example_dags/tutorial.py
[2025-08-14T11:04:18.839+0000] {processor.py:836} INFO - DAG(s) dict_keys(['tutorial']) retrieved from /home/vscode/.local/lib/python3.10/site-packages/airflow/example_dags/tutorial.py
[2025-08-14T11:04:18.851+0000] {logging_mixin.py:150} INFO - [2025-08-14T11:04:18.850+0000] {dag.py:2742} INFO - Sync 1 DAGs
[2025-08-14T11:04:18.865+0000] {logging_mixin.py:150} INFO - [2025-08-14T11:04:18.865+0000] {dag.py:3504} INFO - Setting next_dagrun for tutorial to 2025-08-13T11:04:18.865488+00:00, run_after=2025-08-14T11:04:18.865488+00:00
[2025-08-14T11:04:18.880+0000] {processor.py:179} INFO - Processing /home/vscode/.local/lib/python3.10/site-packages/airflow/example_dags/tutorial.py took 0.051 seconds
[2025-08-14T11:04:53.792+0000] {processor.py:157} INFO - Started process (PID=43081) to work on /home/vscode/.local/lib/python3.10/site-packages/airflow/example_dags/tutorial.py
[2025-08-14T11:04:53.792+0000] {processor.py:826} INFO - Processing file /home/vscode/.local/lib/python3.10/site-packages/airflow/example_dags/tutorial.py for tasks to queue
[2025-08-14T11:04:53.793+0000] {logging_mixin.py:150} INFO - [2025-08-14T11:04:53.793+0000] {dagbag.py:541} INFO - Filling up the DagBag from /home/vscode/.local/lib/python3.10/site-packages/airflow/example_dags/tutorial.py
[2025-08-14T11:04:53.798+0000] {processor.py:836} INFO - DAG(s) dict_keys(['tutorial']) retrieved from /home/vscode/.local/lib/python3.10/site-packages/airflow/example_dags/tutorial.py
[2025-08-14T11:04:53.810+0000] {logging_mixin.py:150} INFO - [2025-08-14T11:04:53.809+0000] {dag.py:2742} INFO - Sync 1 DAGs
[2025-08-14T11:04:53.824+0000] {logging_mixin.py:150} INFO - [2025-08-14T11:04:53.824+0000] {dag.py:3504} INFO - Setting next_dagrun for tutorial to 2025-08-13T11:04:53.823964+00:00, run_after=2025-08-14T11:04:53.823964+00:00
[2025-08-14T11:04:53.840+0000] {processor.py:179} INFO - Processing /home/vscode/.local/lib/python3.10/site-packages/airflow/example_dags/tutorial.py took 0.050 seconds
[2025-08-14T11:05:38.931+0000] {processor.py:157} INFO - Started process (PID=43517) to work on /home/vscode/.local/lib/python3.10/site-packages/airflow/example_dags/tutorial.py
[2025-08-14T11:05:38.932+0000] {processor.py:826} INFO - Processing file /home/vscode/.local/lib/python3.10/site-packages/airflow/example_dags/tutorial.py for tasks to queue
[2025-08-14T11:05:38.933+0000] {logging_mixin.py:150} INFO - [2025-08-14T11:05:38.932+0000] {dagbag.py:541} INFO - Filling up the DagBag from /home/vscode/.local/lib/python3.10/site-packages/airflow/example_dags/tutorial.py
[2025-08-14T11:05:38.938+0000] {processor.py:836} INFO - DAG(s) dict_keys(['tutorial']) retrieved from /home/vscode/.local/lib/python3.10/site-packages/airflow/example_dags/tutorial.py
[2025-08-14T11:05:38.950+0000] {logging_mixin.py:150} INFO - [2025-08-14T11:05:38.950+0000] {dag.py:2742} INFO - Sync 1 DAGs
[2025-08-14T11:05:38.966+0000] {logging_mixin.py:150} INFO - [2025-08-14T11:05:38.966+0000] {dag.py:3504} INFO - Setting next_dagrun for tutorial to 2025-08-13T11:05:38.966469+00:00, run_after=2025-08-14T11:05:38.966469+00:00
[2025-08-14T11:05:39.020+0000] {processor.py:179} INFO - Processing /home/vscode/.local/lib/python3.10/site-packages/airflow/example_dags/tutorial.py took 0.091 seconds
[2025-08-14T11:06:20.021+0000] {processor.py:157} INFO - Started process (PID=43910) to work on /home/vscode/.local/lib/python3.10/site-packages/airflow/example_dags/tutorial.py
[2025-08-14T11:06:20.022+0000] {processor.py:826} INFO - Processing file /home/vscode/.local/lib/python3.10/site-packages/airflow/example_dags/tutorial.py for tasks to queue
[2025-08-14T11:06:20.022+0000] {logging_mixin.py:150} INFO - [2025-08-14T11:06:20.022+0000] {dagbag.py:541} INFO - Filling up the DagBag from /home/vscode/.local/lib/python3.10/site-packages/airflow/example_dags/tutorial.py
[2025-08-14T11:06:20.028+0000] {processor.py:836} INFO - DAG(s) dict_keys(['tutorial']) retrieved from /home/vscode/.local/lib/python3.10/site-packages/airflow/example_dags/tutorial.py
[2025-08-14T11:06:20.039+0000] {logging_mixin.py:150} INFO - [2025-08-14T11:06:20.039+0000] {dag.py:2742} INFO - Sync 1 DAGs
[2025-08-14T11:06:20.053+0000] {logging_mixin.py:150} INFO - [2025-08-14T11:06:20.053+0000] {dag.py:3504} INFO - Setting next_dagrun for tutorial to 2025-08-13T11:06:20.053144+00:00, run_after=2025-08-14T11:06:20.053144+00:00
[2025-08-14T11:06:20.071+0000] {processor.py:179} INFO - Processing /home/vscode/.local/lib/python3.10/site-packages/airflow/example_dags/tutorial.py took 0.053 seconds
[2025-08-14T11:06:56.007+0000] {processor.py:157} INFO - Started process (PID=44252) to work on /home/vscode/.local/lib/python3.10/site-packages/airflow/example_dags/tutorial.py
[2025-08-14T11:06:56.008+0000] {processor.py:826} INFO - Processing file /home/vscode/.local/lib/python3.10/site-packages/airflow/example_dags/tutorial.py for tasks to queue
[2025-08-14T11:06:56.008+0000] {logging_mixin.py:150} INFO - [2025-08-14T11:06:56.008+0000] {dagbag.py:541} INFO - Filling up the DagBag from /home/vscode/.local/lib/python3.10/site-packages/airflow/example_dags/tutorial.py
[2025-08-14T11:06:56.013+0000] {processor.py:836} INFO - DAG(s) dict_keys(['tutorial']) retrieved from /home/vscode/.local/lib/python3.10/site-packages/airflow/example_dags/tutorial.py
[2025-08-14T11:06:56.024+0000] {logging_mixin.py:150} INFO - [2025-08-14T11:06:56.024+0000] {dag.py:2742} INFO - Sync 1 DAGs
[2025-08-14T11:06:56.039+0000] {logging_mixin.py:150} INFO - [2025-08-14T11:06:56.038+0000] {dag.py:3504} INFO - Setting next_dagrun for tutorial to 2025-08-13T11:06:56.038776+00:00, run_after=2025-08-14T11:06:56.038776+00:00
[2025-08-14T11:06:56.053+0000] {processor.py:179} INFO - Processing /home/vscode/.local/lib/python3.10/site-packages/airflow/example_dags/tutorial.py took 0.048 seconds
[2025-08-14T11:07:42.349+0000] {processor.py:157} INFO - Started process (PID=44693) to work on /home/vscode/.local/lib/python3.10/site-packages/airflow/example_dags/tutorial.py
[2025-08-14T11:07:42.350+0000] {processor.py:826} INFO - Processing file /home/vscode/.local/lib/python3.10/site-packages/airflow/example_dags/tutorial.py for tasks to queue
[2025-08-14T11:07:42.350+0000] {logging_mixin.py:150} INFO - [2025-08-14T11:07:42.350+0000] {dagbag.py:541} INFO - Filling up the DagBag from /home/vscode/.local/lib/python3.10/site-packages/airflow/example_dags/tutorial.py
[2025-08-14T11:07:42.356+0000] {processor.py:836} INFO - DAG(s) dict_keys(['tutorial']) retrieved from /home/vscode/.local/lib/python3.10/site-packages/airflow/example_dags/tutorial.py
[2025-08-14T11:07:42.367+0000] {logging_mixin.py:150} INFO - [2025-08-14T11:07:42.367+0000] {dag.py:2742} INFO - Sync 1 DAGs
[2025-08-14T11:07:42.382+0000] {logging_mixin.py:150} INFO - [2025-08-14T11:07:42.382+0000] {dag.py:3504} INFO - Setting next_dagrun for tutorial to 2025-08-13T11:07:42.381912+00:00, run_after=2025-08-14T11:07:42.381912+00:00
[2025-08-14T11:07:42.397+0000] {processor.py:179} INFO - Processing /home/vscode/.local/lib/python3.10/site-packages/airflow/example_dags/tutorial.py took 0.051 seconds
[2025-08-14T11:08:25.623+0000] {processor.py:157} INFO - Started process (PID=45113) to work on /home/vscode/.local/lib/python3.10/site-packages/airflow/example_dags/tutorial.py
[2025-08-14T11:08:25.624+0000] {processor.py:826} INFO - Processing file /home/vscode/.local/lib/python3.10/site-packages/airflow/example_dags/tutorial.py for tasks to queue
[2025-08-14T11:08:25.624+0000] {logging_mixin.py:150} INFO - [2025-08-14T11:08:25.624+0000] {dagbag.py:541} INFO - Filling up the DagBag from /home/vscode/.local/lib/python3.10/site-packages/airflow/example_dags/tutorial.py
[2025-08-14T11:08:25.630+0000] {processor.py:836} INFO - DAG(s) dict_keys(['tutorial']) retrieved from /home/vscode/.local/lib/python3.10/site-packages/airflow/example_dags/tutorial.py
[2025-08-14T11:08:25.641+0000] {logging_mixin.py:150} INFO - [2025-08-14T11:08:25.641+0000] {dag.py:2742} INFO - Sync 1 DAGs
[2025-08-14T11:08:25.656+0000] {logging_mixin.py:150} INFO - [2025-08-14T11:08:25.656+0000] {dag.py:3504} INFO - Setting next_dagrun for tutorial to 2025-08-13T11:08:25.655845+00:00, run_after=2025-08-14T11:08:25.655845+00:00
[2025-08-14T11:08:25.671+0000] {processor.py:179} INFO - Processing /home/vscode/.local/lib/python3.10/site-packages/airflow/example_dags/tutorial.py took 0.050 seconds
[2025-08-14T11:09:12.583+0000] {processor.py:157} INFO - Started process (PID=45556) to work on /home/vscode/.local/lib/python3.10/site-packages/airflow/example_dags/tutorial.py
[2025-08-14T11:09:12.584+0000] {processor.py:826} INFO - Processing file /home/vscode/.local/lib/python3.10/site-packages/airflow/example_dags/tutorial.py for tasks to queue
[2025-08-14T11:09:12.585+0000] {logging_mixin.py:150} INFO - [2025-08-14T11:09:12.585+0000] {dagbag.py:541} INFO - Filling up the DagBag from /home/vscode/.local/lib/python3.10/site-packages/airflow/example_dags/tutorial.py
[2025-08-14T11:09:12.590+0000] {processor.py:836} INFO - DAG(s) dict_keys(['tutorial']) retrieved from /home/vscode/.local/lib/python3.10/site-packages/airflow/example_dags/tutorial.py
[2025-08-14T11:09:12.602+0000] {logging_mixin.py:150} INFO - [2025-08-14T11:09:12.602+0000] {dag.py:2742} INFO - Sync 1 DAGs
[2025-08-14T11:09:12.616+0000] {logging_mixin.py:150} INFO - [2025-08-14T11:09:12.616+0000] {dag.py:3504} INFO - Setting next_dagrun for tutorial to 2025-08-13T11:09:12.616599+00:00, run_after=2025-08-14T11:09:12.616599+00:00
[2025-08-14T11:09:12.631+0000] {processor.py:179} INFO - Processing /home/vscode/.local/lib/python3.10/site-packages/airflow/example_dags/tutorial.py took 0.050 seconds
[2025-08-14T11:10:01.926+0000] {processor.py:157} INFO - Started process (PID=46024) to work on /home/vscode/.local/lib/python3.10/site-packages/airflow/example_dags/tutorial.py
[2025-08-14T11:10:01.927+0000] {processor.py:826} INFO - Processing file /home/vscode/.local/lib/python3.10/site-packages/airflow/example_dags/tutorial.py for tasks to queue
[2025-08-14T11:10:01.927+0000] {logging_mixin.py:150} INFO - [2025-08-14T11:10:01.927+0000] {dagbag.py:541} INFO - Filling up the DagBag from /home/vscode/.local/lib/python3.10/site-packages/airflow/example_dags/tutorial.py
[2025-08-14T11:10:01.933+0000] {processor.py:836} INFO - DAG(s) dict_keys(['tutorial']) retrieved from /home/vscode/.local/lib/python3.10/site-packages/airflow/example_dags/tutorial.py
[2025-08-14T11:10:01.944+0000] {logging_mixin.py:150} INFO - [2025-08-14T11:10:01.944+0000] {dag.py:2742} INFO - Sync 1 DAGs
[2025-08-14T11:10:01.958+0000] {logging_mixin.py:150} INFO - [2025-08-14T11:10:01.958+0000] {dag.py:3504} INFO - Setting next_dagrun for tutorial to 2025-08-13T11:10:01.958704+00:00, run_after=2025-08-14T11:10:01.958704+00:00
[2025-08-14T11:10:01.974+0000] {processor.py:179} INFO - Processing /home/vscode/.local/lib/python3.10/site-packages/airflow/example_dags/tutorial.py took 0.050 seconds
[2025-08-14T11:10:36.981+0000] {processor.py:157} INFO - Started process (PID=46358) to work on /home/vscode/.local/lib/python3.10/site-packages/airflow/example_dags/tutorial.py
[2025-08-14T11:10:36.982+0000] {processor.py:826} INFO - Processing file /home/vscode/.local/lib/python3.10/site-packages/airflow/example_dags/tutorial.py for tasks to queue
[2025-08-14T11:10:36.983+0000] {logging_mixin.py:150} INFO - [2025-08-14T11:10:36.983+0000] {dagbag.py:541} INFO - Filling up the DagBag from /home/vscode/.local/lib/python3.10/site-packages/airflow/example_dags/tutorial.py
[2025-08-14T11:10:36.988+0000] {processor.py:836} INFO - DAG(s) dict_keys(['tutorial']) retrieved from /home/vscode/.local/lib/python3.10/site-packages/airflow/example_dags/tutorial.py
[2025-08-14T11:10:36.999+0000] {logging_mixin.py:150} INFO - [2025-08-14T11:10:36.999+0000] {dag.py:2742} INFO - Sync 1 DAGs
[2025-08-14T11:10:37.013+0000] {logging_mixin.py:150} INFO - [2025-08-14T11:10:37.013+0000] {dag.py:3504} INFO - Setting next_dagrun for tutorial to 2025-08-13T11:10:37.013606+00:00, run_after=2025-08-14T11:10:37.013606+00:00
[2025-08-14T11:10:37.028+0000] {processor.py:179} INFO - Processing /home/vscode/.local/lib/python3.10/site-packages/airflow/example_dags/tutorial.py took 0.049 seconds
[2025-08-14T11:11:20.379+0000] {processor.py:157} INFO - Started process (PID=46779) to work on /home/vscode/.local/lib/python3.10/site-packages/airflow/example_dags/tutorial.py
[2025-08-14T11:11:20.380+0000] {processor.py:826} INFO - Processing file /home/vscode/.local/lib/python3.10/site-packages/airflow/example_dags/tutorial.py for tasks to queue
[2025-08-14T11:11:20.381+0000] {logging_mixin.py:150} INFO - [2025-08-14T11:11:20.380+0000] {dagbag.py:541} INFO - Filling up the DagBag from /home/vscode/.local/lib/python3.10/site-packages/airflow/example_dags/tutorial.py
[2025-08-14T11:11:20.386+0000] {processor.py:836} INFO - DAG(s) dict_keys(['tutorial']) retrieved from /home/vscode/.local/lib/python3.10/site-packages/airflow/example_dags/tutorial.py
[2025-08-14T11:11:20.398+0000] {logging_mixin.py:150} INFO - [2025-08-14T11:11:20.397+0000] {dag.py:2742} INFO - Sync 1 DAGs
[2025-08-14T11:11:20.412+0000] {logging_mixin.py:150} INFO - [2025-08-14T11:11:20.412+0000] {dag.py:3504} INFO - Setting next_dagrun for tutorial to 2025-08-13T11:11:20.412436+00:00, run_after=2025-08-14T11:11:20.412436+00:00
[2025-08-14T11:11:20.427+0000] {processor.py:179} INFO - Processing /home/vscode/.local/lib/python3.10/site-packages/airflow/example_dags/tutorial.py took 0.050 seconds
[2025-08-14T11:12:00.754+0000] {processor.py:157} INFO - Started process (PID=47165) to work on /home/vscode/.local/lib/python3.10/site-packages/airflow/example_dags/tutorial.py
[2025-08-14T11:12:00.754+0000] {processor.py:826} INFO - Processing file /home/vscode/.local/lib/python3.10/site-packages/airflow/example_dags/tutorial.py for tasks to queue
[2025-08-14T11:12:00.755+0000] {logging_mixin.py:150} INFO - [2025-08-14T11:12:00.755+0000] {dagbag.py:541} INFO - Filling up the DagBag from /home/vscode/.local/lib/python3.10/site-packages/airflow/example_dags/tutorial.py
[2025-08-14T11:12:00.760+0000] {processor.py:836} INFO - DAG(s) dict_keys(['tutorial']) retrieved from /home/vscode/.local/lib/python3.10/site-packages/airflow/example_dags/tutorial.py
[2025-08-14T11:12:00.771+0000] {logging_mixin.py:150} INFO - [2025-08-14T11:12:00.770+0000] {dag.py:2742} INFO - Sync 1 DAGs
[2025-08-14T11:12:00.785+0000] {logging_mixin.py:150} INFO - [2025-08-14T11:12:00.785+0000] {dag.py:3504} INFO - Setting next_dagrun for tutorial to 2025-08-13T11:12:00.784860+00:00, run_after=2025-08-14T11:12:00.784860+00:00
[2025-08-14T11:12:00.804+0000] {processor.py:179} INFO - Processing /home/vscode/.local/lib/python3.10/site-packages/airflow/example_dags/tutorial.py took 0.052 seconds
[2025-08-14T11:12:47.194+0000] {processor.py:157} INFO - Started process (PID=47612) to work on /home/vscode/.local/lib/python3.10/site-packages/airflow/example_dags/tutorial.py
[2025-08-14T11:12:47.195+0000] {processor.py:826} INFO - Processing file /home/vscode/.local/lib/python3.10/site-packages/airflow/example_dags/tutorial.py for tasks to queue
[2025-08-14T11:12:47.195+0000] {logging_mixin.py:150} INFO - [2025-08-14T11:12:47.195+0000] {dagbag.py:541} INFO - Filling up the DagBag from /home/vscode/.local/lib/python3.10/site-packages/airflow/example_dags/tutorial.py
[2025-08-14T11:12:47.200+0000] {processor.py:836} INFO - DAG(s) dict_keys(['tutorial']) retrieved from /home/vscode/.local/lib/python3.10/site-packages/airflow/example_dags/tutorial.py
[2025-08-14T11:12:47.211+0000] {logging_mixin.py:150} INFO - [2025-08-14T11:12:47.211+0000] {dag.py:2742} INFO - Sync 1 DAGs
[2025-08-14T11:12:47.225+0000] {logging_mixin.py:150} INFO - [2025-08-14T11:12:47.225+0000] {dag.py:3504} INFO - Setting next_dagrun for tutorial to 2025-08-13T11:12:47.225013+00:00, run_after=2025-08-14T11:12:47.225013+00:00
[2025-08-14T11:12:47.240+0000] {processor.py:179} INFO - Processing /home/vscode/.local/lib/python3.10/site-packages/airflow/example_dags/tutorial.py took 0.049 seconds
[2025-08-14T11:13:36.902+0000] {processor.py:157} INFO - Started process (PID=48082) to work on /home/vscode/.local/lib/python3.10/site-packages/airflow/example_dags/tutorial.py
[2025-08-14T11:13:36.903+0000] {processor.py:826} INFO - Processing file /home/vscode/.local/lib/python3.10/site-packages/airflow/example_dags/tutorial.py for tasks to queue
[2025-08-14T11:13:36.904+0000] {logging_mixin.py:150} INFO - [2025-08-14T11:13:36.904+0000] {dagbag.py:541} INFO - Filling up the DagBag from /home/vscode/.local/lib/python3.10/site-packages/airflow/example_dags/tutorial.py
[2025-08-14T11:13:36.909+0000] {processor.py:836} INFO - DAG(s) dict_keys(['tutorial']) retrieved from /home/vscode/.local/lib/python3.10/site-packages/airflow/example_dags/tutorial.py
[2025-08-14T11:13:36.919+0000] {logging_mixin.py:150} INFO - [2025-08-14T11:13:36.919+0000] {dag.py:2742} INFO - Sync 1 DAGs
[2025-08-14T11:13:36.940+0000] {logging_mixin.py:150} INFO - [2025-08-14T11:13:36.940+0000] {dag.py:3504} INFO - Setting next_dagrun for tutorial to 2025-08-13T11:13:36.940185+00:00, run_after=2025-08-14T11:13:36.940185+00:00
[2025-08-14T11:13:36.973+0000] {processor.py:179} INFO - Processing /home/vscode/.local/lib/python3.10/site-packages/airflow/example_dags/tutorial.py took 0.073 seconds
[2025-08-14T11:14:22.124+0000] {processor.py:157} INFO - Started process (PID=48518) to work on /home/vscode/.local/lib/python3.10/site-packages/airflow/example_dags/tutorial.py
[2025-08-14T11:14:22.125+0000] {processor.py:826} INFO - Processing file /home/vscode/.local/lib/python3.10/site-packages/airflow/example_dags/tutorial.py for tasks to queue
[2025-08-14T11:14:22.126+0000] {logging_mixin.py:150} INFO - [2025-08-14T11:14:22.125+0000] {dagbag.py:541} INFO - Filling up the DagBag from /home/vscode/.local/lib/python3.10/site-packages/airflow/example_dags/tutorial.py
[2025-08-14T11:14:22.130+0000] {processor.py:836} INFO - DAG(s) dict_keys(['tutorial']) retrieved from /home/vscode/.local/lib/python3.10/site-packages/airflow/example_dags/tutorial.py
[2025-08-14T11:14:22.141+0000] {logging_mixin.py:150} INFO - [2025-08-14T11:14:22.141+0000] {dag.py:2742} INFO - Sync 1 DAGs
[2025-08-14T11:14:22.156+0000] {logging_mixin.py:150} INFO - [2025-08-14T11:14:22.156+0000] {dag.py:3504} INFO - Setting next_dagrun for tutorial to 2025-08-13T11:14:22.156221+00:00, run_after=2025-08-14T11:14:22.156221+00:00
[2025-08-14T11:14:22.172+0000] {processor.py:179} INFO - Processing /home/vscode/.local/lib/python3.10/site-packages/airflow/example_dags/tutorial.py took 0.049 seconds
[2025-08-14T11:15:11.780+0000] {processor.py:157} INFO - Started process (PID=48988) to work on /home/vscode/.local/lib/python3.10/site-packages/airflow/example_dags/tutorial.py
[2025-08-14T11:15:11.781+0000] {processor.py:826} INFO - Processing file /home/vscode/.local/lib/python3.10/site-packages/airflow/example_dags/tutorial.py for tasks to queue
[2025-08-14T11:15:11.782+0000] {logging_mixin.py:150} INFO - [2025-08-14T11:15:11.781+0000] {dagbag.py:541} INFO - Filling up the DagBag from /home/vscode/.local/lib/python3.10/site-packages/airflow/example_dags/tutorial.py
[2025-08-14T11:15:11.787+0000] {processor.py:836} INFO - DAG(s) dict_keys(['tutorial']) retrieved from /home/vscode/.local/lib/python3.10/site-packages/airflow/example_dags/tutorial.py
[2025-08-14T11:15:11.797+0000] {logging_mixin.py:150} INFO - [2025-08-14T11:15:11.797+0000] {dag.py:2742} INFO - Sync 1 DAGs
[2025-08-14T11:15:11.811+0000] {logging_mixin.py:150} INFO - [2025-08-14T11:15:11.811+0000] {dag.py:3504} INFO - Setting next_dagrun for tutorial to 2025-08-13T11:15:11.811403+00:00, run_after=2025-08-14T11:15:11.811403+00:00
[2025-08-14T11:15:11.827+0000] {processor.py:179} INFO - Processing /home/vscode/.local/lib/python3.10/site-packages/airflow/example_dags/tutorial.py took 0.048 seconds
[2025-08-14T11:15:45.343+0000] {processor.py:157} INFO - Started process (PID=49309) to work on /home/vscode/.local/lib/python3.10/site-packages/airflow/example_dags/tutorial.py
[2025-08-14T11:15:45.344+0000] {processor.py:826} INFO - Processing file /home/vscode/.local/lib/python3.10/site-packages/airflow/example_dags/tutorial.py for tasks to queue
[2025-08-14T11:15:45.344+0000] {logging_mixin.py:150} INFO - [2025-08-14T11:15:45.344+0000] {dagbag.py:541} INFO - Filling up the DagBag from /home/vscode/.local/lib/python3.10/site-packages/airflow/example_dags/tutorial.py
[2025-08-14T11:15:45.350+0000] {processor.py:836} INFO - DAG(s) dict_keys(['tutorial']) retrieved from /home/vscode/.local/lib/python3.10/site-packages/airflow/example_dags/tutorial.py
[2025-08-14T11:15:45.361+0000] {logging_mixin.py:150} INFO - [2025-08-14T11:15:45.361+0000] {dag.py:2742} INFO - Sync 1 DAGs
[2025-08-14T11:15:45.375+0000] {logging_mixin.py:150} INFO - [2025-08-14T11:15:45.375+0000] {dag.py:3504} INFO - Setting next_dagrun for tutorial to 2025-08-13T11:15:45.374926+00:00, run_after=2025-08-14T11:15:45.374926+00:00
[2025-08-14T11:15:45.391+0000] {processor.py:179} INFO - Processing /home/vscode/.local/lib/python3.10/site-packages/airflow/example_dags/tutorial.py took 0.050 seconds
[2025-08-14T11:16:33.993+0000] {processor.py:157} INFO - Started process (PID=49773) to work on /home/vscode/.local/lib/python3.10/site-packages/airflow/example_dags/tutorial.py
[2025-08-14T11:16:33.993+0000] {processor.py:826} INFO - Processing file /home/vscode/.local/lib/python3.10/site-packages/airflow/example_dags/tutorial.py for tasks to queue
[2025-08-14T11:16:33.994+0000] {logging_mixin.py:150} INFO - [2025-08-14T11:16:33.994+0000] {dagbag.py:541} INFO - Filling up the DagBag from /home/vscode/.local/lib/python3.10/site-packages/airflow/example_dags/tutorial.py
[2025-08-14T11:16:33.999+0000] {processor.py:836} INFO - DAG(s) dict_keys(['tutorial']) retrieved from /home/vscode/.local/lib/python3.10/site-packages/airflow/example_dags/tutorial.py
[2025-08-14T11:16:34.011+0000] {logging_mixin.py:150} INFO - [2025-08-14T11:16:34.011+0000] {dag.py:2742} INFO - Sync 1 DAGs
[2025-08-14T11:16:34.025+0000] {logging_mixin.py:150} INFO - [2025-08-14T11:16:34.025+0000] {dag.py:3504} INFO - Setting next_dagrun for tutorial to 2025-08-13T11:16:34.025450+00:00, run_after=2025-08-14T11:16:34.025450+00:00
[2025-08-14T11:16:34.042+0000] {processor.py:179} INFO - Processing /home/vscode/.local/lib/python3.10/site-packages/airflow/example_dags/tutorial.py took 0.052 seconds
[2025-08-14T11:17:16.837+0000] {processor.py:157} INFO - Started process (PID=50185) to work on /home/vscode/.local/lib/python3.10/site-packages/airflow/example_dags/tutorial.py
[2025-08-14T11:17:16.837+0000] {processor.py:826} INFO - Processing file /home/vscode/.local/lib/python3.10/site-packages/airflow/example_dags/tutorial.py for tasks to queue
[2025-08-14T11:17:16.838+0000] {logging_mixin.py:150} INFO - [2025-08-14T11:17:16.838+0000] {dagbag.py:541} INFO - Filling up the DagBag from /home/vscode/.local/lib/python3.10/site-packages/airflow/example_dags/tutorial.py
[2025-08-14T11:17:16.843+0000] {processor.py:836} INFO - DAG(s) dict_keys(['tutorial']) retrieved from /home/vscode/.local/lib/python3.10/site-packages/airflow/example_dags/tutorial.py
[2025-08-14T11:17:16.856+0000] {logging_mixin.py:150} INFO - [2025-08-14T11:17:16.855+0000] {dag.py:2742} INFO - Sync 1 DAGs
[2025-08-14T11:17:16.870+0000] {logging_mixin.py:150} INFO - [2025-08-14T11:17:16.870+0000] {dag.py:3504} INFO - Setting next_dagrun for tutorial to 2025-08-13T11:17:16.870442+00:00, run_after=2025-08-14T11:17:16.870442+00:00
[2025-08-14T11:17:16.886+0000] {processor.py:179} INFO - Processing /home/vscode/.local/lib/python3.10/site-packages/airflow/example_dags/tutorial.py took 0.052 seconds
[2025-08-14T11:18:02.522+0000] {processor.py:157} INFO - Started process (PID=50619) to work on /home/vscode/.local/lib/python3.10/site-packages/airflow/example_dags/tutorial.py
[2025-08-14T11:18:02.523+0000] {processor.py:826} INFO - Processing file /home/vscode/.local/lib/python3.10/site-packages/airflow/example_dags/tutorial.py for tasks to queue
[2025-08-14T11:18:02.523+0000] {logging_mixin.py:150} INFO - [2025-08-14T11:18:02.523+0000] {dagbag.py:541} INFO - Filling up the DagBag from /home/vscode/.local/lib/python3.10/site-packages/airflow/example_dags/tutorial.py
[2025-08-14T11:18:02.529+0000] {processor.py:836} INFO - DAG(s) dict_keys(['tutorial']) retrieved from /home/vscode/.local/lib/python3.10/site-packages/airflow/example_dags/tutorial.py
[2025-08-14T11:18:02.540+0000] {logging_mixin.py:150} INFO - [2025-08-14T11:18:02.540+0000] {dag.py:2742} INFO - Sync 1 DAGs
[2025-08-14T11:18:02.554+0000] {logging_mixin.py:150} INFO - [2025-08-14T11:18:02.554+0000] {dag.py:3504} INFO - Setting next_dagrun for tutorial to 2025-08-13T11:18:02.553939+00:00, run_after=2025-08-14T11:18:02.553939+00:00
[2025-08-14T11:18:02.570+0000] {processor.py:179} INFO - Processing /home/vscode/.local/lib/python3.10/site-packages/airflow/example_dags/tutorial.py took 0.050 seconds
[2025-08-14T11:18:47.621+0000] {processor.py:157} INFO - Started process (PID=51054) to work on /home/vscode/.local/lib/python3.10/site-packages/airflow/example_dags/tutorial.py
[2025-08-14T11:18:47.622+0000] {processor.py:826} INFO - Processing file /home/vscode/.local/lib/python3.10/site-packages/airflow/example_dags/tutorial.py for tasks to queue
[2025-08-14T11:18:47.623+0000] {logging_mixin.py:150} INFO - [2025-08-14T11:18:47.622+0000] {dagbag.py:541} INFO - Filling up the DagBag from /home/vscode/.local/lib/python3.10/site-packages/airflow/example_dags/tutorial.py
[2025-08-14T11:18:47.627+0000] {processor.py:836} INFO - DAG(s) dict_keys(['tutorial']) retrieved from /home/vscode/.local/lib/python3.10/site-packages/airflow/example_dags/tutorial.py
[2025-08-14T11:18:47.640+0000] {logging_mixin.py:150} INFO - [2025-08-14T11:18:47.640+0000] {dag.py:2742} INFO - Sync 1 DAGs
[2025-08-14T11:18:47.654+0000] {logging_mixin.py:150} INFO - [2025-08-14T11:18:47.654+0000] {dag.py:3504} INFO - Setting next_dagrun for tutorial to 2025-08-13T11:18:47.654460+00:00, run_after=2025-08-14T11:18:47.654460+00:00
[2025-08-14T11:18:47.670+0000] {processor.py:179} INFO - Processing /home/vscode/.local/lib/python3.10/site-packages/airflow/example_dags/tutorial.py took 0.051 seconds
[2025-08-14T11:19:29.458+0000] {processor.py:157} INFO - Started process (PID=51451) to work on /home/vscode/.local/lib/python3.10/site-packages/airflow/example_dags/tutorial.py
[2025-08-14T11:19:29.459+0000] {processor.py:826} INFO - Processing file /home/vscode/.local/lib/python3.10/site-packages/airflow/example_dags/tutorial.py for tasks to queue
[2025-08-14T11:19:29.459+0000] {logging_mixin.py:150} INFO - [2025-08-14T11:19:29.459+0000] {dagbag.py:541} INFO - Filling up the DagBag from /home/vscode/.local/lib/python3.10/site-packages/airflow/example_dags/tutorial.py
[2025-08-14T11:19:29.464+0000] {processor.py:836} INFO - DAG(s) dict_keys(['tutorial']) retrieved from /home/vscode/.local/lib/python3.10/site-packages/airflow/example_dags/tutorial.py
[2025-08-14T11:19:29.477+0000] {logging_mixin.py:150} INFO - [2025-08-14T11:19:29.476+0000] {dag.py:2742} INFO - Sync 1 DAGs
[2025-08-14T11:19:29.496+0000] {logging_mixin.py:150} INFO - [2025-08-14T11:19:29.496+0000] {dag.py:3504} INFO - Setting next_dagrun for tutorial to 2025-08-13T11:19:29.495901+00:00, run_after=2025-08-14T11:19:29.495901+00:00
[2025-08-14T11:19:29.520+0000] {processor.py:179} INFO - Processing /home/vscode/.local/lib/python3.10/site-packages/airflow/example_dags/tutorial.py took 0.064 seconds
[2025-08-14T11:20:04.748+0000] {processor.py:157} INFO - Started process (PID=51790) to work on /home/vscode/.local/lib/python3.10/site-packages/airflow/example_dags/tutorial.py
[2025-08-14T11:20:04.748+0000] {processor.py:826} INFO - Processing file /home/vscode/.local/lib/python3.10/site-packages/airflow/example_dags/tutorial.py for tasks to queue
[2025-08-14T11:20:04.749+0000] {logging_mixin.py:150} INFO - [2025-08-14T11:20:04.749+0000] {dagbag.py:541} INFO - Filling up the DagBag from /home/vscode/.local/lib/python3.10/site-packages/airflow/example_dags/tutorial.py
[2025-08-14T11:20:04.754+0000] {processor.py:836} INFO - DAG(s) dict_keys(['tutorial']) retrieved from /home/vscode/.local/lib/python3.10/site-packages/airflow/example_dags/tutorial.py
[2025-08-14T11:20:04.766+0000] {logging_mixin.py:150} INFO - [2025-08-14T11:20:04.766+0000] {dag.py:2742} INFO - Sync 1 DAGs
[2025-08-14T11:20:04.780+0000] {logging_mixin.py:150} INFO - [2025-08-14T11:20:04.780+0000] {dag.py:3504} INFO - Setting next_dagrun for tutorial to 2025-08-13T11:20:04.780066+00:00, run_after=2025-08-14T11:20:04.780066+00:00
[2025-08-14T11:20:04.795+0000] {processor.py:179} INFO - Processing /home/vscode/.local/lib/python3.10/site-packages/airflow/example_dags/tutorial.py took 0.050 seconds
[2025-08-14T11:20:49.480+0000] {processor.py:157} INFO - Started process (PID=52218) to work on /home/vscode/.local/lib/python3.10/site-packages/airflow/example_dags/tutorial.py
[2025-08-14T11:20:49.481+0000] {processor.py:826} INFO - Processing file /home/vscode/.local/lib/python3.10/site-packages/airflow/example_dags/tutorial.py for tasks to queue
[2025-08-14T11:20:49.481+0000] {logging_mixin.py:150} INFO - [2025-08-14T11:20:49.481+0000] {dagbag.py:541} INFO - Filling up the DagBag from /home/vscode/.local/lib/python3.10/site-packages/airflow/example_dags/tutorial.py
[2025-08-14T11:20:49.486+0000] {processor.py:836} INFO - DAG(s) dict_keys(['tutorial']) retrieved from /home/vscode/.local/lib/python3.10/site-packages/airflow/example_dags/tutorial.py
[2025-08-14T11:20:49.498+0000] {logging_mixin.py:150} INFO - [2025-08-14T11:20:49.498+0000] {dag.py:2742} INFO - Sync 1 DAGs
[2025-08-14T11:20:49.512+0000] {logging_mixin.py:150} INFO - [2025-08-14T11:20:49.512+0000] {dag.py:3504} INFO - Setting next_dagrun for tutorial to 2025-08-13T11:20:49.512541+00:00, run_after=2025-08-14T11:20:49.512541+00:00
[2025-08-14T11:20:49.528+0000] {processor.py:179} INFO - Processing /home/vscode/.local/lib/python3.10/site-packages/airflow/example_dags/tutorial.py took 0.050 seconds
[2025-08-14T11:21:37.840+0000] {processor.py:157} INFO - Started process (PID=52681) to work on /home/vscode/.local/lib/python3.10/site-packages/airflow/example_dags/tutorial.py
[2025-08-14T11:21:37.841+0000] {processor.py:826} INFO - Processing file /home/vscode/.local/lib/python3.10/site-packages/airflow/example_dags/tutorial.py for tasks to queue
[2025-08-14T11:21:37.842+0000] {logging_mixin.py:150} INFO - [2025-08-14T11:21:37.841+0000] {dagbag.py:541} INFO - Filling up the DagBag from /home/vscode/.local/lib/python3.10/site-packages/airflow/example_dags/tutorial.py
[2025-08-14T11:21:37.847+0000] {processor.py:836} INFO - DAG(s) dict_keys(['tutorial']) retrieved from /home/vscode/.local/lib/python3.10/site-packages/airflow/example_dags/tutorial.py
[2025-08-14T11:21:37.860+0000] {logging_mixin.py:150} INFO - [2025-08-14T11:21:37.859+0000] {dag.py:2742} INFO - Sync 1 DAGs
[2025-08-14T11:21:37.874+0000] {logging_mixin.py:150} INFO - [2025-08-14T11:21:37.874+0000] {dag.py:3504} INFO - Setting next_dagrun for tutorial to 2025-08-13T11:21:37.874456+00:00, run_after=2025-08-14T11:21:37.874456+00:00
[2025-08-14T11:21:37.891+0000] {processor.py:179} INFO - Processing /home/vscode/.local/lib/python3.10/site-packages/airflow/example_dags/tutorial.py took 0.053 seconds
[2025-08-14T11:22:22.120+0000] {processor.py:157} INFO - Started process (PID=53103) to work on /home/vscode/.local/lib/python3.10/site-packages/airflow/example_dags/tutorial.py
[2025-08-14T11:22:22.120+0000] {processor.py:826} INFO - Processing file /home/vscode/.local/lib/python3.10/site-packages/airflow/example_dags/tutorial.py for tasks to queue
[2025-08-14T11:22:22.121+0000] {logging_mixin.py:150} INFO - [2025-08-14T11:22:22.121+0000] {dagbag.py:541} INFO - Filling up the DagBag from /home/vscode/.local/lib/python3.10/site-packages/airflow/example_dags/tutorial.py
[2025-08-14T11:22:22.126+0000] {processor.py:836} INFO - DAG(s) dict_keys(['tutorial']) retrieved from /home/vscode/.local/lib/python3.10/site-packages/airflow/example_dags/tutorial.py
[2025-08-14T11:22:22.137+0000] {logging_mixin.py:150} INFO - [2025-08-14T11:22:22.137+0000] {dag.py:2742} INFO - Sync 1 DAGs
[2025-08-14T11:22:22.151+0000] {logging_mixin.py:150} INFO - [2025-08-14T11:22:22.151+0000] {dag.py:3504} INFO - Setting next_dagrun for tutorial to 2025-08-13T11:22:22.151278+00:00, run_after=2025-08-14T11:22:22.151278+00:00
[2025-08-14T11:22:22.167+0000] {processor.py:179} INFO - Processing /home/vscode/.local/lib/python3.10/site-packages/airflow/example_dags/tutorial.py took 0.050 seconds
[2025-08-14T11:23:09.804+0000] {processor.py:157} INFO - Started process (PID=53561) to work on /home/vscode/.local/lib/python3.10/site-packages/airflow/example_dags/tutorial.py
[2025-08-14T11:23:09.805+0000] {processor.py:826} INFO - Processing file /home/vscode/.local/lib/python3.10/site-packages/airflow/example_dags/tutorial.py for tasks to queue
[2025-08-14T11:23:09.806+0000] {logging_mixin.py:150} INFO - [2025-08-14T11:23:09.805+0000] {dagbag.py:541} INFO - Filling up the DagBag from /home/vscode/.local/lib/python3.10/site-packages/airflow/example_dags/tutorial.py
[2025-08-14T11:23:09.813+0000] {processor.py:836} INFO - DAG(s) dict_keys(['tutorial']) retrieved from /home/vscode/.local/lib/python3.10/site-packages/airflow/example_dags/tutorial.py
[2025-08-14T11:23:09.832+0000] {logging_mixin.py:150} INFO - [2025-08-14T11:23:09.832+0000] {dag.py:2742} INFO - Sync 1 DAGs
[2025-08-14T11:23:09.856+0000] {logging_mixin.py:150} INFO - [2025-08-14T11:23:09.856+0000] {dag.py:3504} INFO - Setting next_dagrun for tutorial to 2025-08-13T11:23:09.855766+00:00, run_after=2025-08-14T11:23:09.855766+00:00
[2025-08-14T11:23:09.879+0000] {processor.py:179} INFO - Processing /home/vscode/.local/lib/python3.10/site-packages/airflow/example_dags/tutorial.py took 0.078 seconds
[2025-08-14T11:23:58.240+0000] {processor.py:157} INFO - Started process (PID=54025) to work on /home/vscode/.local/lib/python3.10/site-packages/airflow/example_dags/tutorial.py
[2025-08-14T11:23:58.241+0000] {processor.py:826} INFO - Processing file /home/vscode/.local/lib/python3.10/site-packages/airflow/example_dags/tutorial.py for tasks to queue
[2025-08-14T11:23:58.242+0000] {logging_mixin.py:150} INFO - [2025-08-14T11:23:58.241+0000] {dagbag.py:541} INFO - Filling up the DagBag from /home/vscode/.local/lib/python3.10/site-packages/airflow/example_dags/tutorial.py
[2025-08-14T11:23:58.246+0000] {processor.py:836} INFO - DAG(s) dict_keys(['tutorial']) retrieved from /home/vscode/.local/lib/python3.10/site-packages/airflow/example_dags/tutorial.py
[2025-08-14T11:23:58.262+0000] {logging_mixin.py:150} INFO - [2025-08-14T11:23:58.262+0000] {dag.py:2742} INFO - Sync 1 DAGs
[2025-08-14T11:23:58.276+0000] {logging_mixin.py:150} INFO - [2025-08-14T11:23:58.276+0000] {dag.py:3504} INFO - Setting next_dagrun for tutorial to 2025-08-13T11:23:58.276390+00:00, run_after=2025-08-14T11:23:58.276390+00:00
[2025-08-14T11:23:58.292+0000] {processor.py:179} INFO - Processing /home/vscode/.local/lib/python3.10/site-packages/airflow/example_dags/tutorial.py took 0.054 seconds
[2025-08-14T11:24:46.916+0000] {processor.py:157} INFO - Started process (PID=54492) to work on /home/vscode/.local/lib/python3.10/site-packages/airflow/example_dags/tutorial.py
[2025-08-14T11:24:46.917+0000] {processor.py:826} INFO - Processing file /home/vscode/.local/lib/python3.10/site-packages/airflow/example_dags/tutorial.py for tasks to queue
[2025-08-14T11:24:46.918+0000] {logging_mixin.py:150} INFO - [2025-08-14T11:24:46.917+0000] {dagbag.py:541} INFO - Filling up the DagBag from /home/vscode/.local/lib/python3.10/site-packages/airflow/example_dags/tutorial.py
[2025-08-14T11:24:46.925+0000] {processor.py:836} INFO - DAG(s) dict_keys(['tutorial']) retrieved from /home/vscode/.local/lib/python3.10/site-packages/airflow/example_dags/tutorial.py
[2025-08-14T11:24:46.943+0000] {logging_mixin.py:150} INFO - [2025-08-14T11:24:46.943+0000] {dag.py:2742} INFO - Sync 1 DAGs
[2025-08-14T11:24:46.960+0000] {logging_mixin.py:150} INFO - [2025-08-14T11:24:46.960+0000] {dag.py:3504} INFO - Setting next_dagrun for tutorial to 2025-08-13T11:24:46.960359+00:00, run_after=2025-08-14T11:24:46.960359+00:00
[2025-08-14T11:24:46.976+0000] {processor.py:179} INFO - Processing /home/vscode/.local/lib/python3.10/site-packages/airflow/example_dags/tutorial.py took 0.063 seconds
[2025-08-14T11:25:36.167+0000] {processor.py:157} INFO - Started process (PID=54959) to work on /home/vscode/.local/lib/python3.10/site-packages/airflow/example_dags/tutorial.py
[2025-08-14T11:25:36.167+0000] {processor.py:826} INFO - Processing file /home/vscode/.local/lib/python3.10/site-packages/airflow/example_dags/tutorial.py for tasks to queue
[2025-08-14T11:25:36.168+0000] {logging_mixin.py:150} INFO - [2025-08-14T11:25:36.168+0000] {dagbag.py:541} INFO - Filling up the DagBag from /home/vscode/.local/lib/python3.10/site-packages/airflow/example_dags/tutorial.py
[2025-08-14T11:25:36.173+0000] {processor.py:836} INFO - DAG(s) dict_keys(['tutorial']) retrieved from /home/vscode/.local/lib/python3.10/site-packages/airflow/example_dags/tutorial.py
[2025-08-14T11:25:36.184+0000] {logging_mixin.py:150} INFO - [2025-08-14T11:25:36.184+0000] {dag.py:2742} INFO - Sync 1 DAGs
[2025-08-14T11:25:36.199+0000] {logging_mixin.py:150} INFO - [2025-08-14T11:25:36.199+0000] {dag.py:3504} INFO - Setting next_dagrun for tutorial to 2025-08-13T11:25:36.199194+00:00, run_after=2025-08-14T11:25:36.199194+00:00
[2025-08-14T11:25:36.215+0000] {processor.py:179} INFO - Processing /home/vscode/.local/lib/python3.10/site-packages/airflow/example_dags/tutorial.py took 0.050 seconds
[2025-08-14T11:26:23.314+0000] {processor.py:157} INFO - Started process (PID=55404) to work on /home/vscode/.local/lib/python3.10/site-packages/airflow/example_dags/tutorial.py
[2025-08-14T11:26:23.314+0000] {processor.py:826} INFO - Processing file /home/vscode/.local/lib/python3.10/site-packages/airflow/example_dags/tutorial.py for tasks to queue
[2025-08-14T11:26:23.315+0000] {logging_mixin.py:150} INFO - [2025-08-14T11:26:23.315+0000] {dagbag.py:541} INFO - Filling up the DagBag from /home/vscode/.local/lib/python3.10/site-packages/airflow/example_dags/tutorial.py
[2025-08-14T11:26:23.320+0000] {processor.py:836} INFO - DAG(s) dict_keys(['tutorial']) retrieved from /home/vscode/.local/lib/python3.10/site-packages/airflow/example_dags/tutorial.py
[2025-08-14T11:26:23.331+0000] {logging_mixin.py:150} INFO - [2025-08-14T11:26:23.331+0000] {dag.py:2742} INFO - Sync 1 DAGs
[2025-08-14T11:26:23.346+0000] {logging_mixin.py:150} INFO - [2025-08-14T11:26:23.346+0000] {dag.py:3504} INFO - Setting next_dagrun for tutorial to 2025-08-13T11:26:23.346518+00:00, run_after=2025-08-14T11:26:23.346518+00:00
[2025-08-14T11:26:23.361+0000] {processor.py:179} INFO - Processing /home/vscode/.local/lib/python3.10/site-packages/airflow/example_dags/tutorial.py took 0.050 seconds
