[2025-08-14T09:39:08.105+0000] {processor.py:157} INFO - Started process (PID=3517) to work on /home/vscode/.local/lib/python3.10/site-packages/airflow/example_dags/tutorial_dag.py
[2025-08-14T09:39:08.105+0000] {processor.py:826} INFO - Processing file /home/vscode/.local/lib/python3.10/site-packages/airflow/example_dags/tutorial_dag.py for tasks to queue
[2025-08-14T09:39:08.106+0000] {logging_mixin.py:150} INFO - [2025-08-14T09:39:08.105+0000] {dagbag.py:541} INFO - Filling up the DagBag from /home/vscode/.local/lib/python3.10/site-packages/airflow/example_dags/tutorial_dag.py
[2025-08-14T09:39:08.113+0000] {processor.py:836} INFO - DAG(s) dict_keys(['tutorial_dag']) retrieved from /home/vscode/.local/lib/python3.10/site-packages/airflow/example_dags/tutorial_dag.py
[2025-08-14T09:39:08.196+0000] {logging_mixin.py:150} INFO - [2025-08-14T09:39:08.196+0000] {manager.py:504} INFO - Created Permission View: can edit on DAG:tutorial_dag
[2025-08-14T09:39:08.205+0000] {logging_mixin.py:150} INFO - [2025-08-14T09:39:08.205+0000] {manager.py:504} INFO - Created Permission View: can read on DAG:tutorial_dag
[2025-08-14T09:39:08.211+0000] {logging_mixin.py:150} INFO - [2025-08-14T09:39:08.211+0000] {manager.py:504} INFO - Created Permission View: can delete on DAG:tutorial_dag
[2025-08-14T09:39:08.219+0000] {logging_mixin.py:150} INFO - [2025-08-14T09:39:08.219+0000] {dag.py:2742} INFO - Sync 1 DAGs
[2025-08-14T09:39:08.226+0000] {logging_mixin.py:150} INFO - [2025-08-14T09:39:08.226+0000] {dag.py:2763} INFO - Creating ORM DAG for tutorial_dag
[2025-08-14T09:39:08.237+0000] {logging_mixin.py:150} INFO - [2025-08-14T09:39:08.236+0000] {dag.py:3504} INFO - Setting next_dagrun for tutorial_dag to None, run_after=None
[2025-08-14T09:39:08.262+0000] {processor.py:179} INFO - Processing /home/vscode/.local/lib/python3.10/site-packages/airflow/example_dags/tutorial_dag.py took 0.160 seconds
[2025-08-14T09:39:59.858+0000] {processor.py:157} INFO - Started process (PID=3873) to work on /home/vscode/.local/lib/python3.10/site-packages/airflow/example_dags/tutorial_dag.py
[2025-08-14T09:39:59.858+0000] {processor.py:826} INFO - Processing file /home/vscode/.local/lib/python3.10/site-packages/airflow/example_dags/tutorial_dag.py for tasks to queue
[2025-08-14T09:39:59.859+0000] {logging_mixin.py:150} INFO - [2025-08-14T09:39:59.859+0000] {dagbag.py:541} INFO - Filling up the DagBag from /home/vscode/.local/lib/python3.10/site-packages/airflow/example_dags/tutorial_dag.py
[2025-08-14T09:39:59.863+0000] {processor.py:836} INFO - DAG(s) dict_keys(['tutorial_dag']) retrieved from /home/vscode/.local/lib/python3.10/site-packages/airflow/example_dags/tutorial_dag.py
[2025-08-14T09:39:59.875+0000] {logging_mixin.py:150} INFO - [2025-08-14T09:39:59.875+0000] {dag.py:2742} INFO - Sync 1 DAGs
[2025-08-14T09:39:59.889+0000] {logging_mixin.py:150} INFO - [2025-08-14T09:39:59.889+0000] {dag.py:3504} INFO - Setting next_dagrun for tutorial_dag to None, run_after=None
[2025-08-14T09:39:59.905+0000] {processor.py:179} INFO - Processing /home/vscode/.local/lib/python3.10/site-packages/airflow/example_dags/tutorial_dag.py took 0.049 seconds
[2025-08-14T09:40:43.269+0000] {processor.py:157} INFO - Started process (PID=4165) to work on /home/vscode/.local/lib/python3.10/site-packages/airflow/example_dags/tutorial_dag.py
[2025-08-14T09:40:43.269+0000] {processor.py:826} INFO - Processing file /home/vscode/.local/lib/python3.10/site-packages/airflow/example_dags/tutorial_dag.py for tasks to queue
[2025-08-14T09:40:43.270+0000] {logging_mixin.py:150} INFO - [2025-08-14T09:40:43.270+0000] {dagbag.py:541} INFO - Filling up the DagBag from /home/vscode/.local/lib/python3.10/site-packages/airflow/example_dags/tutorial_dag.py
[2025-08-14T09:40:43.274+0000] {processor.py:836} INFO - DAG(s) dict_keys(['tutorial_dag']) retrieved from /home/vscode/.local/lib/python3.10/site-packages/airflow/example_dags/tutorial_dag.py
[2025-08-14T09:40:43.286+0000] {logging_mixin.py:150} INFO - [2025-08-14T09:40:43.285+0000] {dag.py:2742} INFO - Sync 1 DAGs
[2025-08-14T09:40:43.299+0000] {logging_mixin.py:150} INFO - [2025-08-14T09:40:43.299+0000] {dag.py:3504} INFO - Setting next_dagrun for tutorial_dag to None, run_after=None
[2025-08-14T09:40:43.314+0000] {processor.py:179} INFO - Processing /home/vscode/.local/lib/python3.10/site-packages/airflow/example_dags/tutorial_dag.py took 0.047 seconds
[2025-08-14T09:41:27.216+0000] {processor.py:157} INFO - Started process (PID=4477) to work on /home/vscode/.local/lib/python3.10/site-packages/airflow/example_dags/tutorial_dag.py
[2025-08-14T09:41:27.217+0000] {processor.py:826} INFO - Processing file /home/vscode/.local/lib/python3.10/site-packages/airflow/example_dags/tutorial_dag.py for tasks to queue
[2025-08-14T09:41:27.217+0000] {logging_mixin.py:150} INFO - [2025-08-14T09:41:27.217+0000] {dagbag.py:541} INFO - Filling up the DagBag from /home/vscode/.local/lib/python3.10/site-packages/airflow/example_dags/tutorial_dag.py
[2025-08-14T09:41:27.223+0000] {processor.py:836} INFO - DAG(s) dict_keys(['tutorial_dag']) retrieved from /home/vscode/.local/lib/python3.10/site-packages/airflow/example_dags/tutorial_dag.py
[2025-08-14T09:41:27.235+0000] {logging_mixin.py:150} INFO - [2025-08-14T09:41:27.235+0000] {dag.py:2742} INFO - Sync 1 DAGs
[2025-08-14T09:41:27.249+0000] {logging_mixin.py:150} INFO - [2025-08-14T09:41:27.249+0000] {dag.py:3504} INFO - Setting next_dagrun for tutorial_dag to None, run_after=None
[2025-08-14T09:41:27.265+0000] {processor.py:179} INFO - Processing /home/vscode/.local/lib/python3.10/site-packages/airflow/example_dags/tutorial_dag.py took 0.051 seconds
[2025-08-14T09:42:02.103+0000] {processor.py:157} INFO - Started process (PID=4739) to work on /home/vscode/.local/lib/python3.10/site-packages/airflow/example_dags/tutorial_dag.py
[2025-08-14T09:42:02.104+0000] {processor.py:826} INFO - Processing file /home/vscode/.local/lib/python3.10/site-packages/airflow/example_dags/tutorial_dag.py for tasks to queue
[2025-08-14T09:42:02.104+0000] {logging_mixin.py:150} INFO - [2025-08-14T09:42:02.104+0000] {dagbag.py:541} INFO - Filling up the DagBag from /home/vscode/.local/lib/python3.10/site-packages/airflow/example_dags/tutorial_dag.py
[2025-08-14T09:42:02.108+0000] {processor.py:836} INFO - DAG(s) dict_keys(['tutorial_dag']) retrieved from /home/vscode/.local/lib/python3.10/site-packages/airflow/example_dags/tutorial_dag.py
[2025-08-14T09:42:02.121+0000] {logging_mixin.py:150} INFO - [2025-08-14T09:42:02.120+0000] {dag.py:2742} INFO - Sync 1 DAGs
[2025-08-14T09:42:02.135+0000] {logging_mixin.py:150} INFO - [2025-08-14T09:42:02.135+0000] {dag.py:3504} INFO - Setting next_dagrun for tutorial_dag to None, run_after=None
[2025-08-14T09:42:02.151+0000] {processor.py:179} INFO - Processing /home/vscode/.local/lib/python3.10/site-packages/airflow/example_dags/tutorial_dag.py took 0.050 seconds
[2025-08-14T09:42:46.039+0000] {processor.py:157} INFO - Started process (PID=5049) to work on /home/vscode/.local/lib/python3.10/site-packages/airflow/example_dags/tutorial_dag.py
[2025-08-14T09:42:46.040+0000] {processor.py:826} INFO - Processing file /home/vscode/.local/lib/python3.10/site-packages/airflow/example_dags/tutorial_dag.py for tasks to queue
[2025-08-14T09:42:46.041+0000] {logging_mixin.py:150} INFO - [2025-08-14T09:42:46.040+0000] {dagbag.py:541} INFO - Filling up the DagBag from /home/vscode/.local/lib/python3.10/site-packages/airflow/example_dags/tutorial_dag.py
[2025-08-14T09:42:46.046+0000] {processor.py:836} INFO - DAG(s) dict_keys(['tutorial_dag']) retrieved from /home/vscode/.local/lib/python3.10/site-packages/airflow/example_dags/tutorial_dag.py
[2025-08-14T09:42:46.063+0000] {logging_mixin.py:150} INFO - [2025-08-14T09:42:46.063+0000] {dag.py:2742} INFO - Sync 1 DAGs
[2025-08-14T09:42:46.081+0000] {logging_mixin.py:150} INFO - [2025-08-14T09:42:46.081+0000] {dag.py:3504} INFO - Setting next_dagrun for tutorial_dag to None, run_after=None
[2025-08-14T09:42:46.096+0000] {processor.py:179} INFO - Processing /home/vscode/.local/lib/python3.10/site-packages/airflow/example_dags/tutorial_dag.py took 0.060 seconds
[2025-08-14T09:43:31.726+0000] {processor.py:157} INFO - Started process (PID=5380) to work on /home/vscode/.local/lib/python3.10/site-packages/airflow/example_dags/tutorial_dag.py
[2025-08-14T09:43:31.726+0000] {processor.py:826} INFO - Processing file /home/vscode/.local/lib/python3.10/site-packages/airflow/example_dags/tutorial_dag.py for tasks to queue
[2025-08-14T09:43:31.727+0000] {logging_mixin.py:150} INFO - [2025-08-14T09:43:31.727+0000] {dagbag.py:541} INFO - Filling up the DagBag from /home/vscode/.local/lib/python3.10/site-packages/airflow/example_dags/tutorial_dag.py
[2025-08-14T09:43:31.730+0000] {processor.py:836} INFO - DAG(s) dict_keys(['tutorial_dag']) retrieved from /home/vscode/.local/lib/python3.10/site-packages/airflow/example_dags/tutorial_dag.py
[2025-08-14T09:43:31.742+0000] {logging_mixin.py:150} INFO - [2025-08-14T09:43:31.742+0000] {dag.py:2742} INFO - Sync 1 DAGs
[2025-08-14T09:43:31.756+0000] {logging_mixin.py:150} INFO - [2025-08-14T09:43:31.756+0000] {dag.py:3504} INFO - Setting next_dagrun for tutorial_dag to None, run_after=None
[2025-08-14T09:43:31.772+0000] {processor.py:179} INFO - Processing /home/vscode/.local/lib/python3.10/site-packages/airflow/example_dags/tutorial_dag.py took 0.048 seconds
[2025-08-14T09:44:15.228+0000] {processor.py:157} INFO - Started process (PID=5705) to work on /home/vscode/.local/lib/python3.10/site-packages/airflow/example_dags/tutorial_dag.py
[2025-08-14T09:44:15.229+0000] {processor.py:826} INFO - Processing file /home/vscode/.local/lib/python3.10/site-packages/airflow/example_dags/tutorial_dag.py for tasks to queue
[2025-08-14T09:44:15.230+0000] {logging_mixin.py:150} INFO - [2025-08-14T09:44:15.229+0000] {dagbag.py:541} INFO - Filling up the DagBag from /home/vscode/.local/lib/python3.10/site-packages/airflow/example_dags/tutorial_dag.py
[2025-08-14T09:44:15.235+0000] {processor.py:836} INFO - DAG(s) dict_keys(['tutorial_dag']) retrieved from /home/vscode/.local/lib/python3.10/site-packages/airflow/example_dags/tutorial_dag.py
[2025-08-14T09:44:15.252+0000] {logging_mixin.py:150} INFO - [2025-08-14T09:44:15.252+0000] {dag.py:2742} INFO - Sync 1 DAGs
[2025-08-14T09:44:15.271+0000] {logging_mixin.py:150} INFO - [2025-08-14T09:44:15.271+0000] {dag.py:3504} INFO - Setting next_dagrun for tutorial_dag to None, run_after=None
[2025-08-14T09:44:15.287+0000] {processor.py:179} INFO - Processing /home/vscode/.local/lib/python3.10/site-packages/airflow/example_dags/tutorial_dag.py took 0.062 seconds
[2025-08-14T09:44:56.403+0000] {processor.py:157} INFO - Started process (PID=6009) to work on /home/vscode/.local/lib/python3.10/site-packages/airflow/example_dags/tutorial_dag.py
[2025-08-14T09:44:56.404+0000] {processor.py:826} INFO - Processing file /home/vscode/.local/lib/python3.10/site-packages/airflow/example_dags/tutorial_dag.py for tasks to queue
[2025-08-14T09:44:56.405+0000] {logging_mixin.py:150} INFO - [2025-08-14T09:44:56.404+0000] {dagbag.py:541} INFO - Filling up the DagBag from /home/vscode/.local/lib/python3.10/site-packages/airflow/example_dags/tutorial_dag.py
[2025-08-14T09:44:56.408+0000] {processor.py:836} INFO - DAG(s) dict_keys(['tutorial_dag']) retrieved from /home/vscode/.local/lib/python3.10/site-packages/airflow/example_dags/tutorial_dag.py
[2025-08-14T09:44:56.420+0000] {logging_mixin.py:150} INFO - [2025-08-14T09:44:56.420+0000] {dag.py:2742} INFO - Sync 1 DAGs
[2025-08-14T09:44:56.434+0000] {logging_mixin.py:150} INFO - [2025-08-14T09:44:56.434+0000] {dag.py:3504} INFO - Setting next_dagrun for tutorial_dag to None, run_after=None
[2025-08-14T09:44:56.449+0000] {processor.py:179} INFO - Processing /home/vscode/.local/lib/python3.10/site-packages/airflow/example_dags/tutorial_dag.py took 0.047 seconds
[2025-08-14T09:45:36.627+0000] {processor.py:157} INFO - Started process (PID=6300) to work on /home/vscode/.local/lib/python3.10/site-packages/airflow/example_dags/tutorial_dag.py
[2025-08-14T09:45:36.627+0000] {processor.py:826} INFO - Processing file /home/vscode/.local/lib/python3.10/site-packages/airflow/example_dags/tutorial_dag.py for tasks to queue
[2025-08-14T09:45:36.628+0000] {logging_mixin.py:150} INFO - [2025-08-14T09:45:36.628+0000] {dagbag.py:541} INFO - Filling up the DagBag from /home/vscode/.local/lib/python3.10/site-packages/airflow/example_dags/tutorial_dag.py
[2025-08-14T09:45:36.632+0000] {processor.py:836} INFO - DAG(s) dict_keys(['tutorial_dag']) retrieved from /home/vscode/.local/lib/python3.10/site-packages/airflow/example_dags/tutorial_dag.py
[2025-08-14T09:45:36.644+0000] {logging_mixin.py:150} INFO - [2025-08-14T09:45:36.644+0000] {dag.py:2742} INFO - Sync 1 DAGs
[2025-08-14T09:45:36.658+0000] {logging_mixin.py:150} INFO - [2025-08-14T09:45:36.657+0000] {dag.py:3504} INFO - Setting next_dagrun for tutorial_dag to None, run_after=None
[2025-08-14T09:45:36.673+0000] {processor.py:179} INFO - Processing /home/vscode/.local/lib/python3.10/site-packages/airflow/example_dags/tutorial_dag.py took 0.049 seconds
[2025-08-14T09:46:11.061+0000] {processor.py:157} INFO - Started process (PID=6533) to work on /home/vscode/.local/lib/python3.10/site-packages/airflow/example_dags/tutorial_dag.py
[2025-08-14T09:46:11.062+0000] {processor.py:826} INFO - Processing file /home/vscode/.local/lib/python3.10/site-packages/airflow/example_dags/tutorial_dag.py for tasks to queue
[2025-08-14T09:46:11.063+0000] {logging_mixin.py:150} INFO - [2025-08-14T09:46:11.062+0000] {dagbag.py:541} INFO - Filling up the DagBag from /home/vscode/.local/lib/python3.10/site-packages/airflow/example_dags/tutorial_dag.py
[2025-08-14T09:46:11.068+0000] {processor.py:836} INFO - DAG(s) dict_keys(['tutorial_dag']) retrieved from /home/vscode/.local/lib/python3.10/site-packages/airflow/example_dags/tutorial_dag.py
[2025-08-14T09:46:11.085+0000] {logging_mixin.py:150} INFO - [2025-08-14T09:46:11.085+0000] {dag.py:2742} INFO - Sync 1 DAGs
[2025-08-14T09:46:11.107+0000] {logging_mixin.py:150} INFO - [2025-08-14T09:46:11.107+0000] {dag.py:3504} INFO - Setting next_dagrun for tutorial_dag to None, run_after=None
[2025-08-14T09:46:11.125+0000] {processor.py:179} INFO - Processing /home/vscode/.local/lib/python3.10/site-packages/airflow/example_dags/tutorial_dag.py took 0.067 seconds
[2025-08-14T09:46:57.331+0000] {processor.py:157} INFO - Started process (PID=6841) to work on /home/vscode/.local/lib/python3.10/site-packages/airflow/example_dags/tutorial_dag.py
[2025-08-14T09:46:57.331+0000] {processor.py:826} INFO - Processing file /home/vscode/.local/lib/python3.10/site-packages/airflow/example_dags/tutorial_dag.py for tasks to queue
[2025-08-14T09:46:57.332+0000] {logging_mixin.py:150} INFO - [2025-08-14T09:46:57.332+0000] {dagbag.py:541} INFO - Filling up the DagBag from /home/vscode/.local/lib/python3.10/site-packages/airflow/example_dags/tutorial_dag.py
[2025-08-14T09:46:57.336+0000] {processor.py:836} INFO - DAG(s) dict_keys(['tutorial_dag']) retrieved from /home/vscode/.local/lib/python3.10/site-packages/airflow/example_dags/tutorial_dag.py
[2025-08-14T09:46:57.347+0000] {logging_mixin.py:150} INFO - [2025-08-14T09:46:57.347+0000] {dag.py:2742} INFO - Sync 1 DAGs
[2025-08-14T09:46:57.361+0000] {logging_mixin.py:150} INFO - [2025-08-14T09:46:57.361+0000] {dag.py:3504} INFO - Setting next_dagrun for tutorial_dag to None, run_after=None
[2025-08-14T09:46:57.376+0000] {processor.py:179} INFO - Processing /home/vscode/.local/lib/python3.10/site-packages/airflow/example_dags/tutorial_dag.py took 0.047 seconds
[2025-08-14T09:47:42.519+0000] {processor.py:157} INFO - Started process (PID=7144) to work on /home/vscode/.local/lib/python3.10/site-packages/airflow/example_dags/tutorial_dag.py
[2025-08-14T09:47:42.520+0000] {processor.py:826} INFO - Processing file /home/vscode/.local/lib/python3.10/site-packages/airflow/example_dags/tutorial_dag.py for tasks to queue
[2025-08-14T09:47:42.520+0000] {logging_mixin.py:150} INFO - [2025-08-14T09:47:42.520+0000] {dagbag.py:541} INFO - Filling up the DagBag from /home/vscode/.local/lib/python3.10/site-packages/airflow/example_dags/tutorial_dag.py
[2025-08-14T09:47:42.524+0000] {processor.py:836} INFO - DAG(s) dict_keys(['tutorial_dag']) retrieved from /home/vscode/.local/lib/python3.10/site-packages/airflow/example_dags/tutorial_dag.py
[2025-08-14T09:47:42.535+0000] {logging_mixin.py:150} INFO - [2025-08-14T09:47:42.535+0000] {dag.py:2742} INFO - Sync 1 DAGs
[2025-08-14T09:47:42.548+0000] {logging_mixin.py:150} INFO - [2025-08-14T09:47:42.548+0000] {dag.py:3504} INFO - Setting next_dagrun for tutorial_dag to None, run_after=None
[2025-08-14T09:47:42.563+0000] {processor.py:179} INFO - Processing /home/vscode/.local/lib/python3.10/site-packages/airflow/example_dags/tutorial_dag.py took 0.045 seconds
[2025-08-14T09:48:30.458+0000] {processor.py:157} INFO - Started process (PID=7498) to work on /home/vscode/.local/lib/python3.10/site-packages/airflow/example_dags/tutorial_dag.py
[2025-08-14T09:48:30.459+0000] {processor.py:826} INFO - Processing file /home/vscode/.local/lib/python3.10/site-packages/airflow/example_dags/tutorial_dag.py for tasks to queue
[2025-08-14T09:48:30.459+0000] {logging_mixin.py:150} INFO - [2025-08-14T09:48:30.459+0000] {dagbag.py:541} INFO - Filling up the DagBag from /home/vscode/.local/lib/python3.10/site-packages/airflow/example_dags/tutorial_dag.py
[2025-08-14T09:48:30.463+0000] {processor.py:836} INFO - DAG(s) dict_keys(['tutorial_dag']) retrieved from /home/vscode/.local/lib/python3.10/site-packages/airflow/example_dags/tutorial_dag.py
[2025-08-14T09:48:30.475+0000] {logging_mixin.py:150} INFO - [2025-08-14T09:48:30.475+0000] {dag.py:2742} INFO - Sync 1 DAGs
[2025-08-14T09:48:30.489+0000] {logging_mixin.py:150} INFO - [2025-08-14T09:48:30.488+0000] {dag.py:3504} INFO - Setting next_dagrun for tutorial_dag to None, run_after=None
[2025-08-14T09:48:30.504+0000] {processor.py:179} INFO - Processing /home/vscode/.local/lib/python3.10/site-packages/airflow/example_dags/tutorial_dag.py took 0.048 seconds
[2025-08-14T09:49:15.999+0000] {processor.py:157} INFO - Started process (PID=7837) to work on /home/vscode/.local/lib/python3.10/site-packages/airflow/example_dags/tutorial_dag.py
[2025-08-14T09:49:16.000+0000] {processor.py:826} INFO - Processing file /home/vscode/.local/lib/python3.10/site-packages/airflow/example_dags/tutorial_dag.py for tasks to queue
[2025-08-14T09:49:16.001+0000] {logging_mixin.py:150} INFO - [2025-08-14T09:49:16.000+0000] {dagbag.py:541} INFO - Filling up the DagBag from /home/vscode/.local/lib/python3.10/site-packages/airflow/example_dags/tutorial_dag.py
[2025-08-14T09:49:16.004+0000] {processor.py:836} INFO - DAG(s) dict_keys(['tutorial_dag']) retrieved from /home/vscode/.local/lib/python3.10/site-packages/airflow/example_dags/tutorial_dag.py
[2025-08-14T09:49:16.016+0000] {logging_mixin.py:150} INFO - [2025-08-14T09:49:16.016+0000] {dag.py:2742} INFO - Sync 1 DAGs
[2025-08-14T09:49:16.030+0000] {logging_mixin.py:150} INFO - [2025-08-14T09:49:16.030+0000] {dag.py:3504} INFO - Setting next_dagrun for tutorial_dag to None, run_after=None
[2025-08-14T09:49:16.046+0000] {processor.py:179} INFO - Processing /home/vscode/.local/lib/python3.10/site-packages/airflow/example_dags/tutorial_dag.py took 0.049 seconds
[2025-08-14T09:50:02.692+0000] {processor.py:157} INFO - Started process (PID=8190) to work on /home/vscode/.local/lib/python3.10/site-packages/airflow/example_dags/tutorial_dag.py
[2025-08-14T09:50:02.693+0000] {processor.py:826} INFO - Processing file /home/vscode/.local/lib/python3.10/site-packages/airflow/example_dags/tutorial_dag.py for tasks to queue
[2025-08-14T09:50:02.693+0000] {logging_mixin.py:150} INFO - [2025-08-14T09:50:02.693+0000] {dagbag.py:541} INFO - Filling up the DagBag from /home/vscode/.local/lib/python3.10/site-packages/airflow/example_dags/tutorial_dag.py
[2025-08-14T09:50:02.697+0000] {processor.py:836} INFO - DAG(s) dict_keys(['tutorial_dag']) retrieved from /home/vscode/.local/lib/python3.10/site-packages/airflow/example_dags/tutorial_dag.py
[2025-08-14T09:50:02.709+0000] {logging_mixin.py:150} INFO - [2025-08-14T09:50:02.709+0000] {dag.py:2742} INFO - Sync 1 DAGs
[2025-08-14T09:50:02.723+0000] {logging_mixin.py:150} INFO - [2025-08-14T09:50:02.723+0000] {dag.py:3504} INFO - Setting next_dagrun for tutorial_dag to None, run_after=None
[2025-08-14T09:50:02.742+0000] {processor.py:179} INFO - Processing /home/vscode/.local/lib/python3.10/site-packages/airflow/example_dags/tutorial_dag.py took 0.053 seconds
[2025-08-14T09:50:46.213+0000] {processor.py:157} INFO - Started process (PID=8513) to work on /home/vscode/.local/lib/python3.10/site-packages/airflow/example_dags/tutorial_dag.py
[2025-08-14T09:50:46.214+0000] {processor.py:826} INFO - Processing file /home/vscode/.local/lib/python3.10/site-packages/airflow/example_dags/tutorial_dag.py for tasks to queue
[2025-08-14T09:50:46.215+0000] {logging_mixin.py:150} INFO - [2025-08-14T09:50:46.214+0000] {dagbag.py:541} INFO - Filling up the DagBag from /home/vscode/.local/lib/python3.10/site-packages/airflow/example_dags/tutorial_dag.py
[2025-08-14T09:50:46.219+0000] {processor.py:836} INFO - DAG(s) dict_keys(['tutorial_dag']) retrieved from /home/vscode/.local/lib/python3.10/site-packages/airflow/example_dags/tutorial_dag.py
[2025-08-14T09:50:46.232+0000] {logging_mixin.py:150} INFO - [2025-08-14T09:50:46.232+0000] {dag.py:2742} INFO - Sync 1 DAGs
[2025-08-14T09:50:46.247+0000] {logging_mixin.py:150} INFO - [2025-08-14T09:50:46.247+0000] {dag.py:3504} INFO - Setting next_dagrun for tutorial_dag to None, run_after=None
[2025-08-14T09:50:46.263+0000] {processor.py:179} INFO - Processing /home/vscode/.local/lib/python3.10/site-packages/airflow/example_dags/tutorial_dag.py took 0.052 seconds
[2025-08-14T09:51:29.582+0000] {processor.py:157} INFO - Started process (PID=8837) to work on /home/vscode/.local/lib/python3.10/site-packages/airflow/example_dags/tutorial_dag.py
[2025-08-14T09:51:29.582+0000] {processor.py:826} INFO - Processing file /home/vscode/.local/lib/python3.10/site-packages/airflow/example_dags/tutorial_dag.py for tasks to queue
[2025-08-14T09:51:29.583+0000] {logging_mixin.py:150} INFO - [2025-08-14T09:51:29.583+0000] {dagbag.py:541} INFO - Filling up the DagBag from /home/vscode/.local/lib/python3.10/site-packages/airflow/example_dags/tutorial_dag.py
[2025-08-14T09:51:29.586+0000] {processor.py:836} INFO - DAG(s) dict_keys(['tutorial_dag']) retrieved from /home/vscode/.local/lib/python3.10/site-packages/airflow/example_dags/tutorial_dag.py
[2025-08-14T09:51:29.600+0000] {logging_mixin.py:150} INFO - [2025-08-14T09:51:29.600+0000] {dag.py:2742} INFO - Sync 1 DAGs
[2025-08-14T09:51:29.616+0000] {logging_mixin.py:150} INFO - [2025-08-14T09:51:29.616+0000] {dag.py:3504} INFO - Setting next_dagrun for tutorial_dag to None, run_after=None
[2025-08-14T09:51:29.634+0000] {processor.py:179} INFO - Processing /home/vscode/.local/lib/python3.10/site-packages/airflow/example_dags/tutorial_dag.py took 0.054 seconds
[2025-08-14T09:52:03.168+0000] {processor.py:157} INFO - Started process (PID=9053) to work on /home/vscode/.local/lib/python3.10/site-packages/airflow/example_dags/tutorial_dag.py
[2025-08-14T09:52:03.169+0000] {processor.py:826} INFO - Processing file /home/vscode/.local/lib/python3.10/site-packages/airflow/example_dags/tutorial_dag.py for tasks to queue
[2025-08-14T09:52:03.170+0000] {logging_mixin.py:150} INFO - [2025-08-14T09:52:03.169+0000] {dagbag.py:541} INFO - Filling up the DagBag from /home/vscode/.local/lib/python3.10/site-packages/airflow/example_dags/tutorial_dag.py
[2025-08-14T09:52:03.173+0000] {processor.py:836} INFO - DAG(s) dict_keys(['tutorial_dag']) retrieved from /home/vscode/.local/lib/python3.10/site-packages/airflow/example_dags/tutorial_dag.py
[2025-08-14T09:52:03.185+0000] {logging_mixin.py:150} INFO - [2025-08-14T09:52:03.184+0000] {dag.py:2742} INFO - Sync 1 DAGs
[2025-08-14T09:52:03.198+0000] {logging_mixin.py:150} INFO - [2025-08-14T09:52:03.198+0000] {dag.py:3504} INFO - Setting next_dagrun for tutorial_dag to None, run_after=None
[2025-08-14T09:52:03.214+0000] {processor.py:179} INFO - Processing /home/vscode/.local/lib/python3.10/site-packages/airflow/example_dags/tutorial_dag.py took 0.048 seconds
[2025-08-14T09:52:36.102+0000] {processor.py:157} INFO - Started process (PID=9277) to work on /home/vscode/.local/lib/python3.10/site-packages/airflow/example_dags/tutorial_dag.py
[2025-08-14T09:52:36.103+0000] {processor.py:826} INFO - Processing file /home/vscode/.local/lib/python3.10/site-packages/airflow/example_dags/tutorial_dag.py for tasks to queue
[2025-08-14T09:52:36.103+0000] {logging_mixin.py:150} INFO - [2025-08-14T09:52:36.103+0000] {dagbag.py:541} INFO - Filling up the DagBag from /home/vscode/.local/lib/python3.10/site-packages/airflow/example_dags/tutorial_dag.py
[2025-08-14T09:52:36.107+0000] {processor.py:836} INFO - DAG(s) dict_keys(['tutorial_dag']) retrieved from /home/vscode/.local/lib/python3.10/site-packages/airflow/example_dags/tutorial_dag.py
[2025-08-14T09:52:36.118+0000] {logging_mixin.py:150} INFO - [2025-08-14T09:52:36.118+0000] {dag.py:2742} INFO - Sync 1 DAGs
[2025-08-14T09:52:36.132+0000] {logging_mixin.py:150} INFO - [2025-08-14T09:52:36.132+0000] {dag.py:3504} INFO - Setting next_dagrun for tutorial_dag to None, run_after=None
[2025-08-14T09:52:36.147+0000] {processor.py:179} INFO - Processing /home/vscode/.local/lib/python3.10/site-packages/airflow/example_dags/tutorial_dag.py took 0.047 seconds
[2025-08-14T09:53:24.080+0000] {processor.py:157} INFO - Started process (PID=9602) to work on /home/vscode/.local/lib/python3.10/site-packages/airflow/example_dags/tutorial_dag.py
[2025-08-14T09:53:24.080+0000] {processor.py:826} INFO - Processing file /home/vscode/.local/lib/python3.10/site-packages/airflow/example_dags/tutorial_dag.py for tasks to queue
[2025-08-14T09:53:24.081+0000] {logging_mixin.py:150} INFO - [2025-08-14T09:53:24.081+0000] {dagbag.py:541} INFO - Filling up the DagBag from /home/vscode/.local/lib/python3.10/site-packages/airflow/example_dags/tutorial_dag.py
[2025-08-14T09:53:24.085+0000] {processor.py:836} INFO - DAG(s) dict_keys(['tutorial_dag']) retrieved from /home/vscode/.local/lib/python3.10/site-packages/airflow/example_dags/tutorial_dag.py
[2025-08-14T09:53:24.097+0000] {logging_mixin.py:150} INFO - [2025-08-14T09:53:24.096+0000] {dag.py:2742} INFO - Sync 1 DAGs
[2025-08-14T09:53:24.111+0000] {logging_mixin.py:150} INFO - [2025-08-14T09:53:24.111+0000] {dag.py:3504} INFO - Setting next_dagrun for tutorial_dag to None, run_after=None
[2025-08-14T09:53:24.127+0000] {processor.py:179} INFO - Processing /home/vscode/.local/lib/python3.10/site-packages/airflow/example_dags/tutorial_dag.py took 0.049 seconds
[2025-08-14T09:54:07.423+0000] {processor.py:157} INFO - Started process (PID=9890) to work on /home/vscode/.local/lib/python3.10/site-packages/airflow/example_dags/tutorial_dag.py
[2025-08-14T09:54:07.424+0000] {processor.py:826} INFO - Processing file /home/vscode/.local/lib/python3.10/site-packages/airflow/example_dags/tutorial_dag.py for tasks to queue
[2025-08-14T09:54:07.424+0000] {logging_mixin.py:150} INFO - [2025-08-14T09:54:07.424+0000] {dagbag.py:541} INFO - Filling up the DagBag from /home/vscode/.local/lib/python3.10/site-packages/airflow/example_dags/tutorial_dag.py
[2025-08-14T09:54:07.428+0000] {processor.py:836} INFO - DAG(s) dict_keys(['tutorial_dag']) retrieved from /home/vscode/.local/lib/python3.10/site-packages/airflow/example_dags/tutorial_dag.py
[2025-08-14T09:54:07.439+0000] {logging_mixin.py:150} INFO - [2025-08-14T09:54:07.439+0000] {dag.py:2742} INFO - Sync 1 DAGs
[2025-08-14T09:54:07.453+0000] {logging_mixin.py:150} INFO - [2025-08-14T09:54:07.453+0000] {dag.py:3504} INFO - Setting next_dagrun for tutorial_dag to None, run_after=None
[2025-08-14T09:54:07.468+0000] {processor.py:179} INFO - Processing /home/vscode/.local/lib/python3.10/site-packages/airflow/example_dags/tutorial_dag.py took 0.047 seconds
[2025-08-14T09:54:53.803+0000] {processor.py:157} INFO - Started process (PID=10199) to work on /home/vscode/.local/lib/python3.10/site-packages/airflow/example_dags/tutorial_dag.py
[2025-08-14T09:54:53.804+0000] {processor.py:826} INFO - Processing file /home/vscode/.local/lib/python3.10/site-packages/airflow/example_dags/tutorial_dag.py for tasks to queue
[2025-08-14T09:54:53.805+0000] {logging_mixin.py:150} INFO - [2025-08-14T09:54:53.804+0000] {dagbag.py:541} INFO - Filling up the DagBag from /home/vscode/.local/lib/python3.10/site-packages/airflow/example_dags/tutorial_dag.py
[2025-08-14T09:54:53.809+0000] {processor.py:836} INFO - DAG(s) dict_keys(['tutorial_dag']) retrieved from /home/vscode/.local/lib/python3.10/site-packages/airflow/example_dags/tutorial_dag.py
[2025-08-14T09:54:53.821+0000] {logging_mixin.py:150} INFO - [2025-08-14T09:54:53.820+0000] {dag.py:2742} INFO - Sync 1 DAGs
[2025-08-14T09:54:53.835+0000] {logging_mixin.py:150} INFO - [2025-08-14T09:54:53.835+0000] {dag.py:3504} INFO - Setting next_dagrun for tutorial_dag to None, run_after=None
[2025-08-14T09:54:53.851+0000] {processor.py:179} INFO - Processing /home/vscode/.local/lib/python3.10/site-packages/airflow/example_dags/tutorial_dag.py took 0.051 seconds
[2025-08-14T09:55:37.062+0000] {processor.py:157} INFO - Started process (PID=10495) to work on /home/vscode/.local/lib/python3.10/site-packages/airflow/example_dags/tutorial_dag.py
[2025-08-14T09:55:37.063+0000] {processor.py:826} INFO - Processing file /home/vscode/.local/lib/python3.10/site-packages/airflow/example_dags/tutorial_dag.py for tasks to queue
[2025-08-14T09:55:37.064+0000] {logging_mixin.py:150} INFO - [2025-08-14T09:55:37.063+0000] {dagbag.py:541} INFO - Filling up the DagBag from /home/vscode/.local/lib/python3.10/site-packages/airflow/example_dags/tutorial_dag.py
[2025-08-14T09:55:37.068+0000] {processor.py:836} INFO - DAG(s) dict_keys(['tutorial_dag']) retrieved from /home/vscode/.local/lib/python3.10/site-packages/airflow/example_dags/tutorial_dag.py
[2025-08-14T09:55:37.080+0000] {logging_mixin.py:150} INFO - [2025-08-14T09:55:37.080+0000] {dag.py:2742} INFO - Sync 1 DAGs
[2025-08-14T09:55:37.095+0000] {logging_mixin.py:150} INFO - [2025-08-14T09:55:37.094+0000] {dag.py:3504} INFO - Setting next_dagrun for tutorial_dag to None, run_after=None
[2025-08-14T09:55:37.110+0000] {processor.py:179} INFO - Processing /home/vscode/.local/lib/python3.10/site-packages/airflow/example_dags/tutorial_dag.py took 0.050 seconds
[2025-08-14T09:56:11.170+0000] {processor.py:157} INFO - Started process (PID=10728) to work on /home/vscode/.local/lib/python3.10/site-packages/airflow/example_dags/tutorial_dag.py
[2025-08-14T09:56:11.171+0000] {processor.py:826} INFO - Processing file /home/vscode/.local/lib/python3.10/site-packages/airflow/example_dags/tutorial_dag.py for tasks to queue
[2025-08-14T09:56:11.172+0000] {logging_mixin.py:150} INFO - [2025-08-14T09:56:11.171+0000] {dagbag.py:541} INFO - Filling up the DagBag from /home/vscode/.local/lib/python3.10/site-packages/airflow/example_dags/tutorial_dag.py
[2025-08-14T09:56:11.175+0000] {processor.py:836} INFO - DAG(s) dict_keys(['tutorial_dag']) retrieved from /home/vscode/.local/lib/python3.10/site-packages/airflow/example_dags/tutorial_dag.py
[2025-08-14T09:56:11.187+0000] {logging_mixin.py:150} INFO - [2025-08-14T09:56:11.187+0000] {dag.py:2742} INFO - Sync 1 DAGs
[2025-08-14T09:56:11.201+0000] {logging_mixin.py:150} INFO - [2025-08-14T09:56:11.201+0000] {dag.py:3504} INFO - Setting next_dagrun for tutorial_dag to None, run_after=None
[2025-08-14T09:56:11.217+0000] {processor.py:179} INFO - Processing /home/vscode/.local/lib/python3.10/site-packages/airflow/example_dags/tutorial_dag.py took 0.048 seconds
[2025-08-14T09:56:55.856+0000] {processor.py:157} INFO - Started process (PID=11089) to work on /home/vscode/.local/lib/python3.10/site-packages/airflow/example_dags/tutorial_dag.py
[2025-08-14T09:56:55.856+0000] {processor.py:826} INFO - Processing file /home/vscode/.local/lib/python3.10/site-packages/airflow/example_dags/tutorial_dag.py for tasks to queue
[2025-08-14T09:56:55.857+0000] {logging_mixin.py:150} INFO - [2025-08-14T09:56:55.857+0000] {dagbag.py:541} INFO - Filling up the DagBag from /home/vscode/.local/lib/python3.10/site-packages/airflow/example_dags/tutorial_dag.py
[2025-08-14T09:56:55.860+0000] {processor.py:836} INFO - DAG(s) dict_keys(['tutorial_dag']) retrieved from /home/vscode/.local/lib/python3.10/site-packages/airflow/example_dags/tutorial_dag.py
[2025-08-14T09:56:55.872+0000] {logging_mixin.py:150} INFO - [2025-08-14T09:56:55.872+0000] {dag.py:2742} INFO - Sync 1 DAGs
[2025-08-14T09:56:55.886+0000] {logging_mixin.py:150} INFO - [2025-08-14T09:56:55.886+0000] {dag.py:3504} INFO - Setting next_dagrun for tutorial_dag to None, run_after=None
[2025-08-14T09:56:55.902+0000] {processor.py:179} INFO - Processing /home/vscode/.local/lib/python3.10/site-packages/airflow/example_dags/tutorial_dag.py took 0.048 seconds
[2025-08-14T09:57:27.991+0000] {processor.py:157} INFO - Started process (PID=11383) to work on /home/vscode/.local/lib/python3.10/site-packages/airflow/example_dags/tutorial_dag.py
[2025-08-14T09:57:27.991+0000] {processor.py:826} INFO - Processing file /home/vscode/.local/lib/python3.10/site-packages/airflow/example_dags/tutorial_dag.py for tasks to queue
[2025-08-14T09:57:27.992+0000] {logging_mixin.py:150} INFO - [2025-08-14T09:57:27.992+0000] {dagbag.py:541} INFO - Filling up the DagBag from /home/vscode/.local/lib/python3.10/site-packages/airflow/example_dags/tutorial_dag.py
[2025-08-14T09:57:27.995+0000] {processor.py:836} INFO - DAG(s) dict_keys(['tutorial_dag']) retrieved from /home/vscode/.local/lib/python3.10/site-packages/airflow/example_dags/tutorial_dag.py
[2025-08-14T09:57:28.007+0000] {logging_mixin.py:150} INFO - [2025-08-14T09:57:28.006+0000] {dag.py:2742} INFO - Sync 1 DAGs
[2025-08-14T09:57:28.020+0000] {logging_mixin.py:150} INFO - [2025-08-14T09:57:28.020+0000] {dag.py:3504} INFO - Setting next_dagrun for tutorial_dag to None, run_after=None
[2025-08-14T09:57:28.035+0000] {processor.py:179} INFO - Processing /home/vscode/.local/lib/python3.10/site-packages/airflow/example_dags/tutorial_dag.py took 0.047 seconds
[2025-08-14T09:58:01.966+0000] {processor.py:157} INFO - Started process (PID=11601) to work on /home/vscode/.local/lib/python3.10/site-packages/airflow/example_dags/tutorial_dag.py
[2025-08-14T09:58:01.966+0000] {processor.py:826} INFO - Processing file /home/vscode/.local/lib/python3.10/site-packages/airflow/example_dags/tutorial_dag.py for tasks to queue
[2025-08-14T09:58:01.967+0000] {logging_mixin.py:150} INFO - [2025-08-14T09:58:01.967+0000] {dagbag.py:541} INFO - Filling up the DagBag from /home/vscode/.local/lib/python3.10/site-packages/airflow/example_dags/tutorial_dag.py
[2025-08-14T09:58:01.971+0000] {processor.py:836} INFO - DAG(s) dict_keys(['tutorial_dag']) retrieved from /home/vscode/.local/lib/python3.10/site-packages/airflow/example_dags/tutorial_dag.py
[2025-08-14T09:58:01.982+0000] {logging_mixin.py:150} INFO - [2025-08-14T09:58:01.982+0000] {dag.py:2742} INFO - Sync 1 DAGs
[2025-08-14T09:58:01.995+0000] {logging_mixin.py:150} INFO - [2025-08-14T09:58:01.995+0000] {dag.py:3504} INFO - Setting next_dagrun for tutorial_dag to None, run_after=None
[2025-08-14T09:58:02.011+0000] {processor.py:179} INFO - Processing /home/vscode/.local/lib/python3.10/site-packages/airflow/example_dags/tutorial_dag.py took 0.047 seconds
[2025-08-14T09:58:48.804+0000] {processor.py:157} INFO - Started process (PID=12016) to work on /home/vscode/.local/lib/python3.10/site-packages/airflow/example_dags/tutorial_dag.py
[2025-08-14T09:58:48.805+0000] {processor.py:826} INFO - Processing file /home/vscode/.local/lib/python3.10/site-packages/airflow/example_dags/tutorial_dag.py for tasks to queue
[2025-08-14T09:58:48.806+0000] {logging_mixin.py:150} INFO - [2025-08-14T09:58:48.805+0000] {dagbag.py:541} INFO - Filling up the DagBag from /home/vscode/.local/lib/python3.10/site-packages/airflow/example_dags/tutorial_dag.py
[2025-08-14T09:58:48.809+0000] {processor.py:836} INFO - DAG(s) dict_keys(['tutorial_dag']) retrieved from /home/vscode/.local/lib/python3.10/site-packages/airflow/example_dags/tutorial_dag.py
[2025-08-14T09:58:48.822+0000] {logging_mixin.py:150} INFO - [2025-08-14T09:58:48.822+0000] {dag.py:2742} INFO - Sync 1 DAGs
[2025-08-14T09:58:48.838+0000] {logging_mixin.py:150} INFO - [2025-08-14T09:58:48.838+0000] {dag.py:3504} INFO - Setting next_dagrun for tutorial_dag to None, run_after=None
[2025-08-14T09:58:48.856+0000] {processor.py:179} INFO - Processing /home/vscode/.local/lib/python3.10/site-packages/airflow/example_dags/tutorial_dag.py took 0.054 seconds
[2025-08-14T10:05:47.240+0000] {processor.py:157} INFO - Started process (PID=15037) to work on /home/vscode/.local/lib/python3.10/site-packages/airflow/example_dags/tutorial_dag.py
[2025-08-14T10:05:47.241+0000] {processor.py:826} INFO - Processing file /home/vscode/.local/lib/python3.10/site-packages/airflow/example_dags/tutorial_dag.py for tasks to queue
[2025-08-14T10:05:47.242+0000] {logging_mixin.py:150} INFO - [2025-08-14T10:05:47.241+0000] {dagbag.py:541} INFO - Filling up the DagBag from /home/vscode/.local/lib/python3.10/site-packages/airflow/example_dags/tutorial_dag.py
[2025-08-14T10:05:47.248+0000] {processor.py:836} INFO - DAG(s) dict_keys(['tutorial_dag']) retrieved from /home/vscode/.local/lib/python3.10/site-packages/airflow/example_dags/tutorial_dag.py
[2025-08-14T10:05:47.265+0000] {logging_mixin.py:150} INFO - [2025-08-14T10:05:47.265+0000] {dag.py:2742} INFO - Sync 1 DAGs
[2025-08-14T10:05:47.278+0000] {logging_mixin.py:150} INFO - [2025-08-14T10:05:47.278+0000] {dag.py:3504} INFO - Setting next_dagrun for tutorial_dag to None, run_after=None
[2025-08-14T10:05:47.294+0000] {processor.py:179} INFO - Processing /home/vscode/.local/lib/python3.10/site-packages/airflow/example_dags/tutorial_dag.py took 0.056 seconds
[2025-08-14T10:06:32.261+0000] {processor.py:157} INFO - Started process (PID=15344) to work on /home/vscode/.local/lib/python3.10/site-packages/airflow/example_dags/tutorial_dag.py
[2025-08-14T10:06:32.262+0000] {processor.py:826} INFO - Processing file /home/vscode/.local/lib/python3.10/site-packages/airflow/example_dags/tutorial_dag.py for tasks to queue
[2025-08-14T10:06:32.263+0000] {logging_mixin.py:150} INFO - [2025-08-14T10:06:32.263+0000] {dagbag.py:541} INFO - Filling up the DagBag from /home/vscode/.local/lib/python3.10/site-packages/airflow/example_dags/tutorial_dag.py
[2025-08-14T10:06:32.267+0000] {processor.py:836} INFO - DAG(s) dict_keys(['tutorial_dag']) retrieved from /home/vscode/.local/lib/python3.10/site-packages/airflow/example_dags/tutorial_dag.py
[2025-08-14T10:06:32.278+0000] {logging_mixin.py:150} INFO - [2025-08-14T10:06:32.278+0000] {dag.py:2742} INFO - Sync 1 DAGs
[2025-08-14T10:06:32.292+0000] {logging_mixin.py:150} INFO - [2025-08-14T10:06:32.292+0000] {dag.py:3504} INFO - Setting next_dagrun for tutorial_dag to None, run_after=None
[2025-08-14T10:06:32.307+0000] {processor.py:179} INFO - Processing /home/vscode/.local/lib/python3.10/site-packages/airflow/example_dags/tutorial_dag.py took 0.048 seconds
[2025-08-14T10:07:17.858+0000] {processor.py:157} INFO - Started process (PID=15651) to work on /home/vscode/.local/lib/python3.10/site-packages/airflow/example_dags/tutorial_dag.py
[2025-08-14T10:07:17.858+0000] {processor.py:826} INFO - Processing file /home/vscode/.local/lib/python3.10/site-packages/airflow/example_dags/tutorial_dag.py for tasks to queue
[2025-08-14T10:07:17.859+0000] {logging_mixin.py:150} INFO - [2025-08-14T10:07:17.859+0000] {dagbag.py:541} INFO - Filling up the DagBag from /home/vscode/.local/lib/python3.10/site-packages/airflow/example_dags/tutorial_dag.py
[2025-08-14T10:07:17.863+0000] {processor.py:836} INFO - DAG(s) dict_keys(['tutorial_dag']) retrieved from /home/vscode/.local/lib/python3.10/site-packages/airflow/example_dags/tutorial_dag.py
[2025-08-14T10:07:17.875+0000] {logging_mixin.py:150} INFO - [2025-08-14T10:07:17.875+0000] {dag.py:2742} INFO - Sync 1 DAGs
[2025-08-14T10:07:17.890+0000] {logging_mixin.py:150} INFO - [2025-08-14T10:07:17.890+0000] {dag.py:3504} INFO - Setting next_dagrun for tutorial_dag to None, run_after=None
[2025-08-14T10:07:17.907+0000] {processor.py:179} INFO - Processing /home/vscode/.local/lib/python3.10/site-packages/airflow/example_dags/tutorial_dag.py took 0.052 seconds
[2025-08-14T10:08:03.989+0000] {processor.py:157} INFO - Started process (PID=16027) to work on /home/vscode/.local/lib/python3.10/site-packages/airflow/example_dags/tutorial_dag.py
[2025-08-14T10:08:03.990+0000] {processor.py:826} INFO - Processing file /home/vscode/.local/lib/python3.10/site-packages/airflow/example_dags/tutorial_dag.py for tasks to queue
[2025-08-14T10:08:03.990+0000] {logging_mixin.py:150} INFO - [2025-08-14T10:08:03.990+0000] {dagbag.py:541} INFO - Filling up the DagBag from /home/vscode/.local/lib/python3.10/site-packages/airflow/example_dags/tutorial_dag.py
[2025-08-14T10:08:03.994+0000] {processor.py:836} INFO - DAG(s) dict_keys(['tutorial_dag']) retrieved from /home/vscode/.local/lib/python3.10/site-packages/airflow/example_dags/tutorial_dag.py
[2025-08-14T10:08:04.007+0000] {logging_mixin.py:150} INFO - [2025-08-14T10:08:04.007+0000] {dag.py:2742} INFO - Sync 1 DAGs
[2025-08-14T10:08:04.021+0000] {logging_mixin.py:150} INFO - [2025-08-14T10:08:04.021+0000] {dag.py:3504} INFO - Setting next_dagrun for tutorial_dag to None, run_after=None
[2025-08-14T10:08:04.037+0000] {processor.py:179} INFO - Processing /home/vscode/.local/lib/python3.10/site-packages/airflow/example_dags/tutorial_dag.py took 0.050 seconds
[2025-08-14T10:08:36.967+0000] {processor.py:157} INFO - Started process (PID=16271) to work on /home/vscode/.local/lib/python3.10/site-packages/airflow/example_dags/tutorial_dag.py
[2025-08-14T10:08:36.967+0000] {processor.py:826} INFO - Processing file /home/vscode/.local/lib/python3.10/site-packages/airflow/example_dags/tutorial_dag.py for tasks to queue
[2025-08-14T10:08:36.968+0000] {logging_mixin.py:150} INFO - [2025-08-14T10:08:36.967+0000] {dagbag.py:541} INFO - Filling up the DagBag from /home/vscode/.local/lib/python3.10/site-packages/airflow/example_dags/tutorial_dag.py
[2025-08-14T10:08:36.971+0000] {processor.py:836} INFO - DAG(s) dict_keys(['tutorial_dag']) retrieved from /home/vscode/.local/lib/python3.10/site-packages/airflow/example_dags/tutorial_dag.py
[2025-08-14T10:08:36.983+0000] {logging_mixin.py:150} INFO - [2025-08-14T10:08:36.983+0000] {dag.py:2742} INFO - Sync 1 DAGs
[2025-08-14T10:08:36.997+0000] {logging_mixin.py:150} INFO - [2025-08-14T10:08:36.997+0000] {dag.py:3504} INFO - Setting next_dagrun for tutorial_dag to None, run_after=None
[2025-08-14T10:08:37.013+0000] {processor.py:179} INFO - Processing /home/vscode/.local/lib/python3.10/site-packages/airflow/example_dags/tutorial_dag.py took 0.049 seconds
[2025-08-14T10:09:26.342+0000] {processor.py:157} INFO - Started process (PID=16726) to work on /home/vscode/.local/lib/python3.10/site-packages/airflow/example_dags/tutorial_dag.py
[2025-08-14T10:09:26.343+0000] {processor.py:826} INFO - Processing file /home/vscode/.local/lib/python3.10/site-packages/airflow/example_dags/tutorial_dag.py for tasks to queue
[2025-08-14T10:09:26.344+0000] {logging_mixin.py:150} INFO - [2025-08-14T10:09:26.343+0000] {dagbag.py:541} INFO - Filling up the DagBag from /home/vscode/.local/lib/python3.10/site-packages/airflow/example_dags/tutorial_dag.py
[2025-08-14T10:09:26.347+0000] {processor.py:836} INFO - DAG(s) dict_keys(['tutorial_dag']) retrieved from /home/vscode/.local/lib/python3.10/site-packages/airflow/example_dags/tutorial_dag.py
[2025-08-14T10:09:26.359+0000] {logging_mixin.py:150} INFO - [2025-08-14T10:09:26.359+0000] {dag.py:2742} INFO - Sync 1 DAGs
[2025-08-14T10:09:26.372+0000] {logging_mixin.py:150} INFO - [2025-08-14T10:09:26.372+0000] {dag.py:3504} INFO - Setting next_dagrun for tutorial_dag to None, run_after=None
[2025-08-14T10:09:26.388+0000] {processor.py:179} INFO - Processing /home/vscode/.local/lib/python3.10/site-packages/airflow/example_dags/tutorial_dag.py took 0.047 seconds
[2025-08-14T10:09:59.227+0000] {processor.py:157} INFO - Started process (PID=16967) to work on /home/vscode/.local/lib/python3.10/site-packages/airflow/example_dags/tutorial_dag.py
[2025-08-14T10:09:59.228+0000] {processor.py:826} INFO - Processing file /home/vscode/.local/lib/python3.10/site-packages/airflow/example_dags/tutorial_dag.py for tasks to queue
[2025-08-14T10:09:59.228+0000] {logging_mixin.py:150} INFO - [2025-08-14T10:09:59.228+0000] {dagbag.py:541} INFO - Filling up the DagBag from /home/vscode/.local/lib/python3.10/site-packages/airflow/example_dags/tutorial_dag.py
[2025-08-14T10:09:59.232+0000] {processor.py:836} INFO - DAG(s) dict_keys(['tutorial_dag']) retrieved from /home/vscode/.local/lib/python3.10/site-packages/airflow/example_dags/tutorial_dag.py
[2025-08-14T10:09:59.244+0000] {logging_mixin.py:150} INFO - [2025-08-14T10:09:59.244+0000] {dag.py:2742} INFO - Sync 1 DAGs
[2025-08-14T10:09:59.258+0000] {logging_mixin.py:150} INFO - [2025-08-14T10:09:59.258+0000] {dag.py:3504} INFO - Setting next_dagrun for tutorial_dag to None, run_after=None
[2025-08-14T10:09:59.274+0000] {processor.py:179} INFO - Processing /home/vscode/.local/lib/python3.10/site-packages/airflow/example_dags/tutorial_dag.py took 0.049 seconds
[2025-08-14T10:10:43.419+0000] {processor.py:157} INFO - Started process (PID=17310) to work on /home/vscode/.local/lib/python3.10/site-packages/airflow/example_dags/tutorial_dag.py
[2025-08-14T10:10:43.420+0000] {processor.py:826} INFO - Processing file /home/vscode/.local/lib/python3.10/site-packages/airflow/example_dags/tutorial_dag.py for tasks to queue
[2025-08-14T10:10:43.420+0000] {logging_mixin.py:150} INFO - [2025-08-14T10:10:43.420+0000] {dagbag.py:541} INFO - Filling up the DagBag from /home/vscode/.local/lib/python3.10/site-packages/airflow/example_dags/tutorial_dag.py
[2025-08-14T10:10:43.424+0000] {processor.py:836} INFO - DAG(s) dict_keys(['tutorial_dag']) retrieved from /home/vscode/.local/lib/python3.10/site-packages/airflow/example_dags/tutorial_dag.py
[2025-08-14T10:10:43.436+0000] {logging_mixin.py:150} INFO - [2025-08-14T10:10:43.436+0000] {dag.py:2742} INFO - Sync 1 DAGs
[2025-08-14T10:10:43.450+0000] {logging_mixin.py:150} INFO - [2025-08-14T10:10:43.450+0000] {dag.py:3504} INFO - Setting next_dagrun for tutorial_dag to None, run_after=None
[2025-08-14T10:10:43.466+0000] {processor.py:179} INFO - Processing /home/vscode/.local/lib/python3.10/site-packages/airflow/example_dags/tutorial_dag.py took 0.049 seconds
[2025-08-14T10:11:16.622+0000] {processor.py:157} INFO - Started process (PID=17554) to work on /home/vscode/.local/lib/python3.10/site-packages/airflow/example_dags/tutorial_dag.py
[2025-08-14T10:11:16.623+0000] {processor.py:826} INFO - Processing file /home/vscode/.local/lib/python3.10/site-packages/airflow/example_dags/tutorial_dag.py for tasks to queue
[2025-08-14T10:11:16.624+0000] {logging_mixin.py:150} INFO - [2025-08-14T10:11:16.623+0000] {dagbag.py:541} INFO - Filling up the DagBag from /home/vscode/.local/lib/python3.10/site-packages/airflow/example_dags/tutorial_dag.py
[2025-08-14T10:11:16.627+0000] {processor.py:836} INFO - DAG(s) dict_keys(['tutorial_dag']) retrieved from /home/vscode/.local/lib/python3.10/site-packages/airflow/example_dags/tutorial_dag.py
[2025-08-14T10:11:16.639+0000] {logging_mixin.py:150} INFO - [2025-08-14T10:11:16.639+0000] {dag.py:2742} INFO - Sync 1 DAGs
[2025-08-14T10:11:16.653+0000] {logging_mixin.py:150} INFO - [2025-08-14T10:11:16.653+0000] {dag.py:3504} INFO - Setting next_dagrun for tutorial_dag to None, run_after=None
[2025-08-14T10:11:16.668+0000] {processor.py:179} INFO - Processing /home/vscode/.local/lib/python3.10/site-packages/airflow/example_dags/tutorial_dag.py took 0.048 seconds
[2025-08-14T10:12:01.095+0000] {processor.py:157} INFO - Started process (PID=17880) to work on /home/vscode/.local/lib/python3.10/site-packages/airflow/example_dags/tutorial_dag.py
[2025-08-14T10:12:01.096+0000] {processor.py:826} INFO - Processing file /home/vscode/.local/lib/python3.10/site-packages/airflow/example_dags/tutorial_dag.py for tasks to queue
[2025-08-14T10:12:01.097+0000] {logging_mixin.py:150} INFO - [2025-08-14T10:12:01.097+0000] {dagbag.py:541} INFO - Filling up the DagBag from /home/vscode/.local/lib/python3.10/site-packages/airflow/example_dags/tutorial_dag.py
[2025-08-14T10:12:01.101+0000] {processor.py:836} INFO - DAG(s) dict_keys(['tutorial_dag']) retrieved from /home/vscode/.local/lib/python3.10/site-packages/airflow/example_dags/tutorial_dag.py
[2025-08-14T10:12:01.116+0000] {logging_mixin.py:150} INFO - [2025-08-14T10:12:01.116+0000] {dag.py:2742} INFO - Sync 1 DAGs
[2025-08-14T10:12:01.138+0000] {logging_mixin.py:150} INFO - [2025-08-14T10:12:01.138+0000] {dag.py:3504} INFO - Setting next_dagrun for tutorial_dag to None, run_after=None
[2025-08-14T10:12:01.159+0000] {processor.py:179} INFO - Processing /home/vscode/.local/lib/python3.10/site-packages/airflow/example_dags/tutorial_dag.py took 0.066 seconds
[2025-08-14T10:12:44.475+0000] {processor.py:157} INFO - Started process (PID=18209) to work on /home/vscode/.local/lib/python3.10/site-packages/airflow/example_dags/tutorial_dag.py
[2025-08-14T10:12:44.476+0000] {processor.py:826} INFO - Processing file /home/vscode/.local/lib/python3.10/site-packages/airflow/example_dags/tutorial_dag.py for tasks to queue
[2025-08-14T10:12:44.476+0000] {logging_mixin.py:150} INFO - [2025-08-14T10:12:44.476+0000] {dagbag.py:541} INFO - Filling up the DagBag from /home/vscode/.local/lib/python3.10/site-packages/airflow/example_dags/tutorial_dag.py
[2025-08-14T10:12:44.480+0000] {processor.py:836} INFO - DAG(s) dict_keys(['tutorial_dag']) retrieved from /home/vscode/.local/lib/python3.10/site-packages/airflow/example_dags/tutorial_dag.py
[2025-08-14T10:12:44.492+0000] {logging_mixin.py:150} INFO - [2025-08-14T10:12:44.492+0000] {dag.py:2742} INFO - Sync 1 DAGs
[2025-08-14T10:12:44.507+0000] {logging_mixin.py:150} INFO - [2025-08-14T10:12:44.507+0000] {dag.py:3504} INFO - Setting next_dagrun for tutorial_dag to None, run_after=None
[2025-08-14T10:12:44.522+0000] {processor.py:179} INFO - Processing /home/vscode/.local/lib/python3.10/site-packages/airflow/example_dags/tutorial_dag.py took 0.049 seconds
[2025-08-14T10:13:20.440+0000] {processor.py:157} INFO - Started process (PID=18470) to work on /home/vscode/.local/lib/python3.10/site-packages/airflow/example_dags/tutorial_dag.py
[2025-08-14T10:13:20.441+0000] {processor.py:826} INFO - Processing file /home/vscode/.local/lib/python3.10/site-packages/airflow/example_dags/tutorial_dag.py for tasks to queue
[2025-08-14T10:13:20.442+0000] {logging_mixin.py:150} INFO - [2025-08-14T10:13:20.441+0000] {dagbag.py:541} INFO - Filling up the DagBag from /home/vscode/.local/lib/python3.10/site-packages/airflow/example_dags/tutorial_dag.py
[2025-08-14T10:13:20.445+0000] {processor.py:836} INFO - DAG(s) dict_keys(['tutorial_dag']) retrieved from /home/vscode/.local/lib/python3.10/site-packages/airflow/example_dags/tutorial_dag.py
[2025-08-14T10:13:20.458+0000] {logging_mixin.py:150} INFO - [2025-08-14T10:13:20.458+0000] {dag.py:2742} INFO - Sync 1 DAGs
[2025-08-14T10:13:20.472+0000] {logging_mixin.py:150} INFO - [2025-08-14T10:13:20.472+0000] {dag.py:3504} INFO - Setting next_dagrun for tutorial_dag to None, run_after=None
[2025-08-14T10:13:20.488+0000] {processor.py:179} INFO - Processing /home/vscode/.local/lib/python3.10/site-packages/airflow/example_dags/tutorial_dag.py took 0.050 seconds
[2025-08-14T10:13:53.891+0000] {processor.py:157} INFO - Started process (PID=18730) to work on /home/vscode/.local/lib/python3.10/site-packages/airflow/example_dags/tutorial_dag.py
[2025-08-14T10:13:53.892+0000] {processor.py:826} INFO - Processing file /home/vscode/.local/lib/python3.10/site-packages/airflow/example_dags/tutorial_dag.py for tasks to queue
[2025-08-14T10:13:53.892+0000] {logging_mixin.py:150} INFO - [2025-08-14T10:13:53.892+0000] {dagbag.py:541} INFO - Filling up the DagBag from /home/vscode/.local/lib/python3.10/site-packages/airflow/example_dags/tutorial_dag.py
[2025-08-14T10:13:53.896+0000] {processor.py:836} INFO - DAG(s) dict_keys(['tutorial_dag']) retrieved from /home/vscode/.local/lib/python3.10/site-packages/airflow/example_dags/tutorial_dag.py
[2025-08-14T10:13:53.908+0000] {logging_mixin.py:150} INFO - [2025-08-14T10:13:53.908+0000] {dag.py:2742} INFO - Sync 1 DAGs
[2025-08-14T10:13:53.922+0000] {logging_mixin.py:150} INFO - [2025-08-14T10:13:53.922+0000] {dag.py:3504} INFO - Setting next_dagrun for tutorial_dag to None, run_after=None
[2025-08-14T10:13:53.938+0000] {processor.py:179} INFO - Processing /home/vscode/.local/lib/python3.10/site-packages/airflow/example_dags/tutorial_dag.py took 0.049 seconds
[2025-08-14T10:14:37.306+0000] {processor.py:157} INFO - Started process (PID=19048) to work on /home/vscode/.local/lib/python3.10/site-packages/airflow/example_dags/tutorial_dag.py
[2025-08-14T10:14:37.307+0000] {processor.py:826} INFO - Processing file /home/vscode/.local/lib/python3.10/site-packages/airflow/example_dags/tutorial_dag.py for tasks to queue
[2025-08-14T10:14:37.308+0000] {logging_mixin.py:150} INFO - [2025-08-14T10:14:37.308+0000] {dagbag.py:541} INFO - Filling up the DagBag from /home/vscode/.local/lib/python3.10/site-packages/airflow/example_dags/tutorial_dag.py
[2025-08-14T10:14:37.316+0000] {processor.py:836} INFO - DAG(s) dict_keys(['tutorial_dag']) retrieved from /home/vscode/.local/lib/python3.10/site-packages/airflow/example_dags/tutorial_dag.py
[2025-08-14T10:14:37.355+0000] {logging_mixin.py:150} INFO - [2025-08-14T10:14:37.354+0000] {dag.py:2742} INFO - Sync 1 DAGs
[2025-08-14T10:14:37.379+0000] {logging_mixin.py:150} INFO - [2025-08-14T10:14:37.379+0000] {dag.py:3504} INFO - Setting next_dagrun for tutorial_dag to None, run_after=None
[2025-08-14T10:14:37.397+0000] {processor.py:179} INFO - Processing /home/vscode/.local/lib/python3.10/site-packages/airflow/example_dags/tutorial_dag.py took 0.094 seconds
[2025-08-14T10:15:10.799+0000] {processor.py:157} INFO - Started process (PID=19293) to work on /home/vscode/.local/lib/python3.10/site-packages/airflow/example_dags/tutorial_dag.py
[2025-08-14T10:15:10.800+0000] {processor.py:826} INFO - Processing file /home/vscode/.local/lib/python3.10/site-packages/airflow/example_dags/tutorial_dag.py for tasks to queue
[2025-08-14T10:15:10.800+0000] {logging_mixin.py:150} INFO - [2025-08-14T10:15:10.800+0000] {dagbag.py:541} INFO - Filling up the DagBag from /home/vscode/.local/lib/python3.10/site-packages/airflow/example_dags/tutorial_dag.py
[2025-08-14T10:15:10.804+0000] {processor.py:836} INFO - DAG(s) dict_keys(['tutorial_dag']) retrieved from /home/vscode/.local/lib/python3.10/site-packages/airflow/example_dags/tutorial_dag.py
[2025-08-14T10:15:10.815+0000] {logging_mixin.py:150} INFO - [2025-08-14T10:15:10.815+0000] {dag.py:2742} INFO - Sync 1 DAGs
[2025-08-14T10:15:10.830+0000] {logging_mixin.py:150} INFO - [2025-08-14T10:15:10.830+0000] {dag.py:3504} INFO - Setting next_dagrun for tutorial_dag to None, run_after=None
[2025-08-14T10:15:10.848+0000] {processor.py:179} INFO - Processing /home/vscode/.local/lib/python3.10/site-packages/airflow/example_dags/tutorial_dag.py took 0.051 seconds
[2025-08-14T10:15:50.209+0000] {processor.py:157} INFO - Started process (PID=19587) to work on /home/vscode/.local/lib/python3.10/site-packages/airflow/example_dags/tutorial_dag.py
[2025-08-14T10:15:50.210+0000] {processor.py:826} INFO - Processing file /home/vscode/.local/lib/python3.10/site-packages/airflow/example_dags/tutorial_dag.py for tasks to queue
[2025-08-14T10:15:50.211+0000] {logging_mixin.py:150} INFO - [2025-08-14T10:15:50.210+0000] {dagbag.py:541} INFO - Filling up the DagBag from /home/vscode/.local/lib/python3.10/site-packages/airflow/example_dags/tutorial_dag.py
[2025-08-14T10:15:50.216+0000] {processor.py:836} INFO - DAG(s) dict_keys(['tutorial_dag']) retrieved from /home/vscode/.local/lib/python3.10/site-packages/airflow/example_dags/tutorial_dag.py
[2025-08-14T10:15:50.233+0000] {logging_mixin.py:150} INFO - [2025-08-14T10:15:50.233+0000] {dag.py:2742} INFO - Sync 1 DAGs
[2025-08-14T10:15:50.255+0000] {logging_mixin.py:150} INFO - [2025-08-14T10:15:50.255+0000] {dag.py:3504} INFO - Setting next_dagrun for tutorial_dag to None, run_after=None
[2025-08-14T10:15:50.275+0000] {processor.py:179} INFO - Processing /home/vscode/.local/lib/python3.10/site-packages/airflow/example_dags/tutorial_dag.py took 0.068 seconds
[2025-08-14T10:16:36.572+0000] {processor.py:157} INFO - Started process (PID=19938) to work on /home/vscode/.local/lib/python3.10/site-packages/airflow/example_dags/tutorial_dag.py
[2025-08-14T10:16:36.573+0000] {processor.py:826} INFO - Processing file /home/vscode/.local/lib/python3.10/site-packages/airflow/example_dags/tutorial_dag.py for tasks to queue
[2025-08-14T10:16:36.573+0000] {logging_mixin.py:150} INFO - [2025-08-14T10:16:36.573+0000] {dagbag.py:541} INFO - Filling up the DagBag from /home/vscode/.local/lib/python3.10/site-packages/airflow/example_dags/tutorial_dag.py
[2025-08-14T10:16:36.577+0000] {processor.py:836} INFO - DAG(s) dict_keys(['tutorial_dag']) retrieved from /home/vscode/.local/lib/python3.10/site-packages/airflow/example_dags/tutorial_dag.py
[2025-08-14T10:16:36.588+0000] {logging_mixin.py:150} INFO - [2025-08-14T10:16:36.588+0000] {dag.py:2742} INFO - Sync 1 DAGs
[2025-08-14T10:16:36.602+0000] {logging_mixin.py:150} INFO - [2025-08-14T10:16:36.602+0000] {dag.py:3504} INFO - Setting next_dagrun for tutorial_dag to None, run_after=None
[2025-08-14T10:16:36.618+0000] {processor.py:179} INFO - Processing /home/vscode/.local/lib/python3.10/site-packages/airflow/example_dags/tutorial_dag.py took 0.048 seconds
[2025-08-14T10:17:25.672+0000] {processor.py:157} INFO - Started process (PID=20305) to work on /home/vscode/.local/lib/python3.10/site-packages/airflow/example_dags/tutorial_dag.py
[2025-08-14T10:17:25.673+0000] {processor.py:826} INFO - Processing file /home/vscode/.local/lib/python3.10/site-packages/airflow/example_dags/tutorial_dag.py for tasks to queue
[2025-08-14T10:17:25.673+0000] {logging_mixin.py:150} INFO - [2025-08-14T10:17:25.673+0000] {dagbag.py:541} INFO - Filling up the DagBag from /home/vscode/.local/lib/python3.10/site-packages/airflow/example_dags/tutorial_dag.py
[2025-08-14T10:17:25.677+0000] {processor.py:836} INFO - DAG(s) dict_keys(['tutorial_dag']) retrieved from /home/vscode/.local/lib/python3.10/site-packages/airflow/example_dags/tutorial_dag.py
[2025-08-14T10:17:25.688+0000] {logging_mixin.py:150} INFO - [2025-08-14T10:17:25.688+0000] {dag.py:2742} INFO - Sync 1 DAGs
[2025-08-14T10:17:25.702+0000] {logging_mixin.py:150} INFO - [2025-08-14T10:17:25.702+0000] {dag.py:3504} INFO - Setting next_dagrun for tutorial_dag to None, run_after=None
[2025-08-14T10:17:25.717+0000] {processor.py:179} INFO - Processing /home/vscode/.local/lib/python3.10/site-packages/airflow/example_dags/tutorial_dag.py took 0.047 seconds
[2025-08-14T10:18:10.894+0000] {processor.py:157} INFO - Started process (PID=20610) to work on /home/vscode/.local/lib/python3.10/site-packages/airflow/example_dags/tutorial_dag.py
[2025-08-14T10:18:10.895+0000] {processor.py:826} INFO - Processing file /home/vscode/.local/lib/python3.10/site-packages/airflow/example_dags/tutorial_dag.py for tasks to queue
[2025-08-14T10:18:10.895+0000] {logging_mixin.py:150} INFO - [2025-08-14T10:18:10.895+0000] {dagbag.py:541} INFO - Filling up the DagBag from /home/vscode/.local/lib/python3.10/site-packages/airflow/example_dags/tutorial_dag.py
[2025-08-14T10:18:10.899+0000] {processor.py:836} INFO - DAG(s) dict_keys(['tutorial_dag']) retrieved from /home/vscode/.local/lib/python3.10/site-packages/airflow/example_dags/tutorial_dag.py
[2025-08-14T10:18:10.910+0000] {logging_mixin.py:150} INFO - [2025-08-14T10:18:10.910+0000] {dag.py:2742} INFO - Sync 1 DAGs
[2025-08-14T10:18:10.925+0000] {logging_mixin.py:150} INFO - [2025-08-14T10:18:10.925+0000] {dag.py:3504} INFO - Setting next_dagrun for tutorial_dag to None, run_after=None
[2025-08-14T10:18:10.944+0000] {processor.py:179} INFO - Processing /home/vscode/.local/lib/python3.10/site-packages/airflow/example_dags/tutorial_dag.py took 0.052 seconds
[2025-08-14T10:18:44.854+0000] {processor.py:157} INFO - Started process (PID=20840) to work on /home/vscode/.local/lib/python3.10/site-packages/airflow/example_dags/tutorial_dag.py
[2025-08-14T10:18:44.855+0000] {processor.py:826} INFO - Processing file /home/vscode/.local/lib/python3.10/site-packages/airflow/example_dags/tutorial_dag.py for tasks to queue
[2025-08-14T10:18:44.856+0000] {logging_mixin.py:150} INFO - [2025-08-14T10:18:44.855+0000] {dagbag.py:541} INFO - Filling up the DagBag from /home/vscode/.local/lib/python3.10/site-packages/airflow/example_dags/tutorial_dag.py
[2025-08-14T10:18:44.859+0000] {processor.py:836} INFO - DAG(s) dict_keys(['tutorial_dag']) retrieved from /home/vscode/.local/lib/python3.10/site-packages/airflow/example_dags/tutorial_dag.py
[2025-08-14T10:18:44.871+0000] {logging_mixin.py:150} INFO - [2025-08-14T10:18:44.871+0000] {dag.py:2742} INFO - Sync 1 DAGs
[2025-08-14T10:18:44.885+0000] {logging_mixin.py:150} INFO - [2025-08-14T10:18:44.885+0000] {dag.py:3504} INFO - Setting next_dagrun for tutorial_dag to None, run_after=None
[2025-08-14T10:18:44.900+0000] {processor.py:179} INFO - Processing /home/vscode/.local/lib/python3.10/site-packages/airflow/example_dags/tutorial_dag.py took 0.048 seconds
[2025-08-14T10:19:18.018+0000] {processor.py:157} INFO - Started process (PID=21056) to work on /home/vscode/.local/lib/python3.10/site-packages/airflow/example_dags/tutorial_dag.py
[2025-08-14T10:19:18.018+0000] {processor.py:826} INFO - Processing file /home/vscode/.local/lib/python3.10/site-packages/airflow/example_dags/tutorial_dag.py for tasks to queue
[2025-08-14T10:19:18.019+0000] {logging_mixin.py:150} INFO - [2025-08-14T10:19:18.019+0000] {dagbag.py:541} INFO - Filling up the DagBag from /home/vscode/.local/lib/python3.10/site-packages/airflow/example_dags/tutorial_dag.py
[2025-08-14T10:19:18.023+0000] {processor.py:836} INFO - DAG(s) dict_keys(['tutorial_dag']) retrieved from /home/vscode/.local/lib/python3.10/site-packages/airflow/example_dags/tutorial_dag.py
[2025-08-14T10:19:18.035+0000] {logging_mixin.py:150} INFO - [2025-08-14T10:19:18.035+0000] {dag.py:2742} INFO - Sync 1 DAGs
[2025-08-14T10:19:18.049+0000] {logging_mixin.py:150} INFO - [2025-08-14T10:19:18.049+0000] {dag.py:3504} INFO - Setting next_dagrun for tutorial_dag to None, run_after=None
[2025-08-14T10:19:18.065+0000] {processor.py:179} INFO - Processing /home/vscode/.local/lib/python3.10/site-packages/airflow/example_dags/tutorial_dag.py took 0.049 seconds
[2025-08-14T10:20:02.062+0000] {processor.py:157} INFO - Started process (PID=21398) to work on /home/vscode/.local/lib/python3.10/site-packages/airflow/example_dags/tutorial_dag.py
[2025-08-14T10:20:02.062+0000] {processor.py:826} INFO - Processing file /home/vscode/.local/lib/python3.10/site-packages/airflow/example_dags/tutorial_dag.py for tasks to queue
[2025-08-14T10:20:02.063+0000] {logging_mixin.py:150} INFO - [2025-08-14T10:20:02.063+0000] {dagbag.py:541} INFO - Filling up the DagBag from /home/vscode/.local/lib/python3.10/site-packages/airflow/example_dags/tutorial_dag.py
[2025-08-14T10:20:02.067+0000] {processor.py:836} INFO - DAG(s) dict_keys(['tutorial_dag']) retrieved from /home/vscode/.local/lib/python3.10/site-packages/airflow/example_dags/tutorial_dag.py
[2025-08-14T10:20:02.079+0000] {logging_mixin.py:150} INFO - [2025-08-14T10:20:02.079+0000] {dag.py:2742} INFO - Sync 1 DAGs
[2025-08-14T10:20:02.096+0000] {logging_mixin.py:150} INFO - [2025-08-14T10:20:02.096+0000] {dag.py:3504} INFO - Setting next_dagrun for tutorial_dag to None, run_after=None
[2025-08-14T10:20:02.114+0000] {processor.py:179} INFO - Processing /home/vscode/.local/lib/python3.10/site-packages/airflow/example_dags/tutorial_dag.py took 0.055 seconds
[2025-08-14T10:20:34.876+0000] {processor.py:157} INFO - Started process (PID=21633) to work on /home/vscode/.local/lib/python3.10/site-packages/airflow/example_dags/tutorial_dag.py
[2025-08-14T10:20:34.876+0000] {processor.py:826} INFO - Processing file /home/vscode/.local/lib/python3.10/site-packages/airflow/example_dags/tutorial_dag.py for tasks to queue
[2025-08-14T10:20:34.877+0000] {logging_mixin.py:150} INFO - [2025-08-14T10:20:34.877+0000] {dagbag.py:541} INFO - Filling up the DagBag from /home/vscode/.local/lib/python3.10/site-packages/airflow/example_dags/tutorial_dag.py
[2025-08-14T10:20:34.881+0000] {processor.py:836} INFO - DAG(s) dict_keys(['tutorial_dag']) retrieved from /home/vscode/.local/lib/python3.10/site-packages/airflow/example_dags/tutorial_dag.py
[2025-08-14T10:20:34.893+0000] {logging_mixin.py:150} INFO - [2025-08-14T10:20:34.893+0000] {dag.py:2742} INFO - Sync 1 DAGs
[2025-08-14T10:20:34.909+0000] {logging_mixin.py:150} INFO - [2025-08-14T10:20:34.908+0000] {dag.py:3504} INFO - Setting next_dagrun for tutorial_dag to None, run_after=None
[2025-08-14T10:20:34.926+0000] {processor.py:179} INFO - Processing /home/vscode/.local/lib/python3.10/site-packages/airflow/example_dags/tutorial_dag.py took 0.052 seconds
[2025-08-14T10:21:22.987+0000] {processor.py:157} INFO - Started process (PID=21952) to work on /home/vscode/.local/lib/python3.10/site-packages/airflow/example_dags/tutorial_dag.py
[2025-08-14T10:21:22.988+0000] {processor.py:826} INFO - Processing file /home/vscode/.local/lib/python3.10/site-packages/airflow/example_dags/tutorial_dag.py for tasks to queue
[2025-08-14T10:21:22.989+0000] {logging_mixin.py:150} INFO - [2025-08-14T10:21:22.988+0000] {dagbag.py:541} INFO - Filling up the DagBag from /home/vscode/.local/lib/python3.10/site-packages/airflow/example_dags/tutorial_dag.py
[2025-08-14T10:21:22.993+0000] {processor.py:836} INFO - DAG(s) dict_keys(['tutorial_dag']) retrieved from /home/vscode/.local/lib/python3.10/site-packages/airflow/example_dags/tutorial_dag.py
[2025-08-14T10:21:23.006+0000] {logging_mixin.py:150} INFO - [2025-08-14T10:21:23.006+0000] {dag.py:2742} INFO - Sync 1 DAGs
[2025-08-14T10:21:23.022+0000] {logging_mixin.py:150} INFO - [2025-08-14T10:21:23.022+0000] {dag.py:3504} INFO - Setting next_dagrun for tutorial_dag to None, run_after=None
[2025-08-14T10:21:23.042+0000] {processor.py:179} INFO - Processing /home/vscode/.local/lib/python3.10/site-packages/airflow/example_dags/tutorial_dag.py took 0.058 seconds
[2025-08-14T10:21:55.654+0000] {processor.py:157} INFO - Started process (PID=22176) to work on /home/vscode/.local/lib/python3.10/site-packages/airflow/example_dags/tutorial_dag.py
[2025-08-14T10:21:55.654+0000] {processor.py:826} INFO - Processing file /home/vscode/.local/lib/python3.10/site-packages/airflow/example_dags/tutorial_dag.py for tasks to queue
[2025-08-14T10:21:55.655+0000] {logging_mixin.py:150} INFO - [2025-08-14T10:21:55.655+0000] {dagbag.py:541} INFO - Filling up the DagBag from /home/vscode/.local/lib/python3.10/site-packages/airflow/example_dags/tutorial_dag.py
[2025-08-14T10:21:55.659+0000] {processor.py:836} INFO - DAG(s) dict_keys(['tutorial_dag']) retrieved from /home/vscode/.local/lib/python3.10/site-packages/airflow/example_dags/tutorial_dag.py
[2025-08-14T10:21:55.671+0000] {logging_mixin.py:150} INFO - [2025-08-14T10:21:55.670+0000] {dag.py:2742} INFO - Sync 1 DAGs
[2025-08-14T10:21:55.685+0000] {logging_mixin.py:150} INFO - [2025-08-14T10:21:55.685+0000] {dag.py:3504} INFO - Setting next_dagrun for tutorial_dag to None, run_after=None
[2025-08-14T10:21:55.700+0000] {processor.py:179} INFO - Processing /home/vscode/.local/lib/python3.10/site-packages/airflow/example_dags/tutorial_dag.py took 0.049 seconds
[2025-08-14T10:22:43.216+0000] {processor.py:157} INFO - Started process (PID=22481) to work on /home/vscode/.local/lib/python3.10/site-packages/airflow/example_dags/tutorial_dag.py
[2025-08-14T10:22:43.217+0000] {processor.py:826} INFO - Processing file /home/vscode/.local/lib/python3.10/site-packages/airflow/example_dags/tutorial_dag.py for tasks to queue
[2025-08-14T10:22:43.217+0000] {logging_mixin.py:150} INFO - [2025-08-14T10:22:43.217+0000] {dagbag.py:541} INFO - Filling up the DagBag from /home/vscode/.local/lib/python3.10/site-packages/airflow/example_dags/tutorial_dag.py
[2025-08-14T10:22:43.221+0000] {processor.py:836} INFO - DAG(s) dict_keys(['tutorial_dag']) retrieved from /home/vscode/.local/lib/python3.10/site-packages/airflow/example_dags/tutorial_dag.py
[2025-08-14T10:22:43.232+0000] {logging_mixin.py:150} INFO - [2025-08-14T10:22:43.232+0000] {dag.py:2742} INFO - Sync 1 DAGs
[2025-08-14T10:22:43.246+0000] {logging_mixin.py:150} INFO - [2025-08-14T10:22:43.246+0000] {dag.py:3504} INFO - Setting next_dagrun for tutorial_dag to None, run_after=None
[2025-08-14T10:22:43.261+0000] {processor.py:179} INFO - Processing /home/vscode/.local/lib/python3.10/site-packages/airflow/example_dags/tutorial_dag.py took 0.047 seconds
[2025-08-14T10:23:25.690+0000] {processor.py:157} INFO - Started process (PID=22773) to work on /home/vscode/.local/lib/python3.10/site-packages/airflow/example_dags/tutorial_dag.py
[2025-08-14T10:23:25.691+0000] {processor.py:826} INFO - Processing file /home/vscode/.local/lib/python3.10/site-packages/airflow/example_dags/tutorial_dag.py for tasks to queue
[2025-08-14T10:23:25.692+0000] {logging_mixin.py:150} INFO - [2025-08-14T10:23:25.691+0000] {dagbag.py:541} INFO - Filling up the DagBag from /home/vscode/.local/lib/python3.10/site-packages/airflow/example_dags/tutorial_dag.py
[2025-08-14T10:23:25.696+0000] {processor.py:836} INFO - DAG(s) dict_keys(['tutorial_dag']) retrieved from /home/vscode/.local/lib/python3.10/site-packages/airflow/example_dags/tutorial_dag.py
[2025-08-14T10:23:25.708+0000] {logging_mixin.py:150} INFO - [2025-08-14T10:23:25.707+0000] {dag.py:2742} INFO - Sync 1 DAGs
[2025-08-14T10:23:25.722+0000] {logging_mixin.py:150} INFO - [2025-08-14T10:23:25.722+0000] {dag.py:3504} INFO - Setting next_dagrun for tutorial_dag to None, run_after=None
[2025-08-14T10:23:25.737+0000] {processor.py:179} INFO - Processing /home/vscode/.local/lib/python3.10/site-packages/airflow/example_dags/tutorial_dag.py took 0.049 seconds
[2025-08-14T10:24:11.752+0000] {processor.py:157} INFO - Started process (PID=23090) to work on /home/vscode/.local/lib/python3.10/site-packages/airflow/example_dags/tutorial_dag.py
[2025-08-14T10:24:11.753+0000] {processor.py:826} INFO - Processing file /home/vscode/.local/lib/python3.10/site-packages/airflow/example_dags/tutorial_dag.py for tasks to queue
[2025-08-14T10:24:11.754+0000] {logging_mixin.py:150} INFO - [2025-08-14T10:24:11.753+0000] {dagbag.py:541} INFO - Filling up the DagBag from /home/vscode/.local/lib/python3.10/site-packages/airflow/example_dags/tutorial_dag.py
[2025-08-14T10:24:11.757+0000] {processor.py:836} INFO - DAG(s) dict_keys(['tutorial_dag']) retrieved from /home/vscode/.local/lib/python3.10/site-packages/airflow/example_dags/tutorial_dag.py
[2025-08-14T10:24:11.768+0000] {logging_mixin.py:150} INFO - [2025-08-14T10:24:11.768+0000] {dag.py:2742} INFO - Sync 1 DAGs
[2025-08-14T10:24:11.782+0000] {logging_mixin.py:150} INFO - [2025-08-14T10:24:11.782+0000] {dag.py:3504} INFO - Setting next_dagrun for tutorial_dag to None, run_after=None
[2025-08-14T10:24:11.797+0000] {processor.py:179} INFO - Processing /home/vscode/.local/lib/python3.10/site-packages/airflow/example_dags/tutorial_dag.py took 0.046 seconds
[2025-08-14T10:24:43.355+0000] {processor.py:157} INFO - Started process (PID=23314) to work on /home/vscode/.local/lib/python3.10/site-packages/airflow/example_dags/tutorial_dag.py
[2025-08-14T10:24:43.355+0000] {processor.py:826} INFO - Processing file /home/vscode/.local/lib/python3.10/site-packages/airflow/example_dags/tutorial_dag.py for tasks to queue
[2025-08-14T10:24:43.356+0000] {logging_mixin.py:150} INFO - [2025-08-14T10:24:43.356+0000] {dagbag.py:541} INFO - Filling up the DagBag from /home/vscode/.local/lib/python3.10/site-packages/airflow/example_dags/tutorial_dag.py
[2025-08-14T10:24:43.360+0000] {processor.py:836} INFO - DAG(s) dict_keys(['tutorial_dag']) retrieved from /home/vscode/.local/lib/python3.10/site-packages/airflow/example_dags/tutorial_dag.py
[2025-08-14T10:24:43.373+0000] {logging_mixin.py:150} INFO - [2025-08-14T10:24:43.372+0000] {dag.py:2742} INFO - Sync 1 DAGs
[2025-08-14T10:24:43.387+0000] {logging_mixin.py:150} INFO - [2025-08-14T10:24:43.387+0000] {dag.py:3504} INFO - Setting next_dagrun for tutorial_dag to None, run_after=None
[2025-08-14T10:24:43.404+0000] {processor.py:179} INFO - Processing /home/vscode/.local/lib/python3.10/site-packages/airflow/example_dags/tutorial_dag.py took 0.051 seconds
[2025-08-14T10:25:27.710+0000] {processor.py:157} INFO - Started process (PID=23619) to work on /home/vscode/.local/lib/python3.10/site-packages/airflow/example_dags/tutorial_dag.py
[2025-08-14T10:25:27.710+0000] {processor.py:826} INFO - Processing file /home/vscode/.local/lib/python3.10/site-packages/airflow/example_dags/tutorial_dag.py for tasks to queue
[2025-08-14T10:25:27.711+0000] {logging_mixin.py:150} INFO - [2025-08-14T10:25:27.711+0000] {dagbag.py:541} INFO - Filling up the DagBag from /home/vscode/.local/lib/python3.10/site-packages/airflow/example_dags/tutorial_dag.py
[2025-08-14T10:25:27.715+0000] {processor.py:836} INFO - DAG(s) dict_keys(['tutorial_dag']) retrieved from /home/vscode/.local/lib/python3.10/site-packages/airflow/example_dags/tutorial_dag.py
[2025-08-14T10:25:27.727+0000] {logging_mixin.py:150} INFO - [2025-08-14T10:25:27.727+0000] {dag.py:2742} INFO - Sync 1 DAGs
[2025-08-14T10:25:27.741+0000] {logging_mixin.py:150} INFO - [2025-08-14T10:25:27.741+0000] {dag.py:3504} INFO - Setting next_dagrun for tutorial_dag to None, run_after=None
[2025-08-14T10:25:27.758+0000] {processor.py:179} INFO - Processing /home/vscode/.local/lib/python3.10/site-packages/airflow/example_dags/tutorial_dag.py took 0.050 seconds
[2025-08-14T10:26:15.061+0000] {processor.py:157} INFO - Started process (PID=23929) to work on /home/vscode/.local/lib/python3.10/site-packages/airflow/example_dags/tutorial_dag.py
[2025-08-14T10:26:15.062+0000] {processor.py:826} INFO - Processing file /home/vscode/.local/lib/python3.10/site-packages/airflow/example_dags/tutorial_dag.py for tasks to queue
[2025-08-14T10:26:15.063+0000] {logging_mixin.py:150} INFO - [2025-08-14T10:26:15.062+0000] {dagbag.py:541} INFO - Filling up the DagBag from /home/vscode/.local/lib/python3.10/site-packages/airflow/example_dags/tutorial_dag.py
[2025-08-14T10:26:15.066+0000] {processor.py:836} INFO - DAG(s) dict_keys(['tutorial_dag']) retrieved from /home/vscode/.local/lib/python3.10/site-packages/airflow/example_dags/tutorial_dag.py
[2025-08-14T10:26:15.078+0000] {logging_mixin.py:150} INFO - [2025-08-14T10:26:15.078+0000] {dag.py:2742} INFO - Sync 1 DAGs
[2025-08-14T10:26:15.092+0000] {logging_mixin.py:150} INFO - [2025-08-14T10:26:15.092+0000] {dag.py:3504} INFO - Setting next_dagrun for tutorial_dag to None, run_after=None
[2025-08-14T10:26:15.107+0000] {processor.py:179} INFO - Processing /home/vscode/.local/lib/python3.10/site-packages/airflow/example_dags/tutorial_dag.py took 0.048 seconds
[2025-08-14T10:26:59.433+0000] {processor.py:157} INFO - Started process (PID=24234) to work on /home/vscode/.local/lib/python3.10/site-packages/airflow/example_dags/tutorial_dag.py
[2025-08-14T10:26:59.434+0000] {processor.py:826} INFO - Processing file /home/vscode/.local/lib/python3.10/site-packages/airflow/example_dags/tutorial_dag.py for tasks to queue
[2025-08-14T10:26:59.434+0000] {logging_mixin.py:150} INFO - [2025-08-14T10:26:59.434+0000] {dagbag.py:541} INFO - Filling up the DagBag from /home/vscode/.local/lib/python3.10/site-packages/airflow/example_dags/tutorial_dag.py
[2025-08-14T10:26:59.438+0000] {processor.py:836} INFO - DAG(s) dict_keys(['tutorial_dag']) retrieved from /home/vscode/.local/lib/python3.10/site-packages/airflow/example_dags/tutorial_dag.py
[2025-08-14T10:26:59.451+0000] {logging_mixin.py:150} INFO - [2025-08-14T10:26:59.451+0000] {dag.py:2742} INFO - Sync 1 DAGs
[2025-08-14T10:26:59.467+0000] {logging_mixin.py:150} INFO - [2025-08-14T10:26:59.467+0000] {dag.py:3504} INFO - Setting next_dagrun for tutorial_dag to None, run_after=None
[2025-08-14T10:26:59.486+0000] {processor.py:179} INFO - Processing /home/vscode/.local/lib/python3.10/site-packages/airflow/example_dags/tutorial_dag.py took 0.055 seconds
[2025-08-14T10:27:33.348+0000] {processor.py:157} INFO - Started process (PID=24458) to work on /home/vscode/.local/lib/python3.10/site-packages/airflow/example_dags/tutorial_dag.py
[2025-08-14T10:27:33.348+0000] {processor.py:826} INFO - Processing file /home/vscode/.local/lib/python3.10/site-packages/airflow/example_dags/tutorial_dag.py for tasks to queue
[2025-08-14T10:27:33.349+0000] {logging_mixin.py:150} INFO - [2025-08-14T10:27:33.349+0000] {dagbag.py:541} INFO - Filling up the DagBag from /home/vscode/.local/lib/python3.10/site-packages/airflow/example_dags/tutorial_dag.py
[2025-08-14T10:27:33.353+0000] {processor.py:836} INFO - DAG(s) dict_keys(['tutorial_dag']) retrieved from /home/vscode/.local/lib/python3.10/site-packages/airflow/example_dags/tutorial_dag.py
[2025-08-14T10:27:33.366+0000] {logging_mixin.py:150} INFO - [2025-08-14T10:27:33.366+0000] {dag.py:2742} INFO - Sync 1 DAGs
[2025-08-14T10:27:33.381+0000] {logging_mixin.py:150} INFO - [2025-08-14T10:27:33.381+0000] {dag.py:3504} INFO - Setting next_dagrun for tutorial_dag to None, run_after=None
[2025-08-14T10:27:33.398+0000] {processor.py:179} INFO - Processing /home/vscode/.local/lib/python3.10/site-packages/airflow/example_dags/tutorial_dag.py took 0.053 seconds
[2025-08-14T10:28:18.184+0000] {processor.py:157} INFO - Started process (PID=24754) to work on /home/vscode/.local/lib/python3.10/site-packages/airflow/example_dags/tutorial_dag.py
[2025-08-14T10:28:18.185+0000] {processor.py:826} INFO - Processing file /home/vscode/.local/lib/python3.10/site-packages/airflow/example_dags/tutorial_dag.py for tasks to queue
[2025-08-14T10:28:18.185+0000] {logging_mixin.py:150} INFO - [2025-08-14T10:28:18.185+0000] {dagbag.py:541} INFO - Filling up the DagBag from /home/vscode/.local/lib/python3.10/site-packages/airflow/example_dags/tutorial_dag.py
[2025-08-14T10:28:18.189+0000] {processor.py:836} INFO - DAG(s) dict_keys(['tutorial_dag']) retrieved from /home/vscode/.local/lib/python3.10/site-packages/airflow/example_dags/tutorial_dag.py
[2025-08-14T10:28:18.201+0000] {logging_mixin.py:150} INFO - [2025-08-14T10:28:18.201+0000] {dag.py:2742} INFO - Sync 1 DAGs
[2025-08-14T10:28:18.222+0000] {logging_mixin.py:150} INFO - [2025-08-14T10:28:18.222+0000] {dag.py:3504} INFO - Setting next_dagrun for tutorial_dag to None, run_after=None
[2025-08-14T10:28:18.246+0000] {processor.py:179} INFO - Processing /home/vscode/.local/lib/python3.10/site-packages/airflow/example_dags/tutorial_dag.py took 0.064 seconds
[2025-08-14T10:28:50.856+0000] {processor.py:157} INFO - Started process (PID=24969) to work on /home/vscode/.local/lib/python3.10/site-packages/airflow/example_dags/tutorial_dag.py
[2025-08-14T10:28:50.857+0000] {processor.py:826} INFO - Processing file /home/vscode/.local/lib/python3.10/site-packages/airflow/example_dags/tutorial_dag.py for tasks to queue
[2025-08-14T10:28:50.857+0000] {logging_mixin.py:150} INFO - [2025-08-14T10:28:50.857+0000] {dagbag.py:541} INFO - Filling up the DagBag from /home/vscode/.local/lib/python3.10/site-packages/airflow/example_dags/tutorial_dag.py
[2025-08-14T10:28:50.861+0000] {processor.py:836} INFO - DAG(s) dict_keys(['tutorial_dag']) retrieved from /home/vscode/.local/lib/python3.10/site-packages/airflow/example_dags/tutorial_dag.py
[2025-08-14T10:28:50.872+0000] {logging_mixin.py:150} INFO - [2025-08-14T10:28:50.872+0000] {dag.py:2742} INFO - Sync 1 DAGs
[2025-08-14T10:28:50.887+0000] {logging_mixin.py:150} INFO - [2025-08-14T10:28:50.887+0000] {dag.py:3504} INFO - Setting next_dagrun for tutorial_dag to None, run_after=None
[2025-08-14T10:28:50.903+0000] {processor.py:179} INFO - Processing /home/vscode/.local/lib/python3.10/site-packages/airflow/example_dags/tutorial_dag.py took 0.049 seconds
[2025-08-14T10:29:36.776+0000] {processor.py:157} INFO - Started process (PID=25279) to work on /home/vscode/.local/lib/python3.10/site-packages/airflow/example_dags/tutorial_dag.py
[2025-08-14T10:29:36.777+0000] {processor.py:826} INFO - Processing file /home/vscode/.local/lib/python3.10/site-packages/airflow/example_dags/tutorial_dag.py for tasks to queue
[2025-08-14T10:29:36.778+0000] {logging_mixin.py:150} INFO - [2025-08-14T10:29:36.777+0000] {dagbag.py:541} INFO - Filling up the DagBag from /home/vscode/.local/lib/python3.10/site-packages/airflow/example_dags/tutorial_dag.py
[2025-08-14T10:29:36.782+0000] {processor.py:836} INFO - DAG(s) dict_keys(['tutorial_dag']) retrieved from /home/vscode/.local/lib/python3.10/site-packages/airflow/example_dags/tutorial_dag.py
[2025-08-14T10:29:36.793+0000] {logging_mixin.py:150} INFO - [2025-08-14T10:29:36.793+0000] {dag.py:2742} INFO - Sync 1 DAGs
[2025-08-14T10:29:36.807+0000] {logging_mixin.py:150} INFO - [2025-08-14T10:29:36.807+0000] {dag.py:3504} INFO - Setting next_dagrun for tutorial_dag to None, run_after=None
[2025-08-14T10:29:36.821+0000] {processor.py:179} INFO - Processing /home/vscode/.local/lib/python3.10/site-packages/airflow/example_dags/tutorial_dag.py took 0.047 seconds
[2025-08-14T10:30:23.026+0000] {processor.py:157} INFO - Started process (PID=25583) to work on /home/vscode/.local/lib/python3.10/site-packages/airflow/example_dags/tutorial_dag.py
[2025-08-14T10:30:23.026+0000] {processor.py:826} INFO - Processing file /home/vscode/.local/lib/python3.10/site-packages/airflow/example_dags/tutorial_dag.py for tasks to queue
[2025-08-14T10:30:23.027+0000] {logging_mixin.py:150} INFO - [2025-08-14T10:30:23.026+0000] {dagbag.py:541} INFO - Filling up the DagBag from /home/vscode/.local/lib/python3.10/site-packages/airflow/example_dags/tutorial_dag.py
[2025-08-14T10:30:23.030+0000] {processor.py:836} INFO - DAG(s) dict_keys(['tutorial_dag']) retrieved from /home/vscode/.local/lib/python3.10/site-packages/airflow/example_dags/tutorial_dag.py
[2025-08-14T10:30:23.042+0000] {logging_mixin.py:150} INFO - [2025-08-14T10:30:23.042+0000] {dag.py:2742} INFO - Sync 1 DAGs
[2025-08-14T10:30:23.055+0000] {logging_mixin.py:150} INFO - [2025-08-14T10:30:23.055+0000] {dag.py:3504} INFO - Setting next_dagrun for tutorial_dag to None, run_after=None
[2025-08-14T10:30:23.071+0000] {processor.py:179} INFO - Processing /home/vscode/.local/lib/python3.10/site-packages/airflow/example_dags/tutorial_dag.py took 0.047 seconds
[2025-08-14T10:30:56.360+0000] {processor.py:157} INFO - Started process (PID=25810) to work on /home/vscode/.local/lib/python3.10/site-packages/airflow/example_dags/tutorial_dag.py
[2025-08-14T10:30:56.361+0000] {processor.py:826} INFO - Processing file /home/vscode/.local/lib/python3.10/site-packages/airflow/example_dags/tutorial_dag.py for tasks to queue
[2025-08-14T10:30:56.361+0000] {logging_mixin.py:150} INFO - [2025-08-14T10:30:56.361+0000] {dagbag.py:541} INFO - Filling up the DagBag from /home/vscode/.local/lib/python3.10/site-packages/airflow/example_dags/tutorial_dag.py
[2025-08-14T10:30:56.365+0000] {processor.py:836} INFO - DAG(s) dict_keys(['tutorial_dag']) retrieved from /home/vscode/.local/lib/python3.10/site-packages/airflow/example_dags/tutorial_dag.py
[2025-08-14T10:30:56.377+0000] {logging_mixin.py:150} INFO - [2025-08-14T10:30:56.377+0000] {dag.py:2742} INFO - Sync 1 DAGs
[2025-08-14T10:30:56.391+0000] {logging_mixin.py:150} INFO - [2025-08-14T10:30:56.391+0000] {dag.py:3504} INFO - Setting next_dagrun for tutorial_dag to None, run_after=None
[2025-08-14T10:30:56.407+0000] {processor.py:179} INFO - Processing /home/vscode/.local/lib/python3.10/site-packages/airflow/example_dags/tutorial_dag.py took 0.049 seconds
[2025-08-14T10:31:40.589+0000] {processor.py:157} INFO - Started process (PID=26104) to work on /home/vscode/.local/lib/python3.10/site-packages/airflow/example_dags/tutorial_dag.py
[2025-08-14T10:31:40.589+0000] {processor.py:826} INFO - Processing file /home/vscode/.local/lib/python3.10/site-packages/airflow/example_dags/tutorial_dag.py for tasks to queue
[2025-08-14T10:31:40.590+0000] {logging_mixin.py:150} INFO - [2025-08-14T10:31:40.590+0000] {dagbag.py:541} INFO - Filling up the DagBag from /home/vscode/.local/lib/python3.10/site-packages/airflow/example_dags/tutorial_dag.py
[2025-08-14T10:31:40.594+0000] {processor.py:836} INFO - DAG(s) dict_keys(['tutorial_dag']) retrieved from /home/vscode/.local/lib/python3.10/site-packages/airflow/example_dags/tutorial_dag.py
[2025-08-14T10:31:40.605+0000] {logging_mixin.py:150} INFO - [2025-08-14T10:31:40.605+0000] {dag.py:2742} INFO - Sync 1 DAGs
[2025-08-14T10:31:40.619+0000] {logging_mixin.py:150} INFO - [2025-08-14T10:31:40.619+0000] {dag.py:3504} INFO - Setting next_dagrun for tutorial_dag to None, run_after=None
[2025-08-14T10:31:40.635+0000] {processor.py:179} INFO - Processing /home/vscode/.local/lib/python3.10/site-packages/airflow/example_dags/tutorial_dag.py took 0.048 seconds
[2025-08-14T10:32:23.777+0000] {processor.py:157} INFO - Started process (PID=26392) to work on /home/vscode/.local/lib/python3.10/site-packages/airflow/example_dags/tutorial_dag.py
[2025-08-14T10:32:23.777+0000] {processor.py:826} INFO - Processing file /home/vscode/.local/lib/python3.10/site-packages/airflow/example_dags/tutorial_dag.py for tasks to queue
[2025-08-14T10:32:23.778+0000] {logging_mixin.py:150} INFO - [2025-08-14T10:32:23.778+0000] {dagbag.py:541} INFO - Filling up the DagBag from /home/vscode/.local/lib/python3.10/site-packages/airflow/example_dags/tutorial_dag.py
[2025-08-14T10:32:23.781+0000] {processor.py:836} INFO - DAG(s) dict_keys(['tutorial_dag']) retrieved from /home/vscode/.local/lib/python3.10/site-packages/airflow/example_dags/tutorial_dag.py
[2025-08-14T10:32:23.793+0000] {logging_mixin.py:150} INFO - [2025-08-14T10:32:23.793+0000] {dag.py:2742} INFO - Sync 1 DAGs
[2025-08-14T10:32:23.806+0000] {logging_mixin.py:150} INFO - [2025-08-14T10:32:23.806+0000] {dag.py:3504} INFO - Setting next_dagrun for tutorial_dag to None, run_after=None
[2025-08-14T10:32:23.822+0000] {processor.py:179} INFO - Processing /home/vscode/.local/lib/python3.10/site-packages/airflow/example_dags/tutorial_dag.py took 0.047 seconds
[2025-08-14T10:33:05.281+0000] {processor.py:157} INFO - Started process (PID=26703) to work on /home/vscode/.local/lib/python3.10/site-packages/airflow/example_dags/tutorial_dag.py
[2025-08-14T10:33:05.281+0000] {processor.py:826} INFO - Processing file /home/vscode/.local/lib/python3.10/site-packages/airflow/example_dags/tutorial_dag.py for tasks to queue
[2025-08-14T10:33:05.282+0000] {logging_mixin.py:150} INFO - [2025-08-14T10:33:05.282+0000] {dagbag.py:541} INFO - Filling up the DagBag from /home/vscode/.local/lib/python3.10/site-packages/airflow/example_dags/tutorial_dag.py
[2025-08-14T10:33:05.285+0000] {processor.py:836} INFO - DAG(s) dict_keys(['tutorial_dag']) retrieved from /home/vscode/.local/lib/python3.10/site-packages/airflow/example_dags/tutorial_dag.py
[2025-08-14T10:33:05.297+0000] {logging_mixin.py:150} INFO - [2025-08-14T10:33:05.297+0000] {dag.py:2742} INFO - Sync 1 DAGs
[2025-08-14T10:33:05.311+0000] {logging_mixin.py:150} INFO - [2025-08-14T10:33:05.311+0000] {dag.py:3504} INFO - Setting next_dagrun for tutorial_dag to None, run_after=None
[2025-08-14T10:33:05.327+0000] {processor.py:179} INFO - Processing /home/vscode/.local/lib/python3.10/site-packages/airflow/example_dags/tutorial_dag.py took 0.049 seconds
[2025-08-14T10:33:50.865+0000] {processor.py:157} INFO - Started process (PID=27102) to work on /home/vscode/.local/lib/python3.10/site-packages/airflow/example_dags/tutorial_dag.py
[2025-08-14T10:33:50.866+0000] {processor.py:826} INFO - Processing file /home/vscode/.local/lib/python3.10/site-packages/airflow/example_dags/tutorial_dag.py for tasks to queue
[2025-08-14T10:33:50.866+0000] {logging_mixin.py:150} INFO - [2025-08-14T10:33:50.866+0000] {dagbag.py:541} INFO - Filling up the DagBag from /home/vscode/.local/lib/python3.10/site-packages/airflow/example_dags/tutorial_dag.py
[2025-08-14T10:33:50.870+0000] {processor.py:836} INFO - DAG(s) dict_keys(['tutorial_dag']) retrieved from /home/vscode/.local/lib/python3.10/site-packages/airflow/example_dags/tutorial_dag.py
[2025-08-14T10:33:50.881+0000] {logging_mixin.py:150} INFO - [2025-08-14T10:33:50.881+0000] {dag.py:2742} INFO - Sync 1 DAGs
[2025-08-14T10:33:50.895+0000] {logging_mixin.py:150} INFO - [2025-08-14T10:33:50.895+0000] {dag.py:3504} INFO - Setting next_dagrun for tutorial_dag to None, run_after=None
[2025-08-14T10:33:50.913+0000] {processor.py:179} INFO - Processing /home/vscode/.local/lib/python3.10/site-packages/airflow/example_dags/tutorial_dag.py took 0.050 seconds
[2025-08-14T10:34:36.673+0000] {processor.py:157} INFO - Started process (PID=27405) to work on /home/vscode/.local/lib/python3.10/site-packages/airflow/example_dags/tutorial_dag.py
[2025-08-14T10:34:36.674+0000] {processor.py:826} INFO - Processing file /home/vscode/.local/lib/python3.10/site-packages/airflow/example_dags/tutorial_dag.py for tasks to queue
[2025-08-14T10:34:36.674+0000] {logging_mixin.py:150} INFO - [2025-08-14T10:34:36.674+0000] {dagbag.py:541} INFO - Filling up the DagBag from /home/vscode/.local/lib/python3.10/site-packages/airflow/example_dags/tutorial_dag.py
[2025-08-14T10:34:36.678+0000] {processor.py:836} INFO - DAG(s) dict_keys(['tutorial_dag']) retrieved from /home/vscode/.local/lib/python3.10/site-packages/airflow/example_dags/tutorial_dag.py
[2025-08-14T10:34:36.689+0000] {logging_mixin.py:150} INFO - [2025-08-14T10:34:36.689+0000] {dag.py:2742} INFO - Sync 1 DAGs
[2025-08-14T10:34:36.703+0000] {logging_mixin.py:150} INFO - [2025-08-14T10:34:36.703+0000] {dag.py:3504} INFO - Setting next_dagrun for tutorial_dag to None, run_after=None
[2025-08-14T10:34:36.718+0000] {processor.py:179} INFO - Processing /home/vscode/.local/lib/python3.10/site-packages/airflow/example_dags/tutorial_dag.py took 0.047 seconds
[2025-08-14T10:35:23.366+0000] {processor.py:157} INFO - Started process (PID=27714) to work on /home/vscode/.local/lib/python3.10/site-packages/airflow/example_dags/tutorial_dag.py
[2025-08-14T10:35:23.367+0000] {processor.py:826} INFO - Processing file /home/vscode/.local/lib/python3.10/site-packages/airflow/example_dags/tutorial_dag.py for tasks to queue
[2025-08-14T10:35:23.367+0000] {logging_mixin.py:150} INFO - [2025-08-14T10:35:23.367+0000] {dagbag.py:541} INFO - Filling up the DagBag from /home/vscode/.local/lib/python3.10/site-packages/airflow/example_dags/tutorial_dag.py
[2025-08-14T10:35:23.371+0000] {processor.py:836} INFO - DAG(s) dict_keys(['tutorial_dag']) retrieved from /home/vscode/.local/lib/python3.10/site-packages/airflow/example_dags/tutorial_dag.py
[2025-08-14T10:35:23.387+0000] {logging_mixin.py:150} INFO - [2025-08-14T10:35:23.387+0000] {dag.py:2742} INFO - Sync 1 DAGs
[2025-08-14T10:35:23.402+0000] {logging_mixin.py:150} INFO - [2025-08-14T10:35:23.402+0000] {dag.py:3504} INFO - Setting next_dagrun for tutorial_dag to None, run_after=None
[2025-08-14T10:35:23.420+0000] {processor.py:179} INFO - Processing /home/vscode/.local/lib/python3.10/site-packages/airflow/example_dags/tutorial_dag.py took 0.056 seconds
[2025-08-14T10:36:06.092+0000] {processor.py:157} INFO - Started process (PID=28000) to work on /home/vscode/.local/lib/python3.10/site-packages/airflow/example_dags/tutorial_dag.py
[2025-08-14T10:36:06.093+0000] {processor.py:826} INFO - Processing file /home/vscode/.local/lib/python3.10/site-packages/airflow/example_dags/tutorial_dag.py for tasks to queue
[2025-08-14T10:36:06.093+0000] {logging_mixin.py:150} INFO - [2025-08-14T10:36:06.093+0000] {dagbag.py:541} INFO - Filling up the DagBag from /home/vscode/.local/lib/python3.10/site-packages/airflow/example_dags/tutorial_dag.py
[2025-08-14T10:36:06.097+0000] {processor.py:836} INFO - DAG(s) dict_keys(['tutorial_dag']) retrieved from /home/vscode/.local/lib/python3.10/site-packages/airflow/example_dags/tutorial_dag.py
[2025-08-14T10:36:06.108+0000] {logging_mixin.py:150} INFO - [2025-08-14T10:36:06.108+0000] {dag.py:2742} INFO - Sync 1 DAGs
[2025-08-14T10:36:06.122+0000] {logging_mixin.py:150} INFO - [2025-08-14T10:36:06.121+0000] {dag.py:3504} INFO - Setting next_dagrun for tutorial_dag to None, run_after=None
[2025-08-14T10:36:06.136+0000] {processor.py:179} INFO - Processing /home/vscode/.local/lib/python3.10/site-packages/airflow/example_dags/tutorial_dag.py took 0.047 seconds
[2025-08-14T10:36:40.802+0000] {processor.py:157} INFO - Started process (PID=28230) to work on /home/vscode/.local/lib/python3.10/site-packages/airflow/example_dags/tutorial_dag.py
[2025-08-14T10:36:40.802+0000] {processor.py:826} INFO - Processing file /home/vscode/.local/lib/python3.10/site-packages/airflow/example_dags/tutorial_dag.py for tasks to queue
[2025-08-14T10:36:40.803+0000] {logging_mixin.py:150} INFO - [2025-08-14T10:36:40.802+0000] {dagbag.py:541} INFO - Filling up the DagBag from /home/vscode/.local/lib/python3.10/site-packages/airflow/example_dags/tutorial_dag.py
[2025-08-14T10:36:40.807+0000] {processor.py:836} INFO - DAG(s) dict_keys(['tutorial_dag']) retrieved from /home/vscode/.local/lib/python3.10/site-packages/airflow/example_dags/tutorial_dag.py
[2025-08-14T10:36:40.819+0000] {logging_mixin.py:150} INFO - [2025-08-14T10:36:40.819+0000] {dag.py:2742} INFO - Sync 1 DAGs
[2025-08-14T10:36:40.833+0000] {logging_mixin.py:150} INFO - [2025-08-14T10:36:40.833+0000] {dag.py:3504} INFO - Setting next_dagrun for tutorial_dag to None, run_after=None
[2025-08-14T10:36:40.849+0000] {processor.py:179} INFO - Processing /home/vscode/.local/lib/python3.10/site-packages/airflow/example_dags/tutorial_dag.py took 0.049 seconds
[2025-08-14T10:37:11.656+0000] {processor.py:157} INFO - Started process (PID=28439) to work on /home/vscode/.local/lib/python3.10/site-packages/airflow/example_dags/tutorial_dag.py
[2025-08-14T10:37:11.657+0000] {processor.py:826} INFO - Processing file /home/vscode/.local/lib/python3.10/site-packages/airflow/example_dags/tutorial_dag.py for tasks to queue
[2025-08-14T10:37:11.658+0000] {logging_mixin.py:150} INFO - [2025-08-14T10:37:11.657+0000] {dagbag.py:541} INFO - Filling up the DagBag from /home/vscode/.local/lib/python3.10/site-packages/airflow/example_dags/tutorial_dag.py
[2025-08-14T10:37:11.661+0000] {processor.py:836} INFO - DAG(s) dict_keys(['tutorial_dag']) retrieved from /home/vscode/.local/lib/python3.10/site-packages/airflow/example_dags/tutorial_dag.py
[2025-08-14T10:37:11.672+0000] {logging_mixin.py:150} INFO - [2025-08-14T10:37:11.672+0000] {dag.py:2742} INFO - Sync 1 DAGs
[2025-08-14T10:37:11.686+0000] {logging_mixin.py:150} INFO - [2025-08-14T10:37:11.686+0000] {dag.py:3504} INFO - Setting next_dagrun for tutorial_dag to None, run_after=None
[2025-08-14T10:37:11.701+0000] {processor.py:179} INFO - Processing /home/vscode/.local/lib/python3.10/site-packages/airflow/example_dags/tutorial_dag.py took 0.047 seconds
[2025-08-14T10:37:45.095+0000] {processor.py:157} INFO - Started process (PID=28664) to work on /home/vscode/.local/lib/python3.10/site-packages/airflow/example_dags/tutorial_dag.py
[2025-08-14T10:37:45.095+0000] {processor.py:826} INFO - Processing file /home/vscode/.local/lib/python3.10/site-packages/airflow/example_dags/tutorial_dag.py for tasks to queue
[2025-08-14T10:37:45.096+0000] {logging_mixin.py:150} INFO - [2025-08-14T10:37:45.096+0000] {dagbag.py:541} INFO - Filling up the DagBag from /home/vscode/.local/lib/python3.10/site-packages/airflow/example_dags/tutorial_dag.py
[2025-08-14T10:37:45.100+0000] {processor.py:836} INFO - DAG(s) dict_keys(['tutorial_dag']) retrieved from /home/vscode/.local/lib/python3.10/site-packages/airflow/example_dags/tutorial_dag.py
[2025-08-14T10:37:45.121+0000] {logging_mixin.py:150} INFO - [2025-08-14T10:37:45.121+0000] {dag.py:2742} INFO - Sync 1 DAGs
[2025-08-14T10:37:45.139+0000] {logging_mixin.py:150} INFO - [2025-08-14T10:37:45.139+0000] {dag.py:3504} INFO - Setting next_dagrun for tutorial_dag to None, run_after=None
[2025-08-14T10:37:45.155+0000] {processor.py:179} INFO - Processing /home/vscode/.local/lib/python3.10/site-packages/airflow/example_dags/tutorial_dag.py took 0.062 seconds
[2025-08-14T10:38:28.707+0000] {processor.py:157} INFO - Started process (PID=28952) to work on /home/vscode/.local/lib/python3.10/site-packages/airflow/example_dags/tutorial_dag.py
[2025-08-14T10:38:28.708+0000] {processor.py:826} INFO - Processing file /home/vscode/.local/lib/python3.10/site-packages/airflow/example_dags/tutorial_dag.py for tasks to queue
[2025-08-14T10:38:28.709+0000] {logging_mixin.py:150} INFO - [2025-08-14T10:38:28.709+0000] {dagbag.py:541} INFO - Filling up the DagBag from /home/vscode/.local/lib/python3.10/site-packages/airflow/example_dags/tutorial_dag.py
[2025-08-14T10:38:28.713+0000] {processor.py:836} INFO - DAG(s) dict_keys(['tutorial_dag']) retrieved from /home/vscode/.local/lib/python3.10/site-packages/airflow/example_dags/tutorial_dag.py
[2025-08-14T10:38:28.725+0000] {logging_mixin.py:150} INFO - [2025-08-14T10:38:28.725+0000] {dag.py:2742} INFO - Sync 1 DAGs
[2025-08-14T10:38:28.740+0000] {logging_mixin.py:150} INFO - [2025-08-14T10:38:28.740+0000] {dag.py:3504} INFO - Setting next_dagrun for tutorial_dag to None, run_after=None
[2025-08-14T10:38:28.756+0000] {processor.py:179} INFO - Processing /home/vscode/.local/lib/python3.10/site-packages/airflow/example_dags/tutorial_dag.py took 0.051 seconds
[2025-08-14T10:39:04.686+0000] {processor.py:157} INFO - Started process (PID=29190) to work on /home/vscode/.local/lib/python3.10/site-packages/airflow/example_dags/tutorial_dag.py
[2025-08-14T10:39:04.687+0000] {processor.py:826} INFO - Processing file /home/vscode/.local/lib/python3.10/site-packages/airflow/example_dags/tutorial_dag.py for tasks to queue
[2025-08-14T10:39:04.688+0000] {logging_mixin.py:150} INFO - [2025-08-14T10:39:04.687+0000] {dagbag.py:541} INFO - Filling up the DagBag from /home/vscode/.local/lib/python3.10/site-packages/airflow/example_dags/tutorial_dag.py
[2025-08-14T10:39:04.692+0000] {processor.py:836} INFO - DAG(s) dict_keys(['tutorial_dag']) retrieved from /home/vscode/.local/lib/python3.10/site-packages/airflow/example_dags/tutorial_dag.py
[2025-08-14T10:39:04.704+0000] {logging_mixin.py:150} INFO - [2025-08-14T10:39:04.704+0000] {dag.py:2742} INFO - Sync 1 DAGs
[2025-08-14T10:39:04.719+0000] {logging_mixin.py:150} INFO - [2025-08-14T10:39:04.718+0000] {dag.py:3504} INFO - Setting next_dagrun for tutorial_dag to None, run_after=None
[2025-08-14T10:39:04.734+0000] {processor.py:179} INFO - Processing /home/vscode/.local/lib/python3.10/site-packages/airflow/example_dags/tutorial_dag.py took 0.050 seconds
[2025-08-14T10:39:49.209+0000] {processor.py:157} INFO - Started process (PID=29486) to work on /home/vscode/.local/lib/python3.10/site-packages/airflow/example_dags/tutorial_dag.py
[2025-08-14T10:39:49.210+0000] {processor.py:826} INFO - Processing file /home/vscode/.local/lib/python3.10/site-packages/airflow/example_dags/tutorial_dag.py for tasks to queue
[2025-08-14T10:39:49.211+0000] {logging_mixin.py:150} INFO - [2025-08-14T10:39:49.210+0000] {dagbag.py:541} INFO - Filling up the DagBag from /home/vscode/.local/lib/python3.10/site-packages/airflow/example_dags/tutorial_dag.py
[2025-08-14T10:39:49.215+0000] {processor.py:836} INFO - DAG(s) dict_keys(['tutorial_dag']) retrieved from /home/vscode/.local/lib/python3.10/site-packages/airflow/example_dags/tutorial_dag.py
[2025-08-14T10:39:49.227+0000] {logging_mixin.py:150} INFO - [2025-08-14T10:39:49.227+0000] {dag.py:2742} INFO - Sync 1 DAGs
[2025-08-14T10:39:49.242+0000] {logging_mixin.py:150} INFO - [2025-08-14T10:39:49.241+0000] {dag.py:3504} INFO - Setting next_dagrun for tutorial_dag to None, run_after=None
[2025-08-14T10:39:49.258+0000] {processor.py:179} INFO - Processing /home/vscode/.local/lib/python3.10/site-packages/airflow/example_dags/tutorial_dag.py took 0.051 seconds
[2025-08-14T10:40:24.147+0000] {processor.py:157} INFO - Started process (PID=29723) to work on /home/vscode/.local/lib/python3.10/site-packages/airflow/example_dags/tutorial_dag.py
[2025-08-14T10:40:24.148+0000] {processor.py:826} INFO - Processing file /home/vscode/.local/lib/python3.10/site-packages/airflow/example_dags/tutorial_dag.py for tasks to queue
[2025-08-14T10:40:24.148+0000] {logging_mixin.py:150} INFO - [2025-08-14T10:40:24.148+0000] {dagbag.py:541} INFO - Filling up the DagBag from /home/vscode/.local/lib/python3.10/site-packages/airflow/example_dags/tutorial_dag.py
[2025-08-14T10:40:24.152+0000] {processor.py:836} INFO - DAG(s) dict_keys(['tutorial_dag']) retrieved from /home/vscode/.local/lib/python3.10/site-packages/airflow/example_dags/tutorial_dag.py
[2025-08-14T10:40:24.168+0000] {logging_mixin.py:150} INFO - [2025-08-14T10:40:24.167+0000] {dag.py:2742} INFO - Sync 1 DAGs
[2025-08-14T10:40:24.182+0000] {logging_mixin.py:150} INFO - [2025-08-14T10:40:24.182+0000] {dag.py:3504} INFO - Setting next_dagrun for tutorial_dag to None, run_after=None
[2025-08-14T10:40:24.199+0000] {processor.py:179} INFO - Processing /home/vscode/.local/lib/python3.10/site-packages/airflow/example_dags/tutorial_dag.py took 0.054 seconds
[2025-08-14T10:41:10.262+0000] {processor.py:157} INFO - Started process (PID=30021) to work on /home/vscode/.local/lib/python3.10/site-packages/airflow/example_dags/tutorial_dag.py
[2025-08-14T10:41:10.263+0000] {processor.py:826} INFO - Processing file /home/vscode/.local/lib/python3.10/site-packages/airflow/example_dags/tutorial_dag.py for tasks to queue
[2025-08-14T10:41:10.263+0000] {logging_mixin.py:150} INFO - [2025-08-14T10:41:10.263+0000] {dagbag.py:541} INFO - Filling up the DagBag from /home/vscode/.local/lib/python3.10/site-packages/airflow/example_dags/tutorial_dag.py
[2025-08-14T10:41:10.267+0000] {processor.py:836} INFO - DAG(s) dict_keys(['tutorial_dag']) retrieved from /home/vscode/.local/lib/python3.10/site-packages/airflow/example_dags/tutorial_dag.py
[2025-08-14T10:41:10.279+0000] {logging_mixin.py:150} INFO - [2025-08-14T10:41:10.279+0000] {dag.py:2742} INFO - Sync 1 DAGs
[2025-08-14T10:41:10.293+0000] {logging_mixin.py:150} INFO - [2025-08-14T10:41:10.293+0000] {dag.py:3504} INFO - Setting next_dagrun for tutorial_dag to None, run_after=None
[2025-08-14T10:41:10.309+0000] {processor.py:179} INFO - Processing /home/vscode/.local/lib/python3.10/site-packages/airflow/example_dags/tutorial_dag.py took 0.049 seconds
[2025-08-14T10:41:43.192+0000] {processor.py:157} INFO - Started process (PID=30242) to work on /home/vscode/.local/lib/python3.10/site-packages/airflow/example_dags/tutorial_dag.py
[2025-08-14T10:41:43.193+0000] {processor.py:826} INFO - Processing file /home/vscode/.local/lib/python3.10/site-packages/airflow/example_dags/tutorial_dag.py for tasks to queue
[2025-08-14T10:41:43.193+0000] {logging_mixin.py:150} INFO - [2025-08-14T10:41:43.193+0000] {dagbag.py:541} INFO - Filling up the DagBag from /home/vscode/.local/lib/python3.10/site-packages/airflow/example_dags/tutorial_dag.py
[2025-08-14T10:41:43.197+0000] {processor.py:836} INFO - DAG(s) dict_keys(['tutorial_dag']) retrieved from /home/vscode/.local/lib/python3.10/site-packages/airflow/example_dags/tutorial_dag.py
[2025-08-14T10:41:43.210+0000] {logging_mixin.py:150} INFO - [2025-08-14T10:41:43.210+0000] {dag.py:2742} INFO - Sync 1 DAGs
[2025-08-14T10:41:43.224+0000] {logging_mixin.py:150} INFO - [2025-08-14T10:41:43.223+0000] {dag.py:3504} INFO - Setting next_dagrun for tutorial_dag to None, run_after=None
[2025-08-14T10:41:43.239+0000] {processor.py:179} INFO - Processing /home/vscode/.local/lib/python3.10/site-packages/airflow/example_dags/tutorial_dag.py took 0.048 seconds
[2025-08-14T10:42:30.171+0000] {processor.py:157} INFO - Started process (PID=30553) to work on /home/vscode/.local/lib/python3.10/site-packages/airflow/example_dags/tutorial_dag.py
[2025-08-14T10:42:30.171+0000] {processor.py:826} INFO - Processing file /home/vscode/.local/lib/python3.10/site-packages/airflow/example_dags/tutorial_dag.py for tasks to queue
[2025-08-14T10:42:30.172+0000] {logging_mixin.py:150} INFO - [2025-08-14T10:42:30.172+0000] {dagbag.py:541} INFO - Filling up the DagBag from /home/vscode/.local/lib/python3.10/site-packages/airflow/example_dags/tutorial_dag.py
[2025-08-14T10:42:30.175+0000] {processor.py:836} INFO - DAG(s) dict_keys(['tutorial_dag']) retrieved from /home/vscode/.local/lib/python3.10/site-packages/airflow/example_dags/tutorial_dag.py
[2025-08-14T10:42:30.187+0000] {logging_mixin.py:150} INFO - [2025-08-14T10:42:30.187+0000] {dag.py:2742} INFO - Sync 1 DAGs
[2025-08-14T10:42:30.201+0000] {logging_mixin.py:150} INFO - [2025-08-14T10:42:30.201+0000] {dag.py:3504} INFO - Setting next_dagrun for tutorial_dag to None, run_after=None
[2025-08-14T10:42:30.219+0000] {processor.py:179} INFO - Processing /home/vscode/.local/lib/python3.10/site-packages/airflow/example_dags/tutorial_dag.py took 0.050 seconds
[2025-08-14T10:43:15.550+0000] {processor.py:157} INFO - Started process (PID=30856) to work on /home/vscode/.local/lib/python3.10/site-packages/airflow/example_dags/tutorial_dag.py
[2025-08-14T10:43:15.551+0000] {processor.py:826} INFO - Processing file /home/vscode/.local/lib/python3.10/site-packages/airflow/example_dags/tutorial_dag.py for tasks to queue
[2025-08-14T10:43:15.552+0000] {logging_mixin.py:150} INFO - [2025-08-14T10:43:15.551+0000] {dagbag.py:541} INFO - Filling up the DagBag from /home/vscode/.local/lib/python3.10/site-packages/airflow/example_dags/tutorial_dag.py
[2025-08-14T10:43:15.555+0000] {processor.py:836} INFO - DAG(s) dict_keys(['tutorial_dag']) retrieved from /home/vscode/.local/lib/python3.10/site-packages/airflow/example_dags/tutorial_dag.py
[2025-08-14T10:43:15.567+0000] {logging_mixin.py:150} INFO - [2025-08-14T10:43:15.567+0000] {dag.py:2742} INFO - Sync 1 DAGs
[2025-08-14T10:43:15.581+0000] {logging_mixin.py:150} INFO - [2025-08-14T10:43:15.581+0000] {dag.py:3504} INFO - Setting next_dagrun for tutorial_dag to None, run_after=None
[2025-08-14T10:43:15.596+0000] {processor.py:179} INFO - Processing /home/vscode/.local/lib/python3.10/site-packages/airflow/example_dags/tutorial_dag.py took 0.048 seconds
[2025-08-14T10:43:49.492+0000] {processor.py:157} INFO - Started process (PID=31086) to work on /home/vscode/.local/lib/python3.10/site-packages/airflow/example_dags/tutorial_dag.py
[2025-08-14T10:43:49.493+0000] {processor.py:826} INFO - Processing file /home/vscode/.local/lib/python3.10/site-packages/airflow/example_dags/tutorial_dag.py for tasks to queue
[2025-08-14T10:43:49.494+0000] {logging_mixin.py:150} INFO - [2025-08-14T10:43:49.493+0000] {dagbag.py:541} INFO - Filling up the DagBag from /home/vscode/.local/lib/python3.10/site-packages/airflow/example_dags/tutorial_dag.py
[2025-08-14T10:43:49.497+0000] {processor.py:836} INFO - DAG(s) dict_keys(['tutorial_dag']) retrieved from /home/vscode/.local/lib/python3.10/site-packages/airflow/example_dags/tutorial_dag.py
[2025-08-14T10:43:49.509+0000] {logging_mixin.py:150} INFO - [2025-08-14T10:43:49.509+0000] {dag.py:2742} INFO - Sync 1 DAGs
[2025-08-14T10:43:49.524+0000] {logging_mixin.py:150} INFO - [2025-08-14T10:43:49.524+0000] {dag.py:3504} INFO - Setting next_dagrun for tutorial_dag to None, run_after=None
[2025-08-14T10:43:49.540+0000] {processor.py:179} INFO - Processing /home/vscode/.local/lib/python3.10/site-packages/airflow/example_dags/tutorial_dag.py took 0.050 seconds
[2025-08-14T10:44:34.609+0000] {processor.py:157} INFO - Started process (PID=31388) to work on /home/vscode/.local/lib/python3.10/site-packages/airflow/example_dags/tutorial_dag.py
[2025-08-14T10:44:34.610+0000] {processor.py:826} INFO - Processing file /home/vscode/.local/lib/python3.10/site-packages/airflow/example_dags/tutorial_dag.py for tasks to queue
[2025-08-14T10:44:34.610+0000] {logging_mixin.py:150} INFO - [2025-08-14T10:44:34.610+0000] {dagbag.py:541} INFO - Filling up the DagBag from /home/vscode/.local/lib/python3.10/site-packages/airflow/example_dags/tutorial_dag.py
[2025-08-14T10:44:34.614+0000] {processor.py:836} INFO - DAG(s) dict_keys(['tutorial_dag']) retrieved from /home/vscode/.local/lib/python3.10/site-packages/airflow/example_dags/tutorial_dag.py
[2025-08-14T10:44:34.629+0000] {logging_mixin.py:150} INFO - [2025-08-14T10:44:34.629+0000] {dag.py:2742} INFO - Sync 1 DAGs
[2025-08-14T10:44:34.646+0000] {logging_mixin.py:150} INFO - [2025-08-14T10:44:34.646+0000] {dag.py:3504} INFO - Setting next_dagrun for tutorial_dag to None, run_after=None
[2025-08-14T10:44:34.661+0000] {processor.py:179} INFO - Processing /home/vscode/.local/lib/python3.10/site-packages/airflow/example_dags/tutorial_dag.py took 0.055 seconds
[2025-08-14T10:45:07.733+0000] {processor.py:157} INFO - Started process (PID=31604) to work on /home/vscode/.local/lib/python3.10/site-packages/airflow/example_dags/tutorial_dag.py
[2025-08-14T10:45:07.733+0000] {processor.py:826} INFO - Processing file /home/vscode/.local/lib/python3.10/site-packages/airflow/example_dags/tutorial_dag.py for tasks to queue
[2025-08-14T10:45:07.734+0000] {logging_mixin.py:150} INFO - [2025-08-14T10:45:07.734+0000] {dagbag.py:541} INFO - Filling up the DagBag from /home/vscode/.local/lib/python3.10/site-packages/airflow/example_dags/tutorial_dag.py
[2025-08-14T10:45:07.738+0000] {processor.py:836} INFO - DAG(s) dict_keys(['tutorial_dag']) retrieved from /home/vscode/.local/lib/python3.10/site-packages/airflow/example_dags/tutorial_dag.py
[2025-08-14T10:45:07.749+0000] {logging_mixin.py:150} INFO - [2025-08-14T10:45:07.749+0000] {dag.py:2742} INFO - Sync 1 DAGs
[2025-08-14T10:45:07.762+0000] {logging_mixin.py:150} INFO - [2025-08-14T10:45:07.762+0000] {dag.py:3504} INFO - Setting next_dagrun for tutorial_dag to None, run_after=None
[2025-08-14T10:45:07.777+0000] {processor.py:179} INFO - Processing /home/vscode/.local/lib/python3.10/site-packages/airflow/example_dags/tutorial_dag.py took 0.047 seconds
[2025-08-14T10:45:40.233+0000] {processor.py:157} INFO - Started process (PID=31820) to work on /home/vscode/.local/lib/python3.10/site-packages/airflow/example_dags/tutorial_dag.py
[2025-08-14T10:45:40.234+0000] {processor.py:826} INFO - Processing file /home/vscode/.local/lib/python3.10/site-packages/airflow/example_dags/tutorial_dag.py for tasks to queue
[2025-08-14T10:45:40.235+0000] {logging_mixin.py:150} INFO - [2025-08-14T10:45:40.234+0000] {dagbag.py:541} INFO - Filling up the DagBag from /home/vscode/.local/lib/python3.10/site-packages/airflow/example_dags/tutorial_dag.py
[2025-08-14T10:45:40.240+0000] {processor.py:836} INFO - DAG(s) dict_keys(['tutorial_dag']) retrieved from /home/vscode/.local/lib/python3.10/site-packages/airflow/example_dags/tutorial_dag.py
[2025-08-14T10:45:40.252+0000] {logging_mixin.py:150} INFO - [2025-08-14T10:45:40.252+0000] {dag.py:2742} INFO - Sync 1 DAGs
[2025-08-14T10:45:40.266+0000] {logging_mixin.py:150} INFO - [2025-08-14T10:45:40.266+0000] {dag.py:3504} INFO - Setting next_dagrun for tutorial_dag to None, run_after=None
[2025-08-14T10:45:40.282+0000] {processor.py:179} INFO - Processing /home/vscode/.local/lib/python3.10/site-packages/airflow/example_dags/tutorial_dag.py took 0.052 seconds
[2025-08-14T10:46:22.050+0000] {processor.py:157} INFO - Started process (PID=32099) to work on /home/vscode/.local/lib/python3.10/site-packages/airflow/example_dags/tutorial_dag.py
[2025-08-14T10:46:22.051+0000] {processor.py:826} INFO - Processing file /home/vscode/.local/lib/python3.10/site-packages/airflow/example_dags/tutorial_dag.py for tasks to queue
[2025-08-14T10:46:22.052+0000] {logging_mixin.py:150} INFO - [2025-08-14T10:46:22.051+0000] {dagbag.py:541} INFO - Filling up the DagBag from /home/vscode/.local/lib/python3.10/site-packages/airflow/example_dags/tutorial_dag.py
[2025-08-14T10:46:22.055+0000] {processor.py:836} INFO - DAG(s) dict_keys(['tutorial_dag']) retrieved from /home/vscode/.local/lib/python3.10/site-packages/airflow/example_dags/tutorial_dag.py
[2025-08-14T10:46:22.067+0000] {logging_mixin.py:150} INFO - [2025-08-14T10:46:22.067+0000] {dag.py:2742} INFO - Sync 1 DAGs
[2025-08-14T10:46:22.081+0000] {logging_mixin.py:150} INFO - [2025-08-14T10:46:22.080+0000] {dag.py:3504} INFO - Setting next_dagrun for tutorial_dag to None, run_after=None
[2025-08-14T10:46:22.096+0000] {processor.py:179} INFO - Processing /home/vscode/.local/lib/python3.10/site-packages/airflow/example_dags/tutorial_dag.py took 0.047 seconds
[2025-08-14T10:46:55.979+0000] {processor.py:157} INFO - Started process (PID=32330) to work on /home/vscode/.local/lib/python3.10/site-packages/airflow/example_dags/tutorial_dag.py
[2025-08-14T10:46:55.980+0000] {processor.py:826} INFO - Processing file /home/vscode/.local/lib/python3.10/site-packages/airflow/example_dags/tutorial_dag.py for tasks to queue
[2025-08-14T10:46:55.980+0000] {logging_mixin.py:150} INFO - [2025-08-14T10:46:55.980+0000] {dagbag.py:541} INFO - Filling up the DagBag from /home/vscode/.local/lib/python3.10/site-packages/airflow/example_dags/tutorial_dag.py
[2025-08-14T10:46:55.986+0000] {processor.py:836} INFO - DAG(s) dict_keys(['tutorial_dag']) retrieved from /home/vscode/.local/lib/python3.10/site-packages/airflow/example_dags/tutorial_dag.py
[2025-08-14T10:46:56.004+0000] {logging_mixin.py:150} INFO - [2025-08-14T10:46:56.004+0000] {dag.py:2742} INFO - Sync 1 DAGs
[2025-08-14T10:46:56.025+0000] {logging_mixin.py:150} INFO - [2025-08-14T10:46:56.025+0000] {dag.py:3504} INFO - Setting next_dagrun for tutorial_dag to None, run_after=None
[2025-08-14T10:46:56.046+0000] {processor.py:179} INFO - Processing /home/vscode/.local/lib/python3.10/site-packages/airflow/example_dags/tutorial_dag.py took 0.069 seconds
[2025-08-14T10:47:39.319+0000] {processor.py:157} INFO - Started process (PID=32617) to work on /home/vscode/.local/lib/python3.10/site-packages/airflow/example_dags/tutorial_dag.py
[2025-08-14T10:47:39.320+0000] {processor.py:826} INFO - Processing file /home/vscode/.local/lib/python3.10/site-packages/airflow/example_dags/tutorial_dag.py for tasks to queue
[2025-08-14T10:47:39.320+0000] {logging_mixin.py:150} INFO - [2025-08-14T10:47:39.320+0000] {dagbag.py:541} INFO - Filling up the DagBag from /home/vscode/.local/lib/python3.10/site-packages/airflow/example_dags/tutorial_dag.py
[2025-08-14T10:47:39.324+0000] {processor.py:836} INFO - DAG(s) dict_keys(['tutorial_dag']) retrieved from /home/vscode/.local/lib/python3.10/site-packages/airflow/example_dags/tutorial_dag.py
[2025-08-14T10:47:39.336+0000] {logging_mixin.py:150} INFO - [2025-08-14T10:47:39.336+0000] {dag.py:2742} INFO - Sync 1 DAGs
[2025-08-14T10:47:39.350+0000] {logging_mixin.py:150} INFO - [2025-08-14T10:47:39.349+0000] {dag.py:3504} INFO - Setting next_dagrun for tutorial_dag to None, run_after=None
[2025-08-14T10:47:39.364+0000] {processor.py:179} INFO - Processing /home/vscode/.local/lib/python3.10/site-packages/airflow/example_dags/tutorial_dag.py took 0.047 seconds
[2025-08-14T10:48:19.304+0000] {processor.py:157} INFO - Started process (PID=32891) to work on /home/vscode/.local/lib/python3.10/site-packages/airflow/example_dags/tutorial_dag.py
[2025-08-14T10:48:19.304+0000] {processor.py:826} INFO - Processing file /home/vscode/.local/lib/python3.10/site-packages/airflow/example_dags/tutorial_dag.py for tasks to queue
[2025-08-14T10:48:19.305+0000] {logging_mixin.py:150} INFO - [2025-08-14T10:48:19.305+0000] {dagbag.py:541} INFO - Filling up the DagBag from /home/vscode/.local/lib/python3.10/site-packages/airflow/example_dags/tutorial_dag.py
[2025-08-14T10:48:19.310+0000] {processor.py:836} INFO - DAG(s) dict_keys(['tutorial_dag']) retrieved from /home/vscode/.local/lib/python3.10/site-packages/airflow/example_dags/tutorial_dag.py
[2025-08-14T10:48:19.323+0000] {logging_mixin.py:150} INFO - [2025-08-14T10:48:19.323+0000] {dag.py:2742} INFO - Sync 1 DAGs
[2025-08-14T10:48:19.338+0000] {logging_mixin.py:150} INFO - [2025-08-14T10:48:19.338+0000] {dag.py:3504} INFO - Setting next_dagrun for tutorial_dag to None, run_after=None
[2025-08-14T10:48:19.355+0000] {processor.py:179} INFO - Processing /home/vscode/.local/lib/python3.10/site-packages/airflow/example_dags/tutorial_dag.py took 0.055 seconds
[2025-08-14T10:49:05.364+0000] {processor.py:157} INFO - Started process (PID=33189) to work on /home/vscode/.local/lib/python3.10/site-packages/airflow/example_dags/tutorial_dag.py
[2025-08-14T10:49:05.365+0000] {processor.py:826} INFO - Processing file /home/vscode/.local/lib/python3.10/site-packages/airflow/example_dags/tutorial_dag.py for tasks to queue
[2025-08-14T10:49:05.365+0000] {logging_mixin.py:150} INFO - [2025-08-14T10:49:05.365+0000] {dagbag.py:541} INFO - Filling up the DagBag from /home/vscode/.local/lib/python3.10/site-packages/airflow/example_dags/tutorial_dag.py
[2025-08-14T10:49:05.369+0000] {processor.py:836} INFO - DAG(s) dict_keys(['tutorial_dag']) retrieved from /home/vscode/.local/lib/python3.10/site-packages/airflow/example_dags/tutorial_dag.py
[2025-08-14T10:49:05.380+0000] {logging_mixin.py:150} INFO - [2025-08-14T10:49:05.380+0000] {dag.py:2742} INFO - Sync 1 DAGs
[2025-08-14T10:49:05.394+0000] {logging_mixin.py:150} INFO - [2025-08-14T10:49:05.394+0000] {dag.py:3504} INFO - Setting next_dagrun for tutorial_dag to None, run_after=None
[2025-08-14T10:49:05.410+0000] {processor.py:179} INFO - Processing /home/vscode/.local/lib/python3.10/site-packages/airflow/example_dags/tutorial_dag.py took 0.048 seconds
[2025-08-14T10:49:51.362+0000] {processor.py:157} INFO - Started process (PID=33499) to work on /home/vscode/.local/lib/python3.10/site-packages/airflow/example_dags/tutorial_dag.py
[2025-08-14T10:49:51.363+0000] {processor.py:826} INFO - Processing file /home/vscode/.local/lib/python3.10/site-packages/airflow/example_dags/tutorial_dag.py for tasks to queue
[2025-08-14T10:49:51.364+0000] {logging_mixin.py:150} INFO - [2025-08-14T10:49:51.363+0000] {dagbag.py:541} INFO - Filling up the DagBag from /home/vscode/.local/lib/python3.10/site-packages/airflow/example_dags/tutorial_dag.py
[2025-08-14T10:49:51.367+0000] {processor.py:836} INFO - DAG(s) dict_keys(['tutorial_dag']) retrieved from /home/vscode/.local/lib/python3.10/site-packages/airflow/example_dags/tutorial_dag.py
[2025-08-14T10:49:51.380+0000] {logging_mixin.py:150} INFO - [2025-08-14T10:49:51.380+0000] {dag.py:2742} INFO - Sync 1 DAGs
[2025-08-14T10:49:51.395+0000] {logging_mixin.py:150} INFO - [2025-08-14T10:49:51.395+0000] {dag.py:3504} INFO - Setting next_dagrun for tutorial_dag to None, run_after=None
[2025-08-14T10:49:51.413+0000] {processor.py:179} INFO - Processing /home/vscode/.local/lib/python3.10/site-packages/airflow/example_dags/tutorial_dag.py took 0.053 seconds
[2025-08-14T10:50:25.288+0000] {processor.py:157} INFO - Started process (PID=33723) to work on /home/vscode/.local/lib/python3.10/site-packages/airflow/example_dags/tutorial_dag.py
[2025-08-14T10:50:25.288+0000] {processor.py:826} INFO - Processing file /home/vscode/.local/lib/python3.10/site-packages/airflow/example_dags/tutorial_dag.py for tasks to queue
[2025-08-14T10:50:25.289+0000] {logging_mixin.py:150} INFO - [2025-08-14T10:50:25.289+0000] {dagbag.py:541} INFO - Filling up the DagBag from /home/vscode/.local/lib/python3.10/site-packages/airflow/example_dags/tutorial_dag.py
[2025-08-14T10:50:25.293+0000] {processor.py:836} INFO - DAG(s) dict_keys(['tutorial_dag']) retrieved from /home/vscode/.local/lib/python3.10/site-packages/airflow/example_dags/tutorial_dag.py
[2025-08-14T10:50:25.304+0000] {logging_mixin.py:150} INFO - [2025-08-14T10:50:25.304+0000] {dag.py:2742} INFO - Sync 1 DAGs
[2025-08-14T10:50:25.318+0000] {logging_mixin.py:150} INFO - [2025-08-14T10:50:25.318+0000] {dag.py:3504} INFO - Setting next_dagrun for tutorial_dag to None, run_after=None
[2025-08-14T10:50:25.334+0000] {processor.py:179} INFO - Processing /home/vscode/.local/lib/python3.10/site-packages/airflow/example_dags/tutorial_dag.py took 0.048 seconds
[2025-08-14T10:51:09.997+0000] {processor.py:157} INFO - Started process (PID=34024) to work on /home/vscode/.local/lib/python3.10/site-packages/airflow/example_dags/tutorial_dag.py
[2025-08-14T10:51:09.997+0000] {processor.py:826} INFO - Processing file /home/vscode/.local/lib/python3.10/site-packages/airflow/example_dags/tutorial_dag.py for tasks to queue
[2025-08-14T10:51:09.998+0000] {logging_mixin.py:150} INFO - [2025-08-14T10:51:09.998+0000] {dagbag.py:541} INFO - Filling up the DagBag from /home/vscode/.local/lib/python3.10/site-packages/airflow/example_dags/tutorial_dag.py
[2025-08-14T10:51:10.002+0000] {processor.py:836} INFO - DAG(s) dict_keys(['tutorial_dag']) retrieved from /home/vscode/.local/lib/python3.10/site-packages/airflow/example_dags/tutorial_dag.py
[2025-08-14T10:51:10.014+0000] {logging_mixin.py:150} INFO - [2025-08-14T10:51:10.014+0000] {dag.py:2742} INFO - Sync 1 DAGs
[2025-08-14T10:51:10.029+0000] {logging_mixin.py:150} INFO - [2025-08-14T10:51:10.029+0000] {dag.py:3504} INFO - Setting next_dagrun for tutorial_dag to None, run_after=None
[2025-08-14T10:51:10.044+0000] {processor.py:179} INFO - Processing /home/vscode/.local/lib/python3.10/site-packages/airflow/example_dags/tutorial_dag.py took 0.049 seconds
[2025-08-14T10:51:44.751+0000] {processor.py:157} INFO - Started process (PID=34249) to work on /home/vscode/.local/lib/python3.10/site-packages/airflow/example_dags/tutorial_dag.py
[2025-08-14T10:51:44.752+0000] {processor.py:826} INFO - Processing file /home/vscode/.local/lib/python3.10/site-packages/airflow/example_dags/tutorial_dag.py for tasks to queue
[2025-08-14T10:51:44.753+0000] {logging_mixin.py:150} INFO - [2025-08-14T10:51:44.752+0000] {dagbag.py:541} INFO - Filling up the DagBag from /home/vscode/.local/lib/python3.10/site-packages/airflow/example_dags/tutorial_dag.py
[2025-08-14T10:51:44.757+0000] {processor.py:836} INFO - DAG(s) dict_keys(['tutorial_dag']) retrieved from /home/vscode/.local/lib/python3.10/site-packages/airflow/example_dags/tutorial_dag.py
[2025-08-14T10:51:44.769+0000] {logging_mixin.py:150} INFO - [2025-08-14T10:51:44.769+0000] {dag.py:2742} INFO - Sync 1 DAGs
[2025-08-14T10:51:44.788+0000] {logging_mixin.py:150} INFO - [2025-08-14T10:51:44.788+0000] {dag.py:3504} INFO - Setting next_dagrun for tutorial_dag to None, run_after=None
[2025-08-14T10:51:44.803+0000] {processor.py:179} INFO - Processing /home/vscode/.local/lib/python3.10/site-packages/airflow/example_dags/tutorial_dag.py took 0.054 seconds
[2025-08-14T10:52:15.584+0000] {processor.py:157} INFO - Started process (PID=34458) to work on /home/vscode/.local/lib/python3.10/site-packages/airflow/example_dags/tutorial_dag.py
[2025-08-14T10:52:15.584+0000] {processor.py:826} INFO - Processing file /home/vscode/.local/lib/python3.10/site-packages/airflow/example_dags/tutorial_dag.py for tasks to queue
[2025-08-14T10:52:15.585+0000] {logging_mixin.py:150} INFO - [2025-08-14T10:52:15.584+0000] {dagbag.py:541} INFO - Filling up the DagBag from /home/vscode/.local/lib/python3.10/site-packages/airflow/example_dags/tutorial_dag.py
[2025-08-14T10:52:15.588+0000] {processor.py:836} INFO - DAG(s) dict_keys(['tutorial_dag']) retrieved from /home/vscode/.local/lib/python3.10/site-packages/airflow/example_dags/tutorial_dag.py
[2025-08-14T10:52:15.600+0000] {logging_mixin.py:150} INFO - [2025-08-14T10:52:15.600+0000] {dag.py:2742} INFO - Sync 1 DAGs
[2025-08-14T10:52:15.615+0000] {logging_mixin.py:150} INFO - [2025-08-14T10:52:15.615+0000] {dag.py:3504} INFO - Setting next_dagrun for tutorial_dag to None, run_after=None
[2025-08-14T10:52:15.632+0000] {processor.py:179} INFO - Processing /home/vscode/.local/lib/python3.10/site-packages/airflow/example_dags/tutorial_dag.py took 0.051 seconds
[2025-08-14T10:52:49.400+0000] {processor.py:157} INFO - Started process (PID=34682) to work on /home/vscode/.local/lib/python3.10/site-packages/airflow/example_dags/tutorial_dag.py
[2025-08-14T10:52:49.401+0000] {processor.py:826} INFO - Processing file /home/vscode/.local/lib/python3.10/site-packages/airflow/example_dags/tutorial_dag.py for tasks to queue
[2025-08-14T10:52:49.401+0000] {logging_mixin.py:150} INFO - [2025-08-14T10:52:49.401+0000] {dagbag.py:541} INFO - Filling up the DagBag from /home/vscode/.local/lib/python3.10/site-packages/airflow/example_dags/tutorial_dag.py
[2025-08-14T10:52:49.405+0000] {processor.py:836} INFO - DAG(s) dict_keys(['tutorial_dag']) retrieved from /home/vscode/.local/lib/python3.10/site-packages/airflow/example_dags/tutorial_dag.py
[2025-08-14T10:52:49.420+0000] {logging_mixin.py:150} INFO - [2025-08-14T10:52:49.420+0000] {dag.py:2742} INFO - Sync 1 DAGs
[2025-08-14T10:52:49.434+0000] {logging_mixin.py:150} INFO - [2025-08-14T10:52:49.434+0000] {dag.py:3504} INFO - Setting next_dagrun for tutorial_dag to None, run_after=None
[2025-08-14T10:52:49.449+0000] {processor.py:179} INFO - Processing /home/vscode/.local/lib/python3.10/site-packages/airflow/example_dags/tutorial_dag.py took 0.051 seconds
[2025-08-14T10:53:39.278+0000] {processor.py:157} INFO - Started process (PID=35784) to work on /home/vscode/.local/lib/python3.10/site-packages/airflow/example_dags/tutorial_dag.py
[2025-08-14T10:53:39.285+0000] {processor.py:826} INFO - Processing file /home/vscode/.local/lib/python3.10/site-packages/airflow/example_dags/tutorial_dag.py for tasks to queue
[2025-08-14T10:53:39.285+0000] {logging_mixin.py:150} INFO - [2025-08-14T10:53:39.285+0000] {dagbag.py:541} INFO - Filling up the DagBag from /home/vscode/.local/lib/python3.10/site-packages/airflow/example_dags/tutorial_dag.py
[2025-08-14T10:53:39.309+0000] {processor.py:836} INFO - DAG(s) dict_keys(['tutorial_dag']) retrieved from /home/vscode/.local/lib/python3.10/site-packages/airflow/example_dags/tutorial_dag.py
[2025-08-14T10:53:39.380+0000] {logging_mixin.py:150} INFO - [2025-08-14T10:53:39.380+0000] {dag.py:2742} INFO - Sync 1 DAGs
[2025-08-14T10:53:39.447+0000] {logging_mixin.py:150} INFO - [2025-08-14T10:53:39.447+0000] {dag.py:3504} INFO - Setting next_dagrun for tutorial_dag to None, run_after=None
[2025-08-14T10:53:39.562+0000] {processor.py:179} INFO - Processing /home/vscode/.local/lib/python3.10/site-packages/airflow/example_dags/tutorial_dag.py took 0.293 seconds
[2025-08-14T10:54:22.689+0000] {processor.py:157} INFO - Started process (PID=36771) to work on /home/vscode/.local/lib/python3.10/site-packages/airflow/example_dags/tutorial_dag.py
[2025-08-14T10:54:22.690+0000] {processor.py:826} INFO - Processing file /home/vscode/.local/lib/python3.10/site-packages/airflow/example_dags/tutorial_dag.py for tasks to queue
[2025-08-14T10:54:22.691+0000] {logging_mixin.py:150} INFO - [2025-08-14T10:54:22.691+0000] {dagbag.py:541} INFO - Filling up the DagBag from /home/vscode/.local/lib/python3.10/site-packages/airflow/example_dags/tutorial_dag.py
[2025-08-14T10:54:22.697+0000] {processor.py:836} INFO - DAG(s) dict_keys(['tutorial_dag']) retrieved from /home/vscode/.local/lib/python3.10/site-packages/airflow/example_dags/tutorial_dag.py
[2025-08-14T10:54:22.719+0000] {logging_mixin.py:150} INFO - [2025-08-14T10:54:22.718+0000] {dag.py:2742} INFO - Sync 1 DAGs
[2025-08-14T10:54:22.741+0000] {logging_mixin.py:150} INFO - [2025-08-14T10:54:22.741+0000] {dag.py:3504} INFO - Setting next_dagrun for tutorial_dag to None, run_after=None
[2025-08-14T10:54:22.760+0000] {processor.py:179} INFO - Processing /home/vscode/.local/lib/python3.10/site-packages/airflow/example_dags/tutorial_dag.py took 0.074 seconds
[2025-08-14T10:55:06.250+0000] {processor.py:157} INFO - Started process (PID=37347) to work on /home/vscode/.local/lib/python3.10/site-packages/airflow/example_dags/tutorial_dag.py
[2025-08-14T10:55:06.251+0000] {processor.py:826} INFO - Processing file /home/vscode/.local/lib/python3.10/site-packages/airflow/example_dags/tutorial_dag.py for tasks to queue
[2025-08-14T10:55:06.251+0000] {logging_mixin.py:150} INFO - [2025-08-14T10:55:06.251+0000] {dagbag.py:541} INFO - Filling up the DagBag from /home/vscode/.local/lib/python3.10/site-packages/airflow/example_dags/tutorial_dag.py
[2025-08-14T10:55:06.255+0000] {processor.py:836} INFO - DAG(s) dict_keys(['tutorial_dag']) retrieved from /home/vscode/.local/lib/python3.10/site-packages/airflow/example_dags/tutorial_dag.py
[2025-08-14T10:55:06.268+0000] {logging_mixin.py:150} INFO - [2025-08-14T10:55:06.267+0000] {dag.py:2742} INFO - Sync 1 DAGs
[2025-08-14T10:55:06.282+0000] {logging_mixin.py:150} INFO - [2025-08-14T10:55:06.282+0000] {dag.py:3504} INFO - Setting next_dagrun for tutorial_dag to None, run_after=None
[2025-08-14T10:55:06.298+0000] {processor.py:179} INFO - Processing /home/vscode/.local/lib/python3.10/site-packages/airflow/example_dags/tutorial_dag.py took 0.050 seconds
[2025-08-14T10:55:52.455+0000] {processor.py:157} INFO - Started process (PID=37909) to work on /home/vscode/.local/lib/python3.10/site-packages/airflow/example_dags/tutorial_dag.py
[2025-08-14T10:55:52.456+0000] {processor.py:826} INFO - Processing file /home/vscode/.local/lib/python3.10/site-packages/airflow/example_dags/tutorial_dag.py for tasks to queue
[2025-08-14T10:55:52.457+0000] {logging_mixin.py:150} INFO - [2025-08-14T10:55:52.456+0000] {dagbag.py:541} INFO - Filling up the DagBag from /home/vscode/.local/lib/python3.10/site-packages/airflow/example_dags/tutorial_dag.py
[2025-08-14T10:55:52.460+0000] {processor.py:836} INFO - DAG(s) dict_keys(['tutorial_dag']) retrieved from /home/vscode/.local/lib/python3.10/site-packages/airflow/example_dags/tutorial_dag.py
[2025-08-14T10:55:52.473+0000] {logging_mixin.py:150} INFO - [2025-08-14T10:55:52.473+0000] {dag.py:2742} INFO - Sync 1 DAGs
[2025-08-14T10:55:52.488+0000] {logging_mixin.py:150} INFO - [2025-08-14T10:55:52.488+0000] {dag.py:3504} INFO - Setting next_dagrun for tutorial_dag to None, run_after=None
[2025-08-14T10:55:52.504+0000] {processor.py:179} INFO - Processing /home/vscode/.local/lib/python3.10/site-packages/airflow/example_dags/tutorial_dag.py took 0.051 seconds
[2025-08-14T10:56:41.674+0000] {processor.py:157} INFO - Started process (PID=38372) to work on /home/vscode/.local/lib/python3.10/site-packages/airflow/example_dags/tutorial_dag.py
[2025-08-14T10:56:41.675+0000] {processor.py:826} INFO - Processing file /home/vscode/.local/lib/python3.10/site-packages/airflow/example_dags/tutorial_dag.py for tasks to queue
[2025-08-14T10:56:41.676+0000] {logging_mixin.py:150} INFO - [2025-08-14T10:56:41.676+0000] {dagbag.py:541} INFO - Filling up the DagBag from /home/vscode/.local/lib/python3.10/site-packages/airflow/example_dags/tutorial_dag.py
[2025-08-14T10:56:41.682+0000] {processor.py:836} INFO - DAG(s) dict_keys(['tutorial_dag']) retrieved from /home/vscode/.local/lib/python3.10/site-packages/airflow/example_dags/tutorial_dag.py
[2025-08-14T10:56:41.701+0000] {logging_mixin.py:150} INFO - [2025-08-14T10:56:41.700+0000] {dag.py:2742} INFO - Sync 1 DAGs
[2025-08-14T10:56:41.724+0000] {logging_mixin.py:150} INFO - [2025-08-14T10:56:41.724+0000] {dag.py:3504} INFO - Setting next_dagrun for tutorial_dag to None, run_after=None
[2025-08-14T10:56:41.744+0000] {processor.py:179} INFO - Processing /home/vscode/.local/lib/python3.10/site-packages/airflow/example_dags/tutorial_dag.py took 0.074 seconds
[2025-08-14T10:57:15.796+0000] {processor.py:157} INFO - Started process (PID=38692) to work on /home/vscode/.local/lib/python3.10/site-packages/airflow/example_dags/tutorial_dag.py
[2025-08-14T10:57:15.797+0000] {processor.py:826} INFO - Processing file /home/vscode/.local/lib/python3.10/site-packages/airflow/example_dags/tutorial_dag.py for tasks to queue
[2025-08-14T10:57:15.797+0000] {logging_mixin.py:150} INFO - [2025-08-14T10:57:15.797+0000] {dagbag.py:541} INFO - Filling up the DagBag from /home/vscode/.local/lib/python3.10/site-packages/airflow/example_dags/tutorial_dag.py
[2025-08-14T10:57:15.801+0000] {processor.py:836} INFO - DAG(s) dict_keys(['tutorial_dag']) retrieved from /home/vscode/.local/lib/python3.10/site-packages/airflow/example_dags/tutorial_dag.py
[2025-08-14T10:57:15.813+0000] {logging_mixin.py:150} INFO - [2025-08-14T10:57:15.813+0000] {dag.py:2742} INFO - Sync 1 DAGs
[2025-08-14T10:57:15.826+0000] {logging_mixin.py:150} INFO - [2025-08-14T10:57:15.826+0000] {dag.py:3504} INFO - Setting next_dagrun for tutorial_dag to None, run_after=None
[2025-08-14T10:57:15.842+0000] {processor.py:179} INFO - Processing /home/vscode/.local/lib/python3.10/site-packages/airflow/example_dags/tutorial_dag.py took 0.048 seconds
[2025-08-14T10:58:02.751+0000] {processor.py:157} INFO - Started process (PID=39148) to work on /home/vscode/.local/lib/python3.10/site-packages/airflow/example_dags/tutorial_dag.py
[2025-08-14T10:58:02.752+0000] {processor.py:826} INFO - Processing file /home/vscode/.local/lib/python3.10/site-packages/airflow/example_dags/tutorial_dag.py for tasks to queue
[2025-08-14T10:58:02.753+0000] {logging_mixin.py:150} INFO - [2025-08-14T10:58:02.752+0000] {dagbag.py:541} INFO - Filling up the DagBag from /home/vscode/.local/lib/python3.10/site-packages/airflow/example_dags/tutorial_dag.py
[2025-08-14T10:58:02.757+0000] {processor.py:836} INFO - DAG(s) dict_keys(['tutorial_dag']) retrieved from /home/vscode/.local/lib/python3.10/site-packages/airflow/example_dags/tutorial_dag.py
[2025-08-14T10:58:02.769+0000] {logging_mixin.py:150} INFO - [2025-08-14T10:58:02.769+0000] {dag.py:2742} INFO - Sync 1 DAGs
[2025-08-14T10:58:02.784+0000] {logging_mixin.py:150} INFO - [2025-08-14T10:58:02.784+0000] {dag.py:3504} INFO - Setting next_dagrun for tutorial_dag to None, run_after=None
[2025-08-14T10:58:02.799+0000] {processor.py:179} INFO - Processing /home/vscode/.local/lib/python3.10/site-packages/airflow/example_dags/tutorial_dag.py took 0.050 seconds
[2025-08-14T10:58:49.224+0000] {processor.py:157} INFO - Started process (PID=39586) to work on /home/vscode/.local/lib/python3.10/site-packages/airflow/example_dags/tutorial_dag.py
[2025-08-14T10:58:49.224+0000] {processor.py:826} INFO - Processing file /home/vscode/.local/lib/python3.10/site-packages/airflow/example_dags/tutorial_dag.py for tasks to queue
[2025-08-14T10:58:49.225+0000] {logging_mixin.py:150} INFO - [2025-08-14T10:58:49.225+0000] {dagbag.py:541} INFO - Filling up the DagBag from /home/vscode/.local/lib/python3.10/site-packages/airflow/example_dags/tutorial_dag.py
[2025-08-14T10:58:49.230+0000] {processor.py:836} INFO - DAG(s) dict_keys(['tutorial_dag']) retrieved from /home/vscode/.local/lib/python3.10/site-packages/airflow/example_dags/tutorial_dag.py
[2025-08-14T10:58:49.248+0000] {logging_mixin.py:150} INFO - [2025-08-14T10:58:49.248+0000] {dag.py:2742} INFO - Sync 1 DAGs
[2025-08-14T10:58:49.269+0000] {logging_mixin.py:150} INFO - [2025-08-14T10:58:49.268+0000] {dag.py:3504} INFO - Setting next_dagrun for tutorial_dag to None, run_after=None
[2025-08-14T10:58:49.290+0000] {processor.py:179} INFO - Processing /home/vscode/.local/lib/python3.10/site-packages/airflow/example_dags/tutorial_dag.py took 0.069 seconds
[2025-08-14T10:59:35.695+0000] {processor.py:157} INFO - Started process (PID=40035) to work on /home/vscode/.local/lib/python3.10/site-packages/airflow/example_dags/tutorial_dag.py
[2025-08-14T10:59:35.696+0000] {processor.py:826} INFO - Processing file /home/vscode/.local/lib/python3.10/site-packages/airflow/example_dags/tutorial_dag.py for tasks to queue
[2025-08-14T10:59:35.697+0000] {logging_mixin.py:150} INFO - [2025-08-14T10:59:35.697+0000] {dagbag.py:541} INFO - Filling up the DagBag from /home/vscode/.local/lib/python3.10/site-packages/airflow/example_dags/tutorial_dag.py
[2025-08-14T10:59:35.701+0000] {processor.py:836} INFO - DAG(s) dict_keys(['tutorial_dag']) retrieved from /home/vscode/.local/lib/python3.10/site-packages/airflow/example_dags/tutorial_dag.py
[2025-08-14T10:59:35.712+0000] {logging_mixin.py:150} INFO - [2025-08-14T10:59:35.712+0000] {dag.py:2742} INFO - Sync 1 DAGs
[2025-08-14T10:59:35.726+0000] {logging_mixin.py:150} INFO - [2025-08-14T10:59:35.725+0000] {dag.py:3504} INFO - Setting next_dagrun for tutorial_dag to None, run_after=None
[2025-08-14T10:59:35.741+0000] {processor.py:179} INFO - Processing /home/vscode/.local/lib/python3.10/site-packages/airflow/example_dags/tutorial_dag.py took 0.047 seconds
[2025-08-14T11:00:23.030+0000] {processor.py:157} INFO - Started process (PID=40485) to work on /home/vscode/.local/lib/python3.10/site-packages/airflow/example_dags/tutorial_dag.py
[2025-08-14T11:00:23.031+0000] {processor.py:826} INFO - Processing file /home/vscode/.local/lib/python3.10/site-packages/airflow/example_dags/tutorial_dag.py for tasks to queue
[2025-08-14T11:00:23.032+0000] {logging_mixin.py:150} INFO - [2025-08-14T11:00:23.031+0000] {dagbag.py:541} INFO - Filling up the DagBag from /home/vscode/.local/lib/python3.10/site-packages/airflow/example_dags/tutorial_dag.py
[2025-08-14T11:00:23.035+0000] {processor.py:836} INFO - DAG(s) dict_keys(['tutorial_dag']) retrieved from /home/vscode/.local/lib/python3.10/site-packages/airflow/example_dags/tutorial_dag.py
[2025-08-14T11:00:23.047+0000] {logging_mixin.py:150} INFO - [2025-08-14T11:00:23.047+0000] {dag.py:2742} INFO - Sync 1 DAGs
[2025-08-14T11:00:23.061+0000] {logging_mixin.py:150} INFO - [2025-08-14T11:00:23.060+0000] {dag.py:3504} INFO - Setting next_dagrun for tutorial_dag to None, run_after=None
[2025-08-14T11:00:23.076+0000] {processor.py:179} INFO - Processing /home/vscode/.local/lib/python3.10/site-packages/airflow/example_dags/tutorial_dag.py took 0.048 seconds
[2025-08-14T11:01:09.294+0000] {processor.py:157} INFO - Started process (PID=40927) to work on /home/vscode/.local/lib/python3.10/site-packages/airflow/example_dags/tutorial_dag.py
[2025-08-14T11:01:09.295+0000] {processor.py:826} INFO - Processing file /home/vscode/.local/lib/python3.10/site-packages/airflow/example_dags/tutorial_dag.py for tasks to queue
[2025-08-14T11:01:09.296+0000] {logging_mixin.py:150} INFO - [2025-08-14T11:01:09.295+0000] {dagbag.py:541} INFO - Filling up the DagBag from /home/vscode/.local/lib/python3.10/site-packages/airflow/example_dags/tutorial_dag.py
[2025-08-14T11:01:09.299+0000] {processor.py:836} INFO - DAG(s) dict_keys(['tutorial_dag']) retrieved from /home/vscode/.local/lib/python3.10/site-packages/airflow/example_dags/tutorial_dag.py
[2025-08-14T11:01:09.311+0000] {logging_mixin.py:150} INFO - [2025-08-14T11:01:09.311+0000] {dag.py:2742} INFO - Sync 1 DAGs
[2025-08-14T11:01:09.332+0000] {logging_mixin.py:150} INFO - [2025-08-14T11:01:09.331+0000] {dag.py:3504} INFO - Setting next_dagrun for tutorial_dag to None, run_after=None
[2025-08-14T11:01:09.353+0000] {processor.py:179} INFO - Processing /home/vscode/.local/lib/python3.10/site-packages/airflow/example_dags/tutorial_dag.py took 0.061 seconds
[2025-08-14T11:01:44.106+0000] {processor.py:157} INFO - Started process (PID=41260) to work on /home/vscode/.local/lib/python3.10/site-packages/airflow/example_dags/tutorial_dag.py
[2025-08-14T11:01:44.106+0000] {processor.py:826} INFO - Processing file /home/vscode/.local/lib/python3.10/site-packages/airflow/example_dags/tutorial_dag.py for tasks to queue
[2025-08-14T11:01:44.107+0000] {logging_mixin.py:150} INFO - [2025-08-14T11:01:44.107+0000] {dagbag.py:541} INFO - Filling up the DagBag from /home/vscode/.local/lib/python3.10/site-packages/airflow/example_dags/tutorial_dag.py
[2025-08-14T11:01:44.111+0000] {processor.py:836} INFO - DAG(s) dict_keys(['tutorial_dag']) retrieved from /home/vscode/.local/lib/python3.10/site-packages/airflow/example_dags/tutorial_dag.py
[2025-08-14T11:01:44.122+0000] {logging_mixin.py:150} INFO - [2025-08-14T11:01:44.122+0000] {dag.py:2742} INFO - Sync 1 DAGs
[2025-08-14T11:01:44.136+0000] {logging_mixin.py:150} INFO - [2025-08-14T11:01:44.136+0000] {dag.py:3504} INFO - Setting next_dagrun for tutorial_dag to None, run_after=None
[2025-08-14T11:01:44.152+0000] {processor.py:179} INFO - Processing /home/vscode/.local/lib/python3.10/site-packages/airflow/example_dags/tutorial_dag.py took 0.049 seconds
[2025-08-14T11:02:30.169+0000] {processor.py:157} INFO - Started process (PID=41701) to work on /home/vscode/.local/lib/python3.10/site-packages/airflow/example_dags/tutorial_dag.py
[2025-08-14T11:02:30.170+0000] {processor.py:826} INFO - Processing file /home/vscode/.local/lib/python3.10/site-packages/airflow/example_dags/tutorial_dag.py for tasks to queue
[2025-08-14T11:02:30.170+0000] {logging_mixin.py:150} INFO - [2025-08-14T11:02:30.170+0000] {dagbag.py:541} INFO - Filling up the DagBag from /home/vscode/.local/lib/python3.10/site-packages/airflow/example_dags/tutorial_dag.py
[2025-08-14T11:02:30.174+0000] {processor.py:836} INFO - DAG(s) dict_keys(['tutorial_dag']) retrieved from /home/vscode/.local/lib/python3.10/site-packages/airflow/example_dags/tutorial_dag.py
[2025-08-14T11:02:30.185+0000] {logging_mixin.py:150} INFO - [2025-08-14T11:02:30.185+0000] {dag.py:2742} INFO - Sync 1 DAGs
[2025-08-14T11:02:30.199+0000] {logging_mixin.py:150} INFO - [2025-08-14T11:02:30.199+0000] {dag.py:3504} INFO - Setting next_dagrun for tutorial_dag to None, run_after=None
[2025-08-14T11:02:30.214+0000] {processor.py:179} INFO - Processing /home/vscode/.local/lib/python3.10/site-packages/airflow/example_dags/tutorial_dag.py took 0.048 seconds
[2025-08-14T11:03:15.765+0000] {processor.py:157} INFO - Started process (PID=42137) to work on /home/vscode/.local/lib/python3.10/site-packages/airflow/example_dags/tutorial_dag.py
[2025-08-14T11:03:15.766+0000] {processor.py:826} INFO - Processing file /home/vscode/.local/lib/python3.10/site-packages/airflow/example_dags/tutorial_dag.py for tasks to queue
[2025-08-14T11:03:15.767+0000] {logging_mixin.py:150} INFO - [2025-08-14T11:03:15.766+0000] {dagbag.py:541} INFO - Filling up the DagBag from /home/vscode/.local/lib/python3.10/site-packages/airflow/example_dags/tutorial_dag.py
[2025-08-14T11:03:15.771+0000] {processor.py:836} INFO - DAG(s) dict_keys(['tutorial_dag']) retrieved from /home/vscode/.local/lib/python3.10/site-packages/airflow/example_dags/tutorial_dag.py
[2025-08-14T11:03:15.782+0000] {logging_mixin.py:150} INFO - [2025-08-14T11:03:15.782+0000] {dag.py:2742} INFO - Sync 1 DAGs
[2025-08-14T11:03:15.796+0000] {logging_mixin.py:150} INFO - [2025-08-14T11:03:15.796+0000] {dag.py:3504} INFO - Setting next_dagrun for tutorial_dag to None, run_after=None
[2025-08-14T11:03:15.811+0000] {processor.py:179} INFO - Processing /home/vscode/.local/lib/python3.10/site-packages/airflow/example_dags/tutorial_dag.py took 0.047 seconds
[2025-08-14T11:03:59.942+0000] {processor.py:157} INFO - Started process (PID=42559) to work on /home/vscode/.local/lib/python3.10/site-packages/airflow/example_dags/tutorial_dag.py
[2025-08-14T11:03:59.943+0000] {processor.py:826} INFO - Processing file /home/vscode/.local/lib/python3.10/site-packages/airflow/example_dags/tutorial_dag.py for tasks to queue
[2025-08-14T11:03:59.943+0000] {logging_mixin.py:150} INFO - [2025-08-14T11:03:59.943+0000] {dagbag.py:541} INFO - Filling up the DagBag from /home/vscode/.local/lib/python3.10/site-packages/airflow/example_dags/tutorial_dag.py
[2025-08-14T11:03:59.947+0000] {processor.py:836} INFO - DAG(s) dict_keys(['tutorial_dag']) retrieved from /home/vscode/.local/lib/python3.10/site-packages/airflow/example_dags/tutorial_dag.py
[2025-08-14T11:03:59.960+0000] {logging_mixin.py:150} INFO - [2025-08-14T11:03:59.960+0000] {dag.py:2742} INFO - Sync 1 DAGs
[2025-08-14T11:03:59.979+0000] {logging_mixin.py:150} INFO - [2025-08-14T11:03:59.979+0000] {dag.py:3504} INFO - Setting next_dagrun for tutorial_dag to None, run_after=None
[2025-08-14T11:04:00.001+0000] {processor.py:179} INFO - Processing /home/vscode/.local/lib/python3.10/site-packages/airflow/example_dags/tutorial_dag.py took 0.060 seconds
[2025-08-14T11:04:34.550+0000] {processor.py:157} INFO - Started process (PID=42897) to work on /home/vscode/.local/lib/python3.10/site-packages/airflow/example_dags/tutorial_dag.py
[2025-08-14T11:04:34.551+0000] {processor.py:826} INFO - Processing file /home/vscode/.local/lib/python3.10/site-packages/airflow/example_dags/tutorial_dag.py for tasks to queue
[2025-08-14T11:04:34.552+0000] {logging_mixin.py:150} INFO - [2025-08-14T11:04:34.551+0000] {dagbag.py:541} INFO - Filling up the DagBag from /home/vscode/.local/lib/python3.10/site-packages/airflow/example_dags/tutorial_dag.py
[2025-08-14T11:04:34.556+0000] {processor.py:836} INFO - DAG(s) dict_keys(['tutorial_dag']) retrieved from /home/vscode/.local/lib/python3.10/site-packages/airflow/example_dags/tutorial_dag.py
[2025-08-14T11:04:34.567+0000] {logging_mixin.py:150} INFO - [2025-08-14T11:04:34.567+0000] {dag.py:2742} INFO - Sync 1 DAGs
[2025-08-14T11:04:34.581+0000] {logging_mixin.py:150} INFO - [2025-08-14T11:04:34.581+0000] {dag.py:3504} INFO - Setting next_dagrun for tutorial_dag to None, run_after=None
[2025-08-14T11:04:34.595+0000] {processor.py:179} INFO - Processing /home/vscode/.local/lib/python3.10/site-packages/airflow/example_dags/tutorial_dag.py took 0.047 seconds
[2025-08-14T11:05:08.256+0000] {processor.py:157} INFO - Started process (PID=43219) to work on /home/vscode/.local/lib/python3.10/site-packages/airflow/example_dags/tutorial_dag.py
[2025-08-14T11:05:08.256+0000] {processor.py:826} INFO - Processing file /home/vscode/.local/lib/python3.10/site-packages/airflow/example_dags/tutorial_dag.py for tasks to queue
[2025-08-14T11:05:08.257+0000] {logging_mixin.py:150} INFO - [2025-08-14T11:05:08.257+0000] {dagbag.py:541} INFO - Filling up the DagBag from /home/vscode/.local/lib/python3.10/site-packages/airflow/example_dags/tutorial_dag.py
[2025-08-14T11:05:08.262+0000] {processor.py:836} INFO - DAG(s) dict_keys(['tutorial_dag']) retrieved from /home/vscode/.local/lib/python3.10/site-packages/airflow/example_dags/tutorial_dag.py
[2025-08-14T11:05:08.275+0000] {logging_mixin.py:150} INFO - [2025-08-14T11:05:08.275+0000] {dag.py:2742} INFO - Sync 1 DAGs
[2025-08-14T11:05:08.290+0000] {logging_mixin.py:150} INFO - [2025-08-14T11:05:08.290+0000] {dag.py:3504} INFO - Setting next_dagrun for tutorial_dag to None, run_after=None
[2025-08-14T11:05:08.306+0000] {processor.py:179} INFO - Processing /home/vscode/.local/lib/python3.10/site-packages/airflow/example_dags/tutorial_dag.py took 0.054 seconds
[2025-08-14T11:05:51.410+0000] {processor.py:157} INFO - Started process (PID=43633) to work on /home/vscode/.local/lib/python3.10/site-packages/airflow/example_dags/tutorial_dag.py
[2025-08-14T11:05:51.411+0000] {processor.py:826} INFO - Processing file /home/vscode/.local/lib/python3.10/site-packages/airflow/example_dags/tutorial_dag.py for tasks to queue
[2025-08-14T11:05:51.411+0000] {logging_mixin.py:150} INFO - [2025-08-14T11:05:51.411+0000] {dagbag.py:541} INFO - Filling up the DagBag from /home/vscode/.local/lib/python3.10/site-packages/airflow/example_dags/tutorial_dag.py
[2025-08-14T11:05:51.416+0000] {processor.py:836} INFO - DAG(s) dict_keys(['tutorial_dag']) retrieved from /home/vscode/.local/lib/python3.10/site-packages/airflow/example_dags/tutorial_dag.py
[2025-08-14T11:05:51.428+0000] {logging_mixin.py:150} INFO - [2025-08-14T11:05:51.428+0000] {dag.py:2742} INFO - Sync 1 DAGs
[2025-08-14T11:05:51.442+0000] {logging_mixin.py:150} INFO - [2025-08-14T11:05:51.442+0000] {dag.py:3504} INFO - Setting next_dagrun for tutorial_dag to None, run_after=None
[2025-08-14T11:05:51.458+0000] {processor.py:179} INFO - Processing /home/vscode/.local/lib/python3.10/site-packages/airflow/example_dags/tutorial_dag.py took 0.050 seconds
[2025-08-14T11:06:35.441+0000] {processor.py:157} INFO - Started process (PID=44055) to work on /home/vscode/.local/lib/python3.10/site-packages/airflow/example_dags/tutorial_dag.py
[2025-08-14T11:06:35.442+0000] {processor.py:826} INFO - Processing file /home/vscode/.local/lib/python3.10/site-packages/airflow/example_dags/tutorial_dag.py for tasks to queue
[2025-08-14T11:06:35.443+0000] {logging_mixin.py:150} INFO - [2025-08-14T11:06:35.442+0000] {dagbag.py:541} INFO - Filling up the DagBag from /home/vscode/.local/lib/python3.10/site-packages/airflow/example_dags/tutorial_dag.py
[2025-08-14T11:06:35.447+0000] {processor.py:836} INFO - DAG(s) dict_keys(['tutorial_dag']) retrieved from /home/vscode/.local/lib/python3.10/site-packages/airflow/example_dags/tutorial_dag.py
[2025-08-14T11:06:35.458+0000] {logging_mixin.py:150} INFO - [2025-08-14T11:06:35.458+0000] {dag.py:2742} INFO - Sync 1 DAGs
[2025-08-14T11:06:35.472+0000] {logging_mixin.py:150} INFO - [2025-08-14T11:06:35.472+0000] {dag.py:3504} INFO - Setting next_dagrun for tutorial_dag to None, run_after=None
[2025-08-14T11:06:35.488+0000] {processor.py:179} INFO - Processing /home/vscode/.local/lib/python3.10/site-packages/airflow/example_dags/tutorial_dag.py took 0.049 seconds
[2025-08-14T11:07:07.436+0000] {processor.py:157} INFO - Started process (PID=44364) to work on /home/vscode/.local/lib/python3.10/site-packages/airflow/example_dags/tutorial_dag.py
[2025-08-14T11:07:07.437+0000] {processor.py:826} INFO - Processing file /home/vscode/.local/lib/python3.10/site-packages/airflow/example_dags/tutorial_dag.py for tasks to queue
[2025-08-14T11:07:07.437+0000] {logging_mixin.py:150} INFO - [2025-08-14T11:07:07.437+0000] {dagbag.py:541} INFO - Filling up the DagBag from /home/vscode/.local/lib/python3.10/site-packages/airflow/example_dags/tutorial_dag.py
[2025-08-14T11:07:07.441+0000] {processor.py:836} INFO - DAG(s) dict_keys(['tutorial_dag']) retrieved from /home/vscode/.local/lib/python3.10/site-packages/airflow/example_dags/tutorial_dag.py
[2025-08-14T11:07:07.453+0000] {logging_mixin.py:150} INFO - [2025-08-14T11:07:07.453+0000] {dag.py:2742} INFO - Sync 1 DAGs
[2025-08-14T11:07:07.467+0000] {logging_mixin.py:150} INFO - [2025-08-14T11:07:07.467+0000] {dag.py:3504} INFO - Setting next_dagrun for tutorial_dag to None, run_after=None
[2025-08-14T11:07:07.481+0000] {processor.py:179} INFO - Processing /home/vscode/.local/lib/python3.10/site-packages/airflow/example_dags/tutorial_dag.py took 0.048 seconds
[2025-08-14T11:07:51.488+0000] {processor.py:157} INFO - Started process (PID=44779) to work on /home/vscode/.local/lib/python3.10/site-packages/airflow/example_dags/tutorial_dag.py
[2025-08-14T11:07:51.489+0000] {processor.py:826} INFO - Processing file /home/vscode/.local/lib/python3.10/site-packages/airflow/example_dags/tutorial_dag.py for tasks to queue
[2025-08-14T11:07:51.489+0000] {logging_mixin.py:150} INFO - [2025-08-14T11:07:51.489+0000] {dagbag.py:541} INFO - Filling up the DagBag from /home/vscode/.local/lib/python3.10/site-packages/airflow/example_dags/tutorial_dag.py
[2025-08-14T11:07:51.493+0000] {processor.py:836} INFO - DAG(s) dict_keys(['tutorial_dag']) retrieved from /home/vscode/.local/lib/python3.10/site-packages/airflow/example_dags/tutorial_dag.py
[2025-08-14T11:07:51.505+0000] {logging_mixin.py:150} INFO - [2025-08-14T11:07:51.505+0000] {dag.py:2742} INFO - Sync 1 DAGs
[2025-08-14T11:07:51.518+0000] {logging_mixin.py:150} INFO - [2025-08-14T11:07:51.518+0000] {dag.py:3504} INFO - Setting next_dagrun for tutorial_dag to None, run_after=None
[2025-08-14T11:07:51.534+0000] {processor.py:179} INFO - Processing /home/vscode/.local/lib/python3.10/site-packages/airflow/example_dags/tutorial_dag.py took 0.048 seconds
[2025-08-14T11:08:35.907+0000] {processor.py:157} INFO - Started process (PID=45212) to work on /home/vscode/.local/lib/python3.10/site-packages/airflow/example_dags/tutorial_dag.py
[2025-08-14T11:08:35.908+0000] {processor.py:826} INFO - Processing file /home/vscode/.local/lib/python3.10/site-packages/airflow/example_dags/tutorial_dag.py for tasks to queue
[2025-08-14T11:08:35.909+0000] {logging_mixin.py:150} INFO - [2025-08-14T11:08:35.909+0000] {dagbag.py:541} INFO - Filling up the DagBag from /home/vscode/.local/lib/python3.10/site-packages/airflow/example_dags/tutorial_dag.py
[2025-08-14T11:08:35.912+0000] {processor.py:836} INFO - DAG(s) dict_keys(['tutorial_dag']) retrieved from /home/vscode/.local/lib/python3.10/site-packages/airflow/example_dags/tutorial_dag.py
[2025-08-14T11:08:35.925+0000] {logging_mixin.py:150} INFO - [2025-08-14T11:08:35.925+0000] {dag.py:2742} INFO - Sync 1 DAGs
[2025-08-14T11:08:35.941+0000] {logging_mixin.py:150} INFO - [2025-08-14T11:08:35.941+0000] {dag.py:3504} INFO - Setting next_dagrun for tutorial_dag to None, run_after=None
[2025-08-14T11:08:35.956+0000] {processor.py:179} INFO - Processing /home/vscode/.local/lib/python3.10/site-packages/airflow/example_dags/tutorial_dag.py took 0.050 seconds
[2025-08-14T11:09:10.316+0000] {processor.py:157} INFO - Started process (PID=45534) to work on /home/vscode/.local/lib/python3.10/site-packages/airflow/example_dags/tutorial_dag.py
[2025-08-14T11:09:10.316+0000] {processor.py:826} INFO - Processing file /home/vscode/.local/lib/python3.10/site-packages/airflow/example_dags/tutorial_dag.py for tasks to queue
[2025-08-14T11:09:10.317+0000] {logging_mixin.py:150} INFO - [2025-08-14T11:09:10.317+0000] {dagbag.py:541} INFO - Filling up the DagBag from /home/vscode/.local/lib/python3.10/site-packages/airflow/example_dags/tutorial_dag.py
[2025-08-14T11:09:10.321+0000] {processor.py:836} INFO - DAG(s) dict_keys(['tutorial_dag']) retrieved from /home/vscode/.local/lib/python3.10/site-packages/airflow/example_dags/tutorial_dag.py
[2025-08-14T11:09:10.333+0000] {logging_mixin.py:150} INFO - [2025-08-14T11:09:10.333+0000] {dag.py:2742} INFO - Sync 1 DAGs
[2025-08-14T11:09:10.350+0000] {logging_mixin.py:150} INFO - [2025-08-14T11:09:10.350+0000] {dag.py:3504} INFO - Setting next_dagrun for tutorial_dag to None, run_after=None
[2025-08-14T11:09:10.367+0000] {processor.py:179} INFO - Processing /home/vscode/.local/lib/python3.10/site-packages/airflow/example_dags/tutorial_dag.py took 0.053 seconds
[2025-08-14T11:09:45.612+0000] {processor.py:157} INFO - Started process (PID=45871) to work on /home/vscode/.local/lib/python3.10/site-packages/airflow/example_dags/tutorial_dag.py
[2025-08-14T11:09:45.613+0000] {processor.py:826} INFO - Processing file /home/vscode/.local/lib/python3.10/site-packages/airflow/example_dags/tutorial_dag.py for tasks to queue
[2025-08-14T11:09:45.614+0000] {logging_mixin.py:150} INFO - [2025-08-14T11:09:45.613+0000] {dagbag.py:541} INFO - Filling up the DagBag from /home/vscode/.local/lib/python3.10/site-packages/airflow/example_dags/tutorial_dag.py
[2025-08-14T11:09:45.617+0000] {processor.py:836} INFO - DAG(s) dict_keys(['tutorial_dag']) retrieved from /home/vscode/.local/lib/python3.10/site-packages/airflow/example_dags/tutorial_dag.py
[2025-08-14T11:09:45.629+0000] {logging_mixin.py:150} INFO - [2025-08-14T11:09:45.629+0000] {dag.py:2742} INFO - Sync 1 DAGs
[2025-08-14T11:09:45.643+0000] {logging_mixin.py:150} INFO - [2025-08-14T11:09:45.643+0000] {dag.py:3504} INFO - Setting next_dagrun for tutorial_dag to None, run_after=None
[2025-08-14T11:09:45.662+0000] {processor.py:179} INFO - Processing /home/vscode/.local/lib/python3.10/site-packages/airflow/example_dags/tutorial_dag.py took 0.051 seconds
[2025-08-14T11:10:20.455+0000] {processor.py:157} INFO - Started process (PID=46200) to work on /home/vscode/.local/lib/python3.10/site-packages/airflow/example_dags/tutorial_dag.py
[2025-08-14T11:10:20.455+0000] {processor.py:826} INFO - Processing file /home/vscode/.local/lib/python3.10/site-packages/airflow/example_dags/tutorial_dag.py for tasks to queue
[2025-08-14T11:10:20.456+0000] {logging_mixin.py:150} INFO - [2025-08-14T11:10:20.456+0000] {dagbag.py:541} INFO - Filling up the DagBag from /home/vscode/.local/lib/python3.10/site-packages/airflow/example_dags/tutorial_dag.py
[2025-08-14T11:10:20.461+0000] {processor.py:836} INFO - DAG(s) dict_keys(['tutorial_dag']) retrieved from /home/vscode/.local/lib/python3.10/site-packages/airflow/example_dags/tutorial_dag.py
[2025-08-14T11:10:20.473+0000] {logging_mixin.py:150} INFO - [2025-08-14T11:10:20.473+0000] {dag.py:2742} INFO - Sync 1 DAGs
[2025-08-14T11:10:20.487+0000] {logging_mixin.py:150} INFO - [2025-08-14T11:10:20.487+0000] {dag.py:3504} INFO - Setting next_dagrun for tutorial_dag to None, run_after=None
[2025-08-14T11:10:20.501+0000] {processor.py:179} INFO - Processing /home/vscode/.local/lib/python3.10/site-packages/airflow/example_dags/tutorial_dag.py took 0.049 seconds
[2025-08-14T11:11:03.983+0000] {processor.py:157} INFO - Started process (PID=46620) to work on /home/vscode/.local/lib/python3.10/site-packages/airflow/example_dags/tutorial_dag.py
[2025-08-14T11:11:03.983+0000] {processor.py:826} INFO - Processing file /home/vscode/.local/lib/python3.10/site-packages/airflow/example_dags/tutorial_dag.py for tasks to queue
[2025-08-14T11:11:03.984+0000] {logging_mixin.py:150} INFO - [2025-08-14T11:11:03.984+0000] {dagbag.py:541} INFO - Filling up the DagBag from /home/vscode/.local/lib/python3.10/site-packages/airflow/example_dags/tutorial_dag.py
[2025-08-14T11:11:03.988+0000] {processor.py:836} INFO - DAG(s) dict_keys(['tutorial_dag']) retrieved from /home/vscode/.local/lib/python3.10/site-packages/airflow/example_dags/tutorial_dag.py
[2025-08-14T11:11:03.999+0000] {logging_mixin.py:150} INFO - [2025-08-14T11:11:03.999+0000] {dag.py:2742} INFO - Sync 1 DAGs
[2025-08-14T11:11:04.014+0000] {logging_mixin.py:150} INFO - [2025-08-14T11:11:04.013+0000] {dag.py:3504} INFO - Setting next_dagrun for tutorial_dag to None, run_after=None
[2025-08-14T11:11:04.029+0000] {processor.py:179} INFO - Processing /home/vscode/.local/lib/python3.10/site-packages/airflow/example_dags/tutorial_dag.py took 0.048 seconds
[2025-08-14T11:11:45.616+0000] {processor.py:157} INFO - Started process (PID=47024) to work on /home/vscode/.local/lib/python3.10/site-packages/airflow/example_dags/tutorial_dag.py
[2025-08-14T11:11:45.617+0000] {processor.py:826} INFO - Processing file /home/vscode/.local/lib/python3.10/site-packages/airflow/example_dags/tutorial_dag.py for tasks to queue
[2025-08-14T11:11:45.617+0000] {logging_mixin.py:150} INFO - [2025-08-14T11:11:45.617+0000] {dagbag.py:541} INFO - Filling up the DagBag from /home/vscode/.local/lib/python3.10/site-packages/airflow/example_dags/tutorial_dag.py
[2025-08-14T11:11:45.621+0000] {processor.py:836} INFO - DAG(s) dict_keys(['tutorial_dag']) retrieved from /home/vscode/.local/lib/python3.10/site-packages/airflow/example_dags/tutorial_dag.py
[2025-08-14T11:11:45.632+0000] {logging_mixin.py:150} INFO - [2025-08-14T11:11:45.632+0000] {dag.py:2742} INFO - Sync 1 DAGs
[2025-08-14T11:11:45.649+0000] {logging_mixin.py:150} INFO - [2025-08-14T11:11:45.649+0000] {dag.py:3504} INFO - Setting next_dagrun for tutorial_dag to None, run_after=None
[2025-08-14T11:11:45.665+0000] {processor.py:179} INFO - Processing /home/vscode/.local/lib/python3.10/site-packages/airflow/example_dags/tutorial_dag.py took 0.051 seconds
[2025-08-14T11:12:27.191+0000] {processor.py:157} INFO - Started process (PID=47421) to work on /home/vscode/.local/lib/python3.10/site-packages/airflow/example_dags/tutorial_dag.py
[2025-08-14T11:12:27.191+0000] {processor.py:826} INFO - Processing file /home/vscode/.local/lib/python3.10/site-packages/airflow/example_dags/tutorial_dag.py for tasks to queue
[2025-08-14T11:12:27.192+0000] {logging_mixin.py:150} INFO - [2025-08-14T11:12:27.192+0000] {dagbag.py:541} INFO - Filling up the DagBag from /home/vscode/.local/lib/python3.10/site-packages/airflow/example_dags/tutorial_dag.py
[2025-08-14T11:12:27.197+0000] {processor.py:836} INFO - DAG(s) dict_keys(['tutorial_dag']) retrieved from /home/vscode/.local/lib/python3.10/site-packages/airflow/example_dags/tutorial_dag.py
[2025-08-14T11:12:27.214+0000] {logging_mixin.py:150} INFO - [2025-08-14T11:12:27.214+0000] {dag.py:2742} INFO - Sync 1 DAGs
[2025-08-14T11:12:27.235+0000] {logging_mixin.py:150} INFO - [2025-08-14T11:12:27.235+0000] {dag.py:3504} INFO - Setting next_dagrun for tutorial_dag to None, run_after=None
[2025-08-14T11:12:27.252+0000] {processor.py:179} INFO - Processing /home/vscode/.local/lib/python3.10/site-packages/airflow/example_dags/tutorial_dag.py took 0.063 seconds
[2025-08-14T11:13:01.194+0000] {processor.py:157} INFO - Started process (PID=47748) to work on /home/vscode/.local/lib/python3.10/site-packages/airflow/example_dags/tutorial_dag.py
[2025-08-14T11:13:01.195+0000] {processor.py:826} INFO - Processing file /home/vscode/.local/lib/python3.10/site-packages/airflow/example_dags/tutorial_dag.py for tasks to queue
[2025-08-14T11:13:01.196+0000] {logging_mixin.py:150} INFO - [2025-08-14T11:13:01.195+0000] {dagbag.py:541} INFO - Filling up the DagBag from /home/vscode/.local/lib/python3.10/site-packages/airflow/example_dags/tutorial_dag.py
[2025-08-14T11:13:01.200+0000] {processor.py:836} INFO - DAG(s) dict_keys(['tutorial_dag']) retrieved from /home/vscode/.local/lib/python3.10/site-packages/airflow/example_dags/tutorial_dag.py
[2025-08-14T11:13:01.212+0000] {logging_mixin.py:150} INFO - [2025-08-14T11:13:01.212+0000] {dag.py:2742} INFO - Sync 1 DAGs
[2025-08-14T11:13:01.227+0000] {logging_mixin.py:150} INFO - [2025-08-14T11:13:01.227+0000] {dag.py:3504} INFO - Setting next_dagrun for tutorial_dag to None, run_after=None
[2025-08-14T11:13:01.244+0000] {processor.py:179} INFO - Processing /home/vscode/.local/lib/python3.10/site-packages/airflow/example_dags/tutorial_dag.py took 0.052 seconds
[2025-08-14T11:13:33.720+0000] {processor.py:157} INFO - Started process (PID=48052) to work on /home/vscode/.local/lib/python3.10/site-packages/airflow/example_dags/tutorial_dag.py
[2025-08-14T11:13:33.720+0000] {processor.py:826} INFO - Processing file /home/vscode/.local/lib/python3.10/site-packages/airflow/example_dags/tutorial_dag.py for tasks to queue
[2025-08-14T11:13:33.721+0000] {logging_mixin.py:150} INFO - [2025-08-14T11:13:33.721+0000] {dagbag.py:541} INFO - Filling up the DagBag from /home/vscode/.local/lib/python3.10/site-packages/airflow/example_dags/tutorial_dag.py
[2025-08-14T11:13:33.725+0000] {processor.py:836} INFO - DAG(s) dict_keys(['tutorial_dag']) retrieved from /home/vscode/.local/lib/python3.10/site-packages/airflow/example_dags/tutorial_dag.py
[2025-08-14T11:13:33.737+0000] {logging_mixin.py:150} INFO - [2025-08-14T11:13:33.737+0000] {dag.py:2742} INFO - Sync 1 DAGs
[2025-08-14T11:13:33.751+0000] {logging_mixin.py:150} INFO - [2025-08-14T11:13:33.751+0000] {dag.py:3504} INFO - Setting next_dagrun for tutorial_dag to None, run_after=None
[2025-08-14T11:13:33.771+0000] {processor.py:179} INFO - Processing /home/vscode/.local/lib/python3.10/site-packages/airflow/example_dags/tutorial_dag.py took 0.053 seconds
[2025-08-14T11:14:07.851+0000] {processor.py:157} INFO - Started process (PID=48380) to work on /home/vscode/.local/lib/python3.10/site-packages/airflow/example_dags/tutorial_dag.py
[2025-08-14T11:14:07.852+0000] {processor.py:826} INFO - Processing file /home/vscode/.local/lib/python3.10/site-packages/airflow/example_dags/tutorial_dag.py for tasks to queue
[2025-08-14T11:14:07.853+0000] {logging_mixin.py:150} INFO - [2025-08-14T11:14:07.852+0000] {dagbag.py:541} INFO - Filling up the DagBag from /home/vscode/.local/lib/python3.10/site-packages/airflow/example_dags/tutorial_dag.py
[2025-08-14T11:14:07.856+0000] {processor.py:836} INFO - DAG(s) dict_keys(['tutorial_dag']) retrieved from /home/vscode/.local/lib/python3.10/site-packages/airflow/example_dags/tutorial_dag.py
[2025-08-14T11:14:07.869+0000] {logging_mixin.py:150} INFO - [2025-08-14T11:14:07.869+0000] {dag.py:2742} INFO - Sync 1 DAGs
[2025-08-14T11:14:07.892+0000] {logging_mixin.py:150} INFO - [2025-08-14T11:14:07.892+0000] {dag.py:3504} INFO - Setting next_dagrun for tutorial_dag to None, run_after=None
[2025-08-14T11:14:07.907+0000] {processor.py:179} INFO - Processing /home/vscode/.local/lib/python3.10/site-packages/airflow/example_dags/tutorial_dag.py took 0.058 seconds
[2025-08-14T11:14:54.098+0000] {processor.py:157} INFO - Started process (PID=48821) to work on /home/vscode/.local/lib/python3.10/site-packages/airflow/example_dags/tutorial_dag.py
[2025-08-14T11:14:54.098+0000] {processor.py:826} INFO - Processing file /home/vscode/.local/lib/python3.10/site-packages/airflow/example_dags/tutorial_dag.py for tasks to queue
[2025-08-14T11:14:54.099+0000] {logging_mixin.py:150} INFO - [2025-08-14T11:14:54.099+0000] {dagbag.py:541} INFO - Filling up the DagBag from /home/vscode/.local/lib/python3.10/site-packages/airflow/example_dags/tutorial_dag.py
[2025-08-14T11:14:54.103+0000] {processor.py:836} INFO - DAG(s) dict_keys(['tutorial_dag']) retrieved from /home/vscode/.local/lib/python3.10/site-packages/airflow/example_dags/tutorial_dag.py
[2025-08-14T11:14:54.115+0000] {logging_mixin.py:150} INFO - [2025-08-14T11:14:54.115+0000] {dag.py:2742} INFO - Sync 1 DAGs
[2025-08-14T11:14:54.129+0000] {logging_mixin.py:150} INFO - [2025-08-14T11:14:54.128+0000] {dag.py:3504} INFO - Setting next_dagrun for tutorial_dag to None, run_after=None
[2025-08-14T11:14:54.144+0000] {processor.py:179} INFO - Processing /home/vscode/.local/lib/python3.10/site-packages/airflow/example_dags/tutorial_dag.py took 0.048 seconds
[2025-08-14T11:15:27.477+0000] {processor.py:157} INFO - Started process (PID=49146) to work on /home/vscode/.local/lib/python3.10/site-packages/airflow/example_dags/tutorial_dag.py
[2025-08-14T11:15:27.477+0000] {processor.py:826} INFO - Processing file /home/vscode/.local/lib/python3.10/site-packages/airflow/example_dags/tutorial_dag.py for tasks to queue
[2025-08-14T11:15:27.478+0000] {logging_mixin.py:150} INFO - [2025-08-14T11:15:27.478+0000] {dagbag.py:541} INFO - Filling up the DagBag from /home/vscode/.local/lib/python3.10/site-packages/airflow/example_dags/tutorial_dag.py
[2025-08-14T11:15:27.481+0000] {processor.py:836} INFO - DAG(s) dict_keys(['tutorial_dag']) retrieved from /home/vscode/.local/lib/python3.10/site-packages/airflow/example_dags/tutorial_dag.py
[2025-08-14T11:15:27.493+0000] {logging_mixin.py:150} INFO - [2025-08-14T11:15:27.493+0000] {dag.py:2742} INFO - Sync 1 DAGs
[2025-08-14T11:15:27.507+0000] {logging_mixin.py:150} INFO - [2025-08-14T11:15:27.507+0000] {dag.py:3504} INFO - Setting next_dagrun for tutorial_dag to None, run_after=None
[2025-08-14T11:15:27.523+0000] {processor.py:179} INFO - Processing /home/vscode/.local/lib/python3.10/site-packages/airflow/example_dags/tutorial_dag.py took 0.049 seconds
[2025-08-14T11:16:15.167+0000] {processor.py:157} INFO - Started process (PID=49597) to work on /home/vscode/.local/lib/python3.10/site-packages/airflow/example_dags/tutorial_dag.py
[2025-08-14T11:16:15.168+0000] {processor.py:826} INFO - Processing file /home/vscode/.local/lib/python3.10/site-packages/airflow/example_dags/tutorial_dag.py for tasks to queue
[2025-08-14T11:16:15.168+0000] {logging_mixin.py:150} INFO - [2025-08-14T11:16:15.168+0000] {dagbag.py:541} INFO - Filling up the DagBag from /home/vscode/.local/lib/python3.10/site-packages/airflow/example_dags/tutorial_dag.py
[2025-08-14T11:16:15.172+0000] {processor.py:836} INFO - DAG(s) dict_keys(['tutorial_dag']) retrieved from /home/vscode/.local/lib/python3.10/site-packages/airflow/example_dags/tutorial_dag.py
[2025-08-14T11:16:15.184+0000] {logging_mixin.py:150} INFO - [2025-08-14T11:16:15.183+0000] {dag.py:2742} INFO - Sync 1 DAGs
[2025-08-14T11:16:15.198+0000] {logging_mixin.py:150} INFO - [2025-08-14T11:16:15.197+0000] {dag.py:3504} INFO - Setting next_dagrun for tutorial_dag to None, run_after=None
[2025-08-14T11:16:15.213+0000] {processor.py:179} INFO - Processing /home/vscode/.local/lib/python3.10/site-packages/airflow/example_dags/tutorial_dag.py took 0.048 seconds
[2025-08-14T11:16:46.146+0000] {processor.py:157} INFO - Started process (PID=49889) to work on /home/vscode/.local/lib/python3.10/site-packages/airflow/example_dags/tutorial_dag.py
[2025-08-14T11:16:46.147+0000] {processor.py:826} INFO - Processing file /home/vscode/.local/lib/python3.10/site-packages/airflow/example_dags/tutorial_dag.py for tasks to queue
[2025-08-14T11:16:46.147+0000] {logging_mixin.py:150} INFO - [2025-08-14T11:16:46.147+0000] {dagbag.py:541} INFO - Filling up the DagBag from /home/vscode/.local/lib/python3.10/site-packages/airflow/example_dags/tutorial_dag.py
[2025-08-14T11:16:46.151+0000] {processor.py:836} INFO - DAG(s) dict_keys(['tutorial_dag']) retrieved from /home/vscode/.local/lib/python3.10/site-packages/airflow/example_dags/tutorial_dag.py
[2025-08-14T11:16:46.163+0000] {logging_mixin.py:150} INFO - [2025-08-14T11:16:46.163+0000] {dag.py:2742} INFO - Sync 1 DAGs
[2025-08-14T11:16:46.178+0000] {logging_mixin.py:150} INFO - [2025-08-14T11:16:46.177+0000] {dag.py:3504} INFO - Setting next_dagrun for tutorial_dag to None, run_after=None
[2025-08-14T11:16:46.193+0000] {processor.py:179} INFO - Processing /home/vscode/.local/lib/python3.10/site-packages/airflow/example_dags/tutorial_dag.py took 0.049 seconds
[2025-08-14T11:17:28.256+0000] {processor.py:157} INFO - Started process (PID=50300) to work on /home/vscode/.local/lib/python3.10/site-packages/airflow/example_dags/tutorial_dag.py
[2025-08-14T11:17:28.257+0000] {processor.py:826} INFO - Processing file /home/vscode/.local/lib/python3.10/site-packages/airflow/example_dags/tutorial_dag.py for tasks to queue
[2025-08-14T11:17:28.257+0000] {logging_mixin.py:150} INFO - [2025-08-14T11:17:28.257+0000] {dagbag.py:541} INFO - Filling up the DagBag from /home/vscode/.local/lib/python3.10/site-packages/airflow/example_dags/tutorial_dag.py
[2025-08-14T11:17:28.261+0000] {processor.py:836} INFO - DAG(s) dict_keys(['tutorial_dag']) retrieved from /home/vscode/.local/lib/python3.10/site-packages/airflow/example_dags/tutorial_dag.py
[2025-08-14T11:17:28.275+0000] {logging_mixin.py:150} INFO - [2025-08-14T11:17:28.275+0000] {dag.py:2742} INFO - Sync 1 DAGs
[2025-08-14T11:17:28.289+0000] {logging_mixin.py:150} INFO - [2025-08-14T11:17:28.289+0000] {dag.py:3504} INFO - Setting next_dagrun for tutorial_dag to None, run_after=None
[2025-08-14T11:17:28.305+0000] {processor.py:179} INFO - Processing /home/vscode/.local/lib/python3.10/site-packages/airflow/example_dags/tutorial_dag.py took 0.051 seconds
[2025-08-14T11:18:15.667+0000] {processor.py:157} INFO - Started process (PID=50748) to work on /home/vscode/.local/lib/python3.10/site-packages/airflow/example_dags/tutorial_dag.py
[2025-08-14T11:18:15.668+0000] {processor.py:826} INFO - Processing file /home/vscode/.local/lib/python3.10/site-packages/airflow/example_dags/tutorial_dag.py for tasks to queue
[2025-08-14T11:18:15.669+0000] {logging_mixin.py:150} INFO - [2025-08-14T11:18:15.669+0000] {dagbag.py:541} INFO - Filling up the DagBag from /home/vscode/.local/lib/python3.10/site-packages/airflow/example_dags/tutorial_dag.py
[2025-08-14T11:18:15.675+0000] {processor.py:836} INFO - DAG(s) dict_keys(['tutorial_dag']) retrieved from /home/vscode/.local/lib/python3.10/site-packages/airflow/example_dags/tutorial_dag.py
[2025-08-14T11:18:15.688+0000] {logging_mixin.py:150} INFO - [2025-08-14T11:18:15.687+0000] {dag.py:2742} INFO - Sync 1 DAGs
[2025-08-14T11:18:15.701+0000] {logging_mixin.py:150} INFO - [2025-08-14T11:18:15.701+0000] {dag.py:3504} INFO - Setting next_dagrun for tutorial_dag to None, run_after=None
[2025-08-14T11:18:15.717+0000] {processor.py:179} INFO - Processing /home/vscode/.local/lib/python3.10/site-packages/airflow/example_dags/tutorial_dag.py took 0.053 seconds
[2025-08-14T11:18:57.901+0000] {processor.py:157} INFO - Started process (PID=51156) to work on /home/vscode/.local/lib/python3.10/site-packages/airflow/example_dags/tutorial_dag.py
[2025-08-14T11:18:57.901+0000] {processor.py:826} INFO - Processing file /home/vscode/.local/lib/python3.10/site-packages/airflow/example_dags/tutorial_dag.py for tasks to queue
[2025-08-14T11:18:57.902+0000] {logging_mixin.py:150} INFO - [2025-08-14T11:18:57.902+0000] {dagbag.py:541} INFO - Filling up the DagBag from /home/vscode/.local/lib/python3.10/site-packages/airflow/example_dags/tutorial_dag.py
[2025-08-14T11:18:57.907+0000] {processor.py:836} INFO - DAG(s) dict_keys(['tutorial_dag']) retrieved from /home/vscode/.local/lib/python3.10/site-packages/airflow/example_dags/tutorial_dag.py
[2025-08-14T11:18:57.924+0000] {logging_mixin.py:150} INFO - [2025-08-14T11:18:57.924+0000] {dag.py:2742} INFO - Sync 1 DAGs
[2025-08-14T11:18:57.947+0000] {logging_mixin.py:150} INFO - [2025-08-14T11:18:57.947+0000] {dag.py:3504} INFO - Setting next_dagrun for tutorial_dag to None, run_after=None
[2025-08-14T11:18:57.991+0000] {processor.py:179} INFO - Processing /home/vscode/.local/lib/python3.10/site-packages/airflow/example_dags/tutorial_dag.py took 0.093 seconds
[2025-08-14T11:19:46.887+0000] {processor.py:157} INFO - Started process (PID=51622) to work on /home/vscode/.local/lib/python3.10/site-packages/airflow/example_dags/tutorial_dag.py
[2025-08-14T11:19:46.887+0000] {processor.py:826} INFO - Processing file /home/vscode/.local/lib/python3.10/site-packages/airflow/example_dags/tutorial_dag.py for tasks to queue
[2025-08-14T11:19:46.888+0000] {logging_mixin.py:150} INFO - [2025-08-14T11:19:46.888+0000] {dagbag.py:541} INFO - Filling up the DagBag from /home/vscode/.local/lib/python3.10/site-packages/airflow/example_dags/tutorial_dag.py
[2025-08-14T11:19:46.892+0000] {processor.py:836} INFO - DAG(s) dict_keys(['tutorial_dag']) retrieved from /home/vscode/.local/lib/python3.10/site-packages/airflow/example_dags/tutorial_dag.py
[2025-08-14T11:19:46.905+0000] {logging_mixin.py:150} INFO - [2025-08-14T11:19:46.905+0000] {dag.py:2742} INFO - Sync 1 DAGs
[2025-08-14T11:19:46.920+0000] {logging_mixin.py:150} INFO - [2025-08-14T11:19:46.920+0000] {dag.py:3504} INFO - Setting next_dagrun for tutorial_dag to None, run_after=None
[2025-08-14T11:19:46.935+0000] {processor.py:179} INFO - Processing /home/vscode/.local/lib/python3.10/site-packages/airflow/example_dags/tutorial_dag.py took 0.050 seconds
[2025-08-14T11:20:30.381+0000] {processor.py:157} INFO - Started process (PID=52042) to work on /home/vscode/.local/lib/python3.10/site-packages/airflow/example_dags/tutorial_dag.py
[2025-08-14T11:20:30.382+0000] {processor.py:826} INFO - Processing file /home/vscode/.local/lib/python3.10/site-packages/airflow/example_dags/tutorial_dag.py for tasks to queue
[2025-08-14T11:20:30.382+0000] {logging_mixin.py:150} INFO - [2025-08-14T11:20:30.382+0000] {dagbag.py:541} INFO - Filling up the DagBag from /home/vscode/.local/lib/python3.10/site-packages/airflow/example_dags/tutorial_dag.py
[2025-08-14T11:20:30.387+0000] {processor.py:836} INFO - DAG(s) dict_keys(['tutorial_dag']) retrieved from /home/vscode/.local/lib/python3.10/site-packages/airflow/example_dags/tutorial_dag.py
[2025-08-14T11:20:30.398+0000] {logging_mixin.py:150} INFO - [2025-08-14T11:20:30.398+0000] {dag.py:2742} INFO - Sync 1 DAGs
[2025-08-14T11:20:30.413+0000] {logging_mixin.py:150} INFO - [2025-08-14T11:20:30.413+0000] {dag.py:3504} INFO - Setting next_dagrun for tutorial_dag to None, run_after=None
[2025-08-14T11:20:30.428+0000] {processor.py:179} INFO - Processing /home/vscode/.local/lib/python3.10/site-packages/airflow/example_dags/tutorial_dag.py took 0.049 seconds
[2025-08-14T11:21:03.906+0000] {processor.py:157} INFO - Started process (PID=52355) to work on /home/vscode/.local/lib/python3.10/site-packages/airflow/example_dags/tutorial_dag.py
[2025-08-14T11:21:03.907+0000] {processor.py:826} INFO - Processing file /home/vscode/.local/lib/python3.10/site-packages/airflow/example_dags/tutorial_dag.py for tasks to queue
[2025-08-14T11:21:03.907+0000] {logging_mixin.py:150} INFO - [2025-08-14T11:21:03.907+0000] {dagbag.py:541} INFO - Filling up the DagBag from /home/vscode/.local/lib/python3.10/site-packages/airflow/example_dags/tutorial_dag.py
[2025-08-14T11:21:03.911+0000] {processor.py:836} INFO - DAG(s) dict_keys(['tutorial_dag']) retrieved from /home/vscode/.local/lib/python3.10/site-packages/airflow/example_dags/tutorial_dag.py
[2025-08-14T11:21:03.923+0000] {logging_mixin.py:150} INFO - [2025-08-14T11:21:03.923+0000] {dag.py:2742} INFO - Sync 1 DAGs
[2025-08-14T11:21:03.937+0000] {logging_mixin.py:150} INFO - [2025-08-14T11:21:03.937+0000] {dag.py:3504} INFO - Setting next_dagrun for tutorial_dag to None, run_after=None
[2025-08-14T11:21:03.951+0000] {processor.py:179} INFO - Processing /home/vscode/.local/lib/python3.10/site-packages/airflow/example_dags/tutorial_dag.py took 0.048 seconds
[2025-08-14T11:21:50.283+0000] {processor.py:157} INFO - Started process (PID=52804) to work on /home/vscode/.local/lib/python3.10/site-packages/airflow/example_dags/tutorial_dag.py
[2025-08-14T11:21:50.284+0000] {processor.py:826} INFO - Processing file /home/vscode/.local/lib/python3.10/site-packages/airflow/example_dags/tutorial_dag.py for tasks to queue
[2025-08-14T11:21:50.284+0000] {logging_mixin.py:150} INFO - [2025-08-14T11:21:50.284+0000] {dagbag.py:541} INFO - Filling up the DagBag from /home/vscode/.local/lib/python3.10/site-packages/airflow/example_dags/tutorial_dag.py
[2025-08-14T11:21:50.288+0000] {processor.py:836} INFO - DAG(s) dict_keys(['tutorial_dag']) retrieved from /home/vscode/.local/lib/python3.10/site-packages/airflow/example_dags/tutorial_dag.py
[2025-08-14T11:21:50.300+0000] {logging_mixin.py:150} INFO - [2025-08-14T11:21:50.300+0000] {dag.py:2742} INFO - Sync 1 DAGs
[2025-08-14T11:21:50.314+0000] {logging_mixin.py:150} INFO - [2025-08-14T11:21:50.314+0000] {dag.py:3504} INFO - Setting next_dagrun for tutorial_dag to None, run_after=None
[2025-08-14T11:21:50.328+0000] {processor.py:179} INFO - Processing /home/vscode/.local/lib/python3.10/site-packages/airflow/example_dags/tutorial_dag.py took 0.048 seconds
[2025-08-14T11:22:36.119+0000] {processor.py:157} INFO - Started process (PID=53240) to work on /home/vscode/.local/lib/python3.10/site-packages/airflow/example_dags/tutorial_dag.py
[2025-08-14T11:22:36.120+0000] {processor.py:826} INFO - Processing file /home/vscode/.local/lib/python3.10/site-packages/airflow/example_dags/tutorial_dag.py for tasks to queue
[2025-08-14T11:22:36.121+0000] {logging_mixin.py:150} INFO - [2025-08-14T11:22:36.121+0000] {dagbag.py:541} INFO - Filling up the DagBag from /home/vscode/.local/lib/python3.10/site-packages/airflow/example_dags/tutorial_dag.py
[2025-08-14T11:22:36.125+0000] {processor.py:836} INFO - DAG(s) dict_keys(['tutorial_dag']) retrieved from /home/vscode/.local/lib/python3.10/site-packages/airflow/example_dags/tutorial_dag.py
[2025-08-14T11:22:36.137+0000] {logging_mixin.py:150} INFO - [2025-08-14T11:22:36.137+0000] {dag.py:2742} INFO - Sync 1 DAGs
[2025-08-14T11:22:36.152+0000] {logging_mixin.py:150} INFO - [2025-08-14T11:22:36.151+0000] {dag.py:3504} INFO - Setting next_dagrun for tutorial_dag to None, run_after=None
[2025-08-14T11:22:36.167+0000] {processor.py:179} INFO - Processing /home/vscode/.local/lib/python3.10/site-packages/airflow/example_dags/tutorial_dag.py took 0.050 seconds
[2025-08-14T11:23:22.649+0000] {processor.py:157} INFO - Started process (PID=53690) to work on /home/vscode/.local/lib/python3.10/site-packages/airflow/example_dags/tutorial_dag.py
[2025-08-14T11:23:22.650+0000] {processor.py:826} INFO - Processing file /home/vscode/.local/lib/python3.10/site-packages/airflow/example_dags/tutorial_dag.py for tasks to queue
[2025-08-14T11:23:22.650+0000] {logging_mixin.py:150} INFO - [2025-08-14T11:23:22.650+0000] {dagbag.py:541} INFO - Filling up the DagBag from /home/vscode/.local/lib/python3.10/site-packages/airflow/example_dags/tutorial_dag.py
[2025-08-14T11:23:22.654+0000] {processor.py:836} INFO - DAG(s) dict_keys(['tutorial_dag']) retrieved from /home/vscode/.local/lib/python3.10/site-packages/airflow/example_dags/tutorial_dag.py
[2025-08-14T11:23:22.666+0000] {logging_mixin.py:150} INFO - [2025-08-14T11:23:22.666+0000] {dag.py:2742} INFO - Sync 1 DAGs
[2025-08-14T11:23:22.681+0000] {logging_mixin.py:150} INFO - [2025-08-14T11:23:22.681+0000] {dag.py:3504} INFO - Setting next_dagrun for tutorial_dag to None, run_after=None
[2025-08-14T11:23:22.698+0000] {processor.py:179} INFO - Processing /home/vscode/.local/lib/python3.10/site-packages/airflow/example_dags/tutorial_dag.py took 0.051 seconds
[2025-08-14T11:23:56.516+0000] {processor.py:157} INFO - Started process (PID=54004) to work on /home/vscode/.local/lib/python3.10/site-packages/airflow/example_dags/tutorial_dag.py
[2025-08-14T11:23:56.517+0000] {processor.py:826} INFO - Processing file /home/vscode/.local/lib/python3.10/site-packages/airflow/example_dags/tutorial_dag.py for tasks to queue
[2025-08-14T11:23:56.517+0000] {logging_mixin.py:150} INFO - [2025-08-14T11:23:56.517+0000] {dagbag.py:541} INFO - Filling up the DagBag from /home/vscode/.local/lib/python3.10/site-packages/airflow/example_dags/tutorial_dag.py
[2025-08-14T11:23:56.525+0000] {processor.py:836} INFO - DAG(s) dict_keys(['tutorial_dag']) retrieved from /home/vscode/.local/lib/python3.10/site-packages/airflow/example_dags/tutorial_dag.py
[2025-08-14T11:23:56.550+0000] {logging_mixin.py:150} INFO - [2025-08-14T11:23:56.550+0000] {dag.py:2742} INFO - Sync 1 DAGs
[2025-08-14T11:23:56.574+0000] {logging_mixin.py:150} INFO - [2025-08-14T11:23:56.574+0000] {dag.py:3504} INFO - Setting next_dagrun for tutorial_dag to None, run_after=None
[2025-08-14T11:23:56.600+0000] {processor.py:179} INFO - Processing /home/vscode/.local/lib/python3.10/site-packages/airflow/example_dags/tutorial_dag.py took 0.087 seconds
[2025-08-14T11:24:44.647+0000] {processor.py:157} INFO - Started process (PID=54464) to work on /home/vscode/.local/lib/python3.10/site-packages/airflow/example_dags/tutorial_dag.py
[2025-08-14T11:24:44.648+0000] {processor.py:826} INFO - Processing file /home/vscode/.local/lib/python3.10/site-packages/airflow/example_dags/tutorial_dag.py for tasks to queue
[2025-08-14T11:24:44.649+0000] {logging_mixin.py:150} INFO - [2025-08-14T11:24:44.649+0000] {dagbag.py:541} INFO - Filling up the DagBag from /home/vscode/.local/lib/python3.10/site-packages/airflow/example_dags/tutorial_dag.py
[2025-08-14T11:24:44.655+0000] {processor.py:836} INFO - DAG(s) dict_keys(['tutorial_dag']) retrieved from /home/vscode/.local/lib/python3.10/site-packages/airflow/example_dags/tutorial_dag.py
[2025-08-14T11:24:44.668+0000] {logging_mixin.py:150} INFO - [2025-08-14T11:24:44.668+0000] {dag.py:2742} INFO - Sync 1 DAGs
[2025-08-14T11:24:44.683+0000] {logging_mixin.py:150} INFO - [2025-08-14T11:24:44.683+0000] {dag.py:3504} INFO - Setting next_dagrun for tutorial_dag to None, run_after=None
[2025-08-14T11:24:44.699+0000] {processor.py:179} INFO - Processing /home/vscode/.local/lib/python3.10/site-packages/airflow/example_dags/tutorial_dag.py took 0.055 seconds
[2025-08-14T11:25:19.509+0000] {processor.py:157} INFO - Started process (PID=54794) to work on /home/vscode/.local/lib/python3.10/site-packages/airflow/example_dags/tutorial_dag.py
[2025-08-14T11:25:19.510+0000] {processor.py:826} INFO - Processing file /home/vscode/.local/lib/python3.10/site-packages/airflow/example_dags/tutorial_dag.py for tasks to queue
[2025-08-14T11:25:19.511+0000] {logging_mixin.py:150} INFO - [2025-08-14T11:25:19.510+0000] {dagbag.py:541} INFO - Filling up the DagBag from /home/vscode/.local/lib/python3.10/site-packages/airflow/example_dags/tutorial_dag.py
[2025-08-14T11:25:19.515+0000] {processor.py:836} INFO - DAG(s) dict_keys(['tutorial_dag']) retrieved from /home/vscode/.local/lib/python3.10/site-packages/airflow/example_dags/tutorial_dag.py
[2025-08-14T11:25:19.528+0000] {logging_mixin.py:150} INFO - [2025-08-14T11:25:19.528+0000] {dag.py:2742} INFO - Sync 1 DAGs
[2025-08-14T11:25:19.543+0000] {logging_mixin.py:150} INFO - [2025-08-14T11:25:19.543+0000] {dag.py:3504} INFO - Setting next_dagrun for tutorial_dag to None, run_after=None
[2025-08-14T11:25:19.563+0000] {processor.py:179} INFO - Processing /home/vscode/.local/lib/python3.10/site-packages/airflow/example_dags/tutorial_dag.py took 0.056 seconds
[2025-08-14T11:26:05.756+0000] {processor.py:157} INFO - Started process (PID=55243) to work on /home/vscode/.local/lib/python3.10/site-packages/airflow/example_dags/tutorial_dag.py
[2025-08-14T11:26:05.757+0000] {processor.py:826} INFO - Processing file /home/vscode/.local/lib/python3.10/site-packages/airflow/example_dags/tutorial_dag.py for tasks to queue
[2025-08-14T11:26:05.757+0000] {logging_mixin.py:150} INFO - [2025-08-14T11:26:05.757+0000] {dagbag.py:541} INFO - Filling up the DagBag from /home/vscode/.local/lib/python3.10/site-packages/airflow/example_dags/tutorial_dag.py
[2025-08-14T11:26:05.761+0000] {processor.py:836} INFO - DAG(s) dict_keys(['tutorial_dag']) retrieved from /home/vscode/.local/lib/python3.10/site-packages/airflow/example_dags/tutorial_dag.py
[2025-08-14T11:26:05.772+0000] {logging_mixin.py:150} INFO - [2025-08-14T11:26:05.772+0000] {dag.py:2742} INFO - Sync 1 DAGs
[2025-08-14T11:26:05.786+0000] {logging_mixin.py:150} INFO - [2025-08-14T11:26:05.786+0000] {dag.py:3504} INFO - Setting next_dagrun for tutorial_dag to None, run_after=None
[2025-08-14T11:26:05.803+0000] {processor.py:179} INFO - Processing /home/vscode/.local/lib/python3.10/site-packages/airflow/example_dags/tutorial_dag.py took 0.049 seconds
[2025-08-14T11:26:38.299+0000] {processor.py:157} INFO - Started process (PID=55554) to work on /home/vscode/.local/lib/python3.10/site-packages/airflow/example_dags/tutorial_dag.py
[2025-08-14T11:26:38.300+0000] {processor.py:826} INFO - Processing file /home/vscode/.local/lib/python3.10/site-packages/airflow/example_dags/tutorial_dag.py for tasks to queue
[2025-08-14T11:26:38.300+0000] {logging_mixin.py:150} INFO - [2025-08-14T11:26:38.300+0000] {dagbag.py:541} INFO - Filling up the DagBag from /home/vscode/.local/lib/python3.10/site-packages/airflow/example_dags/tutorial_dag.py
[2025-08-14T11:26:38.304+0000] {processor.py:836} INFO - DAG(s) dict_keys(['tutorial_dag']) retrieved from /home/vscode/.local/lib/python3.10/site-packages/airflow/example_dags/tutorial_dag.py
[2025-08-14T11:26:38.315+0000] {logging_mixin.py:150} INFO - [2025-08-14T11:26:38.315+0000] {dag.py:2742} INFO - Sync 1 DAGs
[2025-08-14T11:26:38.329+0000] {logging_mixin.py:150} INFO - [2025-08-14T11:26:38.329+0000] {dag.py:3504} INFO - Setting next_dagrun for tutorial_dag to None, run_after=None
[2025-08-14T11:26:38.344+0000] {processor.py:179} INFO - Processing /home/vscode/.local/lib/python3.10/site-packages/airflow/example_dags/tutorial_dag.py took 0.047 seconds
