[2025-08-14T09:39:09.349+0000] {processor.py:157} INFO - Started process (PID=3524) to work on /home/vscode/.local/lib/python3.10/site-packages/airflow/example_dags/tutorial_taskflow_api.py
[2025-08-14T09:39:09.350+0000] {processor.py:826} INFO - Processing file /home/vscode/.local/lib/python3.10/site-packages/airflow/example_dags/tutorial_taskflow_api.py for tasks to queue
[2025-08-14T09:39:09.350+0000] {logging_mixin.py:150} INFO - [2025-08-14T09:39:09.350+0000] {dagbag.py:541} INFO - Filling up the DagBag from /home/vscode/.local/lib/python3.10/site-packages/airflow/example_dags/tutorial_taskflow_api.py
[2025-08-14T09:39:09.357+0000] {processor.py:836} INFO - DAG(s) dict_keys(['tutorial_taskflow_api']) retrieved from /home/vscode/.local/lib/python3.10/site-packages/airflow/example_dags/tutorial_taskflow_api.py
[2025-08-14T09:39:09.437+0000] {logging_mixin.py:150} INFO - [2025-08-14T09:39:09.436+0000] {manager.py:504} INFO - Created Permission View: can edit on DAG:tutorial_taskflow_api
[2025-08-14T09:39:09.445+0000] {logging_mixin.py:150} INFO - [2025-08-14T09:39:09.445+0000] {manager.py:504} INFO - Created Permission View: can read on DAG:tutorial_taskflow_api
[2025-08-14T09:39:09.451+0000] {logging_mixin.py:150} INFO - [2025-08-14T09:39:09.451+0000] {manager.py:504} INFO - Created Permission View: can delete on DAG:tutorial_taskflow_api
[2025-08-14T09:39:09.459+0000] {logging_mixin.py:150} INFO - [2025-08-14T09:39:09.459+0000] {dag.py:2742} INFO - Sync 1 DAGs
[2025-08-14T09:39:09.466+0000] {logging_mixin.py:150} INFO - [2025-08-14T09:39:09.466+0000] {dag.py:2763} INFO - Creating ORM DAG for tutorial_taskflow_api
[2025-08-14T09:39:09.472+0000] {logging_mixin.py:150} INFO - [2025-08-14T09:39:09.472+0000] {dag.py:3504} INFO - Setting next_dagrun for tutorial_taskflow_api to None, run_after=None
[2025-08-14T09:39:09.490+0000] {processor.py:179} INFO - Processing /home/vscode/.local/lib/python3.10/site-packages/airflow/example_dags/tutorial_taskflow_api.py took 0.143 seconds
[2025-08-14T09:40:00.990+0000] {processor.py:157} INFO - Started process (PID=3875) to work on /home/vscode/.local/lib/python3.10/site-packages/airflow/example_dags/tutorial_taskflow_api.py
[2025-08-14T09:40:00.991+0000] {processor.py:826} INFO - Processing file /home/vscode/.local/lib/python3.10/site-packages/airflow/example_dags/tutorial_taskflow_api.py for tasks to queue
[2025-08-14T09:40:00.991+0000] {logging_mixin.py:150} INFO - [2025-08-14T09:40:00.991+0000] {dagbag.py:541} INFO - Filling up the DagBag from /home/vscode/.local/lib/python3.10/site-packages/airflow/example_dags/tutorial_taskflow_api.py
[2025-08-14T09:40:00.996+0000] {processor.py:836} INFO - DAG(s) dict_keys(['tutorial_taskflow_api']) retrieved from /home/vscode/.local/lib/python3.10/site-packages/airflow/example_dags/tutorial_taskflow_api.py
[2025-08-14T09:40:01.008+0000] {logging_mixin.py:150} INFO - [2025-08-14T09:40:01.007+0000] {dag.py:2742} INFO - Sync 1 DAGs
[2025-08-14T09:40:01.022+0000] {logging_mixin.py:150} INFO - [2025-08-14T09:40:01.022+0000] {dag.py:3504} INFO - Setting next_dagrun for tutorial_taskflow_api to None, run_after=None
[2025-08-14T09:40:01.038+0000] {processor.py:179} INFO - Processing /home/vscode/.local/lib/python3.10/site-packages/airflow/example_dags/tutorial_taskflow_api.py took 0.050 seconds
[2025-08-14T09:40:44.404+0000] {processor.py:157} INFO - Started process (PID=4167) to work on /home/vscode/.local/lib/python3.10/site-packages/airflow/example_dags/tutorial_taskflow_api.py
[2025-08-14T09:40:44.405+0000] {processor.py:826} INFO - Processing file /home/vscode/.local/lib/python3.10/site-packages/airflow/example_dags/tutorial_taskflow_api.py for tasks to queue
[2025-08-14T09:40:44.405+0000] {logging_mixin.py:150} INFO - [2025-08-14T09:40:44.405+0000] {dagbag.py:541} INFO - Filling up the DagBag from /home/vscode/.local/lib/python3.10/site-packages/airflow/example_dags/tutorial_taskflow_api.py
[2025-08-14T09:40:44.410+0000] {processor.py:836} INFO - DAG(s) dict_keys(['tutorial_taskflow_api']) retrieved from /home/vscode/.local/lib/python3.10/site-packages/airflow/example_dags/tutorial_taskflow_api.py
[2025-08-14T09:40:44.421+0000] {logging_mixin.py:150} INFO - [2025-08-14T09:40:44.421+0000] {dag.py:2742} INFO - Sync 1 DAGs
[2025-08-14T09:40:44.435+0000] {logging_mixin.py:150} INFO - [2025-08-14T09:40:44.435+0000] {dag.py:3504} INFO - Setting next_dagrun for tutorial_taskflow_api to None, run_after=None
[2025-08-14T09:40:44.450+0000] {processor.py:179} INFO - Processing /home/vscode/.local/lib/python3.10/site-packages/airflow/example_dags/tutorial_taskflow_api.py took 0.048 seconds
[2025-08-14T09:41:28.349+0000] {processor.py:157} INFO - Started process (PID=4485) to work on /home/vscode/.local/lib/python3.10/site-packages/airflow/example_dags/tutorial_taskflow_api.py
[2025-08-14T09:41:28.349+0000] {processor.py:826} INFO - Processing file /home/vscode/.local/lib/python3.10/site-packages/airflow/example_dags/tutorial_taskflow_api.py for tasks to queue
[2025-08-14T09:41:28.350+0000] {logging_mixin.py:150} INFO - [2025-08-14T09:41:28.349+0000] {dagbag.py:541} INFO - Filling up the DagBag from /home/vscode/.local/lib/python3.10/site-packages/airflow/example_dags/tutorial_taskflow_api.py
[2025-08-14T09:41:28.354+0000] {processor.py:836} INFO - DAG(s) dict_keys(['tutorial_taskflow_api']) retrieved from /home/vscode/.local/lib/python3.10/site-packages/airflow/example_dags/tutorial_taskflow_api.py
[2025-08-14T09:41:28.365+0000] {logging_mixin.py:150} INFO - [2025-08-14T09:41:28.365+0000] {dag.py:2742} INFO - Sync 1 DAGs
[2025-08-14T09:41:28.379+0000] {logging_mixin.py:150} INFO - [2025-08-14T09:41:28.379+0000] {dag.py:3504} INFO - Setting next_dagrun for tutorial_taskflow_api to None, run_after=None
[2025-08-14T09:41:28.394+0000] {processor.py:179} INFO - Processing /home/vscode/.local/lib/python3.10/site-packages/airflow/example_dags/tutorial_taskflow_api.py took 0.047 seconds
[2025-08-14T09:42:12.230+0000] {processor.py:157} INFO - Started process (PID=4816) to work on /home/vscode/.local/lib/python3.10/site-packages/airflow/example_dags/tutorial_taskflow_api.py
[2025-08-14T09:42:12.230+0000] {processor.py:826} INFO - Processing file /home/vscode/.local/lib/python3.10/site-packages/airflow/example_dags/tutorial_taskflow_api.py for tasks to queue
[2025-08-14T09:42:12.231+0000] {logging_mixin.py:150} INFO - [2025-08-14T09:42:12.231+0000] {dagbag.py:541} INFO - Filling up the DagBag from /home/vscode/.local/lib/python3.10/site-packages/airflow/example_dags/tutorial_taskflow_api.py
[2025-08-14T09:42:12.236+0000] {processor.py:836} INFO - DAG(s) dict_keys(['tutorial_taskflow_api']) retrieved from /home/vscode/.local/lib/python3.10/site-packages/airflow/example_dags/tutorial_taskflow_api.py
[2025-08-14T09:42:12.247+0000] {logging_mixin.py:150} INFO - [2025-08-14T09:42:12.247+0000] {dag.py:2742} INFO - Sync 1 DAGs
[2025-08-14T09:42:12.261+0000] {logging_mixin.py:150} INFO - [2025-08-14T09:42:12.261+0000] {dag.py:3504} INFO - Setting next_dagrun for tutorial_taskflow_api to None, run_after=None
[2025-08-14T09:42:12.284+0000] {processor.py:179} INFO - Processing /home/vscode/.local/lib/python3.10/site-packages/airflow/example_dags/tutorial_taskflow_api.py took 0.057 seconds
[2025-08-14T09:42:58.439+0000] {processor.py:157} INFO - Started process (PID=5140) to work on /home/vscode/.local/lib/python3.10/site-packages/airflow/example_dags/tutorial_taskflow_api.py
[2025-08-14T09:42:58.440+0000] {processor.py:826} INFO - Processing file /home/vscode/.local/lib/python3.10/site-packages/airflow/example_dags/tutorial_taskflow_api.py for tasks to queue
[2025-08-14T09:42:58.441+0000] {logging_mixin.py:150} INFO - [2025-08-14T09:42:58.440+0000] {dagbag.py:541} INFO - Filling up the DagBag from /home/vscode/.local/lib/python3.10/site-packages/airflow/example_dags/tutorial_taskflow_api.py
[2025-08-14T09:42:58.446+0000] {processor.py:836} INFO - DAG(s) dict_keys(['tutorial_taskflow_api']) retrieved from /home/vscode/.local/lib/python3.10/site-packages/airflow/example_dags/tutorial_taskflow_api.py
[2025-08-14T09:42:58.458+0000] {logging_mixin.py:150} INFO - [2025-08-14T09:42:58.458+0000] {dag.py:2742} INFO - Sync 1 DAGs
[2025-08-14T09:42:58.472+0000] {logging_mixin.py:150} INFO - [2025-08-14T09:42:58.472+0000] {dag.py:3504} INFO - Setting next_dagrun for tutorial_taskflow_api to None, run_after=None
[2025-08-14T09:42:58.487+0000] {processor.py:179} INFO - Processing /home/vscode/.local/lib/python3.10/site-packages/airflow/example_dags/tutorial_taskflow_api.py took 0.051 seconds
[2025-08-14T09:43:32.859+0000] {processor.py:157} INFO - Started process (PID=5383) to work on /home/vscode/.local/lib/python3.10/site-packages/airflow/example_dags/tutorial_taskflow_api.py
[2025-08-14T09:43:32.859+0000] {processor.py:826} INFO - Processing file /home/vscode/.local/lib/python3.10/site-packages/airflow/example_dags/tutorial_taskflow_api.py for tasks to queue
[2025-08-14T09:43:32.860+0000] {logging_mixin.py:150} INFO - [2025-08-14T09:43:32.860+0000] {dagbag.py:541} INFO - Filling up the DagBag from /home/vscode/.local/lib/python3.10/site-packages/airflow/example_dags/tutorial_taskflow_api.py
[2025-08-14T09:43:32.865+0000] {processor.py:836} INFO - DAG(s) dict_keys(['tutorial_taskflow_api']) retrieved from /home/vscode/.local/lib/python3.10/site-packages/airflow/example_dags/tutorial_taskflow_api.py
[2025-08-14T09:43:32.876+0000] {logging_mixin.py:150} INFO - [2025-08-14T09:43:32.876+0000] {dag.py:2742} INFO - Sync 1 DAGs
[2025-08-14T09:43:32.889+0000] {logging_mixin.py:150} INFO - [2025-08-14T09:43:32.889+0000] {dag.py:3504} INFO - Setting next_dagrun for tutorial_taskflow_api to None, run_after=None
[2025-08-14T09:43:32.905+0000] {processor.py:179} INFO - Processing /home/vscode/.local/lib/python3.10/site-packages/airflow/example_dags/tutorial_taskflow_api.py took 0.048 seconds
[2025-08-14T09:44:15.820+0000] {processor.py:157} INFO - Started process (PID=5706) to work on /home/vscode/.local/lib/python3.10/site-packages/airflow/example_dags/tutorial_taskflow_api.py
[2025-08-14T09:44:15.820+0000] {processor.py:826} INFO - Processing file /home/vscode/.local/lib/python3.10/site-packages/airflow/example_dags/tutorial_taskflow_api.py for tasks to queue
[2025-08-14T09:44:15.821+0000] {logging_mixin.py:150} INFO - [2025-08-14T09:44:15.820+0000] {dagbag.py:541} INFO - Filling up the DagBag from /home/vscode/.local/lib/python3.10/site-packages/airflow/example_dags/tutorial_taskflow_api.py
[2025-08-14T09:44:15.825+0000] {processor.py:836} INFO - DAG(s) dict_keys(['tutorial_taskflow_api']) retrieved from /home/vscode/.local/lib/python3.10/site-packages/airflow/example_dags/tutorial_taskflow_api.py
[2025-08-14T09:44:15.837+0000] {logging_mixin.py:150} INFO - [2025-08-14T09:44:15.837+0000] {dag.py:2742} INFO - Sync 1 DAGs
[2025-08-14T09:44:15.852+0000] {logging_mixin.py:150} INFO - [2025-08-14T09:44:15.851+0000] {dag.py:3504} INFO - Setting next_dagrun for tutorial_taskflow_api to None, run_after=None
[2025-08-14T09:44:15.868+0000] {processor.py:179} INFO - Processing /home/vscode/.local/lib/python3.10/site-packages/airflow/example_dags/tutorial_taskflow_api.py took 0.050 seconds
[2025-08-14T09:44:56.837+0000] {processor.py:157} INFO - Started process (PID=6010) to work on /home/vscode/.local/lib/python3.10/site-packages/airflow/example_dags/tutorial_taskflow_api.py
[2025-08-14T09:44:56.838+0000] {processor.py:826} INFO - Processing file /home/vscode/.local/lib/python3.10/site-packages/airflow/example_dags/tutorial_taskflow_api.py for tasks to queue
[2025-08-14T09:44:56.838+0000] {logging_mixin.py:150} INFO - [2025-08-14T09:44:56.838+0000] {dagbag.py:541} INFO - Filling up the DagBag from /home/vscode/.local/lib/python3.10/site-packages/airflow/example_dags/tutorial_taskflow_api.py
[2025-08-14T09:44:56.843+0000] {processor.py:836} INFO - DAG(s) dict_keys(['tutorial_taskflow_api']) retrieved from /home/vscode/.local/lib/python3.10/site-packages/airflow/example_dags/tutorial_taskflow_api.py
[2025-08-14T09:44:56.854+0000] {logging_mixin.py:150} INFO - [2025-08-14T09:44:56.854+0000] {dag.py:2742} INFO - Sync 1 DAGs
[2025-08-14T09:44:56.869+0000] {logging_mixin.py:150} INFO - [2025-08-14T09:44:56.869+0000] {dag.py:3504} INFO - Setting next_dagrun for tutorial_taskflow_api to None, run_after=None
[2025-08-14T09:44:56.885+0000] {processor.py:179} INFO - Processing /home/vscode/.local/lib/python3.10/site-packages/airflow/example_dags/tutorial_taskflow_api.py took 0.050 seconds
[2025-08-14T09:45:36.944+0000] {processor.py:157} INFO - Started process (PID=6301) to work on /home/vscode/.local/lib/python3.10/site-packages/airflow/example_dags/tutorial_taskflow_api.py
[2025-08-14T09:45:36.945+0000] {processor.py:826} INFO - Processing file /home/vscode/.local/lib/python3.10/site-packages/airflow/example_dags/tutorial_taskflow_api.py for tasks to queue
[2025-08-14T09:45:36.947+0000] {logging_mixin.py:150} INFO - [2025-08-14T09:45:36.945+0000] {dagbag.py:541} INFO - Filling up the DagBag from /home/vscode/.local/lib/python3.10/site-packages/airflow/example_dags/tutorial_taskflow_api.py
[2025-08-14T09:45:36.951+0000] {processor.py:836} INFO - DAG(s) dict_keys(['tutorial_taskflow_api']) retrieved from /home/vscode/.local/lib/python3.10/site-packages/airflow/example_dags/tutorial_taskflow_api.py
[2025-08-14T09:45:36.963+0000] {logging_mixin.py:150} INFO - [2025-08-14T09:45:36.963+0000] {dag.py:2742} INFO - Sync 1 DAGs
[2025-08-14T09:45:36.976+0000] {logging_mixin.py:150} INFO - [2025-08-14T09:45:36.976+0000] {dag.py:3504} INFO - Setting next_dagrun for tutorial_taskflow_api to None, run_after=None
[2025-08-14T09:45:36.991+0000] {processor.py:179} INFO - Processing /home/vscode/.local/lib/python3.10/site-packages/airflow/example_dags/tutorial_taskflow_api.py took 0.048 seconds
[2025-08-14T09:46:12.192+0000] {processor.py:157} INFO - Started process (PID=6535) to work on /home/vscode/.local/lib/python3.10/site-packages/airflow/example_dags/tutorial_taskflow_api.py
[2025-08-14T09:46:12.193+0000] {processor.py:826} INFO - Processing file /home/vscode/.local/lib/python3.10/site-packages/airflow/example_dags/tutorial_taskflow_api.py for tasks to queue
[2025-08-14T09:46:12.193+0000] {logging_mixin.py:150} INFO - [2025-08-14T09:46:12.193+0000] {dagbag.py:541} INFO - Filling up the DagBag from /home/vscode/.local/lib/python3.10/site-packages/airflow/example_dags/tutorial_taskflow_api.py
[2025-08-14T09:46:12.198+0000] {processor.py:836} INFO - DAG(s) dict_keys(['tutorial_taskflow_api']) retrieved from /home/vscode/.local/lib/python3.10/site-packages/airflow/example_dags/tutorial_taskflow_api.py
[2025-08-14T09:46:12.209+0000] {logging_mixin.py:150} INFO - [2025-08-14T09:46:12.208+0000] {dag.py:2742} INFO - Sync 1 DAGs
[2025-08-14T09:46:12.222+0000] {logging_mixin.py:150} INFO - [2025-08-14T09:46:12.222+0000] {dag.py:3504} INFO - Setting next_dagrun for tutorial_taskflow_api to None, run_after=None
[2025-08-14T09:46:12.237+0000] {processor.py:179} INFO - Processing /home/vscode/.local/lib/python3.10/site-packages/airflow/example_dags/tutorial_taskflow_api.py took 0.047 seconds
[2025-08-14T09:46:58.006+0000] {processor.py:157} INFO - Started process (PID=6842) to work on /home/vscode/.local/lib/python3.10/site-packages/airflow/example_dags/tutorial_taskflow_api.py
[2025-08-14T09:46:58.007+0000] {processor.py:826} INFO - Processing file /home/vscode/.local/lib/python3.10/site-packages/airflow/example_dags/tutorial_taskflow_api.py for tasks to queue
[2025-08-14T09:46:58.007+0000] {logging_mixin.py:150} INFO - [2025-08-14T09:46:58.007+0000] {dagbag.py:541} INFO - Filling up the DagBag from /home/vscode/.local/lib/python3.10/site-packages/airflow/example_dags/tutorial_taskflow_api.py
[2025-08-14T09:46:58.012+0000] {processor.py:836} INFO - DAG(s) dict_keys(['tutorial_taskflow_api']) retrieved from /home/vscode/.local/lib/python3.10/site-packages/airflow/example_dags/tutorial_taskflow_api.py
[2025-08-14T09:46:58.023+0000] {logging_mixin.py:150} INFO - [2025-08-14T09:46:58.023+0000] {dag.py:2742} INFO - Sync 1 DAGs
[2025-08-14T09:46:58.037+0000] {logging_mixin.py:150} INFO - [2025-08-14T09:46:58.037+0000] {dag.py:3504} INFO - Setting next_dagrun for tutorial_taskflow_api to None, run_after=None
[2025-08-14T09:46:58.052+0000] {processor.py:179} INFO - Processing /home/vscode/.local/lib/python3.10/site-packages/airflow/example_dags/tutorial_taskflow_api.py took 0.048 seconds
[2025-08-14T09:47:43.651+0000] {processor.py:157} INFO - Started process (PID=7152) to work on /home/vscode/.local/lib/python3.10/site-packages/airflow/example_dags/tutorial_taskflow_api.py
[2025-08-14T09:47:43.652+0000] {processor.py:826} INFO - Processing file /home/vscode/.local/lib/python3.10/site-packages/airflow/example_dags/tutorial_taskflow_api.py for tasks to queue
[2025-08-14T09:47:43.652+0000] {logging_mixin.py:150} INFO - [2025-08-14T09:47:43.652+0000] {dagbag.py:541} INFO - Filling up the DagBag from /home/vscode/.local/lib/python3.10/site-packages/airflow/example_dags/tutorial_taskflow_api.py
[2025-08-14T09:47:43.657+0000] {processor.py:836} INFO - DAG(s) dict_keys(['tutorial_taskflow_api']) retrieved from /home/vscode/.local/lib/python3.10/site-packages/airflow/example_dags/tutorial_taskflow_api.py
[2025-08-14T09:47:43.668+0000] {logging_mixin.py:150} INFO - [2025-08-14T09:47:43.668+0000] {dag.py:2742} INFO - Sync 1 DAGs
[2025-08-14T09:47:43.682+0000] {logging_mixin.py:150} INFO - [2025-08-14T09:47:43.682+0000] {dag.py:3504} INFO - Setting next_dagrun for tutorial_taskflow_api to None, run_after=None
[2025-08-14T09:47:43.697+0000] {processor.py:179} INFO - Processing /home/vscode/.local/lib/python3.10/site-packages/airflow/example_dags/tutorial_taskflow_api.py took 0.048 seconds
[2025-08-14T09:48:31.591+0000] {processor.py:157} INFO - Started process (PID=7500) to work on /home/vscode/.local/lib/python3.10/site-packages/airflow/example_dags/tutorial_taskflow_api.py
[2025-08-14T09:48:31.592+0000] {processor.py:826} INFO - Processing file /home/vscode/.local/lib/python3.10/site-packages/airflow/example_dags/tutorial_taskflow_api.py for tasks to queue
[2025-08-14T09:48:31.593+0000] {logging_mixin.py:150} INFO - [2025-08-14T09:48:31.592+0000] {dagbag.py:541} INFO - Filling up the DagBag from /home/vscode/.local/lib/python3.10/site-packages/airflow/example_dags/tutorial_taskflow_api.py
[2025-08-14T09:48:31.597+0000] {processor.py:836} INFO - DAG(s) dict_keys(['tutorial_taskflow_api']) retrieved from /home/vscode/.local/lib/python3.10/site-packages/airflow/example_dags/tutorial_taskflow_api.py
[2025-08-14T09:48:31.610+0000] {logging_mixin.py:150} INFO - [2025-08-14T09:48:31.610+0000] {dag.py:2742} INFO - Sync 1 DAGs
[2025-08-14T09:48:31.624+0000] {logging_mixin.py:150} INFO - [2025-08-14T09:48:31.624+0000] {dag.py:3504} INFO - Setting next_dagrun for tutorial_taskflow_api to None, run_after=None
[2025-08-14T09:48:31.640+0000] {processor.py:179} INFO - Processing /home/vscode/.local/lib/python3.10/site-packages/airflow/example_dags/tutorial_taskflow_api.py took 0.051 seconds
[2025-08-14T09:49:17.133+0000] {processor.py:157} INFO - Started process (PID=7839) to work on /home/vscode/.local/lib/python3.10/site-packages/airflow/example_dags/tutorial_taskflow_api.py
[2025-08-14T09:49:17.134+0000] {processor.py:826} INFO - Processing file /home/vscode/.local/lib/python3.10/site-packages/airflow/example_dags/tutorial_taskflow_api.py for tasks to queue
[2025-08-14T09:49:17.135+0000] {logging_mixin.py:150} INFO - [2025-08-14T09:49:17.134+0000] {dagbag.py:541} INFO - Filling up the DagBag from /home/vscode/.local/lib/python3.10/site-packages/airflow/example_dags/tutorial_taskflow_api.py
[2025-08-14T09:49:17.139+0000] {processor.py:836} INFO - DAG(s) dict_keys(['tutorial_taskflow_api']) retrieved from /home/vscode/.local/lib/python3.10/site-packages/airflow/example_dags/tutorial_taskflow_api.py
[2025-08-14T09:49:17.153+0000] {logging_mixin.py:150} INFO - [2025-08-14T09:49:17.153+0000] {dag.py:2742} INFO - Sync 1 DAGs
[2025-08-14T09:49:17.167+0000] {logging_mixin.py:150} INFO - [2025-08-14T09:49:17.167+0000] {dag.py:3504} INFO - Setting next_dagrun for tutorial_taskflow_api to None, run_after=None
[2025-08-14T09:49:17.182+0000] {processor.py:179} INFO - Processing /home/vscode/.local/lib/python3.10/site-packages/airflow/example_dags/tutorial_taskflow_api.py took 0.051 seconds
[2025-08-14T09:50:03.192+0000] {processor.py:157} INFO - Started process (PID=8195) to work on /home/vscode/.local/lib/python3.10/site-packages/airflow/example_dags/tutorial_taskflow_api.py
[2025-08-14T09:50:03.193+0000] {processor.py:826} INFO - Processing file /home/vscode/.local/lib/python3.10/site-packages/airflow/example_dags/tutorial_taskflow_api.py for tasks to queue
[2025-08-14T09:50:03.194+0000] {logging_mixin.py:150} INFO - [2025-08-14T09:50:03.193+0000] {dagbag.py:541} INFO - Filling up the DagBag from /home/vscode/.local/lib/python3.10/site-packages/airflow/example_dags/tutorial_taskflow_api.py
[2025-08-14T09:50:03.199+0000] {processor.py:836} INFO - DAG(s) dict_keys(['tutorial_taskflow_api']) retrieved from /home/vscode/.local/lib/python3.10/site-packages/airflow/example_dags/tutorial_taskflow_api.py
[2025-08-14T09:50:03.211+0000] {logging_mixin.py:150} INFO - [2025-08-14T09:50:03.211+0000] {dag.py:2742} INFO - Sync 1 DAGs
[2025-08-14T09:50:03.229+0000] {logging_mixin.py:150} INFO - [2025-08-14T09:50:03.229+0000] {dag.py:3504} INFO - Setting next_dagrun for tutorial_taskflow_api to None, run_after=None
[2025-08-14T09:50:03.246+0000] {processor.py:179} INFO - Processing /home/vscode/.local/lib/python3.10/site-packages/airflow/example_dags/tutorial_taskflow_api.py took 0.056 seconds
[2025-08-14T09:50:47.352+0000] {processor.py:157} INFO - Started process (PID=8515) to work on /home/vscode/.local/lib/python3.10/site-packages/airflow/example_dags/tutorial_taskflow_api.py
[2025-08-14T09:50:47.353+0000] {processor.py:826} INFO - Processing file /home/vscode/.local/lib/python3.10/site-packages/airflow/example_dags/tutorial_taskflow_api.py for tasks to queue
[2025-08-14T09:50:47.353+0000] {logging_mixin.py:150} INFO - [2025-08-14T09:50:47.353+0000] {dagbag.py:541} INFO - Filling up the DagBag from /home/vscode/.local/lib/python3.10/site-packages/airflow/example_dags/tutorial_taskflow_api.py
[2025-08-14T09:50:47.358+0000] {processor.py:836} INFO - DAG(s) dict_keys(['tutorial_taskflow_api']) retrieved from /home/vscode/.local/lib/python3.10/site-packages/airflow/example_dags/tutorial_taskflow_api.py
[2025-08-14T09:50:47.369+0000] {logging_mixin.py:150} INFO - [2025-08-14T09:50:47.369+0000] {dag.py:2742} INFO - Sync 1 DAGs
[2025-08-14T09:50:47.383+0000] {logging_mixin.py:150} INFO - [2025-08-14T09:50:47.383+0000] {dag.py:3504} INFO - Setting next_dagrun for tutorial_taskflow_api to None, run_after=None
[2025-08-14T09:50:47.398+0000] {processor.py:179} INFO - Processing /home/vscode/.local/lib/python3.10/site-packages/airflow/example_dags/tutorial_taskflow_api.py took 0.048 seconds
[2025-08-14T09:51:30.720+0000] {processor.py:157} INFO - Started process (PID=8845) to work on /home/vscode/.local/lib/python3.10/site-packages/airflow/example_dags/tutorial_taskflow_api.py
[2025-08-14T09:51:30.720+0000] {processor.py:826} INFO - Processing file /home/vscode/.local/lib/python3.10/site-packages/airflow/example_dags/tutorial_taskflow_api.py for tasks to queue
[2025-08-14T09:51:30.721+0000] {logging_mixin.py:150} INFO - [2025-08-14T09:51:30.721+0000] {dagbag.py:541} INFO - Filling up the DagBag from /home/vscode/.local/lib/python3.10/site-packages/airflow/example_dags/tutorial_taskflow_api.py
[2025-08-14T09:51:30.727+0000] {processor.py:836} INFO - DAG(s) dict_keys(['tutorial_taskflow_api']) retrieved from /home/vscode/.local/lib/python3.10/site-packages/airflow/example_dags/tutorial_taskflow_api.py
[2025-08-14T09:51:30.738+0000] {logging_mixin.py:150} INFO - [2025-08-14T09:51:30.738+0000] {dag.py:2742} INFO - Sync 1 DAGs
[2025-08-14T09:51:30.752+0000] {logging_mixin.py:150} INFO - [2025-08-14T09:51:30.752+0000] {dag.py:3504} INFO - Setting next_dagrun for tutorial_taskflow_api to None, run_after=None
[2025-08-14T09:51:30.767+0000] {processor.py:179} INFO - Processing /home/vscode/.local/lib/python3.10/site-packages/airflow/example_dags/tutorial_taskflow_api.py took 0.051 seconds
[2025-08-14T09:52:19.596+0000] {processor.py:157} INFO - Started process (PID=9165) to work on /home/vscode/.local/lib/python3.10/site-packages/airflow/example_dags/tutorial_taskflow_api.py
[2025-08-14T09:52:19.596+0000] {processor.py:826} INFO - Processing file /home/vscode/.local/lib/python3.10/site-packages/airflow/example_dags/tutorial_taskflow_api.py for tasks to queue
[2025-08-14T09:52:19.597+0000] {logging_mixin.py:150} INFO - [2025-08-14T09:52:19.597+0000] {dagbag.py:541} INFO - Filling up the DagBag from /home/vscode/.local/lib/python3.10/site-packages/airflow/example_dags/tutorial_taskflow_api.py
[2025-08-14T09:52:19.601+0000] {processor.py:836} INFO - DAG(s) dict_keys(['tutorial_taskflow_api']) retrieved from /home/vscode/.local/lib/python3.10/site-packages/airflow/example_dags/tutorial_taskflow_api.py
[2025-08-14T09:52:19.612+0000] {logging_mixin.py:150} INFO - [2025-08-14T09:52:19.612+0000] {dag.py:2742} INFO - Sync 1 DAGs
[2025-08-14T09:52:19.626+0000] {logging_mixin.py:150} INFO - [2025-08-14T09:52:19.626+0000] {dag.py:3504} INFO - Setting next_dagrun for tutorial_taskflow_api to None, run_after=None
[2025-08-14T09:52:19.641+0000] {processor.py:179} INFO - Processing /home/vscode/.local/lib/python3.10/site-packages/airflow/example_dags/tutorial_taskflow_api.py took 0.047 seconds
[2025-08-14T09:53:06.968+0000] {processor.py:157} INFO - Started process (PID=9483) to work on /home/vscode/.local/lib/python3.10/site-packages/airflow/example_dags/tutorial_taskflow_api.py
[2025-08-14T09:53:06.968+0000] {processor.py:826} INFO - Processing file /home/vscode/.local/lib/python3.10/site-packages/airflow/example_dags/tutorial_taskflow_api.py for tasks to queue
[2025-08-14T09:53:06.969+0000] {logging_mixin.py:150} INFO - [2025-08-14T09:53:06.968+0000] {dagbag.py:541} INFO - Filling up the DagBag from /home/vscode/.local/lib/python3.10/site-packages/airflow/example_dags/tutorial_taskflow_api.py
[2025-08-14T09:53:06.973+0000] {processor.py:836} INFO - DAG(s) dict_keys(['tutorial_taskflow_api']) retrieved from /home/vscode/.local/lib/python3.10/site-packages/airflow/example_dags/tutorial_taskflow_api.py
[2025-08-14T09:53:06.985+0000] {logging_mixin.py:150} INFO - [2025-08-14T09:53:06.984+0000] {dag.py:2742} INFO - Sync 1 DAGs
[2025-08-14T09:53:06.999+0000] {logging_mixin.py:150} INFO - [2025-08-14T09:53:06.998+0000] {dag.py:3504} INFO - Setting next_dagrun for tutorial_taskflow_api to None, run_after=None
[2025-08-14T09:53:07.019+0000] {processor.py:179} INFO - Processing /home/vscode/.local/lib/python3.10/site-packages/airflow/example_dags/tutorial_taskflow_api.py took 0.053 seconds
[2025-08-14T09:53:39.802+0000] {processor.py:157} INFO - Started process (PID=9703) to work on /home/vscode/.local/lib/python3.10/site-packages/airflow/example_dags/tutorial_taskflow_api.py
[2025-08-14T09:53:39.803+0000] {processor.py:826} INFO - Processing file /home/vscode/.local/lib/python3.10/site-packages/airflow/example_dags/tutorial_taskflow_api.py for tasks to queue
[2025-08-14T09:53:39.804+0000] {logging_mixin.py:150} INFO - [2025-08-14T09:53:39.804+0000] {dagbag.py:541} INFO - Filling up the DagBag from /home/vscode/.local/lib/python3.10/site-packages/airflow/example_dags/tutorial_taskflow_api.py
[2025-08-14T09:53:39.811+0000] {processor.py:836} INFO - DAG(s) dict_keys(['tutorial_taskflow_api']) retrieved from /home/vscode/.local/lib/python3.10/site-packages/airflow/example_dags/tutorial_taskflow_api.py
[2025-08-14T09:53:39.827+0000] {logging_mixin.py:150} INFO - [2025-08-14T09:53:39.826+0000] {dag.py:2742} INFO - Sync 1 DAGs
[2025-08-14T09:53:39.848+0000] {logging_mixin.py:150} INFO - [2025-08-14T09:53:39.848+0000] {dag.py:3504} INFO - Setting next_dagrun for tutorial_taskflow_api to None, run_after=None
[2025-08-14T09:53:39.864+0000] {processor.py:179} INFO - Processing /home/vscode/.local/lib/python3.10/site-packages/airflow/example_dags/tutorial_taskflow_api.py took 0.064 seconds
[2025-08-14T09:54:22.837+0000] {processor.py:157} INFO - Started process (PID=9988) to work on /home/vscode/.local/lib/python3.10/site-packages/airflow/example_dags/tutorial_taskflow_api.py
[2025-08-14T09:54:22.837+0000] {processor.py:826} INFO - Processing file /home/vscode/.local/lib/python3.10/site-packages/airflow/example_dags/tutorial_taskflow_api.py for tasks to queue
[2025-08-14T09:54:22.838+0000] {logging_mixin.py:150} INFO - [2025-08-14T09:54:22.838+0000] {dagbag.py:541} INFO - Filling up the DagBag from /home/vscode/.local/lib/python3.10/site-packages/airflow/example_dags/tutorial_taskflow_api.py
[2025-08-14T09:54:22.844+0000] {processor.py:836} INFO - DAG(s) dict_keys(['tutorial_taskflow_api']) retrieved from /home/vscode/.local/lib/python3.10/site-packages/airflow/example_dags/tutorial_taskflow_api.py
[2025-08-14T09:54:22.859+0000] {logging_mixin.py:150} INFO - [2025-08-14T09:54:22.859+0000] {dag.py:2742} INFO - Sync 1 DAGs
[2025-08-14T09:54:22.880+0000] {logging_mixin.py:150} INFO - [2025-08-14T09:54:22.880+0000] {dag.py:3504} INFO - Setting next_dagrun for tutorial_taskflow_api to None, run_after=None
[2025-08-14T09:54:22.901+0000] {processor.py:179} INFO - Processing /home/vscode/.local/lib/python3.10/site-packages/airflow/example_dags/tutorial_taskflow_api.py took 0.067 seconds
[2025-08-14T09:55:10.626+0000] {processor.py:157} INFO - Started process (PID=10313) to work on /home/vscode/.local/lib/python3.10/site-packages/airflow/example_dags/tutorial_taskflow_api.py
[2025-08-14T09:55:10.627+0000] {processor.py:826} INFO - Processing file /home/vscode/.local/lib/python3.10/site-packages/airflow/example_dags/tutorial_taskflow_api.py for tasks to queue
[2025-08-14T09:55:10.627+0000] {logging_mixin.py:150} INFO - [2025-08-14T09:55:10.627+0000] {dagbag.py:541} INFO - Filling up the DagBag from /home/vscode/.local/lib/python3.10/site-packages/airflow/example_dags/tutorial_taskflow_api.py
[2025-08-14T09:55:10.632+0000] {processor.py:836} INFO - DAG(s) dict_keys(['tutorial_taskflow_api']) retrieved from /home/vscode/.local/lib/python3.10/site-packages/airflow/example_dags/tutorial_taskflow_api.py
[2025-08-14T09:55:10.643+0000] {logging_mixin.py:150} INFO - [2025-08-14T09:55:10.643+0000] {dag.py:2742} INFO - Sync 1 DAGs
[2025-08-14T09:55:10.656+0000] {logging_mixin.py:150} INFO - [2025-08-14T09:55:10.656+0000] {dag.py:3504} INFO - Setting next_dagrun for tutorial_taskflow_api to None, run_after=None
[2025-08-14T09:55:10.671+0000] {processor.py:179} INFO - Processing /home/vscode/.local/lib/python3.10/site-packages/airflow/example_dags/tutorial_taskflow_api.py took 0.047 seconds
[2025-08-14T09:55:55.062+0000] {processor.py:157} INFO - Started process (PID=10613) to work on /home/vscode/.local/lib/python3.10/site-packages/airflow/example_dags/tutorial_taskflow_api.py
[2025-08-14T09:55:55.063+0000] {processor.py:826} INFO - Processing file /home/vscode/.local/lib/python3.10/site-packages/airflow/example_dags/tutorial_taskflow_api.py for tasks to queue
[2025-08-14T09:55:55.064+0000] {logging_mixin.py:150} INFO - [2025-08-14T09:55:55.063+0000] {dagbag.py:541} INFO - Filling up the DagBag from /home/vscode/.local/lib/python3.10/site-packages/airflow/example_dags/tutorial_taskflow_api.py
[2025-08-14T09:55:55.068+0000] {processor.py:836} INFO - DAG(s) dict_keys(['tutorial_taskflow_api']) retrieved from /home/vscode/.local/lib/python3.10/site-packages/airflow/example_dags/tutorial_taskflow_api.py
[2025-08-14T09:55:55.080+0000] {logging_mixin.py:150} INFO - [2025-08-14T09:55:55.080+0000] {dag.py:2742} INFO - Sync 1 DAGs
[2025-08-14T09:55:55.099+0000] {logging_mixin.py:150} INFO - [2025-08-14T09:55:55.098+0000] {dag.py:3504} INFO - Setting next_dagrun for tutorial_taskflow_api to None, run_after=None
[2025-08-14T09:55:55.119+0000] {processor.py:179} INFO - Processing /home/vscode/.local/lib/python3.10/site-packages/airflow/example_dags/tutorial_taskflow_api.py took 0.059 seconds
[2025-08-14T09:56:28.575+0000] {processor.py:157} INFO - Started process (PID=10896) to work on /home/vscode/.local/lib/python3.10/site-packages/airflow/example_dags/tutorial_taskflow_api.py
[2025-08-14T09:56:28.575+0000] {processor.py:826} INFO - Processing file /home/vscode/.local/lib/python3.10/site-packages/airflow/example_dags/tutorial_taskflow_api.py for tasks to queue
[2025-08-14T09:56:28.576+0000] {logging_mixin.py:150} INFO - [2025-08-14T09:56:28.576+0000] {dagbag.py:541} INFO - Filling up the DagBag from /home/vscode/.local/lib/python3.10/site-packages/airflow/example_dags/tutorial_taskflow_api.py
[2025-08-14T09:56:28.580+0000] {processor.py:836} INFO - DAG(s) dict_keys(['tutorial_taskflow_api']) retrieved from /home/vscode/.local/lib/python3.10/site-packages/airflow/example_dags/tutorial_taskflow_api.py
[2025-08-14T09:56:28.592+0000] {logging_mixin.py:150} INFO - [2025-08-14T09:56:28.592+0000] {dag.py:2742} INFO - Sync 1 DAGs
[2025-08-14T09:56:28.605+0000] {logging_mixin.py:150} INFO - [2025-08-14T09:56:28.605+0000] {dag.py:3504} INFO - Setting next_dagrun for tutorial_taskflow_api to None, run_after=None
[2025-08-14T09:56:28.621+0000] {processor.py:179} INFO - Processing /home/vscode/.local/lib/python3.10/site-packages/airflow/example_dags/tutorial_taskflow_api.py took 0.048 seconds
[2025-08-14T09:57:15.126+0000] {processor.py:157} INFO - Started process (PID=11222) to work on /home/vscode/.local/lib/python3.10/site-packages/airflow/example_dags/tutorial_taskflow_api.py
[2025-08-14T09:57:15.127+0000] {processor.py:826} INFO - Processing file /home/vscode/.local/lib/python3.10/site-packages/airflow/example_dags/tutorial_taskflow_api.py for tasks to queue
[2025-08-14T09:57:15.128+0000] {logging_mixin.py:150} INFO - [2025-08-14T09:57:15.127+0000] {dagbag.py:541} INFO - Filling up the DagBag from /home/vscode/.local/lib/python3.10/site-packages/airflow/example_dags/tutorial_taskflow_api.py
[2025-08-14T09:57:15.133+0000] {processor.py:836} INFO - DAG(s) dict_keys(['tutorial_taskflow_api']) retrieved from /home/vscode/.local/lib/python3.10/site-packages/airflow/example_dags/tutorial_taskflow_api.py
[2025-08-14T09:57:15.144+0000] {logging_mixin.py:150} INFO - [2025-08-14T09:57:15.144+0000] {dag.py:2742} INFO - Sync 1 DAGs
[2025-08-14T09:57:15.158+0000] {logging_mixin.py:150} INFO - [2025-08-14T09:57:15.158+0000] {dag.py:3504} INFO - Setting next_dagrun for tutorial_taskflow_api to None, run_after=None
[2025-08-14T09:57:15.183+0000] {processor.py:179} INFO - Processing /home/vscode/.local/lib/python3.10/site-packages/airflow/example_dags/tutorial_taskflow_api.py took 0.058 seconds
[2025-08-14T09:58:02.567+0000] {processor.py:157} INFO - Started process (PID=11609) to work on /home/vscode/.local/lib/python3.10/site-packages/airflow/example_dags/tutorial_taskflow_api.py
[2025-08-14T09:58:02.568+0000] {processor.py:826} INFO - Processing file /home/vscode/.local/lib/python3.10/site-packages/airflow/example_dags/tutorial_taskflow_api.py for tasks to queue
[2025-08-14T09:58:02.568+0000] {logging_mixin.py:150} INFO - [2025-08-14T09:58:02.568+0000] {dagbag.py:541} INFO - Filling up the DagBag from /home/vscode/.local/lib/python3.10/site-packages/airflow/example_dags/tutorial_taskflow_api.py
[2025-08-14T09:58:02.573+0000] {processor.py:836} INFO - DAG(s) dict_keys(['tutorial_taskflow_api']) retrieved from /home/vscode/.local/lib/python3.10/site-packages/airflow/example_dags/tutorial_taskflow_api.py
[2025-08-14T09:58:02.585+0000] {logging_mixin.py:150} INFO - [2025-08-14T09:58:02.585+0000] {dag.py:2742} INFO - Sync 1 DAGs
[2025-08-14T09:58:02.599+0000] {logging_mixin.py:150} INFO - [2025-08-14T09:58:02.598+0000] {dag.py:3504} INFO - Setting next_dagrun for tutorial_taskflow_api to None, run_after=None
[2025-08-14T09:58:02.614+0000] {processor.py:179} INFO - Processing /home/vscode/.local/lib/python3.10/site-packages/airflow/example_dags/tutorial_taskflow_api.py took 0.049 seconds
[2025-08-14T09:58:49.946+0000] {processor.py:157} INFO - Started process (PID=12033) to work on /home/vscode/.local/lib/python3.10/site-packages/airflow/example_dags/tutorial_taskflow_api.py
[2025-08-14T09:58:49.947+0000] {processor.py:826} INFO - Processing file /home/vscode/.local/lib/python3.10/site-packages/airflow/example_dags/tutorial_taskflow_api.py for tasks to queue
[2025-08-14T09:58:49.947+0000] {logging_mixin.py:150} INFO - [2025-08-14T09:58:49.947+0000] {dagbag.py:541} INFO - Filling up the DagBag from /home/vscode/.local/lib/python3.10/site-packages/airflow/example_dags/tutorial_taskflow_api.py
[2025-08-14T09:58:49.952+0000] {processor.py:836} INFO - DAG(s) dict_keys(['tutorial_taskflow_api']) retrieved from /home/vscode/.local/lib/python3.10/site-packages/airflow/example_dags/tutorial_taskflow_api.py
[2025-08-14T09:58:49.963+0000] {logging_mixin.py:150} INFO - [2025-08-14T09:58:49.963+0000] {dag.py:2742} INFO - Sync 1 DAGs
[2025-08-14T09:58:49.977+0000] {logging_mixin.py:150} INFO - [2025-08-14T09:58:49.976+0000] {dag.py:3504} INFO - Setting next_dagrun for tutorial_taskflow_api to None, run_after=None
[2025-08-14T09:58:49.999+0000] {processor.py:179} INFO - Processing /home/vscode/.local/lib/python3.10/site-packages/airflow/example_dags/tutorial_taskflow_api.py took 0.055 seconds
[2025-08-14T10:05:48.382+0000] {processor.py:157} INFO - Started process (PID=15048) to work on /home/vscode/.local/lib/python3.10/site-packages/airflow/example_dags/tutorial_taskflow_api.py
[2025-08-14T10:05:48.383+0000] {processor.py:826} INFO - Processing file /home/vscode/.local/lib/python3.10/site-packages/airflow/example_dags/tutorial_taskflow_api.py for tasks to queue
[2025-08-14T10:05:48.384+0000] {logging_mixin.py:150} INFO - [2025-08-14T10:05:48.383+0000] {dagbag.py:541} INFO - Filling up the DagBag from /home/vscode/.local/lib/python3.10/site-packages/airflow/example_dags/tutorial_taskflow_api.py
[2025-08-14T10:05:48.390+0000] {processor.py:836} INFO - DAG(s) dict_keys(['tutorial_taskflow_api']) retrieved from /home/vscode/.local/lib/python3.10/site-packages/airflow/example_dags/tutorial_taskflow_api.py
[2025-08-14T10:05:48.409+0000] {logging_mixin.py:150} INFO - [2025-08-14T10:05:48.409+0000] {dag.py:2742} INFO - Sync 1 DAGs
[2025-08-14T10:05:48.425+0000] {logging_mixin.py:150} INFO - [2025-08-14T10:05:48.425+0000] {dag.py:3504} INFO - Setting next_dagrun for tutorial_taskflow_api to None, run_after=None
[2025-08-14T10:05:48.441+0000] {processor.py:179} INFO - Processing /home/vscode/.local/lib/python3.10/site-packages/airflow/example_dags/tutorial_taskflow_api.py took 0.060 seconds
[2025-08-14T10:06:33.406+0000] {processor.py:157} INFO - Started process (PID=15358) to work on /home/vscode/.local/lib/python3.10/site-packages/airflow/example_dags/tutorial_taskflow_api.py
[2025-08-14T10:06:33.407+0000] {processor.py:826} INFO - Processing file /home/vscode/.local/lib/python3.10/site-packages/airflow/example_dags/tutorial_taskflow_api.py for tasks to queue
[2025-08-14T10:06:33.408+0000] {logging_mixin.py:150} INFO - [2025-08-14T10:06:33.408+0000] {dagbag.py:541} INFO - Filling up the DagBag from /home/vscode/.local/lib/python3.10/site-packages/airflow/example_dags/tutorial_taskflow_api.py
[2025-08-14T10:06:33.413+0000] {processor.py:836} INFO - DAG(s) dict_keys(['tutorial_taskflow_api']) retrieved from /home/vscode/.local/lib/python3.10/site-packages/airflow/example_dags/tutorial_taskflow_api.py
[2025-08-14T10:06:33.425+0000] {logging_mixin.py:150} INFO - [2025-08-14T10:06:33.425+0000] {dag.py:2742} INFO - Sync 1 DAGs
[2025-08-14T10:06:33.446+0000] {logging_mixin.py:150} INFO - [2025-08-14T10:06:33.446+0000] {dag.py:3504} INFO - Setting next_dagrun for tutorial_taskflow_api to None, run_after=None
[2025-08-14T10:06:33.467+0000] {processor.py:179} INFO - Processing /home/vscode/.local/lib/python3.10/site-packages/airflow/example_dags/tutorial_taskflow_api.py took 0.063 seconds
[2025-08-14T10:07:18.453+0000] {processor.py:157} INFO - Started process (PID=15653) to work on /home/vscode/.local/lib/python3.10/site-packages/airflow/example_dags/tutorial_taskflow_api.py
[2025-08-14T10:07:18.454+0000] {processor.py:826} INFO - Processing file /home/vscode/.local/lib/python3.10/site-packages/airflow/example_dags/tutorial_taskflow_api.py for tasks to queue
[2025-08-14T10:07:18.454+0000] {logging_mixin.py:150} INFO - [2025-08-14T10:07:18.454+0000] {dagbag.py:541} INFO - Filling up the DagBag from /home/vscode/.local/lib/python3.10/site-packages/airflow/example_dags/tutorial_taskflow_api.py
[2025-08-14T10:07:18.459+0000] {processor.py:836} INFO - DAG(s) dict_keys(['tutorial_taskflow_api']) retrieved from /home/vscode/.local/lib/python3.10/site-packages/airflow/example_dags/tutorial_taskflow_api.py
[2025-08-14T10:07:18.470+0000] {logging_mixin.py:150} INFO - [2025-08-14T10:07:18.470+0000] {dag.py:2742} INFO - Sync 1 DAGs
[2025-08-14T10:07:18.484+0000] {logging_mixin.py:150} INFO - [2025-08-14T10:07:18.484+0000] {dag.py:3504} INFO - Setting next_dagrun for tutorial_taskflow_api to None, run_after=None
[2025-08-14T10:07:18.499+0000] {processor.py:179} INFO - Processing /home/vscode/.local/lib/python3.10/site-packages/airflow/example_dags/tutorial_taskflow_api.py took 0.048 seconds
[2025-08-14T10:08:05.075+0000] {processor.py:157} INFO - Started process (PID=16033) to work on /home/vscode/.local/lib/python3.10/site-packages/airflow/example_dags/tutorial_taskflow_api.py
[2025-08-14T10:08:05.076+0000] {processor.py:826} INFO - Processing file /home/vscode/.local/lib/python3.10/site-packages/airflow/example_dags/tutorial_taskflow_api.py for tasks to queue
[2025-08-14T10:08:05.077+0000] {logging_mixin.py:150} INFO - [2025-08-14T10:08:05.076+0000] {dagbag.py:541} INFO - Filling up the DagBag from /home/vscode/.local/lib/python3.10/site-packages/airflow/example_dags/tutorial_taskflow_api.py
[2025-08-14T10:08:05.083+0000] {processor.py:836} INFO - DAG(s) dict_keys(['tutorial_taskflow_api']) retrieved from /home/vscode/.local/lib/python3.10/site-packages/airflow/example_dags/tutorial_taskflow_api.py
[2025-08-14T10:08:05.098+0000] {logging_mixin.py:150} INFO - [2025-08-14T10:08:05.098+0000] {dag.py:2742} INFO - Sync 1 DAGs
[2025-08-14T10:08:05.115+0000] {logging_mixin.py:150} INFO - [2025-08-14T10:08:05.115+0000] {dag.py:3504} INFO - Setting next_dagrun for tutorial_taskflow_api to None, run_after=None
[2025-08-14T10:08:05.133+0000] {processor.py:179} INFO - Processing /home/vscode/.local/lib/python3.10/site-packages/airflow/example_dags/tutorial_taskflow_api.py took 0.060 seconds
[2025-08-14T10:08:52.408+0000] {processor.py:157} INFO - Started process (PID=16443) to work on /home/vscode/.local/lib/python3.10/site-packages/airflow/example_dags/tutorial_taskflow_api.py
[2025-08-14T10:08:52.409+0000] {processor.py:826} INFO - Processing file /home/vscode/.local/lib/python3.10/site-packages/airflow/example_dags/tutorial_taskflow_api.py for tasks to queue
[2025-08-14T10:08:52.410+0000] {logging_mixin.py:150} INFO - [2025-08-14T10:08:52.410+0000] {dagbag.py:541} INFO - Filling up the DagBag from /home/vscode/.local/lib/python3.10/site-packages/airflow/example_dags/tutorial_taskflow_api.py
[2025-08-14T10:08:52.416+0000] {processor.py:836} INFO - DAG(s) dict_keys(['tutorial_taskflow_api']) retrieved from /home/vscode/.local/lib/python3.10/site-packages/airflow/example_dags/tutorial_taskflow_api.py
[2025-08-14T10:08:52.424+0000] {logging_mixin.py:150} INFO - [2025-08-14T10:08:52.424+0000] {dag.py:2742} INFO - Sync 1 DAGs
[2025-08-14T10:08:52.447+0000] {logging_mixin.py:150} INFO - [2025-08-14T10:08:52.447+0000] {dag.py:3504} INFO - Setting next_dagrun for tutorial_taskflow_api to None, run_after=None
[2025-08-14T10:08:52.466+0000] {processor.py:179} INFO - Processing /home/vscode/.local/lib/python3.10/site-packages/airflow/example_dags/tutorial_taskflow_api.py took 0.060 seconds
[2025-08-14T10:09:27.362+0000] {processor.py:157} INFO - Started process (PID=16737) to work on /home/vscode/.local/lib/python3.10/site-packages/airflow/example_dags/tutorial_taskflow_api.py
[2025-08-14T10:09:27.363+0000] {processor.py:826} INFO - Processing file /home/vscode/.local/lib/python3.10/site-packages/airflow/example_dags/tutorial_taskflow_api.py for tasks to queue
[2025-08-14T10:09:27.364+0000] {logging_mixin.py:150} INFO - [2025-08-14T10:09:27.363+0000] {dagbag.py:541} INFO - Filling up the DagBag from /home/vscode/.local/lib/python3.10/site-packages/airflow/example_dags/tutorial_taskflow_api.py
[2025-08-14T10:09:27.371+0000] {processor.py:836} INFO - DAG(s) dict_keys(['tutorial_taskflow_api']) retrieved from /home/vscode/.local/lib/python3.10/site-packages/airflow/example_dags/tutorial_taskflow_api.py
[2025-08-14T10:09:27.388+0000] {logging_mixin.py:150} INFO - [2025-08-14T10:09:27.388+0000] {dag.py:2742} INFO - Sync 1 DAGs
[2025-08-14T10:09:27.407+0000] {logging_mixin.py:150} INFO - [2025-08-14T10:09:27.407+0000] {dag.py:3504} INFO - Setting next_dagrun for tutorial_taskflow_api to None, run_after=None
[2025-08-14T10:09:27.423+0000] {processor.py:179} INFO - Processing /home/vscode/.local/lib/python3.10/site-packages/airflow/example_dags/tutorial_taskflow_api.py took 0.064 seconds
[2025-08-14T10:10:00.363+0000] {processor.py:157} INFO - Started process (PID=16988) to work on /home/vscode/.local/lib/python3.10/site-packages/airflow/example_dags/tutorial_taskflow_api.py
[2025-08-14T10:10:00.363+0000] {processor.py:826} INFO - Processing file /home/vscode/.local/lib/python3.10/site-packages/airflow/example_dags/tutorial_taskflow_api.py for tasks to queue
[2025-08-14T10:10:00.364+0000] {logging_mixin.py:150} INFO - [2025-08-14T10:10:00.364+0000] {dagbag.py:541} INFO - Filling up the DagBag from /home/vscode/.local/lib/python3.10/site-packages/airflow/example_dags/tutorial_taskflow_api.py
[2025-08-14T10:10:00.372+0000] {processor.py:836} INFO - DAG(s) dict_keys(['tutorial_taskflow_api']) retrieved from /home/vscode/.local/lib/python3.10/site-packages/airflow/example_dags/tutorial_taskflow_api.py
[2025-08-14T10:10:00.389+0000] {logging_mixin.py:150} INFO - [2025-08-14T10:10:00.388+0000] {dag.py:2742} INFO - Sync 1 DAGs
[2025-08-14T10:10:00.408+0000] {logging_mixin.py:150} INFO - [2025-08-14T10:10:00.407+0000] {dag.py:3504} INFO - Setting next_dagrun for tutorial_taskflow_api to None, run_after=None
[2025-08-14T10:10:00.424+0000] {processor.py:179} INFO - Processing /home/vscode/.local/lib/python3.10/site-packages/airflow/example_dags/tutorial_taskflow_api.py took 0.063 seconds
[2025-08-14T10:10:44.078+0000] {processor.py:157} INFO - Started process (PID=17311) to work on /home/vscode/.local/lib/python3.10/site-packages/airflow/example_dags/tutorial_taskflow_api.py
[2025-08-14T10:10:44.079+0000] {processor.py:826} INFO - Processing file /home/vscode/.local/lib/python3.10/site-packages/airflow/example_dags/tutorial_taskflow_api.py for tasks to queue
[2025-08-14T10:10:44.079+0000] {logging_mixin.py:150} INFO - [2025-08-14T10:10:44.079+0000] {dagbag.py:541} INFO - Filling up the DagBag from /home/vscode/.local/lib/python3.10/site-packages/airflow/example_dags/tutorial_taskflow_api.py
[2025-08-14T10:10:44.084+0000] {processor.py:836} INFO - DAG(s) dict_keys(['tutorial_taskflow_api']) retrieved from /home/vscode/.local/lib/python3.10/site-packages/airflow/example_dags/tutorial_taskflow_api.py
[2025-08-14T10:10:44.095+0000] {logging_mixin.py:150} INFO - [2025-08-14T10:10:44.095+0000] {dag.py:2742} INFO - Sync 1 DAGs
[2025-08-14T10:10:44.109+0000] {logging_mixin.py:150} INFO - [2025-08-14T10:10:44.109+0000] {dag.py:3504} INFO - Setting next_dagrun for tutorial_taskflow_api to None, run_after=None
[2025-08-14T10:10:44.125+0000] {processor.py:179} INFO - Processing /home/vscode/.local/lib/python3.10/site-packages/airflow/example_dags/tutorial_taskflow_api.py took 0.049 seconds
[2025-08-14T10:11:33.662+0000] {processor.py:157} INFO - Started process (PID=17678) to work on /home/vscode/.local/lib/python3.10/site-packages/airflow/example_dags/tutorial_taskflow_api.py
[2025-08-14T10:11:33.662+0000] {processor.py:826} INFO - Processing file /home/vscode/.local/lib/python3.10/site-packages/airflow/example_dags/tutorial_taskflow_api.py for tasks to queue
[2025-08-14T10:11:33.663+0000] {logging_mixin.py:150} INFO - [2025-08-14T10:11:33.663+0000] {dagbag.py:541} INFO - Filling up the DagBag from /home/vscode/.local/lib/python3.10/site-packages/airflow/example_dags/tutorial_taskflow_api.py
[2025-08-14T10:11:33.667+0000] {processor.py:836} INFO - DAG(s) dict_keys(['tutorial_taskflow_api']) retrieved from /home/vscode/.local/lib/python3.10/site-packages/airflow/example_dags/tutorial_taskflow_api.py
[2025-08-14T10:11:33.678+0000] {logging_mixin.py:150} INFO - [2025-08-14T10:11:33.678+0000] {dag.py:2742} INFO - Sync 1 DAGs
[2025-08-14T10:11:33.692+0000] {logging_mixin.py:150} INFO - [2025-08-14T10:11:33.692+0000] {dag.py:3504} INFO - Setting next_dagrun for tutorial_taskflow_api to None, run_after=None
[2025-08-14T10:11:33.709+0000] {processor.py:179} INFO - Processing /home/vscode/.local/lib/python3.10/site-packages/airflow/example_dags/tutorial_taskflow_api.py took 0.049 seconds
[2025-08-14T10:12:16.542+0000] {processor.py:157} INFO - Started process (PID=18001) to work on /home/vscode/.local/lib/python3.10/site-packages/airflow/example_dags/tutorial_taskflow_api.py
[2025-08-14T10:12:16.543+0000] {processor.py:826} INFO - Processing file /home/vscode/.local/lib/python3.10/site-packages/airflow/example_dags/tutorial_taskflow_api.py for tasks to queue
[2025-08-14T10:12:16.544+0000] {logging_mixin.py:150} INFO - [2025-08-14T10:12:16.544+0000] {dagbag.py:541} INFO - Filling up the DagBag from /home/vscode/.local/lib/python3.10/site-packages/airflow/example_dags/tutorial_taskflow_api.py
[2025-08-14T10:12:16.551+0000] {processor.py:836} INFO - DAG(s) dict_keys(['tutorial_taskflow_api']) retrieved from /home/vscode/.local/lib/python3.10/site-packages/airflow/example_dags/tutorial_taskflow_api.py
[2025-08-14T10:12:16.563+0000] {logging_mixin.py:150} INFO - [2025-08-14T10:12:16.563+0000] {dag.py:2742} INFO - Sync 1 DAGs
[2025-08-14T10:12:16.577+0000] {logging_mixin.py:150} INFO - [2025-08-14T10:12:16.576+0000] {dag.py:3504} INFO - Setting next_dagrun for tutorial_taskflow_api to None, run_after=None
[2025-08-14T10:12:16.592+0000] {processor.py:179} INFO - Processing /home/vscode/.local/lib/python3.10/site-packages/airflow/example_dags/tutorial_taskflow_api.py took 0.052 seconds
[2025-08-14T10:13:05.089+0000] {processor.py:157} INFO - Started process (PID=18362) to work on /home/vscode/.local/lib/python3.10/site-packages/airflow/example_dags/tutorial_taskflow_api.py
[2025-08-14T10:13:05.090+0000] {processor.py:826} INFO - Processing file /home/vscode/.local/lib/python3.10/site-packages/airflow/example_dags/tutorial_taskflow_api.py for tasks to queue
[2025-08-14T10:13:05.090+0000] {logging_mixin.py:150} INFO - [2025-08-14T10:13:05.090+0000] {dagbag.py:541} INFO - Filling up the DagBag from /home/vscode/.local/lib/python3.10/site-packages/airflow/example_dags/tutorial_taskflow_api.py
[2025-08-14T10:13:05.094+0000] {processor.py:836} INFO - DAG(s) dict_keys(['tutorial_taskflow_api']) retrieved from /home/vscode/.local/lib/python3.10/site-packages/airflow/example_dags/tutorial_taskflow_api.py
[2025-08-14T10:13:05.105+0000] {logging_mixin.py:150} INFO - [2025-08-14T10:13:05.105+0000] {dag.py:2742} INFO - Sync 1 DAGs
[2025-08-14T10:13:05.119+0000] {logging_mixin.py:150} INFO - [2025-08-14T10:13:05.119+0000] {dag.py:3504} INFO - Setting next_dagrun for tutorial_taskflow_api to None, run_after=None
[2025-08-14T10:13:05.135+0000] {processor.py:179} INFO - Processing /home/vscode/.local/lib/python3.10/site-packages/airflow/example_dags/tutorial_taskflow_api.py took 0.047 seconds
[2025-08-14T10:13:41.512+0000] {processor.py:157} INFO - Started process (PID=18621) to work on /home/vscode/.local/lib/python3.10/site-packages/airflow/example_dags/tutorial_taskflow_api.py
[2025-08-14T10:13:41.513+0000] {processor.py:826} INFO - Processing file /home/vscode/.local/lib/python3.10/site-packages/airflow/example_dags/tutorial_taskflow_api.py for tasks to queue
[2025-08-14T10:13:41.514+0000] {logging_mixin.py:150} INFO - [2025-08-14T10:13:41.513+0000] {dagbag.py:541} INFO - Filling up the DagBag from /home/vscode/.local/lib/python3.10/site-packages/airflow/example_dags/tutorial_taskflow_api.py
[2025-08-14T10:13:41.520+0000] {processor.py:836} INFO - DAG(s) dict_keys(['tutorial_taskflow_api']) retrieved from /home/vscode/.local/lib/python3.10/site-packages/airflow/example_dags/tutorial_taskflow_api.py
[2025-08-14T10:13:41.534+0000] {logging_mixin.py:150} INFO - [2025-08-14T10:13:41.534+0000] {dag.py:2742} INFO - Sync 1 DAGs
[2025-08-14T10:13:41.549+0000] {logging_mixin.py:150} INFO - [2025-08-14T10:13:41.549+0000] {dag.py:3504} INFO - Setting next_dagrun for tutorial_taskflow_api to None, run_after=None
[2025-08-14T10:13:41.568+0000] {processor.py:179} INFO - Processing /home/vscode/.local/lib/python3.10/site-packages/airflow/example_dags/tutorial_taskflow_api.py took 0.058 seconds
[2025-08-14T10:14:24.141+0000] {processor.py:157} INFO - Started process (PID=18947) to work on /home/vscode/.local/lib/python3.10/site-packages/airflow/example_dags/tutorial_taskflow_api.py
[2025-08-14T10:14:24.142+0000] {processor.py:826} INFO - Processing file /home/vscode/.local/lib/python3.10/site-packages/airflow/example_dags/tutorial_taskflow_api.py for tasks to queue
[2025-08-14T10:14:24.143+0000] {logging_mixin.py:150} INFO - [2025-08-14T10:14:24.142+0000] {dagbag.py:541} INFO - Filling up the DagBag from /home/vscode/.local/lib/python3.10/site-packages/airflow/example_dags/tutorial_taskflow_api.py
[2025-08-14T10:14:24.150+0000] {processor.py:836} INFO - DAG(s) dict_keys(['tutorial_taskflow_api']) retrieved from /home/vscode/.local/lib/python3.10/site-packages/airflow/example_dags/tutorial_taskflow_api.py
[2025-08-14T10:14:24.166+0000] {logging_mixin.py:150} INFO - [2025-08-14T10:14:24.166+0000] {dag.py:2742} INFO - Sync 1 DAGs
[2025-08-14T10:14:24.187+0000] {logging_mixin.py:150} INFO - [2025-08-14T10:14:24.187+0000] {dag.py:3504} INFO - Setting next_dagrun for tutorial_taskflow_api to None, run_after=None
[2025-08-14T10:14:24.205+0000] {processor.py:179} INFO - Processing /home/vscode/.local/lib/python3.10/site-packages/airflow/example_dags/tutorial_taskflow_api.py took 0.067 seconds
[2025-08-14T10:15:10.956+0000] {processor.py:157} INFO - Started process (PID=19294) to work on /home/vscode/.local/lib/python3.10/site-packages/airflow/example_dags/tutorial_taskflow_api.py
[2025-08-14T10:15:10.957+0000] {processor.py:826} INFO - Processing file /home/vscode/.local/lib/python3.10/site-packages/airflow/example_dags/tutorial_taskflow_api.py for tasks to queue
[2025-08-14T10:15:10.958+0000] {logging_mixin.py:150} INFO - [2025-08-14T10:15:10.958+0000] {dagbag.py:541} INFO - Filling up the DagBag from /home/vscode/.local/lib/python3.10/site-packages/airflow/example_dags/tutorial_taskflow_api.py
[2025-08-14T10:15:10.964+0000] {processor.py:836} INFO - DAG(s) dict_keys(['tutorial_taskflow_api']) retrieved from /home/vscode/.local/lib/python3.10/site-packages/airflow/example_dags/tutorial_taskflow_api.py
[2025-08-14T10:15:10.981+0000] {logging_mixin.py:150} INFO - [2025-08-14T10:15:10.981+0000] {dag.py:2742} INFO - Sync 1 DAGs
[2025-08-14T10:15:11.002+0000] {logging_mixin.py:150} INFO - [2025-08-14T10:15:11.002+0000] {dag.py:3504} INFO - Setting next_dagrun for tutorial_taskflow_api to None, run_after=None
[2025-08-14T10:15:11.025+0000] {processor.py:179} INFO - Processing /home/vscode/.local/lib/python3.10/site-packages/airflow/example_dags/tutorial_taskflow_api.py took 0.072 seconds
[2025-08-14T10:15:51.339+0000] {processor.py:157} INFO - Started process (PID=19595) to work on /home/vscode/.local/lib/python3.10/site-packages/airflow/example_dags/tutorial_taskflow_api.py
[2025-08-14T10:15:51.340+0000] {processor.py:826} INFO - Processing file /home/vscode/.local/lib/python3.10/site-packages/airflow/example_dags/tutorial_taskflow_api.py for tasks to queue
[2025-08-14T10:15:51.340+0000] {logging_mixin.py:150} INFO - [2025-08-14T10:15:51.340+0000] {dagbag.py:541} INFO - Filling up the DagBag from /home/vscode/.local/lib/python3.10/site-packages/airflow/example_dags/tutorial_taskflow_api.py
[2025-08-14T10:15:51.345+0000] {processor.py:836} INFO - DAG(s) dict_keys(['tutorial_taskflow_api']) retrieved from /home/vscode/.local/lib/python3.10/site-packages/airflow/example_dags/tutorial_taskflow_api.py
[2025-08-14T10:15:51.356+0000] {logging_mixin.py:150} INFO - [2025-08-14T10:15:51.356+0000] {dag.py:2742} INFO - Sync 1 DAGs
[2025-08-14T10:15:51.370+0000] {logging_mixin.py:150} INFO - [2025-08-14T10:15:51.370+0000] {dag.py:3504} INFO - Setting next_dagrun for tutorial_taskflow_api to None, run_after=None
[2025-08-14T10:15:51.385+0000] {processor.py:179} INFO - Processing /home/vscode/.local/lib/python3.10/site-packages/airflow/example_dags/tutorial_taskflow_api.py took 0.048 seconds
[2025-08-14T10:16:37.708+0000] {processor.py:157} INFO - Started process (PID=19943) to work on /home/vscode/.local/lib/python3.10/site-packages/airflow/example_dags/tutorial_taskflow_api.py
[2025-08-14T10:16:37.709+0000] {processor.py:826} INFO - Processing file /home/vscode/.local/lib/python3.10/site-packages/airflow/example_dags/tutorial_taskflow_api.py for tasks to queue
[2025-08-14T10:16:37.709+0000] {logging_mixin.py:150} INFO - [2025-08-14T10:16:37.709+0000] {dagbag.py:541} INFO - Filling up the DagBag from /home/vscode/.local/lib/python3.10/site-packages/airflow/example_dags/tutorial_taskflow_api.py
[2025-08-14T10:16:37.716+0000] {processor.py:836} INFO - DAG(s) dict_keys(['tutorial_taskflow_api']) retrieved from /home/vscode/.local/lib/python3.10/site-packages/airflow/example_dags/tutorial_taskflow_api.py
[2025-08-14T10:16:37.732+0000] {logging_mixin.py:150} INFO - [2025-08-14T10:16:37.732+0000] {dag.py:2742} INFO - Sync 1 DAGs
[2025-08-14T10:16:37.751+0000] {logging_mixin.py:150} INFO - [2025-08-14T10:16:37.751+0000] {dag.py:3504} INFO - Setting next_dagrun for tutorial_taskflow_api to None, run_after=None
[2025-08-14T10:16:37.765+0000] {processor.py:179} INFO - Processing /home/vscode/.local/lib/python3.10/site-packages/airflow/example_dags/tutorial_taskflow_api.py took 0.060 seconds
[2025-08-14T10:17:26.805+0000] {processor.py:157} INFO - Started process (PID=20307) to work on /home/vscode/.local/lib/python3.10/site-packages/airflow/example_dags/tutorial_taskflow_api.py
[2025-08-14T10:17:26.805+0000] {processor.py:826} INFO - Processing file /home/vscode/.local/lib/python3.10/site-packages/airflow/example_dags/tutorial_taskflow_api.py for tasks to queue
[2025-08-14T10:17:26.806+0000] {logging_mixin.py:150} INFO - [2025-08-14T10:17:26.806+0000] {dagbag.py:541} INFO - Filling up the DagBag from /home/vscode/.local/lib/python3.10/site-packages/airflow/example_dags/tutorial_taskflow_api.py
[2025-08-14T10:17:26.811+0000] {processor.py:836} INFO - DAG(s) dict_keys(['tutorial_taskflow_api']) retrieved from /home/vscode/.local/lib/python3.10/site-packages/airflow/example_dags/tutorial_taskflow_api.py
[2025-08-14T10:17:26.822+0000] {logging_mixin.py:150} INFO - [2025-08-14T10:17:26.822+0000] {dag.py:2742} INFO - Sync 1 DAGs
[2025-08-14T10:17:26.837+0000] {logging_mixin.py:150} INFO - [2025-08-14T10:17:26.836+0000] {dag.py:3504} INFO - Setting next_dagrun for tutorial_taskflow_api to None, run_after=None
[2025-08-14T10:17:26.853+0000] {processor.py:179} INFO - Processing /home/vscode/.local/lib/python3.10/site-packages/airflow/example_dags/tutorial_taskflow_api.py took 0.051 seconds
[2025-08-14T10:18:12.042+0000] {processor.py:157} INFO - Started process (PID=20618) to work on /home/vscode/.local/lib/python3.10/site-packages/airflow/example_dags/tutorial_taskflow_api.py
[2025-08-14T10:18:12.042+0000] {processor.py:826} INFO - Processing file /home/vscode/.local/lib/python3.10/site-packages/airflow/example_dags/tutorial_taskflow_api.py for tasks to queue
[2025-08-14T10:18:12.043+0000] {logging_mixin.py:150} INFO - [2025-08-14T10:18:12.043+0000] {dagbag.py:541} INFO - Filling up the DagBag from /home/vscode/.local/lib/python3.10/site-packages/airflow/example_dags/tutorial_taskflow_api.py
[2025-08-14T10:18:12.048+0000] {processor.py:836} INFO - DAG(s) dict_keys(['tutorial_taskflow_api']) retrieved from /home/vscode/.local/lib/python3.10/site-packages/airflow/example_dags/tutorial_taskflow_api.py
[2025-08-14T10:18:12.060+0000] {logging_mixin.py:150} INFO - [2025-08-14T10:18:12.060+0000] {dag.py:2742} INFO - Sync 1 DAGs
[2025-08-14T10:18:12.075+0000] {logging_mixin.py:150} INFO - [2025-08-14T10:18:12.075+0000] {dag.py:3504} INFO - Setting next_dagrun for tutorial_taskflow_api to None, run_after=None
[2025-08-14T10:18:12.090+0000] {processor.py:179} INFO - Processing /home/vscode/.local/lib/python3.10/site-packages/airflow/example_dags/tutorial_taskflow_api.py took 0.050 seconds
[2025-08-14T10:19:00.589+0000] {processor.py:157} INFO - Started process (PID=20937) to work on /home/vscode/.local/lib/python3.10/site-packages/airflow/example_dags/tutorial_taskflow_api.py
[2025-08-14T10:19:00.590+0000] {processor.py:826} INFO - Processing file /home/vscode/.local/lib/python3.10/site-packages/airflow/example_dags/tutorial_taskflow_api.py for tasks to queue
[2025-08-14T10:19:00.590+0000] {logging_mixin.py:150} INFO - [2025-08-14T10:19:00.590+0000] {dagbag.py:541} INFO - Filling up the DagBag from /home/vscode/.local/lib/python3.10/site-packages/airflow/example_dags/tutorial_taskflow_api.py
[2025-08-14T10:19:00.595+0000] {processor.py:836} INFO - DAG(s) dict_keys(['tutorial_taskflow_api']) retrieved from /home/vscode/.local/lib/python3.10/site-packages/airflow/example_dags/tutorial_taskflow_api.py
[2025-08-14T10:19:00.606+0000] {logging_mixin.py:150} INFO - [2025-08-14T10:19:00.606+0000] {dag.py:2742} INFO - Sync 1 DAGs
[2025-08-14T10:19:00.619+0000] {logging_mixin.py:150} INFO - [2025-08-14T10:19:00.619+0000] {dag.py:3504} INFO - Setting next_dagrun for tutorial_taskflow_api to None, run_after=None
[2025-08-14T10:19:00.638+0000] {processor.py:179} INFO - Processing /home/vscode/.local/lib/python3.10/site-packages/airflow/example_dags/tutorial_taskflow_api.py took 0.051 seconds
[2025-08-14T10:19:33.157+0000] {processor.py:157} INFO - Started process (PID=21162) to work on /home/vscode/.local/lib/python3.10/site-packages/airflow/example_dags/tutorial_taskflow_api.py
[2025-08-14T10:19:33.158+0000] {processor.py:826} INFO - Processing file /home/vscode/.local/lib/python3.10/site-packages/airflow/example_dags/tutorial_taskflow_api.py for tasks to queue
[2025-08-14T10:19:33.159+0000] {logging_mixin.py:150} INFO - [2025-08-14T10:19:33.158+0000] {dagbag.py:541} INFO - Filling up the DagBag from /home/vscode/.local/lib/python3.10/site-packages/airflow/example_dags/tutorial_taskflow_api.py
[2025-08-14T10:19:33.163+0000] {processor.py:836} INFO - DAG(s) dict_keys(['tutorial_taskflow_api']) retrieved from /home/vscode/.local/lib/python3.10/site-packages/airflow/example_dags/tutorial_taskflow_api.py
[2025-08-14T10:19:33.175+0000] {logging_mixin.py:150} INFO - [2025-08-14T10:19:33.175+0000] {dag.py:2742} INFO - Sync 1 DAGs
[2025-08-14T10:19:33.195+0000] {logging_mixin.py:150} INFO - [2025-08-14T10:19:33.195+0000] {dag.py:3504} INFO - Setting next_dagrun for tutorial_taskflow_api to None, run_after=None
[2025-08-14T10:19:33.219+0000] {processor.py:179} INFO - Processing /home/vscode/.local/lib/python3.10/site-packages/airflow/example_dags/tutorial_taskflow_api.py took 0.064 seconds
[2025-08-14T10:20:18.565+0000] {processor.py:157} INFO - Started process (PID=21522) to work on /home/vscode/.local/lib/python3.10/site-packages/airflow/example_dags/tutorial_taskflow_api.py
[2025-08-14T10:20:18.566+0000] {processor.py:826} INFO - Processing file /home/vscode/.local/lib/python3.10/site-packages/airflow/example_dags/tutorial_taskflow_api.py for tasks to queue
[2025-08-14T10:20:18.566+0000] {logging_mixin.py:150} INFO - [2025-08-14T10:20:18.566+0000] {dagbag.py:541} INFO - Filling up the DagBag from /home/vscode/.local/lib/python3.10/site-packages/airflow/example_dags/tutorial_taskflow_api.py
[2025-08-14T10:20:18.571+0000] {processor.py:836} INFO - DAG(s) dict_keys(['tutorial_taskflow_api']) retrieved from /home/vscode/.local/lib/python3.10/site-packages/airflow/example_dags/tutorial_taskflow_api.py
[2025-08-14T10:20:18.583+0000] {logging_mixin.py:150} INFO - [2025-08-14T10:20:18.583+0000] {dag.py:2742} INFO - Sync 1 DAGs
[2025-08-14T10:20:18.597+0000] {logging_mixin.py:150} INFO - [2025-08-14T10:20:18.597+0000] {dag.py:3504} INFO - Setting next_dagrun for tutorial_taskflow_api to None, run_after=None
[2025-08-14T10:20:18.613+0000] {processor.py:179} INFO - Processing /home/vscode/.local/lib/python3.10/site-packages/airflow/example_dags/tutorial_taskflow_api.py took 0.050 seconds
[2025-08-14T10:21:05.720+0000] {processor.py:157} INFO - Started process (PID=21834) to work on /home/vscode/.local/lib/python3.10/site-packages/airflow/example_dags/tutorial_taskflow_api.py
[2025-08-14T10:21:05.721+0000] {processor.py:826} INFO - Processing file /home/vscode/.local/lib/python3.10/site-packages/airflow/example_dags/tutorial_taskflow_api.py for tasks to queue
[2025-08-14T10:21:05.722+0000] {logging_mixin.py:150} INFO - [2025-08-14T10:21:05.721+0000] {dagbag.py:541} INFO - Filling up the DagBag from /home/vscode/.local/lib/python3.10/site-packages/airflow/example_dags/tutorial_taskflow_api.py
[2025-08-14T10:21:05.726+0000] {processor.py:836} INFO - DAG(s) dict_keys(['tutorial_taskflow_api']) retrieved from /home/vscode/.local/lib/python3.10/site-packages/airflow/example_dags/tutorial_taskflow_api.py
[2025-08-14T10:21:05.737+0000] {logging_mixin.py:150} INFO - [2025-08-14T10:21:05.737+0000] {dag.py:2742} INFO - Sync 1 DAGs
[2025-08-14T10:21:05.750+0000] {logging_mixin.py:150} INFO - [2025-08-14T10:21:05.750+0000] {dag.py:3504} INFO - Setting next_dagrun for tutorial_taskflow_api to None, run_after=None
[2025-08-14T10:21:05.766+0000] {processor.py:179} INFO - Processing /home/vscode/.local/lib/python3.10/site-packages/airflow/example_dags/tutorial_taskflow_api.py took 0.047 seconds
[2025-08-14T10:21:39.973+0000] {processor.py:157} INFO - Started process (PID=22064) to work on /home/vscode/.local/lib/python3.10/site-packages/airflow/example_dags/tutorial_taskflow_api.py
[2025-08-14T10:21:39.974+0000] {processor.py:826} INFO - Processing file /home/vscode/.local/lib/python3.10/site-packages/airflow/example_dags/tutorial_taskflow_api.py for tasks to queue
[2025-08-14T10:21:39.974+0000] {logging_mixin.py:150} INFO - [2025-08-14T10:21:39.974+0000] {dagbag.py:541} INFO - Filling up the DagBag from /home/vscode/.local/lib/python3.10/site-packages/airflow/example_dags/tutorial_taskflow_api.py
[2025-08-14T10:21:39.980+0000] {processor.py:836} INFO - DAG(s) dict_keys(['tutorial_taskflow_api']) retrieved from /home/vscode/.local/lib/python3.10/site-packages/airflow/example_dags/tutorial_taskflow_api.py
[2025-08-14T10:21:39.991+0000] {logging_mixin.py:150} INFO - [2025-08-14T10:21:39.991+0000] {dag.py:2742} INFO - Sync 1 DAGs
[2025-08-14T10:21:40.005+0000] {logging_mixin.py:150} INFO - [2025-08-14T10:21:40.005+0000] {dag.py:3504} INFO - Setting next_dagrun for tutorial_taskflow_api to None, run_after=None
[2025-08-14T10:21:40.021+0000] {processor.py:179} INFO - Processing /home/vscode/.local/lib/python3.10/site-packages/airflow/example_dags/tutorial_taskflow_api.py took 0.050 seconds
[2025-08-14T10:22:27.069+0000] {processor.py:157} INFO - Started process (PID=22376) to work on /home/vscode/.local/lib/python3.10/site-packages/airflow/example_dags/tutorial_taskflow_api.py
[2025-08-14T10:22:27.070+0000] {processor.py:826} INFO - Processing file /home/vscode/.local/lib/python3.10/site-packages/airflow/example_dags/tutorial_taskflow_api.py for tasks to queue
[2025-08-14T10:22:27.071+0000] {logging_mixin.py:150} INFO - [2025-08-14T10:22:27.070+0000] {dagbag.py:541} INFO - Filling up the DagBag from /home/vscode/.local/lib/python3.10/site-packages/airflow/example_dags/tutorial_taskflow_api.py
[2025-08-14T10:22:27.075+0000] {processor.py:836} INFO - DAG(s) dict_keys(['tutorial_taskflow_api']) retrieved from /home/vscode/.local/lib/python3.10/site-packages/airflow/example_dags/tutorial_taskflow_api.py
[2025-08-14T10:22:27.086+0000] {logging_mixin.py:150} INFO - [2025-08-14T10:22:27.086+0000] {dag.py:2742} INFO - Sync 1 DAGs
[2025-08-14T10:22:27.100+0000] {logging_mixin.py:150} INFO - [2025-08-14T10:22:27.100+0000] {dag.py:3504} INFO - Setting next_dagrun for tutorial_taskflow_api to None, run_after=None
[2025-08-14T10:22:27.116+0000] {processor.py:179} INFO - Processing /home/vscode/.local/lib/python3.10/site-packages/airflow/example_dags/tutorial_taskflow_api.py took 0.048 seconds
[2025-08-14T10:23:10.277+0000] {processor.py:157} INFO - Started process (PID=22664) to work on /home/vscode/.local/lib/python3.10/site-packages/airflow/example_dags/tutorial_taskflow_api.py
[2025-08-14T10:23:10.277+0000] {processor.py:826} INFO - Processing file /home/vscode/.local/lib/python3.10/site-packages/airflow/example_dags/tutorial_taskflow_api.py for tasks to queue
[2025-08-14T10:23:10.278+0000] {logging_mixin.py:150} INFO - [2025-08-14T10:23:10.278+0000] {dagbag.py:541} INFO - Filling up the DagBag from /home/vscode/.local/lib/python3.10/site-packages/airflow/example_dags/tutorial_taskflow_api.py
[2025-08-14T10:23:10.283+0000] {processor.py:836} INFO - DAG(s) dict_keys(['tutorial_taskflow_api']) retrieved from /home/vscode/.local/lib/python3.10/site-packages/airflow/example_dags/tutorial_taskflow_api.py
[2025-08-14T10:23:10.295+0000] {logging_mixin.py:150} INFO - [2025-08-14T10:23:10.295+0000] {dag.py:2742} INFO - Sync 1 DAGs
[2025-08-14T10:23:10.309+0000] {logging_mixin.py:150} INFO - [2025-08-14T10:23:10.309+0000] {dag.py:3504} INFO - Setting next_dagrun for tutorial_taskflow_api to None, run_after=None
[2025-08-14T10:23:10.325+0000] {processor.py:179} INFO - Processing /home/vscode/.local/lib/python3.10/site-packages/airflow/example_dags/tutorial_taskflow_api.py took 0.050 seconds
[2025-08-14T10:23:56.404+0000] {processor.py:157} INFO - Started process (PID=22993) to work on /home/vscode/.local/lib/python3.10/site-packages/airflow/example_dags/tutorial_taskflow_api.py
[2025-08-14T10:23:56.405+0000] {processor.py:826} INFO - Processing file /home/vscode/.local/lib/python3.10/site-packages/airflow/example_dags/tutorial_taskflow_api.py for tasks to queue
[2025-08-14T10:23:56.406+0000] {logging_mixin.py:150} INFO - [2025-08-14T10:23:56.405+0000] {dagbag.py:541} INFO - Filling up the DagBag from /home/vscode/.local/lib/python3.10/site-packages/airflow/example_dags/tutorial_taskflow_api.py
[2025-08-14T10:23:56.412+0000] {processor.py:836} INFO - DAG(s) dict_keys(['tutorial_taskflow_api']) retrieved from /home/vscode/.local/lib/python3.10/site-packages/airflow/example_dags/tutorial_taskflow_api.py
[2025-08-14T10:23:56.426+0000] {logging_mixin.py:150} INFO - [2025-08-14T10:23:56.426+0000] {dag.py:2742} INFO - Sync 1 DAGs
[2025-08-14T10:23:56.440+0000] {logging_mixin.py:150} INFO - [2025-08-14T10:23:56.440+0000] {dag.py:3504} INFO - Setting next_dagrun for tutorial_taskflow_api to None, run_after=None
[2025-08-14T10:23:56.455+0000] {processor.py:179} INFO - Processing /home/vscode/.local/lib/python3.10/site-packages/airflow/example_dags/tutorial_taskflow_api.py took 0.053 seconds
[2025-08-14T10:24:44.493+0000] {processor.py:157} INFO - Started process (PID=23326) to work on /home/vscode/.local/lib/python3.10/site-packages/airflow/example_dags/tutorial_taskflow_api.py
[2025-08-14T10:24:44.493+0000] {processor.py:826} INFO - Processing file /home/vscode/.local/lib/python3.10/site-packages/airflow/example_dags/tutorial_taskflow_api.py for tasks to queue
[2025-08-14T10:24:44.494+0000] {logging_mixin.py:150} INFO - [2025-08-14T10:24:44.494+0000] {dagbag.py:541} INFO - Filling up the DagBag from /home/vscode/.local/lib/python3.10/site-packages/airflow/example_dags/tutorial_taskflow_api.py
[2025-08-14T10:24:44.499+0000] {processor.py:836} INFO - DAG(s) dict_keys(['tutorial_taskflow_api']) retrieved from /home/vscode/.local/lib/python3.10/site-packages/airflow/example_dags/tutorial_taskflow_api.py
[2025-08-14T10:24:44.512+0000] {logging_mixin.py:150} INFO - [2025-08-14T10:24:44.511+0000] {dag.py:2742} INFO - Sync 1 DAGs
[2025-08-14T10:24:44.526+0000] {logging_mixin.py:150} INFO - [2025-08-14T10:24:44.526+0000] {dag.py:3504} INFO - Setting next_dagrun for tutorial_taskflow_api to None, run_after=None
[2025-08-14T10:24:44.543+0000] {processor.py:179} INFO - Processing /home/vscode/.local/lib/python3.10/site-packages/airflow/example_dags/tutorial_taskflow_api.py took 0.052 seconds
[2025-08-14T10:25:28.849+0000] {processor.py:157} INFO - Started process (PID=23628) to work on /home/vscode/.local/lib/python3.10/site-packages/airflow/example_dags/tutorial_taskflow_api.py
[2025-08-14T10:25:28.850+0000] {processor.py:826} INFO - Processing file /home/vscode/.local/lib/python3.10/site-packages/airflow/example_dags/tutorial_taskflow_api.py for tasks to queue
[2025-08-14T10:25:28.850+0000] {logging_mixin.py:150} INFO - [2025-08-14T10:25:28.850+0000] {dagbag.py:541} INFO - Filling up the DagBag from /home/vscode/.local/lib/python3.10/site-packages/airflow/example_dags/tutorial_taskflow_api.py
[2025-08-14T10:25:28.855+0000] {processor.py:836} INFO - DAG(s) dict_keys(['tutorial_taskflow_api']) retrieved from /home/vscode/.local/lib/python3.10/site-packages/airflow/example_dags/tutorial_taskflow_api.py
[2025-08-14T10:25:28.866+0000] {logging_mixin.py:150} INFO - [2025-08-14T10:25:28.866+0000] {dag.py:2742} INFO - Sync 1 DAGs
[2025-08-14T10:25:28.880+0000] {logging_mixin.py:150} INFO - [2025-08-14T10:25:28.880+0000] {dag.py:3504} INFO - Setting next_dagrun for tutorial_taskflow_api to None, run_after=None
[2025-08-14T10:25:28.894+0000] {processor.py:179} INFO - Processing /home/vscode/.local/lib/python3.10/site-packages/airflow/example_dags/tutorial_taskflow_api.py took 0.047 seconds
[2025-08-14T10:26:16.194+0000] {processor.py:157} INFO - Started process (PID=23943) to work on /home/vscode/.local/lib/python3.10/site-packages/airflow/example_dags/tutorial_taskflow_api.py
[2025-08-14T10:26:16.195+0000] {processor.py:826} INFO - Processing file /home/vscode/.local/lib/python3.10/site-packages/airflow/example_dags/tutorial_taskflow_api.py for tasks to queue
[2025-08-14T10:26:16.195+0000] {logging_mixin.py:150} INFO - [2025-08-14T10:26:16.195+0000] {dagbag.py:541} INFO - Filling up the DagBag from /home/vscode/.local/lib/python3.10/site-packages/airflow/example_dags/tutorial_taskflow_api.py
[2025-08-14T10:26:16.200+0000] {processor.py:836} INFO - DAG(s) dict_keys(['tutorial_taskflow_api']) retrieved from /home/vscode/.local/lib/python3.10/site-packages/airflow/example_dags/tutorial_taskflow_api.py
[2025-08-14T10:26:16.212+0000] {logging_mixin.py:150} INFO - [2025-08-14T10:26:16.212+0000] {dag.py:2742} INFO - Sync 1 DAGs
[2025-08-14T10:26:16.227+0000] {logging_mixin.py:150} INFO - [2025-08-14T10:26:16.227+0000] {dag.py:3504} INFO - Setting next_dagrun for tutorial_taskflow_api to None, run_after=None
[2025-08-14T10:26:16.244+0000] {processor.py:179} INFO - Processing /home/vscode/.local/lib/python3.10/site-packages/airflow/example_dags/tutorial_taskflow_api.py took 0.052 seconds
[2025-08-14T10:27:00.167+0000] {processor.py:157} INFO - Started process (PID=24236) to work on /home/vscode/.local/lib/python3.10/site-packages/airflow/example_dags/tutorial_taskflow_api.py
[2025-08-14T10:27:00.168+0000] {processor.py:826} INFO - Processing file /home/vscode/.local/lib/python3.10/site-packages/airflow/example_dags/tutorial_taskflow_api.py for tasks to queue
[2025-08-14T10:27:00.168+0000] {logging_mixin.py:150} INFO - [2025-08-14T10:27:00.168+0000] {dagbag.py:541} INFO - Filling up the DagBag from /home/vscode/.local/lib/python3.10/site-packages/airflow/example_dags/tutorial_taskflow_api.py
[2025-08-14T10:27:00.173+0000] {processor.py:836} INFO - DAG(s) dict_keys(['tutorial_taskflow_api']) retrieved from /home/vscode/.local/lib/python3.10/site-packages/airflow/example_dags/tutorial_taskflow_api.py
[2025-08-14T10:27:00.185+0000] {logging_mixin.py:150} INFO - [2025-08-14T10:27:00.184+0000] {dag.py:2742} INFO - Sync 1 DAGs
[2025-08-14T10:27:00.198+0000] {logging_mixin.py:150} INFO - [2025-08-14T10:27:00.198+0000] {dag.py:3504} INFO - Setting next_dagrun for tutorial_taskflow_api to None, run_after=None
[2025-08-14T10:27:00.213+0000] {processor.py:179} INFO - Processing /home/vscode/.local/lib/python3.10/site-packages/airflow/example_dags/tutorial_taskflow_api.py took 0.048 seconds
[2025-08-14T10:27:34.481+0000] {processor.py:157} INFO - Started process (PID=24460) to work on /home/vscode/.local/lib/python3.10/site-packages/airflow/example_dags/tutorial_taskflow_api.py
[2025-08-14T10:27:34.482+0000] {processor.py:826} INFO - Processing file /home/vscode/.local/lib/python3.10/site-packages/airflow/example_dags/tutorial_taskflow_api.py for tasks to queue
[2025-08-14T10:27:34.483+0000] {logging_mixin.py:150} INFO - [2025-08-14T10:27:34.482+0000] {dagbag.py:541} INFO - Filling up the DagBag from /home/vscode/.local/lib/python3.10/site-packages/airflow/example_dags/tutorial_taskflow_api.py
[2025-08-14T10:27:34.488+0000] {processor.py:836} INFO - DAG(s) dict_keys(['tutorial_taskflow_api']) retrieved from /home/vscode/.local/lib/python3.10/site-packages/airflow/example_dags/tutorial_taskflow_api.py
[2025-08-14T10:27:34.499+0000] {logging_mixin.py:150} INFO - [2025-08-14T10:27:34.499+0000] {dag.py:2742} INFO - Sync 1 DAGs
[2025-08-14T10:27:34.514+0000] {logging_mixin.py:150} INFO - [2025-08-14T10:27:34.514+0000] {dag.py:3504} INFO - Setting next_dagrun for tutorial_taskflow_api to None, run_after=None
[2025-08-14T10:27:34.532+0000] {processor.py:179} INFO - Processing /home/vscode/.local/lib/python3.10/site-packages/airflow/example_dags/tutorial_taskflow_api.py took 0.053 seconds
[2025-08-14T10:28:19.319+0000] {processor.py:157} INFO - Started process (PID=24762) to work on /home/vscode/.local/lib/python3.10/site-packages/airflow/example_dags/tutorial_taskflow_api.py
[2025-08-14T10:28:19.320+0000] {processor.py:826} INFO - Processing file /home/vscode/.local/lib/python3.10/site-packages/airflow/example_dags/tutorial_taskflow_api.py for tasks to queue
[2025-08-14T10:28:19.320+0000] {logging_mixin.py:150} INFO - [2025-08-14T10:28:19.320+0000] {dagbag.py:541} INFO - Filling up the DagBag from /home/vscode/.local/lib/python3.10/site-packages/airflow/example_dags/tutorial_taskflow_api.py
[2025-08-14T10:28:19.325+0000] {processor.py:836} INFO - DAG(s) dict_keys(['tutorial_taskflow_api']) retrieved from /home/vscode/.local/lib/python3.10/site-packages/airflow/example_dags/tutorial_taskflow_api.py
[2025-08-14T10:28:19.336+0000] {logging_mixin.py:150} INFO - [2025-08-14T10:28:19.336+0000] {dag.py:2742} INFO - Sync 1 DAGs
[2025-08-14T10:28:19.350+0000] {logging_mixin.py:150} INFO - [2025-08-14T10:28:19.350+0000] {dag.py:3504} INFO - Setting next_dagrun for tutorial_taskflow_api to None, run_after=None
[2025-08-14T10:28:19.365+0000] {processor.py:179} INFO - Processing /home/vscode/.local/lib/python3.10/site-packages/airflow/example_dags/tutorial_taskflow_api.py took 0.048 seconds
[2025-08-14T10:29:07.059+0000] {processor.py:157} INFO - Started process (PID=25074) to work on /home/vscode/.local/lib/python3.10/site-packages/airflow/example_dags/tutorial_taskflow_api.py
[2025-08-14T10:29:07.060+0000] {processor.py:826} INFO - Processing file /home/vscode/.local/lib/python3.10/site-packages/airflow/example_dags/tutorial_taskflow_api.py for tasks to queue
[2025-08-14T10:29:07.061+0000] {logging_mixin.py:150} INFO - [2025-08-14T10:29:07.060+0000] {dagbag.py:541} INFO - Filling up the DagBag from /home/vscode/.local/lib/python3.10/site-packages/airflow/example_dags/tutorial_taskflow_api.py
[2025-08-14T10:29:07.065+0000] {processor.py:836} INFO - DAG(s) dict_keys(['tutorial_taskflow_api']) retrieved from /home/vscode/.local/lib/python3.10/site-packages/airflow/example_dags/tutorial_taskflow_api.py
[2025-08-14T10:29:07.076+0000] {logging_mixin.py:150} INFO - [2025-08-14T10:29:07.076+0000] {dag.py:2742} INFO - Sync 1 DAGs
[2025-08-14T10:29:07.090+0000] {logging_mixin.py:150} INFO - [2025-08-14T10:29:07.090+0000] {dag.py:3504} INFO - Setting next_dagrun for tutorial_taskflow_api to None, run_after=None
[2025-08-14T10:29:07.106+0000] {processor.py:179} INFO - Processing /home/vscode/.local/lib/python3.10/site-packages/airflow/example_dags/tutorial_taskflow_api.py took 0.048 seconds
[2025-08-14T10:29:51.055+0000] {processor.py:157} INFO - Started process (PID=25375) to work on /home/vscode/.local/lib/python3.10/site-packages/airflow/example_dags/tutorial_taskflow_api.py
[2025-08-14T10:29:51.055+0000] {processor.py:826} INFO - Processing file /home/vscode/.local/lib/python3.10/site-packages/airflow/example_dags/tutorial_taskflow_api.py for tasks to queue
[2025-08-14T10:29:51.056+0000] {logging_mixin.py:150} INFO - [2025-08-14T10:29:51.056+0000] {dagbag.py:541} INFO - Filling up the DagBag from /home/vscode/.local/lib/python3.10/site-packages/airflow/example_dags/tutorial_taskflow_api.py
[2025-08-14T10:29:51.060+0000] {processor.py:836} INFO - DAG(s) dict_keys(['tutorial_taskflow_api']) retrieved from /home/vscode/.local/lib/python3.10/site-packages/airflow/example_dags/tutorial_taskflow_api.py
[2025-08-14T10:29:51.071+0000] {logging_mixin.py:150} INFO - [2025-08-14T10:29:51.071+0000] {dag.py:2742} INFO - Sync 1 DAGs
[2025-08-14T10:29:51.085+0000] {logging_mixin.py:150} INFO - [2025-08-14T10:29:51.085+0000] {dag.py:3504} INFO - Setting next_dagrun for tutorial_taskflow_api to None, run_after=None
[2025-08-14T10:29:51.100+0000] {processor.py:179} INFO - Processing /home/vscode/.local/lib/python3.10/site-packages/airflow/example_dags/tutorial_taskflow_api.py took 0.047 seconds
[2025-08-14T10:30:41.211+0000] {processor.py:157} INFO - Started process (PID=25703) to work on /home/vscode/.local/lib/python3.10/site-packages/airflow/example_dags/tutorial_taskflow_api.py
[2025-08-14T10:30:41.212+0000] {processor.py:826} INFO - Processing file /home/vscode/.local/lib/python3.10/site-packages/airflow/example_dags/tutorial_taskflow_api.py for tasks to queue
[2025-08-14T10:30:41.213+0000] {logging_mixin.py:150} INFO - [2025-08-14T10:30:41.212+0000] {dagbag.py:541} INFO - Filling up the DagBag from /home/vscode/.local/lib/python3.10/site-packages/airflow/example_dags/tutorial_taskflow_api.py
[2025-08-14T10:30:41.217+0000] {processor.py:836} INFO - DAG(s) dict_keys(['tutorial_taskflow_api']) retrieved from /home/vscode/.local/lib/python3.10/site-packages/airflow/example_dags/tutorial_taskflow_api.py
[2025-08-14T10:30:41.228+0000] {logging_mixin.py:150} INFO - [2025-08-14T10:30:41.228+0000] {dag.py:2742} INFO - Sync 1 DAGs
[2025-08-14T10:30:41.242+0000] {logging_mixin.py:150} INFO - [2025-08-14T10:30:41.242+0000] {dag.py:3504} INFO - Setting next_dagrun for tutorial_taskflow_api to None, run_after=None
[2025-08-14T10:30:41.259+0000] {processor.py:179} INFO - Processing /home/vscode/.local/lib/python3.10/site-packages/airflow/example_dags/tutorial_taskflow_api.py took 0.049 seconds
[2025-08-14T10:31:24.318+0000] {processor.py:157} INFO - Started process (PID=25994) to work on /home/vscode/.local/lib/python3.10/site-packages/airflow/example_dags/tutorial_taskflow_api.py
[2025-08-14T10:31:24.318+0000] {processor.py:826} INFO - Processing file /home/vscode/.local/lib/python3.10/site-packages/airflow/example_dags/tutorial_taskflow_api.py for tasks to queue
[2025-08-14T10:31:24.319+0000] {logging_mixin.py:150} INFO - [2025-08-14T10:31:24.319+0000] {dagbag.py:541} INFO - Filling up the DagBag from /home/vscode/.local/lib/python3.10/site-packages/airflow/example_dags/tutorial_taskflow_api.py
[2025-08-14T10:31:24.324+0000] {processor.py:836} INFO - DAG(s) dict_keys(['tutorial_taskflow_api']) retrieved from /home/vscode/.local/lib/python3.10/site-packages/airflow/example_dags/tutorial_taskflow_api.py
[2025-08-14T10:31:24.335+0000] {logging_mixin.py:150} INFO - [2025-08-14T10:31:24.334+0000] {dag.py:2742} INFO - Sync 1 DAGs
[2025-08-14T10:31:24.348+0000] {logging_mixin.py:150} INFO - [2025-08-14T10:31:24.348+0000] {dag.py:3504} INFO - Setting next_dagrun for tutorial_taskflow_api to None, run_after=None
[2025-08-14T10:31:24.363+0000] {processor.py:179} INFO - Processing /home/vscode/.local/lib/python3.10/site-packages/airflow/example_dags/tutorial_taskflow_api.py took 0.047 seconds
[2025-08-14T10:32:08.652+0000] {processor.py:157} INFO - Started process (PID=26295) to work on /home/vscode/.local/lib/python3.10/site-packages/airflow/example_dags/tutorial_taskflow_api.py
[2025-08-14T10:32:08.652+0000] {processor.py:826} INFO - Processing file /home/vscode/.local/lib/python3.10/site-packages/airflow/example_dags/tutorial_taskflow_api.py for tasks to queue
[2025-08-14T10:32:08.653+0000] {logging_mixin.py:150} INFO - [2025-08-14T10:32:08.653+0000] {dagbag.py:541} INFO - Filling up the DagBag from /home/vscode/.local/lib/python3.10/site-packages/airflow/example_dags/tutorial_taskflow_api.py
[2025-08-14T10:32:08.658+0000] {processor.py:836} INFO - DAG(s) dict_keys(['tutorial_taskflow_api']) retrieved from /home/vscode/.local/lib/python3.10/site-packages/airflow/example_dags/tutorial_taskflow_api.py
[2025-08-14T10:32:08.669+0000] {logging_mixin.py:150} INFO - [2025-08-14T10:32:08.669+0000] {dag.py:2742} INFO - Sync 1 DAGs
[2025-08-14T10:32:08.683+0000] {logging_mixin.py:150} INFO - [2025-08-14T10:32:08.682+0000] {dag.py:3504} INFO - Setting next_dagrun for tutorial_taskflow_api to None, run_after=None
[2025-08-14T10:32:08.698+0000] {processor.py:179} INFO - Processing /home/vscode/.local/lib/python3.10/site-packages/airflow/example_dags/tutorial_taskflow_api.py took 0.049 seconds
[2025-08-14T10:32:50.901+0000] {processor.py:157} INFO - Started process (PID=26575) to work on /home/vscode/.local/lib/python3.10/site-packages/airflow/example_dags/tutorial_taskflow_api.py
[2025-08-14T10:32:50.902+0000] {processor.py:826} INFO - Processing file /home/vscode/.local/lib/python3.10/site-packages/airflow/example_dags/tutorial_taskflow_api.py for tasks to queue
[2025-08-14T10:32:50.902+0000] {logging_mixin.py:150} INFO - [2025-08-14T10:32:50.902+0000] {dagbag.py:541} INFO - Filling up the DagBag from /home/vscode/.local/lib/python3.10/site-packages/airflow/example_dags/tutorial_taskflow_api.py
[2025-08-14T10:32:50.907+0000] {processor.py:836} INFO - DAG(s) dict_keys(['tutorial_taskflow_api']) retrieved from /home/vscode/.local/lib/python3.10/site-packages/airflow/example_dags/tutorial_taskflow_api.py
[2025-08-14T10:32:50.918+0000] {logging_mixin.py:150} INFO - [2025-08-14T10:32:50.917+0000] {dag.py:2742} INFO - Sync 1 DAGs
[2025-08-14T10:32:50.931+0000] {logging_mixin.py:150} INFO - [2025-08-14T10:32:50.931+0000] {dag.py:3504} INFO - Setting next_dagrun for tutorial_taskflow_api to None, run_after=None
[2025-08-14T10:32:50.946+0000] {processor.py:179} INFO - Processing /home/vscode/.local/lib/python3.10/site-packages/airflow/example_dags/tutorial_taskflow_api.py took 0.047 seconds
[2025-08-14T10:33:37.201+0000] {processor.py:157} INFO - Started process (PID=27008) to work on /home/vscode/.local/lib/python3.10/site-packages/airflow/example_dags/tutorial_taskflow_api.py
[2025-08-14T10:33:37.202+0000] {processor.py:826} INFO - Processing file /home/vscode/.local/lib/python3.10/site-packages/airflow/example_dags/tutorial_taskflow_api.py for tasks to queue
[2025-08-14T10:33:37.203+0000] {logging_mixin.py:150} INFO - [2025-08-14T10:33:37.203+0000] {dagbag.py:541} INFO - Filling up the DagBag from /home/vscode/.local/lib/python3.10/site-packages/airflow/example_dags/tutorial_taskflow_api.py
[2025-08-14T10:33:37.212+0000] {processor.py:836} INFO - DAG(s) dict_keys(['tutorial_taskflow_api']) retrieved from /home/vscode/.local/lib/python3.10/site-packages/airflow/example_dags/tutorial_taskflow_api.py
[2025-08-14T10:33:37.232+0000] {logging_mixin.py:150} INFO - [2025-08-14T10:33:37.232+0000] {dag.py:2742} INFO - Sync 1 DAGs
[2025-08-14T10:33:37.255+0000] {logging_mixin.py:150} INFO - [2025-08-14T10:33:37.255+0000] {dag.py:3504} INFO - Setting next_dagrun for tutorial_taskflow_api to None, run_after=None
[2025-08-14T10:33:37.271+0000] {processor.py:179} INFO - Processing /home/vscode/.local/lib/python3.10/site-packages/airflow/example_dags/tutorial_taskflow_api.py took 0.073 seconds
[2025-08-14T10:34:21.702+0000] {processor.py:157} INFO - Started process (PID=27308) to work on /home/vscode/.local/lib/python3.10/site-packages/airflow/example_dags/tutorial_taskflow_api.py
[2025-08-14T10:34:21.702+0000] {processor.py:826} INFO - Processing file /home/vscode/.local/lib/python3.10/site-packages/airflow/example_dags/tutorial_taskflow_api.py for tasks to queue
[2025-08-14T10:34:21.703+0000] {logging_mixin.py:150} INFO - [2025-08-14T10:34:21.703+0000] {dagbag.py:541} INFO - Filling up the DagBag from /home/vscode/.local/lib/python3.10/site-packages/airflow/example_dags/tutorial_taskflow_api.py
[2025-08-14T10:34:21.708+0000] {processor.py:836} INFO - DAG(s) dict_keys(['tutorial_taskflow_api']) retrieved from /home/vscode/.local/lib/python3.10/site-packages/airflow/example_dags/tutorial_taskflow_api.py
[2025-08-14T10:34:21.719+0000] {logging_mixin.py:150} INFO - [2025-08-14T10:34:21.719+0000] {dag.py:2742} INFO - Sync 1 DAGs
[2025-08-14T10:34:21.733+0000] {logging_mixin.py:150} INFO - [2025-08-14T10:34:21.733+0000] {dag.py:3504} INFO - Setting next_dagrun for tutorial_taskflow_api to None, run_after=None
[2025-08-14T10:34:21.749+0000] {processor.py:179} INFO - Processing /home/vscode/.local/lib/python3.10/site-packages/airflow/example_dags/tutorial_taskflow_api.py took 0.050 seconds
[2025-08-14T10:35:08.212+0000] {processor.py:157} INFO - Started process (PID=27612) to work on /home/vscode/.local/lib/python3.10/site-packages/airflow/example_dags/tutorial_taskflow_api.py
[2025-08-14T10:35:08.213+0000] {processor.py:826} INFO - Processing file /home/vscode/.local/lib/python3.10/site-packages/airflow/example_dags/tutorial_taskflow_api.py for tasks to queue
[2025-08-14T10:35:08.214+0000] {logging_mixin.py:150} INFO - [2025-08-14T10:35:08.213+0000] {dagbag.py:541} INFO - Filling up the DagBag from /home/vscode/.local/lib/python3.10/site-packages/airflow/example_dags/tutorial_taskflow_api.py
[2025-08-14T10:35:08.218+0000] {processor.py:836} INFO - DAG(s) dict_keys(['tutorial_taskflow_api']) retrieved from /home/vscode/.local/lib/python3.10/site-packages/airflow/example_dags/tutorial_taskflow_api.py
[2025-08-14T10:35:08.235+0000] {logging_mixin.py:150} INFO - [2025-08-14T10:35:08.235+0000] {dag.py:2742} INFO - Sync 1 DAGs
[2025-08-14T10:35:08.259+0000] {logging_mixin.py:150} INFO - [2025-08-14T10:35:08.259+0000] {dag.py:3504} INFO - Setting next_dagrun for tutorial_taskflow_api to None, run_after=None
[2025-08-14T10:35:08.306+0000] {processor.py:179} INFO - Processing /home/vscode/.local/lib/python3.10/site-packages/airflow/example_dags/tutorial_taskflow_api.py took 0.096 seconds
[2025-08-14T10:35:51.812+0000] {processor.py:157} INFO - Started process (PID=27912) to work on /home/vscode/.local/lib/python3.10/site-packages/airflow/example_dags/tutorial_taskflow_api.py
[2025-08-14T10:35:51.813+0000] {processor.py:826} INFO - Processing file /home/vscode/.local/lib/python3.10/site-packages/airflow/example_dags/tutorial_taskflow_api.py for tasks to queue
[2025-08-14T10:35:51.813+0000] {logging_mixin.py:150} INFO - [2025-08-14T10:35:51.813+0000] {dagbag.py:541} INFO - Filling up the DagBag from /home/vscode/.local/lib/python3.10/site-packages/airflow/example_dags/tutorial_taskflow_api.py
[2025-08-14T10:35:51.818+0000] {processor.py:836} INFO - DAG(s) dict_keys(['tutorial_taskflow_api']) retrieved from /home/vscode/.local/lib/python3.10/site-packages/airflow/example_dags/tutorial_taskflow_api.py
[2025-08-14T10:35:51.830+0000] {logging_mixin.py:150} INFO - [2025-08-14T10:35:51.829+0000] {dag.py:2742} INFO - Sync 1 DAGs
[2025-08-14T10:35:51.844+0000] {logging_mixin.py:150} INFO - [2025-08-14T10:35:51.843+0000] {dag.py:3504} INFO - Setting next_dagrun for tutorial_taskflow_api to None, run_after=None
[2025-08-14T10:35:51.859+0000] {processor.py:179} INFO - Processing /home/vscode/.local/lib/python3.10/site-packages/airflow/example_dags/tutorial_taskflow_api.py took 0.049 seconds
[2025-08-14T10:36:41.947+0000] {processor.py:157} INFO - Started process (PID=28239) to work on /home/vscode/.local/lib/python3.10/site-packages/airflow/example_dags/tutorial_taskflow_api.py
[2025-08-14T10:36:41.947+0000] {processor.py:826} INFO - Processing file /home/vscode/.local/lib/python3.10/site-packages/airflow/example_dags/tutorial_taskflow_api.py for tasks to queue
[2025-08-14T10:36:41.948+0000] {logging_mixin.py:150} INFO - [2025-08-14T10:36:41.948+0000] {dagbag.py:541} INFO - Filling up the DagBag from /home/vscode/.local/lib/python3.10/site-packages/airflow/example_dags/tutorial_taskflow_api.py
[2025-08-14T10:36:41.953+0000] {processor.py:836} INFO - DAG(s) dict_keys(['tutorial_taskflow_api']) retrieved from /home/vscode/.local/lib/python3.10/site-packages/airflow/example_dags/tutorial_taskflow_api.py
[2025-08-14T10:36:41.964+0000] {logging_mixin.py:150} INFO - [2025-08-14T10:36:41.963+0000] {dag.py:2742} INFO - Sync 1 DAGs
[2025-08-14T10:36:41.977+0000] {logging_mixin.py:150} INFO - [2025-08-14T10:36:41.977+0000] {dag.py:3504} INFO - Setting next_dagrun for tutorial_taskflow_api to None, run_after=None
[2025-08-14T10:36:41.993+0000] {processor.py:179} INFO - Processing /home/vscode/.local/lib/python3.10/site-packages/airflow/example_dags/tutorial_taskflow_api.py took 0.048 seconds
[2025-08-14T10:37:25.200+0000] {processor.py:157} INFO - Started process (PID=28527) to work on /home/vscode/.local/lib/python3.10/site-packages/airflow/example_dags/tutorial_taskflow_api.py
[2025-08-14T10:37:25.200+0000] {processor.py:826} INFO - Processing file /home/vscode/.local/lib/python3.10/site-packages/airflow/example_dags/tutorial_taskflow_api.py for tasks to queue
[2025-08-14T10:37:25.201+0000] {logging_mixin.py:150} INFO - [2025-08-14T10:37:25.201+0000] {dagbag.py:541} INFO - Filling up the DagBag from /home/vscode/.local/lib/python3.10/site-packages/airflow/example_dags/tutorial_taskflow_api.py
[2025-08-14T10:37:25.206+0000] {processor.py:836} INFO - DAG(s) dict_keys(['tutorial_taskflow_api']) retrieved from /home/vscode/.local/lib/python3.10/site-packages/airflow/example_dags/tutorial_taskflow_api.py
[2025-08-14T10:37:25.217+0000] {logging_mixin.py:150} INFO - [2025-08-14T10:37:25.217+0000] {dag.py:2742} INFO - Sync 1 DAGs
[2025-08-14T10:37:25.230+0000] {logging_mixin.py:150} INFO - [2025-08-14T10:37:25.230+0000] {dag.py:3504} INFO - Setting next_dagrun for tutorial_taskflow_api to None, run_after=None
[2025-08-14T10:37:25.245+0000] {processor.py:179} INFO - Processing /home/vscode/.local/lib/python3.10/site-packages/airflow/example_dags/tutorial_taskflow_api.py took 0.047 seconds
[2025-08-14T10:37:57.870+0000] {processor.py:157} INFO - Started process (PID=28743) to work on /home/vscode/.local/lib/python3.10/site-packages/airflow/example_dags/tutorial_taskflow_api.py
[2025-08-14T10:37:57.871+0000] {processor.py:826} INFO - Processing file /home/vscode/.local/lib/python3.10/site-packages/airflow/example_dags/tutorial_taskflow_api.py for tasks to queue
[2025-08-14T10:37:57.871+0000] {logging_mixin.py:150} INFO - [2025-08-14T10:37:57.871+0000] {dagbag.py:541} INFO - Filling up the DagBag from /home/vscode/.local/lib/python3.10/site-packages/airflow/example_dags/tutorial_taskflow_api.py
[2025-08-14T10:37:57.876+0000] {processor.py:836} INFO - DAG(s) dict_keys(['tutorial_taskflow_api']) retrieved from /home/vscode/.local/lib/python3.10/site-packages/airflow/example_dags/tutorial_taskflow_api.py
[2025-08-14T10:37:57.888+0000] {logging_mixin.py:150} INFO - [2025-08-14T10:37:57.888+0000] {dag.py:2742} INFO - Sync 1 DAGs
[2025-08-14T10:37:57.902+0000] {logging_mixin.py:150} INFO - [2025-08-14T10:37:57.902+0000] {dag.py:3504} INFO - Setting next_dagrun for tutorial_taskflow_api to None, run_after=None
[2025-08-14T10:37:57.919+0000] {processor.py:179} INFO - Processing /home/vscode/.local/lib/python3.10/site-packages/airflow/example_dags/tutorial_taskflow_api.py took 0.051 seconds
[2025-08-14T10:38:29.847+0000] {processor.py:157} INFO - Started process (PID=28960) to work on /home/vscode/.local/lib/python3.10/site-packages/airflow/example_dags/tutorial_taskflow_api.py
[2025-08-14T10:38:29.848+0000] {processor.py:826} INFO - Processing file /home/vscode/.local/lib/python3.10/site-packages/airflow/example_dags/tutorial_taskflow_api.py for tasks to queue
[2025-08-14T10:38:29.848+0000] {logging_mixin.py:150} INFO - [2025-08-14T10:38:29.848+0000] {dagbag.py:541} INFO - Filling up the DagBag from /home/vscode/.local/lib/python3.10/site-packages/airflow/example_dags/tutorial_taskflow_api.py
[2025-08-14T10:38:29.853+0000] {processor.py:836} INFO - DAG(s) dict_keys(['tutorial_taskflow_api']) retrieved from /home/vscode/.local/lib/python3.10/site-packages/airflow/example_dags/tutorial_taskflow_api.py
[2025-08-14T10:38:29.864+0000] {logging_mixin.py:150} INFO - [2025-08-14T10:38:29.864+0000] {dag.py:2742} INFO - Sync 1 DAGs
[2025-08-14T10:38:29.879+0000] {logging_mixin.py:150} INFO - [2025-08-14T10:38:29.879+0000] {dag.py:3504} INFO - Setting next_dagrun for tutorial_taskflow_api to None, run_after=None
[2025-08-14T10:38:29.903+0000] {processor.py:179} INFO - Processing /home/vscode/.local/lib/python3.10/site-packages/airflow/example_dags/tutorial_taskflow_api.py took 0.058 seconds
[2025-08-14T10:39:16.663+0000] {processor.py:157} INFO - Started process (PID=29269) to work on /home/vscode/.local/lib/python3.10/site-packages/airflow/example_dags/tutorial_taskflow_api.py
[2025-08-14T10:39:16.663+0000] {processor.py:826} INFO - Processing file /home/vscode/.local/lib/python3.10/site-packages/airflow/example_dags/tutorial_taskflow_api.py for tasks to queue
[2025-08-14T10:39:16.664+0000] {logging_mixin.py:150} INFO - [2025-08-14T10:39:16.664+0000] {dagbag.py:541} INFO - Filling up the DagBag from /home/vscode/.local/lib/python3.10/site-packages/airflow/example_dags/tutorial_taskflow_api.py
[2025-08-14T10:39:16.669+0000] {processor.py:836} INFO - DAG(s) dict_keys(['tutorial_taskflow_api']) retrieved from /home/vscode/.local/lib/python3.10/site-packages/airflow/example_dags/tutorial_taskflow_api.py
[2025-08-14T10:39:16.680+0000] {logging_mixin.py:150} INFO - [2025-08-14T10:39:16.680+0000] {dag.py:2742} INFO - Sync 1 DAGs
[2025-08-14T10:39:16.694+0000] {logging_mixin.py:150} INFO - [2025-08-14T10:39:16.694+0000] {dag.py:3504} INFO - Setting next_dagrun for tutorial_taskflow_api to None, run_after=None
[2025-08-14T10:39:16.709+0000] {processor.py:179} INFO - Processing /home/vscode/.local/lib/python3.10/site-packages/airflow/example_dags/tutorial_taskflow_api.py took 0.048 seconds
[2025-08-14T10:39:50.343+0000] {processor.py:157} INFO - Started process (PID=29494) to work on /home/vscode/.local/lib/python3.10/site-packages/airflow/example_dags/tutorial_taskflow_api.py
[2025-08-14T10:39:50.344+0000] {processor.py:826} INFO - Processing file /home/vscode/.local/lib/python3.10/site-packages/airflow/example_dags/tutorial_taskflow_api.py for tasks to queue
[2025-08-14T10:39:50.345+0000] {logging_mixin.py:150} INFO - [2025-08-14T10:39:50.344+0000] {dagbag.py:541} INFO - Filling up the DagBag from /home/vscode/.local/lib/python3.10/site-packages/airflow/example_dags/tutorial_taskflow_api.py
[2025-08-14T10:39:50.349+0000] {processor.py:836} INFO - DAG(s) dict_keys(['tutorial_taskflow_api']) retrieved from /home/vscode/.local/lib/python3.10/site-packages/airflow/example_dags/tutorial_taskflow_api.py
[2025-08-14T10:39:50.361+0000] {logging_mixin.py:150} INFO - [2025-08-14T10:39:50.361+0000] {dag.py:2742} INFO - Sync 1 DAGs
[2025-08-14T10:39:50.375+0000] {logging_mixin.py:150} INFO - [2025-08-14T10:39:50.375+0000] {dag.py:3504} INFO - Setting next_dagrun for tutorial_taskflow_api to None, run_after=None
[2025-08-14T10:39:50.391+0000] {processor.py:179} INFO - Processing /home/vscode/.local/lib/python3.10/site-packages/airflow/example_dags/tutorial_taskflow_api.py took 0.050 seconds
[2025-08-14T10:40:37.292+0000] {processor.py:157} INFO - Started process (PID=29805) to work on /home/vscode/.local/lib/python3.10/site-packages/airflow/example_dags/tutorial_taskflow_api.py
[2025-08-14T10:40:37.293+0000] {processor.py:826} INFO - Processing file /home/vscode/.local/lib/python3.10/site-packages/airflow/example_dags/tutorial_taskflow_api.py for tasks to queue
[2025-08-14T10:40:37.293+0000] {logging_mixin.py:150} INFO - [2025-08-14T10:40:37.293+0000] {dagbag.py:541} INFO - Filling up the DagBag from /home/vscode/.local/lib/python3.10/site-packages/airflow/example_dags/tutorial_taskflow_api.py
[2025-08-14T10:40:37.297+0000] {processor.py:836} INFO - DAG(s) dict_keys(['tutorial_taskflow_api']) retrieved from /home/vscode/.local/lib/python3.10/site-packages/airflow/example_dags/tutorial_taskflow_api.py
[2025-08-14T10:40:37.308+0000] {logging_mixin.py:150} INFO - [2025-08-14T10:40:37.308+0000] {dag.py:2742} INFO - Sync 1 DAGs
[2025-08-14T10:40:37.322+0000] {logging_mixin.py:150} INFO - [2025-08-14T10:40:37.322+0000] {dag.py:3504} INFO - Setting next_dagrun for tutorial_taskflow_api to None, run_after=None
[2025-08-14T10:40:37.337+0000] {processor.py:179} INFO - Processing /home/vscode/.local/lib/python3.10/site-packages/airflow/example_dags/tutorial_taskflow_api.py took 0.047 seconds
[2025-08-14T10:41:11.394+0000] {processor.py:157} INFO - Started process (PID=30035) to work on /home/vscode/.local/lib/python3.10/site-packages/airflow/example_dags/tutorial_taskflow_api.py
[2025-08-14T10:41:11.395+0000] {processor.py:826} INFO - Processing file /home/vscode/.local/lib/python3.10/site-packages/airflow/example_dags/tutorial_taskflow_api.py for tasks to queue
[2025-08-14T10:41:11.395+0000] {logging_mixin.py:150} INFO - [2025-08-14T10:41:11.395+0000] {dagbag.py:541} INFO - Filling up the DagBag from /home/vscode/.local/lib/python3.10/site-packages/airflow/example_dags/tutorial_taskflow_api.py
[2025-08-14T10:41:11.400+0000] {processor.py:836} INFO - DAG(s) dict_keys(['tutorial_taskflow_api']) retrieved from /home/vscode/.local/lib/python3.10/site-packages/airflow/example_dags/tutorial_taskflow_api.py
[2025-08-14T10:41:11.412+0000] {logging_mixin.py:150} INFO - [2025-08-14T10:41:11.412+0000] {dag.py:2742} INFO - Sync 1 DAGs
[2025-08-14T10:41:11.426+0000] {logging_mixin.py:150} INFO - [2025-08-14T10:41:11.426+0000] {dag.py:3504} INFO - Setting next_dagrun for tutorial_taskflow_api to None, run_after=None
[2025-08-14T10:41:11.442+0000] {processor.py:179} INFO - Processing /home/vscode/.local/lib/python3.10/site-packages/airflow/example_dags/tutorial_taskflow_api.py took 0.050 seconds
[2025-08-14T10:41:58.491+0000] {processor.py:157} INFO - Started process (PID=30345) to work on /home/vscode/.local/lib/python3.10/site-packages/airflow/example_dags/tutorial_taskflow_api.py
[2025-08-14T10:41:58.492+0000] {processor.py:826} INFO - Processing file /home/vscode/.local/lib/python3.10/site-packages/airflow/example_dags/tutorial_taskflow_api.py for tasks to queue
[2025-08-14T10:41:58.492+0000] {logging_mixin.py:150} INFO - [2025-08-14T10:41:58.492+0000] {dagbag.py:541} INFO - Filling up the DagBag from /home/vscode/.local/lib/python3.10/site-packages/airflow/example_dags/tutorial_taskflow_api.py
[2025-08-14T10:41:58.497+0000] {processor.py:836} INFO - DAG(s) dict_keys(['tutorial_taskflow_api']) retrieved from /home/vscode/.local/lib/python3.10/site-packages/airflow/example_dags/tutorial_taskflow_api.py
[2025-08-14T10:41:58.508+0000] {logging_mixin.py:150} INFO - [2025-08-14T10:41:58.508+0000] {dag.py:2742} INFO - Sync 1 DAGs
[2025-08-14T10:41:58.522+0000] {logging_mixin.py:150} INFO - [2025-08-14T10:41:58.521+0000] {dag.py:3504} INFO - Setting next_dagrun for tutorial_taskflow_api to None, run_after=None
[2025-08-14T10:41:58.537+0000] {processor.py:179} INFO - Processing /home/vscode/.local/lib/python3.10/site-packages/airflow/example_dags/tutorial_taskflow_api.py took 0.048 seconds
[2025-08-14T10:42:31.311+0000] {processor.py:157} INFO - Started process (PID=30561) to work on /home/vscode/.local/lib/python3.10/site-packages/airflow/example_dags/tutorial_taskflow_api.py
[2025-08-14T10:42:31.312+0000] {processor.py:826} INFO - Processing file /home/vscode/.local/lib/python3.10/site-packages/airflow/example_dags/tutorial_taskflow_api.py for tasks to queue
[2025-08-14T10:42:31.313+0000] {logging_mixin.py:150} INFO - [2025-08-14T10:42:31.312+0000] {dagbag.py:541} INFO - Filling up the DagBag from /home/vscode/.local/lib/python3.10/site-packages/airflow/example_dags/tutorial_taskflow_api.py
[2025-08-14T10:42:31.317+0000] {processor.py:836} INFO - DAG(s) dict_keys(['tutorial_taskflow_api']) retrieved from /home/vscode/.local/lib/python3.10/site-packages/airflow/example_dags/tutorial_taskflow_api.py
[2025-08-14T10:42:31.328+0000] {logging_mixin.py:150} INFO - [2025-08-14T10:42:31.328+0000] {dag.py:2742} INFO - Sync 1 DAGs
[2025-08-14T10:42:31.341+0000] {logging_mixin.py:150} INFO - [2025-08-14T10:42:31.341+0000] {dag.py:3504} INFO - Setting next_dagrun for tutorial_taskflow_api to None, run_after=None
[2025-08-14T10:42:31.356+0000] {processor.py:179} INFO - Processing /home/vscode/.local/lib/python3.10/site-packages/airflow/example_dags/tutorial_taskflow_api.py took 0.047 seconds
[2025-08-14T10:43:16.428+0000] {processor.py:157} INFO - Started process (PID=30869) to work on /home/vscode/.local/lib/python3.10/site-packages/airflow/example_dags/tutorial_taskflow_api.py
[2025-08-14T10:43:16.429+0000] {processor.py:826} INFO - Processing file /home/vscode/.local/lib/python3.10/site-packages/airflow/example_dags/tutorial_taskflow_api.py for tasks to queue
[2025-08-14T10:43:16.430+0000] {logging_mixin.py:150} INFO - [2025-08-14T10:43:16.429+0000] {dagbag.py:541} INFO - Filling up the DagBag from /home/vscode/.local/lib/python3.10/site-packages/airflow/example_dags/tutorial_taskflow_api.py
[2025-08-14T10:43:16.434+0000] {processor.py:836} INFO - DAG(s) dict_keys(['tutorial_taskflow_api']) retrieved from /home/vscode/.local/lib/python3.10/site-packages/airflow/example_dags/tutorial_taskflow_api.py
[2025-08-14T10:43:16.446+0000] {logging_mixin.py:150} INFO - [2025-08-14T10:43:16.446+0000] {dag.py:2742} INFO - Sync 1 DAGs
[2025-08-14T10:43:16.460+0000] {logging_mixin.py:150} INFO - [2025-08-14T10:43:16.460+0000] {dag.py:3504} INFO - Setting next_dagrun for tutorial_taskflow_api to None, run_after=None
[2025-08-14T10:43:16.476+0000] {processor.py:179} INFO - Processing /home/vscode/.local/lib/python3.10/site-packages/airflow/example_dags/tutorial_taskflow_api.py took 0.050 seconds
[2025-08-14T10:43:49.947+0000] {processor.py:157} INFO - Started process (PID=31087) to work on /home/vscode/.local/lib/python3.10/site-packages/airflow/example_dags/tutorial_taskflow_api.py
[2025-08-14T10:43:49.947+0000] {processor.py:826} INFO - Processing file /home/vscode/.local/lib/python3.10/site-packages/airflow/example_dags/tutorial_taskflow_api.py for tasks to queue
[2025-08-14T10:43:49.948+0000] {logging_mixin.py:150} INFO - [2025-08-14T10:43:49.948+0000] {dagbag.py:541} INFO - Filling up the DagBag from /home/vscode/.local/lib/python3.10/site-packages/airflow/example_dags/tutorial_taskflow_api.py
[2025-08-14T10:43:49.953+0000] {processor.py:836} INFO - DAG(s) dict_keys(['tutorial_taskflow_api']) retrieved from /home/vscode/.local/lib/python3.10/site-packages/airflow/example_dags/tutorial_taskflow_api.py
[2025-08-14T10:43:49.964+0000] {logging_mixin.py:150} INFO - [2025-08-14T10:43:49.964+0000] {dag.py:2742} INFO - Sync 1 DAGs
[2025-08-14T10:43:49.979+0000] {logging_mixin.py:150} INFO - [2025-08-14T10:43:49.979+0000] {dag.py:3504} INFO - Setting next_dagrun for tutorial_taskflow_api to None, run_after=None
[2025-08-14T10:43:49.995+0000] {processor.py:179} INFO - Processing /home/vscode/.local/lib/python3.10/site-packages/airflow/example_dags/tutorial_taskflow_api.py took 0.051 seconds
[2025-08-14T10:44:35.746+0000] {processor.py:157} INFO - Started process (PID=31393) to work on /home/vscode/.local/lib/python3.10/site-packages/airflow/example_dags/tutorial_taskflow_api.py
[2025-08-14T10:44:35.747+0000] {processor.py:826} INFO - Processing file /home/vscode/.local/lib/python3.10/site-packages/airflow/example_dags/tutorial_taskflow_api.py for tasks to queue
[2025-08-14T10:44:35.748+0000] {logging_mixin.py:150} INFO - [2025-08-14T10:44:35.748+0000] {dagbag.py:541} INFO - Filling up the DagBag from /home/vscode/.local/lib/python3.10/site-packages/airflow/example_dags/tutorial_taskflow_api.py
[2025-08-14T10:44:35.755+0000] {processor.py:836} INFO - DAG(s) dict_keys(['tutorial_taskflow_api']) retrieved from /home/vscode/.local/lib/python3.10/site-packages/airflow/example_dags/tutorial_taskflow_api.py
[2025-08-14T10:44:35.772+0000] {logging_mixin.py:150} INFO - [2025-08-14T10:44:35.772+0000] {dag.py:2742} INFO - Sync 1 DAGs
[2025-08-14T10:44:35.786+0000] {logging_mixin.py:150} INFO - [2025-08-14T10:44:35.786+0000] {dag.py:3504} INFO - Setting next_dagrun for tutorial_taskflow_api to None, run_after=None
[2025-08-14T10:44:35.801+0000] {processor.py:179} INFO - Processing /home/vscode/.local/lib/python3.10/site-packages/airflow/example_dags/tutorial_taskflow_api.py took 0.058 seconds
[2025-08-14T10:45:08.865+0000] {processor.py:157} INFO - Started process (PID=31612) to work on /home/vscode/.local/lib/python3.10/site-packages/airflow/example_dags/tutorial_taskflow_api.py
[2025-08-14T10:45:08.865+0000] {processor.py:826} INFO - Processing file /home/vscode/.local/lib/python3.10/site-packages/airflow/example_dags/tutorial_taskflow_api.py for tasks to queue
[2025-08-14T10:45:08.866+0000] {logging_mixin.py:150} INFO - [2025-08-14T10:45:08.865+0000] {dagbag.py:541} INFO - Filling up the DagBag from /home/vscode/.local/lib/python3.10/site-packages/airflow/example_dags/tutorial_taskflow_api.py
[2025-08-14T10:45:08.870+0000] {processor.py:836} INFO - DAG(s) dict_keys(['tutorial_taskflow_api']) retrieved from /home/vscode/.local/lib/python3.10/site-packages/airflow/example_dags/tutorial_taskflow_api.py
[2025-08-14T10:45:08.881+0000] {logging_mixin.py:150} INFO - [2025-08-14T10:45:08.881+0000] {dag.py:2742} INFO - Sync 1 DAGs
[2025-08-14T10:45:08.895+0000] {logging_mixin.py:150} INFO - [2025-08-14T10:45:08.895+0000] {dag.py:3504} INFO - Setting next_dagrun for tutorial_taskflow_api to None, run_after=None
[2025-08-14T10:45:08.910+0000] {processor.py:179} INFO - Processing /home/vscode/.local/lib/python3.10/site-packages/airflow/example_dags/tutorial_taskflow_api.py took 0.048 seconds
[2025-08-14T10:45:51.643+0000] {processor.py:157} INFO - Started process (PID=31899) to work on /home/vscode/.local/lib/python3.10/site-packages/airflow/example_dags/tutorial_taskflow_api.py
[2025-08-14T10:45:51.644+0000] {processor.py:826} INFO - Processing file /home/vscode/.local/lib/python3.10/site-packages/airflow/example_dags/tutorial_taskflow_api.py for tasks to queue
[2025-08-14T10:45:51.644+0000] {logging_mixin.py:150} INFO - [2025-08-14T10:45:51.644+0000] {dagbag.py:541} INFO - Filling up the DagBag from /home/vscode/.local/lib/python3.10/site-packages/airflow/example_dags/tutorial_taskflow_api.py
[2025-08-14T10:45:51.649+0000] {processor.py:836} INFO - DAG(s) dict_keys(['tutorial_taskflow_api']) retrieved from /home/vscode/.local/lib/python3.10/site-packages/airflow/example_dags/tutorial_taskflow_api.py
[2025-08-14T10:45:51.660+0000] {logging_mixin.py:150} INFO - [2025-08-14T10:45:51.660+0000] {dag.py:2742} INFO - Sync 1 DAGs
[2025-08-14T10:45:51.675+0000] {logging_mixin.py:150} INFO - [2025-08-14T10:45:51.675+0000] {dag.py:3504} INFO - Setting next_dagrun for tutorial_taskflow_api to None, run_after=None
[2025-08-14T10:45:51.690+0000] {processor.py:179} INFO - Processing /home/vscode/.local/lib/python3.10/site-packages/airflow/example_dags/tutorial_taskflow_api.py took 0.049 seconds
[2025-08-14T10:46:41.297+0000] {processor.py:157} INFO - Started process (PID=32226) to work on /home/vscode/.local/lib/python3.10/site-packages/airflow/example_dags/tutorial_taskflow_api.py
[2025-08-14T10:46:41.297+0000] {processor.py:826} INFO - Processing file /home/vscode/.local/lib/python3.10/site-packages/airflow/example_dags/tutorial_taskflow_api.py for tasks to queue
[2025-08-14T10:46:41.298+0000] {logging_mixin.py:150} INFO - [2025-08-14T10:46:41.298+0000] {dagbag.py:541} INFO - Filling up the DagBag from /home/vscode/.local/lib/python3.10/site-packages/airflow/example_dags/tutorial_taskflow_api.py
[2025-08-14T10:46:41.304+0000] {processor.py:836} INFO - DAG(s) dict_keys(['tutorial_taskflow_api']) retrieved from /home/vscode/.local/lib/python3.10/site-packages/airflow/example_dags/tutorial_taskflow_api.py
[2025-08-14T10:46:41.315+0000] {logging_mixin.py:150} INFO - [2025-08-14T10:46:41.315+0000] {dag.py:2742} INFO - Sync 1 DAGs
[2025-08-14T10:46:41.328+0000] {logging_mixin.py:150} INFO - [2025-08-14T10:46:41.328+0000] {dag.py:3504} INFO - Setting next_dagrun for tutorial_taskflow_api to None, run_after=None
[2025-08-14T10:46:41.344+0000] {processor.py:179} INFO - Processing /home/vscode/.local/lib/python3.10/site-packages/airflow/example_dags/tutorial_taskflow_api.py took 0.049 seconds
[2025-08-14T10:47:24.027+0000] {processor.py:157} INFO - Started process (PID=32514) to work on /home/vscode/.local/lib/python3.10/site-packages/airflow/example_dags/tutorial_taskflow_api.py
[2025-08-14T10:47:24.027+0000] {processor.py:826} INFO - Processing file /home/vscode/.local/lib/python3.10/site-packages/airflow/example_dags/tutorial_taskflow_api.py for tasks to queue
[2025-08-14T10:47:24.028+0000] {logging_mixin.py:150} INFO - [2025-08-14T10:47:24.028+0000] {dagbag.py:541} INFO - Filling up the DagBag from /home/vscode/.local/lib/python3.10/site-packages/airflow/example_dags/tutorial_taskflow_api.py
[2025-08-14T10:47:24.032+0000] {processor.py:836} INFO - DAG(s) dict_keys(['tutorial_taskflow_api']) retrieved from /home/vscode/.local/lib/python3.10/site-packages/airflow/example_dags/tutorial_taskflow_api.py
[2025-08-14T10:47:24.044+0000] {logging_mixin.py:150} INFO - [2025-08-14T10:47:24.043+0000] {dag.py:2742} INFO - Sync 1 DAGs
[2025-08-14T10:47:24.057+0000] {logging_mixin.py:150} INFO - [2025-08-14T10:47:24.057+0000] {dag.py:3504} INFO - Setting next_dagrun for tutorial_taskflow_api to None, run_after=None
[2025-08-14T10:47:24.072+0000] {processor.py:179} INFO - Processing /home/vscode/.local/lib/python3.10/site-packages/airflow/example_dags/tutorial_taskflow_api.py took 0.047 seconds
[2025-08-14T10:48:05.016+0000] {processor.py:157} INFO - Started process (PID=32793) to work on /home/vscode/.local/lib/python3.10/site-packages/airflow/example_dags/tutorial_taskflow_api.py
[2025-08-14T10:48:05.016+0000] {processor.py:826} INFO - Processing file /home/vscode/.local/lib/python3.10/site-packages/airflow/example_dags/tutorial_taskflow_api.py for tasks to queue
[2025-08-14T10:48:05.017+0000] {logging_mixin.py:150} INFO - [2025-08-14T10:48:05.017+0000] {dagbag.py:541} INFO - Filling up the DagBag from /home/vscode/.local/lib/python3.10/site-packages/airflow/example_dags/tutorial_taskflow_api.py
[2025-08-14T10:48:05.022+0000] {processor.py:836} INFO - DAG(s) dict_keys(['tutorial_taskflow_api']) retrieved from /home/vscode/.local/lib/python3.10/site-packages/airflow/example_dags/tutorial_taskflow_api.py
[2025-08-14T10:48:05.033+0000] {logging_mixin.py:150} INFO - [2025-08-14T10:48:05.032+0000] {dag.py:2742} INFO - Sync 1 DAGs
[2025-08-14T10:48:05.046+0000] {logging_mixin.py:150} INFO - [2025-08-14T10:48:05.046+0000] {dag.py:3504} INFO - Setting next_dagrun for tutorial_taskflow_api to None, run_after=None
[2025-08-14T10:48:05.061+0000] {processor.py:179} INFO - Processing /home/vscode/.local/lib/python3.10/site-packages/airflow/example_dags/tutorial_taskflow_api.py took 0.047 seconds
[2025-08-14T10:48:52.509+0000] {processor.py:157} INFO - Started process (PID=33108) to work on /home/vscode/.local/lib/python3.10/site-packages/airflow/example_dags/tutorial_taskflow_api.py
[2025-08-14T10:48:52.510+0000] {processor.py:826} INFO - Processing file /home/vscode/.local/lib/python3.10/site-packages/airflow/example_dags/tutorial_taskflow_api.py for tasks to queue
[2025-08-14T10:48:52.510+0000] {logging_mixin.py:150} INFO - [2025-08-14T10:48:52.510+0000] {dagbag.py:541} INFO - Filling up the DagBag from /home/vscode/.local/lib/python3.10/site-packages/airflow/example_dags/tutorial_taskflow_api.py
[2025-08-14T10:48:52.515+0000] {processor.py:836} INFO - DAG(s) dict_keys(['tutorial_taskflow_api']) retrieved from /home/vscode/.local/lib/python3.10/site-packages/airflow/example_dags/tutorial_taskflow_api.py
[2025-08-14T10:48:52.527+0000] {logging_mixin.py:150} INFO - [2025-08-14T10:48:52.527+0000] {dag.py:2742} INFO - Sync 1 DAGs
[2025-08-14T10:48:52.542+0000] {logging_mixin.py:150} INFO - [2025-08-14T10:48:52.541+0000] {dag.py:3504} INFO - Setting next_dagrun for tutorial_taskflow_api to None, run_after=None
[2025-08-14T10:48:52.558+0000] {processor.py:179} INFO - Processing /home/vscode/.local/lib/python3.10/site-packages/airflow/example_dags/tutorial_taskflow_api.py took 0.051 seconds
[2025-08-14T10:49:36.499+0000] {processor.py:157} INFO - Started process (PID=33403) to work on /home/vscode/.local/lib/python3.10/site-packages/airflow/example_dags/tutorial_taskflow_api.py
[2025-08-14T10:49:36.500+0000] {processor.py:826} INFO - Processing file /home/vscode/.local/lib/python3.10/site-packages/airflow/example_dags/tutorial_taskflow_api.py for tasks to queue
[2025-08-14T10:49:36.500+0000] {logging_mixin.py:150} INFO - [2025-08-14T10:49:36.500+0000] {dagbag.py:541} INFO - Filling up the DagBag from /home/vscode/.local/lib/python3.10/site-packages/airflow/example_dags/tutorial_taskflow_api.py
[2025-08-14T10:49:36.505+0000] {processor.py:836} INFO - DAG(s) dict_keys(['tutorial_taskflow_api']) retrieved from /home/vscode/.local/lib/python3.10/site-packages/airflow/example_dags/tutorial_taskflow_api.py
[2025-08-14T10:49:36.516+0000] {logging_mixin.py:150} INFO - [2025-08-14T10:49:36.516+0000] {dag.py:2742} INFO - Sync 1 DAGs
[2025-08-14T10:49:36.531+0000] {logging_mixin.py:150} INFO - [2025-08-14T10:49:36.531+0000] {dag.py:3504} INFO - Setting next_dagrun for tutorial_taskflow_api to None, run_after=None
[2025-08-14T10:49:36.550+0000] {processor.py:179} INFO - Processing /home/vscode/.local/lib/python3.10/site-packages/airflow/example_dags/tutorial_taskflow_api.py took 0.053 seconds
[2025-08-14T10:50:26.422+0000] {processor.py:157} INFO - Started process (PID=33737) to work on /home/vscode/.local/lib/python3.10/site-packages/airflow/example_dags/tutorial_taskflow_api.py
[2025-08-14T10:50:26.422+0000] {processor.py:826} INFO - Processing file /home/vscode/.local/lib/python3.10/site-packages/airflow/example_dags/tutorial_taskflow_api.py for tasks to queue
[2025-08-14T10:50:26.423+0000] {logging_mixin.py:150} INFO - [2025-08-14T10:50:26.423+0000] {dagbag.py:541} INFO - Filling up the DagBag from /home/vscode/.local/lib/python3.10/site-packages/airflow/example_dags/tutorial_taskflow_api.py
[2025-08-14T10:50:26.428+0000] {processor.py:836} INFO - DAG(s) dict_keys(['tutorial_taskflow_api']) retrieved from /home/vscode/.local/lib/python3.10/site-packages/airflow/example_dags/tutorial_taskflow_api.py
[2025-08-14T10:50:26.439+0000] {logging_mixin.py:150} INFO - [2025-08-14T10:50:26.439+0000] {dag.py:2742} INFO - Sync 1 DAGs
[2025-08-14T10:50:26.453+0000] {logging_mixin.py:150} INFO - [2025-08-14T10:50:26.453+0000] {dag.py:3504} INFO - Setting next_dagrun for tutorial_taskflow_api to None, run_after=None
[2025-08-14T10:50:26.469+0000] {processor.py:179} INFO - Processing /home/vscode/.local/lib/python3.10/site-packages/airflow/example_dags/tutorial_taskflow_api.py took 0.050 seconds
[2025-08-14T10:51:11.133+0000] {processor.py:157} INFO - Started process (PID=34027) to work on /home/vscode/.local/lib/python3.10/site-packages/airflow/example_dags/tutorial_taskflow_api.py
[2025-08-14T10:51:11.134+0000] {processor.py:826} INFO - Processing file /home/vscode/.local/lib/python3.10/site-packages/airflow/example_dags/tutorial_taskflow_api.py for tasks to queue
[2025-08-14T10:51:11.134+0000] {logging_mixin.py:150} INFO - [2025-08-14T10:51:11.134+0000] {dagbag.py:541} INFO - Filling up the DagBag from /home/vscode/.local/lib/python3.10/site-packages/airflow/example_dags/tutorial_taskflow_api.py
[2025-08-14T10:51:11.141+0000] {processor.py:836} INFO - DAG(s) dict_keys(['tutorial_taskflow_api']) retrieved from /home/vscode/.local/lib/python3.10/site-packages/airflow/example_dags/tutorial_taskflow_api.py
[2025-08-14T10:51:11.158+0000] {logging_mixin.py:150} INFO - [2025-08-14T10:51:11.158+0000] {dag.py:2742} INFO - Sync 1 DAGs
[2025-08-14T10:51:11.180+0000] {logging_mixin.py:150} INFO - [2025-08-14T10:51:11.180+0000] {dag.py:3504} INFO - Setting next_dagrun for tutorial_taskflow_api to None, run_after=None
[2025-08-14T10:51:11.195+0000] {processor.py:179} INFO - Processing /home/vscode/.local/lib/python3.10/site-packages/airflow/example_dags/tutorial_taskflow_api.py took 0.065 seconds
[2025-08-14T10:51:45.890+0000] {processor.py:157} INFO - Started process (PID=34257) to work on /home/vscode/.local/lib/python3.10/site-packages/airflow/example_dags/tutorial_taskflow_api.py
[2025-08-14T10:51:45.891+0000] {processor.py:826} INFO - Processing file /home/vscode/.local/lib/python3.10/site-packages/airflow/example_dags/tutorial_taskflow_api.py for tasks to queue
[2025-08-14T10:51:45.892+0000] {logging_mixin.py:150} INFO - [2025-08-14T10:51:45.891+0000] {dagbag.py:541} INFO - Filling up the DagBag from /home/vscode/.local/lib/python3.10/site-packages/airflow/example_dags/tutorial_taskflow_api.py
[2025-08-14T10:51:45.896+0000] {processor.py:836} INFO - DAG(s) dict_keys(['tutorial_taskflow_api']) retrieved from /home/vscode/.local/lib/python3.10/site-packages/airflow/example_dags/tutorial_taskflow_api.py
[2025-08-14T10:51:45.908+0000] {logging_mixin.py:150} INFO - [2025-08-14T10:51:45.908+0000] {dag.py:2742} INFO - Sync 1 DAGs
[2025-08-14T10:51:45.922+0000] {logging_mixin.py:150} INFO - [2025-08-14T10:51:45.922+0000] {dag.py:3504} INFO - Setting next_dagrun for tutorial_taskflow_api to None, run_after=None
[2025-08-14T10:51:45.937+0000] {processor.py:179} INFO - Processing /home/vscode/.local/lib/python3.10/site-packages/airflow/example_dags/tutorial_taskflow_api.py took 0.049 seconds
[2025-08-14T10:52:30.870+0000] {processor.py:157} INFO - Started process (PID=34560) to work on /home/vscode/.local/lib/python3.10/site-packages/airflow/example_dags/tutorial_taskflow_api.py
[2025-08-14T10:52:30.870+0000] {processor.py:826} INFO - Processing file /home/vscode/.local/lib/python3.10/site-packages/airflow/example_dags/tutorial_taskflow_api.py for tasks to queue
[2025-08-14T10:52:30.871+0000] {logging_mixin.py:150} INFO - [2025-08-14T10:52:30.871+0000] {dagbag.py:541} INFO - Filling up the DagBag from /home/vscode/.local/lib/python3.10/site-packages/airflow/example_dags/tutorial_taskflow_api.py
[2025-08-14T10:52:30.875+0000] {processor.py:836} INFO - DAG(s) dict_keys(['tutorial_taskflow_api']) retrieved from /home/vscode/.local/lib/python3.10/site-packages/airflow/example_dags/tutorial_taskflow_api.py
[2025-08-14T10:52:30.886+0000] {logging_mixin.py:150} INFO - [2025-08-14T10:52:30.886+0000] {dag.py:2742} INFO - Sync 1 DAGs
[2025-08-14T10:52:30.900+0000] {logging_mixin.py:150} INFO - [2025-08-14T10:52:30.900+0000] {dag.py:3504} INFO - Setting next_dagrun for tutorial_taskflow_api to None, run_after=None
[2025-08-14T10:52:30.915+0000] {processor.py:179} INFO - Processing /home/vscode/.local/lib/python3.10/site-packages/airflow/example_dags/tutorial_taskflow_api.py took 0.048 seconds
[2025-08-14T10:53:02.847+0000] {processor.py:157} INFO - Started process (PID=34775) to work on /home/vscode/.local/lib/python3.10/site-packages/airflow/example_dags/tutorial_taskflow_api.py
[2025-08-14T10:53:02.848+0000] {processor.py:826} INFO - Processing file /home/vscode/.local/lib/python3.10/site-packages/airflow/example_dags/tutorial_taskflow_api.py for tasks to queue
[2025-08-14T10:53:02.848+0000] {logging_mixin.py:150} INFO - [2025-08-14T10:53:02.848+0000] {dagbag.py:541} INFO - Filling up the DagBag from /home/vscode/.local/lib/python3.10/site-packages/airflow/example_dags/tutorial_taskflow_api.py
[2025-08-14T10:53:02.853+0000] {processor.py:836} INFO - DAG(s) dict_keys(['tutorial_taskflow_api']) retrieved from /home/vscode/.local/lib/python3.10/site-packages/airflow/example_dags/tutorial_taskflow_api.py
[2025-08-14T10:53:02.864+0000] {logging_mixin.py:150} INFO - [2025-08-14T10:53:02.864+0000] {dag.py:2742} INFO - Sync 1 DAGs
[2025-08-14T10:53:02.878+0000] {logging_mixin.py:150} INFO - [2025-08-14T10:53:02.878+0000] {dag.py:3504} INFO - Setting next_dagrun for tutorial_taskflow_api to None, run_after=None
[2025-08-14T10:53:02.893+0000] {processor.py:179} INFO - Processing /home/vscode/.local/lib/python3.10/site-packages/airflow/example_dags/tutorial_taskflow_api.py took 0.048 seconds
[2025-08-14T10:53:40.799+0000] {processor.py:157} INFO - Started process (PID=35809) to work on /home/vscode/.local/lib/python3.10/site-packages/airflow/example_dags/tutorial_taskflow_api.py
[2025-08-14T10:53:40.808+0000] {processor.py:826} INFO - Processing file /home/vscode/.local/lib/python3.10/site-packages/airflow/example_dags/tutorial_taskflow_api.py for tasks to queue
[2025-08-14T10:53:40.809+0000] {logging_mixin.py:150} INFO - [2025-08-14T10:53:40.809+0000] {dagbag.py:541} INFO - Filling up the DagBag from /home/vscode/.local/lib/python3.10/site-packages/airflow/example_dags/tutorial_taskflow_api.py
[2025-08-14T10:53:40.897+0000] {processor.py:836} INFO - DAG(s) dict_keys(['tutorial_taskflow_api']) retrieved from /home/vscode/.local/lib/python3.10/site-packages/airflow/example_dags/tutorial_taskflow_api.py
[2025-08-14T10:53:40.982+0000] {logging_mixin.py:150} INFO - [2025-08-14T10:53:40.974+0000] {dag.py:2742} INFO - Sync 1 DAGs
[2025-08-14T10:53:41.055+0000] {logging_mixin.py:150} INFO - [2025-08-14T10:53:41.054+0000] {dag.py:3504} INFO - Setting next_dagrun for tutorial_taskflow_api to None, run_after=None
[2025-08-14T10:53:41.104+0000] {processor.py:179} INFO - Processing /home/vscode/.local/lib/python3.10/site-packages/airflow/example_dags/tutorial_taskflow_api.py took 0.332 seconds
[2025-08-14T10:54:23.818+0000] {processor.py:157} INFO - Started process (PID=36776) to work on /home/vscode/.local/lib/python3.10/site-packages/airflow/example_dags/tutorial_taskflow_api.py
[2025-08-14T10:54:23.819+0000] {processor.py:826} INFO - Processing file /home/vscode/.local/lib/python3.10/site-packages/airflow/example_dags/tutorial_taskflow_api.py for tasks to queue
[2025-08-14T10:54:23.819+0000] {logging_mixin.py:150} INFO - [2025-08-14T10:54:23.819+0000] {dagbag.py:541} INFO - Filling up the DagBag from /home/vscode/.local/lib/python3.10/site-packages/airflow/example_dags/tutorial_taskflow_api.py
[2025-08-14T10:54:23.824+0000] {processor.py:836} INFO - DAG(s) dict_keys(['tutorial_taskflow_api']) retrieved from /home/vscode/.local/lib/python3.10/site-packages/airflow/example_dags/tutorial_taskflow_api.py
[2025-08-14T10:54:23.836+0000] {logging_mixin.py:150} INFO - [2025-08-14T10:54:23.836+0000] {dag.py:2742} INFO - Sync 1 DAGs
[2025-08-14T10:54:23.855+0000] {logging_mixin.py:150} INFO - [2025-08-14T10:54:23.855+0000] {dag.py:3504} INFO - Setting next_dagrun for tutorial_taskflow_api to None, run_after=None
[2025-08-14T10:54:23.878+0000] {processor.py:179} INFO - Processing /home/vscode/.local/lib/python3.10/site-packages/airflow/example_dags/tutorial_taskflow_api.py took 0.062 seconds
[2025-08-14T10:55:06.962+0000] {processor.py:157} INFO - Started process (PID=37349) to work on /home/vscode/.local/lib/python3.10/site-packages/airflow/example_dags/tutorial_taskflow_api.py
[2025-08-14T10:55:06.964+0000] {processor.py:826} INFO - Processing file /home/vscode/.local/lib/python3.10/site-packages/airflow/example_dags/tutorial_taskflow_api.py for tasks to queue
[2025-08-14T10:55:06.965+0000] {logging_mixin.py:150} INFO - [2025-08-14T10:55:06.965+0000] {dagbag.py:541} INFO - Filling up the DagBag from /home/vscode/.local/lib/python3.10/site-packages/airflow/example_dags/tutorial_taskflow_api.py
[2025-08-14T10:55:06.973+0000] {processor.py:836} INFO - DAG(s) dict_keys(['tutorial_taskflow_api']) retrieved from /home/vscode/.local/lib/python3.10/site-packages/airflow/example_dags/tutorial_taskflow_api.py
[2025-08-14T10:55:06.991+0000] {logging_mixin.py:150} INFO - [2025-08-14T10:55:06.991+0000] {dag.py:2742} INFO - Sync 1 DAGs
[2025-08-14T10:55:07.016+0000] {logging_mixin.py:150} INFO - [2025-08-14T10:55:07.015+0000] {dag.py:3504} INFO - Setting next_dagrun for tutorial_taskflow_api to None, run_after=None
[2025-08-14T10:55:07.045+0000] {processor.py:179} INFO - Processing /home/vscode/.local/lib/python3.10/site-packages/airflow/example_dags/tutorial_taskflow_api.py took 0.086 seconds
[2025-08-14T10:55:53.602+0000] {processor.py:157} INFO - Started process (PID=37917) to work on /home/vscode/.local/lib/python3.10/site-packages/airflow/example_dags/tutorial_taskflow_api.py
[2025-08-14T10:55:53.603+0000] {processor.py:826} INFO - Processing file /home/vscode/.local/lib/python3.10/site-packages/airflow/example_dags/tutorial_taskflow_api.py for tasks to queue
[2025-08-14T10:55:53.604+0000] {logging_mixin.py:150} INFO - [2025-08-14T10:55:53.603+0000] {dagbag.py:541} INFO - Filling up the DagBag from /home/vscode/.local/lib/python3.10/site-packages/airflow/example_dags/tutorial_taskflow_api.py
[2025-08-14T10:55:53.608+0000] {processor.py:836} INFO - DAG(s) dict_keys(['tutorial_taskflow_api']) retrieved from /home/vscode/.local/lib/python3.10/site-packages/airflow/example_dags/tutorial_taskflow_api.py
[2025-08-14T10:55:53.620+0000] {logging_mixin.py:150} INFO - [2025-08-14T10:55:53.620+0000] {dag.py:2742} INFO - Sync 1 DAGs
[2025-08-14T10:55:53.634+0000] {logging_mixin.py:150} INFO - [2025-08-14T10:55:53.634+0000] {dag.py:3504} INFO - Setting next_dagrun for tutorial_taskflow_api to None, run_after=None
[2025-08-14T10:55:53.649+0000] {processor.py:179} INFO - Processing /home/vscode/.local/lib/python3.10/site-packages/airflow/example_dags/tutorial_taskflow_api.py took 0.049 seconds
[2025-08-14T10:56:42.803+0000] {processor.py:157} INFO - Started process (PID=38379) to work on /home/vscode/.local/lib/python3.10/site-packages/airflow/example_dags/tutorial_taskflow_api.py
[2025-08-14T10:56:42.803+0000] {processor.py:826} INFO - Processing file /home/vscode/.local/lib/python3.10/site-packages/airflow/example_dags/tutorial_taskflow_api.py for tasks to queue
[2025-08-14T10:56:42.804+0000] {logging_mixin.py:150} INFO - [2025-08-14T10:56:42.804+0000] {dagbag.py:541} INFO - Filling up the DagBag from /home/vscode/.local/lib/python3.10/site-packages/airflow/example_dags/tutorial_taskflow_api.py
[2025-08-14T10:56:42.809+0000] {processor.py:836} INFO - DAG(s) dict_keys(['tutorial_taskflow_api']) retrieved from /home/vscode/.local/lib/python3.10/site-packages/airflow/example_dags/tutorial_taskflow_api.py
[2025-08-14T10:56:42.820+0000] {logging_mixin.py:150} INFO - [2025-08-14T10:56:42.820+0000] {dag.py:2742} INFO - Sync 1 DAGs
[2025-08-14T10:56:42.833+0000] {logging_mixin.py:150} INFO - [2025-08-14T10:56:42.833+0000] {dag.py:3504} INFO - Setting next_dagrun for tutorial_taskflow_api to None, run_after=None
[2025-08-14T10:56:42.848+0000] {processor.py:179} INFO - Processing /home/vscode/.local/lib/python3.10/site-packages/airflow/example_dags/tutorial_taskflow_api.py took 0.048 seconds
[2025-08-14T10:57:16.936+0000] {processor.py:157} INFO - Started process (PID=38706) to work on /home/vscode/.local/lib/python3.10/site-packages/airflow/example_dags/tutorial_taskflow_api.py
[2025-08-14T10:57:16.937+0000] {processor.py:826} INFO - Processing file /home/vscode/.local/lib/python3.10/site-packages/airflow/example_dags/tutorial_taskflow_api.py for tasks to queue
[2025-08-14T10:57:16.937+0000] {logging_mixin.py:150} INFO - [2025-08-14T10:57:16.937+0000] {dagbag.py:541} INFO - Filling up the DagBag from /home/vscode/.local/lib/python3.10/site-packages/airflow/example_dags/tutorial_taskflow_api.py
[2025-08-14T10:57:16.943+0000] {processor.py:836} INFO - DAG(s) dict_keys(['tutorial_taskflow_api']) retrieved from /home/vscode/.local/lib/python3.10/site-packages/airflow/example_dags/tutorial_taskflow_api.py
[2025-08-14T10:57:16.954+0000] {logging_mixin.py:150} INFO - [2025-08-14T10:57:16.954+0000] {dag.py:2742} INFO - Sync 1 DAGs
[2025-08-14T10:57:16.969+0000] {logging_mixin.py:150} INFO - [2025-08-14T10:57:16.968+0000] {dag.py:3504} INFO - Setting next_dagrun for tutorial_taskflow_api to None, run_after=None
[2025-08-14T10:57:16.985+0000] {processor.py:179} INFO - Processing /home/vscode/.local/lib/python3.10/site-packages/airflow/example_dags/tutorial_taskflow_api.py took 0.051 seconds
[2025-08-14T10:58:03.882+0000] {processor.py:157} INFO - Started process (PID=39156) to work on /home/vscode/.local/lib/python3.10/site-packages/airflow/example_dags/tutorial_taskflow_api.py
[2025-08-14T10:58:03.883+0000] {processor.py:826} INFO - Processing file /home/vscode/.local/lib/python3.10/site-packages/airflow/example_dags/tutorial_taskflow_api.py for tasks to queue
[2025-08-14T10:58:03.883+0000] {logging_mixin.py:150} INFO - [2025-08-14T10:58:03.883+0000] {dagbag.py:541} INFO - Filling up the DagBag from /home/vscode/.local/lib/python3.10/site-packages/airflow/example_dags/tutorial_taskflow_api.py
[2025-08-14T10:58:03.888+0000] {processor.py:836} INFO - DAG(s) dict_keys(['tutorial_taskflow_api']) retrieved from /home/vscode/.local/lib/python3.10/site-packages/airflow/example_dags/tutorial_taskflow_api.py
[2025-08-14T10:58:03.899+0000] {logging_mixin.py:150} INFO - [2025-08-14T10:58:03.899+0000] {dag.py:2742} INFO - Sync 1 DAGs
[2025-08-14T10:58:03.913+0000] {logging_mixin.py:150} INFO - [2025-08-14T10:58:03.913+0000] {dag.py:3504} INFO - Setting next_dagrun for tutorial_taskflow_api to None, run_after=None
[2025-08-14T10:58:03.929+0000] {processor.py:179} INFO - Processing /home/vscode/.local/lib/python3.10/site-packages/airflow/example_dags/tutorial_taskflow_api.py took 0.049 seconds
[2025-08-14T10:58:50.355+0000] {processor.py:157} INFO - Started process (PID=39600) to work on /home/vscode/.local/lib/python3.10/site-packages/airflow/example_dags/tutorial_taskflow_api.py
[2025-08-14T10:58:50.356+0000] {processor.py:826} INFO - Processing file /home/vscode/.local/lib/python3.10/site-packages/airflow/example_dags/tutorial_taskflow_api.py for tasks to queue
[2025-08-14T10:58:50.356+0000] {logging_mixin.py:150} INFO - [2025-08-14T10:58:50.356+0000] {dagbag.py:541} INFO - Filling up the DagBag from /home/vscode/.local/lib/python3.10/site-packages/airflow/example_dags/tutorial_taskflow_api.py
[2025-08-14T10:58:50.361+0000] {processor.py:836} INFO - DAG(s) dict_keys(['tutorial_taskflow_api']) retrieved from /home/vscode/.local/lib/python3.10/site-packages/airflow/example_dags/tutorial_taskflow_api.py
[2025-08-14T10:58:50.372+0000] {logging_mixin.py:150} INFO - [2025-08-14T10:58:50.372+0000] {dag.py:2742} INFO - Sync 1 DAGs
[2025-08-14T10:58:50.386+0000] {logging_mixin.py:150} INFO - [2025-08-14T10:58:50.385+0000] {dag.py:3504} INFO - Setting next_dagrun for tutorial_taskflow_api to None, run_after=None
[2025-08-14T10:58:50.400+0000] {processor.py:179} INFO - Processing /home/vscode/.local/lib/python3.10/site-packages/airflow/example_dags/tutorial_taskflow_api.py took 0.047 seconds
[2025-08-14T10:59:36.828+0000] {processor.py:157} INFO - Started process (PID=40049) to work on /home/vscode/.local/lib/python3.10/site-packages/airflow/example_dags/tutorial_taskflow_api.py
[2025-08-14T10:59:36.829+0000] {processor.py:826} INFO - Processing file /home/vscode/.local/lib/python3.10/site-packages/airflow/example_dags/tutorial_taskflow_api.py for tasks to queue
[2025-08-14T10:59:36.829+0000] {logging_mixin.py:150} INFO - [2025-08-14T10:59:36.829+0000] {dagbag.py:541} INFO - Filling up the DagBag from /home/vscode/.local/lib/python3.10/site-packages/airflow/example_dags/tutorial_taskflow_api.py
[2025-08-14T10:59:36.834+0000] {processor.py:836} INFO - DAG(s) dict_keys(['tutorial_taskflow_api']) retrieved from /home/vscode/.local/lib/python3.10/site-packages/airflow/example_dags/tutorial_taskflow_api.py
[2025-08-14T10:59:36.846+0000] {logging_mixin.py:150} INFO - [2025-08-14T10:59:36.846+0000] {dag.py:2742} INFO - Sync 1 DAGs
[2025-08-14T10:59:36.860+0000] {logging_mixin.py:150} INFO - [2025-08-14T10:59:36.860+0000] {dag.py:3504} INFO - Setting next_dagrun for tutorial_taskflow_api to None, run_after=None
[2025-08-14T10:59:36.876+0000] {processor.py:179} INFO - Processing /home/vscode/.local/lib/python3.10/site-packages/airflow/example_dags/tutorial_taskflow_api.py took 0.050 seconds
[2025-08-14T11:00:23.488+0000] {processor.py:157} INFO - Started process (PID=40493) to work on /home/vscode/.local/lib/python3.10/site-packages/airflow/example_dags/tutorial_taskflow_api.py
[2025-08-14T11:00:23.488+0000] {processor.py:826} INFO - Processing file /home/vscode/.local/lib/python3.10/site-packages/airflow/example_dags/tutorial_taskflow_api.py for tasks to queue
[2025-08-14T11:00:23.489+0000] {logging_mixin.py:150} INFO - [2025-08-14T11:00:23.489+0000] {dagbag.py:541} INFO - Filling up the DagBag from /home/vscode/.local/lib/python3.10/site-packages/airflow/example_dags/tutorial_taskflow_api.py
[2025-08-14T11:00:23.496+0000] {processor.py:836} INFO - DAG(s) dict_keys(['tutorial_taskflow_api']) retrieved from /home/vscode/.local/lib/python3.10/site-packages/airflow/example_dags/tutorial_taskflow_api.py
[2025-08-14T11:00:23.512+0000] {logging_mixin.py:150} INFO - [2025-08-14T11:00:23.512+0000] {dag.py:2742} INFO - Sync 1 DAGs
[2025-08-14T11:00:23.532+0000] {logging_mixin.py:150} INFO - [2025-08-14T11:00:23.532+0000] {dag.py:3504} INFO - Setting next_dagrun for tutorial_taskflow_api to None, run_after=None
[2025-08-14T11:00:23.548+0000] {processor.py:179} INFO - Processing /home/vscode/.local/lib/python3.10/site-packages/airflow/example_dags/tutorial_taskflow_api.py took 0.063 seconds
[2025-08-14T11:01:09.850+0000] {processor.py:157} INFO - Started process (PID=40935) to work on /home/vscode/.local/lib/python3.10/site-packages/airflow/example_dags/tutorial_taskflow_api.py
[2025-08-14T11:01:09.850+0000] {processor.py:826} INFO - Processing file /home/vscode/.local/lib/python3.10/site-packages/airflow/example_dags/tutorial_taskflow_api.py for tasks to queue
[2025-08-14T11:01:09.851+0000] {logging_mixin.py:150} INFO - [2025-08-14T11:01:09.851+0000] {dagbag.py:541} INFO - Filling up the DagBag from /home/vscode/.local/lib/python3.10/site-packages/airflow/example_dags/tutorial_taskflow_api.py
[2025-08-14T11:01:09.856+0000] {processor.py:836} INFO - DAG(s) dict_keys(['tutorial_taskflow_api']) retrieved from /home/vscode/.local/lib/python3.10/site-packages/airflow/example_dags/tutorial_taskflow_api.py
[2025-08-14T11:01:09.867+0000] {logging_mixin.py:150} INFO - [2025-08-14T11:01:09.866+0000] {dag.py:2742} INFO - Sync 1 DAGs
[2025-08-14T11:01:09.880+0000] {logging_mixin.py:150} INFO - [2025-08-14T11:01:09.880+0000] {dag.py:3504} INFO - Setting next_dagrun for tutorial_taskflow_api to None, run_after=None
[2025-08-14T11:01:09.895+0000] {processor.py:179} INFO - Processing /home/vscode/.local/lib/python3.10/site-packages/airflow/example_dags/tutorial_taskflow_api.py took 0.047 seconds
[2025-08-14T11:01:44.542+0000] {processor.py:157} INFO - Started process (PID=41268) to work on /home/vscode/.local/lib/python3.10/site-packages/airflow/example_dags/tutorial_taskflow_api.py
[2025-08-14T11:01:44.543+0000] {processor.py:826} INFO - Processing file /home/vscode/.local/lib/python3.10/site-packages/airflow/example_dags/tutorial_taskflow_api.py for tasks to queue
[2025-08-14T11:01:44.544+0000] {logging_mixin.py:150} INFO - [2025-08-14T11:01:44.544+0000] {dagbag.py:541} INFO - Filling up the DagBag from /home/vscode/.local/lib/python3.10/site-packages/airflow/example_dags/tutorial_taskflow_api.py
[2025-08-14T11:01:44.550+0000] {processor.py:836} INFO - DAG(s) dict_keys(['tutorial_taskflow_api']) retrieved from /home/vscode/.local/lib/python3.10/site-packages/airflow/example_dags/tutorial_taskflow_api.py
[2025-08-14T11:01:44.565+0000] {logging_mixin.py:150} INFO - [2025-08-14T11:01:44.565+0000] {dag.py:2742} INFO - Sync 1 DAGs
[2025-08-14T11:01:44.581+0000] {logging_mixin.py:150} INFO - [2025-08-14T11:01:44.581+0000] {dag.py:3504} INFO - Setting next_dagrun for tutorial_taskflow_api to None, run_after=None
[2025-08-14T11:01:44.597+0000] {processor.py:179} INFO - Processing /home/vscode/.local/lib/python3.10/site-packages/airflow/example_dags/tutorial_taskflow_api.py took 0.057 seconds
[2025-08-14T11:02:31.301+0000] {processor.py:157} INFO - Started process (PID=41709) to work on /home/vscode/.local/lib/python3.10/site-packages/airflow/example_dags/tutorial_taskflow_api.py
[2025-08-14T11:02:31.302+0000] {processor.py:826} INFO - Processing file /home/vscode/.local/lib/python3.10/site-packages/airflow/example_dags/tutorial_taskflow_api.py for tasks to queue
[2025-08-14T11:02:31.302+0000] {logging_mixin.py:150} INFO - [2025-08-14T11:02:31.302+0000] {dagbag.py:541} INFO - Filling up the DagBag from /home/vscode/.local/lib/python3.10/site-packages/airflow/example_dags/tutorial_taskflow_api.py
[2025-08-14T11:02:31.307+0000] {processor.py:836} INFO - DAG(s) dict_keys(['tutorial_taskflow_api']) retrieved from /home/vscode/.local/lib/python3.10/site-packages/airflow/example_dags/tutorial_taskflow_api.py
[2025-08-14T11:02:31.319+0000] {logging_mixin.py:150} INFO - [2025-08-14T11:02:31.319+0000] {dag.py:2742} INFO - Sync 1 DAGs
[2025-08-14T11:02:31.334+0000] {logging_mixin.py:150} INFO - [2025-08-14T11:02:31.334+0000] {dag.py:3504} INFO - Setting next_dagrun for tutorial_taskflow_api to None, run_after=None
[2025-08-14T11:02:31.349+0000] {processor.py:179} INFO - Processing /home/vscode/.local/lib/python3.10/site-packages/airflow/example_dags/tutorial_taskflow_api.py took 0.051 seconds
[2025-08-14T11:03:16.900+0000] {processor.py:157} INFO - Started process (PID=42151) to work on /home/vscode/.local/lib/python3.10/site-packages/airflow/example_dags/tutorial_taskflow_api.py
[2025-08-14T11:03:16.901+0000] {processor.py:826} INFO - Processing file /home/vscode/.local/lib/python3.10/site-packages/airflow/example_dags/tutorial_taskflow_api.py for tasks to queue
[2025-08-14T11:03:16.901+0000] {logging_mixin.py:150} INFO - [2025-08-14T11:03:16.901+0000] {dagbag.py:541} INFO - Filling up the DagBag from /home/vscode/.local/lib/python3.10/site-packages/airflow/example_dags/tutorial_taskflow_api.py
[2025-08-14T11:03:16.906+0000] {processor.py:836} INFO - DAG(s) dict_keys(['tutorial_taskflow_api']) retrieved from /home/vscode/.local/lib/python3.10/site-packages/airflow/example_dags/tutorial_taskflow_api.py
[2025-08-14T11:03:16.918+0000] {logging_mixin.py:150} INFO - [2025-08-14T11:03:16.918+0000] {dag.py:2742} INFO - Sync 1 DAGs
[2025-08-14T11:03:16.933+0000] {logging_mixin.py:150} INFO - [2025-08-14T11:03:16.932+0000] {dag.py:3504} INFO - Setting next_dagrun for tutorial_taskflow_api to None, run_after=None
[2025-08-14T11:03:16.948+0000] {processor.py:179} INFO - Processing /home/vscode/.local/lib/python3.10/site-packages/airflow/example_dags/tutorial_taskflow_api.py took 0.050 seconds
[2025-08-14T11:04:00.294+0000] {processor.py:157} INFO - Started process (PID=42566) to work on /home/vscode/.local/lib/python3.10/site-packages/airflow/example_dags/tutorial_taskflow_api.py
[2025-08-14T11:04:00.295+0000] {processor.py:826} INFO - Processing file /home/vscode/.local/lib/python3.10/site-packages/airflow/example_dags/tutorial_taskflow_api.py for tasks to queue
[2025-08-14T11:04:00.295+0000] {logging_mixin.py:150} INFO - [2025-08-14T11:04:00.295+0000] {dagbag.py:541} INFO - Filling up the DagBag from /home/vscode/.local/lib/python3.10/site-packages/airflow/example_dags/tutorial_taskflow_api.py
[2025-08-14T11:04:00.300+0000] {processor.py:836} INFO - DAG(s) dict_keys(['tutorial_taskflow_api']) retrieved from /home/vscode/.local/lib/python3.10/site-packages/airflow/example_dags/tutorial_taskflow_api.py
[2025-08-14T11:04:00.312+0000] {logging_mixin.py:150} INFO - [2025-08-14T11:04:00.312+0000] {dag.py:2742} INFO - Sync 1 DAGs
[2025-08-14T11:04:00.327+0000] {logging_mixin.py:150} INFO - [2025-08-14T11:04:00.327+0000] {dag.py:3504} INFO - Setting next_dagrun for tutorial_taskflow_api to None, run_after=None
[2025-08-14T11:04:00.344+0000] {processor.py:179} INFO - Processing /home/vscode/.local/lib/python3.10/site-packages/airflow/example_dags/tutorial_taskflow_api.py took 0.052 seconds
[2025-08-14T11:04:35.682+0000] {processor.py:157} INFO - Started process (PID=42906) to work on /home/vscode/.local/lib/python3.10/site-packages/airflow/example_dags/tutorial_taskflow_api.py
[2025-08-14T11:04:35.683+0000] {processor.py:826} INFO - Processing file /home/vscode/.local/lib/python3.10/site-packages/airflow/example_dags/tutorial_taskflow_api.py for tasks to queue
[2025-08-14T11:04:35.683+0000] {logging_mixin.py:150} INFO - [2025-08-14T11:04:35.683+0000] {dagbag.py:541} INFO - Filling up the DagBag from /home/vscode/.local/lib/python3.10/site-packages/airflow/example_dags/tutorial_taskflow_api.py
[2025-08-14T11:04:35.688+0000] {processor.py:836} INFO - DAG(s) dict_keys(['tutorial_taskflow_api']) retrieved from /home/vscode/.local/lib/python3.10/site-packages/airflow/example_dags/tutorial_taskflow_api.py
[2025-08-14T11:04:35.699+0000] {logging_mixin.py:150} INFO - [2025-08-14T11:04:35.699+0000] {dag.py:2742} INFO - Sync 1 DAGs
[2025-08-14T11:04:35.713+0000] {logging_mixin.py:150} INFO - [2025-08-14T11:04:35.713+0000] {dag.py:3504} INFO - Setting next_dagrun for tutorial_taskflow_api to None, run_after=None
[2025-08-14T11:04:35.728+0000] {processor.py:179} INFO - Processing /home/vscode/.local/lib/python3.10/site-packages/airflow/example_dags/tutorial_taskflow_api.py took 0.048 seconds
[2025-08-14T11:05:09.389+0000] {processor.py:157} INFO - Started process (PID=43227) to work on /home/vscode/.local/lib/python3.10/site-packages/airflow/example_dags/tutorial_taskflow_api.py
[2025-08-14T11:05:09.390+0000] {processor.py:826} INFO - Processing file /home/vscode/.local/lib/python3.10/site-packages/airflow/example_dags/tutorial_taskflow_api.py for tasks to queue
[2025-08-14T11:05:09.391+0000] {logging_mixin.py:150} INFO - [2025-08-14T11:05:09.390+0000] {dagbag.py:541} INFO - Filling up the DagBag from /home/vscode/.local/lib/python3.10/site-packages/airflow/example_dags/tutorial_taskflow_api.py
[2025-08-14T11:05:09.396+0000] {processor.py:836} INFO - DAG(s) dict_keys(['tutorial_taskflow_api']) retrieved from /home/vscode/.local/lib/python3.10/site-packages/airflow/example_dags/tutorial_taskflow_api.py
[2025-08-14T11:05:09.411+0000] {logging_mixin.py:150} INFO - [2025-08-14T11:05:09.411+0000] {dag.py:2742} INFO - Sync 1 DAGs
[2025-08-14T11:05:09.429+0000] {logging_mixin.py:150} INFO - [2025-08-14T11:05:09.429+0000] {dag.py:3504} INFO - Setting next_dagrun for tutorial_taskflow_api to None, run_after=None
[2025-08-14T11:05:09.451+0000] {processor.py:179} INFO - Processing /home/vscode/.local/lib/python3.10/site-packages/airflow/example_dags/tutorial_taskflow_api.py took 0.064 seconds
[2025-08-14T11:05:52.542+0000] {processor.py:157} INFO - Started process (PID=43635) to work on /home/vscode/.local/lib/python3.10/site-packages/airflow/example_dags/tutorial_taskflow_api.py
[2025-08-14T11:05:52.543+0000] {processor.py:826} INFO - Processing file /home/vscode/.local/lib/python3.10/site-packages/airflow/example_dags/tutorial_taskflow_api.py for tasks to queue
[2025-08-14T11:05:52.543+0000] {logging_mixin.py:150} INFO - [2025-08-14T11:05:52.543+0000] {dagbag.py:541} INFO - Filling up the DagBag from /home/vscode/.local/lib/python3.10/site-packages/airflow/example_dags/tutorial_taskflow_api.py
[2025-08-14T11:05:52.548+0000] {processor.py:836} INFO - DAG(s) dict_keys(['tutorial_taskflow_api']) retrieved from /home/vscode/.local/lib/python3.10/site-packages/airflow/example_dags/tutorial_taskflow_api.py
[2025-08-14T11:05:52.560+0000] {logging_mixin.py:150} INFO - [2025-08-14T11:05:52.559+0000] {dag.py:2742} INFO - Sync 1 DAGs
[2025-08-14T11:05:52.574+0000] {logging_mixin.py:150} INFO - [2025-08-14T11:05:52.574+0000] {dag.py:3504} INFO - Setting next_dagrun for tutorial_taskflow_api to None, run_after=None
[2025-08-14T11:05:52.589+0000] {processor.py:179} INFO - Processing /home/vscode/.local/lib/python3.10/site-packages/airflow/example_dags/tutorial_taskflow_api.py took 0.049 seconds
[2025-08-14T11:06:36.573+0000] {processor.py:157} INFO - Started process (PID=44069) to work on /home/vscode/.local/lib/python3.10/site-packages/airflow/example_dags/tutorial_taskflow_api.py
[2025-08-14T11:06:36.574+0000] {processor.py:826} INFO - Processing file /home/vscode/.local/lib/python3.10/site-packages/airflow/example_dags/tutorial_taskflow_api.py for tasks to queue
[2025-08-14T11:06:36.575+0000] {logging_mixin.py:150} INFO - [2025-08-14T11:06:36.574+0000] {dagbag.py:541} INFO - Filling up the DagBag from /home/vscode/.local/lib/python3.10/site-packages/airflow/example_dags/tutorial_taskflow_api.py
[2025-08-14T11:06:36.579+0000] {processor.py:836} INFO - DAG(s) dict_keys(['tutorial_taskflow_api']) retrieved from /home/vscode/.local/lib/python3.10/site-packages/airflow/example_dags/tutorial_taskflow_api.py
[2025-08-14T11:06:36.590+0000] {logging_mixin.py:150} INFO - [2025-08-14T11:06:36.590+0000] {dag.py:2742} INFO - Sync 1 DAGs
[2025-08-14T11:06:36.604+0000] {logging_mixin.py:150} INFO - [2025-08-14T11:06:36.604+0000] {dag.py:3504} INFO - Setting next_dagrun for tutorial_taskflow_api to None, run_after=None
[2025-08-14T11:06:36.619+0000] {processor.py:179} INFO - Processing /home/vscode/.local/lib/python3.10/site-packages/airflow/example_dags/tutorial_taskflow_api.py took 0.048 seconds
[2025-08-14T11:07:22.814+0000] {processor.py:157} INFO - Started process (PID=44503) to work on /home/vscode/.local/lib/python3.10/site-packages/airflow/example_dags/tutorial_taskflow_api.py
[2025-08-14T11:07:22.815+0000] {processor.py:826} INFO - Processing file /home/vscode/.local/lib/python3.10/site-packages/airflow/example_dags/tutorial_taskflow_api.py for tasks to queue
[2025-08-14T11:07:22.816+0000] {logging_mixin.py:150} INFO - [2025-08-14T11:07:22.815+0000] {dagbag.py:541} INFO - Filling up the DagBag from /home/vscode/.local/lib/python3.10/site-packages/airflow/example_dags/tutorial_taskflow_api.py
[2025-08-14T11:07:22.820+0000] {processor.py:836} INFO - DAG(s) dict_keys(['tutorial_taskflow_api']) retrieved from /home/vscode/.local/lib/python3.10/site-packages/airflow/example_dags/tutorial_taskflow_api.py
[2025-08-14T11:07:22.831+0000] {logging_mixin.py:150} INFO - [2025-08-14T11:07:22.831+0000] {dag.py:2742} INFO - Sync 1 DAGs
[2025-08-14T11:07:22.845+0000] {logging_mixin.py:150} INFO - [2025-08-14T11:07:22.845+0000] {dag.py:3504} INFO - Setting next_dagrun for tutorial_taskflow_api to None, run_after=None
[2025-08-14T11:07:22.860+0000] {processor.py:179} INFO - Processing /home/vscode/.local/lib/python3.10/site-packages/airflow/example_dags/tutorial_taskflow_api.py took 0.047 seconds
[2025-08-14T11:08:06.909+0000] {processor.py:157} INFO - Started process (PID=44930) to work on /home/vscode/.local/lib/python3.10/site-packages/airflow/example_dags/tutorial_taskflow_api.py
[2025-08-14T11:08:06.910+0000] {processor.py:826} INFO - Processing file /home/vscode/.local/lib/python3.10/site-packages/airflow/example_dags/tutorial_taskflow_api.py for tasks to queue
[2025-08-14T11:08:06.911+0000] {logging_mixin.py:150} INFO - [2025-08-14T11:08:06.910+0000] {dagbag.py:541} INFO - Filling up the DagBag from /home/vscode/.local/lib/python3.10/site-packages/airflow/example_dags/tutorial_taskflow_api.py
[2025-08-14T11:08:06.915+0000] {processor.py:836} INFO - DAG(s) dict_keys(['tutorial_taskflow_api']) retrieved from /home/vscode/.local/lib/python3.10/site-packages/airflow/example_dags/tutorial_taskflow_api.py
[2025-08-14T11:08:06.926+0000] {logging_mixin.py:150} INFO - [2025-08-14T11:08:06.926+0000] {dag.py:2742} INFO - Sync 1 DAGs
[2025-08-14T11:08:06.940+0000] {logging_mixin.py:150} INFO - [2025-08-14T11:08:06.940+0000] {dag.py:3504} INFO - Setting next_dagrun for tutorial_taskflow_api to None, run_after=None
[2025-08-14T11:08:06.958+0000] {processor.py:179} INFO - Processing /home/vscode/.local/lib/python3.10/site-packages/airflow/example_dags/tutorial_taskflow_api.py took 0.051 seconds
[2025-08-14T11:08:51.169+0000] {processor.py:157} INFO - Started process (PID=45352) to work on /home/vscode/.local/lib/python3.10/site-packages/airflow/example_dags/tutorial_taskflow_api.py
[2025-08-14T11:08:51.170+0000] {processor.py:826} INFO - Processing file /home/vscode/.local/lib/python3.10/site-packages/airflow/example_dags/tutorial_taskflow_api.py for tasks to queue
[2025-08-14T11:08:51.170+0000] {logging_mixin.py:150} INFO - [2025-08-14T11:08:51.170+0000] {dagbag.py:541} INFO - Filling up the DagBag from /home/vscode/.local/lib/python3.10/site-packages/airflow/example_dags/tutorial_taskflow_api.py
[2025-08-14T11:08:51.175+0000] {processor.py:836} INFO - DAG(s) dict_keys(['tutorial_taskflow_api']) retrieved from /home/vscode/.local/lib/python3.10/site-packages/airflow/example_dags/tutorial_taskflow_api.py
[2025-08-14T11:08:51.186+0000] {logging_mixin.py:150} INFO - [2025-08-14T11:08:51.186+0000] {dag.py:2742} INFO - Sync 1 DAGs
[2025-08-14T11:08:51.199+0000] {logging_mixin.py:150} INFO - [2025-08-14T11:08:51.199+0000] {dag.py:3504} INFO - Setting next_dagrun for tutorial_taskflow_api to None, run_after=None
[2025-08-14T11:08:51.214+0000] {processor.py:179} INFO - Processing /home/vscode/.local/lib/python3.10/site-packages/airflow/example_dags/tutorial_taskflow_api.py took 0.048 seconds
[2025-08-14T11:09:24.999+0000] {processor.py:157} INFO - Started process (PID=45676) to work on /home/vscode/.local/lib/python3.10/site-packages/airflow/example_dags/tutorial_taskflow_api.py
[2025-08-14T11:09:25.000+0000] {processor.py:826} INFO - Processing file /home/vscode/.local/lib/python3.10/site-packages/airflow/example_dags/tutorial_taskflow_api.py for tasks to queue
[2025-08-14T11:09:25.000+0000] {logging_mixin.py:150} INFO - [2025-08-14T11:09:25.000+0000] {dagbag.py:541} INFO - Filling up the DagBag from /home/vscode/.local/lib/python3.10/site-packages/airflow/example_dags/tutorial_taskflow_api.py
[2025-08-14T11:09:25.005+0000] {processor.py:836} INFO - DAG(s) dict_keys(['tutorial_taskflow_api']) retrieved from /home/vscode/.local/lib/python3.10/site-packages/airflow/example_dags/tutorial_taskflow_api.py
[2025-08-14T11:09:25.017+0000] {logging_mixin.py:150} INFO - [2025-08-14T11:09:25.017+0000] {dag.py:2742} INFO - Sync 1 DAGs
[2025-08-14T11:09:25.032+0000] {logging_mixin.py:150} INFO - [2025-08-14T11:09:25.032+0000] {dag.py:3504} INFO - Setting next_dagrun for tutorial_taskflow_api to None, run_after=None
[2025-08-14T11:09:25.047+0000] {processor.py:179} INFO - Processing /home/vscode/.local/lib/python3.10/site-packages/airflow/example_dags/tutorial_taskflow_api.py took 0.050 seconds
[2025-08-14T11:09:59.895+0000] {processor.py:157} INFO - Started process (PID=46008) to work on /home/vscode/.local/lib/python3.10/site-packages/airflow/example_dags/tutorial_taskflow_api.py
[2025-08-14T11:09:59.896+0000] {processor.py:826} INFO - Processing file /home/vscode/.local/lib/python3.10/site-packages/airflow/example_dags/tutorial_taskflow_api.py for tasks to queue
[2025-08-14T11:09:59.897+0000] {logging_mixin.py:150} INFO - [2025-08-14T11:09:59.896+0000] {dagbag.py:541} INFO - Filling up the DagBag from /home/vscode/.local/lib/python3.10/site-packages/airflow/example_dags/tutorial_taskflow_api.py
[2025-08-14T11:09:59.901+0000] {processor.py:836} INFO - DAG(s) dict_keys(['tutorial_taskflow_api']) retrieved from /home/vscode/.local/lib/python3.10/site-packages/airflow/example_dags/tutorial_taskflow_api.py
[2025-08-14T11:09:59.913+0000] {logging_mixin.py:150} INFO - [2025-08-14T11:09:59.913+0000] {dag.py:2742} INFO - Sync 1 DAGs
[2025-08-14T11:09:59.927+0000] {logging_mixin.py:150} INFO - [2025-08-14T11:09:59.927+0000] {dag.py:3504} INFO - Setting next_dagrun for tutorial_taskflow_api to None, run_after=None
[2025-08-14T11:09:59.942+0000] {processor.py:179} INFO - Processing /home/vscode/.local/lib/python3.10/site-packages/airflow/example_dags/tutorial_taskflow_api.py took 0.049 seconds
[2025-08-14T11:10:34.711+0000] {processor.py:157} INFO - Started process (PID=46342) to work on /home/vscode/.local/lib/python3.10/site-packages/airflow/example_dags/tutorial_taskflow_api.py
[2025-08-14T11:10:34.711+0000] {processor.py:826} INFO - Processing file /home/vscode/.local/lib/python3.10/site-packages/airflow/example_dags/tutorial_taskflow_api.py for tasks to queue
[2025-08-14T11:10:34.712+0000] {logging_mixin.py:150} INFO - [2025-08-14T11:10:34.712+0000] {dagbag.py:541} INFO - Filling up the DagBag from /home/vscode/.local/lib/python3.10/site-packages/airflow/example_dags/tutorial_taskflow_api.py
[2025-08-14T11:10:34.717+0000] {processor.py:836} INFO - DAG(s) dict_keys(['tutorial_taskflow_api']) retrieved from /home/vscode/.local/lib/python3.10/site-packages/airflow/example_dags/tutorial_taskflow_api.py
[2025-08-14T11:10:34.729+0000] {logging_mixin.py:150} INFO - [2025-08-14T11:10:34.729+0000] {dag.py:2742} INFO - Sync 1 DAGs
[2025-08-14T11:10:34.743+0000] {logging_mixin.py:150} INFO - [2025-08-14T11:10:34.743+0000] {dag.py:3504} INFO - Setting next_dagrun for tutorial_taskflow_api to None, run_after=None
[2025-08-14T11:10:34.759+0000] {processor.py:179} INFO - Processing /home/vscode/.local/lib/python3.10/site-packages/airflow/example_dags/tutorial_taskflow_api.py took 0.051 seconds
[2025-08-14T11:11:18.105+0000] {processor.py:157} INFO - Started process (PID=46756) to work on /home/vscode/.local/lib/python3.10/site-packages/airflow/example_dags/tutorial_taskflow_api.py
[2025-08-14T11:11:18.106+0000] {processor.py:826} INFO - Processing file /home/vscode/.local/lib/python3.10/site-packages/airflow/example_dags/tutorial_taskflow_api.py for tasks to queue
[2025-08-14T11:11:18.106+0000] {logging_mixin.py:150} INFO - [2025-08-14T11:11:18.106+0000] {dagbag.py:541} INFO - Filling up the DagBag from /home/vscode/.local/lib/python3.10/site-packages/airflow/example_dags/tutorial_taskflow_api.py
[2025-08-14T11:11:18.111+0000] {processor.py:836} INFO - DAG(s) dict_keys(['tutorial_taskflow_api']) retrieved from /home/vscode/.local/lib/python3.10/site-packages/airflow/example_dags/tutorial_taskflow_api.py
[2025-08-14T11:11:18.123+0000] {logging_mixin.py:150} INFO - [2025-08-14T11:11:18.123+0000] {dag.py:2742} INFO - Sync 1 DAGs
[2025-08-14T11:11:18.138+0000] {logging_mixin.py:150} INFO - [2025-08-14T11:11:18.138+0000] {dag.py:3504} INFO - Setting next_dagrun for tutorial_taskflow_api to None, run_after=None
[2025-08-14T11:11:18.154+0000] {processor.py:179} INFO - Processing /home/vscode/.local/lib/python3.10/site-packages/airflow/example_dags/tutorial_taskflow_api.py took 0.051 seconds
[2025-08-14T11:11:59.223+0000] {processor.py:157} INFO - Started process (PID=47155) to work on /home/vscode/.local/lib/python3.10/site-packages/airflow/example_dags/tutorial_taskflow_api.py
[2025-08-14T11:11:59.224+0000] {processor.py:826} INFO - Processing file /home/vscode/.local/lib/python3.10/site-packages/airflow/example_dags/tutorial_taskflow_api.py for tasks to queue
[2025-08-14T11:11:59.225+0000] {logging_mixin.py:150} INFO - [2025-08-14T11:11:59.224+0000] {dagbag.py:541} INFO - Filling up the DagBag from /home/vscode/.local/lib/python3.10/site-packages/airflow/example_dags/tutorial_taskflow_api.py
[2025-08-14T11:11:59.229+0000] {processor.py:836} INFO - DAG(s) dict_keys(['tutorial_taskflow_api']) retrieved from /home/vscode/.local/lib/python3.10/site-packages/airflow/example_dags/tutorial_taskflow_api.py
[2025-08-14T11:11:59.241+0000] {logging_mixin.py:150} INFO - [2025-08-14T11:11:59.241+0000] {dag.py:2742} INFO - Sync 1 DAGs
[2025-08-14T11:11:59.255+0000] {logging_mixin.py:150} INFO - [2025-08-14T11:11:59.255+0000] {dag.py:3504} INFO - Setting next_dagrun for tutorial_taskflow_api to None, run_after=None
[2025-08-14T11:11:59.270+0000] {processor.py:179} INFO - Processing /home/vscode/.local/lib/python3.10/site-packages/airflow/example_dags/tutorial_taskflow_api.py took 0.048 seconds
[2025-08-14T11:12:45.465+0000] {processor.py:157} INFO - Started process (PID=47597) to work on /home/vscode/.local/lib/python3.10/site-packages/airflow/example_dags/tutorial_taskflow_api.py
[2025-08-14T11:12:45.465+0000] {processor.py:826} INFO - Processing file /home/vscode/.local/lib/python3.10/site-packages/airflow/example_dags/tutorial_taskflow_api.py for tasks to queue
[2025-08-14T11:12:45.466+0000] {logging_mixin.py:150} INFO - [2025-08-14T11:12:45.466+0000] {dagbag.py:541} INFO - Filling up the DagBag from /home/vscode/.local/lib/python3.10/site-packages/airflow/example_dags/tutorial_taskflow_api.py
[2025-08-14T11:12:45.471+0000] {processor.py:836} INFO - DAG(s) dict_keys(['tutorial_taskflow_api']) retrieved from /home/vscode/.local/lib/python3.10/site-packages/airflow/example_dags/tutorial_taskflow_api.py
[2025-08-14T11:12:45.483+0000] {logging_mixin.py:150} INFO - [2025-08-14T11:12:45.483+0000] {dag.py:2742} INFO - Sync 1 DAGs
[2025-08-14T11:12:45.498+0000] {logging_mixin.py:150} INFO - [2025-08-14T11:12:45.497+0000] {dag.py:3504} INFO - Setting next_dagrun for tutorial_taskflow_api to None, run_after=None
[2025-08-14T11:12:45.513+0000] {processor.py:179} INFO - Processing /home/vscode/.local/lib/python3.10/site-packages/airflow/example_dags/tutorial_taskflow_api.py took 0.050 seconds
[2025-08-14T11:13:34.854+0000] {processor.py:157} INFO - Started process (PID=48060) to work on /home/vscode/.local/lib/python3.10/site-packages/airflow/example_dags/tutorial_taskflow_api.py
[2025-08-14T11:13:34.854+0000] {processor.py:826} INFO - Processing file /home/vscode/.local/lib/python3.10/site-packages/airflow/example_dags/tutorial_taskflow_api.py for tasks to queue
[2025-08-14T11:13:34.855+0000] {logging_mixin.py:150} INFO - [2025-08-14T11:13:34.855+0000] {dagbag.py:541} INFO - Filling up the DagBag from /home/vscode/.local/lib/python3.10/site-packages/airflow/example_dags/tutorial_taskflow_api.py
[2025-08-14T11:13:34.860+0000] {processor.py:836} INFO - DAG(s) dict_keys(['tutorial_taskflow_api']) retrieved from /home/vscode/.local/lib/python3.10/site-packages/airflow/example_dags/tutorial_taskflow_api.py
[2025-08-14T11:13:34.871+0000] {logging_mixin.py:150} INFO - [2025-08-14T11:13:34.871+0000] {dag.py:2742} INFO - Sync 1 DAGs
[2025-08-14T11:13:34.885+0000] {logging_mixin.py:150} INFO - [2025-08-14T11:13:34.885+0000] {dag.py:3504} INFO - Setting next_dagrun for tutorial_taskflow_api to None, run_after=None
[2025-08-14T11:13:34.900+0000] {processor.py:179} INFO - Processing /home/vscode/.local/lib/python3.10/site-packages/airflow/example_dags/tutorial_taskflow_api.py took 0.049 seconds
[2025-08-14T11:14:08.980+0000] {processor.py:157} INFO - Started process (PID=48394) to work on /home/vscode/.local/lib/python3.10/site-packages/airflow/example_dags/tutorial_taskflow_api.py
[2025-08-14T11:14:08.981+0000] {processor.py:826} INFO - Processing file /home/vscode/.local/lib/python3.10/site-packages/airflow/example_dags/tutorial_taskflow_api.py for tasks to queue
[2025-08-14T11:14:08.982+0000] {logging_mixin.py:150} INFO - [2025-08-14T11:14:08.982+0000] {dagbag.py:541} INFO - Filling up the DagBag from /home/vscode/.local/lib/python3.10/site-packages/airflow/example_dags/tutorial_taskflow_api.py
[2025-08-14T11:14:08.987+0000] {processor.py:836} INFO - DAG(s) dict_keys(['tutorial_taskflow_api']) retrieved from /home/vscode/.local/lib/python3.10/site-packages/airflow/example_dags/tutorial_taskflow_api.py
[2025-08-14T11:14:08.998+0000] {logging_mixin.py:150} INFO - [2025-08-14T11:14:08.998+0000] {dag.py:2742} INFO - Sync 1 DAGs
[2025-08-14T11:14:09.013+0000] {logging_mixin.py:150} INFO - [2025-08-14T11:14:09.013+0000] {dag.py:3504} INFO - Setting next_dagrun for tutorial_taskflow_api to None, run_after=None
[2025-08-14T11:14:09.029+0000] {processor.py:179} INFO - Processing /home/vscode/.local/lib/python3.10/site-packages/airflow/example_dags/tutorial_taskflow_api.py took 0.051 seconds
[2025-08-14T11:14:54.802+0000] {processor.py:157} INFO - Started process (PID=48829) to work on /home/vscode/.local/lib/python3.10/site-packages/airflow/example_dags/tutorial_taskflow_api.py
[2025-08-14T11:14:54.802+0000] {processor.py:826} INFO - Processing file /home/vscode/.local/lib/python3.10/site-packages/airflow/example_dags/tutorial_taskflow_api.py for tasks to queue
[2025-08-14T11:14:54.803+0000] {logging_mixin.py:150} INFO - [2025-08-14T11:14:54.803+0000] {dagbag.py:541} INFO - Filling up the DagBag from /home/vscode/.local/lib/python3.10/site-packages/airflow/example_dags/tutorial_taskflow_api.py
[2025-08-14T11:14:54.808+0000] {processor.py:836} INFO - DAG(s) dict_keys(['tutorial_taskflow_api']) retrieved from /home/vscode/.local/lib/python3.10/site-packages/airflow/example_dags/tutorial_taskflow_api.py
[2025-08-14T11:14:54.819+0000] {logging_mixin.py:150} INFO - [2025-08-14T11:14:54.819+0000] {dag.py:2742} INFO - Sync 1 DAGs
[2025-08-14T11:14:54.834+0000] {logging_mixin.py:150} INFO - [2025-08-14T11:14:54.834+0000] {dag.py:3504} INFO - Setting next_dagrun for tutorial_taskflow_api to None, run_after=None
[2025-08-14T11:14:54.850+0000] {processor.py:179} INFO - Processing /home/vscode/.local/lib/python3.10/site-packages/airflow/example_dags/tutorial_taskflow_api.py took 0.051 seconds
[2025-08-14T11:15:28.609+0000] {processor.py:157} INFO - Started process (PID=49148) to work on /home/vscode/.local/lib/python3.10/site-packages/airflow/example_dags/tutorial_taskflow_api.py
[2025-08-14T11:15:28.610+0000] {processor.py:826} INFO - Processing file /home/vscode/.local/lib/python3.10/site-packages/airflow/example_dags/tutorial_taskflow_api.py for tasks to queue
[2025-08-14T11:15:28.610+0000] {logging_mixin.py:150} INFO - [2025-08-14T11:15:28.610+0000] {dagbag.py:541} INFO - Filling up the DagBag from /home/vscode/.local/lib/python3.10/site-packages/airflow/example_dags/tutorial_taskflow_api.py
[2025-08-14T11:15:28.615+0000] {processor.py:836} INFO - DAG(s) dict_keys(['tutorial_taskflow_api']) retrieved from /home/vscode/.local/lib/python3.10/site-packages/airflow/example_dags/tutorial_taskflow_api.py
[2025-08-14T11:15:28.626+0000] {logging_mixin.py:150} INFO - [2025-08-14T11:15:28.626+0000] {dag.py:2742} INFO - Sync 1 DAGs
[2025-08-14T11:15:28.640+0000] {logging_mixin.py:150} INFO - [2025-08-14T11:15:28.640+0000] {dag.py:3504} INFO - Setting next_dagrun for tutorial_taskflow_api to None, run_after=None
[2025-08-14T11:15:28.655+0000] {processor.py:179} INFO - Processing /home/vscode/.local/lib/python3.10/site-packages/airflow/example_dags/tutorial_taskflow_api.py took 0.048 seconds
[2025-08-14T11:16:15.747+0000] {processor.py:157} INFO - Started process (PID=49598) to work on /home/vscode/.local/lib/python3.10/site-packages/airflow/example_dags/tutorial_taskflow_api.py
[2025-08-14T11:16:15.747+0000] {processor.py:826} INFO - Processing file /home/vscode/.local/lib/python3.10/site-packages/airflow/example_dags/tutorial_taskflow_api.py for tasks to queue
[2025-08-14T11:16:15.748+0000] {logging_mixin.py:150} INFO - [2025-08-14T11:16:15.748+0000] {dagbag.py:541} INFO - Filling up the DagBag from /home/vscode/.local/lib/python3.10/site-packages/airflow/example_dags/tutorial_taskflow_api.py
[2025-08-14T11:16:15.754+0000] {processor.py:836} INFO - DAG(s) dict_keys(['tutorial_taskflow_api']) retrieved from /home/vscode/.local/lib/python3.10/site-packages/airflow/example_dags/tutorial_taskflow_api.py
[2025-08-14T11:16:15.764+0000] {logging_mixin.py:150} INFO - [2025-08-14T11:16:15.764+0000] {dag.py:2742} INFO - Sync 1 DAGs
[2025-08-14T11:16:15.778+0000] {logging_mixin.py:150} INFO - [2025-08-14T11:16:15.778+0000] {dag.py:3504} INFO - Setting next_dagrun for tutorial_taskflow_api to None, run_after=None
[2025-08-14T11:16:15.792+0000] {processor.py:179} INFO - Processing /home/vscode/.local/lib/python3.10/site-packages/airflow/example_dags/tutorial_taskflow_api.py took 0.048 seconds
[2025-08-14T11:17:00.822+0000] {processor.py:157} INFO - Started process (PID=50032) to work on /home/vscode/.local/lib/python3.10/site-packages/airflow/example_dags/tutorial_taskflow_api.py
[2025-08-14T11:17:00.823+0000] {processor.py:826} INFO - Processing file /home/vscode/.local/lib/python3.10/site-packages/airflow/example_dags/tutorial_taskflow_api.py for tasks to queue
[2025-08-14T11:17:00.824+0000] {logging_mixin.py:150} INFO - [2025-08-14T11:17:00.824+0000] {dagbag.py:541} INFO - Filling up the DagBag from /home/vscode/.local/lib/python3.10/site-packages/airflow/example_dags/tutorial_taskflow_api.py
[2025-08-14T11:17:00.829+0000] {processor.py:836} INFO - DAG(s) dict_keys(['tutorial_taskflow_api']) retrieved from /home/vscode/.local/lib/python3.10/site-packages/airflow/example_dags/tutorial_taskflow_api.py
[2025-08-14T11:17:00.840+0000] {logging_mixin.py:150} INFO - [2025-08-14T11:17:00.840+0000] {dag.py:2742} INFO - Sync 1 DAGs
[2025-08-14T11:17:00.854+0000] {logging_mixin.py:150} INFO - [2025-08-14T11:17:00.853+0000] {dag.py:3504} INFO - Setting next_dagrun for tutorial_taskflow_api to None, run_after=None
[2025-08-14T11:17:00.869+0000] {processor.py:179} INFO - Processing /home/vscode/.local/lib/python3.10/site-packages/airflow/example_dags/tutorial_taskflow_api.py took 0.049 seconds
[2025-08-14T11:17:42.550+0000] {processor.py:157} INFO - Started process (PID=50436) to work on /home/vscode/.local/lib/python3.10/site-packages/airflow/example_dags/tutorial_taskflow_api.py
[2025-08-14T11:17:42.551+0000] {processor.py:826} INFO - Processing file /home/vscode/.local/lib/python3.10/site-packages/airflow/example_dags/tutorial_taskflow_api.py for tasks to queue
[2025-08-14T11:17:42.551+0000] {logging_mixin.py:150} INFO - [2025-08-14T11:17:42.551+0000] {dagbag.py:541} INFO - Filling up the DagBag from /home/vscode/.local/lib/python3.10/site-packages/airflow/example_dags/tutorial_taskflow_api.py
[2025-08-14T11:17:42.556+0000] {processor.py:836} INFO - DAG(s) dict_keys(['tutorial_taskflow_api']) retrieved from /home/vscode/.local/lib/python3.10/site-packages/airflow/example_dags/tutorial_taskflow_api.py
[2025-08-14T11:17:42.568+0000] {logging_mixin.py:150} INFO - [2025-08-14T11:17:42.568+0000] {dag.py:2742} INFO - Sync 1 DAGs
[2025-08-14T11:17:42.583+0000] {logging_mixin.py:150} INFO - [2025-08-14T11:17:42.582+0000] {dag.py:3504} INFO - Setting next_dagrun for tutorial_taskflow_api to None, run_after=None
[2025-08-14T11:17:42.599+0000] {processor.py:179} INFO - Processing /home/vscode/.local/lib/python3.10/site-packages/airflow/example_dags/tutorial_taskflow_api.py took 0.051 seconds
[2025-08-14T11:18:16.806+0000] {processor.py:157} INFO - Started process (PID=50756) to work on /home/vscode/.local/lib/python3.10/site-packages/airflow/example_dags/tutorial_taskflow_api.py
[2025-08-14T11:18:16.807+0000] {processor.py:826} INFO - Processing file /home/vscode/.local/lib/python3.10/site-packages/airflow/example_dags/tutorial_taskflow_api.py for tasks to queue
[2025-08-14T11:18:16.807+0000] {logging_mixin.py:150} INFO - [2025-08-14T11:18:16.807+0000] {dagbag.py:541} INFO - Filling up the DagBag from /home/vscode/.local/lib/python3.10/site-packages/airflow/example_dags/tutorial_taskflow_api.py
[2025-08-14T11:18:16.812+0000] {processor.py:836} INFO - DAG(s) dict_keys(['tutorial_taskflow_api']) retrieved from /home/vscode/.local/lib/python3.10/site-packages/airflow/example_dags/tutorial_taskflow_api.py
[2025-08-14T11:18:16.823+0000] {logging_mixin.py:150} INFO - [2025-08-14T11:18:16.823+0000] {dag.py:2742} INFO - Sync 1 DAGs
[2025-08-14T11:18:16.836+0000] {logging_mixin.py:150} INFO - [2025-08-14T11:18:16.836+0000] {dag.py:3504} INFO - Setting next_dagrun for tutorial_taskflow_api to None, run_after=None
[2025-08-14T11:18:16.851+0000] {processor.py:179} INFO - Processing /home/vscode/.local/lib/python3.10/site-packages/airflow/example_dags/tutorial_taskflow_api.py took 0.047 seconds
[2025-08-14T11:18:59.046+0000] {processor.py:157} INFO - Started process (PID=51177) to work on /home/vscode/.local/lib/python3.10/site-packages/airflow/example_dags/tutorial_taskflow_api.py
[2025-08-14T11:18:59.047+0000] {processor.py:826} INFO - Processing file /home/vscode/.local/lib/python3.10/site-packages/airflow/example_dags/tutorial_taskflow_api.py for tasks to queue
[2025-08-14T11:18:59.048+0000] {logging_mixin.py:150} INFO - [2025-08-14T11:18:59.047+0000] {dagbag.py:541} INFO - Filling up the DagBag from /home/vscode/.local/lib/python3.10/site-packages/airflow/example_dags/tutorial_taskflow_api.py
[2025-08-14T11:18:59.053+0000] {processor.py:836} INFO - DAG(s) dict_keys(['tutorial_taskflow_api']) retrieved from /home/vscode/.local/lib/python3.10/site-packages/airflow/example_dags/tutorial_taskflow_api.py
[2025-08-14T11:18:59.066+0000] {logging_mixin.py:150} INFO - [2025-08-14T11:18:59.065+0000] {dag.py:2742} INFO - Sync 1 DAGs
[2025-08-14T11:18:59.080+0000] {logging_mixin.py:150} INFO - [2025-08-14T11:18:59.080+0000] {dag.py:3504} INFO - Setting next_dagrun for tutorial_taskflow_api to None, run_after=None
[2025-08-14T11:18:59.096+0000] {processor.py:179} INFO - Processing /home/vscode/.local/lib/python3.10/site-packages/airflow/example_dags/tutorial_taskflow_api.py took 0.052 seconds
[2025-08-14T11:19:48.020+0000] {processor.py:157} INFO - Started process (PID=51624) to work on /home/vscode/.local/lib/python3.10/site-packages/airflow/example_dags/tutorial_taskflow_api.py
[2025-08-14T11:19:48.021+0000] {processor.py:826} INFO - Processing file /home/vscode/.local/lib/python3.10/site-packages/airflow/example_dags/tutorial_taskflow_api.py for tasks to queue
[2025-08-14T11:19:48.021+0000] {logging_mixin.py:150} INFO - [2025-08-14T11:19:48.021+0000] {dagbag.py:541} INFO - Filling up the DagBag from /home/vscode/.local/lib/python3.10/site-packages/airflow/example_dags/tutorial_taskflow_api.py
[2025-08-14T11:19:48.026+0000] {processor.py:836} INFO - DAG(s) dict_keys(['tutorial_taskflow_api']) retrieved from /home/vscode/.local/lib/python3.10/site-packages/airflow/example_dags/tutorial_taskflow_api.py
[2025-08-14T11:19:48.040+0000] {logging_mixin.py:150} INFO - [2025-08-14T11:19:48.040+0000] {dag.py:2742} INFO - Sync 1 DAGs
[2025-08-14T11:19:48.060+0000] {logging_mixin.py:150} INFO - [2025-08-14T11:19:48.060+0000] {dag.py:3504} INFO - Setting next_dagrun for tutorial_taskflow_api to None, run_after=None
[2025-08-14T11:19:48.082+0000] {processor.py:179} INFO - Processing /home/vscode/.local/lib/python3.10/site-packages/airflow/example_dags/tutorial_taskflow_api.py took 0.064 seconds
[2025-08-14T11:20:31.513+0000] {processor.py:157} INFO - Started process (PID=52050) to work on /home/vscode/.local/lib/python3.10/site-packages/airflow/example_dags/tutorial_taskflow_api.py
[2025-08-14T11:20:31.514+0000] {processor.py:826} INFO - Processing file /home/vscode/.local/lib/python3.10/site-packages/airflow/example_dags/tutorial_taskflow_api.py for tasks to queue
[2025-08-14T11:20:31.514+0000] {logging_mixin.py:150} INFO - [2025-08-14T11:20:31.514+0000] {dagbag.py:541} INFO - Filling up the DagBag from /home/vscode/.local/lib/python3.10/site-packages/airflow/example_dags/tutorial_taskflow_api.py
[2025-08-14T11:20:31.519+0000] {processor.py:836} INFO - DAG(s) dict_keys(['tutorial_taskflow_api']) retrieved from /home/vscode/.local/lib/python3.10/site-packages/airflow/example_dags/tutorial_taskflow_api.py
[2025-08-14T11:20:31.531+0000] {logging_mixin.py:150} INFO - [2025-08-14T11:20:31.531+0000] {dag.py:2742} INFO - Sync 1 DAGs
[2025-08-14T11:20:31.546+0000] {logging_mixin.py:150} INFO - [2025-08-14T11:20:31.545+0000] {dag.py:3504} INFO - Setting next_dagrun for tutorial_taskflow_api to None, run_after=None
[2025-08-14T11:20:31.560+0000] {processor.py:179} INFO - Processing /home/vscode/.local/lib/python3.10/site-packages/airflow/example_dags/tutorial_taskflow_api.py took 0.049 seconds
[2025-08-14T11:21:19.327+0000] {processor.py:157} INFO - Started process (PID=52512) to work on /home/vscode/.local/lib/python3.10/site-packages/airflow/example_dags/tutorial_taskflow_api.py
[2025-08-14T11:21:19.328+0000] {processor.py:826} INFO - Processing file /home/vscode/.local/lib/python3.10/site-packages/airflow/example_dags/tutorial_taskflow_api.py for tasks to queue
[2025-08-14T11:21:19.328+0000] {logging_mixin.py:150} INFO - [2025-08-14T11:21:19.328+0000] {dagbag.py:541} INFO - Filling up the DagBag from /home/vscode/.local/lib/python3.10/site-packages/airflow/example_dags/tutorial_taskflow_api.py
[2025-08-14T11:21:19.334+0000] {processor.py:836} INFO - DAG(s) dict_keys(['tutorial_taskflow_api']) retrieved from /home/vscode/.local/lib/python3.10/site-packages/airflow/example_dags/tutorial_taskflow_api.py
[2025-08-14T11:21:19.346+0000] {logging_mixin.py:150} INFO - [2025-08-14T11:21:19.346+0000] {dag.py:2742} INFO - Sync 1 DAGs
[2025-08-14T11:21:19.360+0000] {logging_mixin.py:150} INFO - [2025-08-14T11:21:19.360+0000] {dag.py:3504} INFO - Setting next_dagrun for tutorial_taskflow_api to None, run_after=None
[2025-08-14T11:21:19.375+0000] {processor.py:179} INFO - Processing /home/vscode/.local/lib/python3.10/site-packages/airflow/example_dags/tutorial_taskflow_api.py took 0.050 seconds
[2025-08-14T11:22:04.353+0000] {processor.py:157} INFO - Started process (PID=52941) to work on /home/vscode/.local/lib/python3.10/site-packages/airflow/example_dags/tutorial_taskflow_api.py
[2025-08-14T11:22:04.354+0000] {processor.py:826} INFO - Processing file /home/vscode/.local/lib/python3.10/site-packages/airflow/example_dags/tutorial_taskflow_api.py for tasks to queue
[2025-08-14T11:22:04.354+0000] {logging_mixin.py:150} INFO - [2025-08-14T11:22:04.354+0000] {dagbag.py:541} INFO - Filling up the DagBag from /home/vscode/.local/lib/python3.10/site-packages/airflow/example_dags/tutorial_taskflow_api.py
[2025-08-14T11:22:04.359+0000] {processor.py:836} INFO - DAG(s) dict_keys(['tutorial_taskflow_api']) retrieved from /home/vscode/.local/lib/python3.10/site-packages/airflow/example_dags/tutorial_taskflow_api.py
[2025-08-14T11:22:04.372+0000] {logging_mixin.py:150} INFO - [2025-08-14T11:22:04.372+0000] {dag.py:2742} INFO - Sync 1 DAGs
[2025-08-14T11:22:04.387+0000] {logging_mixin.py:150} INFO - [2025-08-14T11:22:04.387+0000] {dag.py:3504} INFO - Setting next_dagrun for tutorial_taskflow_api to None, run_after=None
[2025-08-14T11:22:04.404+0000] {processor.py:179} INFO - Processing /home/vscode/.local/lib/python3.10/site-packages/airflow/example_dags/tutorial_taskflow_api.py took 0.053 seconds
[2025-08-14T11:22:51.256+0000] {processor.py:157} INFO - Started process (PID=53385) to work on /home/vscode/.local/lib/python3.10/site-packages/airflow/example_dags/tutorial_taskflow_api.py
[2025-08-14T11:22:51.257+0000] {processor.py:826} INFO - Processing file /home/vscode/.local/lib/python3.10/site-packages/airflow/example_dags/tutorial_taskflow_api.py for tasks to queue
[2025-08-14T11:22:51.257+0000] {logging_mixin.py:150} INFO - [2025-08-14T11:22:51.257+0000] {dagbag.py:541} INFO - Filling up the DagBag from /home/vscode/.local/lib/python3.10/site-packages/airflow/example_dags/tutorial_taskflow_api.py
[2025-08-14T11:22:51.262+0000] {processor.py:836} INFO - DAG(s) dict_keys(['tutorial_taskflow_api']) retrieved from /home/vscode/.local/lib/python3.10/site-packages/airflow/example_dags/tutorial_taskflow_api.py
[2025-08-14T11:22:51.278+0000] {logging_mixin.py:150} INFO - [2025-08-14T11:22:51.278+0000] {dag.py:2742} INFO - Sync 1 DAGs
[2025-08-14T11:22:51.302+0000] {logging_mixin.py:150} INFO - [2025-08-14T11:22:51.301+0000] {dag.py:3504} INFO - Setting next_dagrun for tutorial_taskflow_api to None, run_after=None
[2025-08-14T11:22:51.326+0000] {processor.py:179} INFO - Processing /home/vscode/.local/lib/python3.10/site-packages/airflow/example_dags/tutorial_taskflow_api.py took 0.072 seconds
[2025-08-14T11:23:38.930+0000] {processor.py:157} INFO - Started process (PID=53839) to work on /home/vscode/.local/lib/python3.10/site-packages/airflow/example_dags/tutorial_taskflow_api.py
[2025-08-14T11:23:38.931+0000] {processor.py:826} INFO - Processing file /home/vscode/.local/lib/python3.10/site-packages/airflow/example_dags/tutorial_taskflow_api.py for tasks to queue
[2025-08-14T11:23:38.932+0000] {logging_mixin.py:150} INFO - [2025-08-14T11:23:38.932+0000] {dagbag.py:541} INFO - Filling up the DagBag from /home/vscode/.local/lib/python3.10/site-packages/airflow/example_dags/tutorial_taskflow_api.py
[2025-08-14T11:23:38.938+0000] {processor.py:836} INFO - DAG(s) dict_keys(['tutorial_taskflow_api']) retrieved from /home/vscode/.local/lib/python3.10/site-packages/airflow/example_dags/tutorial_taskflow_api.py
[2025-08-14T11:23:38.955+0000] {logging_mixin.py:150} INFO - [2025-08-14T11:23:38.954+0000] {dag.py:2742} INFO - Sync 1 DAGs
[2025-08-14T11:23:38.969+0000] {logging_mixin.py:150} INFO - [2025-08-14T11:23:38.969+0000] {dag.py:3504} INFO - Setting next_dagrun for tutorial_taskflow_api to None, run_after=None
[2025-08-14T11:23:38.986+0000] {processor.py:179} INFO - Processing /home/vscode/.local/lib/python3.10/site-packages/airflow/example_dags/tutorial_taskflow_api.py took 0.059 seconds
[2025-08-14T11:24:25.208+0000] {processor.py:157} INFO - Started process (PID=54284) to work on /home/vscode/.local/lib/python3.10/site-packages/airflow/example_dags/tutorial_taskflow_api.py
[2025-08-14T11:24:25.209+0000] {processor.py:826} INFO - Processing file /home/vscode/.local/lib/python3.10/site-packages/airflow/example_dags/tutorial_taskflow_api.py for tasks to queue
[2025-08-14T11:24:25.210+0000] {logging_mixin.py:150} INFO - [2025-08-14T11:24:25.210+0000] {dagbag.py:541} INFO - Filling up the DagBag from /home/vscode/.local/lib/python3.10/site-packages/airflow/example_dags/tutorial_taskflow_api.py
[2025-08-14T11:24:25.214+0000] {processor.py:836} INFO - DAG(s) dict_keys(['tutorial_taskflow_api']) retrieved from /home/vscode/.local/lib/python3.10/site-packages/airflow/example_dags/tutorial_taskflow_api.py
[2025-08-14T11:24:25.226+0000] {logging_mixin.py:150} INFO - [2025-08-14T11:24:25.226+0000] {dag.py:2742} INFO - Sync 1 DAGs
[2025-08-14T11:24:25.240+0000] {logging_mixin.py:150} INFO - [2025-08-14T11:24:25.240+0000] {dag.py:3504} INFO - Setting next_dagrun for tutorial_taskflow_api to None, run_after=None
[2025-08-14T11:24:25.256+0000] {processor.py:179} INFO - Processing /home/vscode/.local/lib/python3.10/site-packages/airflow/example_dags/tutorial_taskflow_api.py took 0.050 seconds
[2025-08-14T11:24:58.943+0000] {processor.py:157} INFO - Started process (PID=54597) to work on /home/vscode/.local/lib/python3.10/site-packages/airflow/example_dags/tutorial_taskflow_api.py
[2025-08-14T11:24:58.943+0000] {processor.py:826} INFO - Processing file /home/vscode/.local/lib/python3.10/site-packages/airflow/example_dags/tutorial_taskflow_api.py for tasks to queue
[2025-08-14T11:24:58.944+0000] {logging_mixin.py:150} INFO - [2025-08-14T11:24:58.944+0000] {dagbag.py:541} INFO - Filling up the DagBag from /home/vscode/.local/lib/python3.10/site-packages/airflow/example_dags/tutorial_taskflow_api.py
[2025-08-14T11:24:58.949+0000] {processor.py:836} INFO - DAG(s) dict_keys(['tutorial_taskflow_api']) retrieved from /home/vscode/.local/lib/python3.10/site-packages/airflow/example_dags/tutorial_taskflow_api.py
[2025-08-14T11:24:58.960+0000] {logging_mixin.py:150} INFO - [2025-08-14T11:24:58.960+0000] {dag.py:2742} INFO - Sync 1 DAGs
[2025-08-14T11:24:58.976+0000] {logging_mixin.py:150} INFO - [2025-08-14T11:24:58.975+0000] {dag.py:3504} INFO - Setting next_dagrun for tutorial_taskflow_api to None, run_after=None
[2025-08-14T11:24:58.993+0000] {processor.py:179} INFO - Processing /home/vscode/.local/lib/python3.10/site-packages/airflow/example_dags/tutorial_taskflow_api.py took 0.053 seconds
[2025-08-14T11:25:32.769+0000] {processor.py:157} INFO - Started process (PID=54929) to work on /home/vscode/.local/lib/python3.10/site-packages/airflow/example_dags/tutorial_taskflow_api.py
[2025-08-14T11:25:32.770+0000] {processor.py:826} INFO - Processing file /home/vscode/.local/lib/python3.10/site-packages/airflow/example_dags/tutorial_taskflow_api.py for tasks to queue
[2025-08-14T11:25:32.771+0000] {logging_mixin.py:150} INFO - [2025-08-14T11:25:32.771+0000] {dagbag.py:541} INFO - Filling up the DagBag from /home/vscode/.local/lib/python3.10/site-packages/airflow/example_dags/tutorial_taskflow_api.py
[2025-08-14T11:25:32.775+0000] {processor.py:836} INFO - DAG(s) dict_keys(['tutorial_taskflow_api']) retrieved from /home/vscode/.local/lib/python3.10/site-packages/airflow/example_dags/tutorial_taskflow_api.py
[2025-08-14T11:25:32.787+0000] {logging_mixin.py:150} INFO - [2025-08-14T11:25:32.787+0000] {dag.py:2742} INFO - Sync 1 DAGs
[2025-08-14T11:25:32.800+0000] {logging_mixin.py:150} INFO - [2025-08-14T11:25:32.800+0000] {dag.py:3504} INFO - Setting next_dagrun for tutorial_taskflow_api to None, run_after=None
[2025-08-14T11:25:32.816+0000] {processor.py:179} INFO - Processing /home/vscode/.local/lib/python3.10/site-packages/airflow/example_dags/tutorial_taskflow_api.py took 0.049 seconds
[2025-08-14T11:26:06.895+0000] {processor.py:157} INFO - Started process (PID=55245) to work on /home/vscode/.local/lib/python3.10/site-packages/airflow/example_dags/tutorial_taskflow_api.py
[2025-08-14T11:26:06.896+0000] {processor.py:826} INFO - Processing file /home/vscode/.local/lib/python3.10/site-packages/airflow/example_dags/tutorial_taskflow_api.py for tasks to queue
[2025-08-14T11:26:06.897+0000] {logging_mixin.py:150} INFO - [2025-08-14T11:26:06.896+0000] {dagbag.py:541} INFO - Filling up the DagBag from /home/vscode/.local/lib/python3.10/site-packages/airflow/example_dags/tutorial_taskflow_api.py
[2025-08-14T11:26:06.902+0000] {processor.py:836} INFO - DAG(s) dict_keys(['tutorial_taskflow_api']) retrieved from /home/vscode/.local/lib/python3.10/site-packages/airflow/example_dags/tutorial_taskflow_api.py
[2025-08-14T11:26:06.914+0000] {logging_mixin.py:150} INFO - [2025-08-14T11:26:06.914+0000] {dag.py:2742} INFO - Sync 1 DAGs
[2025-08-14T11:26:06.930+0000] {logging_mixin.py:150} INFO - [2025-08-14T11:26:06.930+0000] {dag.py:3504} INFO - Setting next_dagrun for tutorial_taskflow_api to None, run_after=None
[2025-08-14T11:26:06.952+0000] {processor.py:179} INFO - Processing /home/vscode/.local/lib/python3.10/site-packages/airflow/example_dags/tutorial_taskflow_api.py took 0.059 seconds
