[2025-08-14T09:39:04.701+0000] {processor.py:157} INFO - Started process (PID=3481) to work on /home/vscode/.local/lib/python3.10/site-packages/airflow/example_dags/plugins/listener_plugin.py
[2025-08-14T09:39:04.702+0000] {processor.py:826} INFO - Processing file /home/vscode/.local/lib/python3.10/site-packages/airflow/example_dags/plugins/listener_plugin.py for tasks to queue
[2025-08-14T09:39:04.702+0000] {logging_mixin.py:150} INFO - [2025-08-14T09:39:04.702+0000] {dagbag.py:541} INFO - Filling up the DagBag from /home/vscode/.local/lib/python3.10/site-packages/airflow/example_dags/plugins/listener_plugin.py
[2025-08-14T09:39:04.704+0000] {processor.py:838} WARNING - No viable dags retrieved from /home/vscode/.local/lib/python3.10/site-packages/airflow/example_dags/plugins/listener_plugin.py
[2025-08-14T09:39:04.804+0000] {processor.py:179} INFO - Processing /home/vscode/.local/lib/python3.10/site-packages/airflow/example_dags/plugins/listener_plugin.py took 0.105 seconds
[2025-08-14T09:39:56.980+0000] {processor.py:157} INFO - Started process (PID=3843) to work on /home/vscode/.local/lib/python3.10/site-packages/airflow/example_dags/plugins/listener_plugin.py
[2025-08-14T09:39:56.980+0000] {processor.py:826} INFO - Processing file /home/vscode/.local/lib/python3.10/site-packages/airflow/example_dags/plugins/listener_plugin.py for tasks to queue
[2025-08-14T09:39:56.981+0000] {logging_mixin.py:150} INFO - [2025-08-14T09:39:56.981+0000] {dagbag.py:541} INFO - Filling up the DagBag from /home/vscode/.local/lib/python3.10/site-packages/airflow/example_dags/plugins/listener_plugin.py
[2025-08-14T09:39:56.983+0000] {processor.py:838} WARNING - No viable dags retrieved from /home/vscode/.local/lib/python3.10/site-packages/airflow/example_dags/plugins/listener_plugin.py
[2025-08-14T09:39:56.990+0000] {processor.py:179} INFO - Processing /home/vscode/.local/lib/python3.10/site-packages/airflow/example_dags/plugins/listener_plugin.py took 0.012 seconds
[2025-08-14T09:40:30.568+0000] {processor.py:157} INFO - Started process (PID=4079) to work on /home/vscode/.local/lib/python3.10/site-packages/airflow/example_dags/plugins/listener_plugin.py
[2025-08-14T09:40:30.569+0000] {processor.py:826} INFO - Processing file /home/vscode/.local/lib/python3.10/site-packages/airflow/example_dags/plugins/listener_plugin.py for tasks to queue
[2025-08-14T09:40:30.569+0000] {logging_mixin.py:150} INFO - [2025-08-14T09:40:30.569+0000] {dagbag.py:541} INFO - Filling up the DagBag from /home/vscode/.local/lib/python3.10/site-packages/airflow/example_dags/plugins/listener_plugin.py
[2025-08-14T09:40:30.571+0000] {processor.py:838} WARNING - No viable dags retrieved from /home/vscode/.local/lib/python3.10/site-packages/airflow/example_dags/plugins/listener_plugin.py
[2025-08-14T09:40:30.579+0000] {processor.py:179} INFO - Processing /home/vscode/.local/lib/python3.10/site-packages/airflow/example_dags/plugins/listener_plugin.py took 0.014 seconds
[2025-08-14T09:41:14.809+0000] {processor.py:157} INFO - Started process (PID=4386) to work on /home/vscode/.local/lib/python3.10/site-packages/airflow/example_dags/plugins/listener_plugin.py
[2025-08-14T09:41:14.809+0000] {processor.py:826} INFO - Processing file /home/vscode/.local/lib/python3.10/site-packages/airflow/example_dags/plugins/listener_plugin.py for tasks to queue
[2025-08-14T09:41:14.810+0000] {logging_mixin.py:150} INFO - [2025-08-14T09:41:14.810+0000] {dagbag.py:541} INFO - Filling up the DagBag from /home/vscode/.local/lib/python3.10/site-packages/airflow/example_dags/plugins/listener_plugin.py
[2025-08-14T09:41:14.813+0000] {processor.py:838} WARNING - No viable dags retrieved from /home/vscode/.local/lib/python3.10/site-packages/airflow/example_dags/plugins/listener_plugin.py
[2025-08-14T09:41:14.820+0000] {processor.py:179} INFO - Processing /home/vscode/.local/lib/python3.10/site-packages/airflow/example_dags/plugins/listener_plugin.py took 0.013 seconds
[2025-08-14T09:42:00.210+0000] {processor.py:157} INFO - Started process (PID=4724) to work on /home/vscode/.local/lib/python3.10/site-packages/airflow/example_dags/plugins/listener_plugin.py
[2025-08-14T09:42:00.210+0000] {processor.py:826} INFO - Processing file /home/vscode/.local/lib/python3.10/site-packages/airflow/example_dags/plugins/listener_plugin.py for tasks to queue
[2025-08-14T09:42:00.211+0000] {logging_mixin.py:150} INFO - [2025-08-14T09:42:00.211+0000] {dagbag.py:541} INFO - Filling up the DagBag from /home/vscode/.local/lib/python3.10/site-packages/airflow/example_dags/plugins/listener_plugin.py
[2025-08-14T09:42:00.213+0000] {processor.py:838} WARNING - No viable dags retrieved from /home/vscode/.local/lib/python3.10/site-packages/airflow/example_dags/plugins/listener_plugin.py
[2025-08-14T09:42:00.220+0000] {processor.py:179} INFO - Processing /home/vscode/.local/lib/python3.10/site-packages/airflow/example_dags/plugins/listener_plugin.py took 0.012 seconds
[2025-08-14T09:42:43.076+0000] {processor.py:157} INFO - Started process (PID=5030) to work on /home/vscode/.local/lib/python3.10/site-packages/airflow/example_dags/plugins/listener_plugin.py
[2025-08-14T09:42:43.076+0000] {processor.py:826} INFO - Processing file /home/vscode/.local/lib/python3.10/site-packages/airflow/example_dags/plugins/listener_plugin.py for tasks to queue
[2025-08-14T09:42:43.077+0000] {logging_mixin.py:150} INFO - [2025-08-14T09:42:43.077+0000] {dagbag.py:541} INFO - Filling up the DagBag from /home/vscode/.local/lib/python3.10/site-packages/airflow/example_dags/plugins/listener_plugin.py
[2025-08-14T09:42:43.079+0000] {processor.py:838} WARNING - No viable dags retrieved from /home/vscode/.local/lib/python3.10/site-packages/airflow/example_dags/plugins/listener_plugin.py
[2025-08-14T09:42:43.086+0000] {processor.py:179} INFO - Processing /home/vscode/.local/lib/python3.10/site-packages/airflow/example_dags/plugins/listener_plugin.py took 0.012 seconds
[2025-08-14T09:43:16.304+0000] {processor.py:157} INFO - Started process (PID=5260) to work on /home/vscode/.local/lib/python3.10/site-packages/airflow/example_dags/plugins/listener_plugin.py
[2025-08-14T09:43:16.304+0000] {processor.py:826} INFO - Processing file /home/vscode/.local/lib/python3.10/site-packages/airflow/example_dags/plugins/listener_plugin.py for tasks to queue
[2025-08-14T09:43:16.305+0000] {logging_mixin.py:150} INFO - [2025-08-14T09:43:16.305+0000] {dagbag.py:541} INFO - Filling up the DagBag from /home/vscode/.local/lib/python3.10/site-packages/airflow/example_dags/plugins/listener_plugin.py
[2025-08-14T09:43:16.307+0000] {processor.py:838} WARNING - No viable dags retrieved from /home/vscode/.local/lib/python3.10/site-packages/airflow/example_dags/plugins/listener_plugin.py
[2025-08-14T09:43:16.314+0000] {processor.py:179} INFO - Processing /home/vscode/.local/lib/python3.10/site-packages/airflow/example_dags/plugins/listener_plugin.py took 0.013 seconds
[2025-08-14T09:44:01.539+0000] {processor.py:157} INFO - Started process (PID=5598) to work on /home/vscode/.local/lib/python3.10/site-packages/airflow/example_dags/plugins/listener_plugin.py
[2025-08-14T09:44:01.539+0000] {processor.py:826} INFO - Processing file /home/vscode/.local/lib/python3.10/site-packages/airflow/example_dags/plugins/listener_plugin.py for tasks to queue
[2025-08-14T09:44:01.540+0000] {logging_mixin.py:150} INFO - [2025-08-14T09:44:01.540+0000] {dagbag.py:541} INFO - Filling up the DagBag from /home/vscode/.local/lib/python3.10/site-packages/airflow/example_dags/plugins/listener_plugin.py
[2025-08-14T09:44:01.542+0000] {processor.py:838} WARNING - No viable dags retrieved from /home/vscode/.local/lib/python3.10/site-packages/airflow/example_dags/plugins/listener_plugin.py
[2025-08-14T09:44:01.548+0000] {processor.py:179} INFO - Processing /home/vscode/.local/lib/python3.10/site-packages/airflow/example_dags/plugins/listener_plugin.py took 0.012 seconds
[2025-08-14T09:44:41.418+0000] {processor.py:157} INFO - Started process (PID=5906) to work on /home/vscode/.local/lib/python3.10/site-packages/airflow/example_dags/plugins/listener_plugin.py
[2025-08-14T09:44:41.418+0000] {processor.py:826} INFO - Processing file /home/vscode/.local/lib/python3.10/site-packages/airflow/example_dags/plugins/listener_plugin.py for tasks to queue
[2025-08-14T09:44:41.419+0000] {logging_mixin.py:150} INFO - [2025-08-14T09:44:41.419+0000] {dagbag.py:541} INFO - Filling up the DagBag from /home/vscode/.local/lib/python3.10/site-packages/airflow/example_dags/plugins/listener_plugin.py
[2025-08-14T09:44:41.421+0000] {processor.py:838} WARNING - No viable dags retrieved from /home/vscode/.local/lib/python3.10/site-packages/airflow/example_dags/plugins/listener_plugin.py
[2025-08-14T09:44:41.428+0000] {processor.py:179} INFO - Processing /home/vscode/.local/lib/python3.10/site-packages/airflow/example_dags/plugins/listener_plugin.py took 0.012 seconds
[2025-08-14T09:45:22.537+0000] {processor.py:157} INFO - Started process (PID=6206) to work on /home/vscode/.local/lib/python3.10/site-packages/airflow/example_dags/plugins/listener_plugin.py
[2025-08-14T09:45:22.538+0000] {processor.py:826} INFO - Processing file /home/vscode/.local/lib/python3.10/site-packages/airflow/example_dags/plugins/listener_plugin.py for tasks to queue
[2025-08-14T09:45:22.538+0000] {logging_mixin.py:150} INFO - [2025-08-14T09:45:22.538+0000] {dagbag.py:541} INFO - Filling up the DagBag from /home/vscode/.local/lib/python3.10/site-packages/airflow/example_dags/plugins/listener_plugin.py
[2025-08-14T09:45:22.540+0000] {processor.py:838} WARNING - No viable dags retrieved from /home/vscode/.local/lib/python3.10/site-packages/airflow/example_dags/plugins/listener_plugin.py
[2025-08-14T09:45:22.547+0000] {processor.py:179} INFO - Processing /home/vscode/.local/lib/python3.10/site-packages/airflow/example_dags/plugins/listener_plugin.py took 0.012 seconds
[2025-08-14T09:45:54.491+0000] {processor.py:157} INFO - Started process (PID=6414) to work on /home/vscode/.local/lib/python3.10/site-packages/airflow/example_dags/plugins/listener_plugin.py
[2025-08-14T09:45:54.491+0000] {processor.py:826} INFO - Processing file /home/vscode/.local/lib/python3.10/site-packages/airflow/example_dags/plugins/listener_plugin.py for tasks to queue
[2025-08-14T09:45:54.492+0000] {logging_mixin.py:150} INFO - [2025-08-14T09:45:54.492+0000] {dagbag.py:541} INFO - Filling up the DagBag from /home/vscode/.local/lib/python3.10/site-packages/airflow/example_dags/plugins/listener_plugin.py
[2025-08-14T09:45:54.494+0000] {processor.py:838} WARNING - No viable dags retrieved from /home/vscode/.local/lib/python3.10/site-packages/airflow/example_dags/plugins/listener_plugin.py
[2025-08-14T09:45:54.501+0000] {processor.py:179} INFO - Processing /home/vscode/.local/lib/python3.10/site-packages/airflow/example_dags/plugins/listener_plugin.py took 0.012 seconds
[2025-08-14T09:46:38.869+0000] {processor.py:157} INFO - Started process (PID=6709) to work on /home/vscode/.local/lib/python3.10/site-packages/airflow/example_dags/plugins/listener_plugin.py
[2025-08-14T09:46:38.870+0000] {processor.py:826} INFO - Processing file /home/vscode/.local/lib/python3.10/site-packages/airflow/example_dags/plugins/listener_plugin.py for tasks to queue
[2025-08-14T09:46:38.871+0000] {logging_mixin.py:150} INFO - [2025-08-14T09:46:38.870+0000] {dagbag.py:541} INFO - Filling up the DagBag from /home/vscode/.local/lib/python3.10/site-packages/airflow/example_dags/plugins/listener_plugin.py
[2025-08-14T09:46:38.873+0000] {processor.py:838} WARNING - No viable dags retrieved from /home/vscode/.local/lib/python3.10/site-packages/airflow/example_dags/plugins/listener_plugin.py
[2025-08-14T09:46:38.879+0000] {processor.py:179} INFO - Processing /home/vscode/.local/lib/python3.10/site-packages/airflow/example_dags/plugins/listener_plugin.py took 0.012 seconds
[2025-08-14T09:47:11.554+0000] {processor.py:157} INFO - Started process (PID=6936) to work on /home/vscode/.local/lib/python3.10/site-packages/airflow/example_dags/plugins/listener_plugin.py
[2025-08-14T09:47:11.555+0000] {processor.py:826} INFO - Processing file /home/vscode/.local/lib/python3.10/site-packages/airflow/example_dags/plugins/listener_plugin.py for tasks to queue
[2025-08-14T09:47:11.555+0000] {logging_mixin.py:150} INFO - [2025-08-14T09:47:11.555+0000] {dagbag.py:541} INFO - Filling up the DagBag from /home/vscode/.local/lib/python3.10/site-packages/airflow/example_dags/plugins/listener_plugin.py
[2025-08-14T09:47:11.557+0000] {processor.py:838} WARNING - No viable dags retrieved from /home/vscode/.local/lib/python3.10/site-packages/airflow/example_dags/plugins/listener_plugin.py
[2025-08-14T09:47:11.564+0000] {processor.py:179} INFO - Processing /home/vscode/.local/lib/python3.10/site-packages/airflow/example_dags/plugins/listener_plugin.py took 0.012 seconds
[2025-08-14T09:47:57.943+0000] {processor.py:157} INFO - Started process (PID=7258) to work on /home/vscode/.local/lib/python3.10/site-packages/airflow/example_dags/plugins/listener_plugin.py
[2025-08-14T09:47:57.943+0000] {processor.py:826} INFO - Processing file /home/vscode/.local/lib/python3.10/site-packages/airflow/example_dags/plugins/listener_plugin.py for tasks to queue
[2025-08-14T09:47:57.944+0000] {logging_mixin.py:150} INFO - [2025-08-14T09:47:57.944+0000] {dagbag.py:541} INFO - Filling up the DagBag from /home/vscode/.local/lib/python3.10/site-packages/airflow/example_dags/plugins/listener_plugin.py
[2025-08-14T09:47:57.946+0000] {processor.py:838} WARNING - No viable dags retrieved from /home/vscode/.local/lib/python3.10/site-packages/airflow/example_dags/plugins/listener_plugin.py
[2025-08-14T09:47:57.953+0000] {processor.py:179} INFO - Processing /home/vscode/.local/lib/python3.10/site-packages/airflow/example_dags/plugins/listener_plugin.py took 0.012 seconds
[2025-08-14T09:48:29.321+0000] {processor.py:157} INFO - Started process (PID=7490) to work on /home/vscode/.local/lib/python3.10/site-packages/airflow/example_dags/plugins/listener_plugin.py
[2025-08-14T09:48:29.321+0000] {processor.py:826} INFO - Processing file /home/vscode/.local/lib/python3.10/site-packages/airflow/example_dags/plugins/listener_plugin.py for tasks to queue
[2025-08-14T09:48:29.322+0000] {logging_mixin.py:150} INFO - [2025-08-14T09:48:29.321+0000] {dagbag.py:541} INFO - Filling up the DagBag from /home/vscode/.local/lib/python3.10/site-packages/airflow/example_dags/plugins/listener_plugin.py
[2025-08-14T09:48:29.324+0000] {processor.py:838} WARNING - No viable dags retrieved from /home/vscode/.local/lib/python3.10/site-packages/airflow/example_dags/plugins/listener_plugin.py
[2025-08-14T09:48:29.331+0000] {processor.py:179} INFO - Processing /home/vscode/.local/lib/python3.10/site-packages/airflow/example_dags/plugins/listener_plugin.py took 0.013 seconds
[2025-08-14T09:48:59.728+0000] {processor.py:157} INFO - Started process (PID=7714) to work on /home/vscode/.local/lib/python3.10/site-packages/airflow/example_dags/plugins/listener_plugin.py
[2025-08-14T09:48:59.728+0000] {processor.py:826} INFO - Processing file /home/vscode/.local/lib/python3.10/site-packages/airflow/example_dags/plugins/listener_plugin.py for tasks to queue
[2025-08-14T09:48:59.729+0000] {logging_mixin.py:150} INFO - [2025-08-14T09:48:59.729+0000] {dagbag.py:541} INFO - Filling up the DagBag from /home/vscode/.local/lib/python3.10/site-packages/airflow/example_dags/plugins/listener_plugin.py
[2025-08-14T09:48:59.731+0000] {processor.py:838} WARNING - No viable dags retrieved from /home/vscode/.local/lib/python3.10/site-packages/airflow/example_dags/plugins/listener_plugin.py
[2025-08-14T09:48:59.738+0000] {processor.py:179} INFO - Processing /home/vscode/.local/lib/python3.10/site-packages/airflow/example_dags/plugins/listener_plugin.py took 0.012 seconds
[2025-08-14T09:49:45.708+0000] {processor.py:157} INFO - Started process (PID=8059) to work on /home/vscode/.local/lib/python3.10/site-packages/airflow/example_dags/plugins/listener_plugin.py
[2025-08-14T09:49:45.709+0000] {processor.py:826} INFO - Processing file /home/vscode/.local/lib/python3.10/site-packages/airflow/example_dags/plugins/listener_plugin.py for tasks to queue
[2025-08-14T09:49:45.709+0000] {logging_mixin.py:150} INFO - [2025-08-14T09:49:45.709+0000] {dagbag.py:541} INFO - Filling up the DagBag from /home/vscode/.local/lib/python3.10/site-packages/airflow/example_dags/plugins/listener_plugin.py
[2025-08-14T09:49:45.711+0000] {processor.py:838} WARNING - No viable dags retrieved from /home/vscode/.local/lib/python3.10/site-packages/airflow/example_dags/plugins/listener_plugin.py
[2025-08-14T09:49:45.718+0000] {processor.py:179} INFO - Processing /home/vscode/.local/lib/python3.10/site-packages/airflow/example_dags/plugins/listener_plugin.py took 0.013 seconds
[2025-08-14T09:50:17.652+0000] {processor.py:157} INFO - Started process (PID=8299) to work on /home/vscode/.local/lib/python3.10/site-packages/airflow/example_dags/plugins/listener_plugin.py
[2025-08-14T09:50:17.652+0000] {processor.py:826} INFO - Processing file /home/vscode/.local/lib/python3.10/site-packages/airflow/example_dags/plugins/listener_plugin.py for tasks to queue
[2025-08-14T09:50:17.653+0000] {logging_mixin.py:150} INFO - [2025-08-14T09:50:17.653+0000] {dagbag.py:541} INFO - Filling up the DagBag from /home/vscode/.local/lib/python3.10/site-packages/airflow/example_dags/plugins/listener_plugin.py
[2025-08-14T09:50:17.655+0000] {processor.py:838} WARNING - No viable dags retrieved from /home/vscode/.local/lib/python3.10/site-packages/airflow/example_dags/plugins/listener_plugin.py
[2025-08-14T09:50:17.662+0000] {processor.py:179} INFO - Processing /home/vscode/.local/lib/python3.10/site-packages/airflow/example_dags/plugins/listener_plugin.py took 0.012 seconds
[2025-08-14T09:50:59.897+0000] {processor.py:157} INFO - Started process (PID=8607) to work on /home/vscode/.local/lib/python3.10/site-packages/airflow/example_dags/plugins/listener_plugin.py
[2025-08-14T09:50:59.898+0000] {processor.py:826} INFO - Processing file /home/vscode/.local/lib/python3.10/site-packages/airflow/example_dags/plugins/listener_plugin.py for tasks to queue
[2025-08-14T09:50:59.899+0000] {logging_mixin.py:150} INFO - [2025-08-14T09:50:59.898+0000] {dagbag.py:541} INFO - Filling up the DagBag from /home/vscode/.local/lib/python3.10/site-packages/airflow/example_dags/plugins/listener_plugin.py
[2025-08-14T09:50:59.901+0000] {processor.py:838} WARNING - No viable dags retrieved from /home/vscode/.local/lib/python3.10/site-packages/airflow/example_dags/plugins/listener_plugin.py
[2025-08-14T09:50:59.907+0000] {processor.py:179} INFO - Processing /home/vscode/.local/lib/python3.10/site-packages/airflow/example_dags/plugins/listener_plugin.py took 0.012 seconds
[2025-08-14T09:51:43.870+0000] {processor.py:157} INFO - Started process (PID=8937) to work on /home/vscode/.local/lib/python3.10/site-packages/airflow/example_dags/plugins/listener_plugin.py
[2025-08-14T09:51:43.870+0000] {processor.py:826} INFO - Processing file /home/vscode/.local/lib/python3.10/site-packages/airflow/example_dags/plugins/listener_plugin.py for tasks to queue
[2025-08-14T09:51:43.871+0000] {logging_mixin.py:150} INFO - [2025-08-14T09:51:43.871+0000] {dagbag.py:541} INFO - Filling up the DagBag from /home/vscode/.local/lib/python3.10/site-packages/airflow/example_dags/plugins/listener_plugin.py
[2025-08-14T09:51:43.874+0000] {processor.py:838} WARNING - No viable dags retrieved from /home/vscode/.local/lib/python3.10/site-packages/airflow/example_dags/plugins/listener_plugin.py
[2025-08-14T09:51:43.881+0000] {processor.py:179} INFO - Processing /home/vscode/.local/lib/python3.10/site-packages/airflow/example_dags/plugins/listener_plugin.py took 0.015 seconds
[2025-08-14T09:52:18.457+0000] {processor.py:157} INFO - Started process (PID=9162) to work on /home/vscode/.local/lib/python3.10/site-packages/airflow/example_dags/plugins/listener_plugin.py
[2025-08-14T09:52:18.458+0000] {processor.py:826} INFO - Processing file /home/vscode/.local/lib/python3.10/site-packages/airflow/example_dags/plugins/listener_plugin.py for tasks to queue
[2025-08-14T09:52:18.459+0000] {logging_mixin.py:150} INFO - [2025-08-14T09:52:18.458+0000] {dagbag.py:541} INFO - Filling up the DagBag from /home/vscode/.local/lib/python3.10/site-packages/airflow/example_dags/plugins/listener_plugin.py
[2025-08-14T09:52:18.461+0000] {processor.py:838} WARNING - No viable dags retrieved from /home/vscode/.local/lib/python3.10/site-packages/airflow/example_dags/plugins/listener_plugin.py
[2025-08-14T09:52:18.468+0000] {processor.py:179} INFO - Processing /home/vscode/.local/lib/python3.10/site-packages/airflow/example_dags/plugins/listener_plugin.py took 0.013 seconds
[2025-08-14T09:52:49.246+0000] {processor.py:157} INFO - Started process (PID=9370) to work on /home/vscode/.local/lib/python3.10/site-packages/airflow/example_dags/plugins/listener_plugin.py
[2025-08-14T09:52:49.246+0000] {processor.py:826} INFO - Processing file /home/vscode/.local/lib/python3.10/site-packages/airflow/example_dags/plugins/listener_plugin.py for tasks to queue
[2025-08-14T09:52:49.247+0000] {logging_mixin.py:150} INFO - [2025-08-14T09:52:49.247+0000] {dagbag.py:541} INFO - Filling up the DagBag from /home/vscode/.local/lib/python3.10/site-packages/airflow/example_dags/plugins/listener_plugin.py
[2025-08-14T09:52:49.249+0000] {processor.py:838} WARNING - No viable dags retrieved from /home/vscode/.local/lib/python3.10/site-packages/airflow/example_dags/plugins/listener_plugin.py
[2025-08-14T09:52:49.256+0000] {processor.py:179} INFO - Processing /home/vscode/.local/lib/python3.10/site-packages/airflow/example_dags/plugins/listener_plugin.py took 0.013 seconds
[2025-08-14T09:53:22.388+0000] {processor.py:157} INFO - Started process (PID=9586) to work on /home/vscode/.local/lib/python3.10/site-packages/airflow/example_dags/plugins/listener_plugin.py
[2025-08-14T09:53:22.388+0000] {processor.py:826} INFO - Processing file /home/vscode/.local/lib/python3.10/site-packages/airflow/example_dags/plugins/listener_plugin.py for tasks to queue
[2025-08-14T09:53:22.389+0000] {logging_mixin.py:150} INFO - [2025-08-14T09:53:22.389+0000] {dagbag.py:541} INFO - Filling up the DagBag from /home/vscode/.local/lib/python3.10/site-packages/airflow/example_dags/plugins/listener_plugin.py
[2025-08-14T09:53:22.391+0000] {processor.py:838} WARNING - No viable dags retrieved from /home/vscode/.local/lib/python3.10/site-packages/airflow/example_dags/plugins/listener_plugin.py
[2025-08-14T09:53:22.397+0000] {processor.py:179} INFO - Processing /home/vscode/.local/lib/python3.10/site-packages/airflow/example_dags/plugins/listener_plugin.py took 0.012 seconds
[2025-08-14T09:53:53.347+0000] {processor.py:157} INFO - Started process (PID=9788) to work on /home/vscode/.local/lib/python3.10/site-packages/airflow/example_dags/plugins/listener_plugin.py
[2025-08-14T09:53:53.348+0000] {processor.py:826} INFO - Processing file /home/vscode/.local/lib/python3.10/site-packages/airflow/example_dags/plugins/listener_plugin.py for tasks to queue
[2025-08-14T09:53:53.348+0000] {logging_mixin.py:150} INFO - [2025-08-14T09:53:53.348+0000] {dagbag.py:541} INFO - Filling up the DagBag from /home/vscode/.local/lib/python3.10/site-packages/airflow/example_dags/plugins/listener_plugin.py
[2025-08-14T09:53:53.350+0000] {processor.py:838} WARNING - No viable dags retrieved from /home/vscode/.local/lib/python3.10/site-packages/airflow/example_dags/plugins/listener_plugin.py
[2025-08-14T09:53:53.357+0000] {processor.py:179} INFO - Processing /home/vscode/.local/lib/python3.10/site-packages/airflow/example_dags/plugins/listener_plugin.py took 0.012 seconds
[2025-08-14T09:54:36.149+0000] {processor.py:157} INFO - Started process (PID=10081) to work on /home/vscode/.local/lib/python3.10/site-packages/airflow/example_dags/plugins/listener_plugin.py
[2025-08-14T09:54:36.150+0000] {processor.py:826} INFO - Processing file /home/vscode/.local/lib/python3.10/site-packages/airflow/example_dags/plugins/listener_plugin.py for tasks to queue
[2025-08-14T09:54:36.150+0000] {logging_mixin.py:150} INFO - [2025-08-14T09:54:36.150+0000] {dagbag.py:541} INFO - Filling up the DagBag from /home/vscode/.local/lib/python3.10/site-packages/airflow/example_dags/plugins/listener_plugin.py
[2025-08-14T09:54:36.153+0000] {processor.py:838} WARNING - No viable dags retrieved from /home/vscode/.local/lib/python3.10/site-packages/airflow/example_dags/plugins/listener_plugin.py
[2025-08-14T09:54:36.159+0000] {processor.py:179} INFO - Processing /home/vscode/.local/lib/python3.10/site-packages/airflow/example_dags/plugins/listener_plugin.py took 0.012 seconds
[2025-08-14T09:55:09.091+0000] {processor.py:157} INFO - Started process (PID=10298) to work on /home/vscode/.local/lib/python3.10/site-packages/airflow/example_dags/plugins/listener_plugin.py
[2025-08-14T09:55:09.091+0000] {processor.py:826} INFO - Processing file /home/vscode/.local/lib/python3.10/site-packages/airflow/example_dags/plugins/listener_plugin.py for tasks to queue
[2025-08-14T09:55:09.092+0000] {logging_mixin.py:150} INFO - [2025-08-14T09:55:09.092+0000] {dagbag.py:541} INFO - Filling up the DagBag from /home/vscode/.local/lib/python3.10/site-packages/airflow/example_dags/plugins/listener_plugin.py
[2025-08-14T09:55:09.094+0000] {processor.py:838} WARNING - No viable dags retrieved from /home/vscode/.local/lib/python3.10/site-packages/airflow/example_dags/plugins/listener_plugin.py
[2025-08-14T09:55:09.101+0000] {processor.py:179} INFO - Processing /home/vscode/.local/lib/python3.10/site-packages/airflow/example_dags/plugins/listener_plugin.py took 0.012 seconds
[2025-08-14T09:55:53.709+0000] {processor.py:157} INFO - Started process (PID=10603) to work on /home/vscode/.local/lib/python3.10/site-packages/airflow/example_dags/plugins/listener_plugin.py
[2025-08-14T09:55:53.710+0000] {processor.py:826} INFO - Processing file /home/vscode/.local/lib/python3.10/site-packages/airflow/example_dags/plugins/listener_plugin.py for tasks to queue
[2025-08-14T09:55:53.711+0000] {logging_mixin.py:150} INFO - [2025-08-14T09:55:53.710+0000] {dagbag.py:541} INFO - Filling up the DagBag from /home/vscode/.local/lib/python3.10/site-packages/airflow/example_dags/plugins/listener_plugin.py
[2025-08-14T09:55:53.713+0000] {processor.py:838} WARNING - No viable dags retrieved from /home/vscode/.local/lib/python3.10/site-packages/airflow/example_dags/plugins/listener_plugin.py
[2025-08-14T09:55:53.721+0000] {processor.py:179} INFO - Processing /home/vscode/.local/lib/python3.10/site-packages/airflow/example_dags/plugins/listener_plugin.py took 0.013 seconds
[2025-08-14T09:56:26.307+0000] {processor.py:157} INFO - Started process (PID=10886) to work on /home/vscode/.local/lib/python3.10/site-packages/airflow/example_dags/plugins/listener_plugin.py
[2025-08-14T09:56:26.308+0000] {processor.py:826} INFO - Processing file /home/vscode/.local/lib/python3.10/site-packages/airflow/example_dags/plugins/listener_plugin.py for tasks to queue
[2025-08-14T09:56:26.309+0000] {logging_mixin.py:150} INFO - [2025-08-14T09:56:26.308+0000] {dagbag.py:541} INFO - Filling up the DagBag from /home/vscode/.local/lib/python3.10/site-packages/airflow/example_dags/plugins/listener_plugin.py
[2025-08-14T09:56:26.311+0000] {processor.py:838} WARNING - No viable dags retrieved from /home/vscode/.local/lib/python3.10/site-packages/airflow/example_dags/plugins/listener_plugin.py
[2025-08-14T09:56:26.318+0000] {processor.py:179} INFO - Processing /home/vscode/.local/lib/python3.10/site-packages/airflow/example_dags/plugins/listener_plugin.py took 0.013 seconds
[2025-08-14T09:57:12.855+0000] {processor.py:157} INFO - Started process (PID=11195) to work on /home/vscode/.local/lib/python3.10/site-packages/airflow/example_dags/plugins/listener_plugin.py
[2025-08-14T09:57:12.855+0000] {processor.py:826} INFO - Processing file /home/vscode/.local/lib/python3.10/site-packages/airflow/example_dags/plugins/listener_plugin.py for tasks to queue
[2025-08-14T09:57:12.856+0000] {logging_mixin.py:150} INFO - [2025-08-14T09:57:12.856+0000] {dagbag.py:541} INFO - Filling up the DagBag from /home/vscode/.local/lib/python3.10/site-packages/airflow/example_dags/plugins/listener_plugin.py
[2025-08-14T09:57:12.858+0000] {processor.py:838} WARNING - No viable dags retrieved from /home/vscode/.local/lib/python3.10/site-packages/airflow/example_dags/plugins/listener_plugin.py
[2025-08-14T09:57:12.865+0000] {processor.py:179} INFO - Processing /home/vscode/.local/lib/python3.10/site-packages/airflow/example_dags/plugins/listener_plugin.py took 0.012 seconds
[2025-08-14T09:57:45.409+0000] {processor.py:157} INFO - Started process (PID=11490) to work on /home/vscode/.local/lib/python3.10/site-packages/airflow/example_dags/plugins/listener_plugin.py
[2025-08-14T09:57:45.410+0000] {processor.py:826} INFO - Processing file /home/vscode/.local/lib/python3.10/site-packages/airflow/example_dags/plugins/listener_plugin.py for tasks to queue
[2025-08-14T09:57:45.411+0000] {logging_mixin.py:150} INFO - [2025-08-14T09:57:45.410+0000] {dagbag.py:541} INFO - Filling up the DagBag from /home/vscode/.local/lib/python3.10/site-packages/airflow/example_dags/plugins/listener_plugin.py
[2025-08-14T09:57:45.413+0000] {processor.py:838} WARNING - No viable dags retrieved from /home/vscode/.local/lib/python3.10/site-packages/airflow/example_dags/plugins/listener_plugin.py
[2025-08-14T09:57:45.420+0000] {processor.py:179} INFO - Processing /home/vscode/.local/lib/python3.10/site-packages/airflow/example_dags/plugins/listener_plugin.py took 0.013 seconds
[2025-08-14T09:58:18.003+0000] {processor.py:157} INFO - Started process (PID=11712) to work on /home/vscode/.local/lib/python3.10/site-packages/airflow/example_dags/plugins/listener_plugin.py
[2025-08-14T09:58:18.003+0000] {processor.py:826} INFO - Processing file /home/vscode/.local/lib/python3.10/site-packages/airflow/example_dags/plugins/listener_plugin.py for tasks to queue
[2025-08-14T09:58:18.004+0000] {logging_mixin.py:150} INFO - [2025-08-14T09:58:18.004+0000] {dagbag.py:541} INFO - Filling up the DagBag from /home/vscode/.local/lib/python3.10/site-packages/airflow/example_dags/plugins/listener_plugin.py
[2025-08-14T09:58:18.006+0000] {processor.py:838} WARNING - No viable dags retrieved from /home/vscode/.local/lib/python3.10/site-packages/airflow/example_dags/plugins/listener_plugin.py
[2025-08-14T09:58:18.013+0000] {processor.py:179} INFO - Processing /home/vscode/.local/lib/python3.10/site-packages/airflow/example_dags/plugins/listener_plugin.py took 0.012 seconds
[2025-08-14T10:05:43.654+0000] {processor.py:157} INFO - Started process (PID=15005) to work on /home/vscode/.local/lib/python3.10/site-packages/airflow/example_dags/plugins/listener_plugin.py
[2025-08-14T10:05:43.655+0000] {processor.py:826} INFO - Processing file /home/vscode/.local/lib/python3.10/site-packages/airflow/example_dags/plugins/listener_plugin.py for tasks to queue
[2025-08-14T10:05:43.656+0000] {logging_mixin.py:150} INFO - [2025-08-14T10:05:43.656+0000] {dagbag.py:541} INFO - Filling up the DagBag from /home/vscode/.local/lib/python3.10/site-packages/airflow/example_dags/plugins/listener_plugin.py
[2025-08-14T10:05:43.660+0000] {processor.py:838} WARNING - No viable dags retrieved from /home/vscode/.local/lib/python3.10/site-packages/airflow/example_dags/plugins/listener_plugin.py
[2025-08-14T10:05:43.766+0000] {processor.py:179} INFO - Processing /home/vscode/.local/lib/python3.10/site-packages/airflow/example_dags/plugins/listener_plugin.py took 0.114 seconds
[2025-08-14T10:06:29.399+0000] {processor.py:157} INFO - Started process (PID=15332) to work on /home/vscode/.local/lib/python3.10/site-packages/airflow/example_dags/plugins/listener_plugin.py
[2025-08-14T10:06:29.400+0000] {processor.py:826} INFO - Processing file /home/vscode/.local/lib/python3.10/site-packages/airflow/example_dags/plugins/listener_plugin.py for tasks to queue
[2025-08-14T10:06:29.401+0000] {logging_mixin.py:150} INFO - [2025-08-14T10:06:29.400+0000] {dagbag.py:541} INFO - Filling up the DagBag from /home/vscode/.local/lib/python3.10/site-packages/airflow/example_dags/plugins/listener_plugin.py
[2025-08-14T10:06:29.403+0000] {processor.py:838} WARNING - No viable dags retrieved from /home/vscode/.local/lib/python3.10/site-packages/airflow/example_dags/plugins/listener_plugin.py
[2025-08-14T10:06:29.413+0000] {processor.py:179} INFO - Processing /home/vscode/.local/lib/python3.10/site-packages/airflow/example_dags/plugins/listener_plugin.py took 0.016 seconds
[2025-08-14T10:07:14.454+0000] {processor.py:157} INFO - Started process (PID=15627) to work on /home/vscode/.local/lib/python3.10/site-packages/airflow/example_dags/plugins/listener_plugin.py
[2025-08-14T10:07:14.454+0000] {processor.py:826} INFO - Processing file /home/vscode/.local/lib/python3.10/site-packages/airflow/example_dags/plugins/listener_plugin.py for tasks to queue
[2025-08-14T10:07:14.455+0000] {logging_mixin.py:150} INFO - [2025-08-14T10:07:14.455+0000] {dagbag.py:541} INFO - Filling up the DagBag from /home/vscode/.local/lib/python3.10/site-packages/airflow/example_dags/plugins/listener_plugin.py
[2025-08-14T10:07:14.457+0000] {processor.py:838} WARNING - No viable dags retrieved from /home/vscode/.local/lib/python3.10/site-packages/airflow/example_dags/plugins/listener_plugin.py
[2025-08-14T10:07:14.463+0000] {processor.py:179} INFO - Processing /home/vscode/.local/lib/python3.10/site-packages/airflow/example_dags/plugins/listener_plugin.py took 0.012 seconds
[2025-08-14T10:07:46.451+0000] {processor.py:157} INFO - Started process (PID=15840) to work on /home/vscode/.local/lib/python3.10/site-packages/airflow/example_dags/plugins/listener_plugin.py
[2025-08-14T10:07:46.451+0000] {processor.py:826} INFO - Processing file /home/vscode/.local/lib/python3.10/site-packages/airflow/example_dags/plugins/listener_plugin.py for tasks to queue
[2025-08-14T10:07:46.452+0000] {logging_mixin.py:150} INFO - [2025-08-14T10:07:46.452+0000] {dagbag.py:541} INFO - Filling up the DagBag from /home/vscode/.local/lib/python3.10/site-packages/airflow/example_dags/plugins/listener_plugin.py
[2025-08-14T10:07:46.454+0000] {processor.py:838} WARNING - No viable dags retrieved from /home/vscode/.local/lib/python3.10/site-packages/airflow/example_dags/plugins/listener_plugin.py
[2025-08-14T10:07:46.461+0000] {processor.py:179} INFO - Processing /home/vscode/.local/lib/python3.10/site-packages/airflow/example_dags/plugins/listener_plugin.py took 0.013 seconds
[2025-08-14T10:08:18.673+0000] {processor.py:157} INFO - Started process (PID=16133) to work on /home/vscode/.local/lib/python3.10/site-packages/airflow/example_dags/plugins/listener_plugin.py
[2025-08-14T10:08:18.674+0000] {processor.py:826} INFO - Processing file /home/vscode/.local/lib/python3.10/site-packages/airflow/example_dags/plugins/listener_plugin.py for tasks to queue
[2025-08-14T10:08:18.674+0000] {logging_mixin.py:150} INFO - [2025-08-14T10:08:18.674+0000] {dagbag.py:541} INFO - Filling up the DagBag from /home/vscode/.local/lib/python3.10/site-packages/airflow/example_dags/plugins/listener_plugin.py
[2025-08-14T10:08:18.676+0000] {processor.py:838} WARNING - No viable dags retrieved from /home/vscode/.local/lib/python3.10/site-packages/airflow/example_dags/plugins/listener_plugin.py
[2025-08-14T10:08:18.683+0000] {processor.py:179} INFO - Processing /home/vscode/.local/lib/python3.10/site-packages/airflow/example_dags/plugins/listener_plugin.py took 0.012 seconds
[2025-08-14T10:08:51.266+0000] {processor.py:157} INFO - Started process (PID=16441) to work on /home/vscode/.local/lib/python3.10/site-packages/airflow/example_dags/plugins/listener_plugin.py
[2025-08-14T10:08:51.266+0000] {processor.py:826} INFO - Processing file /home/vscode/.local/lib/python3.10/site-packages/airflow/example_dags/plugins/listener_plugin.py for tasks to queue
[2025-08-14T10:08:51.267+0000] {logging_mixin.py:150} INFO - [2025-08-14T10:08:51.267+0000] {dagbag.py:541} INFO - Filling up the DagBag from /home/vscode/.local/lib/python3.10/site-packages/airflow/example_dags/plugins/listener_plugin.py
[2025-08-14T10:08:51.269+0000] {processor.py:838} WARNING - No viable dags retrieved from /home/vscode/.local/lib/python3.10/site-packages/airflow/example_dags/plugins/listener_plugin.py
[2025-08-14T10:08:51.277+0000] {processor.py:179} INFO - Processing /home/vscode/.local/lib/python3.10/site-packages/airflow/example_dags/plugins/listener_plugin.py took 0.013 seconds
[2025-08-14T10:09:25.196+0000] {processor.py:157} INFO - Started process (PID=16713) to work on /home/vscode/.local/lib/python3.10/site-packages/airflow/example_dags/plugins/listener_plugin.py
[2025-08-14T10:09:25.197+0000] {processor.py:826} INFO - Processing file /home/vscode/.local/lib/python3.10/site-packages/airflow/example_dags/plugins/listener_plugin.py for tasks to queue
[2025-08-14T10:09:25.197+0000] {logging_mixin.py:150} INFO - [2025-08-14T10:09:25.197+0000] {dagbag.py:541} INFO - Filling up the DagBag from /home/vscode/.local/lib/python3.10/site-packages/airflow/example_dags/plugins/listener_plugin.py
[2025-08-14T10:09:25.200+0000] {processor.py:838} WARNING - No viable dags retrieved from /home/vscode/.local/lib/python3.10/site-packages/airflow/example_dags/plugins/listener_plugin.py
[2025-08-14T10:09:25.206+0000] {processor.py:179} INFO - Processing /home/vscode/.local/lib/python3.10/site-packages/airflow/example_dags/plugins/listener_plugin.py took 0.012 seconds
[2025-08-14T10:09:58.091+0000] {processor.py:157} INFO - Started process (PID=16959) to work on /home/vscode/.local/lib/python3.10/site-packages/airflow/example_dags/plugins/listener_plugin.py
[2025-08-14T10:09:58.091+0000] {processor.py:826} INFO - Processing file /home/vscode/.local/lib/python3.10/site-packages/airflow/example_dags/plugins/listener_plugin.py for tasks to queue
[2025-08-14T10:09:58.092+0000] {logging_mixin.py:150} INFO - [2025-08-14T10:09:58.092+0000] {dagbag.py:541} INFO - Filling up the DagBag from /home/vscode/.local/lib/python3.10/site-packages/airflow/example_dags/plugins/listener_plugin.py
[2025-08-14T10:09:58.094+0000] {processor.py:838} WARNING - No viable dags retrieved from /home/vscode/.local/lib/python3.10/site-packages/airflow/example_dags/plugins/listener_plugin.py
[2025-08-14T10:09:58.102+0000] {processor.py:179} INFO - Processing /home/vscode/.local/lib/python3.10/site-packages/airflow/example_dags/plugins/listener_plugin.py took 0.013 seconds
[2025-08-14T10:10:42.660+0000] {processor.py:157} INFO - Started process (PID=17296) to work on /home/vscode/.local/lib/python3.10/site-packages/airflow/example_dags/plugins/listener_plugin.py
[2025-08-14T10:10:42.661+0000] {processor.py:826} INFO - Processing file /home/vscode/.local/lib/python3.10/site-packages/airflow/example_dags/plugins/listener_plugin.py for tasks to queue
[2025-08-14T10:10:42.662+0000] {logging_mixin.py:150} INFO - [2025-08-14T10:10:42.661+0000] {dagbag.py:541} INFO - Filling up the DagBag from /home/vscode/.local/lib/python3.10/site-packages/airflow/example_dags/plugins/listener_plugin.py
[2025-08-14T10:10:42.664+0000] {processor.py:838} WARNING - No viable dags retrieved from /home/vscode/.local/lib/python3.10/site-packages/airflow/example_dags/plugins/listener_plugin.py
[2025-08-14T10:10:42.670+0000] {processor.py:179} INFO - Processing /home/vscode/.local/lib/python3.10/site-packages/airflow/example_dags/plugins/listener_plugin.py took 0.012 seconds
[2025-08-14T10:11:14.827+0000] {processor.py:157} INFO - Started process (PID=17534) to work on /home/vscode/.local/lib/python3.10/site-packages/airflow/example_dags/plugins/listener_plugin.py
[2025-08-14T10:11:14.828+0000] {processor.py:826} INFO - Processing file /home/vscode/.local/lib/python3.10/site-packages/airflow/example_dags/plugins/listener_plugin.py for tasks to queue
[2025-08-14T10:11:14.829+0000] {logging_mixin.py:150} INFO - [2025-08-14T10:11:14.828+0000] {dagbag.py:541} INFO - Filling up the DagBag from /home/vscode/.local/lib/python3.10/site-packages/airflow/example_dags/plugins/listener_plugin.py
[2025-08-14T10:11:14.831+0000] {processor.py:838} WARNING - No viable dags retrieved from /home/vscode/.local/lib/python3.10/site-packages/airflow/example_dags/plugins/listener_plugin.py
[2025-08-14T10:11:14.837+0000] {processor.py:179} INFO - Processing /home/vscode/.local/lib/python3.10/site-packages/airflow/example_dags/plugins/listener_plugin.py took 0.012 seconds
[2025-08-14T10:11:47.026+0000] {processor.py:157} INFO - Started process (PID=17778) to work on /home/vscode/.local/lib/python3.10/site-packages/airflow/example_dags/plugins/listener_plugin.py
[2025-08-14T10:11:47.026+0000] {processor.py:826} INFO - Processing file /home/vscode/.local/lib/python3.10/site-packages/airflow/example_dags/plugins/listener_plugin.py for tasks to queue
[2025-08-14T10:11:47.027+0000] {logging_mixin.py:150} INFO - [2025-08-14T10:11:47.027+0000] {dagbag.py:541} INFO - Filling up the DagBag from /home/vscode/.local/lib/python3.10/site-packages/airflow/example_dags/plugins/listener_plugin.py
[2025-08-14T10:11:47.029+0000] {processor.py:838} WARNING - No viable dags retrieved from /home/vscode/.local/lib/python3.10/site-packages/airflow/example_dags/plugins/listener_plugin.py
[2025-08-14T10:11:47.036+0000] {processor.py:179} INFO - Processing /home/vscode/.local/lib/python3.10/site-packages/airflow/example_dags/plugins/listener_plugin.py took 0.012 seconds
[2025-08-14T10:12:30.474+0000] {processor.py:157} INFO - Started process (PID=18097) to work on /home/vscode/.local/lib/python3.10/site-packages/airflow/example_dags/plugins/listener_plugin.py
[2025-08-14T10:12:30.475+0000] {processor.py:826} INFO - Processing file /home/vscode/.local/lib/python3.10/site-packages/airflow/example_dags/plugins/listener_plugin.py for tasks to queue
[2025-08-14T10:12:30.476+0000] {logging_mixin.py:150} INFO - [2025-08-14T10:12:30.475+0000] {dagbag.py:541} INFO - Filling up the DagBag from /home/vscode/.local/lib/python3.10/site-packages/airflow/example_dags/plugins/listener_plugin.py
[2025-08-14T10:12:30.478+0000] {processor.py:838} WARNING - No viable dags retrieved from /home/vscode/.local/lib/python3.10/site-packages/airflow/example_dags/plugins/listener_plugin.py
[2025-08-14T10:12:30.484+0000] {processor.py:179} INFO - Processing /home/vscode/.local/lib/python3.10/site-packages/airflow/example_dags/plugins/listener_plugin.py took 0.012 seconds
[2025-08-14T10:13:02.815+0000] {processor.py:157} INFO - Started process (PID=18346) to work on /home/vscode/.local/lib/python3.10/site-packages/airflow/example_dags/plugins/listener_plugin.py
[2025-08-14T10:13:02.816+0000] {processor.py:826} INFO - Processing file /home/vscode/.local/lib/python3.10/site-packages/airflow/example_dags/plugins/listener_plugin.py for tasks to queue
[2025-08-14T10:13:02.816+0000] {logging_mixin.py:150} INFO - [2025-08-14T10:13:02.816+0000] {dagbag.py:541} INFO - Filling up the DagBag from /home/vscode/.local/lib/python3.10/site-packages/airflow/example_dags/plugins/listener_plugin.py
[2025-08-14T10:13:02.818+0000] {processor.py:838} WARNING - No viable dags retrieved from /home/vscode/.local/lib/python3.10/site-packages/airflow/example_dags/plugins/listener_plugin.py
[2025-08-14T10:13:02.825+0000] {processor.py:179} INFO - Processing /home/vscode/.local/lib/python3.10/site-packages/airflow/example_dags/plugins/listener_plugin.py took 0.012 seconds
[2025-08-14T10:13:39.587+0000] {processor.py:157} INFO - Started process (PID=18614) to work on /home/vscode/.local/lib/python3.10/site-packages/airflow/example_dags/plugins/listener_plugin.py
[2025-08-14T10:13:39.588+0000] {processor.py:826} INFO - Processing file /home/vscode/.local/lib/python3.10/site-packages/airflow/example_dags/plugins/listener_plugin.py for tasks to queue
[2025-08-14T10:13:39.589+0000] {logging_mixin.py:150} INFO - [2025-08-14T10:13:39.588+0000] {dagbag.py:541} INFO - Filling up the DagBag from /home/vscode/.local/lib/python3.10/site-packages/airflow/example_dags/plugins/listener_plugin.py
[2025-08-14T10:13:39.591+0000] {processor.py:838} WARNING - No viable dags retrieved from /home/vscode/.local/lib/python3.10/site-packages/airflow/example_dags/plugins/listener_plugin.py
[2025-08-14T10:13:39.598+0000] {processor.py:179} INFO - Processing /home/vscode/.local/lib/python3.10/site-packages/airflow/example_dags/plugins/listener_plugin.py took 0.013 seconds
[2025-08-14T10:14:21.866+0000] {processor.py:157} INFO - Started process (PID=18927) to work on /home/vscode/.local/lib/python3.10/site-packages/airflow/example_dags/plugins/listener_plugin.py
[2025-08-14T10:14:21.866+0000] {processor.py:826} INFO - Processing file /home/vscode/.local/lib/python3.10/site-packages/airflow/example_dags/plugins/listener_plugin.py for tasks to queue
[2025-08-14T10:14:21.867+0000] {logging_mixin.py:150} INFO - [2025-08-14T10:14:21.867+0000] {dagbag.py:541} INFO - Filling up the DagBag from /home/vscode/.local/lib/python3.10/site-packages/airflow/example_dags/plugins/listener_plugin.py
[2025-08-14T10:14:21.869+0000] {processor.py:838} WARNING - No viable dags retrieved from /home/vscode/.local/lib/python3.10/site-packages/airflow/example_dags/plugins/listener_plugin.py
[2025-08-14T10:14:21.876+0000] {processor.py:179} INFO - Processing /home/vscode/.local/lib/python3.10/site-packages/airflow/example_dags/plugins/listener_plugin.py took 0.012 seconds
[2025-08-14T10:15:08.086+0000] {processor.py:157} INFO - Started process (PID=19275) to work on /home/vscode/.local/lib/python3.10/site-packages/airflow/example_dags/plugins/listener_plugin.py
[2025-08-14T10:15:08.086+0000] {processor.py:826} INFO - Processing file /home/vscode/.local/lib/python3.10/site-packages/airflow/example_dags/plugins/listener_plugin.py for tasks to queue
[2025-08-14T10:15:08.087+0000] {logging_mixin.py:150} INFO - [2025-08-14T10:15:08.087+0000] {dagbag.py:541} INFO - Filling up the DagBag from /home/vscode/.local/lib/python3.10/site-packages/airflow/example_dags/plugins/listener_plugin.py
[2025-08-14T10:15:08.089+0000] {processor.py:838} WARNING - No viable dags retrieved from /home/vscode/.local/lib/python3.10/site-packages/airflow/example_dags/plugins/listener_plugin.py
[2025-08-14T10:15:08.096+0000] {processor.py:179} INFO - Processing /home/vscode/.local/lib/python3.10/site-packages/airflow/example_dags/plugins/listener_plugin.py took 0.012 seconds
[2025-08-14T10:15:46.947+0000] {processor.py:157} INFO - Started process (PID=19571) to work on /home/vscode/.local/lib/python3.10/site-packages/airflow/example_dags/plugins/listener_plugin.py
[2025-08-14T10:15:46.948+0000] {processor.py:826} INFO - Processing file /home/vscode/.local/lib/python3.10/site-packages/airflow/example_dags/plugins/listener_plugin.py for tasks to queue
[2025-08-14T10:15:46.949+0000] {logging_mixin.py:150} INFO - [2025-08-14T10:15:46.949+0000] {dagbag.py:541} INFO - Filling up the DagBag from /home/vscode/.local/lib/python3.10/site-packages/airflow/example_dags/plugins/listener_plugin.py
[2025-08-14T10:15:46.951+0000] {processor.py:838} WARNING - No viable dags retrieved from /home/vscode/.local/lib/python3.10/site-packages/airflow/example_dags/plugins/listener_plugin.py
[2025-08-14T10:15:46.959+0000] {processor.py:179} INFO - Processing /home/vscode/.local/lib/python3.10/site-packages/airflow/example_dags/plugins/listener_plugin.py took 0.014 seconds
[2025-08-14T10:16:18.934+0000] {processor.py:157} INFO - Started process (PID=19801) to work on /home/vscode/.local/lib/python3.10/site-packages/airflow/example_dags/plugins/listener_plugin.py
[2025-08-14T10:16:18.934+0000] {processor.py:826} INFO - Processing file /home/vscode/.local/lib/python3.10/site-packages/airflow/example_dags/plugins/listener_plugin.py for tasks to queue
[2025-08-14T10:16:18.935+0000] {logging_mixin.py:150} INFO - [2025-08-14T10:16:18.935+0000] {dagbag.py:541} INFO - Filling up the DagBag from /home/vscode/.local/lib/python3.10/site-packages/airflow/example_dags/plugins/listener_plugin.py
[2025-08-14T10:16:18.937+0000] {processor.py:838} WARNING - No viable dags retrieved from /home/vscode/.local/lib/python3.10/site-packages/airflow/example_dags/plugins/listener_plugin.py
[2025-08-14T10:16:18.943+0000] {processor.py:179} INFO - Processing /home/vscode/.local/lib/python3.10/site-packages/airflow/example_dags/plugins/listener_plugin.py took 0.012 seconds
[2025-08-14T10:16:51.008+0000] {processor.py:157} INFO - Started process (PID=20041) to work on /home/vscode/.local/lib/python3.10/site-packages/airflow/example_dags/plugins/listener_plugin.py
[2025-08-14T10:16:51.009+0000] {processor.py:826} INFO - Processing file /home/vscode/.local/lib/python3.10/site-packages/airflow/example_dags/plugins/listener_plugin.py for tasks to queue
[2025-08-14T10:16:51.010+0000] {logging_mixin.py:150} INFO - [2025-08-14T10:16:51.010+0000] {dagbag.py:541} INFO - Filling up the DagBag from /home/vscode/.local/lib/python3.10/site-packages/airflow/example_dags/plugins/listener_plugin.py
[2025-08-14T10:16:51.012+0000] {processor.py:838} WARNING - No viable dags retrieved from /home/vscode/.local/lib/python3.10/site-packages/airflow/example_dags/plugins/listener_plugin.py
[2025-08-14T10:16:51.019+0000] {processor.py:179} INFO - Processing /home/vscode/.local/lib/python3.10/site-packages/airflow/example_dags/plugins/listener_plugin.py took 0.013 seconds
[2025-08-14T10:17:24.530+0000] {processor.py:157} INFO - Started process (PID=20297) to work on /home/vscode/.local/lib/python3.10/site-packages/airflow/example_dags/plugins/listener_plugin.py
[2025-08-14T10:17:24.531+0000] {processor.py:826} INFO - Processing file /home/vscode/.local/lib/python3.10/site-packages/airflow/example_dags/plugins/listener_plugin.py for tasks to queue
[2025-08-14T10:17:24.532+0000] {logging_mixin.py:150} INFO - [2025-08-14T10:17:24.531+0000] {dagbag.py:541} INFO - Filling up the DagBag from /home/vscode/.local/lib/python3.10/site-packages/airflow/example_dags/plugins/listener_plugin.py
[2025-08-14T10:17:24.534+0000] {processor.py:838} WARNING - No viable dags retrieved from /home/vscode/.local/lib/python3.10/site-packages/airflow/example_dags/plugins/listener_plugin.py
[2025-08-14T10:17:24.541+0000] {processor.py:179} INFO - Processing /home/vscode/.local/lib/python3.10/site-packages/airflow/example_dags/plugins/listener_plugin.py took 0.013 seconds
[2025-08-14T10:17:57.648+0000] {processor.py:157} INFO - Started process (PID=20526) to work on /home/vscode/.local/lib/python3.10/site-packages/airflow/example_dags/plugins/listener_plugin.py
[2025-08-14T10:17:57.649+0000] {processor.py:826} INFO - Processing file /home/vscode/.local/lib/python3.10/site-packages/airflow/example_dags/plugins/listener_plugin.py for tasks to queue
[2025-08-14T10:17:57.649+0000] {logging_mixin.py:150} INFO - [2025-08-14T10:17:57.649+0000] {dagbag.py:541} INFO - Filling up the DagBag from /home/vscode/.local/lib/python3.10/site-packages/airflow/example_dags/plugins/listener_plugin.py
[2025-08-14T10:17:57.653+0000] {processor.py:838} WARNING - No viable dags retrieved from /home/vscode/.local/lib/python3.10/site-packages/airflow/example_dags/plugins/listener_plugin.py
[2025-08-14T10:17:57.663+0000] {processor.py:179} INFO - Processing /home/vscode/.local/lib/python3.10/site-packages/airflow/example_dags/plugins/listener_plugin.py took 0.018 seconds
[2025-08-14T10:18:42.581+0000] {processor.py:157} INFO - Started process (PID=20818) to work on /home/vscode/.local/lib/python3.10/site-packages/airflow/example_dags/plugins/listener_plugin.py
[2025-08-14T10:18:42.582+0000] {processor.py:826} INFO - Processing file /home/vscode/.local/lib/python3.10/site-packages/airflow/example_dags/plugins/listener_plugin.py for tasks to queue
[2025-08-14T10:18:42.583+0000] {logging_mixin.py:150} INFO - [2025-08-14T10:18:42.582+0000] {dagbag.py:541} INFO - Filling up the DagBag from /home/vscode/.local/lib/python3.10/site-packages/airflow/example_dags/plugins/listener_plugin.py
[2025-08-14T10:18:42.585+0000] {processor.py:838} WARNING - No viable dags retrieved from /home/vscode/.local/lib/python3.10/site-packages/airflow/example_dags/plugins/listener_plugin.py
[2025-08-14T10:18:42.591+0000] {processor.py:179} INFO - Processing /home/vscode/.local/lib/python3.10/site-packages/airflow/example_dags/plugins/listener_plugin.py took 0.013 seconds
[2025-08-14T10:19:17.095+0000] {processor.py:157} INFO - Started process (PID=21047) to work on /home/vscode/.local/lib/python3.10/site-packages/airflow/example_dags/plugins/listener_plugin.py
[2025-08-14T10:19:17.096+0000] {processor.py:826} INFO - Processing file /home/vscode/.local/lib/python3.10/site-packages/airflow/example_dags/plugins/listener_plugin.py for tasks to queue
[2025-08-14T10:19:17.097+0000] {logging_mixin.py:150} INFO - [2025-08-14T10:19:17.096+0000] {dagbag.py:541} INFO - Filling up the DagBag from /home/vscode/.local/lib/python3.10/site-packages/airflow/example_dags/plugins/listener_plugin.py
[2025-08-14T10:19:17.099+0000] {processor.py:838} WARNING - No viable dags retrieved from /home/vscode/.local/lib/python3.10/site-packages/airflow/example_dags/plugins/listener_plugin.py
[2025-08-14T10:19:17.105+0000] {processor.py:179} INFO - Processing /home/vscode/.local/lib/python3.10/site-packages/airflow/example_dags/plugins/listener_plugin.py took 0.012 seconds
[2025-08-14T10:19:48.290+0000] {processor.py:157} INFO - Started process (PID=21287) to work on /home/vscode/.local/lib/python3.10/site-packages/airflow/example_dags/plugins/listener_plugin.py
[2025-08-14T10:19:48.291+0000] {processor.py:826} INFO - Processing file /home/vscode/.local/lib/python3.10/site-packages/airflow/example_dags/plugins/listener_plugin.py for tasks to queue
[2025-08-14T10:19:48.292+0000] {logging_mixin.py:150} INFO - [2025-08-14T10:19:48.291+0000] {dagbag.py:541} INFO - Filling up the DagBag from /home/vscode/.local/lib/python3.10/site-packages/airflow/example_dags/plugins/listener_plugin.py
[2025-08-14T10:19:48.294+0000] {processor.py:838} WARNING - No viable dags retrieved from /home/vscode/.local/lib/python3.10/site-packages/airflow/example_dags/plugins/listener_plugin.py
[2025-08-14T10:19:48.300+0000] {processor.py:179} INFO - Processing /home/vscode/.local/lib/python3.10/site-packages/airflow/example_dags/plugins/listener_plugin.py took 0.012 seconds
[2025-08-14T10:20:33.603+0000] {processor.py:157} INFO - Started process (PID=21618) to work on /home/vscode/.local/lib/python3.10/site-packages/airflow/example_dags/plugins/listener_plugin.py
[2025-08-14T10:20:33.604+0000] {processor.py:826} INFO - Processing file /home/vscode/.local/lib/python3.10/site-packages/airflow/example_dags/plugins/listener_plugin.py for tasks to queue
[2025-08-14T10:20:33.605+0000] {logging_mixin.py:150} INFO - [2025-08-14T10:20:33.604+0000] {dagbag.py:541} INFO - Filling up the DagBag from /home/vscode/.local/lib/python3.10/site-packages/airflow/example_dags/plugins/listener_plugin.py
[2025-08-14T10:20:33.607+0000] {processor.py:838} WARNING - No viable dags retrieved from /home/vscode/.local/lib/python3.10/site-packages/airflow/example_dags/plugins/listener_plugin.py
[2025-08-14T10:20:33.618+0000] {processor.py:179} INFO - Processing /home/vscode/.local/lib/python3.10/site-packages/airflow/example_dags/plugins/listener_plugin.py took 0.019 seconds
[2025-08-14T10:21:04.981+0000] {processor.py:157} INFO - Started process (PID=21832) to work on /home/vscode/.local/lib/python3.10/site-packages/airflow/example_dags/plugins/listener_plugin.py
[2025-08-14T10:21:04.982+0000] {processor.py:826} INFO - Processing file /home/vscode/.local/lib/python3.10/site-packages/airflow/example_dags/plugins/listener_plugin.py for tasks to queue
[2025-08-14T10:21:04.982+0000] {logging_mixin.py:150} INFO - [2025-08-14T10:21:04.982+0000] {dagbag.py:541} INFO - Filling up the DagBag from /home/vscode/.local/lib/python3.10/site-packages/airflow/example_dags/plugins/listener_plugin.py
[2025-08-14T10:21:04.984+0000] {processor.py:838} WARNING - No viable dags retrieved from /home/vscode/.local/lib/python3.10/site-packages/airflow/example_dags/plugins/listener_plugin.py
[2025-08-14T10:21:04.991+0000] {processor.py:179} INFO - Processing /home/vscode/.local/lib/python3.10/site-packages/airflow/example_dags/plugins/listener_plugin.py took 0.012 seconds
[2025-08-14T10:21:38.842+0000] {processor.py:157} INFO - Started process (PID=22053) to work on /home/vscode/.local/lib/python3.10/site-packages/airflow/example_dags/plugins/listener_plugin.py
[2025-08-14T10:21:38.843+0000] {processor.py:826} INFO - Processing file /home/vscode/.local/lib/python3.10/site-packages/airflow/example_dags/plugins/listener_plugin.py for tasks to queue
[2025-08-14T10:21:38.843+0000] {logging_mixin.py:150} INFO - [2025-08-14T10:21:38.843+0000] {dagbag.py:541} INFO - Filling up the DagBag from /home/vscode/.local/lib/python3.10/site-packages/airflow/example_dags/plugins/listener_plugin.py
[2025-08-14T10:21:38.846+0000] {processor.py:838} WARNING - No viable dags retrieved from /home/vscode/.local/lib/python3.10/site-packages/airflow/example_dags/plugins/listener_plugin.py
[2025-08-14T10:21:38.856+0000] {processor.py:179} INFO - Processing /home/vscode/.local/lib/python3.10/site-packages/airflow/example_dags/plugins/listener_plugin.py took 0.018 seconds
[2025-08-14T10:22:24.806+0000] {processor.py:157} INFO - Started process (PID=22360) to work on /home/vscode/.local/lib/python3.10/site-packages/airflow/example_dags/plugins/listener_plugin.py
[2025-08-14T10:22:24.807+0000] {processor.py:826} INFO - Processing file /home/vscode/.local/lib/python3.10/site-packages/airflow/example_dags/plugins/listener_plugin.py for tasks to queue
[2025-08-14T10:22:24.807+0000] {logging_mixin.py:150} INFO - [2025-08-14T10:22:24.807+0000] {dagbag.py:541} INFO - Filling up the DagBag from /home/vscode/.local/lib/python3.10/site-packages/airflow/example_dags/plugins/listener_plugin.py
[2025-08-14T10:22:24.809+0000] {processor.py:838} WARNING - No viable dags retrieved from /home/vscode/.local/lib/python3.10/site-packages/airflow/example_dags/plugins/listener_plugin.py
[2025-08-14T10:22:24.816+0000] {processor.py:179} INFO - Processing /home/vscode/.local/lib/python3.10/site-packages/airflow/example_dags/plugins/listener_plugin.py took 0.012 seconds
[2025-08-14T10:22:57.478+0000] {processor.py:157} INFO - Started process (PID=22583) to work on /home/vscode/.local/lib/python3.10/site-packages/airflow/example_dags/plugins/listener_plugin.py
[2025-08-14T10:22:57.479+0000] {processor.py:826} INFO - Processing file /home/vscode/.local/lib/python3.10/site-packages/airflow/example_dags/plugins/listener_plugin.py for tasks to queue
[2025-08-14T10:22:57.479+0000] {logging_mixin.py:150} INFO - [2025-08-14T10:22:57.479+0000] {dagbag.py:541} INFO - Filling up the DagBag from /home/vscode/.local/lib/python3.10/site-packages/airflow/example_dags/plugins/listener_plugin.py
[2025-08-14T10:22:57.481+0000] {processor.py:838} WARNING - No viable dags retrieved from /home/vscode/.local/lib/python3.10/site-packages/airflow/example_dags/plugins/listener_plugin.py
[2025-08-14T10:22:57.488+0000] {processor.py:179} INFO - Processing /home/vscode/.local/lib/python3.10/site-packages/airflow/example_dags/plugins/listener_plugin.py took 0.012 seconds
[2025-08-14T10:23:40.982+0000] {processor.py:157} INFO - Started process (PID=22875) to work on /home/vscode/.local/lib/python3.10/site-packages/airflow/example_dags/plugins/listener_plugin.py
[2025-08-14T10:23:40.983+0000] {processor.py:826} INFO - Processing file /home/vscode/.local/lib/python3.10/site-packages/airflow/example_dags/plugins/listener_plugin.py for tasks to queue
[2025-08-14T10:23:40.984+0000] {logging_mixin.py:150} INFO - [2025-08-14T10:23:40.983+0000] {dagbag.py:541} INFO - Filling up the DagBag from /home/vscode/.local/lib/python3.10/site-packages/airflow/example_dags/plugins/listener_plugin.py
[2025-08-14T10:23:40.986+0000] {processor.py:838} WARNING - No viable dags retrieved from /home/vscode/.local/lib/python3.10/site-packages/airflow/example_dags/plugins/listener_plugin.py
[2025-08-14T10:23:40.996+0000] {processor.py:179} INFO - Processing /home/vscode/.local/lib/python3.10/site-packages/airflow/example_dags/plugins/listener_plugin.py took 0.015 seconds
[2025-08-14T10:24:27.204+0000] {processor.py:157} INFO - Started process (PID=23205) to work on /home/vscode/.local/lib/python3.10/site-packages/airflow/example_dags/plugins/listener_plugin.py
[2025-08-14T10:24:27.205+0000] {processor.py:826} INFO - Processing file /home/vscode/.local/lib/python3.10/site-packages/airflow/example_dags/plugins/listener_plugin.py for tasks to queue
[2025-08-14T10:24:27.205+0000] {logging_mixin.py:150} INFO - [2025-08-14T10:24:27.205+0000] {dagbag.py:541} INFO - Filling up the DagBag from /home/vscode/.local/lib/python3.10/site-packages/airflow/example_dags/plugins/listener_plugin.py
[2025-08-14T10:24:27.207+0000] {processor.py:838} WARNING - No viable dags retrieved from /home/vscode/.local/lib/python3.10/site-packages/airflow/example_dags/plugins/listener_plugin.py
[2025-08-14T10:24:27.214+0000] {processor.py:179} INFO - Processing /home/vscode/.local/lib/python3.10/site-packages/airflow/example_dags/plugins/listener_plugin.py took 0.012 seconds
[2025-08-14T10:24:59.163+0000] {processor.py:157} INFO - Started process (PID=23422) to work on /home/vscode/.local/lib/python3.10/site-packages/airflow/example_dags/plugins/listener_plugin.py
[2025-08-14T10:24:59.163+0000] {processor.py:826} INFO - Processing file /home/vscode/.local/lib/python3.10/site-packages/airflow/example_dags/plugins/listener_plugin.py for tasks to queue
[2025-08-14T10:24:59.164+0000] {logging_mixin.py:150} INFO - [2025-08-14T10:24:59.164+0000] {dagbag.py:541} INFO - Filling up the DagBag from /home/vscode/.local/lib/python3.10/site-packages/airflow/example_dags/plugins/listener_plugin.py
[2025-08-14T10:24:59.166+0000] {processor.py:838} WARNING - No viable dags retrieved from /home/vscode/.local/lib/python3.10/site-packages/airflow/example_dags/plugins/listener_plugin.py
[2025-08-14T10:24:59.173+0000] {processor.py:179} INFO - Processing /home/vscode/.local/lib/python3.10/site-packages/airflow/example_dags/plugins/listener_plugin.py took 0.012 seconds
[2025-08-14T10:25:43.149+0000] {processor.py:157} INFO - Started process (PID=23717) to work on /home/vscode/.local/lib/python3.10/site-packages/airflow/example_dags/plugins/listener_plugin.py
[2025-08-14T10:25:43.150+0000] {processor.py:826} INFO - Processing file /home/vscode/.local/lib/python3.10/site-packages/airflow/example_dags/plugins/listener_plugin.py for tasks to queue
[2025-08-14T10:25:43.150+0000] {logging_mixin.py:150} INFO - [2025-08-14T10:25:43.150+0000] {dagbag.py:541} INFO - Filling up the DagBag from /home/vscode/.local/lib/python3.10/site-packages/airflow/example_dags/plugins/listener_plugin.py
[2025-08-14T10:25:43.153+0000] {processor.py:838} WARNING - No viable dags retrieved from /home/vscode/.local/lib/python3.10/site-packages/airflow/example_dags/plugins/listener_plugin.py
[2025-08-14T10:25:43.160+0000] {processor.py:179} INFO - Processing /home/vscode/.local/lib/python3.10/site-packages/airflow/example_dags/plugins/listener_plugin.py took 0.013 seconds
[2025-08-14T10:26:13.917+0000] {processor.py:157} INFO - Started process (PID=23927) to work on /home/vscode/.local/lib/python3.10/site-packages/airflow/example_dags/plugins/listener_plugin.py
[2025-08-14T10:26:13.918+0000] {processor.py:826} INFO - Processing file /home/vscode/.local/lib/python3.10/site-packages/airflow/example_dags/plugins/listener_plugin.py for tasks to queue
[2025-08-14T10:26:13.918+0000] {logging_mixin.py:150} INFO - [2025-08-14T10:26:13.918+0000] {dagbag.py:541} INFO - Filling up the DagBag from /home/vscode/.local/lib/python3.10/site-packages/airflow/example_dags/plugins/listener_plugin.py
[2025-08-14T10:26:13.921+0000] {processor.py:838} WARNING - No viable dags retrieved from /home/vscode/.local/lib/python3.10/site-packages/airflow/example_dags/plugins/listener_plugin.py
[2025-08-14T10:26:13.927+0000] {processor.py:179} INFO - Processing /home/vscode/.local/lib/python3.10/site-packages/airflow/example_dags/plugins/listener_plugin.py took 0.012 seconds
[2025-08-14T10:26:58.303+0000] {processor.py:157} INFO - Started process (PID=24223) to work on /home/vscode/.local/lib/python3.10/site-packages/airflow/example_dags/plugins/listener_plugin.py
[2025-08-14T10:26:58.304+0000] {processor.py:826} INFO - Processing file /home/vscode/.local/lib/python3.10/site-packages/airflow/example_dags/plugins/listener_plugin.py for tasks to queue
[2025-08-14T10:26:58.305+0000] {logging_mixin.py:150} INFO - [2025-08-14T10:26:58.304+0000] {dagbag.py:541} INFO - Filling up the DagBag from /home/vscode/.local/lib/python3.10/site-packages/airflow/example_dags/plugins/listener_plugin.py
[2025-08-14T10:26:58.308+0000] {processor.py:838} WARNING - No viable dags retrieved from /home/vscode/.local/lib/python3.10/site-packages/airflow/example_dags/plugins/listener_plugin.py
[2025-08-14T10:26:58.318+0000] {processor.py:179} INFO - Processing /home/vscode/.local/lib/python3.10/site-packages/airflow/example_dags/plugins/listener_plugin.py took 0.018 seconds
[2025-08-14T10:27:32.214+0000] {processor.py:157} INFO - Started process (PID=24450) to work on /home/vscode/.local/lib/python3.10/site-packages/airflow/example_dags/plugins/listener_plugin.py
[2025-08-14T10:27:32.214+0000] {processor.py:826} INFO - Processing file /home/vscode/.local/lib/python3.10/site-packages/airflow/example_dags/plugins/listener_plugin.py for tasks to queue
[2025-08-14T10:27:32.215+0000] {logging_mixin.py:150} INFO - [2025-08-14T10:27:32.215+0000] {dagbag.py:541} INFO - Filling up the DagBag from /home/vscode/.local/lib/python3.10/site-packages/airflow/example_dags/plugins/listener_plugin.py
[2025-08-14T10:27:32.217+0000] {processor.py:838} WARNING - No viable dags retrieved from /home/vscode/.local/lib/python3.10/site-packages/airflow/example_dags/plugins/listener_plugin.py
[2025-08-14T10:27:32.224+0000] {processor.py:179} INFO - Processing /home/vscode/.local/lib/python3.10/site-packages/airflow/example_dags/plugins/listener_plugin.py took 0.013 seconds
[2025-08-14T10:28:17.334+0000] {processor.py:157} INFO - Started process (PID=24746) to work on /home/vscode/.local/lib/python3.10/site-packages/airflow/example_dags/plugins/listener_plugin.py
[2025-08-14T10:28:17.335+0000] {processor.py:826} INFO - Processing file /home/vscode/.local/lib/python3.10/site-packages/airflow/example_dags/plugins/listener_plugin.py for tasks to queue
[2025-08-14T10:28:17.335+0000] {logging_mixin.py:150} INFO - [2025-08-14T10:28:17.335+0000] {dagbag.py:541} INFO - Filling up the DagBag from /home/vscode/.local/lib/python3.10/site-packages/airflow/example_dags/plugins/listener_plugin.py
[2025-08-14T10:28:17.337+0000] {processor.py:838} WARNING - No viable dags retrieved from /home/vscode/.local/lib/python3.10/site-packages/airflow/example_dags/plugins/listener_plugin.py
[2025-08-14T10:28:17.344+0000] {processor.py:179} INFO - Processing /home/vscode/.local/lib/python3.10/site-packages/airflow/example_dags/plugins/listener_plugin.py took 0.012 seconds
[2025-08-14T10:28:49.723+0000] {processor.py:157} INFO - Started process (PID=24967) to work on /home/vscode/.local/lib/python3.10/site-packages/airflow/example_dags/plugins/listener_plugin.py
[2025-08-14T10:28:49.724+0000] {processor.py:826} INFO - Processing file /home/vscode/.local/lib/python3.10/site-packages/airflow/example_dags/plugins/listener_plugin.py for tasks to queue
[2025-08-14T10:28:49.724+0000] {logging_mixin.py:150} INFO - [2025-08-14T10:28:49.724+0000] {dagbag.py:541} INFO - Filling up the DagBag from /home/vscode/.local/lib/python3.10/site-packages/airflow/example_dags/plugins/listener_plugin.py
[2025-08-14T10:28:49.726+0000] {processor.py:838} WARNING - No viable dags retrieved from /home/vscode/.local/lib/python3.10/site-packages/airflow/example_dags/plugins/listener_plugin.py
[2025-08-14T10:28:49.733+0000] {processor.py:179} INFO - Processing /home/vscode/.local/lib/python3.10/site-packages/airflow/example_dags/plugins/listener_plugin.py took 0.012 seconds
[2025-08-14T10:29:21.351+0000] {processor.py:157} INFO - Started process (PID=25176) to work on /home/vscode/.local/lib/python3.10/site-packages/airflow/example_dags/plugins/listener_plugin.py
[2025-08-14T10:29:21.352+0000] {processor.py:826} INFO - Processing file /home/vscode/.local/lib/python3.10/site-packages/airflow/example_dags/plugins/listener_plugin.py for tasks to queue
[2025-08-14T10:29:21.352+0000] {logging_mixin.py:150} INFO - [2025-08-14T10:29:21.352+0000] {dagbag.py:541} INFO - Filling up the DagBag from /home/vscode/.local/lib/python3.10/site-packages/airflow/example_dags/plugins/listener_plugin.py
[2025-08-14T10:29:21.355+0000] {processor.py:838} WARNING - No viable dags retrieved from /home/vscode/.local/lib/python3.10/site-packages/airflow/example_dags/plugins/listener_plugin.py
[2025-08-14T10:29:21.361+0000] {processor.py:179} INFO - Processing /home/vscode/.local/lib/python3.10/site-packages/airflow/example_dags/plugins/listener_plugin.py took 0.012 seconds
[2025-08-14T10:30:05.331+0000] {processor.py:157} INFO - Started process (PID=25471) to work on /home/vscode/.local/lib/python3.10/site-packages/airflow/example_dags/plugins/listener_plugin.py
[2025-08-14T10:30:05.332+0000] {processor.py:826} INFO - Processing file /home/vscode/.local/lib/python3.10/site-packages/airflow/example_dags/plugins/listener_plugin.py for tasks to queue
[2025-08-14T10:30:05.332+0000] {logging_mixin.py:150} INFO - [2025-08-14T10:30:05.332+0000] {dagbag.py:541} INFO - Filling up the DagBag from /home/vscode/.local/lib/python3.10/site-packages/airflow/example_dags/plugins/listener_plugin.py
[2025-08-14T10:30:05.334+0000] {processor.py:838} WARNING - No viable dags retrieved from /home/vscode/.local/lib/python3.10/site-packages/airflow/example_dags/plugins/listener_plugin.py
[2025-08-14T10:30:05.341+0000] {processor.py:179} INFO - Processing /home/vscode/.local/lib/python3.10/site-packages/airflow/example_dags/plugins/listener_plugin.py took 0.012 seconds
[2025-08-14T10:30:38.942+0000] {processor.py:157} INFO - Started process (PID=25693) to work on /home/vscode/.local/lib/python3.10/site-packages/airflow/example_dags/plugins/listener_plugin.py
[2025-08-14T10:30:38.943+0000] {processor.py:826} INFO - Processing file /home/vscode/.local/lib/python3.10/site-packages/airflow/example_dags/plugins/listener_plugin.py for tasks to queue
[2025-08-14T10:30:38.944+0000] {logging_mixin.py:150} INFO - [2025-08-14T10:30:38.943+0000] {dagbag.py:541} INFO - Filling up the DagBag from /home/vscode/.local/lib/python3.10/site-packages/airflow/example_dags/plugins/listener_plugin.py
[2025-08-14T10:30:38.946+0000] {processor.py:838} WARNING - No viable dags retrieved from /home/vscode/.local/lib/python3.10/site-packages/airflow/example_dags/plugins/listener_plugin.py
[2025-08-14T10:30:38.952+0000] {processor.py:179} INFO - Processing /home/vscode/.local/lib/python3.10/site-packages/airflow/example_dags/plugins/listener_plugin.py took 0.012 seconds
[2025-08-14T10:31:10.322+0000] {processor.py:157} INFO - Started process (PID=25910) to work on /home/vscode/.local/lib/python3.10/site-packages/airflow/example_dags/plugins/listener_plugin.py
[2025-08-14T10:31:10.323+0000] {processor.py:826} INFO - Processing file /home/vscode/.local/lib/python3.10/site-packages/airflow/example_dags/plugins/listener_plugin.py for tasks to queue
[2025-08-14T10:31:10.324+0000] {logging_mixin.py:150} INFO - [2025-08-14T10:31:10.324+0000] {dagbag.py:541} INFO - Filling up the DagBag from /home/vscode/.local/lib/python3.10/site-packages/airflow/example_dags/plugins/listener_plugin.py
[2025-08-14T10:31:10.327+0000] {processor.py:838} WARNING - No viable dags retrieved from /home/vscode/.local/lib/python3.10/site-packages/airflow/example_dags/plugins/listener_plugin.py
[2025-08-14T10:31:10.334+0000] {processor.py:179} INFO - Processing /home/vscode/.local/lib/python3.10/site-packages/airflow/example_dags/plugins/listener_plugin.py took 0.015 seconds
[2025-08-14T10:31:54.408+0000] {processor.py:157} INFO - Started process (PID=26200) to work on /home/vscode/.local/lib/python3.10/site-packages/airflow/example_dags/plugins/listener_plugin.py
[2025-08-14T10:31:54.409+0000] {processor.py:826} INFO - Processing file /home/vscode/.local/lib/python3.10/site-packages/airflow/example_dags/plugins/listener_plugin.py for tasks to queue
[2025-08-14T10:31:54.409+0000] {logging_mixin.py:150} INFO - [2025-08-14T10:31:54.409+0000] {dagbag.py:541} INFO - Filling up the DagBag from /home/vscode/.local/lib/python3.10/site-packages/airflow/example_dags/plugins/listener_plugin.py
[2025-08-14T10:31:54.411+0000] {processor.py:838} WARNING - No viable dags retrieved from /home/vscode/.local/lib/python3.10/site-packages/airflow/example_dags/plugins/listener_plugin.py
[2025-08-14T10:31:54.418+0000] {processor.py:179} INFO - Processing /home/vscode/.local/lib/python3.10/site-packages/airflow/example_dags/plugins/listener_plugin.py took 0.012 seconds
[2025-08-14T10:32:37.752+0000] {processor.py:157} INFO - Started process (PID=26487) to work on /home/vscode/.local/lib/python3.10/site-packages/airflow/example_dags/plugins/listener_plugin.py
[2025-08-14T10:32:37.753+0000] {processor.py:826} INFO - Processing file /home/vscode/.local/lib/python3.10/site-packages/airflow/example_dags/plugins/listener_plugin.py for tasks to queue
[2025-08-14T10:32:37.753+0000] {logging_mixin.py:150} INFO - [2025-08-14T10:32:37.753+0000] {dagbag.py:541} INFO - Filling up the DagBag from /home/vscode/.local/lib/python3.10/site-packages/airflow/example_dags/plugins/listener_plugin.py
[2025-08-14T10:32:37.755+0000] {processor.py:838} WARNING - No viable dags retrieved from /home/vscode/.local/lib/python3.10/site-packages/airflow/example_dags/plugins/listener_plugin.py
[2025-08-14T10:32:37.762+0000] {processor.py:179} INFO - Processing /home/vscode/.local/lib/python3.10/site-packages/airflow/example_dags/plugins/listener_plugin.py took 0.012 seconds
[2025-08-14T10:33:20.017+0000] {processor.py:157} INFO - Started process (PID=26864) to work on /home/vscode/.local/lib/python3.10/site-packages/airflow/example_dags/plugins/listener_plugin.py
[2025-08-14T10:33:20.017+0000] {processor.py:826} INFO - Processing file /home/vscode/.local/lib/python3.10/site-packages/airflow/example_dags/plugins/listener_plugin.py for tasks to queue
[2025-08-14T10:33:20.018+0000] {logging_mixin.py:150} INFO - [2025-08-14T10:33:20.018+0000] {dagbag.py:541} INFO - Filling up the DagBag from /home/vscode/.local/lib/python3.10/site-packages/airflow/example_dags/plugins/listener_plugin.py
[2025-08-14T10:33:20.021+0000] {processor.py:838} WARNING - No viable dags retrieved from /home/vscode/.local/lib/python3.10/site-packages/airflow/example_dags/plugins/listener_plugin.py
[2025-08-14T10:33:20.031+0000] {processor.py:179} INFO - Processing /home/vscode/.local/lib/python3.10/site-packages/airflow/example_dags/plugins/listener_plugin.py took 0.018 seconds
[2025-08-14T10:34:02.870+0000] {processor.py:157} INFO - Started process (PID=27181) to work on /home/vscode/.local/lib/python3.10/site-packages/airflow/example_dags/plugins/listener_plugin.py
[2025-08-14T10:34:02.871+0000] {processor.py:826} INFO - Processing file /home/vscode/.local/lib/python3.10/site-packages/airflow/example_dags/plugins/listener_plugin.py for tasks to queue
[2025-08-14T10:34:02.872+0000] {logging_mixin.py:150} INFO - [2025-08-14T10:34:02.872+0000] {dagbag.py:541} INFO - Filling up the DagBag from /home/vscode/.local/lib/python3.10/site-packages/airflow/example_dags/plugins/listener_plugin.py
[2025-08-14T10:34:02.874+0000] {processor.py:838} WARNING - No viable dags retrieved from /home/vscode/.local/lib/python3.10/site-packages/airflow/example_dags/plugins/listener_plugin.py
[2025-08-14T10:34:02.881+0000] {processor.py:179} INFO - Processing /home/vscode/.local/lib/python3.10/site-packages/airflow/example_dags/plugins/listener_plugin.py took 0.013 seconds
[2025-08-14T10:34:35.542+0000] {processor.py:157} INFO - Started process (PID=27396) to work on /home/vscode/.local/lib/python3.10/site-packages/airflow/example_dags/plugins/listener_plugin.py
[2025-08-14T10:34:35.542+0000] {processor.py:826} INFO - Processing file /home/vscode/.local/lib/python3.10/site-packages/airflow/example_dags/plugins/listener_plugin.py for tasks to queue
[2025-08-14T10:34:35.543+0000] {logging_mixin.py:150} INFO - [2025-08-14T10:34:35.543+0000] {dagbag.py:541} INFO - Filling up the DagBag from /home/vscode/.local/lib/python3.10/site-packages/airflow/example_dags/plugins/listener_plugin.py
[2025-08-14T10:34:35.545+0000] {processor.py:838} WARNING - No viable dags retrieved from /home/vscode/.local/lib/python3.10/site-packages/airflow/example_dags/plugins/listener_plugin.py
[2025-08-14T10:34:35.552+0000] {processor.py:179} INFO - Processing /home/vscode/.local/lib/python3.10/site-packages/airflow/example_dags/plugins/listener_plugin.py took 0.013 seconds
[2025-08-14T10:35:07.080+0000] {processor.py:157} INFO - Started process (PID=27604) to work on /home/vscode/.local/lib/python3.10/site-packages/airflow/example_dags/plugins/listener_plugin.py
[2025-08-14T10:35:07.081+0000] {processor.py:826} INFO - Processing file /home/vscode/.local/lib/python3.10/site-packages/airflow/example_dags/plugins/listener_plugin.py for tasks to queue
[2025-08-14T10:35:07.081+0000] {logging_mixin.py:150} INFO - [2025-08-14T10:35:07.081+0000] {dagbag.py:541} INFO - Filling up the DagBag from /home/vscode/.local/lib/python3.10/site-packages/airflow/example_dags/plugins/listener_plugin.py
[2025-08-14T10:35:07.084+0000] {processor.py:838} WARNING - No viable dags retrieved from /home/vscode/.local/lib/python3.10/site-packages/airflow/example_dags/plugins/listener_plugin.py
[2025-08-14T10:35:07.091+0000] {processor.py:179} INFO - Processing /home/vscode/.local/lib/python3.10/site-packages/airflow/example_dags/plugins/listener_plugin.py took 0.013 seconds
[2025-08-14T10:35:50.679+0000] {processor.py:157} INFO - Started process (PID=27897) to work on /home/vscode/.local/lib/python3.10/site-packages/airflow/example_dags/plugins/listener_plugin.py
[2025-08-14T10:35:50.679+0000] {processor.py:826} INFO - Processing file /home/vscode/.local/lib/python3.10/site-packages/airflow/example_dags/plugins/listener_plugin.py for tasks to queue
[2025-08-14T10:35:50.680+0000] {logging_mixin.py:150} INFO - [2025-08-14T10:35:50.680+0000] {dagbag.py:541} INFO - Filling up the DagBag from /home/vscode/.local/lib/python3.10/site-packages/airflow/example_dags/plugins/listener_plugin.py
[2025-08-14T10:35:50.682+0000] {processor.py:838} WARNING - No viable dags retrieved from /home/vscode/.local/lib/python3.10/site-packages/airflow/example_dags/plugins/listener_plugin.py
[2025-08-14T10:35:50.689+0000] {processor.py:179} INFO - Processing /home/vscode/.local/lib/python3.10/site-packages/airflow/example_dags/plugins/listener_plugin.py took 0.013 seconds
[2025-08-14T10:36:22.640+0000] {processor.py:157} INFO - Started process (PID=28110) to work on /home/vscode/.local/lib/python3.10/site-packages/airflow/example_dags/plugins/listener_plugin.py
[2025-08-14T10:36:22.641+0000] {processor.py:826} INFO - Processing file /home/vscode/.local/lib/python3.10/site-packages/airflow/example_dags/plugins/listener_plugin.py for tasks to queue
[2025-08-14T10:36:22.641+0000] {logging_mixin.py:150} INFO - [2025-08-14T10:36:22.641+0000] {dagbag.py:541} INFO - Filling up the DagBag from /home/vscode/.local/lib/python3.10/site-packages/airflow/example_dags/plugins/listener_plugin.py
[2025-08-14T10:36:22.643+0000] {processor.py:838} WARNING - No viable dags retrieved from /home/vscode/.local/lib/python3.10/site-packages/airflow/example_dags/plugins/listener_plugin.py
[2025-08-14T10:36:22.650+0000] {processor.py:179} INFO - Processing /home/vscode/.local/lib/python3.10/site-packages/airflow/example_dags/plugins/listener_plugin.py took 0.012 seconds
[2025-08-14T10:36:57.373+0000] {processor.py:157} INFO - Started process (PID=28344) to work on /home/vscode/.local/lib/python3.10/site-packages/airflow/example_dags/plugins/listener_plugin.py
[2025-08-14T10:36:57.374+0000] {processor.py:826} INFO - Processing file /home/vscode/.local/lib/python3.10/site-packages/airflow/example_dags/plugins/listener_plugin.py for tasks to queue
[2025-08-14T10:36:57.374+0000] {logging_mixin.py:150} INFO - [2025-08-14T10:36:57.374+0000] {dagbag.py:541} INFO - Filling up the DagBag from /home/vscode/.local/lib/python3.10/site-packages/airflow/example_dags/plugins/listener_plugin.py
[2025-08-14T10:36:57.377+0000] {processor.py:838} WARNING - No viable dags retrieved from /home/vscode/.local/lib/python3.10/site-packages/airflow/example_dags/plugins/listener_plugin.py
[2025-08-14T10:36:57.384+0000] {processor.py:179} INFO - Processing /home/vscode/.local/lib/python3.10/site-packages/airflow/example_dags/plugins/listener_plugin.py took 0.013 seconds
[2025-08-14T10:37:42.787+0000] {processor.py:157} INFO - Started process (PID=28646) to work on /home/vscode/.local/lib/python3.10/site-packages/airflow/example_dags/plugins/listener_plugin.py
[2025-08-14T10:37:42.788+0000] {processor.py:826} INFO - Processing file /home/vscode/.local/lib/python3.10/site-packages/airflow/example_dags/plugins/listener_plugin.py for tasks to queue
[2025-08-14T10:37:42.788+0000] {logging_mixin.py:150} INFO - [2025-08-14T10:37:42.788+0000] {dagbag.py:541} INFO - Filling up the DagBag from /home/vscode/.local/lib/python3.10/site-packages/airflow/example_dags/plugins/listener_plugin.py
[2025-08-14T10:37:42.790+0000] {processor.py:838} WARNING - No viable dags retrieved from /home/vscode/.local/lib/python3.10/site-packages/airflow/example_dags/plugins/listener_plugin.py
[2025-08-14T10:37:42.797+0000] {processor.py:179} INFO - Processing /home/vscode/.local/lib/python3.10/site-packages/airflow/example_dags/plugins/listener_plugin.py took 0.013 seconds
[2025-08-14T10:38:15.561+0000] {processor.py:157} INFO - Started process (PID=28864) to work on /home/vscode/.local/lib/python3.10/site-packages/airflow/example_dags/plugins/listener_plugin.py
[2025-08-14T10:38:15.562+0000] {processor.py:826} INFO - Processing file /home/vscode/.local/lib/python3.10/site-packages/airflow/example_dags/plugins/listener_plugin.py for tasks to queue
[2025-08-14T10:38:15.563+0000] {logging_mixin.py:150} INFO - [2025-08-14T10:38:15.562+0000] {dagbag.py:541} INFO - Filling up the DagBag from /home/vscode/.local/lib/python3.10/site-packages/airflow/example_dags/plugins/listener_plugin.py
[2025-08-14T10:38:15.565+0000] {processor.py:838} WARNING - No viable dags retrieved from /home/vscode/.local/lib/python3.10/site-packages/airflow/example_dags/plugins/listener_plugin.py
[2025-08-14T10:38:15.572+0000] {processor.py:179} INFO - Processing /home/vscode/.local/lib/python3.10/site-packages/airflow/example_dags/plugins/listener_plugin.py took 0.012 seconds
[2025-08-14T10:39:01.833+0000] {processor.py:157} INFO - Started process (PID=29167) to work on /home/vscode/.local/lib/python3.10/site-packages/airflow/example_dags/plugins/listener_plugin.py
[2025-08-14T10:39:01.834+0000] {processor.py:826} INFO - Processing file /home/vscode/.local/lib/python3.10/site-packages/airflow/example_dags/plugins/listener_plugin.py for tasks to queue
[2025-08-14T10:39:01.835+0000] {logging_mixin.py:150} INFO - [2025-08-14T10:39:01.834+0000] {dagbag.py:541} INFO - Filling up the DagBag from /home/vscode/.local/lib/python3.10/site-packages/airflow/example_dags/plugins/listener_plugin.py
[2025-08-14T10:39:01.837+0000] {processor.py:838} WARNING - No viable dags retrieved from /home/vscode/.local/lib/python3.10/site-packages/airflow/example_dags/plugins/listener_plugin.py
[2025-08-14T10:39:01.847+0000] {processor.py:179} INFO - Processing /home/vscode/.local/lib/python3.10/site-packages/airflow/example_dags/plugins/listener_plugin.py took 0.018 seconds
[2025-08-14T10:39:35.034+0000] {processor.py:157} INFO - Started process (PID=29396) to work on /home/vscode/.local/lib/python3.10/site-packages/airflow/example_dags/plugins/listener_plugin.py
[2025-08-14T10:39:35.035+0000] {processor.py:826} INFO - Processing file /home/vscode/.local/lib/python3.10/site-packages/airflow/example_dags/plugins/listener_plugin.py for tasks to queue
[2025-08-14T10:39:35.036+0000] {logging_mixin.py:150} INFO - [2025-08-14T10:39:35.035+0000] {dagbag.py:541} INFO - Filling up the DagBag from /home/vscode/.local/lib/python3.10/site-packages/airflow/example_dags/plugins/listener_plugin.py
[2025-08-14T10:39:35.038+0000] {processor.py:838} WARNING - No viable dags retrieved from /home/vscode/.local/lib/python3.10/site-packages/airflow/example_dags/plugins/listener_plugin.py
[2025-08-14T10:39:35.044+0000] {processor.py:179} INFO - Processing /home/vscode/.local/lib/python3.10/site-packages/airflow/example_dags/plugins/listener_plugin.py took 0.012 seconds
[2025-08-14T10:40:20.744+0000] {processor.py:157} INFO - Started process (PID=29693) to work on /home/vscode/.local/lib/python3.10/site-packages/airflow/example_dags/plugins/listener_plugin.py
[2025-08-14T10:40:20.745+0000] {processor.py:826} INFO - Processing file /home/vscode/.local/lib/python3.10/site-packages/airflow/example_dags/plugins/listener_plugin.py for tasks to queue
[2025-08-14T10:40:20.745+0000] {logging_mixin.py:150} INFO - [2025-08-14T10:40:20.745+0000] {dagbag.py:541} INFO - Filling up the DagBag from /home/vscode/.local/lib/python3.10/site-packages/airflow/example_dags/plugins/listener_plugin.py
[2025-08-14T10:40:20.747+0000] {processor.py:838} WARNING - No viable dags retrieved from /home/vscode/.local/lib/python3.10/site-packages/airflow/example_dags/plugins/listener_plugin.py
[2025-08-14T10:40:20.754+0000] {processor.py:179} INFO - Processing /home/vscode/.local/lib/python3.10/site-packages/airflow/example_dags/plugins/listener_plugin.py took 0.012 seconds
[2025-08-14T10:40:52.706+0000] {processor.py:157} INFO - Started process (PID=29914) to work on /home/vscode/.local/lib/python3.10/site-packages/airflow/example_dags/plugins/listener_plugin.py
[2025-08-14T10:40:52.707+0000] {processor.py:826} INFO - Processing file /home/vscode/.local/lib/python3.10/site-packages/airflow/example_dags/plugins/listener_plugin.py for tasks to queue
[2025-08-14T10:40:52.707+0000] {logging_mixin.py:150} INFO - [2025-08-14T10:40:52.707+0000] {dagbag.py:541} INFO - Filling up the DagBag from /home/vscode/.local/lib/python3.10/site-packages/airflow/example_dags/plugins/listener_plugin.py
[2025-08-14T10:40:52.709+0000] {processor.py:838} WARNING - No viable dags retrieved from /home/vscode/.local/lib/python3.10/site-packages/airflow/example_dags/plugins/listener_plugin.py
[2025-08-14T10:40:52.716+0000] {processor.py:179} INFO - Processing /home/vscode/.local/lib/python3.10/site-packages/airflow/example_dags/plugins/listener_plugin.py took 0.013 seconds
[2025-08-14T10:41:25.678+0000] {processor.py:157} INFO - Started process (PID=30130) to work on /home/vscode/.local/lib/python3.10/site-packages/airflow/example_dags/plugins/listener_plugin.py
[2025-08-14T10:41:25.678+0000] {processor.py:826} INFO - Processing file /home/vscode/.local/lib/python3.10/site-packages/airflow/example_dags/plugins/listener_plugin.py for tasks to queue
[2025-08-14T10:41:25.679+0000] {logging_mixin.py:150} INFO - [2025-08-14T10:41:25.679+0000] {dagbag.py:541} INFO - Filling up the DagBag from /home/vscode/.local/lib/python3.10/site-packages/airflow/example_dags/plugins/listener_plugin.py
[2025-08-14T10:41:25.681+0000] {processor.py:838} WARNING - No viable dags retrieved from /home/vscode/.local/lib/python3.10/site-packages/airflow/example_dags/plugins/listener_plugin.py
[2025-08-14T10:41:25.688+0000] {processor.py:179} INFO - Processing /home/vscode/.local/lib/python3.10/site-packages/airflow/example_dags/plugins/listener_plugin.py took 0.013 seconds
[2025-08-14T10:41:57.754+0000] {processor.py:157} INFO - Started process (PID=30337) to work on /home/vscode/.local/lib/python3.10/site-packages/airflow/example_dags/plugins/listener_plugin.py
[2025-08-14T10:41:57.755+0000] {processor.py:826} INFO - Processing file /home/vscode/.local/lib/python3.10/site-packages/airflow/example_dags/plugins/listener_plugin.py for tasks to queue
[2025-08-14T10:41:57.756+0000] {logging_mixin.py:150} INFO - [2025-08-14T10:41:57.755+0000] {dagbag.py:541} INFO - Filling up the DagBag from /home/vscode/.local/lib/python3.10/site-packages/airflow/example_dags/plugins/listener_plugin.py
[2025-08-14T10:41:57.758+0000] {processor.py:838} WARNING - No viable dags retrieved from /home/vscode/.local/lib/python3.10/site-packages/airflow/example_dags/plugins/listener_plugin.py
[2025-08-14T10:41:57.765+0000] {processor.py:179} INFO - Processing /home/vscode/.local/lib/python3.10/site-packages/airflow/example_dags/plugins/listener_plugin.py took 0.013 seconds
[2025-08-14T10:42:30.028+0000] {processor.py:157} INFO - Started process (PID=30552) to work on /home/vscode/.local/lib/python3.10/site-packages/airflow/example_dags/plugins/listener_plugin.py
[2025-08-14T10:42:30.029+0000] {processor.py:826} INFO - Processing file /home/vscode/.local/lib/python3.10/site-packages/airflow/example_dags/plugins/listener_plugin.py for tasks to queue
[2025-08-14T10:42:30.029+0000] {logging_mixin.py:150} INFO - [2025-08-14T10:42:30.029+0000] {dagbag.py:541} INFO - Filling up the DagBag from /home/vscode/.local/lib/python3.10/site-packages/airflow/example_dags/plugins/listener_plugin.py
[2025-08-14T10:42:30.031+0000] {processor.py:838} WARNING - No viable dags retrieved from /home/vscode/.local/lib/python3.10/site-packages/airflow/example_dags/plugins/listener_plugin.py
[2025-08-14T10:42:30.038+0000] {processor.py:179} INFO - Processing /home/vscode/.local/lib/python3.10/site-packages/airflow/example_dags/plugins/listener_plugin.py took 0.012 seconds
[2025-08-14T10:43:14.795+0000] {processor.py:157} INFO - Started process (PID=30854) to work on /home/vscode/.local/lib/python3.10/site-packages/airflow/example_dags/plugins/listener_plugin.py
[2025-08-14T10:43:14.795+0000] {processor.py:826} INFO - Processing file /home/vscode/.local/lib/python3.10/site-packages/airflow/example_dags/plugins/listener_plugin.py for tasks to queue
[2025-08-14T10:43:14.796+0000] {logging_mixin.py:150} INFO - [2025-08-14T10:43:14.796+0000] {dagbag.py:541} INFO - Filling up the DagBag from /home/vscode/.local/lib/python3.10/site-packages/airflow/example_dags/plugins/listener_plugin.py
[2025-08-14T10:43:14.798+0000] {processor.py:838} WARNING - No viable dags retrieved from /home/vscode/.local/lib/python3.10/site-packages/airflow/example_dags/plugins/listener_plugin.py
[2025-08-14T10:43:14.805+0000] {processor.py:179} INFO - Processing /home/vscode/.local/lib/python3.10/site-packages/airflow/example_dags/plugins/listener_plugin.py took 0.013 seconds
[2025-08-14T10:43:48.359+0000] {processor.py:157} INFO - Started process (PID=31077) to work on /home/vscode/.local/lib/python3.10/site-packages/airflow/example_dags/plugins/listener_plugin.py
[2025-08-14T10:43:48.360+0000] {processor.py:826} INFO - Processing file /home/vscode/.local/lib/python3.10/site-packages/airflow/example_dags/plugins/listener_plugin.py for tasks to queue
[2025-08-14T10:43:48.360+0000] {logging_mixin.py:150} INFO - [2025-08-14T10:43:48.360+0000] {dagbag.py:541} INFO - Filling up the DagBag from /home/vscode/.local/lib/python3.10/site-packages/airflow/example_dags/plugins/listener_plugin.py
[2025-08-14T10:43:48.362+0000] {processor.py:838} WARNING - No viable dags retrieved from /home/vscode/.local/lib/python3.10/site-packages/airflow/example_dags/plugins/listener_plugin.py
[2025-08-14T10:43:48.370+0000] {processor.py:179} INFO - Processing /home/vscode/.local/lib/python3.10/site-packages/airflow/example_dags/plugins/listener_plugin.py took 0.013 seconds
[2025-08-14T10:44:33.469+0000] {processor.py:157} INFO - Started process (PID=31373) to work on /home/vscode/.local/lib/python3.10/site-packages/airflow/example_dags/plugins/listener_plugin.py
[2025-08-14T10:44:33.470+0000] {processor.py:826} INFO - Processing file /home/vscode/.local/lib/python3.10/site-packages/airflow/example_dags/plugins/listener_plugin.py for tasks to queue
[2025-08-14T10:44:33.470+0000] {logging_mixin.py:150} INFO - [2025-08-14T10:44:33.470+0000] {dagbag.py:541} INFO - Filling up the DagBag from /home/vscode/.local/lib/python3.10/site-packages/airflow/example_dags/plugins/listener_plugin.py
[2025-08-14T10:44:33.472+0000] {processor.py:838} WARNING - No viable dags retrieved from /home/vscode/.local/lib/python3.10/site-packages/airflow/example_dags/plugins/listener_plugin.py
[2025-08-14T10:44:33.479+0000] {processor.py:179} INFO - Processing /home/vscode/.local/lib/python3.10/site-packages/airflow/example_dags/plugins/listener_plugin.py took 0.012 seconds
[2025-08-14T10:45:06.601+0000] {processor.py:157} INFO - Started process (PID=31601) to work on /home/vscode/.local/lib/python3.10/site-packages/airflow/example_dags/plugins/listener_plugin.py
[2025-08-14T10:45:06.601+0000] {processor.py:826} INFO - Processing file /home/vscode/.local/lib/python3.10/site-packages/airflow/example_dags/plugins/listener_plugin.py for tasks to queue
[2025-08-14T10:45:06.602+0000] {logging_mixin.py:150} INFO - [2025-08-14T10:45:06.602+0000] {dagbag.py:541} INFO - Filling up the DagBag from /home/vscode/.local/lib/python3.10/site-packages/airflow/example_dags/plugins/listener_plugin.py
[2025-08-14T10:45:06.604+0000] {processor.py:838} WARNING - No viable dags retrieved from /home/vscode/.local/lib/python3.10/site-packages/airflow/example_dags/plugins/listener_plugin.py
[2025-08-14T10:45:06.612+0000] {processor.py:179} INFO - Processing /home/vscode/.local/lib/python3.10/site-packages/airflow/example_dags/plugins/listener_plugin.py took 0.014 seconds
[2025-08-14T10:45:38.597+0000] {processor.py:157} INFO - Started process (PID=31810) to work on /home/vscode/.local/lib/python3.10/site-packages/airflow/example_dags/plugins/listener_plugin.py
[2025-08-14T10:45:38.598+0000] {processor.py:826} INFO - Processing file /home/vscode/.local/lib/python3.10/site-packages/airflow/example_dags/plugins/listener_plugin.py for tasks to queue
[2025-08-14T10:45:38.598+0000] {logging_mixin.py:150} INFO - [2025-08-14T10:45:38.598+0000] {dagbag.py:541} INFO - Filling up the DagBag from /home/vscode/.local/lib/python3.10/site-packages/airflow/example_dags/plugins/listener_plugin.py
[2025-08-14T10:45:38.601+0000] {processor.py:838} WARNING - No viable dags retrieved from /home/vscode/.local/lib/python3.10/site-packages/airflow/example_dags/plugins/listener_plugin.py
[2025-08-14T10:45:38.607+0000] {processor.py:179} INFO - Processing /home/vscode/.local/lib/python3.10/site-packages/airflow/example_dags/plugins/listener_plugin.py took 0.012 seconds
[2025-08-14T10:46:20.592+0000] {processor.py:157} INFO - Started process (PID=32095) to work on /home/vscode/.local/lib/python3.10/site-packages/airflow/example_dags/plugins/listener_plugin.py
[2025-08-14T10:46:20.593+0000] {processor.py:826} INFO - Processing file /home/vscode/.local/lib/python3.10/site-packages/airflow/example_dags/plugins/listener_plugin.py for tasks to queue
[2025-08-14T10:46:20.593+0000] {logging_mixin.py:150} INFO - [2025-08-14T10:46:20.593+0000] {dagbag.py:541} INFO - Filling up the DagBag from /home/vscode/.local/lib/python3.10/site-packages/airflow/example_dags/plugins/listener_plugin.py
[2025-08-14T10:46:20.596+0000] {processor.py:838} WARNING - No viable dags retrieved from /home/vscode/.local/lib/python3.10/site-packages/airflow/example_dags/plugins/listener_plugin.py
[2025-08-14T10:46:20.609+0000] {processor.py:179} INFO - Processing /home/vscode/.local/lib/python3.10/site-packages/airflow/example_dags/plugins/listener_plugin.py took 0.020 seconds
[2025-08-14T10:46:53.699+0000] {processor.py:157} INFO - Started process (PID=32313) to work on /home/vscode/.local/lib/python3.10/site-packages/airflow/example_dags/plugins/listener_plugin.py
[2025-08-14T10:46:53.700+0000] {processor.py:826} INFO - Processing file /home/vscode/.local/lib/python3.10/site-packages/airflow/example_dags/plugins/listener_plugin.py for tasks to queue
[2025-08-14T10:46:53.700+0000] {logging_mixin.py:150} INFO - [2025-08-14T10:46:53.700+0000] {dagbag.py:541} INFO - Filling up the DagBag from /home/vscode/.local/lib/python3.10/site-packages/airflow/example_dags/plugins/listener_plugin.py
[2025-08-14T10:46:53.702+0000] {processor.py:838} WARNING - No viable dags retrieved from /home/vscode/.local/lib/python3.10/site-packages/airflow/example_dags/plugins/listener_plugin.py
[2025-08-14T10:46:53.710+0000] {processor.py:179} INFO - Processing /home/vscode/.local/lib/python3.10/site-packages/airflow/example_dags/plugins/listener_plugin.py took 0.013 seconds
[2025-08-14T10:47:37.577+0000] {processor.py:157} INFO - Started process (PID=32607) to work on /home/vscode/.local/lib/python3.10/site-packages/airflow/example_dags/plugins/listener_plugin.py
[2025-08-14T10:47:37.578+0000] {processor.py:826} INFO - Processing file /home/vscode/.local/lib/python3.10/site-packages/airflow/example_dags/plugins/listener_plugin.py for tasks to queue
[2025-08-14T10:47:37.578+0000] {logging_mixin.py:150} INFO - [2025-08-14T10:47:37.578+0000] {dagbag.py:541} INFO - Filling up the DagBag from /home/vscode/.local/lib/python3.10/site-packages/airflow/example_dags/plugins/listener_plugin.py
[2025-08-14T10:47:37.580+0000] {processor.py:838} WARNING - No viable dags retrieved from /home/vscode/.local/lib/python3.10/site-packages/airflow/example_dags/plugins/listener_plugin.py
[2025-08-14T10:47:37.588+0000] {processor.py:179} INFO - Processing /home/vscode/.local/lib/python3.10/site-packages/airflow/example_dags/plugins/listener_plugin.py took 0.013 seconds
[2025-08-14T10:48:17.560+0000] {processor.py:157} INFO - Started process (PID=32875) to work on /home/vscode/.local/lib/python3.10/site-packages/airflow/example_dags/plugins/listener_plugin.py
[2025-08-14T10:48:17.560+0000] {processor.py:826} INFO - Processing file /home/vscode/.local/lib/python3.10/site-packages/airflow/example_dags/plugins/listener_plugin.py for tasks to queue
[2025-08-14T10:48:17.561+0000] {logging_mixin.py:150} INFO - [2025-08-14T10:48:17.561+0000] {dagbag.py:541} INFO - Filling up the DagBag from /home/vscode/.local/lib/python3.10/site-packages/airflow/example_dags/plugins/listener_plugin.py
[2025-08-14T10:48:17.563+0000] {processor.py:838} WARNING - No viable dags retrieved from /home/vscode/.local/lib/python3.10/site-packages/airflow/example_dags/plugins/listener_plugin.py
[2025-08-14T10:48:17.570+0000] {processor.py:179} INFO - Processing /home/vscode/.local/lib/python3.10/site-packages/airflow/example_dags/plugins/listener_plugin.py took 0.013 seconds
[2025-08-14T10:48:49.669+0000] {processor.py:157} INFO - Started process (PID=33090) to work on /home/vscode/.local/lib/python3.10/site-packages/airflow/example_dags/plugins/listener_plugin.py
[2025-08-14T10:48:49.670+0000] {processor.py:826} INFO - Processing file /home/vscode/.local/lib/python3.10/site-packages/airflow/example_dags/plugins/listener_plugin.py for tasks to queue
[2025-08-14T10:48:49.670+0000] {logging_mixin.py:150} INFO - [2025-08-14T10:48:49.670+0000] {dagbag.py:541} INFO - Filling up the DagBag from /home/vscode/.local/lib/python3.10/site-packages/airflow/example_dags/plugins/listener_plugin.py
[2025-08-14T10:48:49.673+0000] {processor.py:838} WARNING - No viable dags retrieved from /home/vscode/.local/lib/python3.10/site-packages/airflow/example_dags/plugins/listener_plugin.py
[2025-08-14T10:48:49.680+0000] {processor.py:179} INFO - Processing /home/vscode/.local/lib/python3.10/site-packages/airflow/example_dags/plugins/listener_plugin.py took 0.014 seconds
[2025-08-14T10:49:33.957+0000] {processor.py:157} INFO - Started process (PID=33379) to work on /home/vscode/.local/lib/python3.10/site-packages/airflow/example_dags/plugins/listener_plugin.py
[2025-08-14T10:49:33.958+0000] {processor.py:826} INFO - Processing file /home/vscode/.local/lib/python3.10/site-packages/airflow/example_dags/plugins/listener_plugin.py for tasks to queue
[2025-08-14T10:49:33.958+0000] {logging_mixin.py:150} INFO - [2025-08-14T10:49:33.958+0000] {dagbag.py:541} INFO - Filling up the DagBag from /home/vscode/.local/lib/python3.10/site-packages/airflow/example_dags/plugins/listener_plugin.py
[2025-08-14T10:49:33.961+0000] {processor.py:838} WARNING - No viable dags retrieved from /home/vscode/.local/lib/python3.10/site-packages/airflow/example_dags/plugins/listener_plugin.py
[2025-08-14T10:49:33.968+0000] {processor.py:179} INFO - Processing /home/vscode/.local/lib/python3.10/site-packages/airflow/example_dags/plugins/listener_plugin.py took 0.013 seconds
[2025-08-14T10:50:06.155+0000] {processor.py:157} INFO - Started process (PID=33595) to work on /home/vscode/.local/lib/python3.10/site-packages/airflow/example_dags/plugins/listener_plugin.py
[2025-08-14T10:50:06.155+0000] {processor.py:826} INFO - Processing file /home/vscode/.local/lib/python3.10/site-packages/airflow/example_dags/plugins/listener_plugin.py for tasks to queue
[2025-08-14T10:50:06.156+0000] {logging_mixin.py:150} INFO - [2025-08-14T10:50:06.156+0000] {dagbag.py:541} INFO - Filling up the DagBag from /home/vscode/.local/lib/python3.10/site-packages/airflow/example_dags/plugins/listener_plugin.py
[2025-08-14T10:50:06.158+0000] {processor.py:838} WARNING - No viable dags retrieved from /home/vscode/.local/lib/python3.10/site-packages/airflow/example_dags/plugins/listener_plugin.py
[2025-08-14T10:50:06.166+0000] {processor.py:179} INFO - Processing /home/vscode/.local/lib/python3.10/site-packages/airflow/example_dags/plugins/listener_plugin.py took 0.014 seconds
[2025-08-14T10:50:40.265+0000] {processor.py:157} INFO - Started process (PID=33826) to work on /home/vscode/.local/lib/python3.10/site-packages/airflow/example_dags/plugins/listener_plugin.py
[2025-08-14T10:50:40.266+0000] {processor.py:826} INFO - Processing file /home/vscode/.local/lib/python3.10/site-packages/airflow/example_dags/plugins/listener_plugin.py for tasks to queue
[2025-08-14T10:50:40.267+0000] {logging_mixin.py:150} INFO - [2025-08-14T10:50:40.267+0000] {dagbag.py:541} INFO - Filling up the DagBag from /home/vscode/.local/lib/python3.10/site-packages/airflow/example_dags/plugins/listener_plugin.py
[2025-08-14T10:50:40.270+0000] {processor.py:838} WARNING - No viable dags retrieved from /home/vscode/.local/lib/python3.10/site-packages/airflow/example_dags/plugins/listener_plugin.py
[2025-08-14T10:50:40.280+0000] {processor.py:179} INFO - Processing /home/vscode/.local/lib/python3.10/site-packages/airflow/example_dags/plugins/listener_plugin.py took 0.019 seconds
[2025-08-14T10:51:26.075+0000] {processor.py:157} INFO - Started process (PID=34128) to work on /home/vscode/.local/lib/python3.10/site-packages/airflow/example_dags/plugins/listener_plugin.py
[2025-08-14T10:51:26.075+0000] {processor.py:826} INFO - Processing file /home/vscode/.local/lib/python3.10/site-packages/airflow/example_dags/plugins/listener_plugin.py for tasks to queue
[2025-08-14T10:51:26.076+0000] {logging_mixin.py:150} INFO - [2025-08-14T10:51:26.076+0000] {dagbag.py:541} INFO - Filling up the DagBag from /home/vscode/.local/lib/python3.10/site-packages/airflow/example_dags/plugins/listener_plugin.py
[2025-08-14T10:51:26.078+0000] {processor.py:838} WARNING - No viable dags retrieved from /home/vscode/.local/lib/python3.10/site-packages/airflow/example_dags/plugins/listener_plugin.py
[2025-08-14T10:51:26.085+0000] {processor.py:179} INFO - Processing /home/vscode/.local/lib/python3.10/site-packages/airflow/example_dags/plugins/listener_plugin.py took 0.013 seconds
[2025-08-14T10:52:00.168+0000] {processor.py:157} INFO - Started process (PID=34354) to work on /home/vscode/.local/lib/python3.10/site-packages/airflow/example_dags/plugins/listener_plugin.py
[2025-08-14T10:52:00.169+0000] {processor.py:826} INFO - Processing file /home/vscode/.local/lib/python3.10/site-packages/airflow/example_dags/plugins/listener_plugin.py for tasks to queue
[2025-08-14T10:52:00.169+0000] {logging_mixin.py:150} INFO - [2025-08-14T10:52:00.169+0000] {dagbag.py:541} INFO - Filling up the DagBag from /home/vscode/.local/lib/python3.10/site-packages/airflow/example_dags/plugins/listener_plugin.py
[2025-08-14T10:52:00.171+0000] {processor.py:838} WARNING - No viable dags retrieved from /home/vscode/.local/lib/python3.10/site-packages/airflow/example_dags/plugins/listener_plugin.py
[2025-08-14T10:52:00.179+0000] {processor.py:179} INFO - Processing /home/vscode/.local/lib/python3.10/site-packages/airflow/example_dags/plugins/listener_plugin.py took 0.015 seconds
[2025-08-14T10:52:46.963+0000] {processor.py:157} INFO - Started process (PID=34664) to work on /home/vscode/.local/lib/python3.10/site-packages/airflow/example_dags/plugins/listener_plugin.py
[2025-08-14T10:52:46.964+0000] {processor.py:826} INFO - Processing file /home/vscode/.local/lib/python3.10/site-packages/airflow/example_dags/plugins/listener_plugin.py for tasks to queue
[2025-08-14T10:52:46.964+0000] {logging_mixin.py:150} INFO - [2025-08-14T10:52:46.964+0000] {dagbag.py:541} INFO - Filling up the DagBag from /home/vscode/.local/lib/python3.10/site-packages/airflow/example_dags/plugins/listener_plugin.py
[2025-08-14T10:52:46.966+0000] {processor.py:838} WARNING - No viable dags retrieved from /home/vscode/.local/lib/python3.10/site-packages/airflow/example_dags/plugins/listener_plugin.py
[2025-08-14T10:52:46.973+0000] {processor.py:179} INFO - Processing /home/vscode/.local/lib/python3.10/site-packages/airflow/example_dags/plugins/listener_plugin.py took 0.012 seconds
[2025-08-14T10:53:17.549+0000] {processor.py:157} INFO - Started process (PID=34871) to work on /home/vscode/.local/lib/python3.10/site-packages/airflow/example_dags/plugins/listener_plugin.py
[2025-08-14T10:53:17.550+0000] {processor.py:826} INFO - Processing file /home/vscode/.local/lib/python3.10/site-packages/airflow/example_dags/plugins/listener_plugin.py for tasks to queue
[2025-08-14T10:53:17.552+0000] {logging_mixin.py:150} INFO - [2025-08-14T10:53:17.551+0000] {dagbag.py:541} INFO - Filling up the DagBag from /home/vscode/.local/lib/python3.10/site-packages/airflow/example_dags/plugins/listener_plugin.py
[2025-08-14T10:53:17.555+0000] {processor.py:838} WARNING - No viable dags retrieved from /home/vscode/.local/lib/python3.10/site-packages/airflow/example_dags/plugins/listener_plugin.py
[2025-08-14T10:53:17.566+0000] {processor.py:179} INFO - Processing /home/vscode/.local/lib/python3.10/site-packages/airflow/example_dags/plugins/listener_plugin.py took 0.020 seconds
[2025-08-14T10:53:58.528+0000] {processor.py:157} INFO - Started process (PID=36452) to work on /home/vscode/.local/lib/python3.10/site-packages/airflow/example_dags/plugins/listener_plugin.py
[2025-08-14T10:53:58.528+0000] {processor.py:826} INFO - Processing file /home/vscode/.local/lib/python3.10/site-packages/airflow/example_dags/plugins/listener_plugin.py for tasks to queue
[2025-08-14T10:53:58.529+0000] {logging_mixin.py:150} INFO - [2025-08-14T10:53:58.529+0000] {dagbag.py:541} INFO - Filling up the DagBag from /home/vscode/.local/lib/python3.10/site-packages/airflow/example_dags/plugins/listener_plugin.py
[2025-08-14T10:53:58.531+0000] {processor.py:838} WARNING - No viable dags retrieved from /home/vscode/.local/lib/python3.10/site-packages/airflow/example_dags/plugins/listener_plugin.py
[2025-08-14T10:53:58.538+0000] {processor.py:179} INFO - Processing /home/vscode/.local/lib/python3.10/site-packages/airflow/example_dags/plugins/listener_plugin.py took 0.013 seconds
[2025-08-14T10:54:36.679+0000] {processor.py:157} INFO - Started process (PID=36962) to work on /home/vscode/.local/lib/python3.10/site-packages/airflow/example_dags/plugins/listener_plugin.py
[2025-08-14T10:54:36.680+0000] {processor.py:826} INFO - Processing file /home/vscode/.local/lib/python3.10/site-packages/airflow/example_dags/plugins/listener_plugin.py for tasks to queue
[2025-08-14T10:54:36.680+0000] {logging_mixin.py:150} INFO - [2025-08-14T10:54:36.680+0000] {dagbag.py:541} INFO - Filling up the DagBag from /home/vscode/.local/lib/python3.10/site-packages/airflow/example_dags/plugins/listener_plugin.py
[2025-08-14T10:54:36.683+0000] {processor.py:838} WARNING - No viable dags retrieved from /home/vscode/.local/lib/python3.10/site-packages/airflow/example_dags/plugins/listener_plugin.py
[2025-08-14T10:54:36.690+0000] {processor.py:179} INFO - Processing /home/vscode/.local/lib/python3.10/site-packages/airflow/example_dags/plugins/listener_plugin.py took 0.014 seconds
[2025-08-14T10:55:19.619+0000] {processor.py:157} INFO - Started process (PID=37522) to work on /home/vscode/.local/lib/python3.10/site-packages/airflow/example_dags/plugins/listener_plugin.py
[2025-08-14T10:55:19.620+0000] {processor.py:826} INFO - Processing file /home/vscode/.local/lib/python3.10/site-packages/airflow/example_dags/plugins/listener_plugin.py for tasks to queue
[2025-08-14T10:55:19.620+0000] {logging_mixin.py:150} INFO - [2025-08-14T10:55:19.620+0000] {dagbag.py:541} INFO - Filling up the DagBag from /home/vscode/.local/lib/python3.10/site-packages/airflow/example_dags/plugins/listener_plugin.py
[2025-08-14T10:55:19.623+0000] {processor.py:838} WARNING - No viable dags retrieved from /home/vscode/.local/lib/python3.10/site-packages/airflow/example_dags/plugins/listener_plugin.py
[2025-08-14T10:55:19.630+0000] {processor.py:179} INFO - Processing /home/vscode/.local/lib/python3.10/site-packages/airflow/example_dags/plugins/listener_plugin.py took 0.014 seconds
[2025-08-14T10:55:51.092+0000] {processor.py:157} INFO - Started process (PID=37888) to work on /home/vscode/.local/lib/python3.10/site-packages/airflow/example_dags/plugins/listener_plugin.py
[2025-08-14T10:55:51.093+0000] {processor.py:826} INFO - Processing file /home/vscode/.local/lib/python3.10/site-packages/airflow/example_dags/plugins/listener_plugin.py for tasks to queue
[2025-08-14T10:55:51.093+0000] {logging_mixin.py:150} INFO - [2025-08-14T10:55:51.093+0000] {dagbag.py:541} INFO - Filling up the DagBag from /home/vscode/.local/lib/python3.10/site-packages/airflow/example_dags/plugins/listener_plugin.py
[2025-08-14T10:55:51.096+0000] {processor.py:838} WARNING - No viable dags retrieved from /home/vscode/.local/lib/python3.10/site-packages/airflow/example_dags/plugins/listener_plugin.py
[2025-08-14T10:55:51.102+0000] {processor.py:179} INFO - Processing /home/vscode/.local/lib/python3.10/site-packages/airflow/example_dags/plugins/listener_plugin.py took 0.012 seconds
[2025-08-14T10:56:23.436+0000] {processor.py:157} INFO - Started process (PID=38198) to work on /home/vscode/.local/lib/python3.10/site-packages/airflow/example_dags/plugins/listener_plugin.py
[2025-08-14T10:56:23.437+0000] {processor.py:826} INFO - Processing file /home/vscode/.local/lib/python3.10/site-packages/airflow/example_dags/plugins/listener_plugin.py for tasks to queue
[2025-08-14T10:56:23.438+0000] {logging_mixin.py:150} INFO - [2025-08-14T10:56:23.437+0000] {dagbag.py:541} INFO - Filling up the DagBag from /home/vscode/.local/lib/python3.10/site-packages/airflow/example_dags/plugins/listener_plugin.py
[2025-08-14T10:56:23.440+0000] {processor.py:838} WARNING - No viable dags retrieved from /home/vscode/.local/lib/python3.10/site-packages/airflow/example_dags/plugins/listener_plugin.py
[2025-08-14T10:56:23.446+0000] {processor.py:179} INFO - Processing /home/vscode/.local/lib/python3.10/site-packages/airflow/example_dags/plugins/listener_plugin.py took 0.012 seconds
[2025-08-14T10:56:59.242+0000] {processor.py:157} INFO - Started process (PID=38539) to work on /home/vscode/.local/lib/python3.10/site-packages/airflow/example_dags/plugins/listener_plugin.py
[2025-08-14T10:56:59.243+0000] {processor.py:826} INFO - Processing file /home/vscode/.local/lib/python3.10/site-packages/airflow/example_dags/plugins/listener_plugin.py for tasks to queue
[2025-08-14T10:56:59.243+0000] {logging_mixin.py:150} INFO - [2025-08-14T10:56:59.243+0000] {dagbag.py:541} INFO - Filling up the DagBag from /home/vscode/.local/lib/python3.10/site-packages/airflow/example_dags/plugins/listener_plugin.py
[2025-08-14T10:56:59.245+0000] {processor.py:838} WARNING - No viable dags retrieved from /home/vscode/.local/lib/python3.10/site-packages/airflow/example_dags/plugins/listener_plugin.py
[2025-08-14T10:56:59.252+0000] {processor.py:179} INFO - Processing /home/vscode/.local/lib/python3.10/site-packages/airflow/example_dags/plugins/listener_plugin.py took 0.012 seconds
[2025-08-14T10:57:30.076+0000] {processor.py:157} INFO - Started process (PID=38836) to work on /home/vscode/.local/lib/python3.10/site-packages/airflow/example_dags/plugins/listener_plugin.py
[2025-08-14T10:57:30.076+0000] {processor.py:826} INFO - Processing file /home/vscode/.local/lib/python3.10/site-packages/airflow/example_dags/plugins/listener_plugin.py for tasks to queue
[2025-08-14T10:57:30.077+0000] {logging_mixin.py:150} INFO - [2025-08-14T10:57:30.077+0000] {dagbag.py:541} INFO - Filling up the DagBag from /home/vscode/.local/lib/python3.10/site-packages/airflow/example_dags/plugins/listener_plugin.py
[2025-08-14T10:57:30.079+0000] {processor.py:838} WARNING - No viable dags retrieved from /home/vscode/.local/lib/python3.10/site-packages/airflow/example_dags/plugins/listener_plugin.py
[2025-08-14T10:57:30.086+0000] {processor.py:179} INFO - Processing /home/vscode/.local/lib/python3.10/site-packages/airflow/example_dags/plugins/listener_plugin.py took 0.013 seconds
[2025-08-14T10:58:01.615+0000] {processor.py:157} INFO - Started process (PID=39134) to work on /home/vscode/.local/lib/python3.10/site-packages/airflow/example_dags/plugins/listener_plugin.py
[2025-08-14T10:58:01.616+0000] {processor.py:826} INFO - Processing file /home/vscode/.local/lib/python3.10/site-packages/airflow/example_dags/plugins/listener_plugin.py for tasks to queue
[2025-08-14T10:58:01.617+0000] {logging_mixin.py:150} INFO - [2025-08-14T10:58:01.616+0000] {dagbag.py:541} INFO - Filling up the DagBag from /home/vscode/.local/lib/python3.10/site-packages/airflow/example_dags/plugins/listener_plugin.py
[2025-08-14T10:58:01.619+0000] {processor.py:838} WARNING - No viable dags retrieved from /home/vscode/.local/lib/python3.10/site-packages/airflow/example_dags/plugins/listener_plugin.py
[2025-08-14T10:58:01.626+0000] {processor.py:179} INFO - Processing /home/vscode/.local/lib/python3.10/site-packages/airflow/example_dags/plugins/listener_plugin.py took 0.013 seconds
[2025-08-14T10:58:33.151+0000] {processor.py:157} INFO - Started process (PID=39438) to work on /home/vscode/.local/lib/python3.10/site-packages/airflow/example_dags/plugins/listener_plugin.py
[2025-08-14T10:58:33.151+0000] {processor.py:826} INFO - Processing file /home/vscode/.local/lib/python3.10/site-packages/airflow/example_dags/plugins/listener_plugin.py for tasks to queue
[2025-08-14T10:58:33.152+0000] {logging_mixin.py:150} INFO - [2025-08-14T10:58:33.152+0000] {dagbag.py:541} INFO - Filling up the DagBag from /home/vscode/.local/lib/python3.10/site-packages/airflow/example_dags/plugins/listener_plugin.py
[2025-08-14T10:58:33.154+0000] {processor.py:838} WARNING - No viable dags retrieved from /home/vscode/.local/lib/python3.10/site-packages/airflow/example_dags/plugins/listener_plugin.py
[2025-08-14T10:58:33.161+0000] {processor.py:179} INFO - Processing /home/vscode/.local/lib/python3.10/site-packages/airflow/example_dags/plugins/listener_plugin.py took 0.012 seconds
[2025-08-14T10:59:17.498+0000] {processor.py:157} INFO - Started process (PID=39860) to work on /home/vscode/.local/lib/python3.10/site-packages/airflow/example_dags/plugins/listener_plugin.py
[2025-08-14T10:59:17.499+0000] {processor.py:826} INFO - Processing file /home/vscode/.local/lib/python3.10/site-packages/airflow/example_dags/plugins/listener_plugin.py for tasks to queue
[2025-08-14T10:59:17.500+0000] {logging_mixin.py:150} INFO - [2025-08-14T10:59:17.499+0000] {dagbag.py:541} INFO - Filling up the DagBag from /home/vscode/.local/lib/python3.10/site-packages/airflow/example_dags/plugins/listener_plugin.py
[2025-08-14T10:59:17.502+0000] {processor.py:838} WARNING - No viable dags retrieved from /home/vscode/.local/lib/python3.10/site-packages/airflow/example_dags/plugins/listener_plugin.py
[2025-08-14T10:59:17.509+0000] {processor.py:179} INFO - Processing /home/vscode/.local/lib/python3.10/site-packages/airflow/example_dags/plugins/listener_plugin.py took 0.013 seconds
[2025-08-14T10:59:48.237+0000] {processor.py:157} INFO - Started process (PID=40155) to work on /home/vscode/.local/lib/python3.10/site-packages/airflow/example_dags/plugins/listener_plugin.py
[2025-08-14T10:59:48.238+0000] {processor.py:826} INFO - Processing file /home/vscode/.local/lib/python3.10/site-packages/airflow/example_dags/plugins/listener_plugin.py for tasks to queue
[2025-08-14T10:59:48.239+0000] {logging_mixin.py:150} INFO - [2025-08-14T10:59:48.238+0000] {dagbag.py:541} INFO - Filling up the DagBag from /home/vscode/.local/lib/python3.10/site-packages/airflow/example_dags/plugins/listener_plugin.py
[2025-08-14T10:59:48.242+0000] {processor.py:838} WARNING - No viable dags retrieved from /home/vscode/.local/lib/python3.10/site-packages/airflow/example_dags/plugins/listener_plugin.py
[2025-08-14T10:59:48.251+0000] {processor.py:179} INFO - Processing /home/vscode/.local/lib/python3.10/site-packages/airflow/example_dags/plugins/listener_plugin.py took 0.017 seconds
[2025-08-14T11:00:19.619+0000] {processor.py:157} INFO - Started process (PID=40455) to work on /home/vscode/.local/lib/python3.10/site-packages/airflow/example_dags/plugins/listener_plugin.py
[2025-08-14T11:00:19.620+0000] {processor.py:826} INFO - Processing file /home/vscode/.local/lib/python3.10/site-packages/airflow/example_dags/plugins/listener_plugin.py for tasks to queue
[2025-08-14T11:00:19.621+0000] {logging_mixin.py:150} INFO - [2025-08-14T11:00:19.621+0000] {dagbag.py:541} INFO - Filling up the DagBag from /home/vscode/.local/lib/python3.10/site-packages/airflow/example_dags/plugins/listener_plugin.py
[2025-08-14T11:00:19.623+0000] {processor.py:838} WARNING - No viable dags retrieved from /home/vscode/.local/lib/python3.10/site-packages/airflow/example_dags/plugins/listener_plugin.py
[2025-08-14T11:00:19.630+0000] {processor.py:179} INFO - Processing /home/vscode/.local/lib/python3.10/site-packages/airflow/example_dags/plugins/listener_plugin.py took 0.012 seconds
[2025-08-14T11:00:51.599+0000] {processor.py:157} INFO - Started process (PID=40767) to work on /home/vscode/.local/lib/python3.10/site-packages/airflow/example_dags/plugins/listener_plugin.py
[2025-08-14T11:00:51.600+0000] {processor.py:826} INFO - Processing file /home/vscode/.local/lib/python3.10/site-packages/airflow/example_dags/plugins/listener_plugin.py for tasks to queue
[2025-08-14T11:00:51.600+0000] {logging_mixin.py:150} INFO - [2025-08-14T11:00:51.600+0000] {dagbag.py:541} INFO - Filling up the DagBag from /home/vscode/.local/lib/python3.10/site-packages/airflow/example_dags/plugins/listener_plugin.py
[2025-08-14T11:00:51.602+0000] {processor.py:838} WARNING - No viable dags retrieved from /home/vscode/.local/lib/python3.10/site-packages/airflow/example_dags/plugins/listener_plugin.py
[2025-08-14T11:00:51.609+0000] {processor.py:179} INFO - Processing /home/vscode/.local/lib/python3.10/site-packages/airflow/example_dags/plugins/listener_plugin.py took 0.012 seconds
[2025-08-14T11:01:24.275+0000] {processor.py:157} INFO - Started process (PID=41076) to work on /home/vscode/.local/lib/python3.10/site-packages/airflow/example_dags/plugins/listener_plugin.py
[2025-08-14T11:01:24.275+0000] {processor.py:826} INFO - Processing file /home/vscode/.local/lib/python3.10/site-packages/airflow/example_dags/plugins/listener_plugin.py for tasks to queue
[2025-08-14T11:01:24.276+0000] {logging_mixin.py:150} INFO - [2025-08-14T11:01:24.276+0000] {dagbag.py:541} INFO - Filling up the DagBag from /home/vscode/.local/lib/python3.10/site-packages/airflow/example_dags/plugins/listener_plugin.py
[2025-08-14T11:01:24.278+0000] {processor.py:838} WARNING - No viable dags retrieved from /home/vscode/.local/lib/python3.10/site-packages/airflow/example_dags/plugins/listener_plugin.py
[2025-08-14T11:01:24.285+0000] {processor.py:179} INFO - Processing /home/vscode/.local/lib/python3.10/site-packages/airflow/example_dags/plugins/listener_plugin.py took 0.013 seconds
[2025-08-14T11:01:58.286+0000] {processor.py:157} INFO - Started process (PID=41398) to work on /home/vscode/.local/lib/python3.10/site-packages/airflow/example_dags/plugins/listener_plugin.py
[2025-08-14T11:01:58.286+0000] {processor.py:826} INFO - Processing file /home/vscode/.local/lib/python3.10/site-packages/airflow/example_dags/plugins/listener_plugin.py for tasks to queue
[2025-08-14T11:01:58.287+0000] {logging_mixin.py:150} INFO - [2025-08-14T11:01:58.287+0000] {dagbag.py:541} INFO - Filling up the DagBag from /home/vscode/.local/lib/python3.10/site-packages/airflow/example_dags/plugins/listener_plugin.py
[2025-08-14T11:01:58.289+0000] {processor.py:838} WARNING - No viable dags retrieved from /home/vscode/.local/lib/python3.10/site-packages/airflow/example_dags/plugins/listener_plugin.py
[2025-08-14T11:01:58.296+0000] {processor.py:179} INFO - Processing /home/vscode/.local/lib/python3.10/site-packages/airflow/example_dags/plugins/listener_plugin.py took 0.012 seconds
[2025-08-14T11:02:45.256+0000] {processor.py:157} INFO - Started process (PID=41852) to work on /home/vscode/.local/lib/python3.10/site-packages/airflow/example_dags/plugins/listener_plugin.py
[2025-08-14T11:02:45.257+0000] {processor.py:826} INFO - Processing file /home/vscode/.local/lib/python3.10/site-packages/airflow/example_dags/plugins/listener_plugin.py for tasks to queue
[2025-08-14T11:02:45.257+0000] {logging_mixin.py:150} INFO - [2025-08-14T11:02:45.257+0000] {dagbag.py:541} INFO - Filling up the DagBag from /home/vscode/.local/lib/python3.10/site-packages/airflow/example_dags/plugins/listener_plugin.py
[2025-08-14T11:02:45.260+0000] {processor.py:838} WARNING - No viable dags retrieved from /home/vscode/.local/lib/python3.10/site-packages/airflow/example_dags/plugins/listener_plugin.py
[2025-08-14T11:02:45.267+0000] {processor.py:179} INFO - Processing /home/vscode/.local/lib/python3.10/site-packages/airflow/example_dags/plugins/listener_plugin.py took 0.014 seconds
[2025-08-14T11:03:31.724+0000] {processor.py:157} INFO - Started process (PID=42290) to work on /home/vscode/.local/lib/python3.10/site-packages/airflow/example_dags/plugins/listener_plugin.py
[2025-08-14T11:03:31.725+0000] {processor.py:826} INFO - Processing file /home/vscode/.local/lib/python3.10/site-packages/airflow/example_dags/plugins/listener_plugin.py for tasks to queue
[2025-08-14T11:03:31.726+0000] {logging_mixin.py:150} INFO - [2025-08-14T11:03:31.725+0000] {dagbag.py:541} INFO - Filling up the DagBag from /home/vscode/.local/lib/python3.10/site-packages/airflow/example_dags/plugins/listener_plugin.py
[2025-08-14T11:03:31.728+0000] {processor.py:838} WARNING - No viable dags retrieved from /home/vscode/.local/lib/python3.10/site-packages/airflow/example_dags/plugins/listener_plugin.py
[2025-08-14T11:03:31.735+0000] {processor.py:179} INFO - Processing /home/vscode/.local/lib/python3.10/site-packages/airflow/example_dags/plugins/listener_plugin.py took 0.013 seconds
[2025-08-14T11:04:15.718+0000] {processor.py:157} INFO - Started process (PID=42716) to work on /home/vscode/.local/lib/python3.10/site-packages/airflow/example_dags/plugins/listener_plugin.py
[2025-08-14T11:04:15.719+0000] {processor.py:826} INFO - Processing file /home/vscode/.local/lib/python3.10/site-packages/airflow/example_dags/plugins/listener_plugin.py for tasks to queue
[2025-08-14T11:04:15.720+0000] {logging_mixin.py:150} INFO - [2025-08-14T11:04:15.719+0000] {dagbag.py:541} INFO - Filling up the DagBag from /home/vscode/.local/lib/python3.10/site-packages/airflow/example_dags/plugins/listener_plugin.py
[2025-08-14T11:04:15.722+0000] {processor.py:838} WARNING - No viable dags retrieved from /home/vscode/.local/lib/python3.10/site-packages/airflow/example_dags/plugins/listener_plugin.py
[2025-08-14T11:04:15.729+0000] {processor.py:179} INFO - Processing /home/vscode/.local/lib/python3.10/site-packages/airflow/example_dags/plugins/listener_plugin.py took 0.013 seconds
[2025-08-14T11:04:51.275+0000] {processor.py:157} INFO - Started process (PID=43051) to work on /home/vscode/.local/lib/python3.10/site-packages/airflow/example_dags/plugins/listener_plugin.py
[2025-08-14T11:04:51.276+0000] {processor.py:826} INFO - Processing file /home/vscode/.local/lib/python3.10/site-packages/airflow/example_dags/plugins/listener_plugin.py for tasks to queue
[2025-08-14T11:04:51.277+0000] {logging_mixin.py:150} INFO - [2025-08-14T11:04:51.276+0000] {dagbag.py:541} INFO - Filling up the DagBag from /home/vscode/.local/lib/python3.10/site-packages/airflow/example_dags/plugins/listener_plugin.py
[2025-08-14T11:04:51.279+0000] {processor.py:838} WARNING - No viable dags retrieved from /home/vscode/.local/lib/python3.10/site-packages/airflow/example_dags/plugins/listener_plugin.py
[2025-08-14T11:04:51.286+0000] {processor.py:179} INFO - Processing /home/vscode/.local/lib/python3.10/site-packages/airflow/example_dags/plugins/listener_plugin.py took 0.013 seconds
[2025-08-14T11:05:24.651+0000] {processor.py:157} INFO - Started process (PID=43377) to work on /home/vscode/.local/lib/python3.10/site-packages/airflow/example_dags/plugins/listener_plugin.py
[2025-08-14T11:05:24.652+0000] {processor.py:826} INFO - Processing file /home/vscode/.local/lib/python3.10/site-packages/airflow/example_dags/plugins/listener_plugin.py for tasks to queue
[2025-08-14T11:05:24.654+0000] {logging_mixin.py:150} INFO - [2025-08-14T11:05:24.653+0000] {dagbag.py:541} INFO - Filling up the DagBag from /home/vscode/.local/lib/python3.10/site-packages/airflow/example_dags/plugins/listener_plugin.py
[2025-08-14T11:05:24.656+0000] {processor.py:838} WARNING - No viable dags retrieved from /home/vscode/.local/lib/python3.10/site-packages/airflow/example_dags/plugins/listener_plugin.py
[2025-08-14T11:05:24.665+0000] {processor.py:179} INFO - Processing /home/vscode/.local/lib/python3.10/site-packages/airflow/example_dags/plugins/listener_plugin.py took 0.017 seconds
[2025-08-14T11:06:04.628+0000] {processor.py:157} INFO - Started process (PID=43756) to work on /home/vscode/.local/lib/python3.10/site-packages/airflow/example_dags/plugins/listener_plugin.py
[2025-08-14T11:06:04.628+0000] {processor.py:826} INFO - Processing file /home/vscode/.local/lib/python3.10/site-packages/airflow/example_dags/plugins/listener_plugin.py for tasks to queue
[2025-08-14T11:06:04.629+0000] {logging_mixin.py:150} INFO - [2025-08-14T11:06:04.629+0000] {dagbag.py:541} INFO - Filling up the DagBag from /home/vscode/.local/lib/python3.10/site-packages/airflow/example_dags/plugins/listener_plugin.py
[2025-08-14T11:06:04.631+0000] {processor.py:838} WARNING - No viable dags retrieved from /home/vscode/.local/lib/python3.10/site-packages/airflow/example_dags/plugins/listener_plugin.py
[2025-08-14T11:06:04.638+0000] {processor.py:179} INFO - Processing /home/vscode/.local/lib/python3.10/site-packages/airflow/example_dags/plugins/listener_plugin.py took 0.012 seconds
[2025-08-14T11:06:51.996+0000] {processor.py:157} INFO - Started process (PID=44208) to work on /home/vscode/.local/lib/python3.10/site-packages/airflow/example_dags/plugins/listener_plugin.py
[2025-08-14T11:06:51.997+0000] {processor.py:826} INFO - Processing file /home/vscode/.local/lib/python3.10/site-packages/airflow/example_dags/plugins/listener_plugin.py for tasks to queue
[2025-08-14T11:06:51.998+0000] {logging_mixin.py:150} INFO - [2025-08-14T11:06:51.997+0000] {dagbag.py:541} INFO - Filling up the DagBag from /home/vscode/.local/lib/python3.10/site-packages/airflow/example_dags/plugins/listener_plugin.py
[2025-08-14T11:06:52.000+0000] {processor.py:838} WARNING - No viable dags retrieved from /home/vscode/.local/lib/python3.10/site-packages/airflow/example_dags/plugins/listener_plugin.py
[2025-08-14T11:06:52.007+0000] {processor.py:179} INFO - Processing /home/vscode/.local/lib/python3.10/site-packages/airflow/example_dags/plugins/listener_plugin.py took 0.013 seconds
[2025-08-14T11:07:38.342+0000] {processor.py:157} INFO - Started process (PID=44661) to work on /home/vscode/.local/lib/python3.10/site-packages/airflow/example_dags/plugins/listener_plugin.py
[2025-08-14T11:07:38.343+0000] {processor.py:826} INFO - Processing file /home/vscode/.local/lib/python3.10/site-packages/airflow/example_dags/plugins/listener_plugin.py for tasks to queue
[2025-08-14T11:07:38.343+0000] {logging_mixin.py:150} INFO - [2025-08-14T11:07:38.343+0000] {dagbag.py:541} INFO - Filling up the DagBag from /home/vscode/.local/lib/python3.10/site-packages/airflow/example_dags/plugins/listener_plugin.py
[2025-08-14T11:07:38.346+0000] {processor.py:838} WARNING - No viable dags retrieved from /home/vscode/.local/lib/python3.10/site-packages/airflow/example_dags/plugins/listener_plugin.py
[2025-08-14T11:07:38.353+0000] {processor.py:179} INFO - Processing /home/vscode/.local/lib/python3.10/site-packages/airflow/example_dags/plugins/listener_plugin.py took 0.013 seconds
[2025-08-14T11:08:21.905+0000] {processor.py:157} INFO - Started process (PID=45075) to work on /home/vscode/.local/lib/python3.10/site-packages/airflow/example_dags/plugins/listener_plugin.py
[2025-08-14T11:08:21.906+0000] {processor.py:826} INFO - Processing file /home/vscode/.local/lib/python3.10/site-packages/airflow/example_dags/plugins/listener_plugin.py for tasks to queue
[2025-08-14T11:08:21.906+0000] {logging_mixin.py:150} INFO - [2025-08-14T11:08:21.906+0000] {dagbag.py:541} INFO - Filling up the DagBag from /home/vscode/.local/lib/python3.10/site-packages/airflow/example_dags/plugins/listener_plugin.py
[2025-08-14T11:08:21.910+0000] {processor.py:838} WARNING - No viable dags retrieved from /home/vscode/.local/lib/python3.10/site-packages/airflow/example_dags/plugins/listener_plugin.py
[2025-08-14T11:08:21.920+0000] {processor.py:179} INFO - Processing /home/vscode/.local/lib/python3.10/site-packages/airflow/example_dags/plugins/listener_plugin.py took 0.024 seconds
[2025-08-14T11:09:07.884+0000] {processor.py:157} INFO - Started process (PID=45510) to work on /home/vscode/.local/lib/python3.10/site-packages/airflow/example_dags/plugins/listener_plugin.py
[2025-08-14T11:09:07.885+0000] {processor.py:826} INFO - Processing file /home/vscode/.local/lib/python3.10/site-packages/airflow/example_dags/plugins/listener_plugin.py for tasks to queue
[2025-08-14T11:09:07.886+0000] {logging_mixin.py:150} INFO - [2025-08-14T11:09:07.885+0000] {dagbag.py:541} INFO - Filling up the DagBag from /home/vscode/.local/lib/python3.10/site-packages/airflow/example_dags/plugins/listener_plugin.py
[2025-08-14T11:09:07.888+0000] {processor.py:838} WARNING - No viable dags retrieved from /home/vscode/.local/lib/python3.10/site-packages/airflow/example_dags/plugins/listener_plugin.py
[2025-08-14T11:09:07.895+0000] {processor.py:179} INFO - Processing /home/vscode/.local/lib/python3.10/site-packages/airflow/example_dags/plugins/listener_plugin.py took 0.013 seconds
[2025-08-14T11:09:42.791+0000] {processor.py:157} INFO - Started process (PID=45835) to work on /home/vscode/.local/lib/python3.10/site-packages/airflow/example_dags/plugins/listener_plugin.py
[2025-08-14T11:09:42.791+0000] {processor.py:826} INFO - Processing file /home/vscode/.local/lib/python3.10/site-packages/airflow/example_dags/plugins/listener_plugin.py for tasks to queue
[2025-08-14T11:09:42.792+0000] {logging_mixin.py:150} INFO - [2025-08-14T11:09:42.792+0000] {dagbag.py:541} INFO - Filling up the DagBag from /home/vscode/.local/lib/python3.10/site-packages/airflow/example_dags/plugins/listener_plugin.py
[2025-08-14T11:09:42.794+0000] {processor.py:838} WARNING - No viable dags retrieved from /home/vscode/.local/lib/python3.10/site-packages/airflow/example_dags/plugins/listener_plugin.py
[2025-08-14T11:09:42.801+0000] {processor.py:179} INFO - Processing /home/vscode/.local/lib/python3.10/site-packages/airflow/example_dags/plugins/listener_plugin.py took 0.012 seconds
[2025-08-14T11:10:17.610+0000] {processor.py:157} INFO - Started process (PID=46176) to work on /home/vscode/.local/lib/python3.10/site-packages/airflow/example_dags/plugins/listener_plugin.py
[2025-08-14T11:10:17.611+0000] {processor.py:826} INFO - Processing file /home/vscode/.local/lib/python3.10/site-packages/airflow/example_dags/plugins/listener_plugin.py for tasks to queue
[2025-08-14T11:10:17.612+0000] {logging_mixin.py:150} INFO - [2025-08-14T11:10:17.611+0000] {dagbag.py:541} INFO - Filling up the DagBag from /home/vscode/.local/lib/python3.10/site-packages/airflow/example_dags/plugins/listener_plugin.py
[2025-08-14T11:10:17.614+0000] {processor.py:838} WARNING - No viable dags retrieved from /home/vscode/.local/lib/python3.10/site-packages/airflow/example_dags/plugins/listener_plugin.py
[2025-08-14T11:10:17.620+0000] {processor.py:179} INFO - Processing /home/vscode/.local/lib/python3.10/site-packages/airflow/example_dags/plugins/listener_plugin.py took 0.012 seconds
[2025-08-14T11:10:50.890+0000] {processor.py:157} INFO - Started process (PID=46489) to work on /home/vscode/.local/lib/python3.10/site-packages/airflow/example_dags/plugins/listener_plugin.py
[2025-08-14T11:10:50.891+0000] {processor.py:826} INFO - Processing file /home/vscode/.local/lib/python3.10/site-packages/airflow/example_dags/plugins/listener_plugin.py for tasks to queue
[2025-08-14T11:10:50.891+0000] {logging_mixin.py:150} INFO - [2025-08-14T11:10:50.891+0000] {dagbag.py:541} INFO - Filling up the DagBag from /home/vscode/.local/lib/python3.10/site-packages/airflow/example_dags/plugins/listener_plugin.py
[2025-08-14T11:10:50.893+0000] {processor.py:838} WARNING - No viable dags retrieved from /home/vscode/.local/lib/python3.10/site-packages/airflow/example_dags/plugins/listener_plugin.py
[2025-08-14T11:10:50.900+0000] {processor.py:179} INFO - Processing /home/vscode/.local/lib/python3.10/site-packages/airflow/example_dags/plugins/listener_plugin.py took 0.012 seconds
[2025-08-14T11:11:31.616+0000] {processor.py:157} INFO - Started process (PID=46880) to work on /home/vscode/.local/lib/python3.10/site-packages/airflow/example_dags/plugins/listener_plugin.py
[2025-08-14T11:11:31.617+0000] {processor.py:826} INFO - Processing file /home/vscode/.local/lib/python3.10/site-packages/airflow/example_dags/plugins/listener_plugin.py for tasks to queue
[2025-08-14T11:11:31.617+0000] {logging_mixin.py:150} INFO - [2025-08-14T11:11:31.617+0000] {dagbag.py:541} INFO - Filling up the DagBag from /home/vscode/.local/lib/python3.10/site-packages/airflow/example_dags/plugins/listener_plugin.py
[2025-08-14T11:11:31.619+0000] {processor.py:838} WARNING - No viable dags retrieved from /home/vscode/.local/lib/python3.10/site-packages/airflow/example_dags/plugins/listener_plugin.py
[2025-08-14T11:11:31.626+0000] {processor.py:179} INFO - Processing /home/vscode/.local/lib/python3.10/site-packages/airflow/example_dags/plugins/listener_plugin.py took 0.012 seconds
[2025-08-14T11:12:12.643+0000] {processor.py:157} INFO - Started process (PID=47279) to work on /home/vscode/.local/lib/python3.10/site-packages/airflow/example_dags/plugins/listener_plugin.py
[2025-08-14T11:12:12.644+0000] {processor.py:826} INFO - Processing file /home/vscode/.local/lib/python3.10/site-packages/airflow/example_dags/plugins/listener_plugin.py for tasks to queue
[2025-08-14T11:12:12.644+0000] {logging_mixin.py:150} INFO - [2025-08-14T11:12:12.644+0000] {dagbag.py:541} INFO - Filling up the DagBag from /home/vscode/.local/lib/python3.10/site-packages/airflow/example_dags/plugins/listener_plugin.py
[2025-08-14T11:12:12.646+0000] {processor.py:838} WARNING - No viable dags retrieved from /home/vscode/.local/lib/python3.10/site-packages/airflow/example_dags/plugins/listener_plugin.py
[2025-08-14T11:12:12.653+0000] {processor.py:179} INFO - Processing /home/vscode/.local/lib/python3.10/site-packages/airflow/example_dags/plugins/listener_plugin.py took 0.012 seconds
[2025-08-14T11:12:44.324+0000] {processor.py:157} INFO - Started process (PID=47582) to work on /home/vscode/.local/lib/python3.10/site-packages/airflow/example_dags/plugins/listener_plugin.py
[2025-08-14T11:12:44.325+0000] {processor.py:826} INFO - Processing file /home/vscode/.local/lib/python3.10/site-packages/airflow/example_dags/plugins/listener_plugin.py for tasks to queue
[2025-08-14T11:12:44.325+0000] {logging_mixin.py:150} INFO - [2025-08-14T11:12:44.325+0000] {dagbag.py:541} INFO - Filling up the DagBag from /home/vscode/.local/lib/python3.10/site-packages/airflow/example_dags/plugins/listener_plugin.py
[2025-08-14T11:12:44.328+0000] {processor.py:838} WARNING - No viable dags retrieved from /home/vscode/.local/lib/python3.10/site-packages/airflow/example_dags/plugins/listener_plugin.py
[2025-08-14T11:12:44.335+0000] {processor.py:179} INFO - Processing /home/vscode/.local/lib/python3.10/site-packages/airflow/example_dags/plugins/listener_plugin.py took 0.013 seconds
[2025-08-14T11:13:17.483+0000] {processor.py:157} INFO - Started process (PID=47901) to work on /home/vscode/.local/lib/python3.10/site-packages/airflow/example_dags/plugins/listener_plugin.py
[2025-08-14T11:13:17.483+0000] {processor.py:826} INFO - Processing file /home/vscode/.local/lib/python3.10/site-packages/airflow/example_dags/plugins/listener_plugin.py for tasks to queue
[2025-08-14T11:13:17.484+0000] {logging_mixin.py:150} INFO - [2025-08-14T11:13:17.484+0000] {dagbag.py:541} INFO - Filling up the DagBag from /home/vscode/.local/lib/python3.10/site-packages/airflow/example_dags/plugins/listener_plugin.py
[2025-08-14T11:13:17.487+0000] {processor.py:838} WARNING - No viable dags retrieved from /home/vscode/.local/lib/python3.10/site-packages/airflow/example_dags/plugins/listener_plugin.py
[2025-08-14T11:13:17.500+0000] {processor.py:179} INFO - Processing /home/vscode/.local/lib/python3.10/site-packages/airflow/example_dags/plugins/listener_plugin.py took 0.021 seconds
[2025-08-14T11:13:51.282+0000] {processor.py:157} INFO - Started process (PID=48219) to work on /home/vscode/.local/lib/python3.10/site-packages/airflow/example_dags/plugins/listener_plugin.py
[2025-08-14T11:13:51.283+0000] {processor.py:826} INFO - Processing file /home/vscode/.local/lib/python3.10/site-packages/airflow/example_dags/plugins/listener_plugin.py for tasks to queue
[2025-08-14T11:13:51.283+0000] {logging_mixin.py:150} INFO - [2025-08-14T11:13:51.283+0000] {dagbag.py:541} INFO - Filling up the DagBag from /home/vscode/.local/lib/python3.10/site-packages/airflow/example_dags/plugins/listener_plugin.py
[2025-08-14T11:13:51.285+0000] {processor.py:838} WARNING - No viable dags retrieved from /home/vscode/.local/lib/python3.10/site-packages/airflow/example_dags/plugins/listener_plugin.py
[2025-08-14T11:13:51.292+0000] {processor.py:179} INFO - Processing /home/vscode/.local/lib/python3.10/site-packages/airflow/example_dags/plugins/listener_plugin.py took 0.013 seconds
[2025-08-14T11:14:35.672+0000] {processor.py:157} INFO - Started process (PID=48641) to work on /home/vscode/.local/lib/python3.10/site-packages/airflow/example_dags/plugins/listener_plugin.py
[2025-08-14T11:14:35.672+0000] {processor.py:826} INFO - Processing file /home/vscode/.local/lib/python3.10/site-packages/airflow/example_dags/plugins/listener_plugin.py for tasks to queue
[2025-08-14T11:14:35.673+0000] {logging_mixin.py:150} INFO - [2025-08-14T11:14:35.673+0000] {dagbag.py:541} INFO - Filling up the DagBag from /home/vscode/.local/lib/python3.10/site-packages/airflow/example_dags/plugins/listener_plugin.py
[2025-08-14T11:14:35.676+0000] {processor.py:838} WARNING - No viable dags retrieved from /home/vscode/.local/lib/python3.10/site-packages/airflow/example_dags/plugins/listener_plugin.py
[2025-08-14T11:14:35.686+0000] {processor.py:179} INFO - Processing /home/vscode/.local/lib/python3.10/site-packages/airflow/example_dags/plugins/listener_plugin.py took 0.017 seconds
[2025-08-14T11:15:09.515+0000] {processor.py:157} INFO - Started process (PID=48971) to work on /home/vscode/.local/lib/python3.10/site-packages/airflow/example_dags/plugins/listener_plugin.py
[2025-08-14T11:15:09.516+0000] {processor.py:826} INFO - Processing file /home/vscode/.local/lib/python3.10/site-packages/airflow/example_dags/plugins/listener_plugin.py for tasks to queue
[2025-08-14T11:15:09.516+0000] {logging_mixin.py:150} INFO - [2025-08-14T11:15:09.516+0000] {dagbag.py:541} INFO - Filling up the DagBag from /home/vscode/.local/lib/python3.10/site-packages/airflow/example_dags/plugins/listener_plugin.py
[2025-08-14T11:15:09.519+0000] {processor.py:838} WARNING - No viable dags retrieved from /home/vscode/.local/lib/python3.10/site-packages/airflow/example_dags/plugins/listener_plugin.py
[2025-08-14T11:15:09.525+0000] {processor.py:179} INFO - Processing /home/vscode/.local/lib/python3.10/site-packages/airflow/example_dags/plugins/listener_plugin.py took 0.012 seconds
[2025-08-14T11:15:42.951+0000] {processor.py:157} INFO - Started process (PID=49286) to work on /home/vscode/.local/lib/python3.10/site-packages/airflow/example_dags/plugins/listener_plugin.py
[2025-08-14T11:15:42.952+0000] {processor.py:826} INFO - Processing file /home/vscode/.local/lib/python3.10/site-packages/airflow/example_dags/plugins/listener_plugin.py for tasks to queue
[2025-08-14T11:15:42.953+0000] {logging_mixin.py:150} INFO - [2025-08-14T11:15:42.952+0000] {dagbag.py:541} INFO - Filling up the DagBag from /home/vscode/.local/lib/python3.10/site-packages/airflow/example_dags/plugins/listener_plugin.py
[2025-08-14T11:15:42.955+0000] {processor.py:838} WARNING - No viable dags retrieved from /home/vscode/.local/lib/python3.10/site-packages/airflow/example_dags/plugins/listener_plugin.py
[2025-08-14T11:15:42.962+0000] {processor.py:179} INFO - Processing /home/vscode/.local/lib/python3.10/site-packages/airflow/example_dags/plugins/listener_plugin.py took 0.013 seconds
[2025-08-14T11:16:14.575+0000] {processor.py:157} INFO - Started process (PID=49595) to work on /home/vscode/.local/lib/python3.10/site-packages/airflow/example_dags/plugins/listener_plugin.py
[2025-08-14T11:16:14.576+0000] {processor.py:826} INFO - Processing file /home/vscode/.local/lib/python3.10/site-packages/airflow/example_dags/plugins/listener_plugin.py for tasks to queue
[2025-08-14T11:16:14.577+0000] {logging_mixin.py:150} INFO - [2025-08-14T11:16:14.576+0000] {dagbag.py:541} INFO - Filling up the DagBag from /home/vscode/.local/lib/python3.10/site-packages/airflow/example_dags/plugins/listener_plugin.py
[2025-08-14T11:16:14.580+0000] {processor.py:838} WARNING - No viable dags retrieved from /home/vscode/.local/lib/python3.10/site-packages/airflow/example_dags/plugins/listener_plugin.py
[2025-08-14T11:16:14.590+0000] {processor.py:179} INFO - Processing /home/vscode/.local/lib/python3.10/site-packages/airflow/example_dags/plugins/listener_plugin.py took 0.018 seconds
[2025-08-14T11:16:46.001+0000] {processor.py:157} INFO - Started process (PID=49888) to work on /home/vscode/.local/lib/python3.10/site-packages/airflow/example_dags/plugins/listener_plugin.py
[2025-08-14T11:16:46.002+0000] {processor.py:826} INFO - Processing file /home/vscode/.local/lib/python3.10/site-packages/airflow/example_dags/plugins/listener_plugin.py for tasks to queue
[2025-08-14T11:16:46.003+0000] {logging_mixin.py:150} INFO - [2025-08-14T11:16:46.002+0000] {dagbag.py:541} INFO - Filling up the DagBag from /home/vscode/.local/lib/python3.10/site-packages/airflow/example_dags/plugins/listener_plugin.py
[2025-08-14T11:16:46.005+0000] {processor.py:838} WARNING - No viable dags retrieved from /home/vscode/.local/lib/python3.10/site-packages/airflow/example_dags/plugins/listener_plugin.py
[2025-08-14T11:16:46.011+0000] {processor.py:179} INFO - Processing /home/vscode/.local/lib/python3.10/site-packages/airflow/example_dags/plugins/listener_plugin.py took 0.012 seconds
[2025-08-14T11:17:27.118+0000] {processor.py:157} INFO - Started process (PID=50286) to work on /home/vscode/.local/lib/python3.10/site-packages/airflow/example_dags/plugins/listener_plugin.py
[2025-08-14T11:17:27.118+0000] {processor.py:826} INFO - Processing file /home/vscode/.local/lib/python3.10/site-packages/airflow/example_dags/plugins/listener_plugin.py for tasks to queue
[2025-08-14T11:17:27.119+0000] {logging_mixin.py:150} INFO - [2025-08-14T11:17:27.119+0000] {dagbag.py:541} INFO - Filling up the DagBag from /home/vscode/.local/lib/python3.10/site-packages/airflow/example_dags/plugins/listener_plugin.py
[2025-08-14T11:17:27.122+0000] {processor.py:838} WARNING - No viable dags retrieved from /home/vscode/.local/lib/python3.10/site-packages/airflow/example_dags/plugins/listener_plugin.py
[2025-08-14T11:17:27.131+0000] {processor.py:179} INFO - Processing /home/vscode/.local/lib/python3.10/site-packages/airflow/example_dags/plugins/listener_plugin.py took 0.016 seconds
[2025-08-14T11:18:14.533+0000] {processor.py:157} INFO - Started process (PID=50740) to work on /home/vscode/.local/lib/python3.10/site-packages/airflow/example_dags/plugins/listener_plugin.py
[2025-08-14T11:18:14.534+0000] {processor.py:826} INFO - Processing file /home/vscode/.local/lib/python3.10/site-packages/airflow/example_dags/plugins/listener_plugin.py for tasks to queue
[2025-08-14T11:18:14.535+0000] {logging_mixin.py:150} INFO - [2025-08-14T11:18:14.534+0000] {dagbag.py:541} INFO - Filling up the DagBag from /home/vscode/.local/lib/python3.10/site-packages/airflow/example_dags/plugins/listener_plugin.py
[2025-08-14T11:18:14.537+0000] {processor.py:838} WARNING - No viable dags retrieved from /home/vscode/.local/lib/python3.10/site-packages/airflow/example_dags/plugins/listener_plugin.py
[2025-08-14T11:18:14.544+0000] {processor.py:179} INFO - Processing /home/vscode/.local/lib/python3.10/site-packages/airflow/example_dags/plugins/listener_plugin.py took 0.014 seconds
[2025-08-14T11:18:56.767+0000] {processor.py:157} INFO - Started process (PID=51142) to work on /home/vscode/.local/lib/python3.10/site-packages/airflow/example_dags/plugins/listener_plugin.py
[2025-08-14T11:18:56.768+0000] {processor.py:826} INFO - Processing file /home/vscode/.local/lib/python3.10/site-packages/airflow/example_dags/plugins/listener_plugin.py for tasks to queue
[2025-08-14T11:18:56.768+0000] {logging_mixin.py:150} INFO - [2025-08-14T11:18:56.768+0000] {dagbag.py:541} INFO - Filling up the DagBag from /home/vscode/.local/lib/python3.10/site-packages/airflow/example_dags/plugins/listener_plugin.py
[2025-08-14T11:18:56.770+0000] {processor.py:838} WARNING - No viable dags retrieved from /home/vscode/.local/lib/python3.10/site-packages/airflow/example_dags/plugins/listener_plugin.py
[2025-08-14T11:18:56.778+0000] {processor.py:179} INFO - Processing /home/vscode/.local/lib/python3.10/site-packages/airflow/example_dags/plugins/listener_plugin.py took 0.013 seconds
[2025-08-14T11:19:45.270+0000] {processor.py:157} INFO - Started process (PID=51601) to work on /home/vscode/.local/lib/python3.10/site-packages/airflow/example_dags/plugins/listener_plugin.py
[2025-08-14T11:19:45.270+0000] {processor.py:826} INFO - Processing file /home/vscode/.local/lib/python3.10/site-packages/airflow/example_dags/plugins/listener_plugin.py for tasks to queue
[2025-08-14T11:19:45.271+0000] {logging_mixin.py:150} INFO - [2025-08-14T11:19:45.271+0000] {dagbag.py:541} INFO - Filling up the DagBag from /home/vscode/.local/lib/python3.10/site-packages/airflow/example_dags/plugins/listener_plugin.py
[2025-08-14T11:19:45.273+0000] {processor.py:838} WARNING - No viable dags retrieved from /home/vscode/.local/lib/python3.10/site-packages/airflow/example_dags/plugins/listener_plugin.py
[2025-08-14T11:19:45.280+0000] {processor.py:179} INFO - Processing /home/vscode/.local/lib/python3.10/site-packages/airflow/example_dags/plugins/listener_plugin.py took 0.012 seconds
[2025-08-14T11:20:17.660+0000] {processor.py:157} INFO - Started process (PID=51913) to work on /home/vscode/.local/lib/python3.10/site-packages/airflow/example_dags/plugins/listener_plugin.py
[2025-08-14T11:20:17.661+0000] {processor.py:826} INFO - Processing file /home/vscode/.local/lib/python3.10/site-packages/airflow/example_dags/plugins/listener_plugin.py for tasks to queue
[2025-08-14T11:20:17.661+0000] {logging_mixin.py:150} INFO - [2025-08-14T11:20:17.661+0000] {dagbag.py:541} INFO - Filling up the DagBag from /home/vscode/.local/lib/python3.10/site-packages/airflow/example_dags/plugins/listener_plugin.py
[2025-08-14T11:20:17.664+0000] {processor.py:838} WARNING - No viable dags retrieved from /home/vscode/.local/lib/python3.10/site-packages/airflow/example_dags/plugins/listener_plugin.py
[2025-08-14T11:20:17.671+0000] {processor.py:179} INFO - Processing /home/vscode/.local/lib/python3.10/site-packages/airflow/example_dags/plugins/listener_plugin.py took 0.013 seconds
[2025-08-14T11:21:01.887+0000] {processor.py:157} INFO - Started process (PID=52333) to work on /home/vscode/.local/lib/python3.10/site-packages/airflow/example_dags/plugins/listener_plugin.py
[2025-08-14T11:21:01.887+0000] {processor.py:826} INFO - Processing file /home/vscode/.local/lib/python3.10/site-packages/airflow/example_dags/plugins/listener_plugin.py for tasks to queue
[2025-08-14T11:21:01.888+0000] {logging_mixin.py:150} INFO - [2025-08-14T11:21:01.888+0000] {dagbag.py:541} INFO - Filling up the DagBag from /home/vscode/.local/lib/python3.10/site-packages/airflow/example_dags/plugins/listener_plugin.py
[2025-08-14T11:21:01.890+0000] {processor.py:838} WARNING - No viable dags retrieved from /home/vscode/.local/lib/python3.10/site-packages/airflow/example_dags/plugins/listener_plugin.py
[2025-08-14T11:21:01.897+0000] {processor.py:179} INFO - Processing /home/vscode/.local/lib/python3.10/site-packages/airflow/example_dags/plugins/listener_plugin.py took 0.012 seconds
[2025-08-14T11:21:34.654+0000] {processor.py:157} INFO - Started process (PID=52645) to work on /home/vscode/.local/lib/python3.10/site-packages/airflow/example_dags/plugins/listener_plugin.py
[2025-08-14T11:21:34.655+0000] {processor.py:826} INFO - Processing file /home/vscode/.local/lib/python3.10/site-packages/airflow/example_dags/plugins/listener_plugin.py for tasks to queue
[2025-08-14T11:21:34.655+0000] {logging_mixin.py:150} INFO - [2025-08-14T11:21:34.655+0000] {dagbag.py:541} INFO - Filling up the DagBag from /home/vscode/.local/lib/python3.10/site-packages/airflow/example_dags/plugins/listener_plugin.py
[2025-08-14T11:21:34.657+0000] {processor.py:838} WARNING - No viable dags retrieved from /home/vscode/.local/lib/python3.10/site-packages/airflow/example_dags/plugins/listener_plugin.py
[2025-08-14T11:21:34.664+0000] {processor.py:179} INFO - Processing /home/vscode/.local/lib/python3.10/site-packages/airflow/example_dags/plugins/listener_plugin.py took 0.012 seconds
[2025-08-14T11:22:19.769+0000] {processor.py:157} INFO - Started process (PID=53086) to work on /home/vscode/.local/lib/python3.10/site-packages/airflow/example_dags/plugins/listener_plugin.py
[2025-08-14T11:22:19.770+0000] {processor.py:826} INFO - Processing file /home/vscode/.local/lib/python3.10/site-packages/airflow/example_dags/plugins/listener_plugin.py for tasks to queue
[2025-08-14T11:22:19.771+0000] {logging_mixin.py:150} INFO - [2025-08-14T11:22:19.770+0000] {dagbag.py:541} INFO - Filling up the DagBag from /home/vscode/.local/lib/python3.10/site-packages/airflow/example_dags/plugins/listener_plugin.py
[2025-08-14T11:22:19.773+0000] {processor.py:838} WARNING - No viable dags retrieved from /home/vscode/.local/lib/python3.10/site-packages/airflow/example_dags/plugins/listener_plugin.py
[2025-08-14T11:22:19.780+0000] {processor.py:179} INFO - Processing /home/vscode/.local/lib/python3.10/site-packages/airflow/example_dags/plugins/listener_plugin.py took 0.012 seconds
[2025-08-14T11:22:51.043+0000] {processor.py:157} INFO - Started process (PID=53378) to work on /home/vscode/.local/lib/python3.10/site-packages/airflow/example_dags/plugins/listener_plugin.py
[2025-08-14T11:22:51.044+0000] {processor.py:826} INFO - Processing file /home/vscode/.local/lib/python3.10/site-packages/airflow/example_dags/plugins/listener_plugin.py for tasks to queue
[2025-08-14T11:22:51.045+0000] {logging_mixin.py:150} INFO - [2025-08-14T11:22:51.044+0000] {dagbag.py:541} INFO - Filling up the DagBag from /home/vscode/.local/lib/python3.10/site-packages/airflow/example_dags/plugins/listener_plugin.py
[2025-08-14T11:22:51.047+0000] {processor.py:838} WARNING - No viable dags retrieved from /home/vscode/.local/lib/python3.10/site-packages/airflow/example_dags/plugins/listener_plugin.py
[2025-08-14T11:22:51.054+0000] {processor.py:179} INFO - Processing /home/vscode/.local/lib/python3.10/site-packages/airflow/example_dags/plugins/listener_plugin.py took 0.013 seconds
[2025-08-14T11:23:21.514+0000] {processor.py:157} INFO - Started process (PID=53676) to work on /home/vscode/.local/lib/python3.10/site-packages/airflow/example_dags/plugins/listener_plugin.py
[2025-08-14T11:23:21.515+0000] {processor.py:826} INFO - Processing file /home/vscode/.local/lib/python3.10/site-packages/airflow/example_dags/plugins/listener_plugin.py for tasks to queue
[2025-08-14T11:23:21.516+0000] {logging_mixin.py:150} INFO - [2025-08-14T11:23:21.515+0000] {dagbag.py:541} INFO - Filling up the DagBag from /home/vscode/.local/lib/python3.10/site-packages/airflow/example_dags/plugins/listener_plugin.py
[2025-08-14T11:23:21.518+0000] {processor.py:838} WARNING - No viable dags retrieved from /home/vscode/.local/lib/python3.10/site-packages/airflow/example_dags/plugins/listener_plugin.py
[2025-08-14T11:23:21.525+0000] {processor.py:179} INFO - Processing /home/vscode/.local/lib/python3.10/site-packages/airflow/example_dags/plugins/listener_plugin.py took 0.013 seconds
[2025-08-14T11:23:54.236+0000] {processor.py:157} INFO - Started process (PID=53987) to work on /home/vscode/.local/lib/python3.10/site-packages/airflow/example_dags/plugins/listener_plugin.py
[2025-08-14T11:23:54.236+0000] {processor.py:826} INFO - Processing file /home/vscode/.local/lib/python3.10/site-packages/airflow/example_dags/plugins/listener_plugin.py for tasks to queue
[2025-08-14T11:23:54.237+0000] {logging_mixin.py:150} INFO - [2025-08-14T11:23:54.237+0000] {dagbag.py:541} INFO - Filling up the DagBag from /home/vscode/.local/lib/python3.10/site-packages/airflow/example_dags/plugins/listener_plugin.py
[2025-08-14T11:23:54.239+0000] {processor.py:838} WARNING - No viable dags retrieved from /home/vscode/.local/lib/python3.10/site-packages/airflow/example_dags/plugins/listener_plugin.py
[2025-08-14T11:23:54.246+0000] {processor.py:179} INFO - Processing /home/vscode/.local/lib/python3.10/site-packages/airflow/example_dags/plugins/listener_plugin.py took 0.013 seconds
[2025-08-14T11:24:41.877+0000] {processor.py:157} INFO - Started process (PID=54443) to work on /home/vscode/.local/lib/python3.10/site-packages/airflow/example_dags/plugins/listener_plugin.py
[2025-08-14T11:24:41.878+0000] {processor.py:826} INFO - Processing file /home/vscode/.local/lib/python3.10/site-packages/airflow/example_dags/plugins/listener_plugin.py for tasks to queue
[2025-08-14T11:24:41.879+0000] {logging_mixin.py:150} INFO - [2025-08-14T11:24:41.878+0000] {dagbag.py:541} INFO - Filling up the DagBag from /home/vscode/.local/lib/python3.10/site-packages/airflow/example_dags/plugins/listener_plugin.py
[2025-08-14T11:24:41.881+0000] {processor.py:838} WARNING - No viable dags retrieved from /home/vscode/.local/lib/python3.10/site-packages/airflow/example_dags/plugins/listener_plugin.py
[2025-08-14T11:24:41.888+0000] {processor.py:179} INFO - Processing /home/vscode/.local/lib/python3.10/site-packages/airflow/example_dags/plugins/listener_plugin.py took 0.013 seconds
[2025-08-14T11:25:16.643+0000] {processor.py:157} INFO - Started process (PID=54771) to work on /home/vscode/.local/lib/python3.10/site-packages/airflow/example_dags/plugins/listener_plugin.py
[2025-08-14T11:25:16.643+0000] {processor.py:826} INFO - Processing file /home/vscode/.local/lib/python3.10/site-packages/airflow/example_dags/plugins/listener_plugin.py for tasks to queue
[2025-08-14T11:25:16.644+0000] {logging_mixin.py:150} INFO - [2025-08-14T11:25:16.644+0000] {dagbag.py:541} INFO - Filling up the DagBag from /home/vscode/.local/lib/python3.10/site-packages/airflow/example_dags/plugins/listener_plugin.py
[2025-08-14T11:25:16.646+0000] {processor.py:838} WARNING - No viable dags retrieved from /home/vscode/.local/lib/python3.10/site-packages/airflow/example_dags/plugins/listener_plugin.py
[2025-08-14T11:25:16.653+0000] {processor.py:179} INFO - Processing /home/vscode/.local/lib/python3.10/site-packages/airflow/example_dags/plugins/listener_plugin.py took 0.012 seconds
[2025-08-14T11:25:49.571+0000] {processor.py:157} INFO - Started process (PID=55082) to work on /home/vscode/.local/lib/python3.10/site-packages/airflow/example_dags/plugins/listener_plugin.py
[2025-08-14T11:25:49.571+0000] {processor.py:826} INFO - Processing file /home/vscode/.local/lib/python3.10/site-packages/airflow/example_dags/plugins/listener_plugin.py for tasks to queue
[2025-08-14T11:25:49.572+0000] {logging_mixin.py:150} INFO - [2025-08-14T11:25:49.572+0000] {dagbag.py:541} INFO - Filling up the DagBag from /home/vscode/.local/lib/python3.10/site-packages/airflow/example_dags/plugins/listener_plugin.py
[2025-08-14T11:25:49.574+0000] {processor.py:838} WARNING - No viable dags retrieved from /home/vscode/.local/lib/python3.10/site-packages/airflow/example_dags/plugins/listener_plugin.py
[2025-08-14T11:25:49.581+0000] {processor.py:179} INFO - Processing /home/vscode/.local/lib/python3.10/site-packages/airflow/example_dags/plugins/listener_plugin.py took 0.012 seconds
[2025-08-14T11:26:21.186+0000] {processor.py:157} INFO - Started process (PID=55387) to work on /home/vscode/.local/lib/python3.10/site-packages/airflow/example_dags/plugins/listener_plugin.py
[2025-08-14T11:26:21.187+0000] {processor.py:826} INFO - Processing file /home/vscode/.local/lib/python3.10/site-packages/airflow/example_dags/plugins/listener_plugin.py for tasks to queue
[2025-08-14T11:26:21.187+0000] {logging_mixin.py:150} INFO - [2025-08-14T11:26:21.187+0000] {dagbag.py:541} INFO - Filling up the DagBag from /home/vscode/.local/lib/python3.10/site-packages/airflow/example_dags/plugins/listener_plugin.py
[2025-08-14T11:26:21.189+0000] {processor.py:838} WARNING - No viable dags retrieved from /home/vscode/.local/lib/python3.10/site-packages/airflow/example_dags/plugins/listener_plugin.py
[2025-08-14T11:26:21.196+0000] {processor.py:179} INFO - Processing /home/vscode/.local/lib/python3.10/site-packages/airflow/example_dags/plugins/listener_plugin.py took 0.013 seconds
